date,hard_coal_tran_actual,oil_tran_actual,gas_tran_actual,renewables_tran_actual,biomass_tran_actual,waste_tran_actual,hard_coal_tran_fitted,oil_tran_fitted,gas_tran_fitted,renewables_tran_fitted,biomass_tran_fitted,waste_tran_fitted,hard_coal_tran_lower,oil_tran_lower,gas_tran_lower,renewables_tran_lower,biomass_tran_lower,waste_tran_lower,hard_coal_tran_upper,oil_tran_upper,gas_tran_upper,renewables_tran_upper,biomass_tran_upper,waste_tran_upper
2026-01-24 00:00:00+00:00,1754.1666,0.0,415.55442500000004,339.8633500000001,421.47114999999997,63.204585,1316.048289646145,5.810678688126567,339.8117636277949,811.1430386726045,411.5815450745686,42.245563652882204,1168.4076301812997,5.705311073660715,337.68605856473215,911.0176164469246,412.57619673859125,42.5052443578869,1168.4076301812997,5.705311073660715,337.68605856473215,911.0176164469246,412.57619673859125,42.5052443578869
2026-01-24 01:00:00+00:00,1643.116525,0.0,416.28677500000003,337.60525000000007,417.48095,63.271555000000006,1314.1441114692188,5.810678688126567,339.80919738497863,819.5170868950277,412.7301036515534,42.245563652882204,1168.4076301812997,5.705311073660715,337.68605856473215,911.0176164469246,412.57619673859125,42.5052443578869,1168.4076301812997,5.705311073660715,337.68605856473215,911.0176164469246,412.57619673859125,42.5052443578869
2026-01-24 02:00:00+00:00,1567.2285,0.0,416.306625,347.05665,417.432275,63.338525000000004,1318.788176217267,5.810678688126567,339.90471731965897,827.891135117451,413.91766127984073,42.245563652882204,1168.4076301812997,5.705311073660715,337.68605856473215,911.0176164469246,412.57619673859125,42.5052443578869,1168.4076301812997,5.705311073660715,337.68605856473215,911.0176164469246,412.57619673859125,42.5052443578869
2026-01-24 03:00:00+00:00,1567.34005,0.0,416.189825,331.36957499999994,420.48650000000004,61.726275,1321.0495134296393,5.810678688126567,339.93408607965284,836.2651833398742,414.8841328846726,42.245563652882204,1168.4076301812997,5.705311073660715,337.68605856473215,911.0176164469246,412.57619673859125,42.5052443578869,1168.4076301812997,5.705311073660715,337.68605856473215,911.0176164469246,412.57619673859125,42.5052443578869
2026-01-24 04:00:00+00:00,1569.6422,0.0,416.05809999999997,329.3012,432.498975,59.854150000000004,1321.9695423402513,5.810678688126567,339.81718114366896,844.6392315622975,415.4086365051371,42.245563652882204,1168.4076301812997,5.705311073660715,337.68605856473215,911.0176164469246,412.57619673859125,42.5052443578869,1168.4076301812997,5.705311073660715,337.68605856473215,911.0176164469246,412.57619673859125,42.5052443578869
2026-01-24 05:00:00+00:00,1611.4128,0.0,416.01675,342.87559999999996,457.71865,58.298125,1333.2760149691671,5.810678688126567,339.76100988553225,853.0132797847208,416.5817710233941,42.245563652882204,1168.4076301812997,5.705311073660715,337.68605856473215,911.0176164469246,412.57619673859125,42.5052443578869,1168.4076301812997,5.705311073660715,337.68605856473215,911.0176164469246,412.57619673859125,42.5052443578869
2026-01-24 06:00:00+00:00,1611.14005,0.0,415.27305,335.47872500000005,487.2389,57.049275,1355.0037915263206,5.810678688126567,339.8650836325881,861.387328007144,418.3397123663056,42.245563652882204,1168.4076301812997,5.705311073660715,337.68605856473215,911.0176164469246,412.57619673859125,42.5052443578869,1168.4076301812997,5.705311073660715,337.68605856473215,911.0176164469246,412.57619673859125,42.5052443578869
2026-01-24 07:00:00+00:00,1717.45245,0.0,415.88374999999996,491.28937499999995,511.7744,56.859925000000004,1377.7040858763723,5.810678688126567,339.8953074629128,869.7613762295673,419.776048307007,42.245563652882204,1168.4076301812997,5.705311073660715,337.68605856473215,911.0176164469246,412.57619673859125,42.5052443578869,1168.4076301812997,5.705311073660715,337.68605856473215,911.0176164469246,412.57619673859125,42.5052443578869
2026-01-24 08:00:00+00:00,1788.5552,0.0,415.29425000000003,694.3797500000001,506.462425,59.142925,1376.1837207328679,5.810678688126567,339.84198748395227,878.1354244519905,420.3008049943614,42.245563652882204,1168.4076301812997,5.705311073660715,337.68605856473215,911.0176164469246,412.57619673859125,42.5052443578869,1168.4076301812997,5.705311073660715,337.68605856473215,911.0176164469246,412.57619673859125,42.5052443578869
2026-01-24 09:00:00+00:00,1649.809275,0.0,414.949975,563.4586999999999,487.04645,61.52185,1344.3814725428908,5.810678688126567,339.658076253155,886.5094726744138,419.4770219883454,42.245563652882204,1168.4076301812997,5.705311073660715,337.68605856473215,911.0176164469246,412.57619673859125,42.5052443578869,1168.4076301812997,5.705311073660715,337.68605856473215,911.0176164469246,412.57619673859125,42.5052443578869
2026-01-24 10:00:00+00:00,1636.36515,0.0,415.099875,462.43635,463.485225,61.386425,1306.0507314529764,5.810678688126567,339.444796290916,894.8835208968371,418.26055072717554,42.245563652882204,1168.4076301812997,5.705311073660715,337.68605856473215,911.0176164469246,412.57619673859125,42.5052443578869,1168.4076301812997,5.705311073660715,337.68605856473215,911.0176164469246,412.57619673859125,42.5052443578869
2026-01-24 11:00:00+00:00,1500.422275,0.0,415.180525,405.05049999999994,450.278825,63.30375,1270.3938778258703,5.810678688126567,339.29795253479483,903.2575691192603,417.55430991101105,42.245563652882204,1168.4076301812997,5.705311073660715,337.68605856473215,911.0176164469246,412.57619673859125,42.5052443578869,1168.4076301812997,5.705311073660715,337.68605856473215,911.0176164469246,412.57619673859125,42.5052443578869
2026-01-24 12:00:00+00:00,1614.9857,0.0,414.37375000000003,368.4993999999999,448.85609999999997,62.97535,1256.7101086567097,5.810678688126567,339.20157749783255,911.6316173416836,418.0282271220656,42.245563652882204,1168.4076301812997,5.705311073660715,337.68605856473215,911.0176164469246,412.57619673859125,42.5052443578869,1168.4076301812997,5.705311073660715,337.68605856473215,911.0176164469246,412.57619673859125,42.5052443578869
2026-01-24 13:00:00+00:00,1688.9980500000001,0.0,414.22855000000004,337.56072500000005,449.497025,62.646950000000004,1272.1917412343191,5.810678688126567,339.07070126555016,920.005665564107,419.1381880691593,42.245563652882204,1168.4076301812997,5.705311073660715,337.68605856473215,911.0176164469246,412.57619673859125,42.5052443578869,1168.4076301812997,5.705311073660715,337.68605856473215,911.0176164469246,412.57619673859125,42.5052443578869
2026-01-24 14:00:00+00:00,1647.4391249999999,0.0,414.139525,458.683425,458.2247,62.31855,1312.548621495997,5.810678688126567,339.04675000851404,928.3797137865301,421.4138841692261,42.245563652882204,1168.4076301812997,5.705311073660715,337.68605856473215,911.0176164469246,412.57619673859125,42.5052443578869,1168.4076301812997,5.705311073660715,337.68605856473215,911.0176164469246,412.57619673859125,42.5052443578869
2026-01-24 15:00:00+00:00,1563.6846249999999,0.0,414.84825,628.9095000000001,474.846175,61.99015,1355.7847442651828,5.810678688126567,339.20699502662296,936.7537620089535,423.9982213386721,42.245563652882204,1168.4076301812997,5.705311073660715,337.68605856473215,911.0176164469246,412.57619673859125,42.5052443578869,1168.4076301812997,5.705311073660715,337.68605856473215,911.0176164469246,412.57619673859125,42.5052443578869
2026-01-24 16:00:00+00:00,1656.78125,0.0,414.623075,1200.594175,494.79095,62.6785,1393.6719248510342,5.810678688126567,339.54772991218255,945.1278102313768,427.50390773190543,42.245563652882204,1168.4076301812997,5.705311073660715,337.68605856473215,911.0176164469246,412.57619673859125,42.5052443578869,1168.4076301812997,5.705311073660715,337.68605856473215,911.0176164469246,412.57619673859125,42.5052443578869
2026-01-24 17:00:00+00:00,1677.849125,5.38395,414.690225,1158.5968750000002,503.1082,62.832225,1403.1606274975263,5.810678688126567,339.6455310601808,953.5018584538,429.29529323716343,42.245563652882204,1168.4076301812997,5.705311073660715,337.68605856473215,911.0176164469246,412.57619673859125,42.5052443578869,1168.4076301812997,5.705311073660715,337.68605856473215,911.0176164469246,412.57619673859125,42.5052443578869
2026-01-24 18:00:00+00:00,1678.216825,169.004075,414.78815,757.8638,494.9019,62.5517,1393.7088664747546,5.810678688126567,339.8029247987737,961.8759066762233,430.53952991176004,42.245563652882204,1168.4076301812997,5.705311073660715,337.68605856473215,911.0176164469246,412.57619673859125,42.5052443578869,1168.4076301812997,5.705311073660715,337.68605856473215,911.0176164469246,412.57619673859125,42.5052443578869
2026-01-24 19:00:00+00:00,1673.408575,169.2167,414.8508,390.6074000000001,477.29045,63.585925,1370.4751905368669,5.810678688126567,339.86280241933383,970.2499548986465,431.18232704313186,42.245563652882204,1168.4076301812997,5.705311073660715,337.68605856473215,911.0176164469246,412.57619673859125,42.5052443578869,1168.4076301812997,5.705311073660715,337.68605856473215,911.0176164469246,412.57619673859125,42.5052443578869
2026-01-24 20:00:00+00:00,1671.20595,6.02585,415.06045,390.506,463.7427,61.147,1360.6142276172902,5.810678688126567,339.96288478052264,978.6240031210698,432.23102095926055,42.245563652882204,1168.4076301812997,5.705311073660715,337.68605856473215,911.0176164469246,412.57619673859125,42.5052443578869,1168.4076301812997,5.705311073660715,337.68605856473215,911.0176164469246,412.57619673859125,42.5052443578869
2026-01-24 21:00:00+00:00,1656.9578,0.0,414.994475,378.83822499999997,454.199475,61.533249999999995,1351.4756082949657,5.810678688126567,340.0025184614752,986.9980513434931,433.12830249936957,42.245563652882204,1168.4076301812997,5.705311073660715,337.68605856473215,911.0176164469246,412.57619673859125,42.5052443578869,1168.4076301812997,5.705311073660715,337.68605856473215,911.0176164469246,412.57619673859125,42.5052443578869
2026-01-24 22:00:00+00:00,1507.2785,0.0,416.057675,338.3272750000001,441.58385,60.9354,1328.5844378724598,5.810678688126567,340.01278342050335,995.3720995659163,433.56190794712404,42.245563652882204,1168.4076301812997,5.705311073660715,337.68605856473215,911.0176164469246,412.57619673859125,42.5052443578869,1168.4076301812997,5.705311073660715,337.68605856473215,911.0176164469246,412.57619673859125,42.5052443578869
2026-01-24 23:00:00+00:00,1475.778425,0.0,416.34614999999997,329.837525,431.071425,58.545325,1312.9817890724087,5.810678688126567,340.0658184079713,1003.7461477883396,434.12934544870654,42.245563652882204,1168.4076301812997,5.705311073660715,337.68605856473215,911.0176164469246,412.57619673859125,42.5052443578869,1168.4076301812997,5.705311073660715,337.68605856473215,911.0176164469246,412.57619673859125,42.5052443578869
2026-01-25 00:00:00+00:00,1452.84505,0.0,417.39412500000003,323.78767500000004,426.286675,57.48715,1304.5601667993803,5.810678688126567,340.12541099217145,811.1430386726045,412.1442311635438,42.245563652882204,1168.4076301812997,5.705311073660715,337.68605856473215,911.0176164469246,412.57619673859125,42.5052443578869,1168.4076301812997,5.705311073660715,337.68605856473215,911.0176164469246,412.57619673859125,42.5052443578869
2026-01-25 01:00:00+00:00,1440.207475,0.0,445.6629,321.30217500000003,428.16925,48.895025,1292.5321996643906,5.810678688126567,340.05783464248304,819.5170868950277,412.6015990540139,42.245563652882204,1168.4076301812997,5.705311073660715,337.68605856473215,911.0176164469246,412.57619673859125,42.5052443578869,1168.4076301812997,5.705311073660715,337.68605856473215,911.0176164469246,412.57619673859125,42.5052443578869
2026-01-25 02:00:00+00:00,1433.0688,0.0,445.9001,324.001175,429.6605,53.494325,1292.2881687295442,5.810678688126567,340.0207671859916,827.891135117451,413.42630786925764,42.245563652882204,1168.4076301812997,5.705311073660715,337.68605856473215,911.0176164469246,412.57619673859125,42.5052443578869,1168.4076301812997,5.705311073660715,337.68605856473215,911.0176164469246,412.57619673859125,42.5052443578869
2026-01-25 03:00:00+00:00,1435.296525,0.0,445.819475,320.674975,427.279875,58.1589,1297.2545680814335,5.810678688126567,340.03930091423734,836.2651833398742,414.4703253346756,42.245563652882204,1168.4076301812997,5.705311073660715,337.68605856473215,911.0176164469246,412.57619673859125,42.5052443578869,1168.4076301812997,5.705311073660715,337.68605856473215,911.0176164469246,412.57619673859125,42.5052443578869
2026-01-25 04:00:00+00:00,1442.465875,0.0,445.8227,324.9823,434.0054,63.65865,1294.1132350126825,5.810678688126567,339.9936796453704,844.6392315622975,415.2358762118827,42.245563652882204,1168.4076301812997,5.705311073660715,337.68605856473215,911.0176164469246,412.57619673859125,42.5052443578869,1168.4076301812997,5.705311073660715,337.68605856473215,911.0176164469246,412.57619673859125,42.5052443578869
2026-01-25 05:00:00+00:00,1440.32565,0.0,445.72702499999997,336.6557,451.71895,63.2723,1298.691464285548,5.810678688126567,339.9640258680513,853.0132797847208,416.16775029255206,42.245563652882204,1168.4076301812997,5.705311073660715,337.68605856473215,911.0176164469246,412.57619673859125,42.5052443578869,1168.4076301812997,5.705311073660715,337.68605856473215,911.0176164469246,412.57619673859125,42.5052443578869
2026-01-25 06:00:00+00:00,1471.432675,0.0,435.827675,354.33277499999997,476.1647,61.7725,1309.5089414518138,5.810678688126567,339.969443371009,861.387328007144,417.5012260560486,42.245563652882204,1168.4076301812997,5.705311073660715,337.68605856473215,911.0176164469246,412.57619673859125,42.5052443578869,1168.4076301812997,5.705311073660715,337.68605856473215,911.0176164469246,412.57619673859125,42.5052443578869
2026-01-25 07:00:00+00:00,1462.190275,0.0,436.62295,338.34725000000003,497.603925,60.537475,1330.1363717864685,5.810678688126567,339.9506245996053,869.7613762295673,418.8147852405901,42.245563652882204,1168.4076301812997,5.705311073660715,337.68605856473215,911.0176164469246,412.57619673859125,42.5052443578869,1168.4076301812997,5.705311073660715,337.68605856473215,911.0176164469246,412.57619673859125,42.5052443578869
2026-01-25 08:00:00+00:00,1469.0645,0.0,432.11467500000003,346.8355,496.12865,61.70625,1348.5706654661653,5.810678688126567,339.87306834628345,878.1354244519905,419.7646617976285,42.245563652882204,1168.4076301812997,5.705311073660715,337.68605856473215,911.0176164469246,412.57619673859125,42.5052443578869,1168.4076301812997,5.705311073660715,337.68605856473215,911.0176164469246,412.57619673859125,42.5052443578869
2026-01-25 09:00:00+00:00,1473.527975,0.0,429.327375,328.65305,479.321,60.707875,1350.9844456612384,5.810678688126567,339.7456134149114,886.5094726744138,420.0988156475276,42.245563652882204,1168.4076301812997,5.705311073660715,337.68605856473215,911.0176164469246,412.57619673859125,42.5052443578869,1168.4076301812997,5.705311073660715,337.68605856473215,911.0176164469246,412.57619673859125,42.5052443578869
2026-01-25 10:00:00+00:00,1477.9355249999999,0.0,427.9493,372.969475,458.430375,62.567350000000005,1345.3642134272782,5.810678688126567,339.59135597772746,894.8835208968371,420.3928772679512,42.245563652882204,1168.4076301812997,5.705311073660715,337.68605856473215,911.0176164469246,412.57619673859125,42.5052443578869,1168.4076301812997,5.705311073660715,337.68605856473215,911.0176164469246,412.57619673859125,42.5052443578869
2026-01-25 11:00:00+00:00,1477.70545,0.0,427.45895,503.806625,454.8807,63.727925,1334.6692739701825,5.810678688126567,339.40231228460254,903.2575691192603,420.5781805045375,42.245563652882204,1168.4076301812997,5.705311073660715,337.68605856473215,911.0176164469246,412.57619673859125,42.5052443578869,1168.4076301812997,5.705311073660715,337.68605856473215,911.0176164469246,412.57619673859125,42.5052443578869
2026-01-25 12:00:00+00:00,1464.8402,0.0,428.142275,400.4312749999999,451.84159999999997,62.592775,1331.2541170359934,5.810678688126567,339.48728223604627,911.6316173416836,421.66141137476245,42.245563652882204,1168.4076301812997,5.705311073660715,337.68605856473215,911.0176164469246,412.57619673859125,42.5052443578869,1168.4076301812997,5.705311073660715,337.68605856473215,911.0176164469246,412.57619673859125,42.5052443578869
2026-01-25 13:00:00+00:00,1466.2904250000001,0.0,428.097875,439.16187500000007,463.06487500000003,60.766925,1334.9327301503652,5.810678688126567,339.4767322482635,920.005665564107,422.61691683482013,42.245563652882204,1168.4076301812997,5.705311073660715,337.68605856473215,911.0176164469246,412.57619673859125,42.5052443578869,1168.4076301812997,5.705311073660715,337.68605856473215,911.0176164469246,412.57619673859125,42.5052443578869
2026-01-25 14:00:00+00:00,1481.40975,0.0,428.08005,482.1093,483.39572499999997,60.62775,1354.559250898289,5.810678688126567,339.4824347822702,928.3797137865301,424.2907263870752,42.245563652882204,1168.4076301812997,5.705311073660715,337.68605856473215,911.0176164469246,412.57619673859125,42.5052443578869,1168.4076301812997,5.705311073660715,337.68605856473215,911.0176164469246,412.57619673859125,42.5052443578869
2026-01-25 15:00:00+00:00,1568.41955,0.0,427.97505,698.831275,500.905475,57.0792,1374.1442485858363,5.810678688126567,339.5200723106742,936.7537620089535,426.0316955342721,42.245563652882204,1168.4076301812997,5.705311073660715,337.68605856473215,911.0176164469246,412.57619673859125,42.5052443578869,1168.4076301812997,5.705311073660715,337.68605856473215,911.0176164469246,412.57619673859125,42.5052443578869
2026-01-25 16:00:00+00:00,1642.2581,0.0,440.48017500000003,1330.770125,519.605775,59.789675,1406.6863491360336,5.810678688126567,339.65608104911075,945.1278102313768,428.25800772619124,42.245563652882204,1168.4076301812997,5.705311073660715,337.68605856473215,911.0176164469246,412.57619673859125,42.5052443578869,1168.4076301812997,5.705311073660715,337.68605856473215,911.0176164469246,412.57619673859125,42.5052443578869
2026-01-25 17:00:00+00:00,1654.02935,0.0,444.48632499999997,1326.6184,519.398225,61.414500000000004,1417.7765886335853,5.810678688126567,339.7170997507414,953.5018584538,429.67048086159815,42.245563652882204,1168.4076301812997,5.705311073660715,337.68605856473215,911.0176164469246,412.57619673859125,42.5052443578869,1168.4076301812997,5.705311073660715,337.68605856473215,911.0176164469246,412.57619673859125,42.5052443578869
2026-01-25 18:00:00+00:00,1658.2533,0.0,444.405425,1233.6456,506.607525,62.18285,1410.6353063200932,5.810678688126567,339.7869573004279,961.8759066762233,430.4932109141548,42.245563652882204,1168.4076301812997,5.705311073660715,337.68605856473215,911.0176164469246,412.57619673859125,42.5052443578869,1168.4076301812997,5.705311073660715,337.68605856473215,911.0176164469246,412.57619673859125,42.5052443578869
2026-01-25 19:00:00+00:00,1615.184425,0.0,444.56395000000003,725.20455,501.6697,62.62795,1397.4823821712962,5.810678688126567,339.79779231925966,970.2499548986465,431.2203605617791,42.245563652882204,1168.4076301812997,5.705311073660715,337.68605856473215,911.0176164469246,412.57619673859125,42.5052443578869,1168.4076301812997,5.705311073660715,337.68605856473215,911.0176164469246,412.57619673859125,42.5052443578869
2026-01-25 20:00:00+00:00,1626.85495,0.0,436.44505000000004,483.0497,489.3396,63.665325,1389.2659927208126,5.810678688126567,339.78439106373,978.6240031210698,432.1048804491654,42.245563652882204,1168.4076301812997,5.705311073660715,337.68605856473215,911.0176164469246,412.57619673859125,42.5052443578869,1168.4076301812997,5.705311073660715,337.68605856473215,911.0176164469246,412.57619673859125,42.5052443578869
2026-01-25 21:00:00+00:00,1647.91795,0.0,437.83495,1069.810425,473.0949,63.559371875000004,1377.8520998177828,5.810678688126567,339.7869573004279,986.9980513434931,432.8709463996017,42.245563652882204,1168.4076301812997,5.705311073660715,337.68605856473215,911.0176164469246,412.57619673859125,42.5052443578869,1168.4076301812997,5.705311073660715,337.68605856473215,911.0176164469246,412.57619673859125,42.5052443578869
2026-01-25 22:00:00+00:00,1650.1558,0.0,444.463325,742.235775,459.26165,63.453418750000004,1356.6777525461855,5.810678688126567,339.77640731795606,995.3720995659163,433.22447309270547,42.245563652882204,1168.4076301812997,5.705311073660715,337.68605856473215,911.0176164469246,412.57619673859125,42.5052443578869,1168.4076301812997,5.705311073660715,337.68605856473215,911.0176164469246,412.57619673859125,42.5052443578869
2026-01-25 23:00:00+00:00,1634.0832,0.0,439.31960000000004,514.6003000000001,443.67562499999997,63.347465625000005,1339.6209986080848,5.810678688126567,339.8006435855195,1003.7461477883396,433.7014462769569,42.245563652882204,1168.4076301812997,5.705311073660715,337.68605856473215,911.0176164469246,412.57619673859125,42.5052443578869,1168.4076301812997,5.705311073660715,337.68605856473215,911.0176164469246,412.57619673859125,42.5052443578869
2026-01-26 00:00:00+00:00,1624.97125,0.0,431.157825,509.3581999999999,435.03625,63.2415125,1323.785140513857,5.810678688126567,339.79807734270327,811.1430386726045,411.1702934671672,42.245563652882204,1168.4076301812997,5.705311073660715,337.68605856473215,911.0176164469246,412.57619673859125,42.5052443578869,1168.4076301812997,5.705311073660715,337.68605856473215,911.0176164469246,412.57619673859125,42.5052443578869
2026-01-26 01:00:00+00:00,1660.4774750000001,0.0,431.803275,334.3133,432.088175,63.135559375,1312.8262237305494,5.810678688126567,339.80634612483715,819.5170868950277,411.91039561615526,42.245563652882204,1168.4076301812997,5.705311073660715,337.68605856473215,911.0176164469246,412.57619673859125,42.5052443578869,1168.4076301812997,5.705311073660715,337.68605856473215,911.0176164469246,412.57619673859125,42.5052443578869
2026-01-26 02:00:00+00:00,1807.02425,0.0,432.7085,357.58912499999997,430.205225,63.02960625,1304.1756009535488,5.810678688126567,339.8197473803668,827.891135117451,412.7385795442711,42.245563652882204,1168.4076301812997,5.705311073660715,337.68605856473215,911.0176164469246,412.57619673859125,42.5052443578869,1168.4076301812997,5.705311073660715,337.68605856473215,911.0176164469246,412.57619673859125,42.5052443578869
2026-01-26 03:00:00+00:00,1732.81745,0.0,433.82347500000003,325.799525,430.0977,62.923653125,1312.1151164624107,5.810678688126567,339.7955111060054,836.2651833398742,413.842738251992,42.245563652882204,1168.4076301812997,5.705311073660715,337.68605856473215,911.0176164469246,412.57619673859125,42.5052443578869,1168.4076301812997,5.705311073660715,337.68605856473215,911.0176164469246,412.57619673859125,42.5052443578869
2026-01-26 04:00:00+00:00,1963.5153500000001,93.21135000000001,443.6078,343.88300000000004,440.3183,62.8177,1346.8104634851818,5.810678688126567,339.76357612223006,844.6392315622975,415.42544486922594,42.245563652882204,1168.4076301812997,5.705311073660715,337.68605856473215,911.0176164469246,412.57619673859125,42.5052443578869,1168.4076301812997,5.705311073660715,337.68605856473215,911.0176164469246,412.57619673859125,42.5052443578869
2026-01-26 05:00:00+00:00,2230.17675,105.64513750000002,447.019585,536.0441500000001,462.971775,60.49045,1419.7513777125253,5.810678688126567,339.672618600802,853.0132797847208,417.99598930381353,42.245563652882204,1168.4076301812997,5.705311073660715,337.68605856473215,911.0176164469246,412.57619673859125,42.5052443578869,1168.4076301812997,5.705311073660715,337.68605856473215,911.0176164469246,412.57619673859125,42.5052443578869
2026-01-26 06:00:00+00:00,2267.715575,118.07892500000001,450.43137,963.773775,487.20905,61.560249999999996,1460.6801305245363,5.810678688126567,339.60104990471797,861.387328007144,419.9103545447125,42.245563652882204,1168.4076301812997,5.705311073660715,337.68605856473215,911.0176164469246,412.57619673859125,42.5052443578869,1168.4076301812997,5.705311073660715,337.68605856473215,911.0176164469246,412.57619673859125,42.5052443578869
2026-01-26 07:00:00+00:00,2406.1641250000002,130.51271250000002,453.843155,920.65365,502.197675,63.342,1480.8122748595322,5.810678688126567,339.47330994573855,869.7613762295673,421.1472659741573,42.245563652882204,1168.4076301812997,5.705311073660715,337.68605856473215,911.0176164469246,412.57619673859125,42.5052443578869,1168.4076301812997,5.705311073660715,337.68605856473215,911.0176164469246,412.57619673859125,42.5052443578869
2026-01-26 08:00:00+00:00,2559.35995,142.94650000000001,457.25494,1150.79125,501.329175,63.392153125,1480.0356508377045,5.810678688126567,339.41229124087886,878.1354244519905,421.79006546781784,42.245563652882204,1168.4076301812997,5.705311073660715,337.68605856473215,911.0176164469246,412.57619673859125,42.5052443578869,1168.4076301812997,5.705311073660715,337.68605856473215,911.0176164469246,412.57619673859125,42.5052443578869
2026-01-26 09:00:00+00:00,2571.949825,120.32815,460.666725,1347.960325,482.780125,63.44230625,1470.4328935042145,5.810678688126567,339.3937574997168,886.5094726744138,422.2246420042683,42.245563652882204,1168.4076301812997,5.705311073660715,337.68605856473215,911.0176164469246,412.57619673859125,42.5052443578869,1168.4076301812997,5.705311073660715,337.68605856473215,911.0176164469246,412.57619673859125,42.5052443578869
2026-01-26 10:00:00+00:00,2565.1596,120.301975,464.07851,1016.7594000000001,462.1214,63.492459374999996,1455.0568904127417,5.810678688126567,339.3544088292915,894.8835208968371,422.60540738074536,42.245563652882204,1168.4076301812997,5.705311073660715,337.68605856473215,911.0176164469246,412.57619673859125,42.5052443578869,1168.4076301812997,5.705311073660715,337.68605856473215,911.0176164469246,412.57619673859125,42.5052443578869
2026-01-26 11:00:00+00:00,2557.545925,120.281925,467.490295,1095.472575,449.66295,63.5426125,1436.6136390383947,5.810678688126567,339.26972390664497,903.2575691192603,422.56618001339945,42.245563652882204,1168.4076301812997,5.705311073660715,337.68605856473215,911.0176164469246,412.57619673859125,42.5052443578869,1168.4076301812997,5.705311073660715,337.68605856473215,911.0176164469246,412.57619673859125,42.5052443578869
2026-01-26 12:00:00+00:00,2543.6258749999997,120.22347500000001,470.90208,1132.363675,442.0662,63.592765625,1417.3327657220195,5.810678688126567,339.08353149335477,911.6316173416836,422.44727001643986,42.245563652882204,1168.4076301812997,5.705311073660715,337.68605856473215,911.0176164469246,412.57619673859125,42.5052443578869,1168.4076301812997,5.705311073660715,337.68605856473215,911.0176164469246,412.57619673859125,42.5052443578869
2026-01-26 13:00:00+00:00,2496.804325,119.62890000000002,474.313865,1056.3462749999999,451.061675,63.64291874999999,1398.5369141302117,5.810678688126567,338.8705365431726,920.005665564107,422.35581748588186,42.245563652882204,1168.4076301812997,5.705311073660715,337.68605856473215,911.0176164469246,412.57619673859125,42.5052443578869,1168.4076301812997,5.705311073660715,337.68605856473215,911.0176164469246,412.57619673859125,42.5052443578869
2026-01-26 14:00:00+00:00,2469.558275,119.64150000000001,477.72565000000003,1085.647075,462.06995,63.693071874999994,1403.9195209182853,5.810678688126567,338.8169315224133,928.3797137865301,423.34690774572186,42.245563652882204,1168.4076301812997,5.705311073660715,337.68605856473215,911.0176164469246,412.57619673859125,42.5052443578869,1168.4076301812997,5.705311073660715,337.68605856473215,911.0176164469246,412.57619673859125,42.5052443578869
2026-01-26 15:00:00+00:00,2443.940075,7.045575,481.137435,1055.4756750000001,494.38687500000003,63.743224999999995,1414.4945493580224,5.810678688126567,338.8619827566298,936.7537620089535,424.7363875338132,42.245563652882204,1168.4076301812997,5.705311073660715,337.68605856473215,911.0176164469246,412.57619673859125,42.5052443578869,1168.4076301812997,5.705311073660715,337.68605856473215,911.0176164469246,412.57619673859125,42.5052443578869
2026-01-26 16:00:00+00:00,2244.530775,0.0,484.54922,1546.108325,512.61385,63.82595,1435.616974511393,5.810678688126567,338.9760364073191,945.1278102313768,426.7841786232949,42.245563652882204,1168.4076301812997,5.705311073660715,337.68605856473215,911.0176164469246,412.57619673859125,42.5052443578869,1168.4076301812997,5.705311073660715,337.68605856473215,911.0176164469246,412.57619673859125,42.5052443578869
2026-01-26 17:00:00+00:00,2209.7378,0.0,487.961005,1599.23945,514.3047750000001,63.908674999999995,1446.167935291372,5.810678688126567,339.06927514845955,953.5018584538,428.2426191336527,42.245563652882204,1168.4076301812997,5.705311073660715,337.68605856473215,911.0176164469246,412.57619673859125,42.5052443578869,1168.4076301812997,5.705311073660715,337.68605856473215,911.0176164469246,412.57619673859125,42.5052443578869
2026-01-26 18:00:00+00:00,2314.943125,0.0,491.37279,1317.0755499999998,498.19725,63.9914,1437.544060038495,5.810678688126567,339.059296174678,961.8759066762233,429.100394218234,42.245563652882204,1168.4076301812997,5.705311073660715,337.68605856473215,911.0176164469246,412.57619673859125,42.5052443578869,1168.4076301812997,5.705311073660715,337.68605856473215,911.0176164469246,412.57619673859125,42.5052443578869
2026-01-26 19:00:00+00:00,2348.971175,0.0,494.784575,903.3125,481.38165,63.9908175,1423.3813540201784,5.810678688126567,339.2640223420467,970.2499548986465,429.93933950827835,42.245563652882204,1168.4076301812997,5.705311073660715,337.68605856473215,911.0176164469246,412.57619673859125,42.5052443578869,1168.4076301812997,5.705311073660715,337.68605856473215,911.0176164469246,412.57619673859125,42.5052443578869
2026-01-26 20:00:00+00:00,2371.0643999999998,0.0,435.20050000000003,781.653325,466.8817,63.990235,1404.9124917159565,5.810678688126567,339.4379536292717,978.6240031210698,430.7268171268131,42.245563652882204,1168.4076301812997,5.705311073660715,337.68605856473215,911.0176164469246,412.57619673859125,42.5052443578869,1168.4076301812997,5.705311073660715,337.68605856473215,911.0176164469246,412.57619673859125,42.5052443578869
2026-01-26 21:00:00+00:00,2398.430825,0.0,433.6551,544.5606999999999,453.319975,63.9896525,1384.3770101916741,5.810678688126567,339.31962353426144,986.9980513434931,430.87309094667455,42.245563652882204,1168.4076301812997,5.705311073660715,337.68605856473215,911.0176164469246,412.57619673859125,42.5052443578869,1168.4076301812997,5.705311073660715,337.68605856473215,911.0176164469246,412.57619673859125,42.5052443578869
2026-01-26 22:00:00+00:00,2389.497125,0.0,410.446575,454.7318250000001,436.959275,63.98907,1364.866883937842,5.810678688126567,339.2728611839842,995.3720995659163,431.29413808801246,42.245563652882204,1168.4076301812997,5.705311073660715,337.68605856473215,911.0176164469246,412.57619673859125,42.5052443578869,1168.4076301812997,5.705311073660715,337.68605856473215,911.0176164469246,412.57619673859125,42.5052443578869
2026-01-26 23:00:00+00:00,2245.89575,0.0,404.4854,453.3022250000001,427.700475,63.9884875,1352.513986933251,5.810678688126567,339.3050811980011,1003.7461477883396,432.1653834414931,42.245563652882204,1168.4076301812997,5.705311073660715,337.68605856473215,911.0176164469246,412.57619673859125,42.5052443578869,1168.4076301812997,5.705311073660715,337.68605856473215,911.0176164469246,412.57619673859125,42.5052443578869
2026-01-27 00:00:00+00:00,2276.52655,0.0,404.59094999999996,510.26005000000004,418.805775,63.987905,1342.9376175089528,5.810678688126567,339.29253503183713,811.1430386726045,409.89465652361747,42.245563652882204,1168.4076301812997,5.705311073660715,337.68605856473215,911.0176164469246,412.57619673859125,42.5052443578869,1168.4076301812997,5.705311073660715,337.68605856473215,911.0176164469246,412.57619673859125,42.5052443578869
2026-01-27 01:00:00+00:00,2363.2613,0.0,404.6083,512.0324,418.215425,63.9873225,1335.0144173992685,5.810678688126567,339.23950007020187,819.5170868950277,410.83788122331947,42.245563652882204,1168.4076301812997,5.705311073660715,337.68605856473215,911.0176164469246,412.57619673859125,42.5052443578869,1168.4076301812997,5.705311073660715,337.68605856473215,911.0176164469246,412.57619673859125,42.5052443578869
2026-01-27 02:00:00+00:00,2456.98455,17.243025,404.52575,449.130925,417.15745,63.98674,1339.0086551546735,5.810678688126567,339.25546756174975,827.891135117451,411.8746606846296,42.245563652882204,1168.4076301812997,5.705311073660715,337.68605856473215,911.0176164469246,412.57619673859125,42.5052443578869,1168.4076301812997,5.705311073660715,337.68605856473215,911.0176164469246,412.57619673859125,42.5052443578869
2026-01-27 03:00:00+00:00,2518.052675,131.6539,403.749225,522.40055,419.819625,63.9861575,1355.0157969050697,5.810678688126567,339.2879726182451,836.2651833398742,413.5103388525923,42.245563652882204,1168.4076301812997,5.705311073660715,337.68605856473215,911.0176164469246,412.57619673859125,42.5052443578869,1168.4076301812997,5.705311073660715,337.68605856473215,911.0176164469246,412.57619673859125,42.5052443578869
2026-01-27 04:00:00+00:00,2492.170275,127.320555,435.633175,628.6167,433.999,63.985575,1383.5843740145012,5.810678688126567,339.395182648886,844.6392315622975,415.75261861786487,42.245563652882204,1168.4076301812997,5.705311073660715,337.68605856473215,911.0176164469246,412.57619673859125,42.5052443578869,1168.4076301812997,5.705311073660715,337.68605856473215,911.0176164469246,412.57619673859125,42.5052443578869
2026-01-27 05:00:00+00:00,2454.593,122.98720999999999,463.2508,1631.769625,453.35497499999997,63.843087499999996,1442.4843546924753,5.810678688126567,339.39147629292074,853.0132797847208,418.5982225461351,42.245563652882204,1168.4076301812997,5.705311073660715,337.68605856473215,911.0176164469246,412.57619673859125,42.5052443578869,1168.4076301812997,5.705311073660715,337.68605856473215,911.0176164469246,412.57619673859125,42.5052443578869
2026-01-27 06:00:00+00:00,2435.547975,118.65386499999998,463.28528125,1866.5491,476.646675,63.7006,1484.1005226691943,5.810678688126567,339.30878755362664,861.387328007144,420.7504346758095,42.245563652882204,1168.4076301812997,5.705311073660715,337.68605856473215,911.0176164469246,412.57619673859125,42.5052443578869,1168.4076301812997,5.705311073660715,337.68605856473215,911.0176164469246,412.57619673859125,42.5052443578869
2026-01-27 07:00:00+00:00,2451.7304,114.32052,463.3197625,1915.903025,493.8267,63.71049642857143,1485.2567239888995,5.810678688126567,339.36239257540524,869.7613762295673,422.11505671118493,42.245563652882204,1168.4076301812997,5.705311073660715,337.68605856473215,911.0176164469246,412.57619673859125,42.5052443578869,1168.4076301812997,5.705311073660715,337.68605856473215,911.0176164469246,412.57619673859125,42.5052443578869
2026-01-27 08:00:00+00:00,2487.4627,109.987175,463.35424375,1516.5194499999998,493.0937,63.720392857142855,1442.4633075553052,5.810678688126567,339.4265475857741,878.1354244519905,421.4173117399973,42.245563652882204,1168.4076301812997,5.705311073660715,337.68605856473215,911.0176164469246,412.57619673859125,42.5052443578869,1168.4076301812997,5.705311073660715,337.68605856473215,911.0176164469246,412.57619673859125,42.5052443578869
2026-01-27 09:00:00+00:00,2683.897725,0.0,463.388725,794.371275,469.43995,63.730289285714285,1388.0700775332482,5.810678688126567,339.17819632575316,886.5094726744138,419.4710084396551,42.245563652882204,1168.4076301812997,5.705311073660715,337.68605856473215,911.0176164469246,412.57619673859125,42.5052443578869,1168.4076301812997,5.705311073660715,337.68605856473215,911.0176164469246,412.57619673859125,42.5052443578869
2026-01-27 10:00:00+00:00,2822.27695,0.0,354.9433,691.1356,457.126525,63.740185714285715,1345.5360886885644,5.810678688126567,338.919580106704,894.8835208968371,418.2928723198178,42.245563652882204,1168.4076301812997,5.705311073660715,337.68605856473215,911.0176164469246,412.57619673859125,42.5052443578869,1168.4076301812997,5.705311073660715,337.68605856473215,911.0176164469246,412.57619673859125,42.5052443578869
2026-01-27 11:00:00+00:00,2789.47635,0.0,333.87917500000003,548.733825,448.81375,63.750082142857146,1338.396342168163,5.810678688126567,338.7236928193423,903.2575691192603,418.5065983471408,42.245563652882204,1168.4076301812997,5.705311073660715,337.68605856473215,911.0176164469246,412.57619673859125,42.5052443578869,1168.4076301812997,5.705311073660715,337.68605856473215,911.0176164469246,412.57619673859125,42.5052443578869
2026-01-27 12:00:00+00:00,2770.896925,0.0,333.963175,447.3021499999999,443.96595,63.75997857142857,1335.6223080448765,5.810678688126567,338.54833537389806,911.6316173416836,419.1477458792008,42.245563652882204,1168.4076301812997,5.705311073660715,337.68605856473215,911.0176164469246,412.57619673859125,42.5052443578869,1168.4076301812997,5.705311073660715,337.68605856473215,911.0176164469246,412.57619673859125,42.5052443578869
2026-01-27 13:00:00+00:00,2853.063925,0.0,333.9078,449.6964750000001,458.04815,63.769875,1363.525534563587,5.810678688126567,338.5759929736433,920.005665564107,421.34096475317705,42.245563652882204,1168.4076301812997,5.705311073660715,337.68605856473215,911.0176164469246,412.57619673859125,42.5052443578869,1168.4076301812997,5.705311073660715,337.68605856473215,911.0176164469246,412.57619673859125,42.5052443578869
2026-01-27 14:00:00+00:00,2967.3352749999995,0.0,333.648475,452.07812500000006,480.4977,63.825525,1386.2657231747519,5.810678688126567,338.6338753791122,928.3797137865301,423.28786608170446,42.245563652882204,1168.4076301812997,5.705311073660715,337.68605856473215,911.0176164469246,412.57619673859125,42.5052443578869,1168.4076301812997,5.705311073660715,337.68605856473215,911.0176164469246,412.57619673859125,42.5052443578869
2026-01-27 15:00:00+00:00,2969.781,0.0,343.797575,530.25,502.5589,63.881175,1401.5019826463083,5.810678688126567,338.761615365879,936.7537620089535,425.2805323223435,42.245563652882204,1168.4076301812997,5.705311073660715,337.68605856473215,911.0176164469246,412.57619673859125,42.5052443578869,1168.4076301812997,5.705311073660715,337.68605856473215,911.0176164469246,412.57619673859125,42.5052443578869
2026-01-27 16:00:00+00:00,2955.958,0.0,373.834575,542.77745,518.6502499999999,63.936825,1429.4886247801232,5.810678688126567,338.8788053259861,945.1278102313768,427.39253729101796,42.245563652882204,1168.4076301812997,5.705311073660715,337.68605856473215,911.0176164469246,412.57619673859125,42.5052443578869,1168.4076301812997,5.705311073660715,337.68605856473215,911.0176164469246,412.57619673859125,42.5052443578869
2026-01-27 17:00:00+00:00,2950.08925,0.0,392.5443,680.6227250000001,513.64075,63.74590357142857,1439.3012587858411,5.810678688126567,339.03876530093703,953.5018584538,428.7048426105925,42.245563652882204,1168.4076301812997,5.705311073660715,337.68605856473215,911.0176164469246,412.57619673859125,42.5052443578869,1168.4076301812997,5.705311073660715,337.68605856473215,911.0176164469246,412.57619673859125,42.5052443578869
2026-01-27 18:00:00+00:00,2958.1253749999996,0.0,403.16657499999997,669.39255,510.88865,63.55498214285714,1434.2615704217292,5.810678688126567,339.08353149335477,961.8759066762233,429.6157597568864,42.245563652882204,1168.4076301812997,5.705311073660715,337.68605856473215,911.0176164469246,412.57619673859125,42.5052443578869,1168.4076301812997,5.705311073660715,337.68605856473215,911.0176164469246,412.57619673859125,42.5052443578869
2026-01-27 19:00:00+00:00,2960.6917250000006,0.0,404.35515,648.3174,494.1942,63.36406071428571,1416.6650584327233,5.810678688126567,339.05102642394314,970.2499548986465,429.8983084364812,42.245563652882204,1168.4076301812997,5.705311073660715,337.68605856473215,911.0176164469246,412.57619673859125,42.5052443578869,1168.4076301812997,5.705311073660715,337.68605856473215,911.0176164469246,412.57619673859125,42.5052443578869
2026-01-27 20:00:00+00:00,2958.549675,0.0,404.301625,935.90355,481.7718,63.173139285714285,1405.8536411968153,5.810678688126567,339.05615889733883,978.6240031210698,430.3880892545058,42.245563652882204,1168.4076301812997,5.705311073660715,337.68605856473215,911.0176164469246,412.57619673859125,42.5052443578869,1168.4076301812997,5.705311073660715,337.68605856473215,911.0176164469246,412.57619673859125,42.5052443578869
2026-01-27 21:00:00+00:00,2705.402925,0.0,404.50325,967.2752,465.17240000000004,62.98221785714286,1381.1895892596463,5.810678688126567,339.07497766874246,986.9980513434931,430.50880663232135,42.245563652882204,1168.4076301812997,5.705311073660715,337.68605856473215,911.0176164469246,412.57619673859125,42.5052443578869,1168.4076301812997,5.705311073660715,337.68605856473215,911.0176164469246,412.57619673859125,42.5052443578869
2026-01-27 22:00:00+00:00,2469.0018250000003,0.0,404.670825,515.415175,450.903275,62.79129642857143,1362.7278762457477,5.810678688126567,339.10691266543415,995.3720995659163,431.1045493846122,42.245563652882204,1168.4076301812997,5.705311073660715,337.68605856473215,911.0176164469246,412.57619673859125,42.5052443578869,1168.4076301812997,5.705311073660715,337.68605856473215,911.0176164469246,412.57619673859125,42.5052443578869
2026-01-27 23:00:00+00:00,2469.07985,0.0,378.37677499999995,491.55285,434.30815,62.600375,1344.8091572372289,5.810678688126567,339.1308638966376,1003.7461477883396,431.58574918361353,42.245563652882204,1168.4076301812997,5.705311073660715,337.68605856473215,911.0176164469246,412.57619673859125,42.5052443578869,1168.4076301812997,5.705311073660715,337.68605856473215,911.0176164469246,412.57619673859125,42.5052443578869
2026-01-28 00:00:00+00:00,2412.2108749999998,0.0,373.781625,509.79275,432.033375,64.04885,1334.1568542832601,5.810678688126567,339.2027176296765,811.1430386726045,409.5275013054592,42.245563652882204,1168.4076301812997,5.705311073660715,337.68605856473215,911.0176164469246,412.57619673859125,42.5052443578869,1168.4076301812997,5.705311073660715,337.68605856473215,911.0176164469246,412.57619673859125,42.5052443578869
2026-01-28 01:00:00+00:00,2418.879875,0.0,373.87260000000003,526.313625,425.592225,63.399675,1325.0042870932223,5.810678688126567,339.1841839014308,819.5170868950277,410.1966189796382,42.245563652882204,1168.4076301812997,5.705311073660715,337.68605856473215,911.0176164469246,412.57619673859125,42.5052443578869,1168.4076301812997,5.705311073660715,337.68605856473215,911.0176164469246,412.57619673859125,42.5052443578869
2026-01-28 02:00:00+00:00,2664.362925,0.0,373.787325,425.830975,426.96565,62.7505,1326.7362069555627,5.810678688126567,339.1973001267188,827.891135117451,411.17145446149334,42.245563652882204,1168.4076301812997,5.705311073660715,337.68605856473215,911.0176164469246,412.57619673859125,42.5052443578869,1168.4076301812997,5.705311073660715,337.68605856473215,911.0176164469246,412.57619673859125,42.5052443578869
2026-01-28 03:00:00+00:00,3003.0143,0.0,373.466625,416.0155250000001,432.8497,62.101325,1339.5700327119305,5.810678688126567,339.21840009234194,836.2651833398742,412.5427516060087,42.245563652882204,1168.4076301812997,5.705311073660715,337.68605856473215,911.0176164469246,412.57619673859125,42.5052443578869,1168.4076301812997,5.705311073660715,337.68605856473215,911.0176164469246,412.57619673859125,42.5052443578869
2026-01-28 04:00:00+00:00,3314.03995,0.0,373.514775,449.6928500000001,441.15635,61.45215,1363.8415480287686,5.810678688126567,339.23721886306606,844.6392315622975,414.30728365292396,42.245563652882204,1168.4076301812997,5.705311073660715,337.68605856473215,911.0176164469246,412.57619673859125,42.5052443578869,1168.4076301812997,5.705311073660715,337.68605856473215,911.0176164469246,412.57619673859125,42.5052443578869
2026-01-28 05:00:00+00:00,3640.772175,0.0,407.73035000000004,628.3970999999999,456.172225,62.500225,1427.9182177109685,5.810678688126567,339.19131253880437,853.0132797847208,417.14933044423987,42.245563652882204,1168.4076301812997,5.705311073660715,337.68605856473215,911.0176164469246,412.57619673859125,42.5052443578869,1168.4076301812997,5.705311073660715,337.68605856473215,911.0176164469246,412.57619673859125,42.5052443578869
2026-01-28 06:00:00+00:00,3827.162975,0.0,451.900275,1026.273075,482.70844999999997,62.321075,1470.5354792981586,5.810678688126567,339.0892349815591,861.387328007144,419.13400434983026,42.245563652882204,1168.4076301812997,5.705311073660715,337.68605856473215,911.0176164469246,412.57619673859125,42.5052443578869,1168.4076301812997,5.705311073660715,337.68605856473215,911.0176164469246,412.57619673859125,42.5052443578869
2026-01-28 07:00:00+00:00,3817.393375,0.0,452.898725,1579.7175750000001,498.472625,62.241575,1482.842626621449,5.810678688126567,339.1428400159143,869.7613762295673,420.4918469376731,42.245563652882204,1168.4076301812997,5.705311073660715,337.68605856473215,911.0176164469246,412.57619673859125,42.5052443578869,1168.4076301812997,5.705311073660715,337.68605856473215,911.0176164469246,412.57619673859125,42.5052443578869
2026-01-28 08:00:00+00:00,3751.289975,0.0,438.20145,1630.1837249999999,497.34595,57.973425,1470.9702794632094,5.810678688126567,339.16422499818316,878.1354244519905,420.9662260231543,42.245563652882204,1168.4076301812997,5.705311073660715,337.68605856473215,911.0176164469246,412.57619673859125,42.5052443578869,1168.4076301812997,5.705311073660715,337.68605856473215,911.0176164469246,412.57619673859125,42.5052443578869
2026-01-28 09:00:00+00:00,3778.059075,0.0,388.105475,1352.060125,484.314375,63.629025,1448.7232854798108,5.810678688126567,339.10548751626493,886.5094726744138,421.02310037,42.245563652882204,1168.4076301812997,5.705311073660715,337.68605856473215,911.0176164469246,412.57619673859125,42.5052443578869,1168.4076301812997,5.705311073660715,337.68605856473215,911.0176164469246,412.57619673859125,42.5052443578869
2026-01-28 10:00:00+00:00,3811.315725,0.0,373.0353,901.2332250000001,467.854075,63.123662499999995,1436.02959848319,5.810678688126567,339.0761187685079,894.8835208968371,421.420560935923,42.245563652882204,1168.4076301812997,5.705311073660715,337.68605856473215,911.0176164469246,412.57619673859125,42.5052443578869,1168.4076301812997,5.705311073660715,337.68605856473215,911.0176164469246,412.57619673859125,42.5052443578869
2026-01-28 11:00:00+00:00,3771.726375,0.0,372.86615,1372.0847250000002,457.59612500000003,62.6183,1448.0263623291903,5.810678688126567,339.0441837718162,903.2575691192603,422.5428883024675,42.245563652882204,1168.4076301812997,5.705311073660715,337.68605856473215,911.0176164469246,412.57619673859125,42.5052443578869,1168.4076301812997,5.705311073660715,337.68605856473215,911.0176164469246,412.57619673859125,42.5052443578869
2026-01-28 12:00:00+00:00,3763.506975,0.0,372.847575,1336.7306749999998,453.789875,63.63885,1455.6678250714006,5.810678688126567,339.01224877512453,911.6316173416836,423.7494077368034,42.245563652882204,1168.4076301812997,5.705311073660715,337.68605856473215,911.0176164469246,412.57619673859125,42.5052443578869,1168.4076301812997,5.705311073660715,337.68605856473215,911.0176164469246,412.57619673859125,42.5052443578869
2026-01-28 13:00:00+00:00,3841.09675,0.0,373.0539,1301.1495,461.39895,61.871825,1463.4155631114513,5.810678688126567,338.9594988430513,920.005665564107,424.877058476882,42.245563652882204,1168.4076301812997,5.705311073660715,337.68605856473215,911.0176164469246,412.57619673859125,42.5052443578869,1168.4076301812997,5.705311073660715,337.68605856473215,911.0176164469246,412.57619673859125,42.5052443578869
2026-01-28 14:00:00+00:00,3828.5529625,153.99285,440.45932500000004,1005.768,483.9112,60.503625,1469.6719113631611,5.810678688126567,338.946097600438,928.3797137865301,426.1593161278841,42.245563652882204,1168.4076301812997,5.705311073660715,337.68605856473215,911.0176164469246,412.57619673859125,42.5052443578869,1168.4076301812997,5.705311073660715,337.68605856473215,911.0176164469246,412.57619673859125,42.5052443578869
2026-01-28 15:00:00+00:00,3816.009175,171.28095000000002,416.985925,807.5799,508.95945,61.265675,1478.8106741965414,5.810678688126567,338.9863013541105,936.7537620089535,427.40198069062814,42.245563652882204,1168.4076301812997,5.705311073660715,337.68605856473215,911.0176164469246,412.57619673859125,42.5052443578869,1168.4076301812997,5.705311073660715,337.68605856473215,911.0176164469246,412.57619673859125,42.5052443578869
2026-01-28 16:00:00+00:00,3735.485325,171.248225,480.64175,1106.6057250000001,520.540375,59.7108,1494.5437612901626,5.810678688126567,339.07155632976264,945.1278102313768,429.2243759486939,42.245563652882204,1168.4076301812997,5.705311073660715,337.68605856473215,911.0176164469246,412.57619673859125,42.5052443578869,1168.4076301812997,5.705311073660715,337.68605856473215,911.0176164469246,412.57619673859125,42.5052443578869
2026-01-28 17:00:00+00:00,3654.961475,97.112225,464.62559999999996,1498.441875,517.7733499999999,59.571,1487.7521369891424,5.810678688126567,339.167646337163,953.5018584538,430.44174971643184,42.245563652882204,1168.4076301812997,5.705311073660715,337.68605856473215,911.0176164469246,412.57619673859125,42.5052443578869,1168.4076301812997,5.705311073660715,337.68605856473215,911.0176164469246,412.57619673859125,42.5052443578869
2026-01-28 18:00:00+00:00,3549.8563249999997,0.0,448.60945,925.1901250000001,504.77417499999996,61.9417,1474.5584545659347,5.810678688126567,339.15709636080953,961.8759066762233,430.8140473578545,42.245563652882204,1168.4076301812997,5.705311073660715,337.68605856473215,911.0176164469246,412.57619673859125,42.5052443578869,1168.4076301812997,5.705311073660715,337.68605856473215,911.0176164469246,412.57619673859125,42.5052443578869
2026-01-28 19:00:00+00:00,3545.552475,0.0,373.34695,798.2537,480.731875,63.50125,1455.8436791659133,5.810678688126567,339.1542450945497,970.2499548986465,431.2005506731681,42.245563652882204,1168.4076301812997,5.705311073660715,337.68605856473215,911.0176164469246,412.57619673859125,42.5052443578869,1168.4076301812997,5.705311073660715,337.68605856473215,911.0176164469246,412.57619673859125,42.5052443578869
2026-01-28 20:00:00+00:00,3354.786575,0.0,373.38745,417.00815,462.817425,63.495,1430.158232775285,5.810678688126567,339.1941638308969,978.6240031210698,431.6503336188058,42.245563652882204,1168.4076301812997,5.705311073660715,337.68605856473215,911.0176164469246,412.57619673859125,42.5052443578869,1168.4076301812997,5.705311073660715,337.68605856473215,911.0176164469246,412.57619673859125,42.5052443578869
2026-01-28 21:00:00+00:00,3018.044,0.0,373.71765,434.54600000000005,448.67724999999996,63.109360714285714,1397.5933747031956,5.810678688126567,339.2340825543278,986.9980513434931,431.86744712414213,42.245563652882204,1168.4076301812997,5.705311073660715,337.68605856473215,911.0176164469246,412.57619673859125,42.5052443578869,1168.4076301812997,5.705311073660715,337.68605856473215,911.0176164469246,412.57619673859125,42.5052443578869
2026-01-28 22:00:00+00:00,2901.8753,0.0,373.794525,461.0051250000001,434.140225,62.72372142857142,1368.7694480040861,5.810678688126567,339.2928200552808,995.3720995659163,432.3020377405891,42.245563652882204,1168.4076301812997,5.705311073660715,337.68605856473215,911.0176164469246,412.57619673859125,42.5052443578869,1168.4076301812997,5.705311073660715,337.68605856473215,911.0176164469246,412.57619673859125,42.5052443578869
2026-01-28 23:00:00+00:00,2682.844,0.0,374.00149999999996,470.212975,424.95665,62.33808214285714,1349.5908538729036,5.810678688126567,339.332738791628,1003.7461477883396,432.83698985352567,42.245563652882204,1168.4076301812997,5.705311073660715,337.68605856473215,911.0176164469246,412.57619673859125,42.5052443578869,1168.4076301812997,5.705311073660715,337.68605856473215,911.0176164469246,412.57619673859125,42.5052443578869
2026-01-29 00:00:00+00:00,2414.201775,0.0,373.94467499999996,449.9396499999999,421.67095,61.952442857142856,1335.082260109216,5.810678688126567,339.34813622405187,811.1430386726045,410.39434987663367,42.245563652882204,1168.4076301812997,5.705311073660715,337.68605856473215,911.0176164469246,412.57619673859125,42.5052443578869,1168.4076301812997,5.705311073660715,337.68605856473215,911.0176164469246,412.57619673859125,42.5052443578869
2026-01-29 01:00:00+00:00,2353.3161,0.0,373.807975,436.59704999999997,419.999975,61.56680357142857,1333.4217219513187,5.810678688126567,339.37237250453165,819.5170868950277,411.2327932000578,42.245563652882204,1168.4076301812997,5.705311073660715,337.68605856473215,911.0176164469246,412.57619673859125,42.5052443578869,1168.4076301812997,5.705311073660715,337.68605856473215,911.0176164469246,412.57619673859125,42.5052443578869
2026-01-29 02:00:00+00:00,2334.129225,0.0,373.85215,445.41655000000003,420.347175,61.18116428571428,1336.9718242437395,5.810678688126567,339.3803562506454,827.891135117451,412.29301719001484,42.245563652882204,1168.4076301812997,5.705311073660715,337.68605856473215,911.0176164469246,412.57619673859125,42.5052443578869,1168.4076301812997,5.705311073660715,337.68605856473215,911.0176164469246,412.57619673859125,42.5052443578869
2026-01-29 03:00:00+00:00,2407.5431,0.0,373.757175,478.0302,423.68444999999997,60.795525,1345.2477697236495,5.810678688126567,339.3909062395753,836.2651833398742,413.55705168672966,42.245563652882204,1168.4076301812997,5.705311073660715,337.68605856473215,911.0176164469246,412.57619673859125,42.5052443578869,1168.4076301812997,5.705311073660715,337.68605856473215,911.0176164469246,412.57619673859125,42.5052443578869
2026-01-29 04:00:00+00:00,2729.338125,0.0,370.18235,481.74597499999993,434.57214999999997,60.1514,1378.4773277511142,5.810678688126567,339.42284122674965,844.6392315622975,415.3895436982563,42.245563652882204,1168.4076301812997,5.705311073660715,337.68605856473215,911.0176164469246,412.57619673859125,42.5052443578869,1168.4076301812997,5.705311073660715,337.68605856473215,911.0176164469246,412.57619673859125,42.5052443578869
2026-01-29 05:00:00+00:00,3256.99395,0.0,379.949275,685.5581249999999,454.28857500000004,56.076825,1446.1446177466185,5.810678688126567,339.4544911840222,853.0132797847208,418.3159657781208,42.245563652882204,1168.4076301812997,5.705311073660715,337.68605856473215,911.0176164469246,412.57619673859125,42.5052443578869,1168.4076301812997,5.705311073660715,337.68605856473215,911.0176164469246,412.57619673859125,42.5052443578869
2026-01-29 06:00:00+00:00,3349.88385,18.33775,486.96915,1309.1903,490.62185,56.76985,1498.2985181410043,5.810678688126567,339.46760740965,861.387328007144,420.7097992479655,42.245563652882204,1168.4076301812997,5.705311073660715,337.68605856473215,911.0176164469246,412.57619673859125,42.5052443578869,1168.4076301812997,5.705311073660715,337.68605856473215,911.0176164469246,412.57619673859125,42.5052443578869
2026-01-29 07:00:00+00:00,3329.430375,171.17895,486.64795000000004,2014.861225,505.162675,53.528725,1524.0074595100623,5.810678688126567,339.48072363680734,869.7613762295673,422.4166394907533,42.245563652882204,1168.4076301812997,5.705311073660715,337.68605856473215,911.0176164469246,412.57619673859125,42.5052443578869,1168.4076301812997,5.705311073660715,337.68605856473215,911.0176164469246,412.57619673859125,42.5052443578869
2026-01-29 08:00:00+00:00,3084.437025,171.1319,486.32675,2199.3923250000003,494.84995000000004,55.11525,1526.954217749911,5.810678688126567,339.45933863057525,878.1354244519905,423.3375517049687,42.245563652882204,1168.4076301812997,5.705311073660715,337.68605856473215,911.0176164469246,412.57619673859125,42.5052443578869,1168.4076301812997,5.705311073660715,337.68605856473215,911.0176164469246,412.57619673859125,42.5052443578869
2026-01-29 09:00:00+00:00,3033.077475,171.3105,486.00555,1968.4860999999999,466.029725,56.628275,1522.7492241227428,5.810678688126567,339.43567242247565,886.5094726744138,423.972851412949,42.245563652882204,1168.4076301812997,5.705311073660715,337.68605856473215,911.0176164469246,412.57619673859125,42.5052443578869,1168.4076301812997,5.705311073660715,337.68605856473215,911.0176164469246,412.57619673859125,42.5052443578869
2026-01-29 10:00:00+00:00,3030.1998249999997,171.29942499999999,485.68435,1955.239925,449.80645000000004,59.2006,1517.1455225107507,5.810678688126567,339.3960387190894,894.8835208968371,424.4450318648758,42.245563652882204,1168.4076301812997,5.705311073660715,337.68605856473215,911.0176164469246,412.57619673859125,42.5052443578869,1168.4076301812997,5.705311073660715,337.68605856473215,911.0176164469246,412.57619673859125,42.5052443578869
2026-01-29 11:00:00+00:00,3027.6908000000003,47.904675,485.36315,1458.5590250000002,433.2259,55.7659,1510.0588305262565,5.810678688126567,339.39347247627313,903.2575691192603,424.9198057573869,42.245563652882204,1168.4076301812997,5.705311073660715,337.68605856473215,911.0176164469246,412.57619673859125,42.5052443578869,1168.4076301812997,5.705311073660715,337.68605856473215,911.0176164469246,412.57619673859125,42.5052443578869
2026-01-29 12:00:00+00:00,3032.0856249999997,0.0,485.04195,1830.6150750000002,429.5462,55.402074999999996,1504.6813524145305,5.810678688126567,339.37493874122947,911.6316173416836,425.5962681462228,42.245563652882204,1168.4076301812997,5.705311073660715,337.68605856473215,911.0176164469246,412.57619673859125,42.5052443578869,1168.4076301812997,5.705311073660715,337.68605856473215,911.0176164469246,412.57619673859125,42.5052443578869
2026-01-29 13:00:00+00:00,3015.6938250000003,0.0,484.72075,2132.303875,443.858925,60.361875,1496.979494322945,5.810678688126567,339.3353050283259,920.005665564107,426.2964760707257,42.245563652882204,1168.4076301812997,5.705311073660715,337.68605856473215,911.0176164469246,412.57619673859125,42.5052443578869,1168.4076301812997,5.705311073660715,337.68605856473215,911.0176164469246,412.57619673859125,42.5052443578869
2026-01-29 14:00:00+00:00,3009.89045,0.0,484.39955,1340.6674249999999,465.5389,60.297174999999996,1496.5030814379131,5.810678688126567,339.3033700506689,928.3797137865301,427.28743111604757,42.245563652882204,1168.4076301812997,5.705311073660715,337.68605856473215,911.0176164469246,412.57619673859125,42.5052443578869,1168.4076301812997,5.705311073660715,337.68605856473215,911.0176164469246,412.57619673859125,42.5052443578869
2026-01-29 15:00:00+00:00,3024.7104499999996,0.0,484.07835,1384.36045,495.088475,62.796099999999996,1500.1131002468564,5.810678688126567,339.2982375711548,936.7537620089535,428.5298014789575,42.245563652882204,1168.4076301812997,5.705311073660715,337.68605856473215,911.0176164469246,412.57619673859125,42.5052443578869,1168.4076301812997,5.705311073660715,337.68605856473215,911.0176164469246,412.57619673859125,42.5052443578869
2026-01-29 16:00:00+00:00,2991.1548000000003,120.39785,483.75714999999997,1565.1353500000002,517.650225,59.5247,1516.8862019588587,5.810678688126567,339.3221888091562,945.1278102313768,430.252361813913,42.245563652882204,1168.4076301812997,5.705311073660715,337.68605856473215,911.0176164469246,412.57619673859125,42.5052443578869,1168.4076301812997,5.705311073660715,337.68605856473215,911.0176164469246,412.57619673859125,42.5052443578869
2026-01-29 17:00:00+00:00,3040.00555,178.2736,483.43595,1601.91505,515.42765,59.852975,1519.448336165141,5.810678688126567,339.3569750659894,953.5018584538,431.3460432975338,42.245563652882204,1168.4076301812997,5.705311073660715,337.68605856473215,911.0176164469246,412.57619673859125,42.5052443578869,1168.4076301812997,5.705311073660715,337.68605856473215,911.0176164469246,412.57619673859125,42.5052443578869
2026-01-29 18:00:00+00:00,2997.649775,112.01269999999998,483.11474999999996,1251.4178249999998,503.82169999999996,58.388525,1509.1189887638996,5.810678688126567,339.3621075455035,961.8759066762233,431.8327399048444,42.245563652882204,1168.4076301812997,5.705311073660715,337.68605856473215,911.0176164469246,412.57619673859125,42.5052443578869,1168.4076301812997,5.705311073660715,337.68605856473215,911.0176164469246,412.57619673859125,42.5052443578869
2026-01-29 19:00:00+00:00,2982.2701499999994,0.0,482.79355,963.4648,481.16575,59.456225,1479.7064237137022,5.810678688126567,339.3489913263338,970.2499548986465,432.0100038721603,42.245563652882204,1168.4076301812997,5.705311073660715,337.68605856473215,911.0176164469246,412.57619673859125,42.5052443578869,1168.4076301812997,5.705311073660715,337.68605856473215,911.0176164469246,412.57619673859125,42.5052443578869
2026-01-29 20:00:00+00:00,3179.42785,0.0,373.819025,1004.2880499999999,464.978125,57.792575,1452.6966908870104,5.810678688126567,339.33559006468585,978.6240031210698,432.3821343655991,42.245563652882204,1168.4076301812997,5.705311073660715,337.68605856473215,911.0176164469246,412.57619673859125,42.5052443578869,1168.4076301812997,5.705311073660715,337.68605856473215,911.0176164469246,412.57619673859125,42.5052443578869
2026-01-29 21:00:00+00:00,2813.1455,0.0,373.707275,1172.83165,446.759425,59.246175,1422.194581193895,5.810678688126567,339.3752237711313,986.9980513434931,432.8303495889909,42.245563652882204,1168.4076301812997,5.705311073660715,337.68605856473215,911.0176164469246,412.57619673859125,42.5052443578869,1168.4076301812997,5.705311073660715,337.68605856473215,911.0176164469246,412.57619673859125,42.5052443578869
2026-01-29 22:00:00+00:00,2647.050725,0.0,373.791425,814.695175,431.76935000000003,64.02555000000001,1398.1524673044075,5.810678688126567,339.53233247708187,995.3720995659163,433.56053434758013,42.245563652882204,1168.4076301812997,5.705311073660715,337.68605856473215,911.0176164469246,412.57619673859125,42.5052443578869,1168.4076301812997,5.705311073660715,337.68605856473215,911.0176164469246,412.57619673859125,42.5052443578869
2026-01-29 23:00:00+00:00,2955.26555,0.0,373.95029999999997,467.5084,421.08595,62.652074999999996,1377.2107776472092,5.810678688126567,339.5343286563979,1003.7461477883396,433.9812765434399,42.245563652882204,1168.4076301812997,5.705311073660715,337.68605856473215,911.0176164469246,412.57619673859125,42.5052443578869,1168.4076301812997,5.705311073660715,337.68605856473215,911.0176164469246,412.57619673859125,42.5052443578869
2026-01-30 00:00:00+00:00,2727.154175,0.0,373.888425,486.9496,413.518275,60.9524,1353.0352693103218,5.810678688126567,339.3692362019118,811.1430386726045,410.84150755313823,42.245563652882204,1168.4076301812997,5.705311073660715,337.68605856473215,911.0176164469246,412.57619673859125,42.5052443578869,1168.4076301812997,5.705311073660715,337.68605856473215,911.0176164469246,412.57619673859125,42.5052443578869
2026-01-30 01:00:00+00:00,2547.747,0.0,373.789425,485.846075,406.8967,60.182249999999996,1343.9046065972348,5.810678688126567,339.3641037223977,819.5170868950277,411.4920275179584,42.245563652882204,1168.4076301812997,5.705311073660715,337.68605856473215,911.0176164469246,412.57619673859125,42.5052443578869,1168.4076301812997,5.705311073660715,337.68605856473215,911.0176164469246,412.57619673859125,42.5052443578869
2026-01-30 02:00:00+00:00,2338.803925,0.0,373.621575,465.74535000000003,407.435,60.105975,1344.2725866881522,5.810678688126567,339.3535537399259,827.891135117451,412.66819850469227,42.245563652882204,1168.4076301812997,5.705311073660715,337.68605856473215,911.0176164469246,412.57619673859125,42.5052443578869,1168.4076301812997,5.705311073660715,337.68605856473215,911.0176164469246,412.57619673859125,42.5052443578869
2026-01-30 03:00:00+00:00,2356.456425,0.0,374.2067,458.89099999999996,413.71455000000003,58.604325,1354.97387440011,5.810678688126567,339.4100100279644,836.2651833398742,414.223969857354,42.245563652882204,1168.4076301812997,5.705311073660715,337.68605856473215,911.0176164469246,412.57619673859125,42.5052443578869,1168.4076301812997,5.705311073660715,337.68605856473215,911.0176164469246,412.57619673859125,42.5052443578869
2026-01-30 04:00:00+00:00,2538.651625,0.0,374.161675,502.699125,425.506925,59.72625,1383.0300819554307,5.810678688126567,339.53803501591096,844.6392315622975,416.23196760082885,42.245563652882204,1168.4076301812997,5.705311073660715,337.68605856473215,911.0176164469246,412.57619673859125,42.5052443578869,1168.4076301812997,5.705311073660715,337.68605856473215,911.0176164469246,412.57619673859125,42.5052443578869
2026-01-30 05:00:00+00:00,2676.77585,0.0,373.824475,838.475825,457.500975,57.859375,1438.2305038873683,5.810678688126567,339.61815751642536,853.0132797847208,418.8641497418817,42.245563652882204,1168.4076301812997,5.705311073660715,337.68605856473215,911.0176164469246,412.57619673859125,42.5052443578869,1168.4076301812997,5.705311073660715,337.68605856473215,911.0176164469246,412.57619673859125,42.5052443578869
2026-01-30 06:00:00+00:00,2673.947075,90.74015,464.4145,1144.40905,493.92745,56.149275,1484.0731360948696,5.810678688126567,339.618727578141,861.387328007144,421.20983921365377,42.245563652882204,1168.4076301812997,5.705311073660715,337.68605856473215,911.0176164469246,412.57619673859125,42.5052443578869,1168.4076301812997,5.705311073660715,337.68605856473215,911.0176164469246,412.57619673859125,42.5052443578869
2026-01-30 07:00:00+00:00,2668.37635,183.696525,462.92430833333333,1262.5153,508.774425,58.50565,1501.627500723353,5.810678688126567,339.671762542028,869.7613762295673,422.9087402891717,42.245563652882204,1168.4076301812997,5.705311073660715,337.68605856473215,911.0176164469246,412.57619673859125,42.5052443578869,1168.4076301812997,5.705311073660715,337.68605856473215,911.0176164469246,412.57619673859125,42.5052443578869
2026-01-30 08:00:00+00:00,2646.289925,183.41315,461.4341166666667,1768.8718749999998,502.556025,63.434225,1473.944177066752,5.810678688126567,339.5514362712707,878.1354244519905,422.65409429171854,42.245563652882204,1168.4076301812997,5.705311073660715,337.68605856473215,911.0176164469246,412.57619673859125,42.5052443578869,1168.4076301812997,5.705311073660715,337.68605856473215,911.0176164469246,412.57619673859125,42.5052443578869
2026-01-30 09:00:00+00:00,2600.882275,18.564325000000004,459.94392500000004,1488.6445499999998,479.195575,63.274071428571425,1434.3442172155412,5.810678688126567,339.3353050283259,886.5094726744138,421.81917034608273,42.245563652882204,1168.4076301812997,5.705311073660715,337.68605856473215,911.0176164469246,412.57619673859125,42.5052443578869,1168.4076301812997,5.705311073660715,337.68605856473215,911.0176164469246,412.57619673859125,42.5052443578869
2026-01-30 10:00:00+00:00,2596.9377250000002,0.0,426.191725,1106.862475,455.836775,63.11391785714286,1408.84852253502,5.810678688126567,339.2588889007296,894.8835208968371,421.5956417010656,42.245563652882204,1168.4076301812997,5.705311073660715,337.68605856473215,911.0176164469246,412.57619673859125,42.5052443578869,1168.4076301812997,5.705311073660715,337.68605856473215,911.0176164469246,412.57619673859125,42.5052443578869
2026-01-30 11:00:00+00:00,2707.4175999999998,0.0,404.251,842.5185749999999,444.6786,62.953764285714286,1391.764598215158,5.810678688126567,339.1918826237611,903.2575691192603,421.47894716769923,42.245563652882204,1168.4076301812997,5.705311073660715,337.68605856473215,911.0176164469246,412.57619673859125,42.5052443578869,1168.4076301812997,5.705311073660715,337.68605856473215,911.0176164469246,412.57619673859125,42.5052443578869
2026-01-30 12:00:00+00:00,2814.769825,0.0,404.47515,538.094325,438.360925,62.79361071428571,1393.469386426926,5.810678688126567,339.1408438261037,911.6316173416836,422.3990124262021,42.245563652882204,1168.4076301812997,5.705311073660715,337.68605856473215,911.0176164469246,412.57619673859125,42.5052443578869,1168.4076301812997,5.705311073660715,337.68605856473215,911.0176164469246,412.57619673859125,42.5052443578869
2026-01-30 13:00:00+00:00,2880.90095,0.0,404.22860000000003,478.25585000000007,442.54337499999997,62.63345714285714,1392.4042878491425,5.810678688126567,338.972615094172,920.005665564107,422.9240357172004,42.245563652882204,1168.4076301812997,5.705311073660715,337.68605856473215,911.0176164469246,412.57619673859125,42.5052443578869,1168.4076301812997,5.705311073660715,337.68605856473215,911.0176164469246,412.57619673859125,42.5052443578869
2026-01-30 14:00:00+00:00,2947.6376250000003,0.0,404.220525,859.318625,461.18147500000003,62.47330357142857,1403.9123885962965,5.810678688126567,338.84230888294417,928.3797137865301,424.108706559327,42.245563652882204,1168.4076301812997,5.705311073660715,337.68605856473215,911.0176164469246,412.57619673859125,42.5052443578869,1168.4076301812997,5.705311073660715,337.68605856473215,911.0176164469246,412.57619673859125,42.5052443578869
2026-01-30 15:00:00+00:00,2979.6351749999994,0.0,404.04635,980.1768,489.512725,62.31315,1420.8800361508245,5.810678688126567,338.8511477507144,936.7537620089535,425.74406838391377,42.245563652882204,1168.4076301812997,5.705311073660715,337.68605856473215,911.0176164469246,412.57619673859125,42.5052443578869,1168.4076301812997,5.705311073660715,337.68605856473215,911.0176164469246,412.57619673859125,42.5052443578869
2026-01-30 16:00:00+00:00,3142.534925,3.4015,404.152125,1081.4579999999999,510.016075,61.39465,1437.8548055170982,5.810678688126567,339.0701302249088,945.1278102313768,428.1944439202764,42.245563652882204,1168.4076301812997,5.705311073660715,337.68605856473215,911.0176164469246,412.57619673859125,42.5052443578869,1168.4076301812997,5.705311073660715,337.68605856473215,911.0176164469246,412.57619673859125,42.5052443578869
2026-01-30 17:00:00+00:00,3104.984325,163.908475,404.137025,1068.758675,517.5409999999999,63.45785000000001,1447.4810214474076,5.810678688126567,339.2223914904458,953.5018584538,429.5851181433169,42.245563652882204,1168.4076301812997,5.705311073660715,337.68605856473215,911.0176164469246,412.57619673859125,42.5052443578869,1168.4076301812997,5.705311073660715,337.68605856473215,911.0176164469246,412.57619673859125,42.5052443578869
2026-01-30 18:00:00+00:00,3124.42205,167.0403,404.188875,718.789575,513.548675,63.984575,1433.0054809002916,5.810678688126567,339.20100648302383,961.8759066762233,430.0938809966639,42.245563652882204,1168.4076301812997,5.705311073660715,337.68605856473215,911.0176164469246,412.57619673859125,42.5052443578869,1168.4076301812997,5.705311073660715,337.68605856473215,911.0176164469246,412.57619673859125,42.5052443578869
2026-01-30 19:00:00+00:00,3012.86985,167.11205,404.332275,495.0013,496.302475,63.185675,1407.7440009333632,5.810678688126567,339.211556471614,970.2499548986465,430.2568409253029,42.245563652882204,1168.4076301812997,5.705311073660715,337.68605856473215,911.0176164469246,412.57619673859125,42.5052443578869,1168.4076301812997,5.705311073660715,337.68605856473215,911.0176164469246,412.57619673859125,42.5052443578869
2026-01-30 20:00:00+00:00,2974.739125,167.1955,404.34862499999997,388.67994999999996,471.141525,62.386775,1379.4282776468694,5.810678688126567,339.13713650187725,978.6240031210698,430.50243960414565,42.245563652882204,1168.4076301812997,5.705311073660715,337.68605856473215,911.0176164469246,412.57619673859125,42.5052443578869,1168.4076301812997,5.705311073660715,337.68605856473215,911.0176164469246,412.57619673859125,42.5052443578869
2026-01-30 21:00:00+00:00,2957.198475,167.153775,398.262175,457.716625,454.6577,62.0311,1354.7310278417563,5.810678688126567,339.21725900481334,986.9980513434931,431.25185267020635,42.245563652882204,1168.4076301812997,5.705311073660715,337.68605856473215,911.0176164469246,412.57619673859125,42.5052443578869,1168.4076301812997,5.705311073660715,337.68605856473215,911.0176164469246,412.57619673859125,42.5052443578869
2026-01-30 22:00:00+00:00,2918.443875,167.119925,374.04245000000003,410.479025,435.605225,59.3761,1333.0334225605689,5.810678688126567,339.23009020053934,995.3720995659163,431.893946347626,42.245563652882204,1168.4076301812997,5.705311073660715,337.68605856473215,911.0176164469246,412.57619673859125,42.5052443578869,1168.4076301812997,5.705311073660715,337.68605856473215,911.0176164469246,412.57619673859125,42.5052443578869
2026-01-30 23:00:00+00:00,3099.8167,167.179975,374.01120000000003,467.198575,423.465975,61.1394,1315.226482729445,5.810678688126567,339.3954676849062,1003.7461477883396,433.0120726983618,42.245563652882204,1168.4076301812997,5.705311073660715,337.68605856473215,911.0176164469246,412.57619673859125,42.5052443578869,1168.4076301812997,5.705311073660715,337.68605856473215,911.0176164469246,412.57619673859125,42.5052443578869
2026-01-31 00:00:00+00:00,3224.746475,167.021825,374.17584999999997,396.782275,417.519975,61.234775,1296.0642313569972,5.810678688126567,339.2064239859816,811.1430386726045,409.7295959815782,42.245563652882204,1168.4076301812997,5.705311073660715,337.68605856473215,911.0176164469246,412.57619673859125,42.5052443578869,1168.4076301812997,5.705311073660715,337.68605856473215,911.0176164469246,412.57619673859125,42.5052443578869
2026-01-31 01:00:00+00:00,3318.8756000000003,14.85485,374.07055,392.26329999999996,413.2287,59.881575,1291.5195585597105,5.810678688126567,339.36011136860924,819.5170868950277,410.7188399590016,42.245563652882204,1168.4076301812997,5.705311073660715,337.68605856473215,911.0176164469246,412.57619673859125,42.5052443578869,1168.4076301812997,5.705311073660715,337.68605856473215,911.0176164469246,412.57619673859125,42.5052443578869
2026-01-31 02:00:00+00:00,3095.010875,0.0,374.0387,432.7951499999999,415.57597499999997,60.5501,1283.5839416955168,5.810678688126567,339.3008038078527,827.891135117451,411.5953380711278,42.245563652882204,1168.4076301812997,5.705311073660715,337.68605856473215,911.0176164469246,412.57619673859125,42.5052443578869,1168.4076301812997,5.705311073660715,337.68605856473215,911.0176164469246,412.57619673859125,42.5052443578869
2026-01-31 03:00:00+00:00,2871.9485250000002,0.0,374.43397500000003,385.88132500000006,420.13142500000004,58.817475,1283.0329085042526,5.810678688126567,339.31734135308574,836.2651833398742,412.5351963342304,42.245563652882204,1168.4076301812997,5.705311073660715,337.68605856473215,911.0176164469246,412.57619673859125,42.5052443578869,1168.4076301812997,5.705311073660715,337.68605856473215,911.0176164469246,412.57619673859125,42.5052443578869
2026-01-31 04:00:00+00:00,2646.249875,0.0,374.501375,388.48457499999995,434.226125,57.7131,1281.8948104554636,5.810678688126567,339.3150601588663,844.6392315622975,413.41894383923756,42.245563652882204,1168.4076301812997,5.705311073660715,337.68605856473215,911.0176164469246,412.57619673859125,42.5052443578869,1168.4076301812997,5.705311073660715,337.68605856473215,911.0176164469246,412.57619673859125,42.5052443578869
2026-01-31 05:00:00+00:00,2317.10255,0.0,374.48665,368.82742499999995,461.834,55.12215,1296.881373728554,5.810678688126567,339.34471393618537,853.0132797847208,414.8449017132779,42.245563652882204,1168.4076301812997,5.705311073660715,337.68605856473215,911.0176164469246,412.57619673859125,42.5052443578869,1168.4076301812997,5.705311073660715,337.68605856473215,911.0176164469246,412.57619673859125,42.5052443578869
2026-01-31 06:00:00+00:00,2208.4825499999997,0.0,374.3345,399.7790999999999,499.97090000000003,55.852325,1319.0512744886535,5.810678688126567,339.35469385919333,861.387328007144,416.1575565854586,42.245563652882204,1168.4076301812997,5.705311073660715,337.68605856473215,911.0176164469246,412.57619673859125,42.5052443578869,1168.4076301812997,5.705311073660715,337.68605856473215,911.0176164469246,412.57619673859125,42.5052443578869
2026-01-31 07:00:00+00:00,2534.926475,0.0,373.699075,389.3204249999999,518.8913749999999,52.333175,1335.6110200151788,5.810678688126567,339.32846141439586,869.7613762295673,417.4701600398931,42.245563652882204,1168.4076301812997,5.705311073660715,337.68605856473215,911.0176164469246,412.57619673859125,42.5052443578869,1168.4076301812997,5.705311073660715,337.68605856473215,911.0176164469246,412.57619673859125,42.5052443578869
2026-01-31 08:00:00+00:00,2801.475475,0.0,373.76869999999997,360.8429,509.00892500000003,54.115675,1341.7517936458944,5.810678688126567,339.2777076592169,878.1354244519905,417.97026480216147,42.245563652882204,1168.4076301812997,5.705311073660715,337.68605856473215,911.0176164469246,412.57619673859125,42.5052443578869,1168.4076301812997,5.705311073660715,337.68605856473215,911.0176164469246,412.57619673859125,42.5052443578869
2026-01-31 09:00:00+00:00,2668.8992749999998,0.0,373.806025,360.953625,480.6442,56.078975,1324.7521239971788,5.810678688126567,339.09094516029035,886.5094726744138,417.50990713810444,42.245563652882204,1168.4076301812997,5.705311073660715,337.68605856473215,911.0176164469246,412.57619673859125,42.5052443578869,1168.4076301812997,5.705311073660715,337.68605856473215,911.0176164469246,412.57619673859125,42.5052443578869
2026-01-31 10:00:00+00:00,2518.09985,0.0,373.879,388.27430000000004,459.44590000000005,56.581525,1300.3975884712465,5.810678688126567,338.9803128105114,894.8835208968371,416.93711679682843,42.245563652882204,1168.4076301812997,5.705311073660715,337.68605856473215,911.0176164469246,412.57619673859125,42.5052443578869,1168.4076301812997,5.705311073660715,337.68605856473215,911.0176164469246,412.57619673859125,42.5052443578869
2026-01-31 11:00:00+00:00,2423.3584250000004,0.0,374.089825,397.477975,444.83335,60.9735,1281.2189477415347,5.810678688126567,338.8822266391332,903.2575691192603,416.7289767789837,42.245563652882204,1168.4076301812997,5.705311073660715,337.68605856473215,911.0176164469246,412.57619673859125,42.5052443578869,1168.4076301812997,5.705311073660715,337.68605856473215,911.0176164469246,412.57619673859125,42.5052443578869
2026-01-31 12:00:00+00:00,2393.84715,0.0,367.3008,362.04035,432.54145,59.4442,1275.4239196967733,5.810678688126567,338.8075216656671,911.6316173416836,416.9405930604715,42.245563652882204,1168.4076301812997,5.705311073660715,337.68605856473215,911.0176164469246,412.57619673859125,42.5052443578869,1168.4076301812997,5.705311073660715,337.68605856473215,911.0176164469246,412.57619673859125,42.5052443578869
2026-01-31 13:00:00+00:00,2225.3229499999998,0.0,361.608825,361.020075,433.219725,62.181225,1282.2623599355145,5.810678688126567,338.7507803599636,920.005665564107,417.7656419334593,42.245563652882204,1168.4076301812997,5.705311073660715,337.68605856473215,911.0176164469246,412.57619673859125,42.5052443578869,1168.4076301812997,5.705311073660715,337.68605856473215,911.0176164469246,412.57619673859125,42.5052443578869
2026-01-31 14:00:00+00:00,2212.270125,0.0,361.62672499999996,491.67195,454.85990000000004,61.695425,1310.4383522124724,5.810678688126567,338.7422265475881,928.3797137865301,419.6135287960117,42.245563652882204,1168.4076301812997,5.705311073660715,337.68605856473215,911.0176164469246,412.57619673859125,42.5052443578869,1168.4076301812997,5.705311073660715,337.68605856473215,911.0176164469246,412.57619673859125,42.5052443578869
2026-01-31 15:00:00+00:00,2244.50465,0.0,361.664125,539.426575,487.785725,60.306475,1345.7218199940748,5.810678688126567,338.79298028985073,936.7537620089535,422.0482643789511,42.245563652882204,1168.4076301812997,5.705311073660715,337.68605856473215,911.0176164469246,412.57619673859125,42.5052443578869,1168.4076301812997,5.705311073660715,337.68605856473215,911.0176164469246,412.57619673859125,42.5052443578869
2026-01-31 16:00:00+00:00,2610.456125,0.0,372.756275,585.83845,511.587,59.730775,1379.3745629352575,5.810678688126567,338.8922065808361,945.1278102313768,424.7064371989095,42.245563652882204,1168.4076301812997,5.705311073660715,337.68605856473215,911.0176164469246,412.57619673859125,42.5052443578869,1168.4076301812997,5.705311073660715,337.68605856473215,911.0176164469246,412.57619673859125,42.5052443578869
2026-01-31 17:00:00+00:00,2689.820275,0.0,373.684025,578.2029,511.006125,64.23067499999999,1389.8145124843043,5.810678688126567,339.00683031648214,953.5018584538,426.44997520011833,42.245563652882204,1168.4076301812997,5.705311073660715,337.68605856473215,911.0176164469246,412.57619673859125,42.5052443578869,1168.4076301812997,5.705311073660715,337.68605856473215,911.0176164469246,412.57619673859125,42.5052443578869
2026-01-31 18:00:00+00:00,2701.91895,0.0,373.74694999999997,418.062975,497.563225,63.89391666666666,1381.520533442657,5.810678688126567,338.9931440062374,961.8759066762233,427.2492185646184,42.245563652882204,1168.4076301812997,5.705311073660715,337.68605856473215,911.0176164469246,412.57619673859125,42.5052443578869,1168.4076301812997,5.705311073660715,337.68605856473215,911.0176164469246,412.57619673859125,42.5052443578869
2026-01-31 19:00:00+00:00,2646.0116749999997,0.0,373.82035,421.43715000000003,478.29645,63.55715833333333,1357.33548431013,5.810678688126567,339.0299264589995,970.2499548986465,427.8022197120084,42.245563652882204,1168.4076301812997,5.705311073660715,337.68605856473215,911.0176164469246,412.57619673859125,42.5052443578869,1168.4076301812997,5.705311073660715,337.68605856473215,911.0176164469246,412.57619673859125,42.5052443578869
2026-01-31 20:00:00+00:00,2509.86555,0.0,373.829925,390.1651999999999,463.156125,63.2204,1339.7452095804545,5.810678688126567,338.9920039124629,978.6240031210698,428.5114310534473,42.245563652882204,1168.4076301812997,5.705311073660715,337.68605856473215,911.0176164469246,412.57619673859125,42.5052443578869,1168.4076301812997,5.705311073660715,337.68605856473215,911.0176164469246,412.57619673859125,42.5052443578869
2026-01-31 21:00:00+00:00,2456.9519,0.0,374.01232500000003,422.17995,451.6872,62.057649999999995,1330.3995687359136,5.810678688126567,339.04304268428757,986.9980513434931,429.4845092958728,42.245563652882204,1168.4076301812997,5.705311073660715,337.68605856473215,911.0176164469246,412.57619673859125,42.5052443578869,1168.4076301812997,5.705311073660715,337.68605856473215,911.0176164469246,412.57619673859125,42.5052443578869
2026-01-31 22:00:00+00:00,2385.1507,0.0,374.236925,374.311775,436.468525,60.8949,1311.8888452699118,5.810678688126567,339.06727895864896,995.3720995659163,430.09079331450624,42.245563652882204,1168.4076301812997,5.705311073660715,337.68605856473215,911.0176164469246,412.57619673859125,42.5052443578869,1168.4076301812997,5.705311073660715,337.68605856473215,911.0176164469246,412.57619673859125,42.5052443578869
2026-01-31 23:00:00+00:00,1907.991925,0.0,373.549825,368.13997500000005,423.37465,60.280950000000004,1283.8312189827302,5.810678688126567,339.0644276923891,1003.7461477883396,430.4684030795398,42.245563652882204,1168.4076301812997,5.705311073660715,337.68605856473215,911.0176164469246,412.57619673859125,42.5052443578869,1168.4076301812997,5.705311073660715,337.68605856473215,911.0176164469246,412.57619673859125,42.5052443578869
2026-02-01 00:00:00+00:00,1901.5876,0.0,372.16067499999997,351.89744999999994,417.9989,62.391225,1274.338046472694,5.810678688126567,339.19530492454396,811.1430386726045,408.68372659823297,42.245563652882204,1168.4076301812997,5.705311073660715,337.68605856473215,911.0176164469246,412.57619673859125,42.5052443578869,1168.4076301812997,5.705311073660715,337.68605856473215,911.0176164469246,412.57619673859125,42.5052443578869
2026-02-01 01:00:00+00:00,1919.927125,0.0,374.86087499999996,357.58687499999996,413.481625,62.6523,1267.3299911756917,5.810678688126567,339.2044287899251,819.5170868950277,409.2110166155603,42.245563652882204,1168.4076301812997,5.705311073660715,337.68605856473215,911.0176164469246,412.57619673859125,42.5052443578869,1168.4076301812997,5.705311073660715,337.68605856473215,911.0176164469246,412.57619673859125,42.5052443578869
2026-02-01 02:00:00+00:00,1856.5534,0.0,375.07275000000004,353.6865,413.872025,63.2239,1264.633744378451,5.810678688126567,339.24691375005386,827.891135117451,410.1313246534255,42.245563652882204,1168.4076301812997,5.705311073660715,337.68605856473215,911.0176164469246,412.57619673859125,42.5052443578869,1168.4076301812997,5.705311073660715,337.68605856473215,911.0176164469246,412.57619673859125,42.5052443578869
2026-02-01 03:00:00+00:00,1850.1109999999999,0.0,374.983575,352.55562499999996,418.1421,61.6248,1268.879527537856,5.810678688126567,339.2891137057737,836.2651833398742,411.27135779440505,42.245563652882204,1168.4076301812997,5.705311073660715,337.68605856473215,911.0176164469246,412.57619673859125,42.5052443578869,1168.4076301812997,5.705311073660715,337.68605856473215,911.0176164469246,412.57619673859125,42.5052443578869
2026-02-01 04:00:00+00:00,1840.2443250000001,0.0,374.82482500000003,331.0607,430.413375,59.68915,1266.6206403604983,5.810678688126567,339.2708649941736,844.6392315622975,412.18705680479263,42.245563652882204,1168.4076301812997,5.705311073660715,337.68605856473215,911.0176164469246,412.57619673859125,42.5052443578869,1168.4076301812997,5.705311073660715,337.68605856473215,911.0176164469246,412.57619673859125,42.5052443578869
2026-02-01 05:00:00+00:00,1842.2178749999998,0.0,374.815025,346.93730000000005,453.85735,55.36535,1269.943684269884,5.810678688126567,339.27913377018916,853.0132797847208,413.2666946613962,42.245563652882204,1168.4076301812997,5.705311073660715,337.68605856473215,911.0176164469246,412.57619673859125,42.5052443578869,1168.4076301812997,5.705311073660715,337.68605856473215,911.0176164469246,412.57619673859125,42.5052443578869
2026-02-01 06:00:00+00:00,1836.6307,0.0,374.59544999999997,388.27995,487.94295,53.9878,1280.6316005346027,5.810678688126567,339.295101268535,861.387328007144,414.58162507261005,42.245563652882204,1168.4076301812997,5.705311073660715,337.68605856473215,911.0176164469246,412.57619673859125,42.5052443578869,1168.4076301812997,5.705311073660715,337.68605856473215,911.0176164469246,412.57619673859125,42.5052443578869
2026-02-01 07:00:00+00:00,1945.413325,0.0,374.48085,441.8711,504.21912499999996,52.882625,1292.4055865217194,5.810678688126567,339.2075650735102,869.7613762295673,415.58632537696775,42.245563652882204,1168.4076301812997,5.705311073660715,337.68605856473215,911.0176164469246,412.57619673859125,42.5052443578869,1168.4076301812997,5.705311073660715,337.68605856473215,911.0176164469246,412.57619673859125,42.5052443578869
2026-02-01 08:00:00+00:00,2067.33315,0.0,374.7847,363.710925,497.155675,62.490424999999995,1301.159936006734,5.810678688126567,339.1756300890553,878.1354244519905,416.5428572427824,42.245563652882204,1168.4076301812997,5.705311073660715,337.68605856473215,911.0176164469246,412.57619673859125,42.5052443578869,1168.4076301812997,5.705311073660715,337.68605856473215,911.0176164469246,412.57619673859125,42.5052443578869
2026-02-01 09:00:00+00:00,2051.572125,0.0,374.18399999999997,402.684975,469.546975,62.798675,1295.5234223789957,5.810678688126567,339.01281884784447,886.5094726744138,416.7379666934755,42.245563652882204,1168.4076301812997,5.705311073660715,337.68605856473215,911.0176164469246,412.57619673859125,42.5052443578869,1168.4076301812997,5.705311073660715,337.68605856473215,911.0176164469246,412.57619673859125,42.5052443578869
2026-02-01 10:00:00+00:00,1913.98125,0.0,374.194825,464.33097499999997,447.18062499999996,63.0551625,1274.1342499633784,5.810678688126567,338.7784388895608,894.8835208968371,416.3392977219211,42.245563652882204,1168.4076301812997,5.705311073660715,337.68605856473215,911.0176164469246,412.57619673859125,42.5052443578869,1168.4076301812997,5.705311073660715,337.68605856473215,911.0176164469246,412.57619673859125,42.5052443578869
2026-02-01 11:00:00+00:00,1872.10575,0.0,374.194225,360.1723750000001,431.10362499999997,63.31165,1254.6077231007,5.810678688126567,338.5500465327875,903.2575691192603,415.87128989929033,42.245563652882204,1168.4076301812997,5.705311073660715,337.68605856473215,911.0176164469246,412.57619673859125,42.5052443578869,1168.4076301812997,5.705311073660715,337.68605856473215,911.0176164469246,412.57619673859125,42.5052443578869
2026-02-01 12:00:00+00:00,1877.168525,0.0,374.186525,419.01917499999996,430.0079,62.244550000000004,1247.303983780441,5.810678688126567,338.6127764079228,911.6316173416836,416.2610204987016,42.245563652882204,1168.4076301812997,5.705311073660715,337.68605856473215,911.0176164469246,412.57619673859125,42.5052443578869,1168.4076301812997,5.705311073660715,337.68605856473215,911.0176164469246,412.57619673859125,42.5052443578869
2026-02-01 13:00:00+00:00,1867.1412249999998,0.0,374.083875,450.57970000000006,440.939925,59.541675,1245.0119058539397,5.810678688126567,338.4559527151978,920.005665564107,416.6151939407956,42.245563652882204,1168.4076301812997,5.705311073660715,337.68605856473215,911.0176164469246,412.57619673859125,42.5052443578869,1168.4076301812997,5.705311073660715,337.68605856473215,911.0176164469246,412.57619673859125,42.5052443578869
2026-02-01 14:00:00+00:00,2084.846725,0.0,374.168875,372.98425,457.766875,59.806375,1262.2930997655508,5.810678688126567,338.4200253524808,928.3797137865301,417.9281932968091,42.245563652882204,1168.4076301812997,5.705311073660715,337.68605856473215,911.0176164469246,412.57619673859125,42.5052443578869,1168.4076301812997,5.705311073660715,337.68605856473215,911.0176164469246,412.57619673859125,42.5052443578869
2026-02-01 15:00:00+00:00,2316.51515,0.0,374.0632,376.67447500000003,494.12194999999997,59.32105,1293.6576669685685,5.810678688126567,338.5141191700705,936.7537620089535,420.1236427152006,42.245563652882204,1168.4076301812997,5.705311073660715,337.68605856473215,911.0176164469246,412.57619673859125,42.5052443578869,1168.4076301812997,5.705311073660715,337.68605856473215,911.0176164469246,412.57619673859125,42.5052443578869
2026-02-01 16:00:00+00:00,2512.1336,0.0,373.959125,459.13365,517.385925,59.2705,1332.458039631008,5.810678688126567,338.7382341679669,945.1278102313768,423.0886270951434,42.245563652882204,1168.4076301812997,5.705311073660715,337.68605856473215,911.0176164469246,412.57619673859125,42.5052443578869,1168.4076301812997,5.705311073660715,337.68605856473215,911.0176164469246,412.57619673859125,42.5052443578869
2026-02-01 17:00:00+00:00,2766.5119,0.0,373.80039999999997,1010.2829249999999,516.4754,60.5827,1351.671338920669,5.810678688126567,338.96919277503395,953.5018584538,425.3499926699088,42.245563652882204,1168.4076301812997,5.705311073660715,337.68605856473215,911.0176164469246,412.57619673859125,42.5052443578869,1168.4076301812997,5.705311073660715,337.68605856473215,911.0176164469246,412.57619673859125,42.5052443578869
2026-02-01 18:00:00+00:00,2909.9353499999997,0.0,373.739625,421.36322500000006,506.473175,61.257075,1353.5563497072358,5.810678688126567,339.0433277016128,961.8759066762233,426.5412144726091,42.245563652882204,1168.4076301812997,5.705311073660715,337.68605856473215,911.0176164469246,412.57619673859125,42.5052443578869,1168.4076301812997,5.705311073660715,337.68605856473215,911.0176164469246,412.57619673859125,42.5052443578869
2026-02-01 19:00:00+00:00,2931.991075,0.0,378.45825,472.288475,491.20795,61.37755,1346.4818331461636,5.810678688126567,339.12601646639985,970.2499548986465,427.83995388610856,42.245563652882204,1168.4076301812997,5.705311073660715,337.68605856473215,911.0176164469246,412.57619673859125,42.5052443578869,1168.4076301812997,5.705311073660715,337.68605856473215,911.0176164469246,412.57619673859125,42.5052443578869
2026-02-01 20:00:00+00:00,2928.139275,0.0,398.78177500000004,372.11285,472.984125,62.806675,1332.6702980064288,5.810678688126567,339.22980517029777,978.6240031210698,429.1302615606945,42.245563652882204,1168.4076301812997,5.705311073660715,337.68605856473215,911.0176164469246,412.57619673859125,42.5052443578869,1168.4076301812997,5.705311073660715,337.68605856473215,911.0176164469246,412.57619673859125,42.5052443578869
2026-02-01 21:00:00+00:00,2854.121875,0.0,404.38419999999996,363.41585,458.53045,63.1769625,1316.3171363943338,5.810678688126567,339.2486239417014,986.9980513434931,429.9903143251212,42.245563652882204,1168.4076301812997,5.705311073660715,337.68605856473215,911.0176164469246,412.57619673859125,42.5052443578869,1168.4076301812997,5.705311073660715,337.68605856473215,911.0176164469246,412.57619673859125,42.5052443578869
2026-02-01 22:00:00+00:00,2575.2785999999996,0.0,404.396575,325.58805000000007,442.94795,63.54725,1285.6393143709022,5.810678688126567,339.2409252193711,995.3720995659163,430.4510651867943,42.245563652882204,1168.4076301812997,5.705311073660715,337.68605856473215,911.0176164469246,412.57619673859125,42.5052443578869,1168.4076301812997,5.705311073660715,337.68605856473215,911.0176164469246,412.57619673859125,42.5052443578869
2026-02-01 23:00:00+00:00,2305.968275,0.0,404.438125,388.9874500000001,430.6572,64.04155,1259.4500479044843,5.810678688126567,339.256892710919,1003.7461477883396,430.974540581384,42.245563652882204,1168.4076301812997,5.705311073660715,337.68605856473215,911.0176164469246,412.57619673859125,42.5052443578869,1168.4076301812997,5.705311073660715,337.68605856473215,911.0176164469246,412.57619673859125,42.5052443578869
2026-02-02 00:00:00+00:00,2300.2088,0.0,405.07195,398.76700000000005,420.305075,61.2963,1239.078775648182,5.810678688126567,339.1716377352668,811.1430386726045,407.73158008564343,42.245563652882204,1168.4076301812997,5.705311073660715,337.68605856473215,911.0176164469246,412.57619673859125,42.5052443578869,1168.4076301812997,5.705311073660715,337.68605856473215,911.0176164469246,412.57619673859125,42.5052443578869
2026-02-02 01:00:00+00:00,2316.2724,0.0,405.326775,378.1332,417.11365,63.0774,1237.5895346533146,5.810678688126567,339.2061389686563,819.5170868950277,408.86614877449944,42.245563652882204,1168.4076301812997,5.705311073660715,337.68605856473215,911.0176164469246,412.57619673859125,42.5052443578869,1168.4076301812997,5.705311073660715,337.68605856473215,911.0176164469246,412.57619673859125,42.5052443578869
2026-02-02 02:00:00+00:00,2354.0503,0.0,405.2114,348.88762500000007,415.672775,63.793575000000004,1241.2562026892253,5.810678688126567,339.25660768135697,827.891135117451,410.2166549078785,42.245563652882204,1168.4076301812997,5.705311073660715,337.68605856473215,911.0176164469246,412.57619673859125,42.5052443578869,1168.4076301812997,5.705311073660715,337.68605856473215,911.0176164469246,412.57619673859125,42.5052443578869
2026-02-02 03:00:00+00:00,2444.9610000000002,0.0,404.942,342.49035000000003,417.35825,62.811274999999995,1254.1258980681166,5.810678688126567,339.275141422519,836.2651833398742,411.46178629427027,42.245563652882204,1168.4076301812997,5.705311073660715,337.68605856473215,911.0176164469246,412.57619673859125,42.5052443578869,1168.4076301812997,5.705311073660715,337.68605856473215,911.0176164469246,412.57619673859125,42.5052443578869
2026-02-02 04:00:00+00:00,2765.8382,0.0,404.82105,392.7011,427.53145,63.096325,1285.771138867184,5.810678688126567,339.26174015475266,844.6392315622975,413.3036440743098,42.245563652882204,1168.4076301812997,5.705311073660715,337.68605856473215,911.0176164469246,412.57619673859125,42.5052443578869,1168.4076301812997,5.705311073660715,337.68605856473215,911.0176164469246,412.57619673859125,42.5052443578869
2026-02-02 05:00:00+00:00,3067.0337500000005,0.0,404.6668,580.074,447.375175,59.445325,1359.4052934351776,5.810678688126567,339.25119017839927,853.0132797847208,416.37036055662514,42.245563652882204,1168.4076301812997,5.705311073660715,337.68605856473215,911.0176164469246,412.57619673859125,42.5052443578869,1168.4076301812997,5.705311073660715,337.68605856473215,911.0176164469246,412.57619673859125,42.5052443578869
2026-02-02 06:00:00+00:00,3077.740175,0.0,404.608675,1028.2819749999999,478.33505,58.85875,1409.312732064186,5.810678688126567,339.2164039154477,861.387328007144,418.6339911890719,42.245563652882204,1168.4076301812997,5.705311073660715,337.68605856473215,911.0176164469246,412.57619673859125,42.5052443578869,1168.4076301812997,5.705311073660715,337.68605856473215,911.0176164469246,412.57619673859125,42.5052443578869
2026-02-02 07:00:00+00:00,3017.334525,0.0,404.43115,1651.6228749999998,494.66785,59.02585,1426.7236513993532,5.810678688126567,339.23265643723715,869.7613762295673,420.1006848631672,42.245563652882204,1168.4076301812997,5.705311073660715,337.68605856473215,911.0176164469246,412.57619673859125,42.5052443578869,1168.4076301812997,5.705311073660715,337.68605856473215,911.0176164469246,412.57619673859125,42.5052443578869
2026-02-02 08:00:00+00:00,2893.05865,0.0,404.10585000000003,1705.6011,487.2527,59.21245,1414.55215263483,5.810678688126567,339.2434914560689,878.1354244519905,420.49813605784027,42.245563652882204,1168.4076301812997,5.705311073660715,337.68605856473215,911.0176164469246,412.57619673859125,42.5052443578869,1168.4076301812997,5.705311073660715,337.68605856473215,911.0176164469246,412.57619673859125,42.5052443578869
2026-02-02 09:00:00+00:00,2955.111275,0.0,403.925375,1569.0484749999998,475.923125,60.8124,1408.9466586946073,5.810678688126567,339.21070138224843,886.5094726744138,421.4938037600579,42.245563652882204,1168.4076301812997,5.705311073660715,337.68605856473215,911.0176164469246,412.57619673859125,42.5052443578869,1168.4076301812997,5.705311073660715,337.68605856473215,911.0176164469246,412.57619673859125,42.5052443578869
2026-02-02 10:00:00+00:00,2933.749925,0.0,403.88077499999997,1227.7017999999998,459.841975,62.837875,1380.4941828522385,5.810678688126567,339.0250790029291,894.8835208968371,421.4122856738951,42.245563652882204,1168.4076301812997,5.705311073660715,337.68605856473215,911.0176164469246,412.57619673859125,42.5052443578869,1168.4076301812997,5.705311073660715,337.68605856473215,911.0176164469246,412.57619673859125,42.5052443578869
2026-02-02 11:00:00+00:00,2933.6695,0.0,403.919975,850.9782499999999,446.763175,64.02745,1358.2211723927167,5.810678688126567,338.8146503016816,903.2575691192603,420.8421189648657,42.245563652882204,1168.4076301812997,5.705311073660715,337.68605856473215,911.0176164469246,412.57619673859125,42.5052443578869,1168.4076301812997,5.705311073660715,337.68605856473215,911.0176164469246,412.57619673859125,42.5052443578869
2026-02-02 12:00:00+00:00,2952.0352249999996,0.0,405.64065,571.4228750000001,441.37075,63.386575,1360.7508578828515,5.810678688126567,338.9774615564883,911.6316173416836,421.88402253830833,42.245563652882204,1168.4076301812997,5.705311073660715,337.68605856473215,911.0176164469246,412.57619673859125,42.5052443578869,1168.4076301812997,5.705311073660715,337.68605856473215,911.0176164469246,412.57619673859125,42.5052443578869
2026-02-02 13:00:00+00:00,3040.115825,0.0,433.27985,719.870225,445.200925,63.60935833333333,1365.9875859469034,5.810678688126567,338.889070297251,920.005665564107,422.45611550697237,42.245563652882204,1168.4076301812997,5.705311073660715,337.68605856473215,911.0176164469246,412.57619673859125,42.5052443578869,1168.4076301812997,5.705311073660715,337.68605856473215,911.0176164469246,412.57619673859125,42.5052443578869
2026-02-02 14:00:00+00:00,3301.6794250000003,0.0,433.37687500000004,1149.215025,459.38995,63.832141666666665,1383.9941519662045,5.810678688126567,338.83061783265805,928.3797137865301,423.9682568893765,42.245563652882204,1168.4076301812997,5.705311073660715,337.68605856473215,911.0176164469246,412.57619673859125,42.5052443578869,1168.4076301812997,5.705311073660715,337.68605856473215,911.0176164469246,412.57619673859125,42.5052443578869
2026-02-02 15:00:00+00:00,3381.4591499999997,0.0,437.3542,931.290225,492.435875,64.054925,1407.6816966647975,5.810678688126567,338.8919215512741,936.7537620089535,425.86305605631566,42.245563652882204,1168.4076301812997,5.705311073660715,337.68605856473215,911.0176164469246,412.57619673859125,42.5052443578869,1168.4076301812997,5.705311073660715,337.68605856473215,911.0176164469246,412.57619673859125,42.5052443578869
2026-02-02 16:00:00+00:00,3307.12985,8.43745,443.200375,819.31605,514.509025,64.05146875,1422.541278790958,5.810678688126567,339.06528276883836,945.1278102313768,428.14730530399936,42.245563652882204,1168.4076301812997,5.705311073660715,337.68605856473215,911.0176164469246,412.57619673859125,42.5052443578869,1168.4076301812997,5.705311073660715,337.68605856473215,911.0176164469246,412.57619673859125,42.5052443578869
2026-02-02 17:00:00+00:00,3388.614975,88.810425,443.57325000000003,1429.1201749999998,515.7362499999999,64.0480125,1431.2035269343296,5.810678688126567,339.2357927459754,953.5018584538,430.03322912392576,42.245563652882204,1168.4076301812997,5.705311073660715,337.68605856473215,911.0176164469246,412.57619673859125,42.5052443578869,1168.4076301812997,5.705311073660715,337.68605856473215,911.0176164469246,412.57619673859125,42.5052443578869
2026-02-02 18:00:00+00:00,3260.428975,169.1834,443.6255,1571.2710499999998,511.903675,64.04455625,1418.716685808949,5.810678688126567,339.2725751735844,961.8759066762233,430.6430828263205,42.245563652882204,1168.4076301812997,5.705311073660715,337.68605856473215,911.0176164469246,412.57619673859125,42.5052443578869,1168.4076301812997,5.705311073660715,337.68605856473215,911.0176164469246,412.57619673859125,42.5052443578869
2026-02-02 19:00:00+00:00,3266.850275,0.15530000000000044,443.610225,663.06555,492.704925,64.0411,1393.7623760301988,5.810678688126567,339.29310509164077,970.2499548986465,430.87808360232594,42.245563652882204,1168.4076301812997,5.705311073660715,337.68605856473215,911.0176164469246,412.57619673859125,42.5052443578869,1168.4076301812997,5.705311073660715,337.68605856473215,911.0176164469246,412.57619673859125,42.5052443578869
2026-02-02 20:00:00+00:00,3346.034375,0.0,444.194225,508.64905,476.882175,63.92567916666667,1366.4915228513846,5.810678688126567,339.31420506950064,978.6240031210698,431.09186255775734,42.245563652882204,1168.4076301812997,5.705311073660715,337.68605856473215,911.0176164469246,412.57619673859125,42.5052443578869,1168.4076301812997,5.705311073660715,337.68605856473215,911.0176164469246,412.57619673859125,42.5052443578869
2026-02-02 21:00:00+00:00,3488.2411,0.0,444.67835,423.2177000000001,459.082725,63.81025833333333,1338.1248078950612,5.810678688126567,339.34072254419993,986.9980513434931,431.20605607938813,42.245563652882204,1168.4076301812997,5.705311073660715,337.68605856473215,911.0176164469246,412.57619673859125,42.5052443578869,1168.4076301812997,5.705311073660715,337.68605856473215,911.0176164469246,412.57619673859125,42.5052443578869
2026-02-02 22:00:00+00:00,3207.3323250000003,0.0,444.807775,349.43785,442.4429,63.6948375,1307.5714958070323,5.810678688126567,339.3564050061858,995.3720995659163,431.58853663539963,42.245563652882204,1168.4076301812997,5.705311073660715,337.68605856473215,911.0176164469246,412.57619673859125,42.5052443578869,1168.4076301812997,5.705311073660715,337.68605856473215,911.0176164469246,412.57619673859125,42.5052443578869
2026-02-02 23:00:00+00:00,2717.888075,0.0,443.55785,362.49884999999995,429.4627,63.57941666666667,1286.6024200852055,5.810678688126567,339.41086608865044,1003.7461477883396,432.2491506745913,42.245563652882204,1168.4076301812997,5.705311073660715,337.68605856473215,911.0176164469246,412.57619673859125,42.5052443578869,1168.4076301812997,5.705311073660715,337.68605856473215,911.0176164469246,412.57619673859125,42.5052443578869
2026-02-03 00:00:00+00:00,2241.326225,0.0,443.8841,370.212275,420.123075,63.46399583333333,1272.7369485523348,5.810678688126567,339.48642617442556,811.1430386726045,409.97067986957336,42.245563652882204,1168.4076301812997,5.705311073660715,337.68605856473215,911.0176164469246,412.57619673859125,42.5052443578869,1168.4076301812997,5.705311073660715,337.68605856473215,911.0176164469246,412.57619673859125,42.5052443578869
2026-02-03 01:00:00+00:00,2102.47095,0.0,443.938375,369.0932250000001,415.99495,63.348575,1261.807936674729,5.810678688126567,339.4037374353013,819.5170868950277,410.37248669281666,42.245563652882204,1168.4076301812997,5.705311073660715,337.68605856473215,911.0176164469246,412.57619673859125,42.5052443578869,1168.4076301812997,5.705311073660715,337.68605856473215,911.0176164469246,412.57619673859125,42.5052443578869
2026-02-03 02:00:00+00:00,2096.78575,0.0,415.947925,362.178225,414.51365,62.432675,1266.1254255415624,5.810678688126567,339.3718024386096,827.891135117451,411.1992929989085,42.245563652882204,1168.4076301812997,5.705311073660715,337.68605856473215,911.0176164469246,412.57619673859125,42.5052443578869,1168.4076301812997,5.705311073660715,337.68605856473215,911.0176164469246,412.57619673859125,42.5052443578869
2026-02-03 03:00:00+00:00,2135.5425999999998,0.0,411.485975,363.67712499999993,417.66089999999997,63.092575,1273.7654216625574,5.810678688126567,339.36239257540524,836.2651833398742,412.32400939637006,42.245563652882204,1168.4076301812997,5.705311073660715,337.68605856473215,911.0176164469246,412.57619673859125,42.5052443578869,1168.4076301812997,5.705311073660715,337.68605856473215,911.0176164469246,412.57619673859125,42.5052443578869
2026-02-03 04:00:00+00:00,2397.486425,0.0,435.352275,360.0471,427.88145,62.3788,1297.50571560948,5.810678688126567,339.36809510826475,844.6392315622975,414.04278722083905,42.245563652882204,1168.4076301812997,5.705311073660715,337.68605856473215,911.0176164469246,412.57619673859125,42.5052443578869,1168.4076301812997,5.705311073660715,337.68605856473215,911.0176164469246,412.57619673859125,42.5052443578869
2026-02-03 05:00:00+00:00,2662.89915,0.0,441.296975,407.53705,459.16425000000004,59.7459,1353.4728002354345,5.810678688126567,339.43196509519,853.0132797847208,416.8775887334725,42.245563652882204,1168.4076301812997,5.705311073660715,337.68605856473215,911.0176164469246,412.57619673859125,42.5052443578869,1168.4076301812997,5.705311073660715,337.68605856473215,911.0176164469246,412.57619673859125,42.5052443578869
2026-02-03 06:00:00+00:00,3045.3468249999996,0.0,442.914675,376.46630000000005,490.5603,58.172250000000005,1403.6660972599668,5.810678688126567,339.46903255881915,861.387328007144,419.56842576498696,42.245563652882204,1168.4076301812997,5.705311073660715,337.68605856473215,911.0176164469246,412.57619673859125,42.5052443578869,1168.4076301812997,5.705311073660715,337.68605856473215,911.0176164469246,412.57619673859125,42.5052443578869
2026-02-03 07:00:00+00:00,3186.406525,0.0,441.479325,491.980825,506.87565,58.63915,1427.608482885103,5.810678688126567,339.47416503833324,869.7613762295673,421.0526528021854,42.245563652882204,1168.4076301812997,5.705311073660715,337.68605856473215,911.0176164469246,412.57619673859125,42.5052443578869,1168.4076301812997,5.705311073660715,337.68605856473215,911.0176164469246,412.57619673859125,42.5052443578869
2026-02-03 08:00:00+00:00,3209.4905,0.0,440.001325,983.9850749999999,496.76727500000004,59.7333,1422.9022931350032,5.810678688126567,339.37294256433523,878.1354244519905,421.387619222885,42.245563652882204,1168.4076301812997,5.705311073660715,337.68605856473215,911.0176164469246,412.57619673859125,42.5052443578869,1168.4076301812997,5.705311073660715,337.68605856473215,911.0176164469246,412.57619673859125,42.5052443578869
2026-02-03 09:00:00+00:00,3333.984675,0.0,440.2548,585.8573,459.574725,62.66055,1420.9358388253786,5.810678688126567,339.29852259459847,886.5094726744138,422.2651906525309,42.245563652882204,1168.4076301812997,5.705311073660715,337.68605856473215,911.0176164469246,412.57619673859125,42.5052443578869,1168.4076301812997,5.705311073660715,337.68605856473215,911.0176164469246,412.57619673859125,42.5052443578869
2026-02-03 10:00:00+00:00,3299.0993,0.0,443.252775,919.9798,442.209625,63.204425,1409.7863162770736,5.810678688126567,339.1893163748265,894.8835208968371,422.5855426844938,42.245563652882204,1168.4076301812997,5.705311073660715,337.68605856473215,911.0176164469246,412.57619673859125,42.5052443578869,1168.4076301812997,5.705311073660715,337.68605856473215,911.0176164469246,412.57619673859125,42.5052443578869
2026-02-03 11:00:00+00:00,3031.81365,0.0,442.9071,466.382,436.43215,63.242835416666665,1393.8297913031286,5.810678688126567,339.2902538124645,903.2575691192603,422.64213970543494,42.245563652882204,1168.4076301812997,5.705311073660715,337.68605856473215,911.0176164469246,412.57619673859125,42.5052443578869,1168.4076301812997,5.705311073660715,337.68605856473215,911.0176164469246,412.57619673859125,42.5052443578869
2026-02-03 12:00:00+00:00,2555.7995499999997,0.0,443.22005,437.23705,432.367925,63.28124583333334,1384.5768714515625,5.810678688126567,339.32104868343066,911.6316173416836,423.267729648617,42.245563652882204,1168.4076301812997,5.705311073660715,337.68605856473215,911.0176164469246,412.57619673859125,42.5052443578869,1168.4076301812997,5.705311073660715,337.68605856473215,911.0176164469246,412.57619673859125,42.5052443578869
2026-02-03 13:00:00+00:00,2533.8146500000003,0.0,442.36415,735.2527000000001,440.096175,63.31965625,1384.8309199081702,5.810678688126567,339.3526986566787,920.005665564107,424.2354898492994,42.245563652882204,1168.4076301812997,5.705311073660715,337.68605856473215,911.0176164469246,412.57619673859125,42.5052443578869,1168.4076301812997,5.705311073660715,337.68605856473215,911.0176164469246,412.57619673859125,42.5052443578869
2026-02-03 14:00:00+00:00,2779.81085,0.0,442.07475,733.6435999999999,461.09225,63.358066666666666,1404.9616938766144,5.810678688126567,339.2734312308715,928.3797137865301,425.73929323612657,42.245563652882204,1168.4076301812997,5.705311073660715,337.68605856473215,911.0176164469246,412.57619673859125,42.5052443578869,1168.4076301812997,5.705311073660715,337.68605856473215,911.0176164469246,412.57619673859125,42.5052443578869
2026-02-03 15:00:00+00:00,3054.15185,0.0,442.31985,675.483625,495.38845000000003,63.39647708333334,1423.3963795494772,5.810678688126567,339.25546756174975,936.7537620089535,426.9985379236811,42.245563652882204,1168.4076301812997,5.705311073660715,337.68605856473215,911.0176164469246,412.57619673859125,42.5052443578869,1168.4076301812997,5.705311073660715,337.68605856473215,911.0176164469246,412.57619673859125,42.5052443578869
2026-02-03 16:00:00+00:00,3052.670825,0.0,442.737675,1080.395625,516.298225,63.4348875,1452.4742066303102,5.810678688126567,339.27172009645557,945.1278102313768,428.9025525969274,42.245563652882204,1168.4076301812997,5.705311073660715,337.68605856473215,911.0176164469246,412.57619673859125,42.5052443578869,1168.4076301812997,5.705311073660715,337.68605856473215,911.0176164469246,412.57619673859125,42.5052443578869
2026-02-03 17:00:00+00:00,3042.364075,0.0,443.92635,713.2446,518.333325,63.47329791666667,1460.9323708066863,5.810678688126567,339.2637363316469,953.5018584538,430.13240430203155,42.245563652882204,1168.4076301812997,5.705311073660715,337.68605856473215,911.0176164469246,412.57619673859125,42.5052443578869,1168.4076301812997,5.705311073660715,337.68605856473215,911.0176164469246,412.57619673859125,42.5052443578869
2026-02-03 18:00:00+00:00,2962.9357500000006,0.0,443.44425,532.1597,509.072625,63.51170833333334,1452.068242483845,5.810678688126567,339.3515575630317,961.8759066762233,431.1603049346085,42.245563652882204,1168.4076301812997,5.705311073660715,337.68605856473215,911.0176164469246,412.57619673859125,42.5052443578869,1168.4076301812997,5.705311073660715,337.68605856473215,911.0176164469246,412.57619673859125,42.5052443578869
2026-02-03 19:00:00+00:00,2923.0555,0.0,443.51685,546.9615249999999,488.321,63.55011875,1429.6016880967184,5.810678688126567,339.34328878701615,970.2499548986465,431.590297323961,42.245563652882204,1168.4076301812997,5.705311073660715,337.68605856473215,911.0176164469246,412.57619673859125,42.5052443578869,1168.4076301812997,5.705311073660715,337.68605856473215,911.0176164469246,412.57619673859125,42.5052443578869
2026-02-03 20:00:00+00:00,2935.6859750000003,0.0,443.549875,779.617925,476.755125,63.58852916666667,1410.6989778163181,5.810678688126567,339.3772199544837,978.6240031210698,432.0766229135355,42.245563652882204,1168.4076301812997,5.705311073660715,337.68605856473215,911.0176164469246,412.57619673859125,42.5052443578869,1168.4076301812997,5.705311073660715,337.68605856473215,911.0176164469246,412.57619673859125,42.5052443578869
2026-02-03 21:00:00+00:00,2974.09565,0.0,421.27952500000004,533.5569750000001,464.104,63.62693958333334,1395.8928813673815,5.810678688126567,339.39831992588546,986.9980513434931,432.6402339185244,42.245563652882204,1168.4076301812997,5.705311073660715,337.68605856473215,911.0176164469246,412.57619673859125,42.5052443578869,1168.4076301812997,5.705311073660715,337.68605856473215,911.0176164469246,412.57619673859125,42.5052443578869
2026-02-03 22:00:00+00:00,2773.847825,0.0,414.17655,361.360275,451.30445000000003,63.665350000000004,1372.4182339031822,5.810678688126567,339.44878864810346,995.3720995659163,433.1009605950419,42.245563652882204,1168.4076301812997,5.705311073660715,337.68605856473215,911.0176164469246,412.57619673859125,42.5052443578869,1168.4076301812997,5.705311073660715,337.68605856473215,911.0176164469246,412.57619673859125,42.5052443578869
2026-02-03 23:00:00+00:00,2538.7005,0.0,414.17865,356.25542500000006,436.02925,63.768675,1350.603284786162,5.810678688126567,339.48585611479183,1003.7461477883396,433.5689678318529,42.245563652882204,1168.4076301812997,5.705311073660715,337.68605856473215,911.0176164469246,412.57619673859125,42.5052443578869,1168.4076301812997,5.705311073660715,337.68605856473215,911.0176164469246,412.57619673859125,42.5052443578869
2026-02-04 00:00:00+00:00,2461.559575,0.0,414.160175,354.888375,425.5664,63.872,1339.9839568438442,5.810678688126567,339.5015385775212,811.1430386726045,411.2731186341518,42.245563652882204,1168.4076301812997,5.705311073660715,337.68605856473215,911.0176164469246,412.57619673859125,42.5052443578869,1168.4076301812997,5.705311073660715,337.68605856473215,911.0176164469246,412.57619673859125,42.5052443578869
2026-02-04 01:00:00+00:00,2576.7730500000002,0.0,414.219725,353.13957500000004,425.4062,63.88355,1342.7337662594152,5.810678688126567,339.512088565304,819.5170868950277,412.3559640261295,42.245563652882204,1168.4076301812997,5.705311073660715,337.68605856473215,911.0176164469246,412.57619673859125,42.5052443578869,1168.4076301812997,5.705311073660715,337.68605856473215,911.0176164469246,412.57619673859125,42.5052443578869
2026-02-04 02:00:00+00:00,2584.7097249999997,0.0,414.14895,353.850325,421.28285,63.97085,1340.038012944836,5.810678688126567,339.5203573417232,827.891135117451,413.4155864582893,42.245563652882204,1168.4076301812997,5.705311073660715,337.68605856473215,911.0176164469246,412.57619673859125,42.5052443578869,1168.4076301812997,5.705311073660715,337.68605856473215,911.0176164469246,412.57619673859125,42.5052443578869
2026-02-04 03:00:00+00:00,2577.7857,0.0,414.168475,352.1226750000001,424.51595,64.064425,1350.759964673988,5.810678688126567,339.56027607807044,836.2651833398742,414.7924136762773,42.245563652882204,1168.4076301812997,5.705311073660715,337.68605856473215,911.0176164469246,412.57619673859125,42.5052443578869,1168.4076301812997,5.705311073660715,337.68605856473215,911.0176164469246,412.57619673859125,42.5052443578869
2026-02-04 04:00:00+00:00,2700.7152499999997,0.0,414.595275,347.43487500000003,435.828925,62.0045,1373.920588298065,5.810678688126567,339.5947773066164,844.6392315622975,416.4057085185449,42.245563652882204,1168.4076301812997,5.705311073660715,337.68605856473215,911.0176164469246,412.57619673859125,42.5052443578869,1168.4076301812997,5.705311073660715,337.68605856473215,911.0176164469246,412.57619673859125,42.5052443578869
2026-02-04 05:00:00+00:00,3330.5478,95.05725,414.46524999999997,479.780725,456.422425,62.628,1429.9969306498197,5.810678688126567,339.61616230953445,853.0132797847208,418.86514554102797,42.245563652882204,1168.4076301812997,5.705311073660715,337.68605856473215,911.0176164469246,412.57619673859125,42.5052443578869,1168.4076301812997,5.705311073660715,337.68605856473215,911.0176164469246,412.57619673859125,42.5052443578869
2026-02-04 06:00:00+00:00,3518.002375,120.261525,414.086125,1360.869575,479.782375,61.53815,1457.969646212305,5.810678688126567,339.672618600802,861.387328007144,420.50333504669214,42.245563652882204,1168.4076301812997,5.705311073660715,337.68605856473215,911.0176164469246,412.57619673859125,42.5052443578869,1168.4076301812997,5.705311073660715,337.68605856473215,911.0176164469246,412.57619673859125,42.5052443578869
2026-02-04 07:00:00+00:00,3516.960625,111.15430416666666,422.321875,1567.1966249999998,493.68315,61.31395,1467.1105874398067,5.810678688126567,339.7259385862207,869.7613762295673,421.9165310671356,42.245563652882204,1168.4076301812997,5.705311073660715,337.68605856473215,911.0176164469246,412.57619673859125,42.5052443578869,1168.4076301812997,5.705311073660715,337.68605856473215,911.0176164469246,412.57619673859125,42.5052443578869
2026-02-04 08:00:00+00:00,3509.5937,102.04708333333333,444.20345,986.3838999999999,494.1048,61.872125,1434.5311285877253,5.810678688126567,339.52178346221285,878.1354244519905,421.44278892247615,42.245563652882204,1168.4076301812997,5.705311073660715,337.68605856473215,911.0176164469246,412.57619673859125,42.5052443578869,1168.4076301812997,5.705311073660715,337.68605856473215,911.0176164469246,412.57619673859125,42.5052443578869
2026-02-04 09:00:00+00:00,2934.6991,92.9398625,432.23125,889.6452249999999,471.1327,62.4303,1387.1546362645952,5.810678688126567,339.1953058894062,886.5094726744138,420.1450712576293,42.245563652882204,1168.4076301812997,5.705311073660715,337.68605856473215,911.0176164469246,412.57619673859125,42.5052443578869,1168.4076301812997,5.705311073660715,337.68605856473215,911.0176164469246,412.57619673859125,42.5052443578869
2026-02-04 10:00:00+00:00,2706.49025,83.83264166666666,413.918175,843.4305249999999,451.891975,62.988475,1362.2683857796242,5.810678688126567,338.8964858877927,894.8835208968371,419.73628855923,42.245563652882204,1168.4076301812997,5.705311073660715,337.68605856473215,911.0176164469246,412.57619673859125,42.5052443578869,1168.4076301812997,5.705311073660715,337.68605856473215,911.0176164469246,412.57619673859125,42.5052443578869
2026-02-04 11:00:00+00:00,2637.2755749999997,74.72542083333333,414.000525,534.080975,438.11365,63.069525,1345.9049013939402,5.810678688126567,338.63587350476575,903.2575691192603,419.3972582683759,42.245563652882204,1168.4076301812997,5.705311073660715,337.68605856473215,911.0176164469246,412.57619673859125,42.5052443578869,1168.4076301812997,5.705311073660715,337.68605856473215,911.0176164469246,412.57619673859125,42.5052443578869
2026-02-04 12:00:00+00:00,2934.1232,65.6182,410.33477500000004,572.351675,432.10317499999996,63.93235,1352.8996663164558,5.810678688126567,338.6843470472426,911.6316173416836,420.65593966217654,42.245563652882204,1168.4076301812997,5.705311073660715,337.68605856473215,911.0176164469246,412.57619673859125,42.5052443578869,1168.4076301812997,5.705311073660715,337.68605856473215,911.0176164469246,412.57619673859125,42.5052443578869
2026-02-04 13:00:00+00:00,2913.096125,0.0,385.8216,862.5733749999999,437.56575,63.7876,1364.7221682445693,5.810678688126567,338.5765659501276,920.005665564107,421.65016666732566,42.245563652882204,1168.4076301812997,5.705311073660715,337.68605856473215,911.0176164469246,412.57619673859125,42.5052443578869,1168.4076301812997,5.705311073660715,337.68605856473215,911.0176164469246,412.57619673859125,42.5052443578869
2026-02-04 14:00:00+00:00,2919.9571,0.0,410.634325,781.1673499999999,454.756675,63.2826,1383.4556881649191,5.810678688126567,338.58397866273765,928.3797137865301,422.8478435690015,42.245563652882204,1168.4076301812997,5.705311073660715,337.68605856473215,911.0176164469246,412.57619673859125,42.5052443578869,1168.4076301812997,5.705311073660715,337.68605856473215,911.0176164469246,412.57619673859125,42.5052443578869
2026-02-04 15:00:00+00:00,2956.533075,0.0,427.256925,533.5751,487.88445,63.410295833333336,1399.7373259436863,5.810678688126567,338.7043049309034,936.7537620089535,424.7854248429573,42.245563652882204,1168.4076301812997,5.705311073660715,337.68605856473215,911.0176164469246,412.57619673859125,42.5052443578869,1168.4076301812997,5.705311073660715,337.68605856473215,911.0176164469246,412.57619673859125,42.5052443578869
2026-02-04 16:00:00+00:00,2972.212875,0.0,442.719775,778.6959249999999,511.9134,63.53799166666667,1421.9684051388401,5.810678688126567,338.87738111890565,945.1278102313768,427.1458986174705,42.245563652882204,1168.4076301812997,5.705311073660715,337.68605856473215,911.0176164469246,412.57619673859125,42.5052443578869,1168.4076301812997,5.705311073660715,337.68605856473215,911.0176164469246,412.57619673859125,42.5052443578869
2026-02-04 17:00:00+00:00,3106.249175,0.0,443.44935,866.0474,514.7076500000001,63.665687500000004,1433.4571256622055,5.810678688126567,338.96063993057993,953.5018584538,428.8321974808467,42.245563652882204,1168.4076301812997,5.705311073660715,337.68605856473215,911.0176164469246,412.57619673859125,42.5052443578869,1168.4076301812997,5.705311073660715,337.68605856473215,911.0176164469246,412.57619673859125,42.5052443578869
2026-02-04 18:00:00+00:00,3116.15975,0.0,438.70664999999997,666.0884749999999,505.848875,63.79338333333334,1429.465243586782,5.810678688126567,338.95465235490224,961.8759066762233,429.828568034755,42.245563652882204,1168.4076301812997,5.705311073660715,337.68605856473215,911.0176164469246,412.57619673859125,42.5052443578869,1168.4076301812997,5.705311073660715,337.68605856473215,911.0176164469246,412.57619673859125,42.5052443578869
2026-02-04 19:00:00+00:00,2896.57735,0.0,397.932075,358.6386749999999,488.834775,63.92107916666667,1416.1729351524768,5.810678688126567,339.0393373094999,970.2499548986465,430.9149252945147,42.245563652882204,1168.4076301812997,5.705311073660715,337.68605856473215,911.0176164469246,412.57619673859125,42.5052443578869,1168.4076301812997,5.705311073660715,337.68605856473215,911.0176164469246,412.57619673859125,42.5052443578869
2026-02-04 20:00:00+00:00,2471.0819,0.0,381.355275,439.04510000000005,470.79965,64.048775,1389.7778938831739,5.810678688126567,339.12744354529354,978.6240031210698,431.6158518857617,42.245563652882204,1168.4076301812997,5.705311073660715,337.68605856473215,911.0176164469246,412.57619673859125,42.5052443578869,1168.4076301812997,5.705311073660715,337.68605856473215,911.0176164469246,412.57619673859125,42.5052443578869
2026-02-04 21:00:00+00:00,2413.6632250000002,0.0,381.5158,360.92932499999995,452.72517500000004,63.952006250000004,1365.2233351914824,5.810678688126567,339.2363647484198,986.9980513434931,432.2035200232122,42.245563652882204,1168.4076301812997,5.705311073660715,337.68605856473215,911.0176164469246,412.57619673859125,42.5052443578869,1168.4076301812997,5.705311073660715,337.68605856473215,911.0176164469246,412.57619673859125,42.5052443578869
2026-02-04 22:00:00+00:00,2420.155925,0.0,381.55475,356.38474999999994,436.876025,63.8552375,1344.3848637812187,5.810678688126567,339.3139210078601,995.3720995659163,432.7085989666232,42.245563652882204,1168.4076301812997,5.705311073660715,337.68605856473215,911.0176164469246,412.57619673859125,42.5052443578869,1168.4076301812997,5.705311073660715,337.68605856473215,911.0176164469246,412.57619673859125,42.5052443578869
2026-02-04 23:00:00+00:00,2318.4143,0.0,381.68,338.85602500000005,429.978,63.758468750000006,1329.074674014573,5.810678688126567,339.3755097689545,1003.7461477883396,433.3610199373925,42.245563652882204,1168.4076301812997,5.705311073660715,337.68605856473215,911.0176164469246,412.57619673859125,42.5052443578869,1168.4076301812997,5.705311073660715,337.68605856473215,911.0176164469246,412.57619673859125,42.5052443578869
2026-02-05 00:00:00+00:00,2089.517425,0.0,381.7137,337.44615,424.2702,63.6617,1324.5593514687635,5.810678688126567,339.4199899570908,811.1430386726045,410.9633406120699,42.245563652882204,1168.4076301812997,5.705311073660715,337.68605856473215,911.0176164469246,412.57619673859125,42.5052443578869,1168.4076301812997,5.705311073660715,337.68605856473215,911.0176164469246,412.57619673859125,42.5052443578869
2026-02-05 01:00:00+00:00,1980.2419,0.0,381.78632500000003,338.249825,420.8306,54.7656,1320.9166641812208,5.810678688126567,339.3909062395753,819.5170868950277,411.63277238314475,42.245563652882204,1168.4076301812997,5.705311073660715,337.68605856473215,911.0176164469246,412.57619673859125,42.5052443578869,1168.4076301812997,5.705311073660715,337.68605856473215,911.0176164469246,412.57619673859125,42.5052443578869
2026-02-05 02:00:00+00:00,1982.426475,0.0,381.61242500000003,330.10745,420.2763,61.058825,1330.7091467077323,5.810678688126567,339.45705742072,827.891135117451,413.04728585839473,42.245563652882204,1168.4076301812997,5.705311073660715,337.68605856473215,911.0176164469246,412.57619673859125,42.5052443578869,1168.4076301812997,5.705311073660715,337.68605856473215,911.0176164469246,412.57619673859125,42.5052443578869
2026-02-05 03:00:00+00:00,2163.1814,0.0,381.552675,331.024,422.19795,62.29735,1338.8063373258535,5.810678688126567,339.44194501819794,836.2651833398742,414.34066076938416,42.245563652882204,1168.4076301812997,5.705311073660715,337.68605856473215,911.0176164469246,412.57619673859125,42.5052443578869,1168.4076301812997,5.705311073660715,337.68605856473215,911.0176164469246,412.57619673859125,42.5052443578869
2026-02-05 04:00:00+00:00,2392.58805,0.0,381.3854,387.58889999999997,433.524475,61.784875,1368.5266364678962,5.810678688126567,339.45506124382575,844.6392315622975,416.2027742356649,42.245563652882204,1168.4076301812997,5.705311073660715,337.68605856473215,911.0176164469246,412.57619673859125,42.5052443578869,1168.4076301812997,5.705311073660715,337.68605856473215,911.0176164469246,412.57619673859125,42.5052443578869
2026-02-05 05:00:00+00:00,2904.321325,116.09537499999999,383.51155,611.8814249999999,453.047275,60.777625,1436.4549523964174,5.810678688126567,339.51351371423954,853.0132797847208,419.1948800210291,42.245563652882204,1168.4076301812997,5.705311073660715,337.68605856473215,911.0176164469246,412.57619673859125,42.5052443578869,1168.4076301812997,5.705311073660715,337.68605856473215,911.0176164469246,412.57619673859125,42.5052443578869
2026-02-05 06:00:00+00:00,3330.1515,146.085875,412.730675,1122.805425,482.43485,59.650549999999996,1485.7584573423817,5.810678688126567,339.39176132282256,861.387328007144,421.26441884609113,42.245563652882204,1168.4076301812997,5.705311073660715,337.68605856473215,911.0176164469246,412.57619673859125,42.5052443578869,1168.4076301812997,5.705311073660715,337.68605856473215,911.0176164469246,412.57619673859125,42.5052443578869
2026-02-05 07:00:00+00:00,3439.226025,118.23285499999999,445.9198,1224.231025,494.74872500000004,63.850725,1498.3210448012799,5.810678688126567,339.3247550458541,869.7613762295673,422.47827181372793,42.245563652882204,1168.4076301812997,5.705311073660715,337.68605856473215,911.0176164469246,412.57619673859125,42.5052443578869,1168.4076301812997,5.705311073660715,337.68605856473215,911.0176164469246,412.57619673859125,42.5052443578869
2026-02-05 08:00:00+00:00,3477.0090999999998,90.37983499999999,479.108925,1274.8361,489.672675,53.97945,1474.419879035744,5.810678688126567,339.2580337984476,878.1354244519905,422.19703614337794,42.245563652882204,1168.4076301812997,5.705311073660715,337.68605856473215,911.0176164469246,412.57619673859125,42.5052443578869,1168.4076301812997,5.705311073660715,337.68605856473215,911.0176164469246,412.57619673859125,42.5052443578869
2026-02-05 09:00:00+00:00,3321.570875,62.526815,463.18575,1173.0291750000001,464.8295,44.108175,1425.5377372110408,5.810678688126567,339.167646337163,886.5094726744138,421.1390382525296,42.245563652882204,1168.4076301812997,5.705311073660715,337.68605856473215,911.0176164469246,412.57619673859125,42.5052443578869,1168.4076301812997,5.705311073660715,337.68605856473215,911.0176164469246,412.57619673859125,42.5052443578869
2026-02-05 10:00:00+00:00,3265.994975,34.673795,420.808875,700.3578,453.151475,40.546175000000005,1379.0572283046986,5.810678688126567,339.1063425927142,894.8835208968371,419.87566462815636,42.245563652882204,1168.4076301812997,5.705311073660715,337.68605856473215,911.0176164469246,412.57619673859125,42.5052443578869,1168.4076301812997,5.705311073660715,337.68605856473215,911.0176164469246,412.57619673859125,42.5052443578869
2026-02-05 11:00:00+00:00,3177.51835,6.820775,413.16405,377.89217499999995,440.6729,40.083425,1328.7289893378972,5.810678688126567,339.0022688714911,903.2575691192603,418.2319045096558,42.245563652882204,1168.4076301812997,5.705311073660715,337.68605856473215,911.0176164469246,412.57619673859125,42.5052443578869,1168.4076301812997,5.705311073660715,337.68605856473215,911.0176164469246,412.57619673859125,42.5052443578869
2026-02-05 12:00:00+00:00,3189.2472499999994,0.0,421.682925,405.44712499999997,434.31135,39.339975,1300.1698029131492,5.810678688126567,339.01966246789283,911.6316173416836,418.0100676922527,42.245563652882204,1168.4076301812997,5.705311073660715,337.68605856473215,911.0176164469246,412.57619673859125,42.5052443578869,1168.4076301812997,5.705311073660715,337.68605856473215,911.0176164469246,412.57619673859125,42.5052443578869
2026-02-05 13:00:00+00:00,3359.9765500000003,0.0,423.885325,366.88570000000004,432.127125,39.535799999999995,1295.3624012906284,5.810678688126567,338.77986502024737,920.005665564107,418.176830168379,42.245563652882204,1168.4076301812997,5.705311073660715,337.68605856473215,911.0176164469246,412.57619673859125,42.5052443578869,1168.4076301812997,5.705311073660715,337.68605856473215,911.0176164469246,412.57619673859125,42.5052443578869
2026-02-05 14:00:00+00:00,3390.385725,0.0,426.49755000000005,468.87284999999997,447.60472500000003,40.332225,1330.9285490510142,5.810678688126567,338.609925128067,928.3797137865301,420.12635438034584,42.245563652882204,1168.4076301812997,5.705311073660715,337.68605856473215,911.0176164469246,412.57619673859125,42.5052443578869,1168.4076301812997,5.705311073660715,337.68605856473215,911.0176164469246,412.57619673859125,42.5052443578869
2026-02-05 15:00:00+00:00,3187.828375,0.0,429.56065,1061.3714,483.5597,41.37955,1388.7288714482527,5.810678688126567,338.58711401647076,936.7537620089535,423.2395937980012,42.245563652882204,1168.4076301812997,5.705311073660715,337.68605856473215,911.0176164469246,412.57619673859125,42.5052443578869,1168.4076301812997,5.705311073660715,337.68605856473215,911.0176164469246,412.57619673859125,42.5052443578869
2026-02-05 16:00:00+00:00,2953.3891000000003,0.0,429.332475,1856.7319749999997,503.89322500000003,49.126225,1433.9242614629143,5.810678688126567,338.77558763689683,945.1278102313768,426.4060389900466,42.245563652882204,1168.4076301812997,5.705311073660715,337.68605856473215,911.0176164469246,412.57619673859125,42.5052443578869,1168.4076301812997,5.705311073660715,337.68605856473215,911.0176164469246,412.57619673859125,42.5052443578869
2026-02-05 17:00:00+00:00,3007.47735,0.0,429.50732500000004,1975.474375,507.46195,47.53945,1447.2285096280252,5.810678688126567,338.998277485624,953.5018584538,428.7101394445739,42.245563652882204,1168.4076301812997,5.705311073660715,337.68605856473215,911.0176164469246,412.57619673859125,42.5052443578869,1168.4076301812997,5.705311073660715,337.68605856473215,911.0176164469246,412.57619673859125,42.5052443578869
2026-02-05 18:00:00+00:00,2816.24005,0.0,429.727,1873.1135499999996,503.439775,46.0665,1441.6814239399941,5.810678688126567,339.2241036056995,961.8759066762233,429.89585037704137,42.245563652882204,1168.4076301812997,5.705311073660715,337.68605856473215,911.0176164469246,412.57619673859125,42.5052443578869,1168.4076301812997,5.705311073660715,337.68605856473215,911.0176164469246,412.57619673859125,42.5052443578869
2026-02-05 19:00:00+00:00,2819.2981499999996,0.0,385.050775,1351.4857749999999,489.429975,44.773375,1418.4580389967605,5.810678688126567,339.31933851081783,970.2499548986465,430.5538656799952,42.245563652882204,1168.4076301812997,5.705311073660715,337.68605856473215,911.0176164469246,412.57619673859125,42.5052443578869,1168.4076301812997,5.705311073660715,337.68605856473215,911.0176164469246,412.57619673859125,42.5052443578869
2026-02-05 20:00:00+00:00,3080.9055,0.0,380.59425,755.66105,470.91087500000003,47.528075,1402.3530142167212,5.810678688126567,339.33929836142255,978.6240031210698,431.3398443255228,42.245563652882204,1168.4076301812997,5.705311073660715,337.68605856473215,911.0176164469246,412.57619673859125,42.5052443578869,1168.4076301812997,5.705311073660715,337.68605856473215,911.0176164469246,412.57619673859125,42.5052443578869
2026-02-05 21:00:00+00:00,3201.4043,0.0,384.45342500000004,433.2591,455.539675,50.6627,1383.5072169889984,5.810678688126567,339.34386077807386,986.9980513434931,431.9648978918293,42.245563652882204,1168.4076301812997,5.705311073660715,337.68605856473215,911.0176164469246,412.57619673859125,42.5052443578869,1168.4076301812997,5.705311073660715,337.68605856473215,911.0176164469246,412.57619673859125,42.5052443578869
2026-02-05 22:00:00+00:00,3150.779,0.0,398.53505,315.81202499999995,435.6245,51.05395,1365.3741585230052,5.810678688126567,339.4827207865516,995.3720995659163,432.9420726321971,42.245563652882204,1168.4076301812997,5.705311073660715,337.68605856473215,911.0176164469246,412.57619673859125,42.5052443578869,1168.4076301812997,5.705311073660715,337.68605856473215,911.0176164469246,412.57619673859125,42.5052443578869
2026-02-05 23:00:00+00:00,2919.203725,0.0,402.46475,349.93544999999995,424.5659,49.65035,1351.0746746206228,5.810678688126567,339.5631283158206,1003.7461477883396,433.6657255902457,42.245563652882204,1168.4076301812997,5.705311073660715,337.68605856473215,911.0176164469246,412.57619673859125,42.5052443578869,1168.4076301812997,5.705311073660715,337.68605856473215,911.0176164469246,412.57619673859125,42.5052443578869
2026-02-06 00:00:00+00:00,2901.856325,0.0,411.37485,319.173675,417.613725,50.789725000000004,1341.2156458151187,5.810678688126567,339.60988971075295,811.1430386726045,411.3717243836132,42.245563652882204,1168.4076301812997,5.705311073660715,337.68605856473215,911.0176164469246,412.57619673859125,42.5052443578869,1168.4076301812997,5.705311073660715,337.68605856473215,911.0176164469246,412.57619673859125,42.5052443578869
2026-02-06 01:00:00+00:00,2790.0568249999997,0.0,412.371075,319.1368,415.0067,48.136525,1336.8237069835618,5.810678688126567,339.56170219694553,819.5170868950277,412.06013082386534,42.245563652882204,1168.4076301812997,5.705311073660715,337.68605856473215,911.0176164469246,412.57619673859125,42.5052443578869,1168.4076301812997,5.705311073660715,337.68605856473215,911.0176164469246,412.57619673859125,42.5052443578869
2026-02-06 02:00:00+00:00,2710.552375,0.0,423.2386,325.30662499999994,413.6452,47.554199999999994,1337.9083608623594,5.810678688126567,339.5591359571885,827.891135117451,412.9723688315356,42.245563652882204,1168.4076301812997,5.705311073660715,337.68605856473215,911.0176164469246,412.57619673859125,42.5052443578869,1168.4076301812997,5.705311073660715,337.68605856473215,911.0176164469246,412.57619673859125,42.5052443578869
2026-02-06 03:00:00+00:00,2691.7497,0.08124999999999982,446.045525,325.806775,415.516125,50.27655,1350.0539415775404,5.810678688126567,339.5939222174845,836.2651833398742,414.2125164142952,42.245563652882204,1168.4076301812997,5.705311073660715,337.68605856473215,911.0176164469246,412.57619673859125,42.5052443578869,1168.4076301812997,5.705311073660715,337.68605856473215,911.0176164469246,412.57619673859125,42.5052443578869
2026-02-06 04:00:00+00:00,2675.758575,87.35525,442.17435,323.840275,428.049175,48.371325,1376.737645437503,5.810678688126567,339.61872854623226,844.6392315622975,415.8436818817122,42.245563652882204,1168.4076301812997,5.705311073660715,337.68605856473215,911.0176164469246,412.57619673859125,42.5052443578869,1168.4076301812997,5.705311073660715,337.68605856473215,911.0176164469246,412.57619673859125,42.5052443578869
2026-02-06 05:00:00+00:00,2650.3147,119.76302500000001,441.509625,947.261,459.68472499999996,49.1799,1438.9141829467762,5.810678688126567,339.63441101467635,853.0132797847208,418.61292484958074,42.245563652882204,1168.4076301812997,5.705311073660715,337.68605856473215,911.0176164469246,412.57619673859125,42.5052443578869,1168.4076301812997,5.705311073660715,337.68605856473215,911.0176164469246,412.57619673859125,42.5052443578869
2026-02-06 06:00:00+00:00,2643.5326,89.552525,441.993525,1722.752725,497.78139999999996,51.88415,1485.2693232737513,5.810678688126567,339.6195836372974,861.387328007144,420.86350808926136,42.245563652882204,1168.4076301812997,5.705311073660715,337.68605856473215,911.0176164469246,412.57619673859125,42.5052443578869,1168.4076301812997,5.705311073660715,337.68605856473215,911.0176164469246,412.57619673859125,42.5052443578869
2026-02-06 07:00:00+00:00,2622.90465,101.9345,442.99025,1938.059375,509.649925,51.70225,1491.0472643046287,5.810678688126567,339.46190486880266,869.7613762295673,421.7317940992577,42.245563652882204,1168.4076301812997,5.705311073660715,337.68605856473215,911.0176164469246,412.57619673859125,42.5052443578869,1168.4076301812997,5.705311073660715,337.68605856473215,911.0176164469246,412.57619673859125,42.5052443578869
2026-02-06 08:00:00+00:00,2647.1932500000003,0.0,443.67735,1914.1502,500.089175,51.372575,1463.4844833513253,5.810678688126567,339.371517415166,878.1354244519905,421.4422209624646,42.245563652882204,1168.4076301812997,5.705311073660715,337.68605856473215,911.0176164469246,412.57619673859125,42.5052443578869,1168.4076301812997,5.705311073660715,337.68605856473215,911.0176164469246,412.57619673859125,42.5052443578869
2026-02-06 09:00:00+00:00,2642.8599249999997,0.0,443.707375,1989.2406,480.08115,48.821925,1435.1121195859002,5.810678688126567,339.22838002112854,886.5094726744138,421.0460543627977,42.245563652882204,1168.4076301812997,5.705311073660715,337.68605856473215,911.0176164469246,412.57619673859125,42.5052443578869,1168.4076301812997,5.705311073660715,337.68605856473215,911.0176164469246,412.57619673859125,42.5052443578869
2026-02-06 10:00:00+00:00,2652.945275,0.0,442.816375,1808.8813249999998,458.975075,48.75725,1408.3436528571792,5.810678688126567,339.0977888061714,894.8835208968371,420.611206644662,42.245563652882204,1168.4076301812997,5.705311073660715,337.68605856473215,911.0176164469246,412.57619673859125,42.5052443578869,1168.4076301812997,5.705311073660715,337.68605856473215,911.0176164469246,412.57619673859125,42.5052443578869
2026-02-06 11:00:00+00:00,2656.149725,0.0,442.492975,1381.45895,444.855375,48.66735,1382.6052989016391,5.810678688126567,338.89220756235346,903.2575691192603,419.8996147919342,42.245563652882204,1168.4076301812997,5.705311073660715,337.68605856473215,911.0176164469246,412.57619673859125,42.5052443578869,1168.4076301812997,5.705311073660715,337.68605856473215,911.0176164469246,412.57619673859125,42.5052443578869
2026-02-06 12:00:00+00:00,2657.8798,0.0,443.45117500000003,452.827425,439.859725,49.505224999999996,1370.159944482166,5.810678688126567,338.9292750188449,911.6316173416836,420.2982499829766,42.245563652882204,1168.4076301812997,5.705311073660715,337.68605856473215,911.0176164469246,412.57619673859125,42.5052443578869,1168.4076301812997,5.705311073660715,337.68605856473215,911.0176164469246,412.57619673859125,42.5052443578869
2026-02-06 13:00:00+00:00,2663.2641249999997,0.0,443.5362,1289.560375,434.874425,53.81905,1374.6162105307578,5.810678688126567,338.88108751328014,920.005665564107,421.3687773475501,42.245563652882204,1168.4076301812997,5.705311073660715,337.68605856473215,911.0176164469246,412.57619673859125,42.5052443578869,1168.4076301812997,5.705311073660715,337.68605856473215,911.0176164469246,412.57619673859125,42.5052443578869
2026-02-06 14:00:00+00:00,2665.2667,0.0,443.350075,1494.432875,451.19417500000003,53.721875,1401.043146371962,5.810678688126567,338.95294122048637,928.3797137865301,423.3046762201144,42.245563652882204,1168.4076301812997,5.705311073660715,337.68605856473215,911.0176164469246,412.57619673859125,42.5052443578869,1168.4076301812997,5.705311073660715,337.68605856473215,911.0176164469246,412.57619673859125,42.5052443578869
2026-02-06 15:00:00+00:00,2664.414925,0.0,443.36885,1563.33335,488.989325,54.06805,1416.834578291985,5.810678688126567,338.9164438231189,936.7537620089535,424.69083741133835,42.245563652882204,1168.4076301812997,5.705311073660715,337.68605856473215,911.0176164469246,412.57619673859125,42.5052443578869,1168.4076301812997,5.705311073660715,337.68605856473215,911.0176164469246,412.57619673859125,42.5052443578869
2026-02-06 16:00:00+00:00,2661.0509,0.0,442.54859999999996,2043.6725000000001,510.49147500000004,49.680875,1433.9367724427484,5.810678688126567,338.88964132565565,945.1278102313768,426.22337045548113,42.245563652882204,1168.4076301812997,5.705311073660715,337.68605856473215,911.0176164469246,412.57619673859125,42.5052443578869,1168.4076301812997,5.705311073660715,337.68605856473215,911.0176164469246,412.57619673859125,42.5052443578869
2026-02-06 17:00:00+00:00,2670.1796249999998,0.0,443.1827,1878.228775,513.68865,49.930825,1435.6185761173972,5.810678688126567,338.89734004798595,953.5018584538,427.46323692112867,42.245563652882204,1168.4076301812997,5.705311073660715,337.68605856473215,911.0176164469246,412.57619673859125,42.5052443578869,1168.4076301812997,5.705311073660715,337.68605856473215,911.0176164469246,412.57619673859125,42.5052443578869
2026-02-06 18:00:00+00:00,2677.218775,0.0,443.703275,1162.6085,500.71575,53.575,1417.477082326943,5.810678688126567,338.9657714360541,961.8759066762233,428.12828416880984,42.245563652882204,1168.4076301812997,5.705311073660715,337.68605856473215,911.0176164469246,412.57619673859125,42.5052443578869,1168.4076301812997,5.705311073660715,337.68605856473215,911.0176164469246,412.57619673859125,42.5052443578869
2026-02-06 19:00:00+00:00,2676.34755,0.0,443.51635,480.559975,484.835725,56.2609,1387.2078053100004,5.810678688126567,339.021657689782,970.2499548986465,428.17398069011824,42.245563652882204,1168.4076301812997,5.705311073660715,337.68605856473215,911.0176164469246,412.57619673859125,42.5052443578869,1168.4076301812997,5.705311073660715,337.68605856473215,911.0176164469246,412.57619673859125,42.5052443578869
2026-02-06 20:00:00+00:00,2692.81985,0.0,443.6376,691.590775,464.81745,58.270275,1360.6069120106017,5.810678688126567,339.0131038774065,978.6240031210698,428.34356643560056,42.245563652882204,1168.4076301812997,5.705311073660715,337.68605856473215,911.0176164469246,412.57619673859125,42.5052443578869,1168.4076301812997,5.705311073660715,337.68605856473215,911.0176164469246,412.57619673859125,42.5052443578869
2026-02-06 21:00:00+00:00,2465.0565,0.0,444.37595,471.06987499999997,451.222425,60.279650000000004,1338.8626886634786,5.810678688126567,339.0547337481696,986.9980513434931,428.90260154748705,42.245563652882204,1168.4076301812997,5.705311073660715,337.68605856473215,911.0176164469246,412.57619673859125,42.5052443578869,1168.4076301812997,5.705311073660715,337.68605856473215,911.0176164469246,412.57619673859125,42.5052443578869
2026-02-06 22:00:00+00:00,2035.8914,0.0,419.51595,357.810475,436.254125,62.289025,1305.2790982669276,5.810678688126567,339.06813501661554,995.3720995659163,428.8612190089344,42.245563652882204,1168.4076301812997,5.705311073660715,337.68605856473215,911.0176164469246,412.57619673859125,42.5052443578869,1168.4076301812997,5.705311073660715,337.68605856473215,911.0176164469246,412.57619673859125,42.5052443578869
2026-02-06 23:00:00+00:00,1788.593175,0.0,414.32669999999996,390.64542499999993,428.8637,62.85495,1276.7562531167048,5.810678688126567,339.0173812485202,1003.7461477883396,429.0138814461779,42.245563652882204,1168.4076301812997,5.705311073660715,337.68605856473215,911.0176164469246,412.57619673859125,42.5052443578869,1168.4076301812997,5.705311073660715,337.68605856473215,911.0176164469246,412.57619673859125,42.5052443578869
2026-02-07 00:00:00+00:00,1750.00035,0.0,414.253525,395.57449999999994,420.90755,62.329025,1258.910202133345,5.810678688126567,338.7961175549532,811.1430386726045,405.5740666938415,42.245563652882204,1168.4076301812997,5.705311073660715,337.68605856473215,911.0176164469246,412.57619673859125,42.5052443578869,1168.4076301812997,5.705311073660715,337.68605856473215,911.0176164469246,412.57619673859125,42.5052443578869
2026-02-07 01:00:00+00:00,1674.99515,0.0,414.248725,347.818175,419.593125,61.819,1256.2280276251427,5.810678688126567,338.7775838267074,819.5170868950277,406.5039512876983,42.245563652882204,1168.4076301812997,5.705311073660715,337.68605856473215,911.0176164469246,412.57619673859125,42.5052443578869,1168.4076301812997,5.705311073660715,337.68605856473215,911.0176164469246,412.57619673859125,42.5052443578869
2026-02-07 02:00:00+00:00,1645.58615,0.0,415.061275,356.1101249999999,419.452,62.21745,1256.893989747937,5.810678688126567,338.83632129502973,827.891135117451,407.68505474397733,42.245563652882204,1168.4076301812997,5.705311073660715,337.68605856473215,911.0176164469246,412.57619673859125,42.5052443578869,1168.4076301812997,5.705311073660715,337.68605856473215,911.0176164469246,412.57619673859125,42.5052443578869
2026-02-07 03:00:00+00:00,1660.138575,0.0,415.13987499999996,347.32967499999995,424.94275,62.615899999999996,1263.778899909212,5.810678688126567,338.84516016279997,836.2651833398742,408.92707131609814,42.245563652882204,1168.4076301812997,5.705311073660715,337.68605856473215,911.0176164469246,412.57619673859125,42.5052443578869,1168.4076301812997,5.705311073660715,337.68605856473215,911.0176164469246,412.57619673859125,42.5052443578869
2026-02-07 04:00:00+00:00,1645.8523,0.0,414.967725,418.65875000000005,437.734475,61.6065,1268.6939006700431,5.810678688126567,338.86112764211106,844.6392315622975,410.13593014455427,42.245563652882204,1168.4076301812997,5.705311073660715,337.68605856473215,911.0176164469246,412.57619673859125,42.5052443578869,1168.4076301812997,5.705311073660715,337.68605856473215,911.0176164469246,412.57619673859125,42.5052443578869
2026-02-07 05:00:00+00:00,1655.221375,0.0,414.7677,423.7984500000001,459.17665,59.60265,1284.918104635616,5.810678688126567,338.951800120721,853.0132797847208,411.70284693147363,42.245563652882204,1168.4076301812997,5.705311073660715,337.68605856473215,911.0176164469246,412.57619673859125,42.5052443578869,1168.4076301812997,5.705311073660715,337.68605856473215,911.0176164469246,412.57619673859125,42.5052443578869
2026-02-07 06:00:00+00:00,1702.46735,0.0,414.4454,364.1944000000001,493.650225,53.6682,1303.2510221546975,5.810678688126567,338.85457001954614,861.387328007144,413.09999696714283,42.245563652882204,1168.4076301812997,5.705311073660715,337.68605856473215,911.0176164469246,412.57619673859125,42.5052443578869,1168.4076301812997,5.705311073660715,337.68605856473215,911.0176164469246,412.57619673859125,42.5052443578869
2026-02-07 07:00:00+00:00,1813.734875,0.0,414.65385,362.77842499999997,503.35135,52.54865,1315.2022965978654,5.810678688126567,338.9135925310264,869.7613762295673,414.32697212628955,42.245563652882204,1168.4076301812997,5.705311073660715,337.68605856473215,911.0176164469246,412.57619673859125,42.5052443578869,1168.4076301812997,5.705311073660715,337.68605856473215,911.0176164469246,412.57619673859125,42.5052443578869
2026-02-07 08:00:00+00:00,1735.243825,0.0,414.03965,454.2989,498.23725,53.9575,1293.1311687326822,5.810678688126567,338.7778688304368,878.1354244519905,414.02771669438704,42.245563652882204,1168.4076301812997,5.705311073660715,337.68605856473215,911.0176164469246,412.57619673859125,42.5052443578869,1168.4076301812997,5.705311073660715,337.68605856473215,911.0176164469246,412.57619673859125,42.5052443578869
2026-02-07 09:00:00+00:00,1647.5943,0.0,413.096975,444.19567499999994,472.668675,55.0969,1251.1802283034822,5.810678688126567,338.55403891240866,886.5094726744138,412.76237286454307,42.245563652882204,1168.4076301812997,5.705311073660715,337.68605856473215,911.0176164469246,412.57619673859125,42.5052443578869,1168.4076301812997,5.705311073660715,337.68605856473215,911.0176164469246,412.57619673859125,42.5052443578869
2026-02-07 10:00:00+00:00,1647.42345,0.0,411.5716,443.21482499999996,440.998,56.90805,1206.7503026883758,5.810678688126567,338.3895164728798,894.8835208968371,411.483180996371,42.245563652882204,1168.4076301812997,5.705311073660715,337.68605856473215,911.0176164469246,412.57619673859125,42.5052443578869,1168.4076301812997,5.705311073660715,337.68605856473215,911.0176164469246,412.57619673859125,42.5052443578869
2026-02-07 11:00:00+00:00,1641.546525,0.0,406.58835,414.0880250000001,435.5783,56.976925,1175.8506234241959,5.810678688126567,338.24580905846733,903.2575691192603,410.8221198869161,42.245563652882204,1168.4076301812997,5.705311073660715,337.68605856473215,911.0176164469246,412.57619673859125,42.5052443578869,1168.4076301812997,5.705311073660715,337.68605856473215,911.0176164469246,412.57619673859125,42.5052443578869
2026-02-07 12:00:00+00:00,1648.148075,0.0,413.62284999999997,420.48825,436.213775,58.676024999999996,1156.5519415282456,5.810678688126567,338.0311030119388,911.6316173416836,410.7095063802863,42.245563652882204,1168.4076301812997,5.705311073660715,337.68605856473215,911.0176164469246,412.57619673859125,42.5052443578869,1168.4076301812997,5.705311073660715,337.68605856473215,911.0176164469246,412.57619673859125,42.5052443578869
2026-02-07 13:00:00+00:00,1644.65355,0.0,442.766775,438.355225,443.85095,59.79126875,1167.7070678354762,5.810678688126567,337.94328176151924,920.005665564107,411.7383725019453,42.245563652882204,1168.4076301812997,5.705311073660715,337.68605856473215,911.0176164469246,412.57619673859125,42.5052443578869,1168.4076301812997,5.705311073660715,337.68605856473215,911.0176164469246,412.57619673859125,42.5052443578869
2026-02-07 14:00:00+00:00,1634.4513,0.0,443.278225,427.66434999999996,467.799325,60.9065125,1207.0217413316172,5.810678688126567,337.90592927410665,928.3797137865301,413.85909953276143,42.245563652882204,1168.4076301812997,5.705311073660715,337.68605856473215,911.0176164469246,412.57619673859125,42.5052443578869,1168.4076301812997,5.705311073660715,337.68605856473215,911.0176164469246,412.57619673859125,42.5052443578869
2026-02-07 15:00:00+00:00,1686.73765,0.0,443.852925,561.593175,497.62415,62.021756249999996,1269.9468169598367,5.810678688126567,337.9541167157693,936.7537620089535,416.9723048327994,42.245563652882204,1168.4076301812997,5.705311073660715,337.68605856473215,911.0176164469246,412.57619673859125,42.5052443578869,1168.4076301812997,5.705311073660715,337.68605856473215,911.0176164469246,412.57619673859125,42.5052443578869
2026-02-07 16:00:00+00:00,1812.1008,0.0,443.134925,964.208,520.3079749999999,63.137,1332.9756688943542,5.810678688126567,338.19419924464216,945.1278102313768,420.6982355914385,42.245563652882204,1168.4076301812997,5.705311073660715,337.68605856473215,911.0176164469246,412.57619673859125,42.5052443578869,1168.4076301812997,5.705311073660715,337.68605856473215,911.0176164469246,412.57619673859125,42.5052443578869
2026-02-07 17:00:00+00:00,1826.0899,0.0,442.9116,1164.257275,519.6952,61.717575,1360.102022584496,5.810678688126567,338.3960740954447,953.5018584538,423.2203985340062,42.245563652882204,1168.4076301812997,5.705311073660715,337.68605856473215,911.0176164469246,412.57619673859125,42.5052443578869,1168.4076301812997,5.705311073660715,337.68605856473215,911.0176164469246,412.57619673859125,42.5052443578869
2026-02-07 18:00:00+00:00,1816.6637249999999,0.0,443.94077500000003,693.3608250000001,512.074475,60.5355,1354.0861317667413,5.810678688126567,338.60308051426455,961.8759066762233,424.54156781067167,42.245563652882204,1168.4076301812997,5.705311073660715,337.68605856473215,911.0176164469246,412.57619673859125,42.5052443578869,1168.4076301812997,5.705311073660715,337.68605856473215,911.0176164469246,412.57619673859125,42.5052443578869
2026-02-07 19:00:00+00:00,1811.9952,0.0,444.282325,426.388725,489.40840000000003,63.29275,1334.8533974543125,5.810678688126567,338.78984300027474,970.2499548986465,425.6791616697069,42.245563652882204,1168.4076301812997,5.705311073660715,337.68605856473215,911.0176164469246,412.57619673859125,42.5052443578869,1168.4076301812997,5.705311073660715,337.68605856473215,911.0176164469246,412.57619673859125,42.5052443578869
2026-02-07 20:00:00+00:00,1813.982725,0.0,445.586575,361.33192499999996,467.72825,63.0366625,1326.8257855258635,5.810678688126567,339.0949365461574,978.6240031210698,427.3489830642774,42.245563652882204,1168.4076301812997,5.705311073660715,337.68605856473215,911.0176164469246,412.57619673859125,42.5052443578869,1168.4076301812997,5.705311073660715,337.68605856473215,911.0176164469246,412.57619673859125,42.5052443578869
2026-02-07 21:00:00+00:00,1824.5636,0.0,445.868725,421.16852499999993,449.238425,62.780575,1317.4037908054377,5.810678688126567,339.19758514404407,986.9980513434931,428.55638320055675,42.245563652882204,1168.4076301812997,5.705311073660715,337.68605856473215,911.0176164469246,412.57619673859125,42.5052443578869,1168.4076301812997,5.705311073660715,337.68605856473215,911.0176164469246,412.57619673859125,42.5052443578869
2026-02-07 22:00:00+00:00,1744.387325,0.0,442.79134999999997,376.51,439.2722,62.5244875,1300.888589203274,5.810678688126567,339.25518253218775,995.3720995659163,429.25681345514226,42.245563652882204,1168.4076301812997,5.705311073660715,337.68605856473215,911.0176164469246,412.57619673859125,42.5052443578869,1168.4076301812997,5.705311073660715,337.68605856473215,911.0176164469246,412.57619673859125,42.5052443578869
2026-02-07 23:00:00+00:00,1624.6252,0.0,415.47805,361.34957499999996,428.431425,62.2684,1284.8206044071221,5.810678688126567,339.2486249035045,1003.7461477883396,429.8715952369947,42.245563652882204,1168.4076301812997,5.705311073660715,337.68605856473215,911.0176164469246,412.57619673859125,42.5052443578869,1168.4076301812997,5.705311073660715,337.68605856473215,911.0176164469246,412.57619673859125,42.5052443578869
2026-02-08 00:00:00+00:00,1666.65885,0.0,415.397625,362.55144999999993,420.82484999999997,61.8792625,1273.9952687668851,5.810678688126567,339.16508106838654,811.1430386726045,407.6730664775819,42.245563652882204,1168.4076301812997,5.705311073660715,337.68605856473215,911.0176164469246,412.57619673859125,42.5052443578869,1168.4076301812997,5.705311073660715,337.68605856473215,911.0176164469246,412.57619673859125,42.5052443578869
2026-02-08 01:00:00+00:00,1678.9971,0.0,415.40015,405.50485,418.774925,61.490125000000006,1267.6342808935487,5.810678688126567,339.12002985864365,819.5170868950277,408.3987720330507,42.245563652882204,1168.4076301812997,5.705311073660715,337.68605856473215,911.0176164469246,412.57619673859125,42.5052443578869,1168.4076301812997,5.705311073660715,337.68605856473215,911.0176164469246,412.57619673859125,42.5052443578869
2026-02-08 02:00:00+00:00,1672.282575,0.0,415.43965000000003,439.45500000000004,419.09665,61.03215,1266.1796505742618,5.810678688126567,339.1302948115534,827.891135117451,409.3583381634813,42.245563652882204,1168.4076301812997,5.705311073660715,337.68605856473215,911.0176164469246,412.57619673859125,42.5052443578869,1168.4076301812997,5.705311073660715,337.68605856473215,911.0176164469246,412.57619673859125,42.5052443578869
2026-02-08 03:00:00+00:00,1663.534475,0.0,418.152425,366.1701250000001,425.324,58.16825,1271.4205966330587,5.810678688126567,339.15994858887245,836.2651833398742,410.49275764783914,42.245563652882204,1168.4076301812997,5.705311073660715,337.68605856473215,911.0176164469246,412.57619673859125,42.5052443578869,1168.4076301812997,5.705311073660715,337.68605856473215,911.0176164469246,412.57619673859125,42.5052443578869
2026-02-08 04:00:00+00:00,1649.706225,0.0,445.87855,416.9014,438.246125,63.593125,1270.348059294629,5.810678688126567,339.14398110344297,844.6392315622975,411.3909450581731,42.245563652882204,1168.4076301812997,5.705311073660715,337.68605856473215,911.0176164469246,412.57619673859125,42.5052443578869,1168.4076301812997,5.705311073660715,337.68605856473215,911.0176164469246,412.57619673859125,42.5052443578869
2026-02-08 05:00:00+00:00,1643.962825,0.0,445.716625,409.828775,455.411425,63.0614,1271.2278940676404,5.810678688126567,339.1337161444148,853.0132797847208,412.3323661650509,42.245563652882204,1168.4076301812997,5.705311073660715,337.68605856473215,911.0176164469246,412.57619673859125,42.5052443578869,1168.4076301812997,5.705311073660715,337.68605856473215,911.0176164469246,412.57619673859125,42.5052443578869
2026-02-08 06:00:00+00:00,1705.58045,0.0,429.206375,411.973425,489.3664,62.805954166666666,1287.4060700727835,5.810678688126567,339.2537573830185,861.387328007144,414.16503516259513,42.245563652882204,1168.4076301812997,5.705311073660715,337.68605856473215,911.0176164469246,412.57619673859125,42.5052443578869,1168.4076301812997,5.705311073660715,337.68605856473215,911.0176164469246,412.57619673859125,42.5052443578869
2026-02-08 07:00:00+00:00,1777.833025,0.0,416.157975,429.15557499999994,501.829725,62.55050833333333,1290.3983426738969,5.810678688126567,339.2375048483127,869.7613762295673,414.98579682515714,42.245563652882204,1168.4076301812997,5.705311073660715,337.68605856473215,911.0176164469246,412.57619673859125,42.5052443578869,1168.4076301812997,5.705311073660715,337.68605856473215,911.0176164469246,412.57619673859125,42.5052443578869
2026-02-08 08:00:00+00:00,1677.53615,0.0,416.00565,480.6205,483.719125,62.2950625,1281.1233516774194,5.810678688126567,339.14939860640067,878.1354244519905,415.1398793821284,42.245563652882204,1168.4076301812997,5.705311073660715,337.68605856473215,911.0176164469246,412.57619673859125,42.5052443578869,1168.4076301812997,5.705311073660715,337.68605856473215,911.0176164469246,412.57619673859125,42.5052443578869
2026-02-08 09:00:00+00:00,1604.11985,0.0,409.262225,428.68722499999996,454.891975,62.03961666666667,1261.2849138208303,5.810678688126567,338.9463835856847,886.5094726744138,414.8050517361269,42.245563652882204,1168.4076301812997,5.705311073660715,337.68605856473215,911.0176164469246,412.57619673859125,42.5052443578869,1168.4076301812997,5.705311073660715,337.68605856473215,911.0176164469246,412.57619673859125,42.5052443578869
2026-02-08 10:00:00+00:00,1614.872275,0.0,412.028275,484.50939999999997,443.490275,61.784170833333334,1245.0210103684367,5.810678688126567,338.71200365323375,894.8835208968371,414.47384872614714,42.245563652882204,1168.4076301812997,5.705311073660715,337.68605856473215,911.0176164469246,412.57619673859125,42.5052443578869,1168.4076301812997,5.705311073660715,337.68605856473215,911.0176164469246,412.57619673859125,42.5052443578869
2026-02-08 11:00:00+00:00,1612.459,0.0,412.09097499999996,465.37737500000003,432.37194999999997,61.528725,1226.0447656712681,5.810678688126567,338.5403526021639,903.2575691192603,414.2206476215841,42.245563652882204,1168.4076301812997,5.705311073660715,337.68605856473215,911.0176164469246,412.57619673859125,42.5052443578869,1168.4076301812997,5.705311073660715,337.68605856473215,911.0176164469246,412.57619673859125,42.5052443578869
2026-02-08 12:00:00+00:00,1608.580875,0.0,412.8227,445.98157499999996,434.806175,62.03595,1205.5684124403945,5.810678688126567,338.34988279192726,911.6316173416836,413.8254096730507,42.245563652882204,1168.4076301812997,5.705311073660715,337.68605856473215,911.0176164469246,412.57619673859125,42.5052443578869,1168.4076301812997,5.705311073660715,337.68605856473215,911.0176164469246,412.57619673859125,42.5052443578869
2026-02-08 13:00:00+00:00,1594.48675,0.0,407.41655000000003,434.22795,443.890725,61.54045,1206.2943283391426,5.810678688126567,338.2834465740828,920.005665564107,414.5929688529537,42.245563652882204,1168.4076301812997,5.705311073660715,337.68605856473215,911.0176164469246,412.57619673859125,42.5052443578869,1168.4076301812997,5.705311073660715,337.68605856473215,911.0176164469246,412.57619673859125,42.5052443578869
2026-02-08 14:00:00+00:00,1594.20515,0.0,403.693075,468.93492499999996,454.565225,61.025525,1230.849325741136,5.810678688126567,338.2517965947164,928.3797137865301,416.3279150139487,42.245563652882204,1168.4076301812997,5.705311073660715,337.68605856473215,911.0176164469246,412.57619673859125,42.5052443578869,1168.4076301812997,5.705311073660715,337.68605856473215,911.0176164469246,412.57619673859125,42.5052443578869
2026-02-08 15:00:00+00:00,1756.047025,0.0,405.452475,588.292025,490.7006,60.579425,1278.80765941922,5.810678688126567,338.29741789077514,936.7537620089535,418.92860496271595,42.245563652882204,1168.4076301812997,5.705311073660715,337.68605856473215,911.0176164469246,412.57619673859125,42.5052443578869,1168.4076301812997,5.705311073660715,337.68605856473215,911.0176164469246,412.57619673859125,42.5052443578869
2026-02-08 16:00:00+00:00,2101.4175,0.0,405.476925,825.5208250000001,508.5548,63.99872499999999,1326.1495914554273,5.810678688126567,338.4143228199611,945.1278102313768,421.6816758018382,42.245563652882204,1168.4076301812997,5.705311073660715,337.68605856473215,911.0176164469246,412.57619673859125,42.5052443578869,1168.4076301812997,5.705311073660715,337.68605856473215,911.0176164469246,412.57619673859125,42.5052443578869
2026-02-08 17:00:00+00:00,2272.862525,0.0,405.9768,1062.4173,507.17495,63.11995,1350.4581865840346,5.810678688126567,338.5959528325756,953.5018584538,423.8272717597268,42.245563652882204,1168.4076301812997,5.705311073660715,337.68605856473215,911.0176164469246,412.57619673859125,42.5052443578869,1168.4076301812997,5.705311073660715,337.68605856473215,911.0176164469246,412.57619673859125,42.5052443578869
2026-02-08 18:00:00+00:00,2528.99025,0.0,406.205025,691.446575,498.919575,61.609525,1348.7628538479237,5.810678688126567,338.8120840527469,961.8759066762233,425.3481877027167,42.245563652882204,1168.4076301812997,5.705311073660715,337.68605856473215,911.0176164469246,412.57619673859125,42.5052443578869,1168.4076301812997,5.705311073660715,337.68605856473215,911.0176164469246,412.57619673859125,42.5052443578869
2026-02-08 19:00:00+00:00,2610.553975,0.0,406.19212500000003,413.72575,486.55605,63.030424999999994,1338.4203281322834,5.810678688126567,338.8756690165683,970.2499548986465,426.2306687603316,42.245563652882204,1168.4076301812997,5.705311073660715,337.68605856473215,911.0176164469246,412.57619673859125,42.5052443578869,1168.4076301812997,5.705311073660715,337.68605856473215,911.0176164469246,412.57619673859125,42.5052443578869
2026-02-08 20:00:00+00:00,2456.915675,0.0,406.196525,442.05872500000004,476.39122499999996,63.10307916666666,1331.7627281287075,5.810678688126567,338.91786897228815,978.6240031210698,427.2376573982196,42.245563652882204,1168.4076301812997,5.705311073660715,337.68605856473215,911.0176164469246,412.57619673859125,42.5052443578869,1168.4076301812997,5.705311073660715,337.68605856473215,911.0176164469246,412.57619673859125,42.5052443578869
2026-02-08 21:00:00+00:00,2002.448125,0.0,405.715725,453.95290000000006,460.81327500000003,63.175733333333326,1323.0709627681333,5.810678688126567,339.0133888947317,986.9980513434931,428.30152804336257,42.245563652882204,1168.4076301812997,5.705311073660715,337.68605856473215,911.0176164469246,412.57619673859125,42.5052443578869,1168.4076301812997,5.705311073660715,337.68605856473215,911.0176164469246,412.57619673859125,42.5052443578869
2026-02-08 22:00:00+00:00,1949.5697,0.0,406.349875,421.1231000000001,444.7164,63.24838749999999,1305.6165241292586,5.810678688126567,339.0649987071978,995.3720995659163,429.0683260240969,42.245563652882204,1168.4076301812997,5.705311073660715,337.68605856473215,911.0176164469246,412.57619673859125,42.5052443578869,1168.4076301812997,5.705311073660715,337.68605856473215,911.0176164469246,412.57619673859125,42.5052443578869
2026-02-08 23:00:00+00:00,1933.68395,0.0,405.406675,406.840375,428.45565,63.321041666666666,1287.1023749972783,5.810678688126567,338.99856250294926,1003.7461477883396,429.6134327325869,42.245563652882204,1168.4076301812997,5.705311073660715,337.68605856473215,911.0176164469246,412.57619673859125,42.5052443578869,1168.4076301812997,5.705311073660715,337.68605856473215,911.0176164469246,412.57619673859125,42.5052443578869
2026-02-09 00:00:00+00:00,1951.2256499999999,0.0,405.572925,441.218275,418.9052,63.39369583333333,1277.0929254367259,5.810678688126567,338.9269937994723,811.1430386726045,407.32903067230313,42.245563652882204,1168.4076301812997,5.705311073660715,337.68605856473215,911.0176164469246,412.57619673859125,42.5052443578869,1168.4076301812997,5.705311073660715,337.68605856473215,911.0176164469246,412.57619673859125,42.5052443578869
2026-02-09 01:00:00+00:00,1958.499525,0.0,405.480025,393.158275,416.30065,63.46635,1275.2224442564022,5.810678688126567,338.9532262636443,819.5170868950277,408.3091759450102,42.245563652882204,1168.4076301812997,5.705311073660715,337.68605856473215,911.0176164469246,412.57619673859125,42.5052443578869,1168.4076301812997,5.705311073660715,337.68605856473215,911.0176164469246,412.57619673859125,42.5052443578869
2026-02-09 02:00:00+00:00,1965.8099750000001,0.0,405.453275,402.19395000000003,414.516175,63.539004166666665,1280.1042884059702,5.810678688126567,339.0624324704999,827.891135117451,409.71732046432095,42.245563652882204,1168.4076301812997,5.705311073660715,337.68605856473215,911.0176164469246,412.57619673859125,42.5052443578869,1168.4076301812997,5.705311073660715,337.68605856473215,911.0176164469246,412.57619673859125,42.5052443578869
2026-02-09 03:00:00+00:00,1959.3782250000002,0.0,405.423875,417.2451249999999,419.570675,63.61165833333333,1295.029611020746,5.810678688126567,339.18732115293733,836.2651833398742,411.44547643355514,42.245563652882204,1168.4076301812997,5.705311073660715,337.68605856473215,911.0176164469246,412.57619673859125,42.5052443578869,1168.4076301812997,5.705311073660715,337.68605856473215,911.0176164469246,412.57619673859125,42.5052443578869
2026-02-09 04:00:00+00:00,2102.75715,0.0,405.21585,414.2692,427.989675,63.684312500000004,1328.0749466186558,5.810678688126567,339.20100745094527,844.6392315622975,413.34001664101254,42.245563652882204,1168.4076301812997,5.705311073660715,337.68605856473215,911.0176164469246,412.57619673859125,42.5052443578869,1168.4076301812997,5.705311073660715,337.68605856473215,911.0176164469246,412.57619673859125,42.5052443578869
2026-02-09 05:00:00+00:00,2486.209,0.0,405.07282499999997,1196.48715,451.8473,63.75696666666667,1400.2193635645015,5.810678688126567,339.2708649941736,853.0132797847208,416.4736855788659,42.245563652882204,1168.4076301812997,5.705311073660715,337.68605856473215,911.0176164469246,412.57619673859125,42.5052443578869,1168.4076301812997,5.705311073660715,337.68605856473215,911.0176164469246,412.57619673859125,42.5052443578869
2026-02-09 06:00:00+00:00,2657.9876,0.0,436.949425,1614.74975,484.209725,63.82962083333334,1448.946017574837,5.810678688126567,339.3027999847469,861.387328007144,419.07273341381534,42.245563652882204,1168.4076301812997,5.705311073660715,337.68605856473215,911.0176164469246,412.57619673859125,42.5052443578869,1168.4076301812997,5.705311073660715,337.68605856473215,911.0176164469246,412.57619673859125,42.5052443578869
2026-02-09 07:00:00+00:00,2661.411,0.0,501.187025,2195.733725,489.6774,63.902275,1460.329861852801,5.810678688126567,339.1992963165294,869.7613762295673,420.2395412597087,42.245563652882204,1168.4076301812997,5.705311073660715,337.68605856473215,911.0176164469246,412.57619673859125,42.5052443578869,1168.4076301812997,5.705311073660715,337.68605856473215,911.0176164469246,412.57619673859125,42.5052443578869
2026-02-09 08:00:00+00:00,2681.46325,0.0,511.90437499999996,1613.6079999999997,470.699175,59.760425,1438.851746016877,5.810678688126567,339.1063425927142,878.1354244519905,420.3328970807919,42.245563652882204,1168.4076301812997,5.705311073660715,337.68605856473215,911.0176164469246,412.57619673859125,42.5052443578869,1168.4076301812997,5.705311073660715,337.68605856473215,911.0176164469246,412.57619673859125,42.5052443578869
2026-02-09 09:00:00+00:00,2687.717725,0.0,522.621725,1037.235425,451.387425,60.904624999999996,1406.1816175839606,5.810678688126567,338.94153517392954,886.5094726744138,420.07684915746614,42.245563652882204,1168.4076301812997,5.705311073660715,337.68605856473215,911.0176164469246,412.57619673859125,42.5052443578869,1168.4076301812997,5.705311073660715,337.68605856473215,911.0176164469246,412.57619673859125,42.5052443578869
2026-02-09 10:00:00+00:00,2656.533075,0.0,408.7155,557.80405,435.36795,60.575025,1375.190742563209,5.810678688126567,338.83004772186865,894.8835208968371,419.9974649099991,42.245563652882204,1168.4076301812997,5.705311073660715,337.68605856473215,911.0176164469246,412.57619673859125,42.5052443578869,1168.4076301812997,5.705311073660715,337.68605856473215,911.0176164469246,412.57619673859125,42.5052443578869
2026-02-09 11:00:00+00:00,2651.096775,0.0,404.55135,722.8153249999999,424.376475,62.900999999999996,1359.9871507806583,5.810678688126567,338.72340776394765,903.2575691192603,420.03759039444003,42.245563652882204,1168.4076301812997,5.705311073660715,337.68605856473215,911.0176164469246,412.57619673859125,42.5052443578869,1168.4076301812997,5.705311073660715,337.68605856473215,911.0176164469246,412.57619673859125,42.5052443578869
2026-02-09 12:00:00+00:00,2643.45765,0.0,404.64755,761.9313749999999,425.4679,60.764275,1348.4142745513057,5.810678688126567,338.67807149880997,911.6316173416836,420.3088463080528,42.245563652882204,1168.4076301812997,5.705311073660715,337.68605856473215,911.0176164469246,412.57619673859125,42.5052443578869,1168.4076301812997,5.705311073660715,337.68605856473215,911.0176164469246,412.57619673859125,42.5052443578869
2026-02-09 13:00:00+00:00,2646.128975,0.0,404.705575,1115.123175,434.680175,60.185024999999996,1347.5575332592755,5.810678688126567,338.6008002750501,920.005665564107,420.5765124811901,42.245563652882204,1168.4076301812997,5.705311073660715,337.68605856473215,911.0176164469246,412.57619673859125,42.5052443578869,1168.4076301812997,5.705311073660715,337.68605856473215,911.0176164469246,412.57619673859125,42.5052443578869
2026-02-09 14:00:00+00:00,2652.605875,0.0,414.824075,1264.5735,455.121675,64.18282500000001,1366.1434953877597,5.810678688126567,338.52352902681673,928.3797137865301,421.6110727643963,42.245563652882204,1168.4076301812997,5.705311073660715,337.68605856473215,911.0176164469246,412.57619673859125,42.5052443578869,1168.4076301812997,5.705311073660715,337.68605856473215,911.0176164469246,412.57619673859125,42.5052443578869
2026-02-09 15:00:00+00:00,2654.3897749999996,0.0,449.2893833333333,1871.9387499999998,487.42920000000004,64.12466666666667,1386.9794141633045,5.810678688126567,338.5078466029003,936.7537620089535,423.25522614195955,42.245563652882204,1168.4076301812997,5.705311073660715,337.68605856473215,911.0176164469246,412.57619673859125,42.5052443578869,1168.4076301812997,5.705311073660715,337.68605856473215,911.0176164469246,412.57619673859125,42.5052443578869
2026-02-09 16:00:00+00:00,2660.4044,0.0,483.7546916666667,1854.252575,503.436975,64.06650833333335,1419.8902851543146,5.810678688126567,338.5717165962837,945.1278102313768,425.677133592051,42.245563652882204,1168.4076301812997,5.705311073660715,337.68605856473215,911.0176164469246,412.57619673859125,42.5052443578869,1168.4076301812997,5.705311073660715,337.68605856473215,911.0176164469246,412.57619673859125,42.5052443578869
2026-02-09 17:00:00+00:00,2666.3698249999998,0.0,518.22,1931.6928750000002,506.3484,64.00835000000001,1439.7723702849212,5.810678688126567,338.73110648627795,953.5018584538,427.9612942980235,42.245563652882204,1168.4076301812997,5.705311073660715,337.68605856473215,911.0176164469246,412.57619673859125,42.5052443578869,1168.4076301812997,5.705311073660715,337.68605856473215,911.0176164469246,412.57619673859125,42.5052443578869
2026-02-09 18:00:00+00:00,2651.396425,0.0,442.0712,1978.881725,498.605725,63.950191666666676,1437.69927584873,5.810678688126567,339.0188063976894,961.8759066762233,429.6518429498746,42.245563652882204,1168.4076301812997,5.705311073660715,337.68605856473215,911.0176164469246,412.57619673859125,42.5052443578869,1168.4076301812997,5.705311073660715,337.68605856473215,911.0176164469246,412.57619673859125,42.5052443578869
2026-02-09 19:00:00+00:00,2654.176375,0.0,442.490825,1511.3752,487.3634,63.89203333333334,1409.8557510208745,5.810678688126567,339.0667089117617,970.2499548986465,430.198720572632,42.245563652882204,1168.4076301812997,5.705311073660715,337.68605856473215,911.0176164469246,412.57619673859125,42.5052443578869,1168.4076301812997,5.705311073660715,337.68605856473215,911.0176164469246,412.57619673859125,42.5052443578869
2026-02-09 20:00:00+00:00,2653.4708499999997,0.0,442.894525,987.0508500000001,470.89965,63.833875000000006,1389.9164700900533,5.810678688126567,339.1468314017814,978.6240031210698,430.8964944743704,42.245563652882204,1168.4076301812997,5.705311073660715,337.68605856473215,911.0176164469246,412.57619673859125,42.5052443578869,1168.4076301812997,5.705311073660715,337.68605856473215,911.0176164469246,412.57619673859125,42.5052443578869
2026-02-09 21:00:00+00:00,2478.535875,0.0,434.479425,495.91272499999997,454.428275,63.9872,1363.422727141631,5.810678688126567,339.2189701643823,986.9980513434931,431.3867257991961,42.245563652882204,1168.4076301812997,5.705311073660715,337.68605856473215,911.0176164469246,412.57619673859125,42.5052443578869,1168.4076301812997,5.705311073660715,337.68605856473215,911.0176164469246,412.57619673859125,42.5052443578869
2026-02-09 22:00:00+00:00,2314.55005,0.0,422.805875,476.926975,436.47395,63.99216071428572,1333.348814569204,5.810678688126567,339.26972390664497,995.3720995659163,431.77487011241186,42.245563652882204,1168.4076301812997,5.705311073660715,337.68605856473215,911.0176164469246,412.57619673859125,42.5052443578869,1168.4076301812997,5.705311073660715,337.68605856473215,911.0176164469246,412.57619673859125,42.5052443578869
2026-02-09 23:00:00+00:00,2333.2217499999997,0.0,421.454375,470.3286,424.04495000000003,63.99712142857143,1311.704626536866,5.810678688126567,339.3150601588663,1003.7461477883396,432.35694533943524,42.245563652882204,1168.4076301812997,5.705311073660715,337.68605856473215,911.0176164469246,412.57619673859125,42.5052443578869,1168.4076301812997,5.705311073660715,337.68605856473215,911.0176164469246,412.57619673859125,42.5052443578869
2026-02-10 00:00:00+00:00,2251.618225,0.0,413.69392500000004,417.93672499999997,418.5661,64.00208214285715,1298.4432686695086,5.810678688126567,339.36524384812327,811.1430386726045,410.1243778808099,42.245563652882204,1168.4076301812997,5.705311073660715,337.68605856473215,911.0176164469246,412.57619673859125,42.5052443578869,1168.4076301812997,5.705311073660715,337.68605856473215,911.0176164469246,412.57619673859125,42.5052443578869
2026-02-10 01:00:00+00:00,2148.359325,0.0,414.412325,376.5701,413.110625,64.00704285714286,1287.916339984474,5.810678688126567,339.34956137967924,819.5170868950277,410.7842889514771,42.245563652882204,1168.4076301812997,5.705311073660715,337.68605856473215,911.0176164469246,412.57619673859125,42.5052443578869,1168.4076301812997,5.705311073660715,337.68605856473215,911.0176164469246,412.57619673859125,42.5052443578869
2026-02-10 02:00:00+00:00,2148.798075,0.0,414.517375,393.46967500000005,412.91735,64.01200357142858,1286.6899373336046,5.810678688126567,339.27200511378084,827.891135117451,411.54794852644113,42.245563652882204,1168.4076301812997,5.705311073660715,337.68605856473215,911.0176164469246,412.57619673859125,42.5052443578869,1168.4076301812997,5.705311073660715,337.68605856473215,911.0176164469246,412.57619673859125,42.5052443578869
2026-02-10 03:00:00+00:00,2142.545,0.0,414.4869,416.3622500000001,417.79665,64.0169642857143,1289.6650161279606,5.810678688126567,339.22952014073576,836.2651833398742,412.5213759952747,42.245563652882204,1168.4076301812997,5.705311073660715,337.68605856473215,911.0176164469246,412.57619673859125,42.5052443578869,1168.4076301812997,5.705311073660715,337.68605856473215,911.0176164469246,412.57619673859125,42.5052443578869
2026-02-10 04:00:00+00:00,2294.8354,0.0,414.275625,439.091375,429.813975,64.02192500000001,1312.0546274857363,5.810678688126567,339.3147751163879,844.6392315622975,414.3259826718474,42.245563652882204,1168.4076301812997,5.705311073660715,337.68605856473215,911.0176164469246,412.57619673859125,42.5052443578869,1168.4076301812997,5.705311073660715,337.68605856473215,911.0176164469246,412.57619673859125,42.5052443578869
2026-02-10 05:00:00+00:00,2614.290125,0.0,413.92565,957.3438,458.155325,57.069775,1375.2071618368186,5.810678688126567,339.4211300763582,853.0132797847208,417.41492644751327,42.245563652882204,1168.4076301812997,5.705311073660715,337.68605856473215,911.0176164469246,412.57619673859125,42.5052443578869,1168.4076301812997,5.705311073660715,337.68605856473215,911.0176164469246,412.57619673859125,42.5052443578869
2026-02-10 06:00:00+00:00,2637.382625,0.0,413.772675,1588.4848000000002,495.476375,55.129675,1417.0579040259029,5.810678688126567,339.37550880103305,861.387328007144,419.52399533796813,42.245563652882204,1168.4076301812997,5.705311073660715,337.68605856473215,911.0176164469246,412.57619673859125,42.5052443578869,1168.4076301812997,5.705311073660715,337.68605856473215,911.0176164469246,412.57619673859125,42.5052443578869
2026-02-10 07:00:00+00:00,2640.548525,0.0,406.03477499999997,1641.527025,506.271125,58.994125,1419.2327747268826,5.810678688126567,339.2928200552808,869.7613762295673,420.0923464940362,42.245563652882204,1168.4076301812997,5.705311073660715,337.68605856473215,911.0176164469246,412.57619673859125,42.5052443578869,1168.4076301812997,5.705311073660715,337.68605856473215,911.0176164469246,412.57619673859125,42.5052443578869
2026-02-10 08:00:00+00:00,2649.59135,0.0,382.9098,1046.60155,499.83515,52.9814,1396.5649365417785,5.810678688126567,339.1408438261037,878.1354244519905,419.6411282770555,42.245563652882204,1168.4076301812997,5.705311073660715,337.68605856473215,911.0176164469246,412.57619673859125,42.5052443578869,1168.4076301812997,5.705311073660715,337.68605856473215,911.0176164469246,412.57619673859125,42.5052443578869
2026-02-10 09:00:00+00:00,2647.689575,0.0,383.651075,615.927825,474.53765,54.581649999999996,1377.278109693039,5.810678688126567,338.8788062680748,886.5094726744138,419.28021255544337,42.245563652882204,1168.4076301812997,5.705311073660715,337.68605856473215,911.0176164469246,412.57619673859125,42.5052443578869,1168.4076301812997,5.705311073660715,337.68605856473215,911.0176164469246,412.57619673859125,42.5052443578869
2026-02-10 10:00:00+00:00,2326.280525,0.0,384.065925,497.78977499999996,448.21045,54.4438,1367.403262500339,5.810678688126567,338.7057300800726,894.8835208968371,419.2148803202369,42.245563652882204,1168.4076301812997,5.705311073660715,337.68605856473215,911.0176164469246,412.57619673859125,42.5052443578869,1168.4076301812997,5.705311073660715,337.68605856473215,911.0176164469246,412.57619673859125,42.5052443578869
2026-02-10 11:00:00+00:00,1965.028325,0.0,382.1705,477.533425,432.66087500000003,50.6864,1360.1533276284806,5.810678688126567,338.6104951627175,903.2575691192603,418.9533034996434,42.245563652882204,1168.4076301812997,5.705311073660715,337.68605856473215,911.0176164469246,412.57619673859125,42.5052443578869,1168.4076301812997,5.705311073660715,337.68605856473215,911.0176164469246,412.57619673859125,42.5052443578869
2026-02-10 12:00:00+00:00,1966.644675,0.0,383.677375,427.148725,428.700225,51.074875,1352.705941637093,5.810678688126567,338.44939413830735,911.6316173416836,418.83939110300315,42.245563652882204,1168.4076301812997,5.705311073660715,337.68605856473215,911.0176164469246,412.57619673859125,42.5052443578869,1168.4076301812997,5.705311073660715,337.68605856473215,911.0176164469246,412.57619673859125,42.5052443578869
2026-02-10 13:00:00+00:00,2020.774075,0.0,383.6704,406.6173499999999,432.854475,51.05915,1345.5139646170821,5.810678688126567,338.243527889401,920.005665564107,418.82608493792765,42.245563652882204,1168.4076301812997,5.705311073660715,337.68605856473215,911.0176164469246,412.57619673859125,42.5052443578869,1168.4076301812997,5.705311073660715,337.68605856473215,911.0176164469246,412.57619673859125,42.5052443578869
2026-02-10 14:00:00+00:00,2509.7897249999996,0.0,381.64175,527.77485,458.197175,51.367425,1354.1347669246131,5.810678688126567,338.21672527637014,928.3797137865301,419.9646787233739,42.245563652882204,1168.4076301812997,5.705311073660715,337.68605856473215,911.0176164469246,412.57619673859125,42.5052443578869,1168.4076301812997,5.705311073660715,337.68605856473215,911.0176164469246,412.57619673859125,42.5052443578869
2026-02-10 15:00:00+00:00,2630.1760249999998,0.0,381.5636,1443.8841,488.442975,51.093824999999995,1370.7158475305184,5.810678688126567,338.2004727933297,936.7537620089535,421.59518121714115,42.245563652882204,1168.4076301812997,5.705311073660715,337.68605856473215,911.0176164469246,412.57619673859125,42.5052443578869,1168.4076301812997,5.705311073660715,337.68605856473215,911.0176164469246,412.57619673859125,42.5052443578869
2026-02-10 16:00:00+00:00,2655.9552750000003,0.0,381.016475,1715.5185749999998,506.17494999999997,49.017925,1398.3426604852925,5.810678688126567,338.29114527193957,945.1278102313768,423.89713397135955,42.245563652882204,1168.4076301812997,5.705311073660715,337.68605856473215,911.0176164469246,412.57619673859125,42.5052443578869,1168.4076301812997,5.705311073660715,337.68605856473215,911.0176164469246,412.57619673859125,42.5052443578869
2026-02-10 17:00:00+00:00,2667.901125,0.0,381.1008,1628.484075,502.570525,49.52135,1408.5789706598102,5.810678688126567,338.52295899216625,953.5018584538,425.98328197674346,42.245563652882204,1168.4076301812997,5.705311073660715,337.68605856473215,911.0176164469246,412.57619673859125,42.5052443578869,1168.4076301812997,5.705311073660715,337.68605856473215,911.0176164469246,412.57619673859125,42.5052443578869
2026-02-10 18:00:00+00:00,2666.327325,0.0,381.163675,1169.8384999999998,490.436775,48.1348,1392.2309180630664,5.810678688126567,338.3920817674889,961.8759066762233,426.30932290848125,42.245563652882204,1168.4076301812997,5.705311073660715,337.68605856473215,911.0176164469246,412.57619673859125,42.5052443578869,1168.4076301812997,5.705311073660715,337.68605856473215,911.0176164469246,412.57619673859125,42.5052443578869
2026-02-10 19:00:00+00:00,2676.402525,0.0,381.13712499999997,1310.7127000000003,468.63785,52.06185,1366.7968127987583,5.810678688126567,338.492734161969,970.2499548986465,426.8326935475967,42.245563652882204,1168.4076301812997,5.705311073660715,337.68605856473215,911.0176164469246,412.57619673859125,42.5052443578869,1168.4076301812997,5.705311073660715,337.68605856473215,911.0176164469246,412.57619673859125,42.5052443578869
2026-02-10 20:00:00+00:00,2674.90735,0.0,381.374625,891.472425,453.9752,50.544425000000004,1344.5807472198226,5.810678688126567,338.6150566199454,978.6240031210698,427.4592309305432,42.245563652882204,1168.4076301812997,5.705311073660715,337.68605856473215,911.0176164469246,412.57619673859125,42.5052443578869,1168.4076301812997,5.705311073660715,337.68605856473215,911.0176164469246,412.57619673859125,42.5052443578869
2026-02-10 21:00:00+00:00,2487.315375,0.0,382.28677500000003,498.59265000000005,444.559725,50.878325000000004,1309.2848715291486,5.810678688126567,338.6786416095994,986.9980513434931,427.4029726562597,42.245563652882204,1168.4076301812997,5.705311073660715,337.68605856473215,911.0176164469246,412.57619673859125,42.5052443578869,1168.4076301812997,5.705311073660715,337.68605856473215,911.0176164469246,412.57619673859125,42.5052443578869
2026-02-10 22:00:00+00:00,1876.4455,0.0,382.847825,445.73345000000006,430.696425,47.971025,1278.9838677543519,5.810678688126567,338.7636115556896,995.3720995659163,427.55554165036085,42.245563652882204,1168.4076301812997,5.705311073660715,337.68605856473215,911.0176164469246,412.57619673859125,42.5052443578869,1168.4076301812997,5.705311073660715,337.68605856473215,911.0176164469246,412.57619673859125,42.5052443578869
2026-02-10 23:00:00+00:00,1804.3249,0.0,381.7658,411.66617499999995,418.58475,50.9717,1256.189850777295,5.810678688126567,338.75562777796455,1003.7461477883396,427.56415258686263,42.245563652882204,1168.4076301812997,5.705311073660715,337.68605856473215,911.0176164469246,412.57619673859125,42.5052443578869,1168.4076301812997,5.705311073660715,337.68605856473215,911.0176164469246,412.57619673859125,42.5052443578869
2026-02-11 00:00:00+00:00,1730.64505,0.0,381.315625,382.4195500000001,412.777175,50.738075,1230.5304402134495,5.810678688126567,338.593956642765,811.1430386726045,404.0290486568029,42.245563652882204,1168.4076301812997,5.705311073660715,337.68605856473215,911.0176164469246,412.57619673859125,42.5052443578869,1168.4076301812997,5.705311073660715,337.68605856473215,911.0176164469246,412.57619673859125,42.5052443578869
2026-02-11 01:00:00+00:00,1689.047975,0.0,381.2223,392.48412499999995,410.76575,47.6917,1221.579121175848,5.810678688126567,338.5212478332768,819.5170868950277,404.52217354044575,42.245563652882204,1168.4076301812997,5.705311073660715,337.68605856473215,911.0176164469246,412.57619673859125,42.5052443578869,1168.4076301812997,5.705311073660715,337.68605856473215,911.0176164469246,412.57619673859125,42.5052443578869
2026-02-11 02:00:00+00:00,1650.541075,0.0,380.980975,382.80954999999994,410.284675,47.88535,1221.7649883229935,5.810678688126567,338.4348527380174,827.891135117451,405.3590946057487,42.245563652882204,1168.4076301812997,5.705311073660715,337.68605856473215,911.0176164469246,412.57619673859125,42.5052443578869,1168.4076301812997,5.705311073660715,337.68605856473215,911.0176164469246,412.57619673859125,42.5052443578869
2026-02-11 03:00:00+00:00,1611.9955,0.0,381.069325,432.868025,413.25307499999997,45.8177,1224.1437190965325,5.810678688126567,338.34475031853157,836.2651833398742,406.51630600238855,42.245563652882204,1168.4076301812997,5.705311073660715,337.68605856473215,911.0176164469246,412.57619673859125,42.5052443578869,1168.4076301812997,5.705311073660715,337.68605856473215,911.0176164469246,412.57619673859125,42.5052443578869
2026-02-11 04:00:00+00:00,1640.767125,0.0,381.188175,490.941625,424.61625000000004,44.949600000000004,1249.7033274160085,5.810678688126567,338.2920003619848,844.6392315622975,407.9281802075583,42.245563652882204,1168.4076301812997,5.705311073660715,337.68605856473215,911.0176164469246,412.57619673859125,42.5052443578869,1168.4076301812997,5.705311073660715,337.68605856473215,911.0176164469246,412.57619673859125,42.5052443578869
2026-02-11 05:00:00+00:00,1970.41905,0.0,380.522675,809.843825,441.66880000000003,44.702275,1306.9480104122647,5.810678688126567,338.1984766551845,853.0132797847208,410.0643609560108,42.245563652882204,1168.4076301812997,5.705311073660715,337.68605856473215,911.0176164469246,412.57619673859125,42.5052443578869,1168.4076301812997,5.705311073660715,337.68605856473215,911.0176164469246,412.57619673859125,42.5052443578869
2026-02-11 06:00:00+00:00,2373.872,0.0,380.817925,1164.6115,471.69482500000004,53.18115,1346.490433637815,5.810678688126567,338.1103703738438,861.387328007144,411.951584123599,42.245563652882204,1168.4076301812997,5.705311073660715,337.68605856473215,911.0176164469246,412.57619673859125,42.5052443578869,1168.4076301812997,5.705311073660715,337.68605856473215,911.0176164469246,412.57619673859125,42.5052443578869
2026-02-11 07:00:00+00:00,2437.1117,0.0,380.349525,1461.7164500000001,475.7569,57.543225,1353.4299599351377,5.810678688126567,338.108659163289,869.7613762295673,413.1297843063678,42.245563652882204,1168.4076301812997,5.705311073660715,337.68605856473215,911.0176164469246,412.57619673859125,42.5052443578869,1168.4076301812997,5.705311073660715,337.68605856473215,911.0176164469246,412.57619673859125,42.5052443578869
2026-02-11 08:00:00+00:00,2451.0643,0.0,380.609175,1184.775725,471.93515,59.518,1343.2232445940729,5.810678688126567,338.15114414857084,878.1354244519905,413.6819845380244,42.245563652882204,1168.4076301812997,5.705311073660715,337.68605856473215,911.0176164469246,412.57619673859125,42.5052443578869,1168.4076301812997,5.705311073660715,337.68605856473215,911.0176164469246,412.57619673859125,42.5052443578869
2026-02-11 09:00:00+00:00,2456.4115,0.0,380.7334,791.0186249999999,450.23222499999997,53.157125,1329.1977273954583,5.810678688126567,338.1115104920919,886.5094726744138,413.8309296276398,42.245563652882204,1168.4076301812997,5.705311073660715,337.68605856473215,911.0176164469246,412.57619673859125,42.5052443578869,1168.4076301812997,5.705311073660715,337.68605856473215,911.0176164469246,412.57619673859125,42.5052443578869
2026-02-11 10:00:00+00:00,2460.3600500000002,0.0,381.53675,955.4001000000001,431.06065,54.87,1325.5653375504953,5.810678688126567,338.0924066802486,894.8835208968371,414.4587406222003,42.245563652882204,1168.4076301812997,5.705311073660715,337.68605856473215,911.0176164469246,412.57619673859125,42.5052443578869,1168.4076301812997,5.705311073660715,337.68605856473215,911.0176164469246,412.57619673859125,42.5052443578869
2026-02-11 11:00:00+00:00,2475.628175,0.0,383.038675,792.2537249999999,428.34235,62.262675,1302.857332017416,5.810678688126567,337.8497579513882,903.2575691192603,414.39131416665373,42.245563652882204,1168.4076301812997,5.705311073660715,337.68605856473215,911.0176164469246,412.57619673859125,42.5052443578869,1168.4076301812997,5.705311073660715,337.68605856473215,911.0176164469246,412.57619673859125,42.5052443578869
2026-02-11 12:00:00+00:00,2547.48845,0.0,383.168475,626.59,426.831975,63.23545,1299.1993274423437,5.810678688126567,337.9484142593885,911.6316173416836,416.0721360327637,42.245563652882204,1168.4076301812997,5.705311073660715,337.68605856473215,911.0176164469246,412.57619673859125,42.5052443578869,1168.4076301812997,5.705311073660715,337.68605856473215,911.0176164469246,412.57619673859125,42.5052443578869
2026-02-11 13:00:00+00:00,2524.2111,0.0,383.1392,690.27705,429.850475,62.526875000000004,1293.786905781053,5.810678688126567,337.7542381064427,920.005665564107,416.46019279902333,42.245563652882204,1168.4076301812997,5.705311073660715,337.68605856473215,911.0176164469246,412.57619673859125,42.5052443578869,1168.4076301812997,5.705311073660715,337.68605856473215,911.0176164469246,412.57619673859125,42.5052443578869
2026-02-11 14:00:00+00:00,2535.13195,0.0,383.145625,664.5556,442.26395,61.8183,1292.8503055953736,5.810678688126567,337.8209593035429,928.3797137865301,417.52888000732037,42.245563652882204,1168.4076301812997,5.705311073660715,337.68605856473215,911.0176164469246,412.57619673859125,42.5052443578869,1168.4076301812997,5.705311073660715,337.68605856473215,911.0176164469246,412.57619673859125,42.5052443578869
2026-02-11 15:00:00+00:00,2630.2914,0.0,386.896775,913.477625,468.08885,61.109725000000005,1308.3957312849006,5.810678688126567,337.93615302217404,936.7537620089535,419.2496549204655,42.245563652882204,1168.4076301812997,5.705311073660715,337.68605856473215,911.0176164469246,412.57619673859125,42.5052443578869,1168.4076301812997,5.705311073660715,337.68605856473215,911.0176164469246,412.57619673859125,42.5052443578869
2026-02-11 16:00:00+00:00,2656.031975,0.0,388.7765,1343.210825,497.17615,60.40115,1330.9586587330803,5.810678688126567,337.9042180635518,945.1278102313768,420.98659265690367,42.245563652882204,1168.4076301812997,5.705311073660715,337.68605856473215,911.0176164469246,412.57619673859125,42.5052443578869,1168.4076301812997,5.705311073660715,337.68605856473215,911.0176164469246,412.57619673859125,42.5052443578869
2026-02-11 17:00:00+00:00,2695.96355,0.0,383.516025,1252.450725,505.011625,59.692575000000005,1347.6493146469302,5.810678688126567,338.01570556727813,953.5018584538,422.63866167660376,42.245563652882204,1168.4076301812997,5.705311073660715,337.68605856473215,911.0176164469246,412.57619673859125,42.5052443578869,1168.4076301812997,5.705311073660715,337.68605856473215,911.0176164469246,412.57619673859125,42.5052443578869
2026-02-11 18:00:00+00:00,2691.964975,0.0,383.478725,1071.0322,500.14272500000004,61.06295,1340.6853475592102,5.810678688126567,338.04421913525516,961.8759066762233,423.50935326619145,42.245563652882204,1168.4076301812997,5.705311073660715,337.68605856473215,911.0176164469246,412.57619673859125,42.5052443578869,1168.4076301812997,5.705311073660715,337.68605856473215,911.0176164469246,412.57619673859125,42.5052443578869
2026-02-11 19:00:00+00:00,2644.410225,0.0,384.2308,621.0248,486.461425,61.3548,1319.2037177121485,5.810678688126567,338.07700928453505,970.2499548986465,424.0263787967233,42.245563652882204,1168.4076301812997,5.705311073660715,337.68605856473215,911.0176164469246,412.57619673859125,42.5052443578869,1168.4076301812997,5.705311073660715,337.68605856473215,911.0176164469246,412.57619673859125,42.5052443578869
2026-02-11 20:00:00+00:00,2471.49455,0.0,382.19295,652.557125,470.719875,61.642975,1304.5441076783236,5.810678688126567,338.17024801479783,978.6240031210698,424.7843509225143,42.245563652882204,1168.4076301812997,5.705311073660715,337.68605856473215,911.0176164469246,412.57619673859125,42.5052443578869,1168.4076301812997,5.705311073660715,337.68605856473215,911.0176164469246,412.57619673859125,42.5052443578869
2026-02-11 21:00:00+00:00,1844.975675,0.0,382.583925,538.0123749999999,454.516125,62.573175,1288.2658531523061,5.810678688126567,338.19933169356426,986.9980513434931,425.40885044091783,42.245563652882204,1168.4076301812997,5.705311073660715,337.68605856473215,911.0176164469246,412.57619673859125,42.5052443578869,1168.4076301812997,5.705311073660715,337.68605856473215,911.0176164469246,412.57619673859125,42.5052443578869
2026-02-11 22:00:00+00:00,1722.0009,0.0,382.34585,619.86845,434.275675,63.640474999999995,1264.6885149589236,5.810678688126567,338.2874379721867,995.3720995659163,425.96197870400187,42.245563652882204,1168.4076301812997,5.705311073660715,337.68605856473215,911.0176164469246,412.57619673859125,42.5052443578869,1168.4076301812997,5.705311073660715,337.68605856473215,911.0176164469246,412.57619673859125,42.5052443578869
2026-02-11 23:00:00+00:00,1668.4257499999999,0.0,381.45435,601.311675,420.51890000000003,63.660574999999994,1235.102047711521,5.810678688126567,338.32422040047527,1003.7461477883396,426.37034422333545,42.245563652882204,1168.4076301812997,5.705311073660715,337.68605856473215,911.0176164469246,412.57619673859125,42.5052443578869,1168.4076301812997,5.705311073660715,337.68605856473215,911.0176164469246,412.57619673859125,42.5052443578869
2026-02-12 00:00:00+00:00,1654.310825,0.0,381.535875,533.655075,415.30975,62.12455,1212.6594179056385,5.810678688126567,338.26776415016644,811.1430386726045,403.76601721225256,42.245563652882204,1168.4076301812997,5.705311073660715,337.68605856473215,911.0176164469246,412.57619673859125,42.5052443578869,1168.4076301812997,5.705311073660715,337.68605856473215,911.0176164469246,412.57619673859125,42.5052443578869
2026-02-12 01:00:00+00:00,1630.4944,0.0,381.54895,536.6948749999999,411.897525,59.75955,1198.58418055077,5.810678688126567,338.34532035318205,819.5170868950277,404.41648819686753,42.245563652882204,1168.4076301812997,5.705311073660715,337.68605856473215,911.0176164469246,412.57619673859125,42.5052443578869,1168.4076301812997,5.705311073660715,337.68605856473215,911.0176164469246,412.57619673859125,42.5052443578869
2026-02-12 02:00:00+00:00,1634.800925,0.0,381.60935,535.944275,410.8084,59.8495,1194.4625958401302,5.810678688126567,338.33705159620126,827.891135117451,404.9597264414293,42.245563652882204,1168.4076301812997,5.705311073660715,337.68605856473215,911.0176164469246,412.57619673859125,42.5052443578869,1168.4076301812997,5.705311073660715,337.68605856473215,911.0176164469246,412.57619673859125,42.5052443578869
2026-02-12 03:00:00+00:00,1638.83755,0.0,382.076475,527.1818499999999,413.646275,58.914175,1199.4658373175782,5.810678688126567,338.3535891346364,836.2651833398742,405.97625662842955,42.245563652882204,1168.4076301812997,5.705311073660715,337.68605856473215,911.0176164469246,412.57619673859125,42.5052443578869,1168.4076301812997,5.705311073660715,337.68605856473215,911.0176164469246,412.57619673859125,42.5052443578869
2026-02-12 04:00:00+00:00,1699.6694750000001,0.0,381.95135,603.6455249999999,427.192575,57.733425,1235.4958779136568,5.810678688126567,338.3701267247369,844.6392315622975,407.92382762464166,42.245563652882204,1168.4076301812997,5.705311073660715,337.68605856473215,911.0176164469246,412.57619673859125,42.5052443578869,1168.4076301812997,5.705311073660715,337.68605856473215,911.0176164469246,412.57619673859125,42.5052443578869
2026-02-12 05:00:00+00:00,2157.0501,0.0,380.477775,870.6988000000001,451.37675,46.76445,1299.5053662488365,5.810678688126567,338.2711854374808,853.0132797847208,410.29780126287056,42.245563652882204,1168.4076301812997,5.705311073660715,337.68605856473215,911.0176164469246,412.57619673859125,42.5052443578869,1168.4076301812997,5.705311073660715,337.68605856473215,911.0176164469246,412.57619673859125,42.5052443578869
2026-02-12 06:00:00+00:00,2380.377925,0.0,380.063875,812.3587,485.530175,50.608000000000004,1348.1640279202604,5.810678688126567,338.27375163746837,861.387328007144,412.7759016431356,42.245563652882204,1168.4076301812997,5.705311073660715,337.68605856473215,911.0176164469246,412.57619673859125,42.5052443578869,1168.4076301812997,5.705311073660715,337.68605856473215,911.0176164469246,412.57619673859125,42.5052443578869
2026-02-12 07:00:00+00:00,2405.182725,0.0,380.449675,929.7951,500.608725,39.955375000000004,1359.2683454741266,5.810678688126567,338.41289668927453,869.7613762295673,413.9299985526482,42.245563652882204,1168.4076301812997,5.705311073660715,337.68605856473215,911.0176164469246,412.57619673859125,42.5052443578869,1168.4076301812997,5.705311073660715,337.68605856473215,911.0176164469246,412.57619673859125,42.5052443578869
2026-02-12 08:00:00+00:00,2127.7711,0.0,381.086575,799.87685,494.32755,36.68135,1339.891552384264,5.810678688126567,338.26006540336255,878.1354244519905,413.66335113218076,42.245563652882204,1168.4076301812997,5.705311073660715,337.68605856473215,911.0176164469246,412.57619673859125,42.5052443578869,1168.4076301812997,5.705311073660715,337.68605856473215,911.0176164469246,412.57619673859125,42.5052443578869
2026-02-12 09:00:00+00:00,1835.8178,0.0,383.04285,749.82245,465.793725,35.168025,1321.305544160155,5.810678688126567,338.0949729291832,886.5094726744138,414.1168276139557,42.245563652882204,1168.4076301812997,5.705311073660715,337.68605856473215,911.0176164469246,412.57619673859125,42.5052443578869,1168.4076301812997,5.705311073660715,337.68605856473215,911.0176164469246,412.57619673859125,42.5052443578869
2026-02-12 10:00:00+00:00,1736.64155,0.0,383.706,731.772525,447.61225,37.654700000000005,1317.4379112192655,5.810678688126567,338.0100030075666,894.8835208968371,415.14252519047056,42.245563652882204,1168.4076301812997,5.705311073660715,337.68605856473215,911.0176164469246,412.57619673859125,42.5052443578869,1168.4076301812997,5.705311073660715,337.68605856473215,911.0176164469246,412.57619673859125,42.5052443578869
2026-02-12 11:00:00+00:00,1528.9762249999999,0.0,381.3506,699.3179749999999,427.80062499999997,37.241425,1312.0559557832273,5.810678688126567,338.10352671436686,903.2575691192603,416.7529605980008,42.245563652882204,1168.4076301812997,5.705311073660715,337.68605856473215,911.0176164469246,412.57619673859125,42.5052443578869,1168.4076301812997,5.705311073660715,337.68605856473215,911.0176164469246,412.57619673859125,42.5052443578869
2026-02-12 12:00:00+00:00,1409.09025,0.0,382.27975,618.985325,421.524,37.510625000000005,1300.742519494896,5.810678688126567,337.97322058199626,911.6316173416836,417.02193288187647,42.245563652882204,1168.4076301812997,5.705311073660715,337.68605856473215,911.0176164469246,412.57619673859125,42.5052443578869,1168.4076301812997,5.705311073660715,337.68605856473215,911.0176164469246,412.57619673859125,42.5052443578869
2026-02-12 13:00:00+00:00,1396.81875,0.0,382.17845,669.477125,428.641975,36.52605,1283.481732572795,5.810678688126567,338.0425080769782,920.005665564107,417.5546275640089,42.245563652882204,1168.4076301812997,5.705311073660715,337.68605856473215,911.0176164469246,412.57619673859125,42.5052443578869,1168.4076301812997,5.705311073660715,337.68605856473215,911.0176164469246,412.57619673859125,42.5052443578869
2026-02-12 14:00:00+00:00,1389.99745,0.0,381.7939,667.87415,448.73924999999997,36.471199999999996,1279.364512719832,5.810678688126567,338.0268255524493,928.3797137865301,417.5673575666331,42.245563652882204,1168.4076301812997,5.705311073660715,337.68605856473215,911.0176164469246,412.57619673859125,42.5052443578869,1168.4076301812997,5.705311073660715,337.68605856473215,911.0176164469246,412.57619673859125,42.5052443578869
2026-02-12 15:00:00+00:00,1396.655475,0.0,383.137375,671.2078499999999,478.7894,36.731575,1291.820518641384,5.810678688126567,337.91220184127684,936.7537620089535,418.56043069595177,42.245563652882204,1168.4076301812997,5.705311073660715,337.68605856473215,911.0176164469246,412.57619673859125,42.5052443578869,1168.4076301812997,5.705311073660715,337.68605856473215,911.0176164469246,412.57619673859125,42.5052443578869
2026-02-12 16:00:00+00:00,1402.937025,0.0,383.71007499999996,681.625825,506.44027500000004,36.3414,1333.066865284665,5.810678688126567,338.10694810501207,945.1278102313768,421.30738834898017,42.245563652882204,1168.4076301812997,5.705311073660715,337.68605856473215,911.0176164469246,412.57619673859125,42.5052443578869,1168.4076301812997,5.705311073660715,337.68605856473215,911.0176164469246,412.57619673859125,42.5052443578869
2026-02-12 17:00:00+00:00,1423.811975,0.0,383.6168,702.489675,513.459425,36.30055,1356.0340014834628,5.810678688126567,338.293425511154,953.5018584538,423.4855773275024,42.245563652882204,1168.4076301812997,5.705311073660715,337.68605856473215,911.0176164469246,412.57619673859125,42.5052443578869,1168.4076301812997,5.705311073660715,337.68605856473215,911.0176164469246,412.57619673859125,42.5052443578869
2026-02-12 18:00:00+00:00,1391.8491749999998,0.0,383.568475,773.335375,506.59645,35.69565,1339.8470327304076,5.810678688126567,338.2150142180932,961.8759066762233,423.9178810284026,42.245563652882204,1168.4076301812997,5.705311073660715,337.68605856473215,911.0176164469246,412.57619673859125,42.5052443578869,1168.4076301812997,5.705311073660715,337.68605856473215,911.0176164469246,412.57619673859125,42.5052443578869
2026-02-12 19:00:00+00:00,1386.382725,0.0,383.06205,718.4792,488.1267,40.343625,1317.7935734431055,5.810678688126567,338.2951366700434,970.2499548986465,424.5943589841063,42.245563652882204,1168.4076301812997,5.705311073660715,337.68605856473215,911.0176164469246,412.57619673859125,42.5052443578869,1168.4076301812997,5.705311073660715,337.68605856473215,911.0176164469246,412.57619673859125,42.5052443578869
2026-02-12 20:00:00+00:00,1378.227925,0.0,382.187625,706.2849249999999,473.617975,47.439499999999995,1288.3861492041692,5.810678688126567,338.3972142653582,978.6240031210698,425.14670507857886,42.245563652882204,1168.4076301812997,5.705311073660715,337.68605856473215,911.0176164469246,412.57619673859125,42.5052443578869,1168.4076301812997,5.705311073660715,337.68605856473215,911.0176164469246,412.57619673859125,42.5052443578869
2026-02-12 21:00:00+00:00,1359.204125,0.0,381.315025,770.2528249999999,455.58995,55.4758,1264.8232366135496,5.810678688126567,338.43399669364675,986.9980513434931,425.6122902410035,42.245563652882204,1168.4076301812997,5.705311073660715,337.68605856473215,911.0176164469246,412.57619673859125,42.5052443578869,1168.4076301812997,5.705311073660715,337.68605856473215,911.0176164469246,412.57619673859125,42.5052443578869
2026-02-12 22:00:00+00:00,1390.564625,0.0,381.419575,652.97015,433.18420000000003,61.198625,1243.2541030149716,5.810678688126567,338.5089866966748,995.3720995659163,426.1708473409628,42.245563652882204,1168.4076301812997,5.705311073660715,337.68605856473215,911.0176164469246,412.57619673859125,42.5052443578869,1168.4076301812997,5.705311073660715,337.68605856473215,911.0176164469246,412.57619673859125,42.5052443578869
2026-02-12 23:00:00+00:00,1363.6818250000001,0.0,381.30245,825.65215,419.8941,62.106700000000004,1212.2971502292698,5.810678688126567,338.41717412429045,1003.7461477883396,426.2122743287202,42.245563652882204,1168.4076301812997,5.705311073660715,337.68605856473215,911.0176164469246,412.57619673859125,42.5052443578869,1168.4076301812997,5.705311073660715,337.68605856473215,911.0176164469246,412.57619673859125,42.5052443578869
2026-02-13 00:00:00+00:00,1317.3997,0.0,381.5563,675.940075,412.3612,61.2631,1183.6789100413287,5.810678688126567,338.3880903938586,811.1430386726045,403.42762622420594,42.245563652882204,1168.4076301812997,5.705311073660715,337.68605856473215,911.0176164469246,412.57619673859125,42.5052443578869,1168.4076301812997,5.705311073660715,337.68605856473215,911.0176164469246,412.57619673859125,42.5052443578869
2026-02-13 01:00:00+00:00,1332.84985,0.0,381.5428,619.5914750000001,410.874975,63.0912,1161.213427189171,5.810678688126567,338.33505540639067,819.5170868950277,403.7746221135319,42.245563652882204,1168.4076301812997,5.705311073660715,337.68605856473215,911.0176164469246,412.57619673859125,42.5052443578869,1168.4076301812997,5.705311073660715,337.68605856473215,911.0176164469246,412.57619673859125,42.5052443578869
2026-02-13 02:00:00+00:00,1341.437925,0.0,381.689375,622.8665250000001,412.35935,64.159975,1160.6756727637808,5.810678688126567,338.3592917188215,827.891135117451,404.8885256461838,42.245563652882204,1168.4076301812997,5.705311073660715,337.68605856473215,911.0176164469246,412.57619673859125,42.5052443578869,1168.4076301812997,5.705311073660715,337.68605856473215,911.0176164469246,412.57619673859125,42.5052443578869
2026-02-13 03:00:00+00:00,1366.170425,0.0,381.4883,624.824025,416.09945,62.040925,1175.0420301630188,5.810678688126567,338.34332416337145,836.2651833398742,406.1532298649154,42.245563652882204,1168.4076301812997,5.705311073660715,337.68605856473215,911.0176164469246,412.57619673859125,42.5052443578869,1168.4076301812997,5.705311073660715,337.68605856473215,911.0176164469246,412.57619673859125,42.5052443578869
2026-02-13 04:00:00+00:00,1554.436825,0.0,381.9913,650.8906000000001,428.5267,60.967600000000004,1213.927868290939,5.810678688126567,338.3889454839038,844.6392315622975,408.084799415788,42.245563652882204,1168.4076301812997,5.705311073660715,337.68605856473215,911.0176164469246,412.57619673859125,42.5052443578869,1168.4076301812997,5.705311073660715,337.68605856473215,911.0176164469246,412.57619673859125,42.5052443578869
2026-02-13 05:00:00+00:00,1717.269275,0.0,382.839,742.2950000000001,454.359775,61.937041666666666,1289.1223917599766,5.810678688126567,338.49843674615414,853.0132797847208,411.15009481516944,42.245563652882204,1168.4076301812997,5.705311073660715,337.68605856473215,911.0176164469246,412.57619673859125,42.5052443578869,1168.4076301812997,5.705311073660715,337.68605856473215,911.0176164469246,412.57619673859125,42.5052443578869
2026-02-13 06:00:00+00:00,1793.2062,0.0,383.194675,1068.7480500000001,491.451925,62.906483333333334,1348.930339206328,5.810678688126567,338.5959528325756,861.387328007144,413.93997681003987,42.245563652882204,1168.4076301812997,5.705311073660715,337.68605856473215,911.0176164469246,412.57619673859125,42.5052443578869,1168.4076301812997,5.705311073660715,337.68605856473215,911.0176164469246,412.57619673859125,42.5052443578869
2026-02-13 07:00:00+00:00,1784.512275,0.0,383.2787,1577.151675,504.98845,63.875924999999995,1365.591195677645,5.810678688126567,338.5854028303895,869.7613762295673,414.8479985569935,42.245563652882204,1168.4076301812997,5.705311073660715,337.68605856473215,911.0176164469246,412.57619673859125,42.5052443578869,1168.4076301812997,5.705311073660715,337.68605856473215,911.0176164469246,412.57619673859125,42.5052443578869
2026-02-13 08:00:00+00:00,1800.7586000000001,0.0,382.4651,1103.8076500000002,490.46072499999997,63.4989,1341.8789641761718,5.810678688126567,338.4710641501382,878.1354244519905,414.26046696750495,42.245563652882204,1168.4076301812997,5.705311073660715,337.68605856473215,911.0176164469246,412.57619673859125,42.5052443578869,1168.4076301812997,5.705311073660715,337.68605856473215,911.0176164469246,412.57619673859125,42.5052443578869
2026-02-13 09:00:00+00:00,1765.761475,0.0,382.2237,705.4034250000001,467.382725,63.121874999999996,1322.37596829412,5.810678688126567,338.2874379721867,886.5094726744138,413.8480348332165,42.245563652882204,1168.4076301812997,5.705311073660715,337.68605856473215,911.0176164469246,412.57619673859125,42.5052443578869,1168.4076301812997,5.705311073660715,337.68605856473215,911.0176164469246,412.57619673859125,42.5052443578869
2026-02-13 10:00:00+00:00,1745.214475,0.0,381.309075,687.477625,445.643625,62.74485,1315.5104961527302,5.810678688126567,338.1223455496727,894.8835208968371,414.2825830109162,42.245563652882204,1168.4076301812997,5.705311073660715,337.68605856473215,911.0176164469246,412.57619673859125,42.5052443578869,1168.4076301812997,5.705311073660715,337.68605856473215,911.0176164469246,412.57619673859125,42.5052443578869
2026-02-13 11:00:00+00:00,1656.3342750000002,0.0,380.42742499999997,677.6823499999999,428.47659999999996,61.2134,1307.966164823544,5.810678688126567,338.00800686942137,903.2575691192603,414.59345614169376,42.245563652882204,1168.4076301812997,5.705311073660715,337.68605856473215,911.0176164469246,412.57619673859125,42.5052443578869,1168.4076301812997,5.705311073660715,337.68605856473215,911.0176164469246,412.57619673859125,42.5052443578869
2026-02-13 12:00:00+00:00,1591.967625,0.0,381.75755,795.3212500000001,422.704625,62.414325000000005,1307.923287061411,5.810678688126567,338.11721305180345,911.6316173416836,415.8290932508105,42.245563652882204,1168.4076301812997,5.705311073660715,337.68605856473215,911.0176164469246,412.57619673859125,42.5052443578869,1168.4076301812997,5.705311073660715,337.68605856473215,911.0176164469246,412.57619673859125,42.5052443578869
2026-02-13 13:00:00+00:00,1680.007875,0.0,383.562225,1012.4629,424.204425,59.41175,1321.2492374168735,5.810678688126567,338.0368054683195,920.005665564107,416.99439491474226,42.245563652882204,1168.4076301812997,5.705311073660715,337.68605856473215,911.0176164469246,412.57619673859125,42.5052443578869,1168.4076301812997,5.705311073660715,337.68605856473215,911.0176164469246,412.57619673859125,42.5052443578869
2026-02-13 14:00:00+00:00,1795.281725,0.0,383.674175,1451.6239,441.293425,56.605325,1349.314090610324,5.810678688126567,338.0370905481878,928.3797137865301,418.87887460241336,42.245563652882204,1168.4076301812997,5.705311073660715,337.68605856473215,911.0176164469246,412.57619673859125,42.5052443578869,1168.4076301812997,5.705311073660715,337.68605856473215,911.0176164469246,412.57619673859125,42.5052443578869
2026-02-13 15:00:00+00:00,1792.088575,0.0,383.329525,1609.324025,476.57435,54.345,1378.4359753982872,5.810678688126567,338.0584754801504,936.7537620089535,420.89318756847524,42.245563652882204,1168.4076301812997,5.705311073660715,337.68605856473215,911.0176164469246,412.57619673859125,42.5052443578869,1168.4076301812997,5.705311073660715,337.68605856473215,911.0176164469246,412.57619673859125,42.5052443578869
2026-02-13 16:00:00+00:00,1800.759075,0.0,385.11220000000003,1821.608025,506.41865,55.0269,1405.322472260993,5.810678688126567,338.17794676160173,945.1278102313768,423.2465719531741,42.245563652882204,1168.4076301812997,5.705311073660715,337.68605856473215,911.0176164469246,412.57619673859125,42.5052443578869,1168.4076301812997,5.705311073660715,337.68605856473215,911.0176164469246,412.57619673859125,42.5052443578869
2026-02-13 17:00:00+00:00,1819.83025,0.0,402.03665,2072.0001500000003,511.908725,56.948025,1415.7910020990732,5.810678688126567,338.3347704026613,953.5018584538,425.08425828490607,42.245563652882204,1168.4076301812997,5.705311073660715,337.68605856473215,911.0176164469246,412.57619673859125,42.5052443578869,1168.4076301812997,5.705311073660715,337.68605856473215,911.0176164469246,412.57619673859125,42.5052443578869
2026-02-13 18:00:00+00:00,1820.5617,0.0,412.44005,1519.66505,500.28855,60.8543,1407.7682196428607,5.810678688126567,338.43627788718663,961.8759066762233,425.9721977241521,42.245563652882204,1168.4076301812997,5.705311073660715,337.68605856473215,911.0176164469246,412.57619673859125,42.5052443578869,1168.4076301812997,5.705311073660715,337.68605856473215,911.0176164469246,412.57619673859125,42.5052443578869
2026-02-13 19:00:00+00:00,1833.034275,0.0,411.93444999999997,1047.374925,480.273725,60.728175,1383.3800814044723,5.810678688126567,338.43884413612125,970.2499548986465,426.2908539347458,42.245563652882204,1168.4076301812997,5.705311073660715,337.68605856473215,911.0176164469246,412.57619673859125,42.5052443578869,1168.4076301812997,5.705311073660715,337.68605856473215,911.0176164469246,412.57619673859125,42.5052443578869
2026-02-13 20:00:00+00:00,1832.25205,0.0,411.39160000000004,790.659325,459.298175,63.006,1364.3134264496368,5.810678688126567,338.5375003679826,978.6240031210698,426.94295004947867,42.245563652882204,1168.4076301812997,5.705311073660715,337.68605856473215,911.0176164469246,412.57619673859125,42.5052443578869,1168.4076301812997,5.705311073660715,337.68605856473215,911.0176164469246,412.57619673859125,42.5052443578869
2026-02-13 21:00:00+00:00,1702.0988,0.0,411.122875,781.6865999999999,445.8465,63.03902954545455,1343.270379809188,5.810678688126567,338.84230790278593,986.9980513434931,427.9870873735668,42.245563652882204,1168.4076301812997,5.705311073660715,337.68605856473215,911.0176164469246,412.57619673859125,42.5052443578869,1168.4076301812997,5.705311073660715,337.68605856473215,911.0176164469246,412.57619673859125,42.5052443578869
2026-02-13 22:00:00+00:00,1690.541,0.0,411.46112500000004,739.5883749999999,429.46202500000004,63.07205909090909,1313.552255167605,5.810678688126567,338.8944878002087,995.3720995659163,428.33326981561424,42.245563652882204,1168.4076301812997,5.705311073660715,337.68605856473215,911.0176164469246,412.57619673859125,42.5052443578869,1168.4076301812997,5.705311073660715,337.68605856473215,911.0176164469246,412.57619673859125,42.5052443578869
2026-02-13 23:00:00+00:00,1712.829875,0.0,411.473775,697.7488000000001,420.494275,63.10508863636363,1281.2815147488463,5.810678688126567,338.7904140409161,1003.7461477883396,428.46887938360214,42.245563652882204,1168.4076301812997,5.705311073660715,337.68605856473215,911.0176164469246,412.57619673859125,42.5052443578869,1168.4076301812997,5.705311073660715,337.68605856473215,911.0176164469246,412.57619673859125,42.5052443578869
2026-02-14 00:00:00+00:00,1696.6725999999999,0.0,411.483375,652.7073750000001,414.564625,63.13811818181818,1257.8272411214182,5.810678688126567,338.7476440247131,811.1430386726045,405.80998584885845,42.245563652882204,1168.4076301812997,5.705311073660715,337.68605856473215,911.0176164469246,412.57619673859125,42.5052443578869,1168.4076301812997,5.705311073660715,337.68605856473215,911.0176164469246,412.57619673859125,42.5052443578869
2026-02-14 01:00:00+00:00,1719.55025,0.0,411.5709,681.025875,410.52182500000004,63.171147727272725,1246.6649605264397,5.810678688126567,338.82520030386763,819.5170868950277,406.5865607525057,42.245563652882204,1168.4076301812997,5.705311073660715,337.68605856473215,911.0176164469246,412.57619673859125,42.5052443578869,1168.4076301812997,5.705311073660715,337.68605856473215,911.0176164469246,412.57619673859125,42.5052443578869
2026-02-14 02:00:00+00:00,1721.22075,0.0,411.528825,691.38175,411.17895,63.20417727272727,1237.0413949735425,5.810678688126567,338.7017377521168,827.891135117451,407.1188300864102,42.245563652882204,1168.4076301812997,5.705311073660715,337.68605856473215,911.0176164469246,412.57619673859125,42.5052443578869,1168.4076301812997,5.705311073660715,337.68605856473215,911.0176164469246,412.57619673859125,42.5052443578869
2026-02-14 03:00:00+00:00,1724.687075,0.0,411.4805,703.4007500000001,418.04897500000004,63.23720681818182,1233.1625536293682,5.810678688126567,338.66067887032966,836.2651833398742,408.0058462321899,42.245563652882204,1168.4076301812997,5.705311073660715,337.68605856473215,911.0176164469246,412.57619673859125,42.5052443578869,1168.4076301812997,5.705311073660715,337.68605856473215,911.0176164469246,412.57619673859125,42.5052443578869
2026-02-14 04:00:00+00:00,1708.3072750000001,0.0,411.368325,658.974775,430.0069,63.270236363636364,1235.1122316785836,5.810678688126567,338.6817788230365,844.6392315622975,409.03127427395685,42.245563652882204,1168.4076301812997,5.705311073660715,337.68605856473215,911.0176164469246,412.57619673859125,42.5052443578869,1168.4076301812997,5.705311073660715,337.68605856473215,911.0176164469246,412.57619673859125,42.5052443578869
2026-02-14 05:00:00+00:00,1695.8006,0.0,411.26419999999996,675.1751000000002,459.853925,63.303265909090904,1245.2714089519,5.810678688126567,338.74593387181454,853.0132797847208,410.42049109877627,42.245563652882204,1168.4076301812997,5.705311073660715,337.68605856473215,911.0176164469246,412.57619673859125,42.5052443578869,1168.4076301812997,5.705311073660715,337.68605856473215,911.0176164469246,412.57619673859125,42.5052443578869
2026-02-14 06:00:00+00:00,1652.8319999999999,0.0,411.12962500000003,698.1450000000001,497.974575,63.33629545454545,1265.0712402446327,5.810678688126567,338.81265509338834,861.387328007144,411.99100305578,42.245563652882204,1168.4076301812997,5.705311073660715,337.68605856473215,911.0176164469246,412.57619673859125,42.5052443578869,1168.4076301812997,5.705311073660715,337.68605856473215,911.0176164469246,412.57619673859125,42.5052443578869
2026-02-14 07:00:00+00:00,1757.22705,0.0,411.358475,707.9789750000001,507.74915,63.369324999999996,1284.742704471165,5.810678688126567,338.81835762590805,869.7613762295673,413.3971707122875,42.245563652882204,1168.4076301812997,5.705311073660715,337.68605856473215,911.0176164469246,412.57619673859125,42.5052443578869,1168.4076301812997,5.705311073660715,337.68605856473215,911.0176164469246,412.57619673859125,42.5052443578869
2026-02-14 08:00:00+00:00,1813.2698249999999,0.0,412.182575,1111.17265,496.73834999999997,63.73935,1301.1460777240227,5.810678688126567,338.8072376162633,878.1354244519905,414.7702980544799,42.245563652882204,1168.4076301812997,5.705311073660715,337.68605856473215,911.0176164469246,412.57619673859125,42.5052443578869,1168.4076301812997,5.705311073660715,337.68605856473215,911.0176164469246,412.57619673859125,42.5052443578869
2026-02-14 09:00:00+00:00,1821.640925,0.0,412.35025,1077.15955,465.96567500000003,63.523316666666666,1307.5657545292493,5.810678688126567,338.82548628911434,886.5094726744138,415.8743403164426,42.245563652882204,1168.4076301812997,5.705311073660715,337.68605856473215,911.0176164469246,412.57619673859125,42.5052443578869,1168.4076301812997,5.705311073660715,337.68605856473215,911.0176164469246,412.57619673859125,42.5052443578869
2026-02-14 10:00:00+00:00,1811.9273,0.0,413.0422,833.111475,438.161275,63.30728333333334,1309.13795638069,5.810678688126567,338.86512002173225,894.8835208968371,416.9894381085726,42.245563652882204,1168.4076301812997,5.705311073660715,337.68605856473215,911.0176164469246,412.57619673859125,42.5052443578869,1168.4076301812997,5.705311073660715,337.68605856473215,911.0176164469246,412.57619673859125,42.5052443578869
2026-02-14 11:00:00+00:00,1788.8054,0.0,413.058825,684.3943999999999,429.588625,63.09125,1313.4488673964033,5.810678688126567,338.9130224841391,903.2575691192603,418.1304211762603,42.245563652882204,1168.4076301812997,5.705311073660715,337.68605856473215,911.0176164469246,412.57619673859125,42.5052443578869,1168.4076301812997,5.705311073660715,337.68605856473215,911.0176164469246,412.57619673859125,42.5052443578869
2026-02-14 12:00:00+00:00,1822.9901,0.0,413.354925,681.9937,429.23275,62.87521666666667,1311.8152753986624,5.810678688126567,339.0900900838411,911.6316173416836,419.51330856480666,42.245563652882204,1168.4076301812997,5.705311073660715,337.68605856473215,911.0176164469246,412.57619673859125,42.5052443578869,1168.4076301812997,5.705311073660715,337.68605856473215,911.0176164469246,412.57619673859125,42.5052443578869
2026-02-14 13:00:00+00:00,1791.5705,0.0,414.1168,1421.8772749999998,434.911,62.65918333333334,1307.1603259901644,5.810678688126567,339.04817515768326,920.005665564107,420.21645489786556,42.245563652882204,1168.4076301812997,5.705311073660715,337.68605856473215,911.0176164469246,412.57619673859125,42.5052443578869,1168.4076301812997,5.705311073660715,337.68605856473215,911.0176164469246,412.57619673859125,42.5052443578869
2026-02-14 14:00:00+00:00,1820.656475,0.0,414.071,1920.03005,452.541975,62.44315,1315.4380993577292,5.810678688126567,339.0379101986551,928.3797137865301,421.3828402745997,42.245563652882204,1168.4076301812997,5.705311073660715,337.68605856473215,911.0176164469246,412.57619673859125,42.5052443578869,1168.4076301812997,5.705311073660715,337.68605856473215,911.0176164469246,412.57619673859125,42.5052443578869
2026-02-14 15:00:00+00:00,1830.5315,0.0,413.968025,1452.5627500000003,487.799675,61.749575,1328.2092953519877,5.810678688126567,339.04076146491497,936.7537620089535,422.73974901446206,42.245563652882204,1168.4076301812997,5.705311073660715,337.68605856473215,911.0176164469246,412.57619673859125,42.5052443578869,1168.4076301812997,5.705311073660715,337.68605856473215,911.0176164469246,412.57619673859125,42.5052443578869
2026-02-14 16:00:00+00:00,1835.74815,0.0,413.9878,1900.1573750000002,513.411325,61.09315,1354.3020557387867,5.810678688126567,339.05102642394314,945.1278102313768,424.43337094710427,42.245563652882204,1168.4076301812997,5.705311073660715,337.68605856473215,911.0176164469246,412.57619673859125,42.5052443578869,1168.4076301812997,5.705311073660715,337.68605856473215,911.0176164469246,412.57619673859125,42.5052443578869
2026-02-14 17:00:00+00:00,1850.58745,0.0,413.9943,2098.322925,518.78615,61.4006,1371.906574311137,5.810678688126567,339.07725888811507,953.5018584538,425.86383279312287,42.245563652882204,1168.4076301812997,5.705311073660715,337.68605856473215,911.0176164469246,412.57619673859125,42.5052443578869,1168.4076301812997,5.705311073660715,337.68605856473215,911.0176164469246,412.57619673859125,42.5052443578869
2026-02-14 18:00:00+00:00,1853.849125,0.0,414.01937499999997,1977.9319749999997,506.770675,62.3515,1367.5288687637362,5.810678688126567,339.14654638445614,961.8759066762233,426.83336394003845,42.245563652882204,1168.4076301812997,5.705311073660715,337.68605856473215,911.0176164469246,412.57619673859125,42.5052443578869,1168.4076301812997,5.705311073660715,337.68605856473215,911.0176164469246,412.57619673859125,42.5052443578869
2026-02-14 19:00:00+00:00,1850.17625,0.0,414.137825,1794.2035,488.9957,63.546625,1351.8301581627452,5.810678688126567,339.2266688744759,970.2499548986465,427.78167330927266,42.245563652882204,1168.4076301812997,5.705311073660715,337.68605856473215,911.0176164469246,412.57619673859125,42.5052443578869,1168.4076301812997,5.705311073660715,337.68605856473215,911.0176164469246,412.57619673859125,42.5052443578869
2026-02-14 20:00:00+00:00,1849.153875,0.0,414.234575,1603.59075,466.08187499999997,63.555384375,1343.4125018632785,5.810678688126567,339.2856913988724,978.6240031210698,428.8063564289556,42.245563652882204,1168.4076301812997,5.705311073660715,337.68605856473215,911.0176164469246,412.57619673859125,42.5052443578869,1168.4076301812997,5.705311073660715,337.68605856473215,911.0176164469246,412.57619673859125,42.5052443578869
2026-02-14 21:00:00+00:00,1850.5896,0.0,414.286475,919.9590000000001,450.601475,63.56414375,1337.9844198177861,5.810678688126567,339.30650634717034,986.9980513434931,429.64788716143397,42.245563652882204,1168.4076301812997,5.705311073660715,337.68605856473215,911.0176164469246,412.57619673859125,42.5052443578869,1168.4076301812997,5.705311073660715,337.68605856473215,911.0176164469246,412.57619673859125,42.5052443578869
2026-02-14 22:00:00+00:00,1839.2516,0.0,414.418875,909.3855,431.267975,63.572903124999996,1323.629551347726,5.810678688126567,339.3008038078527,995.3720995659163,430.1721907330877,42.245563652882204,1168.4076301812997,5.705311073660715,337.68605856473215,911.0176164469246,412.57619673859125,42.5052443578869,1168.4076301812997,5.705311073660715,337.68605856473215,911.0176164469246,412.57619673859125,42.5052443578869
2026-02-14 23:00:00+00:00,1815.64245,0.0,414.424325,895.447575,421.91044999999997,63.5816625,1305.6952010583561,5.810678688126567,339.31933754289633,1003.7461477883396,430.81929716388566,42.245563652882204,1168.4076301812997,5.705311073660715,337.68605856473215,911.0176164469246,412.57619673859125,42.5052443578869,1168.4076301812997,5.705311073660715,337.68605856473215,911.0176164469246,412.57619673859125,42.5052443578869
2026-02-15 00:00:00+00:00,1831.4423000000002,0.0,414.541375,730.5513750000001,417.28567499999997,63.590421875000004,1293.560061752848,5.810678688126567,339.28198504936535,811.1430386726045,408.3935176038908,42.245563652882204,1168.4076301812997,5.705311073660715,337.68605856473215,911.0176164469246,412.57619673859125,42.5052443578869,1168.4076301812997,5.705311073660715,337.68605856473215,911.0176164469246,412.57619673859125,42.5052443578869
2026-02-15 01:00:00+00:00,1755.135575,0.0,415.126125,642.74505,412.2837,63.59918125,1287.9547416837088,5.810678688126567,339.28740255232304,819.5170868950277,409.1801628990574,42.245563652882204,1168.4076301812997,5.705311073660715,337.68605856473215,911.0176164469246,412.57619673859125,42.5052443578869,1168.4076301812997,5.705311073660715,337.68605856473215,911.0176164469246,412.57619673859125,42.5052443578869
2026-02-15 02:00:00+00:00,1659.0923500000001,0.0,415.498975,661.416325,410.996275,63.607940625,1287.13506410124,5.810678688126567,339.3250400754161,827.891135117451,410.19845996110126,42.245563652882204,1168.4076301812997,5.705311073660715,337.68605856473215,911.0176164469246,412.57619673859125,42.5052443578869,1168.4076301812997,5.705311073660715,337.68605856473215,911.0176164469246,412.57619673859125,42.5052443578869
2026-02-15 03:00:00+00:00,1652.370375,0.0,415.3633,723.32145,417.3729,63.6167,1287.1280471211865,5.810678688126567,339.3273212886703,836.2651833398742,411.32083158862247,42.245563652882204,1168.4076301812997,5.705311073660715,337.68605856473215,911.0176164469246,412.57619673859125,42.5052443578869,1168.4076301812997,5.705311073660715,337.68605856473215,911.0176164469246,412.57619673859125,42.5052443578869
2026-02-15 04:00:00+00:00,1633.5278250000001,0.0,415.3714,643.401775,429.571925,63.831825,1287.7682231301226,5.810678688126567,339.3350200048822,844.6392315622975,412.4981121680185,42.245563652882204,1168.4076301812997,5.705311073660715,337.68605856473215,911.0176164469246,412.57619673859125,42.5052443578869,1168.4076301812997,5.705311073660715,337.68605856473215,911.0176164469246,412.57619673859125,42.5052443578869
2026-02-15 05:00:00+00:00,1603.996975,0.0,415.30985,622.5101000000001,458.143875,61.58485,1287.5052087233887,5.810678688126567,339.3720874749696,853.0132797847208,413.70846871908304,42.245563652882204,1168.4076301812997,5.705311073660715,337.68605856473215,911.0176164469246,412.57619673859125,42.5052443578869,1168.4076301812997,5.705311073660715,337.68605856473215,911.0176164469246,412.57619673859125,42.5052443578869
2026-02-15 06:00:00+00:00,1594.967025,0.0,418.15855,681.765325,488.3802,61.806725,1293.4383593667535,5.810678688126567,339.4202749869926,861.387328007144,415.13161509888363,42.245563652882204,1168.4076301812997,5.705311073660715,337.68605856473215,911.0176164469246,412.57619673859125,42.5052443578869,1168.4076301812997,5.705311073660715,337.68605856473215,911.0176164469246,412.57619673859125,42.5052443578869
2026-02-15 07:00:00+00:00,1403.233425,0.0,415.3236,954.17235,493.609175,62.462075,1303.6247396465742,5.810678688126567,339.47302491906584,869.7613762295673,416.64586616661376,42.245563652882204,1168.4076301812997,5.705311073660715,337.68605856473215,911.0176164469246,412.57619673859125,42.5052443578869,1168.4076301812997,5.705311073660715,337.68605856473215,911.0176164469246,412.57619673859125,42.5052443578869
2026-02-15 08:00:00+00:00,1373.597875,0.0,415.27955000000003,1110.807025,486.8079,62.314125,1301.6831949524253,5.810678688126567,339.3960387190894,878.1354244519905,417.4807049288719,42.245563652882204,1168.4076301812997,5.705311073660715,337.68605856473215,911.0176164469246,412.57619673859125,42.5052443578869,1168.4076301812997,5.705311073660715,337.68605856473215,911.0176164469246,412.57619673859125,42.5052443578869
2026-02-15 09:00:00+00:00,1209.6687,0.0,415.040575,686.873075,458.55335,62.82915,1284.4078382133719,5.810678688126567,339.26060003514544,886.5094726744138,417.57445837221843,42.245563652882204,1168.4076301812997,5.705311073660715,337.68605856473215,911.0176164469246,412.57619673859125,42.5052443578869,1168.4076301812997,5.705311073660715,337.68605856473215,911.0176164469246,412.57619673859125,42.5052443578869
2026-02-15 10:00:00+00:00,1152.094525,0.0,412.528725,762.5069749999999,434.83389999999997,63.651250000000005,1258.7648085448593,5.810678688126567,339.149112621154,894.8835208968371,417.4948313662414,42.245563652882204,1168.4076301812997,5.705311073660715,337.68605856473215,911.0176164469246,412.57619673859125,42.5052443578869,1168.4076301812997,5.705311073660715,337.68605856473215,911.0176164469246,412.57619673859125,42.5052443578869
2026-02-15 11:00:00+00:00,920.0581500000001,0.0,385.68615,650.999875,418.55125,62.54945,1229.0102368667604,5.810678688126567,338.9945701491607,903.2575691192603,417.4054515863423,42.245563652882204,1168.4076301812997,5.705311073660715,337.68605856473215,911.0176164469246,412.57619673859125,42.5052443578869,1168.4076301812997,5.705311073660715,337.68605856473215,911.0176164469246,412.57619673859125,42.5052443578869
2026-02-15 12:00:00+00:00,886.2869,0.0,381.515,614.222075,418.14824999999996,61.851525,1198.7796090402344,5.810678688126567,339.0376251813299,911.6316173416836,417.9234638552119,42.245563652882204,1168.4076301812997,5.705311073660715,337.68605856473215,911.0176164469246,412.57619673859125,42.5052443578869,1168.4076301812997,5.705311073660715,337.68605856473215,911.0176164469246,412.57619673859125,42.5052443578869
2026-02-15 13:00:00+00:00,954.07525,0.0,381.3849,616.535025,429.0037,61.373275,1192.7439041279936,5.810678688126567,338.9974214154206,920.005665564107,418.1643241944505,42.245563652882204,1168.4076301812997,5.705311073660715,337.68605856473215,911.0176164469246,412.57619673859125,42.5052443578869,1168.4076301812997,5.705311073660715,337.68605856473215,911.0176164469246,412.57619673859125,42.5052443578869
2026-02-15 14:00:00+00:00,965.985825,0.0,406.816025,629.5056500000001,452.330175,61.132324999999994,1223.5244384023288,5.810678688126567,338.9709039216866,928.3797137865301,419.44032565253593,42.245563652882204,1168.4076301812997,5.705311073660715,337.68605856473215,911.0176164469246,412.57619673859125,42.5052443578869,1168.4076301812997,5.705311073660715,337.68605856473215,911.0176164469246,412.57619673859125,42.5052443578869
2026-02-15 15:00:00+00:00,1077.354175,0.0,412.91405,663.581725,490.5097,60.733200000000004,1261.6099428609266,5.810678688126567,338.9979914623079,936.7537620089535,421.5665108520104,42.245563652882204,1168.4076301812997,5.705311073660715,337.68605856473215,911.0176164469246,412.57619673859125,42.5052443578869,1168.4076301812997,5.705311073660715,337.68605856473215,911.0176164469246,412.57619673859125,42.5052443578869
2026-02-15 16:00:00+00:00,1189.125125,0.0,413.5895,678.6823999999999,507.0829,62.773775,1286.329237570143,5.810678688126567,339.03163759341544,945.1278102313768,423.6207260270061,42.245563652882204,1168.4076301812997,5.705311073660715,337.68605856473215,911.0176164469246,412.57619673859125,42.5052443578869,1168.4076301812997,5.705311073660715,337.68605856473215,911.0176164469246,412.57619673859125,42.5052443578869
2026-02-15 17:00:00+00:00,1380.353875,0.0,410.216175,817.4391999999999,507.909975,62.7898,1309.21591522446,5.810678688126567,339.1867501381286,953.5018584538,425.8491114963371,42.245563652882204,1168.4076301812997,5.705311073660715,337.68605856473215,911.0176164469246,412.57619673859125,42.5052443578869,1168.4076301812997,5.705311073660715,337.68605856473215,911.0176164469246,412.57619673859125,42.5052443578869
2026-02-15 18:00:00+00:00,1248.06575,0.0,413.41769999999997,648.2013,497.13824999999997,62.792714583333336,1299.3751498348377,5.810678688126567,339.1733488696827,961.8759066762233,426.4005367916036,42.245563652882204,1168.4076301812997,5.705311073660715,337.68605856473215,911.0176164469246,412.57619673859125,42.5052443578869,1168.4076301812997,5.705311073660715,337.68605856473215,911.0176164469246,412.57619673859125,42.5052443578869
2026-02-15 19:00:00+00:00,1394.991575,0.0,409.09125,652.3421999999999,481.292875,62.795629166666664,1296.1724014593335,5.810678688126567,339.1864651208034,970.2499548986465,427.08999251863344,42.245563652882204,1168.4076301812997,5.705311073660715,337.68605856473215,911.0176164469246,412.57619673859125,42.5052443578869,1168.4076301812997,5.705311073660715,337.68605856473215,911.0176164469246,412.57619673859125,42.5052443578869
2026-02-15 20:00:00+00:00,1567.5781000000002,0.0,381.2821,668.8171,464.41395,62.79854375,1298.8044063841814,5.810678688126567,339.27913377018916,978.6240031210698,428.3927449970167,42.245563652882204,1168.4076301812997,5.705311073660715,337.68605856473215,911.0176164469246,412.57619673859125,42.5052443578869,1168.4076301812997,5.705311073660715,337.68605856473215,911.0176164469246,412.57619673859125,42.5052443578869
2026-02-15 21:00:00+00:00,1521.42445,0.0,381.21015,718.217325,449.594675,62.80145833333333,1296.7727143086686,5.810678688126567,339.34328878701615,986.9980513434931,429.11555429201735,42.245563652882204,1168.4076301812997,5.705311073660715,337.68605856473215,911.0176164469246,412.57619673859125,42.5052443578869,1168.4076301812997,5.705311073660715,337.68605856473215,911.0176164469246,412.57619673859125,42.5052443578869
2026-02-15 22:00:00+00:00,1488.905275,0.0,381.334375,656.125525,433.69695,62.804372916666665,1275.288233215324,5.810678688126567,339.3675250549193,995.3720995659163,429.59188721843384,42.245563652882204,1168.4076301812997,5.705311073660715,337.68605856473215,911.0176164469246,412.57619673859125,42.5052443578869,1168.4076301812997,5.705311073660715,337.68605856473215,911.0176164469246,412.57619673859125,42.5052443578869
2026-02-15 23:00:00+00:00,1331.7757000000001,0.0,381.4847,648.657575,423.30925,62.8072875,1258.1797984677387,5.810678688126567,339.3464250835176,1003.7461477883396,429.8809169105462,42.245563652882204,1168.4076301812997,5.705311073660715,337.68605856473215,911.0176164469246,412.57619673859125,42.5052443578869,1168.4076301812997,5.705311073660715,337.68605856473215,911.0176164469246,412.57619673859125,42.5052443578869
2026-02-16 00:00:00+00:00,984.713675,0.0,381.641775,615.4815,418.97885,62.81020208333333,1245.0489840609116,5.810678688126567,339.4154275373803,811.1430386726045,407.3173690222046,42.245563652882204,1168.4076301812997,5.705311073660715,337.68605856473215,911.0176164469246,412.57619673859125,42.5052443578869,1168.4076301812997,5.705311073660715,337.68605856473215,911.0176164469246,412.57619673859125,42.5052443578869
2026-02-16 01:00:00+00:00,973.78865,0.0,381.64695,599.8836249999999,415.1037,62.813116666666666,1228.4218498132043,5.810678688126567,339.3507024668681,819.5170868950277,407.15765712244405,42.245563652882204,1168.4076301812997,5.705311073660715,337.68605856473215,911.0176164469246,412.57619673859125,42.5052443578869,1168.4076301812997,5.705311073660715,337.68605856473215,911.0176164469246,412.57619673859125,42.5052443578869
2026-02-16 02:00:00+00:00,966.033775,0.0,381.632375,601.7509500000001,411.35474999999997,62.816031249999995,1217.5921446882398,5.810678688126567,339.24092618729253,827.891135117451,407.57030402832464,42.245563652882204,1168.4076301812997,5.705311073660715,337.68605856473215,911.0176164469246,412.57619673859125,42.5052443578869,1168.4076301812997,5.705311073660715,337.68605856473215,911.0176164469246,412.57619673859125,42.5052443578869
2026-02-16 03:00:00+00:00,986.8661,0.0,383.182,604.8299999999999,416.8137,62.81894583333333,1220.5062069531975,5.810678688126567,339.15481610935836,836.2651833398742,408.9195994001402,42.245563652882204,1168.4076301812997,5.705311073660715,337.68605856473215,911.0176164469246,412.57619673859125,42.5052443578869,1168.4076301812997,5.705311073660715,337.68605856473215,911.0176164469246,412.57619673859125,42.5052443578869
2026-02-16 04:00:00+00:00,1204.6787,0.0,409.109675,610.611225,425.765225,62.82186041666666,1239.6522615267195,5.810678688126567,339.07554870938384,844.6392315622975,410.551488740457,42.245563652882204,1168.4076301812997,5.705311073660715,337.68605856473215,911.0176164469246,412.57619673859125,42.5052443578869,1168.4076301812997,5.705311073660715,337.68605856473215,911.0176164469246,412.57619673859125,42.5052443578869
2026-02-16 05:00:00+00:00,1453.516925,0.0,411.05995,747.746425,448.3769,62.824774999999995,1291.1955997590906,5.810678688126567,339.0952225572368,853.0132797847208,412.9341637155101,42.245563652882204,1168.4076301812997,5.705311073660715,337.68605856473215,911.0176164469246,412.57619673859125,42.5052443578869,1168.4076301812997,5.705311073660715,337.68605856473215,911.0176164469246,412.57619673859125,42.5052443578869
2026-02-16 06:00:00+00:00,1527.862075,74.312725,411.313275,979.87005,470.307925,61.78895,1321.279252448872,5.810678688126567,338.9663424889323,861.387328007144,414.47409420088303,42.245563652882204,1168.4076301812997,5.705311073660715,337.68605856473215,911.0176164469246,412.57619673859125,42.5052443578869,1168.4076301812997,5.705311073660715,337.68605856473215,911.0176164469246,412.57619673859125,42.5052443578869
2026-02-16 07:00:00+00:00,1506.753025,171.54014999999998,410.672975,870.84025,488.254825,63.306125,1336.4761855822635,5.810678688126567,338.99656631313866,869.7613762295673,415.6337653118595,42.245563652882204,1168.4076301812997,5.705311073660715,337.68605856473215,911.0176164469246,412.57619673859125,42.5052443578869,1168.4076301812997,5.705311073660715,337.68605856473215,911.0176164469246,412.57619673859125,42.5052443578869
2026-02-16 08:00:00+00:00,1509.2306250000001,168.481,412.42985,765.245975,471.7216,63.484975,1314.4878214958308,5.810678688126567,338.792695234456,878.1354244519905,415.0323752712065,42.245563652882204,1168.4076301812997,5.705311073660715,337.68605856473215,911.0176164469246,412.57619673859125,42.5052443578869,1168.4076301812997,5.705311073660715,337.68605856473215,911.0176164469246,412.57619673859125,42.5052443578869
2026-02-16 09:00:00+00:00,1492.9209,4.689825,412.172725,781.6494749999999,442.95117500000003,63.442542857142854,1287.6328176038776,5.810678688126567,338.54291784510764,886.5094726744138,414.46307715040405,42.245563652882204,1168.4076301812997,5.705311073660715,337.68605856473215,911.0176164469246,412.57619673859125,42.5052443578869,1168.4076301812997,5.705311073660715,337.68605856473215,911.0176164469246,412.57619673859125,42.5052443578869
2026-02-16 10:00:00+00:00,1418.08525,0.0,411.40045,973.51555,427.5582,63.40011071428572,1271.3740328801364,5.810678688126567,338.3832428997187,894.8835208968371,414.29017315965694,42.245563652882204,1168.4076301812997,5.705311073660715,337.68605856473215,911.0176164469246,412.57619673859125,42.5052443578869,1168.4076301812997,5.705311073660715,337.68605856473215,911.0176164469246,412.57619673859125,42.5052443578869
2026-02-16 11:00:00+00:00,1518.406025,0.0,411.930725,1014.1842499999999,422.3009,63.35767857142857,1258.3673835291972,5.810678688126567,338.464791582968,903.2575691192603,414.825728528235,42.245563652882204,1168.4076301812997,5.705311073660715,337.68605856473215,911.0176164469246,412.57619673859125,42.5052443578869,1168.4076301812997,5.705311073660715,337.68605856473215,911.0176164469246,412.57619673859125,42.5052443578869
2026-02-16 12:00:00+00:00,1608.08855,0.0,410.908,895.0967249999999,418.106275,63.31524642857143,1269.1634547097167,5.810678688126567,338.6278878156714,911.6316173416836,416.7800758662302,42.245563652882204,1168.4076301812997,5.705311073660715,337.68605856473215,911.0176164469246,412.57619673859125,42.5052443578869,1168.4076301812997,5.705311073660715,337.68605856473215,911.0176164469246,412.57619673859125,42.5052443578869
2026-02-16 13:00:00+00:00,1598.73035,0.0,412.36835,918.7159,426.8547,63.27281428571428,1288.2349899358594,5.810678688126567,338.5728566900582,920.005665564107,418.34340751542624,42.245563652882204,1168.4076301812997,5.705311073660715,337.68605856473215,911.0176164469246,412.57619673859125,42.5052443578869,1168.4076301812997,5.705311073660715,337.68605856473215,911.0176164469246,412.57619673859125,42.5052443578869
2026-02-16 14:00:00+00:00,1601.975175,0.0,412.52535,1119.128725,450.4001,63.230382142857145,1314.1611620651074,5.810678688126567,338.5534678717673,928.3797137865301,421.01301417277296,42.245563652882204,1168.4076301812997,5.705311073660715,337.68605856473215,911.0176164469246,412.57619673859125,42.5052443578869,1168.4076301812997,5.705311073660715,337.68605856473215,911.0176164469246,412.57619673859125,42.5052443578869
2026-02-16 15:00:00+00:00,1599.0143,0.0,408.10405000000003,1163.174875,480.043775,63.18795,1344.4837509438153,5.810678688126567,338.73680901879766,936.7537620089535,423.23069962467184,42.245563652882204,1168.4076301812997,5.705311073660715,337.68605856473215,911.0176164469246,412.57619673859125,42.5052443578869,1168.4076301812997,5.705311073660715,337.68605856473215,911.0176164469246,412.57619673859125,42.5052443578869
2026-02-16 16:00:00+00:00,1709.852625,0.0,342.779025,1340.8798749999999,501.709975,62.191725,1360.469040918394,5.810678688126567,338.7690290328146,945.1278102313768,424.51628029526734,42.245563652882204,1168.4076301812997,5.705311073660715,337.68605856473215,911.0176164469246,412.57619673859125,42.5052443578869,1168.4076301812997,5.705311073660715,337.68605856473215,911.0176164469246,412.57619673859125,42.5052443578869
2026-02-16 17:00:00+00:00,1796.587575,0.0,343.82355,1314.2180999999998,507.311725,62.518564999999995,1369.0818058844231,5.810678688126567,338.81122901436714,953.5018584538,425.497947716457,42.245563652882204,1168.4076301812997,5.705311073660715,337.68605856473215,911.0176164469246,412.57619673859125,42.5052443578869,1168.4076301812997,5.705311073660715,337.68605856473215,911.0176164469246,412.57619673859125,42.5052443578869
2026-02-16 18:00:00+00:00,1797.610475,0.0,368.48605,1281.3732,498.68442500000003,62.845405,1369.1640269416657,5.810678688126567,339.008256421336,961.8759066762233,426.9593718760424,42.245563652882204,1168.4076301812997,5.705311073660715,337.68605856473215,911.0176164469246,412.57619673859125,42.5052443578869,1168.4076301812997,5.705311073660715,337.68605856473215,911.0176164469246,412.57619673859125,42.5052443578869
2026-02-16 19:00:00+00:00,1797.651525,0.0,406.32315,1240.66185,483.108425,63.172245,1350.8460563582735,5.810678688126567,339.0989289257786,970.2499548986465,427.83234763511877,42.245563652882204,1168.4076301812997,5.705311073660715,337.68605856473215,911.0176164469246,412.57619673859125,42.5052443578869,1168.4076301812997,5.705311073660715,337.68605856473215,911.0176164469246,412.57619673859125,42.5052443578869
2026-02-16 20:00:00+00:00,1794.99145,0.0,414.279475,1321.08625,464.2552,63.499085,1320.8151296431645,5.810678688126567,339.0108226580339,978.6240031210698,427.99971226236545,42.245563652882204,1168.4076301812997,5.705311073660715,337.68605856473215,911.0176164469246,412.57619673859125,42.5052443578869,1168.4076301812997,5.705311073660715,337.68605856473215,911.0176164469246,412.57619673859125,42.5052443578869
2026-02-16 21:00:00+00:00,1837.534075,0.0,414.31585,1197.39785,447.02092500000003,63.825925,1294.8215927516685,5.810678688126567,339.10178019203846,986.9980513434931,428.8687626199147,42.245563652882204,1168.4076301812997,5.705311073660715,337.68605856473215,911.0176164469246,412.57619673859125,42.5052443578869,1168.4076301812997,5.705311073660715,337.68605856473215,911.0176164469246,412.57619673859125,42.5052443578869
2026-02-16 22:00:00+00:00,1680.70845,0.0,414.36587499999996,886.8154750000001,429.840975,58.185925,1267.5571138664388,5.810678688126567,339.1656501473524,995.3720995659163,429.29142977735467,42.245563652882204,1168.4076301812997,5.705311073660715,337.68605856473215,911.0176164469246,412.57619673859125,42.5052443578869,1168.4076301812997,5.705311073660715,337.68605856473215,911.0176164469246,412.57619673859125,42.5052443578869
2026-02-16 23:00:00+00:00,1591.58315,0.0,414.32305,747.520025,416.25245,57.969725,1243.4066082602303,5.810678688126567,339.1397027385751,1003.7461477883396,429.3216539930665,42.245563652882204,1168.4076301812997,5.705311073660715,337.68605856473215,911.0176164469246,412.57619673859125,42.5052443578869,1168.4076301812997,5.705311073660715,337.68605856473215,911.0176164469246,412.57619673859125,42.5052443578869
2026-02-17 00:00:00+00:00,1589.80085,0.0,414.38535,688.3808,410.96175,58.319725,1226.6872586718653,5.810678688126567,339.1904564937541,811.1430386726045,406.6745177324305,42.245563652882204,1168.4076301812997,5.705311073660715,337.68605856473215,911.0176164469246,412.57619673859125,42.5052443578869,1168.4076301812997,5.705311073660715,337.68605856473215,911.0176164469246,412.57619673859125,42.5052443578869
2026-02-17 01:00:00+00:00,1611.7677,0.0,414.332175,655.031025,410.21665,56.857974999999996,1217.434157182131,5.810678688126567,338.99485517872273,819.5170868950277,406.8165382455673,42.245563652882204,1168.4076301812997,5.705311073660715,337.68605856473215,911.0176164469246,412.57619673859125,42.5052443578869,1168.4076301812997,5.705311073660715,337.68605856473215,911.0176164469246,412.57619673859125,42.5052443578869
2026-02-17 02:00:00+00:00,1611.096425,0.0,414.4393,655.2359000000001,410.27774999999997,57.455125,1225.0709224502289,5.810678688126567,339.11233016839185,827.891135117451,408.17799682139446,42.245563652882204,1168.4076301812997,5.705311073660715,337.68605856473215,911.0176164469246,412.57619673859125,42.5052443578869,1168.4076301812997,5.705311073660715,337.68605856473215,911.0176164469246,412.57619673859125,42.5052443578869
2026-02-17 03:00:00+00:00,1624.943925,0.0,414.28515,657.21765,414.7084,59.72175,1243.8989667912829,5.810678688126567,339.1522489047391,836.2651833398742,409.83627606687105,42.245563652882204,1168.4076301812997,5.705311073660715,337.68605856473215,911.0176164469246,412.57619673859125,42.5052443578869,1168.4076301812997,5.705311073660715,337.68605856473215,911.0176164469246,412.57619673859125,42.5052443578869
2026-02-17 04:00:00+00:00,1601.2379,0.0,414.37005,699.08835,429.44715,56.994749999999996,1271.0542959211507,5.810678688126567,339.10976393169403,844.6392315622975,411.6891019083644,42.245563652882204,1168.4076301812997,5.705311073660715,337.68605856473215,911.0176164469246,412.57619673859125,42.5052443578869,1168.4076301812997,5.705311073660715,337.68605856473215,911.0176164469246,412.57619673859125,42.5052443578869
2026-02-17 05:00:00+00:00,1684.1785,0.0,413.971425,1006.4574250000001,456.7002,57.073225,1331.9427482671392,5.810678688126567,339.1436950923636,853.0132797847208,414.3739940378387,42.245563652882204,1168.4076301812997,5.705311073660715,337.68605856473215,911.0176164469246,412.57619673859125,42.5052443578869,1168.4076301812997,5.705311073660715,337.68605856473215,911.0176164469246,412.57619673859125,42.5052443578869
2026-02-17 06:00:00+00:00,1762.8554,0.0,413.7965,1146.8054,489.38515,57.0627,1373.502725294817,5.810678688126567,339.2266688744759,861.387328007144,416.82598422343165,42.245563652882204,1168.4076301812997,5.705311073660715,337.68605856473215,911.0176164469246,412.57619673859125,42.5052443578869,1168.4076301812997,5.705311073660715,337.68605856473215,911.0176164469246,412.57619673859125,42.5052443578869
2026-02-17 07:00:00+00:00,1766.6980250000001,0.0,413.6041,1587.2434,494.038025,60.674625,1375.2010369362742,5.810678688126567,339.14226897527294,869.7613762295673,417.6726081084687,42.245563652882204,1168.4076301812997,5.705311073660715,337.68605856473215,911.0176164469246,412.57619673859125,42.5052443578869,1168.4076301812997,5.705311073660715,337.68605856473215,911.0176164469246,412.57619673859125,42.5052443578869
2026-02-17 08:00:00+00:00,1764.982175,0.0,413.83015,1584.826475,484.22952499999997,60.982675,1353.9882126135362,5.810678688126567,339.0250790029291,878.1354244519905,417.5390094940638,42.245563652882204,1168.4076301812997,5.705311073660715,337.68605856473215,911.0176164469246,412.57619673859125,42.5052443578869,1168.4076301812997,5.705311073660715,337.68605856473215,911.0176164469246,412.57619673859125,42.5052443578869
2026-02-17 09:00:00+00:00,1767.79765,0.0,412.318425,1240.87955,456.4289,63.200874999999996,1332.4743691159365,5.810678688126567,338.84544516652926,886.5094726744138,417.3153300479183,42.245563652882204,1168.4076301812997,5.705311073660715,337.68605856473215,911.0176164469246,412.57619673859125,42.5052443578869,1168.4076301812997,5.705311073660715,337.68605856473215,911.0176164469246,412.57619673859125,42.5052443578869
2026-02-17 10:00:00+00:00,1758.404225,0.0,383.18467499999997,1180.8184999999999,430.031975,60.1061,1297.0595924234494,5.810678688126567,338.82862164284745,894.8835208968371,416.69285197568826,42.245563652882204,1168.4076301812997,5.705311073660715,337.68605856473215,911.0176164469246,412.57619673859125,42.5052443578869,1168.4076301812997,5.705311073660715,337.68605856473215,911.0176164469246,412.57619673859125,42.5052443578869
2026-02-17 11:00:00+00:00,1764.743925,0.0,381.010025,1128.033025,414.0435,58.582975,1253.228075416956,5.810678688126567,338.63672668344157,903.2575691192603,415.6307553129847,42.245563652882204,1168.4076301812997,5.705311073660715,337.68605856473215,911.0176164469246,412.57619673859125,42.5052443578869,1168.4076301812997,5.705311073660715,337.68605856473215,911.0176164469246,412.57619673859125,42.5052443578869
2026-02-17 12:00:00+00:00,1969.688375,0.0,381.1213,737.2096999999999,405.56442499999997,57.152125,1240.6007459700556,5.810678688126567,338.39635915083943,911.6316173416836,416.30818956068566,42.245563652882204,1168.4076301812997,5.705311073660715,337.68605856473215,911.0176164469246,412.57619673859125,42.5052443578869,1168.4076301812997,5.705311073660715,337.68605856473215,911.0176164469246,412.57619673859125,42.5052443578869
2026-02-17 13:00:00+00:00,2110.7857750000003,0.0,400.7948,697.421025,407.5559,62.035025,1250.1799322549953,5.810678688126567,338.31623662275024,920.005665564107,418.0360611565636,42.245563652882204,1168.4076301812997,5.705311073660715,337.68605856473215,911.0176164469246,412.57619673859125,42.5052443578869,1168.4076301812997,5.705311073660715,337.68605856473215,911.0176164469246,412.57619673859125,42.5052443578869
2026-02-17 14:00:00+00:00,2216.08215,0.0,411.55465000000004,704.777825,430.1872,63.07055,1257.8242630951636,5.810678688126567,338.4014916242351,928.3797137865301,419.2705805876114,42.245563652882204,1168.4076301812997,5.705311073660715,337.68605856473215,911.0176164469246,412.57619673859125,42.5052443578869,1168.4076301812997,5.705311073660715,337.68605856473215,911.0176164469246,412.57619673859125,42.5052443578869
2026-02-17 15:00:00+00:00,2323.671575,0.0,434.563125,1127.627025,466.568375,63.445625,1290.3999159587672,5.810678688126567,338.57029144711447,936.7537620089535,421.8346427833787,42.245563652882204,1168.4076301812997,5.705311073660715,337.68605856473215,911.0176164469246,412.57619673859125,42.5052443578869,1168.4076301812997,5.705311073660715,337.68605856473215,911.0176164469246,412.57619673859125,42.5052443578869
2026-02-17 16:00:00+00:00,2511.474725,0.0,443.34317500000003,1833.184475,496.25015,61.9142,1333.2240222475375,5.810678688126567,338.9463816620786,945.1278102313768,425.14472270091164,42.245563652882204,1168.4076301812997,5.705311073660715,337.68605856473215,911.0176164469246,412.57619673859125,42.5052443578869,1168.4076301812997,5.705311073660715,337.68605856473215,911.0176164469246,412.57619673859125,42.5052443578869
2026-02-17 17:00:00+00:00,2635.108575,0.0,443.35472500000003,1484.757,501.50687500000004,62.220543750000004,1358.2209460421689,5.810678688126567,338.9854452839071,953.5018584538,426.9378213129122,42.245563652882204,1168.4076301812997,5.705311073660715,337.68605856473215,911.0176164469246,412.57619673859125,42.5052443578869,1168.4076301812997,5.705311073660715,337.68605856473215,911.0176164469246,412.57619673859125,42.5052443578869
2026-02-17 18:00:00+00:00,2661.31225,0.0,430.64595,1240.2899499999999,495.67449999999997,62.5268875,1358.56554530776,5.810678688126567,339.03306274258466,961.8759066762233,427.8699417399227,42.245563652882204,1168.4076301812997,5.705311073660715,337.68605856473215,911.0176164469246,412.57619673859125,42.5052443578869,1168.4076301812997,5.705311073660715,337.68605856473215,911.0176164469246,412.57619673859125,42.5052443578869
2026-02-17 19:00:00+00:00,2675.406775,0.0,413.973025,1129.5760500000001,479.45795,62.83323125,1339.393215212342,5.810678688126567,339.1955889671498,970.2499548986465,428.65859218007074,42.245563652882204,1168.4076301812997,5.705311073660715,337.68605856473215,911.0176164469246,412.57619673859125,42.5052443578869,1168.4076301812997,5.705311073660715,337.68605856473215,911.0176164469246,412.57619673859125,42.5052443578869
2026-02-17 20:00:00+00:00,2510.787525,0.0,413.999575,817.5970500000001,461.412275,63.139575,1333.1981105920152,5.810678688126567,339.2460577050036,978.6240031210698,429.5645955801077,42.245563652882204,1168.4076301812997,5.705311073660715,337.68605856473215,911.0176164469246,412.57619673859125,42.5052443578869,1168.4076301812997,5.705311073660715,337.68605856473215,911.0176164469246,412.57619673859125,42.5052443578869
2026-02-17 21:00:00+00:00,1994.517875,0.0,414.11295,912.5448500000001,444.442225,62.56445,1310.3696332964273,5.810678688126567,339.3070763940576,986.9980513434931,430.17328990843083,42.245563652882204,1168.4076301812997,5.705311073660715,337.68605856473215,911.0176164469246,412.57619673859125,42.5052443578869,1168.4076301812997,5.705311073660715,337.68605856473215,911.0176164469246,412.57619673859125,42.5052443578869
2026-02-17 22:00:00+00:00,2006.972725,0.0,414.296975,704.2946499999999,430.64925,61.989325,1291.066094693136,5.810678688126567,339.33359388779155,995.3720995659163,430.8032367885477,42.245563652882204,1168.4076301812997,5.705311073660715,337.68605856473215,911.0176164469246,412.57619673859125,42.5052443578869,1168.4076301812997,5.705311073660715,337.68605856473215,911.0176164469246,412.57619673859125,42.5052443578869
2026-02-17 23:00:00+00:00,2061.31335,0.0,412.6535,680.53185,422.5442,61.4142,1282.0070228390887,5.810678688126567,339.44051889464913,1003.7461477883396,431.6727859711375,42.245563652882204,1168.4076301812997,5.705311073660715,337.68605856473215,911.0176164469246,412.57619673859125,42.5052443578869,1168.4076301812997,5.705311073660715,337.68605856473215,911.0176164469246,412.57619673859125,42.5052443578869
2026-02-18 00:00:00+00:00,1925.6923,0.0,413.40115000000003,726.78565,415.04595,60.839075,1275.0127082605068,5.810678688126567,339.31848148492975,811.1430386726045,408.8310084564087,42.245563652882204,1168.4076301812997,5.705311073660715,337.68605856473215,911.0176164469246,412.57619673859125,42.5052443578869,1168.4076301812997,5.705311073660715,337.68605856473215,911.0176164469246,412.57619673859125,42.5052443578869
2026-02-18 01:00:00+00:00,1768.86335,0.0,413.370775,730.5464999999999,409.01465,59.52005,1278.5869654229207,5.810678688126567,339.3153451761915,819.5170868950277,409.72906344377327,42.245563652882204,1168.4076301812997,5.705311073660715,337.68605856473215,911.0176164469246,412.57619673859125,42.5052443578869,1168.4076301812997,5.705311073660715,337.68605856473215,911.0176164469246,412.57619673859125,42.5052443578869
2026-02-18 02:00:00+00:00,1679.4125749999998,0.0,413.77437499999996,768.2326,405.29995,58.53375,1292.3613577542021,5.810678688126567,339.4359564794425,827.891135117451,411.21060358833347,42.245563652882204,1168.4076301812997,5.705311073660715,337.68605856473215,911.0176164469246,412.57619673859125,42.5052443578869,1168.4076301812997,5.705311073660715,337.68605856473215,911.0176164469246,412.57619673859125,42.5052443578869
2026-02-18 03:00:00+00:00,1926.0125,0.0,414.2685,702.0013749999999,407.518375,56.598425,1321.065099287872,5.810678688126567,339.5400302216547,836.2651833398742,413.28703026666733,42.245563652882204,1168.4076301812997,5.705311073660715,337.68605856473215,911.0176164469246,412.57619673859125,42.5052443578869,1168.4076301812997,5.705311073660715,337.68605856473215,911.0176164469246,412.57619673859125,42.5052443578869
2026-02-18 04:00:00+00:00,2327.9969,0.0,414.95185,789.0838249999999,419.87192500000003,58.599525,1362.847744151397,5.810678688126567,339.6463851751668,844.6392315622975,415.5062962055073,42.245563652882204,1168.4076301812997,5.705311073660715,337.68605856473215,911.0176164469246,412.57619673859125,42.5052443578869,1168.4076301812997,5.705311073660715,337.68605856473215,911.0176164469246,412.57619673859125,42.5052443578869
2026-02-18 05:00:00+00:00,2657.4611999999997,0.0,414.78605,1151.780975,448.41740000000004,56.557775,1425.6836709501172,5.810678688126567,339.6672001257591,853.0132797847208,418.17249068351555,42.245563652882204,1168.4076301812997,5.705311073660715,337.68605856473215,911.0176164469246,412.57619673859125,42.5052443578869,1168.4076301812997,5.705311073660715,337.68605856473215,911.0176164469246,412.57619673859125,42.5052443578869
2026-02-18 06:00:00+00:00,2652.4242750000003,0.0,414.71342500000003,1624.14545,472.9232,59.2802,1470.9490395309979,5.810678688126567,339.6033301426579,861.387328007144,419.9850682594476,42.245563652882204,1168.4076301812997,5.705311073660715,337.68605856473215,911.0176164469246,412.57619673859125,42.5052443578869,1168.4076301812997,5.705311073660715,337.68605856473215,911.0176164469246,412.57619673859125,42.5052443578869
2026-02-18 07:00:00+00:00,2650.667925,0.0,414.583175,1474.4344,479.76189999999997,58.1208,1474.2686311215896,5.810678688126567,339.6566501311358,869.7613762295673,420.8305352069365,42.245563652882204,1168.4076301812997,5.705311073660715,337.68605856473215,911.0176164469246,412.57619673859125,42.5052443578869,1168.4076301812997,5.705311073660715,337.68605856473215,911.0176164469246,412.57619673859125,42.5052443578869
2026-02-18 08:00:00+00:00,2671.572925,0.0,414.30795,1531.160875,464.112625,60.324375,1453.9399379308566,5.810678688126567,339.46047875001256,878.1354244519905,420.80774736728614,42.245563652882204,1168.4076301812997,5.705311073660715,337.68605856473215,911.0176164469246,412.57619673859125,42.5052443578869,1168.4076301812997,5.705311073660715,337.68605856473215,911.0176164469246,412.57619673859125,42.5052443578869
2026-02-18 09:00:00+00:00,2675.7144749999998,0.0,413.77907500000003,1256.569725,434.39475,61.65795000000001,1421.688787001955,5.810678688126567,339.24748380985744,886.5094726744138,420.68408144442725,42.245563652882204,1168.4076301812997,5.705311073660715,337.68605856473215,911.0176164469246,412.57619673859125,42.5052443578869,1168.4076301812997,5.705311073660715,337.68605856473215,911.0176164469246,412.57619673859125,42.5052443578869
2026-02-18 10:00:00+00:00,2415.753675,0.0,410.397275,870.491175,414.2023,61.0756,1376.7330006690843,5.810678688126567,339.007971391774,894.8835208968371,419.6180384739288,42.245563652882204,1168.4076301812997,5.705311073660715,337.68605856473215,911.0176164469246,412.57619673859125,42.5052443578869,1168.4076301812997,5.705311073660715,337.68605856473215,911.0176164469246,412.57619673859125,42.5052443578869
2026-02-18 11:00:00+00:00,1824.27025,0.0,409.355,744.43915,402.754775,62.7314,1332.2053386610337,5.810678688126567,338.84829644638506,903.2575691192603,418.3322697801915,42.245563652882204,1168.4076301812997,5.705311073660715,337.68605856473215,911.0176164469246,412.57619673859125,42.5052443578869,1168.4076301812997,5.705311073660715,337.68605856473215,911.0176164469246,412.57619673859125,42.5052443578869
2026-02-18 12:00:00+00:00,1787.621075,0.0,416.332425,660.9111749999998,393.899675,62.85056388888889,1323.1745129570957,5.810678688126567,338.74678896185975,911.6316173416836,419.68946251454395,42.245563652882204,1168.4076301812997,5.705311073660715,337.68605856473215,911.0176164469246,412.57619673859125,42.5052443578869,1168.4076301812997,5.705311073660715,337.68605856473215,911.0176164469246,412.57619673859125,42.5052443578869
2026-02-18 13:00:00+00:00,1798.81145,0.0,417.1675,637.3066249999999,392.78135,62.96972777777778,1340.7221836669064,5.810678688126567,338.6672364928946,920.005665564107,421.50414448533434,42.245563652882204,1168.4076301812997,5.705311073660715,337.68605856473215,911.0176164469246,412.57619673859125,42.5052443578869,1168.4076301812997,5.705311073660715,337.68605856473215,911.0176164469246,412.57619673859125,42.5052443578869
2026-02-18 14:00:00+00:00,2077.1916499999998,0.0,429.712175,642.5779000000001,413.409175,63.08889166666667,1360.000630242996,5.810678688126567,338.60393661030065,928.3797137865301,423.1402495774534,42.245563652882204,1168.4076301812997,5.705311073660715,337.68605856473215,911.0176164469246,412.57619673859125,42.5052443578869,1168.4076301812997,5.705311073660715,337.68605856473215,911.0176164469246,412.57619673859125,42.5052443578869
2026-02-18 15:00:00+00:00,2515.6725,0.0,426.884425,1629.57575,454.89369999999997,63.20805555555555,1381.8313313301821,5.810678688126567,338.6492728237729,936.7537620089535,424.8074048923167,42.245563652882204,1168.4076301812997,5.705311073660715,337.68605856473215,911.0176164469246,412.57619673859125,42.5052443578869,1168.4076301812997,5.705311073660715,337.68605856473215,911.0176164469246,412.57619673859125,42.5052443578869
2026-02-18 16:00:00+00:00,2660.010925,0.0,413.58625,2169.9763749999997,493.401425,63.327219444444445,1396.276560105767,5.810678688126567,338.76332650029485,945.1278102313768,426.54503270834556,42.245563652882204,1168.4076301812997,5.705311073660715,337.68605856473215,911.0176164469246,412.57619673859125,42.5052443578869,1168.4076301812997,5.705311073660715,337.68605856473215,911.0176164469246,412.57619673859125,42.5052443578869
2026-02-18 17:00:00+00:00,2676.722425,0.0,413.4837,2040.2075,499.6745,63.44638333333333,1395.4694438650877,5.810678688126567,338.8511477507144,953.5018584538,427.86972722428334,42.245563652882204,1168.4076301812997,5.705311073660715,337.68605856473215,911.0176164469246,412.57619673859125,42.5052443578869,1168.4076301812997,5.705311073660715,337.68605856473215,911.0176164469246,412.57619673859125,42.5052443578869
2026-02-18 18:00:00+00:00,2546.435,0.0,413.655325,1469.43735,498.08797500000003,63.56554722222222,1372.8132408240479,5.810678688126567,338.90161643758233,961.8759066762233,428.5304393380897,42.245563652882204,1168.4076301812997,5.705311073660715,337.68605856473215,911.0176164469246,412.57619673859125,42.5052443578869,1168.4076301812997,5.705311073660715,337.68605856473215,911.0176164469246,412.57619673859125,42.5052443578869
2026-02-18 19:00:00+00:00,1991.044325,0.0,413.67445,759.2400250000001,482.259225,63.684711111111106,1336.1435955811376,5.810678688126567,338.8588464485711,970.2499548986465,428.37382041050137,42.245563652882204,1168.4076301812997,5.705311073660715,337.68605856473215,911.0176164469246,412.57619673859125,42.5052443578869,1168.4076301812997,5.705311073660715,337.68605856473215,911.0176164469246,412.57619673859125,42.5052443578869
2026-02-18 20:00:00+00:00,1735.689875,0.0,413.8791,789.190475,461.5564,63.803875,1303.0325176906297,5.810678688126567,338.8565652278394,978.6240031210698,428.5317800537966,42.245563652882204,1168.4076301812997,5.705311073660715,337.68605856473215,911.0176164469246,412.57619673859125,42.5052443578869,1168.4076301812997,5.705311073660715,337.68605856473215,911.0176164469246,412.57619673859125,42.5052443578869
2026-02-18 21:00:00+00:00,1633.3177,0.0,414.0732,804.436725,445.67615,60.04265,1285.3921327895366,5.810678688126567,338.94695270271995,986.9980513434931,429.01659219491677,42.245563652882204,1168.4076301812997,5.705311073660715,337.68605856473215,911.0176164469246,412.57619673859125,42.5052443578869,1168.4076301812997,5.705311073660715,337.68605856473215,911.0176164469246,412.57619673859125,42.5052443578869
2026-02-18 22:00:00+00:00,1429.904375,0.0,414.07825,661.644525,429.86355000000003,60.696975,1258.259829510844,5.810678688126567,339.04275765472556,995.3720995659163,429.55346315134125,42.245563652882204,1168.4076301812997,5.705311073660715,337.68605856473215,911.0176164469246,412.57619673859125,42.5052443578869,1168.4076301812997,5.705311073660715,337.68605856473215,911.0176164469246,412.57619673859125,42.5052443578869
2026-02-18 23:00:00+00:00,1470.638375,0.0,414.09792500000003,708.0329750000001,419.25275,62.13915,1238.600848527158,5.810678688126567,339.22011125191096,1003.7461477883396,430.47073106731574,42.245563652882204,1168.4076301812997,5.705311073660715,337.68605856473215,911.0176164469246,412.57619673859125,42.5052443578869,1168.4076301812997,5.705311073660715,337.68605856473215,911.0176164469246,412.57619673859125,42.5052443578869
2026-02-19 00:00:00+00:00,1704.185,0.0,414.21965,694.68565,413.381575,61.075625,1227.9979506412483,5.810678688126567,339.2663025805815,811.1430386726045,408.03012898742054,42.245563652882204,1168.4076301812997,5.705311073660715,337.68605856473215,911.0176164469246,412.57619673859125,42.5052443578869,1168.4076301812997,5.705311073660715,337.68605856473215,911.0176164469246,412.57619673859125,42.5052443578869
2026-02-19 01:00:00+00:00,1875.570075,0.0,414.291075,670.0036499999999,407.276575,58.313825,1228.1827142337243,5.810678688126567,339.2238175952997,819.5170868950277,408.658749594745,42.245563652882204,1168.4076301812997,5.705311073660715,337.68605856473215,911.0176164469246,412.57619673859125,42.5052443578869,1168.4076301812997,5.705311073660715,337.68605856473215,911.0176164469246,412.57619673859125,42.5052443578869
2026-02-19 02:00:00+00:00,1894.697425,0.0,413.698775,653.0335,410.06725,57.247875,1229.7910825603587,5.810678688126567,339.2212513586018,827.891135117451,409.5768116358461,42.245563652882204,1168.4076301812997,5.705311073660715,337.68605856473215,911.0176164469246,412.57619673859125,42.5052443578869,1168.4076301812997,5.705311073660715,337.68605856473215,911.0176164469246,412.57619673859125,42.5052443578869
2026-02-19 03:00:00+00:00,1774.3056,0.0,411.431275,652.581925,416.474925,58.7498,1248.3904171915472,5.810678688126567,339.26658761082314,836.2651833398742,410.94965460556824,42.245563652882204,1168.4076301812997,5.705311073660715,337.68605856473215,911.0176164469246,412.57619673859125,42.5052443578869,1168.4076301812997,5.705311073660715,337.68605856473215,911.0176164469246,412.57619673859125,42.5052443578869
2026-02-19 04:00:00+00:00,1497.668175,0.0,414.187,703.904875,427.81305000000003,58.924225,1282.1347857376645,5.810678688126567,339.2212513586018,844.6392315622975,412.71118469599855,42.245563652882204,1168.4076301812997,5.705311073660715,337.68605856473215,911.0176164469246,412.57619673859125,42.5052443578869,1168.4076301812997,5.705311073660715,337.68605856473215,911.0176164469246,412.57619673859125,42.5052443578869
2026-02-19 05:00:00+00:00,1421.138275,0.0,412.51225,824.0259249999999,457.172225,56.171575,1337.9485389478755,5.810678688126567,339.2164039154477,853.0132797847208,415.3920107243756,42.245563652882204,1168.4076301812997,5.705311073660715,337.68605856473215,911.0176164469246,412.57619673859125,42.5052443578869,1168.4076301812997,5.705311073660715,337.68605856473215,911.0176164469246,412.57619673859125,42.5052443578869
2026-02-19 06:00:00+00:00,1538.646825,0.0,409.30715,712.386175,485.63925,56.956064999999995,1398.2784573404933,5.810678688126567,339.27485638004066,861.387328007144,417.86847394447176,42.245563652882204,1168.4076301812997,5.705311073660715,337.68605856473215,911.0176164469246,412.57619673859125,42.5052443578869,1168.4076301812997,5.705311073660715,337.68605856473215,911.0176164469246,412.57619673859125,42.5052443578869
2026-02-19 07:00:00+00:00,1586.934375,0.0,412.76075000000003,906.0375750000002,492.191725,57.740555,1415.7418918609142,5.810678688126567,339.21868512190395,869.7613762295673,419.29666078727575,42.245563652882204,1168.4076301812997,5.705311073660715,337.68605856473215,911.0176164469246,412.57619673859125,42.5052443578869,1168.4076301812997,5.705311073660715,337.68605856473215,911.0176164469246,412.57619673859125,42.5052443578869
2026-02-19 08:00:00+00:00,1722.3541,0.0,413.4095,1008.4771249999999,484.1361,58.525045,1408.3081850698884,5.810678688126567,339.13114893979554,878.1354244519905,419.86948367788847,42.245563652882204,1168.4076301812997,5.705311073660715,337.68605856473215,911.0176164469246,412.57619673859125,42.5052443578869,1168.4076301812997,5.705311073660715,337.68605856473215,911.0176164469246,412.57619673859125,42.5052443578869
2026-02-19 09:00:00+00:00,1807.05635,0.0,418.780425,1117.9524749999998,456.8093,59.309535,1396.047064539765,5.810678688126567,339.0168102337115,886.5094726744138,420.1403599629865,42.245563652882204,1168.4076301812997,5.705311073660715,337.68605856473215,911.0176164469246,412.57619673859125,42.5052443578869,1168.4076301812997,5.705311073660715,337.68605856473215,911.0176164469246,412.57619673859125,42.5052443578869
2026-02-19 10:00:00+00:00,1870.9994,0.0,444.45205,773.39025,432.084925,60.094025,1393.074716224649,5.810678688126567,338.8645489810909,894.8835208968371,420.54736429933325,42.245563652882204,1168.4076301812997,5.705311073660715,337.68605856473215,911.0176164469246,412.57619673859125,42.5052443578869,1168.4076301812997,5.705311073660715,337.68605856473215,911.0176164469246,412.57619673859125,42.5052443578869
2026-02-19 11:00:00+00:00,1982.6088750000001,0.0,413.58875,843.56035,422.03715,60.878515,1384.4767070275595,5.810678688126567,338.7636115556896,903.2575691192603,420.79570691168385,42.245563652882204,1168.4076301812997,5.705311073660715,337.68605856473215,911.0176164469246,412.57619673859125,42.5052443578869,1168.4076301812997,5.705311073660715,337.68605856473215,911.0176164469246,412.57619673859125,42.5052443578869
2026-02-19 12:00:00+00:00,1911.996475,0.0,410.802325,691.0137250000001,416.97125,61.663005,1388.2187843398738,5.810678688126567,339.0413315376349,911.6316173416836,422.53340586636534,42.245563652882204,1168.4076301812997,5.705311073660715,337.68605856473215,911.0176164469246,412.57619673859125,42.5052443578869,1168.4076301812997,5.705311073660715,337.68605856473215,911.0176164469246,412.57619673859125,42.5052443578869
2026-02-19 13:00:00+00:00,1682.17765,0.0,415.85647500000005,818.02145,420.8772,62.447494999999996,1372.3999966461513,5.810678688126567,339.03306274258466,920.005665564107,423.14026315781877,42.245563652882204,1168.4076301812997,5.705311073660715,337.68605856473215,911.0176164469246,412.57619673859125,42.5052443578869,1168.4076301812997,5.705311073660715,337.68605856473215,911.0176164469246,412.57619673859125,42.5052443578869
2026-02-19 14:00:00+00:00,1473.8934,0.0,430.21837500000004,1065.657275,435.610225,63.231985,1372.927227486058,5.810678688126567,338.91330653354294,928.3797137865301,423.76830911435195,42.245563652882204,1168.4076301812997,5.705311073660715,337.68605856473215,911.0176164469246,412.57619673859125,42.5052443578869,1168.4076301812997,5.705311073660715,337.68605856473215,911.0176164469246,412.57619673859125,42.5052443578869
2026-02-19 15:00:00+00:00,1322.22885,0.0,438.55600000000004,1175.77355,475.041925,64.016475,1388.6254882499272,5.810678688126567,338.93526160076846,936.7537620089535,425.234784444623,42.245563652882204,1168.4076301812997,5.705311073660715,337.68605856473215,911.0176164469246,412.57619673859125,42.5052443578869,1168.4076301812997,5.705311073660715,337.68605856473215,911.0176164469246,412.57619673859125,42.5052443578869
2026-02-19 16:00:00+00:00,1631.78455,0.0,413.45797500000003,1580.185525,509.88592500000004,63.710375,1417.7181065603638,5.810678688126567,339.0125328245283,945.1278102313768,427.33425668162874,42.245563652882204,1168.4076301812997,5.705311073660715,337.68605856473215,911.0176164469246,412.57619673859125,42.5052443578869,1168.4076301812997,5.705311073660715,337.68605856473215,911.0176164469246,412.57619673859125,42.5052443578869
2026-02-19 17:00:00+00:00,1780.4608,0.0,413.51895,1410.93235,515.9404,63.5281875,1432.5808829650355,5.810678688126567,339.1160365369337,953.5018584538,428.99644248027107,42.245563652882204,1168.4076301812997,5.705311073660715,337.68605856473215,911.0176164469246,412.57619673859125,42.5052443578869,1168.4076301812997,5.705311073660715,337.68605856473215,911.0176164469246,412.57619673859125,42.5052443578869
2026-02-19 18:00:00+00:00,1782.752825,0.0,420.157575,971.82725,508.695075,63.346000000000004,1431.923993426294,5.810678688126567,339.14996769760324,961.8759066762233,430.0730571462698,42.245563652882204,1168.4076301812997,5.705311073660715,337.68605856473215,911.0176164469246,412.57619673859125,42.5052443578869,1168.4076301812997,5.705311073660715,337.68605856473215,911.0176164469246,412.57619673859125,42.5052443578869
2026-02-19 19:00:00+00:00,1764.7354500000001,0.0,435.74775,846.7405,488.0684,61.07955,1409.3883642319288,5.810678688126567,339.1576664076968,970.2499548986465,430.51730445168334,42.245563652882204,1168.4076301812997,5.705311073660715,337.68605856473215,911.0176164469246,412.57619673859125,42.5052443578869,1168.4076301812997,5.705311073660715,337.68605856473215,911.0176164469246,412.57619673859125,42.5052443578869
2026-02-19 20:00:00+00:00,1636.71765,0.0,441.8973,750.933,463.7827,60.496399999999994,1379.0434059012684,5.810678688126567,339.10691266543415,978.6240031210698,430.7410650208632,42.245563652882204,1168.4076301812997,5.705311073660715,337.68605856473215,911.0176164469246,412.57619673859125,42.5052443578869,1168.4076301812997,5.705311073660715,337.68605856473215,911.0176164469246,412.57619673859125,42.5052443578869
2026-02-19 21:00:00+00:00,1595.05555,0.0,442.0077,813.492175,448.969725,62.324725,1354.2763205451972,5.810678688126567,339.0989289257786,986.9980513434931,431.0350251527015,42.245563652882204,1168.4076301812997,5.705311073660715,337.68605856473215,911.0176164469246,412.57619673859125,42.5052443578869,1168.4076301812997,5.705311073660715,337.68605856473215,911.0176164469246,412.57619673859125,42.5052443578869
2026-02-19 22:00:00+00:00,1257.415275,0.0,443.217325,834.2396,433.13259999999997,58.735924999999995,1328.0963351141663,5.810678688126567,339.12288015698203,995.3720995659163,431.1137478672581,42.245563652882204,1168.4076301812997,5.705311073660715,337.68605856473215,911.0176164469246,412.57619673859125,42.5052443578869,1168.4076301812997,5.705311073660715,337.68605856473215,911.0176164469246,412.57619673859125,42.5052443578869
2026-02-19 23:00:00+00:00,940.124875,0.0,444.659675,727.921525,420.420875,55.188525,1310.1715261408212,5.810678688126567,339.1653651300271,1003.7461477883396,431.4398614625932,42.245563652882204,1168.4076301812997,5.705311073660715,337.68605856473215,911.0176164469246,412.57619673859125,42.5052443578869,1168.4076301812997,5.705311073660715,337.68605856473215,911.0176164469246,412.57619673859125,42.5052443578869
2026-02-20 00:00:00+00:00,930.268325,0.0,443.632125,807.0518500000001,412.68245,61.0905,1308.5868874608188,5.810678688126567,339.2956713283386,811.1430386726045,409.412775545693,42.245563652882204,1168.4076301812997,5.705311073660715,337.68605856473215,911.0176164469246,412.57619673859125,42.5052443578869,1168.4076301812997,5.705311073660715,337.68605856473215,911.0176164469246,412.57619673859125,42.5052443578869
2026-02-20 01:00:00+00:00,931.774375,0.0,444.768475,711.90335,405.988675,64.19095,1310.7547577857715,5.810678688126567,339.4439411950922,819.5170868950277,410.63465117970384,42.245563652882204,1168.4076301812997,5.705311073660715,337.68605856473215,911.0176164469246,412.57619673859125,42.5052443578869,1168.4076301812997,5.705311073660715,337.68605856473215,911.0176164469246,412.57619673859125,42.5052443578869
2026-02-20 02:00:00+00:00,933.894225,0.0,421.189075,667.67465,409.600225,63.0692,1321.1477017198258,5.810678688126567,339.5713961251045,827.891135117451,412.2381549924121,42.245563652882204,1168.4076301812997,5.705311073660715,337.68605856473215,911.0176164469246,412.57619673859125,42.5052443578869,1168.4076301812997,5.705311073660715,337.68605856473215,911.0176164469246,412.57619673859125,42.5052443578869
2026-02-20 03:00:00+00:00,956.3567,0.0,412.260225,696.4313500000001,411.804225,59.156675,1339.627936787684,5.810678688126567,339.68630488283446,836.2651833398742,414.06352577134487,42.245563652882204,1168.4076301812997,5.705311073660715,337.68605856473215,911.0176164469246,412.57619673859125,42.5052443578869,1168.4076301812997,5.705311073660715,337.68605856473215,911.0176164469246,412.57619673859125,42.5052443578869
2026-02-20 04:00:00+00:00,1133.237475,0.0,409.924,708.419525,428.65795,57.8163,1367.7148134961064,5.810678688126567,339.74247614742933,844.6392315622975,415.94702164936604,42.245563652882204,1168.4076301812997,5.705311073660715,337.68605856473215,911.0176164469246,412.57619673859125,42.5052443578869,1168.4076301812997,5.705311073660715,337.68605856473215,911.0176164469246,412.57619673859125,42.5052443578869
2026-02-20 05:00:00+00:00,1647.037425,0.0,412.25895,828.31205,459.90794999999997,56.2153,1427.336814735268,5.810678688126567,339.7533111662611,853.0132797847208,418.51642491594055,42.245563652882204,1168.4076301812997,5.705311073660715,337.68605856473215,911.0176164469246,412.57619673859125,42.5052443578869,1168.4076301812997,5.705311073660715,337.68605856473215,911.0176164469246,412.57619673859125,42.5052443578869
2026-02-20 06:00:00+00:00,1640.890725,0.0,428.832625,1044.64445,496.564475,58.6151,1469.4971160693697,5.810678688126567,339.72166119607226,861.387328007144,420.58400776444364,42.245563652882204,1168.4076301812997,5.705311073660715,337.68605856473215,911.0176164469246,412.57619673859125,42.5052443578869,1168.4076301812997,5.705311073660715,337.68605856473215,911.0176164469246,412.57619673859125,42.5052443578869
2026-02-20 07:00:00+00:00,1590.016625,0.0,446.021475,1537.6902,497.524475,61.379999999999995,1475.1394042696838,5.810678688126567,339.69229245511315,869.7613762295673,421.7392478406955,42.245563652882204,1168.4076301812997,5.705311073660715,337.68605856473215,911.0176164469246,412.57619673859125,42.5052443578869,1168.4076301812997,5.705311073660715,337.68605856473215,911.0176164469246,412.57619673859125,42.5052443578869
2026-02-20 08:00:00+00:00,1544.784725,0.0,446.00425,1105.5792749999998,487.830375,62.211475,1450.6173057287808,5.810678688126567,339.4234112831542,878.1354244519905,421.2874016865151,42.245563652882204,1168.4076301812997,5.705311073660715,337.68605856473215,911.0176164469246,412.57619673859125,42.5052443578869,1168.4076301812997,5.705311073660715,337.68605856473215,911.0176164469246,412.57619673859125,42.5052443578869
2026-02-20 09:00:00+00:00,1612.2571,0.0,445.2586,1140.04905,456.8957,62.846716666666666,1429.8689596411252,5.810678688126567,339.1647950831399,886.5094726744138,420.7174939858171,42.245563652882204,1168.4076301812997,5.705311073660715,337.68605856473215,911.0176164469246,412.57619673859125,42.5052443578869,1168.4076301812997,5.705311073660715,337.68605856473215,911.0176164469246,412.57619673859125,42.5052443578869
2026-02-20 10:00:00+00:00,1801.01685,0.0,444.956825,972.19865,427.60975,63.48195833333333,1412.854005345191,5.810678688126567,338.9224313865598,894.8835208968371,420.28531062566447,42.245563652882204,1168.4076301812997,5.705311073660715,337.68605856473215,911.0176164469246,412.57619673859125,42.5052443578869,1168.4076301812997,5.705311073660715,337.68605856473215,911.0176164469246,412.57619673859125,42.5052443578869
2026-02-20 11:00:00+00:00,1800.793825,0.0,441.47625,1269.8964500000002,416.134975,64.1172,1397.3372508332213,5.810678688126567,338.67750143968595,903.2575691192603,420.1023785301456,42.245563652882204,1168.4076301812997,5.705311073660715,337.68605856473215,911.0176164469246,412.57619673859125,42.5052443578869,1168.4076301812997,5.705311073660715,337.68605856473215,911.0176164469246,412.57619673859125,42.5052443578869
2026-02-20 12:00:00+00:00,1786.4666750000001,0.0,425.3825,979.1845249999999,415.195175,60.056175,1395.102379967111,5.810678688126567,338.75220643898473,911.6316173416836,421.07780207244645,42.245563652882204,1168.4076301812997,5.705311073660715,337.68605856473215,911.0176164469246,412.57619673859125,42.5052443578869,1168.4076301812997,5.705311073660715,337.68605856473215,911.0176164469246,412.57619673859125,42.5052443578869
2026-02-20 13:00:00+00:00,1804.6274250000001,0.0,425.381725,1038.615475,412.81555000000003,62.966525000000004,1389.1963551361346,5.810678688126567,338.6911877499307,920.005665564107,421.62876257600857,42.245563652882204,1168.4076301812997,5.705311073660715,337.68605856473215,911.0176164469246,412.57619673859125,42.5052443578869,1168.4076301812997,5.705311073660715,337.68605856473215,911.0176164469246,412.57619673859125,42.5052443578869
2026-02-20 14:00:00+00:00,1809.3295,0.0,428.55922499999997,1262.331375,426.80615,61.526775,1393.1231647565735,5.810678688126567,338.60650283476167,928.3797137865301,422.680680459214,42.245563652882204,1168.4076301812997,5.705311073660715,337.68605856473215,911.0176164469246,412.57619673859125,42.5052443578869,1168.4076301812997,5.705311073660715,337.68605856473215,911.0176164469246,412.57619673859125,42.5052443578869
2026-02-20 15:00:00+00:00,1812.611725,0.0,442.1642,1553.1659250000002,464.988225,61.911950000000004,1405.793613223751,5.810678688126567,338.61420155709203,936.7537620089535,424.1773493839199,42.245563652882204,1168.4076301812997,5.705311073660715,337.68605856473215,911.0176164469246,412.57619673859125,42.5052443578869,1168.4076301812997,5.705311073660715,337.68605856473215,911.0176164469246,412.57619673859125,42.5052443578869
2026-02-20 16:00:00+00:00,1812.955125,0.0,442.19195,1406.0483,497.896775,62.297125,1423.8005160274608,5.810678688126567,338.7313915416727,945.1278102313768,426.17160577981855,42.245563652882204,1168.4076301812997,5.705311073660715,337.68605856473215,911.0176164469246,412.57619673859125,42.5052443578869,1168.4076301812997,5.705311073660715,337.68605856473215,911.0176164469246,412.57619673859125,42.5052443578869
2026-02-20 17:00:00+00:00,1827.4483500000001,0.0,439.956675,1237.249475,500.835775,56.9399,1418.239094160057,5.810678688126567,338.7767277551449,953.5018584538,427.4063975578528,42.245563652882204,1168.4076301812997,5.705311073660715,337.68605856473215,911.0176164469246,412.57619673859125,42.5052443578869,1168.4076301812997,5.705311073660715,337.68605856473215,911.0176164469246,412.57619673859125,42.5052443578869
2026-02-20 18:00:00+00:00,1662.90725,0.0,437.505375,800.0919500000001,493.216925,55.917275,1385.6932418126705,5.810678688126567,338.8140802425575,961.8759066762233,427.73825795472044,42.245563652882204,1168.4076301812997,5.705311073660715,337.68605856473215,911.0176164469246,412.57619673859125,42.5052443578869,1168.4076301812997,5.705311073660715,337.68605856473215,911.0176164469246,412.57619673859125,42.5052443578869
2026-02-20 19:00:00+00:00,1475.269625,0.0,439.327125,737.8908999999999,474.140925,55.0846,1337.8523934756709,5.810678688126567,338.7579089715045,970.2499548986465,427.54430988264204,42.245563652882204,1168.4076301812997,5.705311073660715,337.68605856473215,911.0176164469246,412.57619673859125,42.5052443578869,1168.4076301812997,5.705311073660715,337.68605856473215,911.0176164469246,412.57619673859125,42.5052443578869
2026-02-20 20:00:00+00:00,1324.5342,0.0,408.2663,713.2049000000001,450.05345,52.918075,1288.9206899482829,5.810678688126567,338.7604752204391,978.6240031210698,427.33938033616425,42.245563652882204,1168.4076301812997,5.705311073660715,337.68605856473215,911.0176164469246,412.57619673859125,42.5052443578869,1168.4076301812997,5.705311073660715,337.68605856473215,911.0176164469246,412.57619673859125,42.5052443578869
2026-02-20 21:00:00+00:00,1117.58415,0.0,355.41499999999996,725.01765,434.329025,50.148425,1254.160529257832,5.810678688126567,338.7767277551449,986.9980513434931,427.4141695006381,42.245563652882204,1168.4076301812997,5.705311073660715,337.68605856473215,911.0176164469246,412.57619673859125,42.5052443578869,1168.4076301812997,5.705311073660715,337.68605856473215,911.0176164469246,412.57619673859125,42.5052443578869
2026-02-20 22:00:00+00:00,1107.3154749999999,0.0,340.2552,738.7878999999999,422.65797499999996,52.30785,1219.6243759691904,5.810678688126567,338.7767277551449,995.3720995659163,427.4170581854907,42.245563652882204,1168.4076301812997,5.705311073660715,337.68605856473215,911.0176164469246,412.57619673859125,42.5052443578869,1168.4076301812997,5.705311073660715,337.68605856473215,911.0176164469246,412.57619673859125,42.5052443578869
2026-02-20 23:00:00+00:00,1146.855475,0.0,324.5973,739.49125,405.0277,53.413525,1192.491590959825,5.810678688126567,338.74479277204915,1003.7461477883396,427.53047102493855,42.245563652882204,1168.4076301812997,5.705311073660715,337.68605856473215,911.0176164469246,412.57619673859125,42.5052443578869,1168.4076301812997,5.705311073660715,337.68605856473215,911.0176164469246,412.57619673859125,42.5052443578869
2026-02-21 00:00:00+00:00,982.51155,0.0,324.684175,735.56765,397.2541,51.747725,1175.0149931405203,5.810678688126567,338.7154239862226,811.1430386726045,404.88978904606614,42.245563652882204,1168.4076301812997,5.705311073660715,337.68605856473215,911.0176164469246,412.57619673859125,42.5052443578869,1168.4076301812997,5.705311073660715,337.68605856473215,911.0176164469246,412.57619673859125,42.5052443578869
2026-02-21 01:00:00+00:00,771.2816250000001,0.0,324.824925,684.38355,397.46165,49.6836,1158.5330987424325,5.810678688126567,338.60650283476167,819.5170868950277,405.0450422704528,42.245563652882204,1168.4076301812997,5.705311073660715,337.68605856473215,911.0176164469246,412.57619673859125,42.5052443578869,1168.4076301812997,5.705311073660715,337.68605856473215,911.0176164469246,412.57619673859125,42.5052443578869
2026-02-21 02:00:00+00:00,722.7719500000001,0.0,324.8947,697.659725,398.00987499999997,50.898775,1156.8676652505985,5.810678688126567,338.5745678244741,827.891135117451,405.90436060013303,42.245563652882204,1168.4076301812997,5.705311073660715,337.68605856473215,911.0176164469246,412.57619673859125,42.5052443578869,1168.4076301812997,5.705311073660715,337.68605856473215,911.0176164469246,412.57619673859125,42.5052443578869
2026-02-21 03:00:00+00:00,652.72685,0.0,324.679975,656.922,407.637925,51.628975,1158.8676809199692,5.810678688126567,338.54234781045716,836.2651833398742,406.643459514028,42.245563652882204,1168.4076301812997,5.705311073660715,337.68605856473215,911.0176164469246,412.57619673859125,42.5052443578869,1168.4076301812997,5.705311073660715,337.68605856473215,911.0176164469246,412.57619673859125,42.5052443578869
2026-02-21 04:00:00+00:00,646.583525,0.0,324.529,759.215575,425.47950000000003,50.32975,1165.7113953267315,5.810678688126567,338.4627953931574,844.6392315622975,407.29396188413597,42.245563652882204,1168.4076301812997,5.705311073660715,337.68605856473215,911.0176164469246,412.57619673859125,42.5052443578869,1168.4076301812997,5.705311073660715,337.68605856473215,911.0176164469246,412.57619673859125,42.5052443578869
2026-02-21 05:00:00+00:00,634.79895,0.0,324.399325,763.8596249999999,455.1349,47.39195,1180.5067468976536,5.810678688126567,338.41774415894093,853.0132797847208,408.5855320810677,42.245563652882204,1168.4076301812997,5.705311073660715,337.68605856473215,911.0176164469246,412.57619673859125,42.5052443578869,1168.4076301812997,5.705311073660715,337.68605856473215,911.0176164469246,412.57619673859125,42.5052443578869
2026-02-21 06:00:00+00:00,545.87195,0.0,324.6888,716.5360500000002,489.14815,43.475875,1204.0529771974502,5.810678688126567,338.5854028303895,861.387328007144,410.2756798094272,42.245563652882204,1168.4076301812997,5.705311073660715,337.68605856473215,911.0176164469246,412.57619673859125,42.5052443578869,1168.4076301812997,5.705311073660715,337.68605856473215,911.0176164469246,412.57619673859125,42.5052443578869
2026-02-21 07:00:00+00:00,510.274225,0.0,324.751625,738.113125,493.226275,43.501075,1213.9602577697754,5.810678688126567,338.466501711393,869.7613762295673,410.749648722387,42.245563652882204,1168.4076301812997,5.705311073660715,337.68605856473215,911.0176164469246,412.57619673859125,42.5052443578869,1168.4076301812997,5.705311073660715,337.68605856473215,911.0176164469246,412.57619673859125,42.5052443578869
2026-02-21 08:00:00+00:00,165.807725,0.0,299.367475,722.6607749999998,483.919675,38.830625,1218.8763398277827,5.810678688126567,338.4804730770324,878.1354244519905,411.9015179770965,42.245563652882204,1168.4076301812997,5.705311073660715,337.68605856473215,911.0176164469246,412.57619673859125,42.5052443578869,1168.4076301812997,5.705311073660715,337.68605856473215,911.0176164469246,412.57619673859125,42.5052443578869
2026-02-21 09:00:00+00:00,191.54764999999998,0.0,293.29995,793.0463,448.4821,37.048925,1220.6236599971148,5.810678688126567,338.3926518266129,886.5094726744138,412.7697198817013,42.245563652882204,1168.4076301812997,5.705311073660715,337.68605856473215,911.0176164469246,412.57619673859125,42.5052443578869,1168.4076301812997,5.705311073660715,337.68605856473215,911.0176164469246,412.57619673859125,42.5052443578869
2026-02-21 10:00:00+00:00,197.92892499999994,0.0,298.39862500000004,1124.145625,424.491175,37.555325,1231.5791057783877,5.810678688126567,338.3997804898192,894.8835208968371,414.07384881025496,42.245563652882204,1168.4076301812997,5.705311073660715,337.68605856473215,911.0176164469246,412.57619673859125,42.5052443578869,1168.4076301812997,5.705311073660715,337.68605856473215,911.0176164469246,412.57619673859125,42.5052443578869
2026-02-21 11:00:00+00:00,205.14879999999994,0.0,298.634075,862.66725,404.322675,38.692075,1233.2080479725028,5.810678688126567,338.4180291626702,903.2575691192603,415.37684151260606,42.245563652882204,1168.4076301812997,5.705311073660715,337.68605856473215,911.0176164469246,412.57619673859125,42.5052443578869,1168.4076301812997,5.705311073660715,337.68605856473215,911.0176164469246,412.57619673859125,42.5052443578869
2026-02-21 12:00:00+00:00,200.85277500000007,0.0,298.395075,953.954675,397.421425,38.678425000000004,1235.593161173792,5.810678688126567,338.44369155412227,911.6316173416836,416.36879799195134,42.245563652882204,1168.4076301812997,5.705311073660715,337.68605856473215,911.0176164469246,412.57619673859125,42.5052443578869,1168.4076301812997,5.705311073660715,337.68605856473215,911.0176164469246,412.57619673859125,42.5052443578869
2026-02-21 13:00:00+00:00,200.77115000000003,0.0,306.628725,881.192125,410.452175,39.42965,1231.9044233620925,5.810678688126567,338.36157288788786,920.005665564107,416.97557265721787,42.245563652882204,1168.4076301812997,5.705311073660715,337.68605856473215,911.0176164469246,412.57619673859125,42.5052443578869,1168.4076301812997,5.705311073660715,337.68605856473215,911.0176164469246,412.57619673859125,42.5052443578869
2026-02-21 14:00:00+00:00,252.04219999999987,0.0,334.6615,1227.4349,436.801975,49.6712,1236.3232823690337,5.810678688126567,338.32136912061947,928.3797137865301,417.8736757267456,42.245563652882204,1168.4076301812997,5.705311073660715,337.68605856473215,911.0176164469246,412.57619673859125,42.5052443578869,1168.4076301812997,5.705311073660715,337.68605856473215,911.0176164469246,412.57619673859125,42.5052443578869
2026-02-21 15:00:00+00:00,258.0318749999999,0.0,352.939025,1501.74545,473.8902,48.844300000000004,1252.475836705649,5.810678688126567,338.2897191929184,936.7537620089535,419.003556325731,42.245563652882204,1168.4076301812997,5.705311073660715,337.68605856473215,911.0176164469246,412.57619673859125,42.5052443578869,1168.4076301812997,5.705311073660715,337.68605856473215,911.0176164469246,412.57619673859125,42.5052443578869
2026-02-21 16:00:00+00:00,270.9565499999999,0.0,353.16724999999997,1955.5607,498.24717499999997,49.327375,1263.563907896685,5.810678688126567,338.2577841826308,945.1278102313768,420.0717269521842,42.245563652882204,1168.4076301812997,5.705311073660715,337.68605856473215,911.0176164469246,412.57619673859125,42.5052443578869,1168.4076301812997,5.705311073660715,337.68605856473215,911.0176164469246,412.57619673859125,42.5052443578869
2026-02-21 17:00:00+00:00,270.88594999999987,0.0,353.254075,1988.2533250000001,498.66094999999996,48.10735,1261.447045181592,5.810678688126567,338.20760055115755,953.5018584538,420.8324249158303,42.245563652882204,1168.4076301812997,5.705311073660715,337.68605856473215,911.0176164469246,412.57619673859125,42.5052443578869,1168.4076301812997,5.705311073660715,337.68605856473215,911.0176164469246,412.57619673859125,42.5052443578869
2026-02-21 18:00:00+00:00,265.0071499999999,0.0,353.241425,1991.3343500000003,487.67145,48.630125,1243.803661621351,5.810678688126567,338.15085922098046,961.8759066762233,421.04638908457076,42.245563652882204,1168.4076301812997,5.705311073660715,337.68605856473215,911.0176164469246,412.57619673859125,42.5052443578869,1168.4076301812997,5.705311073660715,337.68605856473215,911.0176164469246,412.57619673859125,42.5052443578869
2026-02-21 19:00:00+00:00,245.29365000000018,0.0,353.338375,1475.3331249999999,462.005925,49.213925,1210.221282210382,5.810678688126567,338.14515661232184,970.2499548986465,420.963175153736,42.245563652882204,1168.4076301812997,5.705311073660715,337.68605856473215,911.0176164469246,412.57619673859125,42.5052443578869,1168.4076301812997,5.705311073660715,337.68605856473215,911.0176164469246,412.57619673859125,42.5052443578869
2026-02-21 20:00:00+00:00,241.11862500000007,0.0,353.24514999999997,1070.33395,449.04297499999996,49.36515,1194.928938666741,5.810678688126567,338.22271291594996,978.6240031210698,421.7695618407014,42.245563652882204,1168.4076301812997,5.705311073660715,337.68605856473215,911.0176164469246,412.57619673859125,42.5052443578869,1168.4076301812997,5.705311073660715,337.68605856473215,911.0176164469246,412.57619673859125,42.5052443578869
2026-02-21 21:00:00+00:00,229.2770250000001,0.0,353.382975,1141.4449249999998,438.837925,49.746325,1178.4943879194573,5.810678688126567,338.24751923583943,986.9980513434931,422.41735158359717,42.245563652882204,1168.4076301812997,5.705311073660715,337.68605856473215,911.0176164469246,412.57619673859125,42.5052443578869,1168.4076301812997,5.705311073660715,337.68605856473215,911.0176164469246,412.57619673859125,42.5052443578869
2026-02-21 22:00:00+00:00,209.85072500000012,0.0,353.656175,859.4866,422.5193,51.27615,1144.0108958930923,5.810678688126567,338.1485778996362,995.3720995659163,422.3571265864478,42.245563652882204,1168.4076301812997,5.705311073660715,337.68605856473215,911.0176164469246,412.57619673859125,42.5052443578869,1168.4076301812997,5.705311073660715,337.68605856473215,911.0176164469246,412.57619673859125,42.5052443578869
2026-02-21 23:00:00+00:00,194.98400000000004,0.0,353.713625,721.3125,409.239775,50.18925,1115.2436482735054,5.810678688126567,338.05876056001864,1003.7461477883396,422.53100180801266,42.245563652882204,1168.4076301812997,5.705311073660715,337.68605856473215,911.0176164469246,412.57619673859125,42.5052443578869,1168.4076301812997,5.705311073660715,337.68605856473215,911.0176164469246,412.57619673859125,42.5052443578869
2026-02-22 00:00:00+00:00,184.80757500000004,0.0,344.04445,677.0551,404.87795,50.04185,1098.8502874781836,5.810678688126567,338.0533430312282,811.1430386726045,400.1255005758461,42.245563652882204,1168.4076301812997,5.705311073660715,337.68605856473215,911.0176164469246,412.57619673859125,42.5052443578869,1168.4076301812997,5.705311073660715,337.68605856473215,911.0176164469246,412.57619673859125,42.5052443578869
2026-02-22 01:00:00+00:00,173.96755000000007,0.0,343.872075,673.7643750000001,406.0819,49.2452,1084.7835827672145,5.810678688126567,338.07159175574463,819.5170868950277,400.84312206398926,42.245563652882204,1168.4076301812997,5.705311073660715,337.68605856473215,911.0176164469246,412.57619673859125,42.5052443578869,1168.4076301812997,5.705311073660715,337.68605856473215,911.0176164469246,412.57619673859125,42.5052443578869
2026-02-22 02:00:00+00:00,169.29272500000013,0.0,343.81905,657.2953,407.7632,48.4252,1086.944929025278,5.810678688126567,338.1249117496602,827.891135117451,402.001908976932,42.245563652882204,1168.4076301812997,5.705311073660715,337.68605856473215,911.0176164469246,412.57619673859125,42.5052443578869,1168.4076301812997,5.705311073660715,337.68605856473215,911.0176164469246,412.57619673859125,42.5052443578869
2026-02-22 03:00:00+00:00,172.41242499999998,0.0,343.874525,671.4519750000001,413.157725,48.13175,1093.205880400031,5.810678688126567,338.13546177631986,836.2651833398742,403.22537464265224,42.245563652882204,1168.4076301812997,5.705311073660715,337.68605856473215,911.0176164469246,412.57619673859125,42.5052443578869,1168.4076301812997,5.705311073660715,337.68605856473215,911.0176164469246,412.57619673859125,42.5052443578869
2026-02-22 04:00:00+00:00,169.62332500000002,0.0,343.671425,663.367675,425.11765,48.009825,1098.5361398857297,5.810678688126567,338.1140766920794,844.6392315622975,404.26520857141236,42.245563652882204,1168.4076301812997,5.705311073660715,337.68605856473215,911.0176164469246,412.57619673859125,42.5052443578869,1168.4076301812997,5.705311073660715,337.68605856473215,911.0176164469246,412.57619673859125,42.5052443578869
2026-02-22 05:00:00+00:00,170.22392500000012,0.0,346.2228,729.9254999999999,447.1846,47.71185,1086.4982339168766,5.810678688126567,338.07957548452254,853.0132797847208,405.0669662747989,42.245563652882204,1168.4076301812997,5.705311073660715,337.68605856473215,911.0176164469246,412.57619673859125,42.5052443578869,1168.4076301812997,5.705311073660715,337.68605856473215,911.0176164469246,412.57619673859125,42.5052443578869
2026-02-22 06:00:00+00:00,177.54712500000005,0.0,355.307025,783.3634000000001,476.11975,49.093175,1098.9823203424633,5.810678688126567,338.09012551118224,861.387328007144,406.4702907523833,42.245563652882204,1168.4076301812997,5.705311073660715,337.68605856473215,911.0176164469246,412.57619673859125,42.5052443578869,1168.4076301812997,5.705311073660715,337.68605856473215,911.0176164469246,412.57619673859125,42.5052443578869
2026-02-22 07:00:00+00:00,189.76037500000007,0.0,355.632075,711.5897500000001,479.61775,51.6717,1109.5489658457857,5.810678688126567,338.04279310789934,869.7613762295673,407.41687891593364,42.245563652882204,1168.4076301812997,5.705311073660715,337.68605856473215,911.0176164469246,412.57619673859125,42.5052443578869,1168.4076301812997,5.705311073660715,337.68605856473215,911.0176164469246,412.57619673859125,42.5052443578869
2026-02-22 08:00:00+00:00,200.33404999999993,0.0,355.5802,709.1942750000001,472.5062,50.9947,1111.0793721065131,5.810678688126567,337.9846256470357,878.1354244519905,408.03710853281297,42.245563652882204,1168.4076301812997,5.705311073660715,337.68605856473215,911.0176164469246,412.57619673859125,42.5052443578869,1168.4076301812997,5.705311073660715,337.68605856473215,911.0176164469246,412.57619673859125,42.5052443578869
2026-02-22 09:00:00+00:00,206.4769,0.0,355.1835,682.3479249999999,435.21145,49.71815,1100.8137060702988,5.810678688126567,337.92645818617206,886.5094726744138,408.44078220399405,42.245563652882204,1168.4076301812997,5.705311073660715,337.68605856473215,911.0176164469246,412.57619673859125,42.5052443578869,1168.4076301812997,5.705311073660715,337.68605856473215,911.0176164469246,412.57619673859125,42.5052443578869
2026-02-22 10:00:00+00:00,217.3252500000001,0.0,354.546575,732.60755,422.769675,50.198949999999996,1095.2856625158354,5.810678688126567,337.89423814768156,894.8835208968371,408.8198287804475,42.245563652882204,1168.4076301812997,5.705311073660715,337.68605856473215,911.0176164469246,412.57619673859125,42.5052443578869,1168.4076301812997,5.705311073660715,337.68605856473215,911.0176164469246,412.57619673859125,42.5052443578869
2026-02-22 11:00:00+00:00,217.35287500000004,0.0,355.02585,725.7942,413.01,50.224075,1087.3874181942647,5.810678688126567,337.8383519048314,903.2575691192603,409.4827381268923,42.245563652882204,1168.4076301812997,5.705311073660715,337.68605856473215,911.0176164469246,412.57619673859125,42.5052443578869,1168.4076301812997,5.705311073660715,337.68605856473215,911.0176164469246,412.57619673859125,42.5052443578869
2026-02-22 12:00:00+00:00,213.94005000000004,0.0,350.748825,696.998225,413.58979999999997,49.726025,1090.393453998868,5.810678688126567,337.97322058199626,911.6316173416836,410.7860171247899,42.245563652882204,1168.4076301812997,5.705311073660715,337.68605856473215,911.0176164469246,412.57619673859125,42.5052443578869,1168.4076301812997,5.705311073660715,337.68605856473215,911.0176164469246,412.57619673859125,42.5052443578869
2026-02-22 13:00:00+00:00,222.67082499999992,0.0,350.501675,736.10835,418.667825,48.4799,1087.6760671095392,5.810678688126567,337.8198182037775,920.005665564107,411.5386282776229,42.245563652882204,1168.4076301812997,5.705311073660715,337.68605856473215,911.0176164469246,412.57619673859125,42.5052443578869,1168.4076301812997,5.705311073660715,337.68605856473215,911.0176164469246,412.57619673859125,42.5052443578869
2026-02-22 14:00:00+00:00,226.66207499999996,0.0,351.930275,759.0099500000001,436.31815,49.440375,1112.7248989674463,5.810678688126567,337.74682433617636,928.3797137865301,412.8842866618111,42.245563652882204,1168.4076301812997,5.705311073660715,337.68605856473215,911.0176164469246,412.57619673859125,42.5052443578869,1168.4076301812997,5.705311073660715,337.68605856473215,911.0176164469246,412.57619673859125,42.5052443578869
2026-02-22 15:00:00+00:00,232.93960000000004,0.0,345.9957,777.164975,461.824125,48.985025,1141.541541021133,5.810678688126567,337.71802568833107,936.7537620089535,414.4817568312159,42.245563652882204,1168.4076301812997,5.705311073660715,337.68605856473215,911.0176164469246,412.57619673859125,42.5052443578869,1168.4076301812997,5.705311073660715,337.68605856473215,911.0176164469246,412.57619673859125,42.5052443578869
2026-02-22 16:00:00+00:00,248.138325,0.0,345.84235,1407.604425,488.173275,48.269175,1176.5311169597794,5.810678688126567,337.7260094660561,945.1278102313768,416.64020255085717,42.245563652882204,1168.4076301812997,5.705311073660715,337.68605856473215,911.0176164469246,412.57619673859125,42.5052443578869,1168.4076301812997,5.705311073660715,337.68605856473215,911.0176164469246,412.57619673859125,42.5052443578869
2026-02-22 17:00:00+00:00,246.07094999999993,0.0,345.7491,1528.5656000000001,496.298125,46.7291,1187.5293560312957,5.810678688126567,337.83207933766124,953.5018584538,418.24776405687766,42.245563652882204,1168.4076301812997,5.705311073660715,337.68605856473215,911.0176164469246,412.57619673859125,42.5052443578869,1168.4076301812997,5.705311073660715,337.68605856473215,911.0176164469246,412.57619673859125,42.5052443578869
2026-02-22 18:00:00+00:00,240.921925,0.0,345.86492499999997,1312.88715,488.44827499999997,47.768175,1185.3126521970773,5.810678688126567,337.8235255524775,961.8759066762233,418.84566859757325,42.245563652882204,1168.4076301812997,5.705311073660715,337.68605856473215,911.0176164469246,412.57619673859125,42.5052443578869,1168.4076301812997,5.705311073660715,337.68605856473215,911.0176164469246,412.57619673859125,42.5052443578869
2026-02-22 19:00:00+00:00,227.34777499999996,0.0,345.858,955.4302749999999,468.912125,48.2686,1173.9284845074353,5.810678688126567,337.8266618088708,970.2499548986465,419.41066167103855,42.245563652882204,1168.4076301812997,5.705311073660715,337.68605856473215,911.0176164469246,412.57619673859125,42.5052443578869,1168.4076301812997,5.705311073660715,337.68605856473215,911.0176164469246,412.57619673859125,42.5052443578869
2026-02-22 20:00:00+00:00,230.66117499999996,0.0,345.774175,760.0018,450.358375,48.85775,1176.9355849268745,5.810678688126567,337.8911018369047,978.6240031210698,420.39657451031746,42.245563652882204,1168.4076301812997,5.705311073660715,337.68605856473215,911.0176164469246,412.57619673859125,42.5052443578869,1168.4076301812997,5.705311073660715,337.68605856473215,911.0176164469246,412.57619673859125,42.5052443578869
2026-02-22 21:00:00+00:00,215.70519999999988,0.0,346.093425,941.68875,435.2734,48.781925,1165.6908782114008,5.810678688126567,337.9541167157693,986.9980513434931,421.5133581959569,42.245563652882204,1168.4076301812997,5.705311073660715,337.68605856473215,911.0176164469246,412.57619673859125,42.5052443578869,1168.4076301812997,5.705311073660715,337.68605856473215,911.0176164469246,412.57619673859125,42.5052443578869
2026-02-22 22:00:00+00:00,195.26305000000002,0.0,338.8894,671.98805,418.9029,51.3572,1139.1020692675795,5.810678688126567,337.96210049349435,995.3720995659163,422.100878463765,42.245563652882204,1168.4076301812997,5.705311073660715,337.68605856473215,911.0176164469246,412.57619673859125,42.5052443578869,1168.4076301812997,5.705311073660715,337.68605856473215,911.0176164469246,412.57619673859125,42.5052443578869
2026-02-22 23:00:00+00:00,176.15852500000005,0.0,333.280225,641.32245,405.281975,50.0247,1121.7653938955848,5.810678688126567,337.9886180266569,1003.7461477883396,422.85229400946184,42.245563652882204,1168.4076301812997,5.705311073660715,337.68605856473215,911.0176164469246,412.57619673859125,42.5052443578869,1168.4076301812997,5.705311073660715,337.68605856473215,911.0176164469246,412.57619673859125,42.5052443578869
2026-02-23 00:00:00+00:00,172.9556,0.0,325.29404999999997,662.0665499999999,397.392075,48.001625000000004,1105.4132141249972,5.810678688126567,338.0393717172542,811.1430386726045,400.37159028932433,42.245563652882204,1168.4076301812997,5.705311073660715,337.68605856473215,911.0176164469246,412.57619673859125,42.5052443578869,1168.4076301812997,5.705311073660715,337.68605856473215,911.0176164469246,412.57619673859125,42.5052443578869
2026-02-23 01:00:00+00:00,278.00019999999995,0.0,325.215625,707.13385,397.4187,48.152525,1108.7562145062711,5.810678688126567,337.97065433306165,819.5170868950277,401.14345034616247,42.245563652882204,1168.4076301812997,5.705311073660715,337.68605856473215,911.0176164469246,412.57619673859125,42.5052443578869,1168.4076301812997,5.705311073660715,337.68605856473215,911.0176164469246,412.57619673859125,42.5052443578869
2026-02-23 02:00:00+00:00,422.990775,0.0,325.151075,701.04365,397.489625,47.339,1124.0329999976118,5.810678688126567,338.00030812261747,827.891135117451,402.4755690676666,42.245563652882204,1168.4076301812997,5.705311073660715,337.68605856473215,911.0176164469246,412.57619673859125,42.5052443578869,1168.4076301812997,5.705311073660715,337.68605856473215,911.0176164469246,412.57619673859125,42.5052443578869
2026-02-23 03:00:00+00:00,519.518125,0.0,341.17855,762.74465,402.1064,47.861549999999994,1140.5872386192184,5.810678688126567,338.0827118442466,836.2651833398742,403.97016156238465,42.245563652882204,1168.4076301812997,5.705311073660715,337.68605856473215,911.0176164469246,412.57619673859125,42.5052443578869,1168.4076301812997,5.705311073660715,337.68605856473215,911.0176164469246,412.57619673859125,42.5052443578869
2026-02-23 04:00:00+00:00,499.770525,0.0,348.552375,645.5844,414.32405,47.618925,1177.4287075050945,5.810678688126567,338.06417808880906,844.6392315622975,405.9298061047846,42.245563652882204,1168.4076301812997,5.705311073660715,337.68605856473215,911.0176164469246,412.57619673859125,42.5052443578869,1168.4076301812997,5.705311073660715,337.68605856473215,911.0176164469246,412.57619673859125,42.5052443578869
2026-02-23 05:00:00+00:00,513.2508,0.0,353.928625,739.113375,441.08915,49.6588,1242.0270670399798,5.810678688126567,338.0664592578754,853.0132797847208,409.1982281677943,42.245563652882204,1168.4076301812997,5.705311073660715,337.68605856473215,911.0176164469246,412.57619673859125,42.5052443578869,1168.4076301812997,5.705311073660715,337.68605856473215,911.0176164469246,412.57619673859125,42.5052443578869
2026-02-23 06:00:00+00:00,548.3247,0.0,353.70647499999995,1126.599575,474.44375,51.696775,1285.307977659786,5.810678688126567,338.1006755378419,861.387328007144,411.4062183214833,42.245563652882204,1168.4076301812997,5.705311073660715,337.68605856473215,911.0176164469246,412.57619673859125,42.5052443578869,1168.4076301812997,5.705311073660715,337.68605856473215,911.0176164469246,412.57619673859125,42.5052443578869
2026-02-23 07:00:00+00:00,561.1948,0.0,318.430925,1334.29815,481.0217,42.171525,1281.5833627965126,5.810678688126567,338.06902550681,869.7613762295673,412.0719186843031,42.245563652882204,1168.4076301812997,5.705311073660715,337.68605856473215,911.0176164469246,412.57619673859125,42.5052443578869,1168.4076301812997,5.705311073660715,337.68605856473215,911.0176164469246,412.57619673859125,42.5052443578869
2026-02-23 08:00:00+00:00,565.3194,0.0,293.024175,1033.5594999999998,460.69995,37.34075,1250.521456388944,5.810678688126567,337.99774187368286,878.1354244519905,411.95897104829413,42.245563652882204,1168.4076301812997,5.705311073660715,337.68605856473215,911.0176164469246,412.57619673859125,42.5052443578869,1168.4076301812997,5.705311073660715,337.68605856473215,911.0176164469246,412.57619673859125,42.5052443578869
2026-02-23 09:00:00+00:00,548.7198,0.0,298.71375,698.2251,430.1309,38.26005,1213.579611227464,5.810678688126567,337.9284543243173,886.5094726744138,411.5356748298007,42.245563652882204,1168.4076301812997,5.705311073660715,337.68605856473215,911.0176164469246,412.57619673859125,42.5052443578869,1168.4076301812997,5.705311073660715,337.68605856473215,911.0176164469246,412.57619673859125,42.5052443578869
2026-02-23 10:00:00+00:00,544.57515,0.0,357.059875,737.506675,412.900675,38.671324999999996,1177.393632200566,5.810678688126567,337.6781069519838,894.8835208968371,410.8329879912845,42.245563652882204,1168.4076301812997,5.705311073660715,337.68605856473215,911.0176164469246,412.57619673859125,42.5052443578869,1168.4076301812997,5.705311073660715,337.68605856473215,911.0176164469246,412.57619673859125,42.5052443578869
2026-02-23 11:00:00+00:00,534.904125,0.0,368.351875,780.4802000000001,391.652025,39.810649999999995,1158.9764054094228,5.810678688126567,337.55293321415166,903.2575691192603,410.751984671566,42.245563652882204,1168.4076301812997,5.705311073660715,337.68605856473215,911.0176164469246,412.57619673859125,42.5052443578869,1168.4076301812997,5.705311073660715,337.68605856473215,911.0176164469246,412.57619673859125,42.5052443578869
2026-02-23 12:00:00+00:00,529.3611000000001,0.0,371.497725,666.86595,385.7969,40.32155,1148.309915019897,5.810678688126567,337.5178618958054,911.6316173416836,411.41485540899606,42.245563652882204,1168.4076301812997,5.705311073660715,337.68605856473215,911.0176164469246,412.57619673859125,42.5052443578869,1168.4076301812997,5.705311073660715,337.68605856473215,911.0176164469246,412.57619673859125,42.5052443578869
2026-02-23 13:00:00+00:00,363.08055,0.0,399.52145,642.9573750000001,386.47125,51.226600000000005,1136.8970136646194,5.810678688126567,337.4462932317571,920.005665564107,411.9122073364093,42.245563652882204,1168.4076301812997,5.705311073660715,337.68605856473215,911.0176164469246,412.57619673859125,42.5052443578869,1168.4076301812997,5.705311073660715,337.68605856473215,911.0176164469246,412.57619673859125,42.5052443578869
2026-02-23 14:00:00+00:00,312.3329,0.0,399.1486,705.9833249999999,396.65675,53.947275,1164.540460687841,5.810678688126567,337.5520781757719,928.3797137865301,413.4863821311337,42.245563652882204,1168.4076301812997,5.705311073660715,337.68605856473215,911.0176164469246,412.57619673859125,42.5052443578869,1168.4076301812997,5.705311073660715,337.68605856473215,911.0176164469246,412.57619673859125,42.5052443578869
2026-02-23 15:00:00+00:00,322.8595,0.0,432.536825,832.6749500000001,435.713725,53.1569,1222.651892779707,5.810678688126567,337.57089690774694,936.7537620089535,416.22917146819975,42.245563652882204,1168.4076301812997,5.705311073660715,337.68605856473215,911.0176164469246,412.57619673859125,42.5052443578869,1168.4076301812997,5.705311073660715,337.68605856473215,911.0176164469246,412.57619673859125,42.5052443578869
2026-02-23 16:00:00+00:00,337.694575,0.0,425.376825,988.988425,485.48287500000004,50.557900000000004,1279.7963222661338,5.810678688126567,337.64018435378176,945.1278102313768,418.97446628976866,42.245563652882204,1168.4076301812997,5.705311073660715,337.68605856473215,911.0176164469246,412.57619673859125,42.5052443578869,1168.4076301812997,5.705311073660715,337.68605856473215,911.0176164469246,412.57619673859125,42.5052443578869
2026-02-23 17:00:00+00:00,498.882425,0.0,411.432475,971.801375,499.7907,49.59285,1297.4918623602648,5.810678688126567,337.75195678509846,953.5018584538,420.8989211755501,42.245563652882204,1168.4076301812997,5.705311073660715,337.68605856473215,911.0176164469246,412.57619673859125,42.5052443578869,1168.4076301812997,5.705311073660715,337.68605856473215,911.0176164469246,412.57619673859125,42.5052443578869
2026-02-23 18:00:00+00:00,473.32792500000005,0.0,422.159375,1049.756475,494.39785,50.29875,1285.9650035010789,5.810678688126567,337.7781892873399,961.8759066762233,421.6998906365411,42.245563652882204,1168.4076301812997,5.705311073660715,337.68605856473215,911.0176164469246,412.57619673859125,42.5052443578869,1168.4076301812997,5.705311073660715,337.68605856473215,911.0176164469246,412.57619673859125,42.5052443578869
2026-02-23 19:00:00+00:00,452.0947,0.0,424.374775,820.6684999999999,478.15525,50.027875,1265.2826077408158,5.810678688126567,337.87484935386425,970.2499548986465,422.30182712981787,42.245563652882204,1168.4076301812997,5.705311073660715,337.68605856473215,911.0176164469246,412.57619673859125,42.5052443578869,1168.4076301812997,5.705311073660715,337.68605856473215,911.0176164469246,412.57619673859125,42.5052443578869
2026-02-23 20:00:00+00:00,445.80050000000006,0.0,424.876225,816.7028250000001,457.319325,51.237925,1239.9339780473517,5.810678688126567,337.925318067924,978.6240031210698,422.64951928515154,42.245563652882204,1168.4076301812997,5.705311073660715,337.68605856473215,911.0176164469246,412.57619673859125,42.5052443578869,1168.4076301812997,5.705311073660715,337.68605856473215,911.0176164469246,412.57619673859125,42.5052443578869
2026-02-23 21:00:00+00:00,411.391875,0.0,425.073975,770.5526249999999,441.74395,51.089349999999996,1214.2402115258324,5.810678688126567,337.95696799562506,986.9980513434931,422.77572995958855,42.245563652882204,1168.4076301812997,5.705311073660715,337.68605856473215,911.0176164469246,412.57619673859125,42.5052443578869,1168.4076301812997,5.705311073660715,337.68605856473215,911.0176164469246,412.57619673859125,42.5052443578869
2026-02-23 22:00:00+00:00,377.42515000000003,0.0,414.8131,655.8073999999999,423.90755,52.144175,1192.4848511301473,5.810678688126567,337.94898421790003,995.3720995659163,422.80252776040606,42.245563652882204,1168.4076301812997,5.705311073660715,337.68605856473215,911.0176164469246,412.57619673859125,42.5052443578869,1168.4076301812997,5.705311073660715,337.68605856473215,911.0176164469246,412.57619673859125,42.5052443578869
2026-02-23 23:00:00+00:00,363.133925,0.0,412.40317500000003,994.8717999999999,413.2812,53.577375,1188.344059655631,5.810678688126567,337.94898421790003,1003.7461477883396,423.35085126171305,42.245563652882204,1168.4076301812997,5.705311073660715,337.68605856473215,911.0176164469246,412.57619673859125,42.5052443578869,1168.4076301812997,5.705311073660715,337.68605856473215,911.0176164469246,412.57619673859125,42.5052443578869
2026-02-24 00:00:00+00:00,526.3680999999999,0.0,397.082575,1274.960125,404.74435,51.3309,1191.4204221886444,5.810678688126567,338.0718767866658,811.1430386726045,401.5759755967159,42.245563652882204,1168.4076301812997,5.705311073660715,337.68605856473215,911.0176164469246,412.57619673859125,42.5052443578869,1168.4076301812997,5.705311073660715,337.68605856473215,911.0176164469246,412.57619673859125,42.5052443578869
2026-02-24 01:00:00+00:00,859.4674,0.0,394.9645,958.287925,397.01665,50.277275,1205.141544075952,5.810678688126567,338.1485778996362,819.5170868950277,403.215262715231,42.245563652882204,1168.4076301812997,5.705311073660715,337.68605856473215,911.0176164469246,412.57619673859125,42.5052443578869,1168.4076301812997,5.705311073660715,337.68605856473215,911.0176164469246,412.57619673859125,42.5052443578869
2026-02-24 02:00:00+00:00,1308.20005,0.0,394.5589,1023.677375,397.7172,49.75505,1225.2240157109675,5.810678688126567,338.17224415294305,827.891135117451,404.9082896466226,42.245563652882204,1168.4076301812997,5.705311073660715,337.68605856473215,911.0176164469246,412.57619673859125,42.5052443578869,1168.4076301812997,5.705311073660715,337.68605856473215,911.0176164469246,412.57619673859125,42.5052443578869
2026-02-24 03:00:00+00:00,1603.3344,0.0,394.447,889.4072,403.66895,49.728049999999996,1245.3509575471412,5.810678688126567,338.1936291338527,836.2651833398742,406.58750000854445,42.245563652882204,1168.4076301812997,5.705311073660715,337.68605856473215,911.0176164469246,412.57619673859125,42.5052443578869,1168.4076301812997,5.705311073660715,337.68605856473215,911.0176164469246,412.57619673859125,42.5052443578869
2026-02-24 04:00:00+00:00,2264.655475,0.0,396.828275,1061.7782,418.94015,48.480525,1273.541494327998,5.810678688126567,338.1907779573277,844.6392315622975,408.36628802842205,42.245563652882204,1168.4076301812997,5.705311073660715,337.68605856473215,911.0176164469246,412.57619673859125,42.5052443578869,1168.4076301812997,5.705311073660715,337.68605856473215,911.0176164469246,412.57619673859125,42.5052443578869
2026-02-24 05:00:00+00:00,2609.212325,0.0,403.932125,1595.995775,443.560975,48.268100000000004,1345.2143931915373,5.810678688126567,338.15884289537473,853.0132797847208,410.75594394513104,42.245563652882204,1168.4076301812997,5.705311073660715,337.68605856473215,911.0176164469246,412.57619673859125,42.5052443578869,1168.4076301812997,5.705311073660715,337.68605856473215,911.0176164469246,412.57619673859125,42.5052443578869
2026-02-24 06:00:00+00:00,2735.7234,0.0,420.238775,2118.4254,475.7545,48.493625,1398.1375305525125,5.810678688126567,338.198761631722,861.387328007144,413.07006512440324,42.245563652882204,1168.4076301812997,5.705311073660715,337.68605856473215,911.0176164469246,412.57619673859125,42.5052443578869,1168.4076301812997,5.705311073660715,337.68605856473215,911.0176164469246,412.57619673859125,42.5052443578869
2026-02-24 07:00:00+00:00,2680.611925,75.25545,448.725975,1847.7655499999998,476.704625,40.34285,1412.6110244691222,5.810678688126567,338.1984766551845,869.7613762295673,414.5352541197593,42.245563652882204,1168.4076301812997,5.705311073660715,337.68605856473215,911.0176164469246,412.57619673859125,42.5052443578869,1168.4076301812997,5.705311073660715,337.68605856473215,911.0176164469246,412.57619673859125,42.5052443578869
2026-02-24 08:00:00+00:00,2640.465075,21.5984,473.791425,1707.8893249999999,457.18487500000003,39.90255,1398.9634345415393,5.810678688126567,338.17994289974695,878.1354244519905,415.1452379167699,42.245563652882204,1168.4076301812997,5.705311073660715,337.68605856473215,911.0176164469246,412.57619673859125,42.5052443578869,1168.4076301812997,5.705311073660715,337.68605856473215,911.0176164469246,412.57619673859125,42.5052443578869
2026-02-24 09:00:00+00:00,2738.0628500000003,0.0,423.2913,1106.93245,429.932025,40.74065,1386.444115947922,5.810678688126567,338.0650341087062,886.5094726744138,415.53856979276605,42.245563652882204,1168.4076301812997,5.705311073660715,337.68605856473215,911.0176164469246,412.57619673859125,42.5052443578869,1168.4076301812997,5.705311073660715,337.68605856473215,911.0176164469246,412.57619673859125,42.5052443578869
2026-02-24 10:00:00+00:00,2495.066275,0.0,429.72665,960.8700749999999,408.155475,38.586325,1357.5094069521788,5.810678688126567,338.01570556727813,894.8835208968371,415.6441180262548,42.245563652882204,1168.4076301812997,5.705311073660715,337.68605856473215,911.0176164469246,412.57619673859125,42.5052443578869,1168.4076301812997,5.705311073660715,337.68605856473215,911.0176164469246,412.57619673859125,42.5052443578869
2026-02-24 11:00:00+00:00,2126.442375,0.0,432.4797,719.9152500000001,398.87085,39.9891,1348.6154387154738,5.810678688126567,337.9273142060692,903.2575691192603,415.9787698175456,42.245563652882204,1168.4076301812997,5.705311073660715,337.68605856473215,911.0176164469246,412.57619673859125,42.5052443578869,1168.4076301812997,5.705311073660715,337.68605856473215,911.0176164469246,412.57619673859125,42.5052443578869
2026-02-24 12:00:00+00:00,2100.0412,0.0,432.3811,765.61315,391.64695,38.68455,1352.3253521659685,5.810678688126567,337.85289426216514,911.6316173416836,416.91704079508634,42.245563652882204,1168.4076301812997,5.705311073660715,337.68605856473215,911.0176164469246,412.57619673859125,42.5052443578869,1168.4076301812997,5.705311073660715,337.68605856473215,911.0176164469246,412.57619673859125,42.5052443578869
2026-02-24 13:00:00+00:00,2679.74385,10.2646,434.932775,735.4173,401.517425,46.46595,1357.4103421275836,5.810678688126567,337.74112183084844,920.005665564107,417.7522054285663,42.245563652882204,1168.4076301812997,5.705311073660715,337.68605856473215,911.0176164469246,412.57619673859125,42.5052443578869,1168.4076301812997,5.705311073660715,337.68605856473215,911.0176164469246,412.57619673859125,42.5052443578869
2026-02-24 14:00:00+00:00,2837.76635,12.282775,441.35360000000003,1020.76895,420.5494,47.705425,1369.1218732582856,5.810678688126567,337.66156943802224,928.3797137865301,418.84725691524983,42.245563652882204,1168.4076301812997,5.705311073660715,337.68605856473215,911.0176164469246,412.57619673859125,42.5052443578869,1168.4076301812997,5.705311073660715,337.68605856473215,911.0176164469246,412.57619673859125,42.5052443578869
2026-02-24 15:00:00+00:00,2844.039925,16.9179,426.15635,1415.566725,445.3764,49.547825,1381.1728890021654,5.810678688126567,337.5868644142499,936.7537620089535,419.8713865858957,42.245563652882204,1168.4076301812997,5.705311073660715,337.68605856473215,911.0176164469246,412.57619673859125,42.5052443578869,1168.4076301812997,5.705311073660715,337.68605856473215,911.0176164469246,412.57619673859125,42.5052443578869
2026-02-24 16:00:00+00:00,2872.615,16.47945,424.620625,1799.4375250000003,484.4406,49.196625,1409.7414809168824,5.810678688126567,337.6456018825722,945.1278102313768,421.8215023867093,42.245563652882204,1168.4076301812997,5.705311073660715,337.68605856473215,911.0176164469246,412.57619673859125,42.5052443578869,1168.4076301812997,5.705311073660715,337.68605856473215,911.0176164469246,412.57619673859125,42.5052443578869
2026-02-24 17:00:00+00:00,2862.52935,0.0,407.0559,1809.788525,499.576475,44.42015,1425.229959103289,5.810678688126567,337.8831181625104,953.5018584538,423.84621825099634,42.245563652882204,1168.4076301812997,5.705311073660715,337.68605856473215,911.0176164469246,412.57619673859125,42.5052443578869,1168.4076301812997,5.705311073660715,337.68605856473215,911.0176164469246,412.57619673859125,42.5052443578869
2026-02-24 18:00:00+00:00,2829.8038500000002,0.0,405.398075,1743.1507,493.85925,47.445875,1419.170973895574,5.810678688126567,338.0034443790108,961.8759066762233,424.8713757994776,42.245563652882204,1168.4076301812997,5.705311073660715,337.68605856473215,911.0176164469246,412.57619673859125,42.5052443578869,1168.4076301812997,5.705311073660715,337.68605856473215,911.0176164469246,412.57619673859125,42.5052443578869
2026-02-24 19:00:00+00:00,2777.9643,0.0,438.117725,1580.4475750000001,476.03815000000003,52.02755,1392.905642647728,5.810678688126567,337.9609593937289,970.2499548986465,425.0092429713951,42.245563652882204,1168.4076301812997,5.705311073660715,337.68605856473215,911.0176164469246,412.57619673859125,42.5052443578869,1168.4076301812997,5.705311073660715,337.68605856473215,911.0176164469246,412.57619673859125,42.5052443578869
2026-02-24 20:00:00+00:00,2284.618925,0.0,438.5181,1344.8043750000002,451.5857,50.11395,1364.8717249385418,5.810678688126567,338.0456442844244,978.6240031210698,425.4872364176042,42.245563652882204,1168.4076301812997,5.705311073660715,337.68605856473215,911.0176164469246,412.57619673859125,42.5052443578869,1168.4076301812997,5.705311073660715,337.68605856473215,911.0176164469246,412.57619673859125,42.5052443578869
2026-02-24 21:00:00+00:00,1768.04695,0.0,441.645425,1652.6131249999999,440.296775,52.2405,1335.8447051265352,5.810678688126567,338.21672434651816,986.9980513434931,426.3084758549079,42.245563652882204,1168.4076301812997,5.705311073660715,337.68605856473215,911.0176164469246,412.57619673859125,42.5052443578869,1168.4076301812997,5.705311073660715,337.68605856473215,911.0176164469246,412.57619673859125,42.5052443578869
2026-02-24 22:00:00+00:00,1699.862525,0.0,445.190625,1013.5981,422.55165,52.0276,1311.6714369669585,5.810678688126567,338.29085931116646,995.3720995659163,426.9629765899614,42.245563652882204,1168.4076301812997,5.705311073660715,337.68605856473215,911.0176164469246,412.57619673859125,42.5052443578869,1168.4076301812997,5.705311073660715,337.68605856473215,911.0176164469246,412.57619673859125,42.5052443578869
2026-02-24 23:00:00+00:00,1571.55815,0.0,445.3198,1093.6210250000001,405.088725,51.823875,1289.1363277480139,5.810678688126567,338.3641391368225,1003.7461477883396,427.68575894326943,42.245563652882204,1168.4076301812997,5.705311073660715,337.68605856473215,911.0176164469246,412.57619673859125,42.5052443578869,1168.4076301812997,5.705311073660715,337.68605856473215,911.0176164469246,412.57619673859125,42.5052443578869
2026-02-25 00:00:00+00:00,1569.029875,0.0,444.685275,806.055625,402.5594,54.360875,1261.705315777354,5.810678688126567,338.0131393183435,811.1430386726045,404.22140811180356,42.245563652882204,1168.4076301812997,5.705311073660715,337.68605856473215,911.0176164469246,412.57619673859125,42.5052443578869,1168.4076301812997,5.705311073660715,337.68605856473215,911.0176164469246,412.57619673859125,42.5052443578869
2026-02-25 01:00:00+00:00,1526.2265,0.0,425.09125,799.823525,397.648575,52.9199,1259.6341409887848,5.810678688126567,338.1095143539467,819.5170868950277,405.3949055060515,42.245563652882204,1168.4076301812997,5.705311073660715,337.68605856473215,911.0176164469246,412.57619673859125,42.5052443578869,1168.4076301812997,5.705311073660715,337.68605856473215,911.0176164469246,412.57619673859125,42.5052443578869
2026-02-25 02:00:00+00:00,1525.0243249999999,0.0,413.5706,1010.8490999999999,402.1412,50.411775,1265.6862715143052,5.810678688126567,338.23782429922494,827.891135117451,406.7782919835362,42.245563652882204,1168.4076301812997,5.705311073660715,337.68605856473215,911.0176164469246,412.57619673859125,42.5052443578869,1168.4076301812997,5.705311073660715,337.68605856473215,911.0176164469246,412.57619673859125,42.5052443578869
2026-02-25 03:00:00+00:00,1628.23325,0.0,413.536075,1331.87675,412.56215,49.0517,1280.451542477784,5.810678688126567,338.27232555844716,836.2651833398742,408.28994213585787,42.245563652882204,1168.4076301812997,5.705311073660715,337.68605856473215,911.0176164469246,412.57619673859125,42.5052443578869,1168.4076301812997,5.705311073660715,337.68605856473215,911.0176164469246,412.57619673859125,42.5052443578869
2026-02-25 04:00:00+00:00,1724.494,0.0,421.016175,1436.73925,427.32155,50.1687,1305.7957008089716,5.810678688126567,338.3042605170694,844.6392315622975,409.95407567757945,42.245563652882204,1168.4076301812997,5.705311073660715,337.68605856473215,911.0176164469246,412.57619673859125,42.5052443578869,1168.4076301812997,5.705311073660715,337.68605856473215,911.0176164469246,412.57619673859125,42.5052443578869
2026-02-25 05:00:00+00:00,1720.19005,0.0,444.471775,1806.9479749999998,449.296325,49.804,1365.8032915672386,5.810678688126567,338.3282117985791,853.0132797847208,412.54359258733945,42.245563652882204,1168.4076301812997,5.705311073660715,337.68605856473215,911.0176164469246,412.57619673859125,42.5052443578869,1168.4076301812997,5.705311073660715,337.68605856473215,911.0176164469246,412.57619673859125,42.5052443578869
2026-02-25 06:00:00+00:00,1735.994975,0.0,482.252525,1749.98925,475.69304999999997,55.171025,1399.4146225620427,5.810678688126567,338.2401055689038,861.387328007144,414.23601284157587,42.245563652882204,1168.4076301812997,5.705311073660715,337.68605856473215,911.0176164469246,412.57619673859125,42.5052443578869,1168.4076301812997,5.705311073660715,337.68605856473215,911.0176164469246,412.57619673859125,42.5052443578869
2026-02-25 07:00:00+00:00,1654.007275,0.0,520.033275,1044.3113749999998,479.01795,63.092475,1382.9756398414152,5.810678688126567,338.2349730710346,869.7613762295673,414.6380727976532,42.245563652882204,1168.4076301812997,5.705311073660715,337.68605856473215,911.0176164469246,412.57619673859125,42.5052443578869,1168.4076301812997,5.705311073660715,337.68605856473215,911.0176164469246,412.57619673859125,42.5052443578869
2026-02-25 08:00:00+00:00,1035.193975,0.0,442.6005,1199.1111750000002,469.74645,63.2315,1337.66371853764,5.810678688126567,338.20047181181235,878.1354244519905,413.80059247534524,42.245563652882204,1168.4076301812997,5.705311073660715,337.68605856473215,911.0176164469246,412.57619673859125,42.5052443578869,1168.4076301812997,5.705311073660715,337.68605856473215,911.0176164469246,412.57619673859125,42.5052443578869
2026-02-25 09:00:00+00:00,615.894225,0.0,444.262225,920.7188249999999,435.97935,63.370525,1284.2626844788524,5.810678688126567,338.1012454963534,886.5094726744138,412.85429212553214,42.245563652882204,1168.4076301812997,5.705311073660715,337.68605856473215,911.0176164469246,412.57619673859125,42.5052443578869,1168.4076301812997,5.705311073660715,337.68605856473215,911.0176164469246,412.57619673859125,42.5052443578869
2026-02-25 10:00:00+00:00,419.71529999999996,0.0,443.83585,864.6869,416.333175,61.705875,1219.3478605685157,5.810678688126567,337.91476809021145,894.8835208968371,411.24766475139523,42.245563652882204,1168.4076301812997,5.705311073660715,337.68605856473215,911.0176164469246,412.57619673859125,42.5052443578869,1168.4076301812997,5.705311073660715,337.68605856473215,911.0176164469246,412.57619673859125,42.5052443578869
2026-02-25 11:00:00+00:00,403.51685,0.0,401.89525000000003,734.212275,403.075275,59.2286,1154.3218864280957,5.810678688126567,337.6937894275656,903.2575691192603,409.39928677212345,42.245563652882204,1168.4076301812997,5.705311073660715,337.68605856473215,911.0176164469246,412.57619673859125,42.5052443578869,1168.4076301812997,5.705311073660715,337.68605856473215,911.0176164469246,412.57619673859125,42.5052443578869
2026-02-25 12:00:00+00:00,394.21777499999996,0.0,395.089,693.015225,395.81675,55.504275,1117.496979800975,5.810678688126567,337.56776054802293,911.6316173416836,408.74211609801694,42.245563652882204,1168.4076301812997,5.705311073660715,337.68605856473215,911.0176164469246,412.57619673859125,42.5052443578869,1168.4076301812997,5.705311073660715,337.68605856473215,911.0176164469246,412.57619673859125,42.5052443578869
2026-02-25 13:00:00+00:00,388.046925,0.0,416.522975,734.4388250000001,406.96112500000004,52.98075,1116.7439767297851,5.810678688126567,337.3949694793176,920.005665564107,409.09026860214846,42.245563652882204,1168.4076301812997,5.705311073660715,337.68605856473215,911.0176164469246,412.57619673859125,42.5052443578869,1168.4076301812997,5.705311073660715,337.68605856473215,911.0176164469246,412.57619673859125,42.5052443578869
2026-02-25 14:00:00+00:00,445.003925,0.0,407.77695,875.221025,430.653925,47.123225,1164.2368877501337,5.810678688126567,337.24869568816615,928.3797137865301,411.0504729683959,42.245563652882204,1168.4076301812997,5.705311073660715,337.68605856473215,911.0176164469246,412.57619673859125,42.5052443578869,1168.4076301812997,5.705311073660715,337.68605856473215,911.0176164469246,412.57619673859125,42.5052443578869
2026-02-25 15:00:00+00:00,721.6686,0.0,401.610275,1297.5494499999998,472.026975,48.601925,1249.0624907750707,5.810678688126567,337.1985120050275,936.7537620089535,414.3765606834699,42.245563652882204,1168.4076301812997,5.705311073660715,337.68605856473215,911.0176164469246,412.57619673859125,42.5052443578869,1168.4076301812997,5.705311073660715,337.68605856473215,911.0176164469246,412.57619673859125,42.5052443578869
2026-02-25 16:00:00+00:00,773.256275,10.626625,403.17835,1726.3861,509.22592499999996,48.88115,1336.0290265512579,5.810678688126567,337.3265370227154,945.1278102313768,418.6144905822287,42.245563652882204,1168.4076301812997,5.705311073660715,337.68605856473215,911.0176164469246,412.57619673859125,42.5052443578869,1168.4076301812997,5.705311073660715,337.68605856473215,911.0176164469246,412.57619673859125,42.5052443578869
2026-02-25 17:00:00+00:00,767.898,112.3399,403.163025,1577.610025,516.100725,46.520725,1362.083834969519,5.810678688126567,337.66156943802224,953.5018584538,421.67168621033426,42.245563652882204,1168.4076301812997,5.705311073660715,337.68605856473215,911.0176164469246,412.57619673859125,42.5052443578869,1168.4076301812997,5.705311073660715,337.68605856473215,911.0176164469246,412.57619673859125,42.5052443578869
2026-02-25 18:00:00+00:00,764.877975,16.8503,401.417675,1134.3521,514.185475,45.880875,1359.1600355040284,5.810678688126567,337.7796154180265,961.8759066762233,423.0173123227354,42.245563652882204,1168.4076301812997,5.705311073660715,337.68605856473215,911.0176164469246,412.57619673859125,42.5052443578869,1168.4076301812997,5.705311073660715,337.68605856473215,911.0176164469246,412.57619673859125,42.5052443578869
2026-02-25 19:00:00+00:00,616.278,0.0,400.347,765.1818000000001,493.76315,45.465,1340.8877863120044,5.810678688126567,337.92218273866445,970.2499548986465,423.9484212503653,42.245563652882204,1168.4076301812997,5.705311073660715,337.68605856473215,911.0176164469246,412.57619673859125,42.5052443578869,1168.4076301812997,5.705311073660715,337.68605856473215,911.0176164469246,412.57619673859125,42.5052443578869
2026-02-25 20:00:00+00:00,544.4312,0.0,404.70635,689.70985,471.91345,46.254975,1320.8183894759998,5.810678688126567,337.9923253753569,978.6240031210698,424.7899470063691,42.245563652882204,1168.4076301812997,5.705311073660715,337.68605856473215,911.0176164469246,412.57619673859125,42.5052443578869,1168.4076301812997,5.705311073660715,337.68605856473215,911.0176164469246,412.57619673859125,42.5052443578869
2026-02-25 21:00:00+00:00,391.53925000000004,0.0,411.2207,693.10535,451.98969999999997,47.703625,1292.3886572253093,5.810678688126567,338.0713066758764,986.9980513434931,425.52326549768566,42.245563652882204,1168.4076301812997,5.705311073660715,337.68605856473215,911.0176164469246,412.57619673859125,42.5052443578869,1168.4076301812997,5.705311073660715,337.68605856473215,911.0176164469246,412.57619673859125,42.5052443578869
2026-02-25 22:00:00+00:00,246.679625,0.0,430.02459999999996,651.64145,430.88565,49.1181,1271.6090531517573,5.810678688126567,338.2093116094345,995.3720995659163,426.31596742195404,42.245563652882204,1168.4076301812997,5.705311073660715,337.68605856473215,911.0176164469246,412.57619673859125,42.5052443578869,1168.4076301812997,5.705311073660715,337.68605856473215,911.0176164469246,412.57619673859125,42.5052443578869
2026-02-25 23:00:00+00:00,233.67922499999997,0.0,432.078125,669.297175,419.97265,48.7146,1252.557536201525,5.810678688126567,338.29656280073,1003.7461477883396,426.98506362636556,42.245563652882204,1168.4076301812997,5.705311073660715,337.68605856473215,911.0176164469246,412.57619673859125,42.5052443578869,1168.4076301812997,5.705311073660715,337.68605856473215,911.0176164469246,412.57619673859125,42.5052443578869
2026-02-26 00:00:00+00:00,212.28739999999993,0.0,424.760025,672.503625,411.44725,45.686425,1238.4621756995186,5.810678688126567,338.4559527151978,811.1430386726045,405.1718784061174,42.245563652882204,1168.4076301812997,5.705311073660715,337.68605856473215,911.0176164469246,412.57619673859125,42.5052443578869,1168.4076301812997,5.705311073660715,337.68605856473215,911.0176164469246,412.57619673859125,42.5052443578869
2026-02-26 01:00:00+00:00,213.08055000000013,0.0,418.742625,712.3856499999999,406.862775,46.30655,1231.5037177265779,5.810678688126567,338.512409017172,819.5170868950277,406.254822407003,42.245563652882204,1168.4076301812997,5.705311073660715,337.68605856473215,911.0176164469246,412.57619673859125,42.5052443578869,1168.4076301812997,5.705311073660715,337.68605856473215,911.0176164469246,412.57619673859125,42.5052443578869
2026-02-26 02:00:00+00:00,214.03492500000004,0.0,421.330475,679.902725,406.4075,46.3548,1233.812905669456,5.810678688126567,338.54491403491824,827.891135117451,407.44009331277243,42.245563652882204,1168.4076301812997,5.705311073660715,337.68605856473215,911.0176164469246,412.57619673859125,42.5052443578869,1168.4076301812997,5.705311073660715,337.68605856473215,911.0176164469246,412.57619673859125,42.5052443578869
2026-02-26 03:00:00+00:00,218.76725,0.0,420.572125,688.107725,411.46075,45.5009,1249.0216169340342,5.810678688126567,338.5962378879703,836.2651833398742,408.8362476311293,42.245563652882204,1168.4076301812997,5.705311073660715,337.68605856473215,911.0176164469246,412.57619673859125,42.5052443578869,1168.4076301812997,5.705311073660715,337.68605856473215,911.0176164469246,412.57619673859125,42.5052443578869
2026-02-26 04:00:00+00:00,258.271575,0.0,430.55622500000004,795.2242500000001,424.15970000000004,46.874700000000004,1277.2299938713315,5.810678688126567,338.62589167752617,844.6392315622975,410.6754470418807,42.245563652882204,1168.4076301812997,5.705311073660715,337.68605856473215,911.0176164469246,412.57619673859125,42.5052443578869,1168.4076301812997,5.705311073660715,337.68605856473215,911.0176164469246,412.57619673859125,42.5052443578869
2026-02-26 05:00:00+00:00,373.5584,114.151125,433.0082,1018.712625,451.26210000000003,45.229925,1331.04235422072,5.810678688126567,338.66324416493876,853.0132797847208,413.3840666358171,42.245563652882204,1168.4076301812997,5.705311073660715,337.68605856473215,911.0176164469246,412.57619673859125,42.5052443578869,1168.4076301812997,5.705311073660715,337.68605856473215,911.0176164469246,412.57619673859125,42.5052443578869
2026-02-26 06:00:00+00:00,354.3084,120.2655,433.066325,1213.983875,482.83957499999997,45.425025,1366.1439082964132,5.810678688126567,338.60051527132083,861.387328007144,415.2482853945806,42.245563652882204,1168.4076301812997,5.705311073660715,337.68605856473215,911.0176164469246,412.57619673859125,42.5052443578869,1168.4076301812997,5.705311073660715,337.68605856473215,911.0176164469246,412.57619673859125,42.5052443578869
2026-02-26 07:00:00+00:00,314.73917499999993,120.20152499999999,431.92205,918.904775,492.40785,45.8411,1350.9332583714722,5.810678688126567,338.53122774914704,869.7613762295673,415.0813085247036,42.245563652882204,1168.4076301812997,5.705311073660715,337.68605856473215,911.0176164469246,412.57619673859125,42.5052443578869,1168.4076301812997,5.705311073660715,337.68605856473215,911.0176164469246,412.57619673859125,42.5052443578869
2026-02-26 08:00:00+00:00,328.25945,7.060625,429.590875,951.1265249999999,480.1597,45.64965,1296.116030071388,5.810678688126567,338.43513779341214,878.1354244519905,413.26792994382714,42.245563652882204,1168.4076301812997,5.705311073660715,337.68605856473215,911.0176164469246,412.57619673859125,42.5052443578869,1168.4076301812997,5.705311073660715,337.68605856473215,911.0176164469246,412.57619673859125,42.5052443578869
2026-02-26 09:00:00+00:00,319.116075,0.0,429.88515,652.6739249999999,448.48115,43.568425,1224.9472334813966,5.810678688126567,338.2429577786116,886.5094726744138,410.8658812719131,42.245563652882204,1168.4076301812997,5.705311073660715,337.68605856473215,911.0176164469246,412.57619673859125,42.5052443578869,1168.4076301812997,5.705311073660715,337.68605856473215,911.0176164469246,412.57619673859125,42.5052443578869
2026-02-26 10:00:00+00:00,322.2342,0.0,403.9076,685.033175,431.45372499999996,48.3121,1155.1616557743705,5.810678688126567,337.90792541225187,894.8835208968371,408.3048715636018,42.245563652882204,1168.4076301812997,5.705311073660715,337.68605856473215,911.0176164469246,412.57619673859125,42.5052443578869,1168.4076301812997,5.705311073660715,337.68605856473215,911.0176164469246,412.57619673859125,42.5052443578869
2026-02-26 11:00:00+00:00,302.44297499999993,0.0,390.666075,702.1955999999999,419.477775,47.434925,1099.3426312357417,5.810678688126567,337.5466606469815,903.2575691192603,406.26747319439386,42.245563652882204,1168.4076301812997,5.705311073660715,337.68605856473215,911.0176164469246,412.57619673859125,42.5052443578869,1168.4076301812997,5.705311073660715,337.68605856473215,911.0176164469246,412.57619673859125,42.5052443578869
2026-02-26 12:00:00+00:00,268.5131000000001,0.0,384.228875,714.0595500000001,418.959675,49.399425,1078.7425602985443,5.810678688126567,337.4505705879158,911.6316173416836,406.43830933969053,42.245563652882204,1168.4076301812997,5.705311073660715,337.68605856473215,911.0176164469246,412.57619673859125,42.5052443578869,1168.4076301812997,5.705311073660715,337.68605856473215,911.0176164469246,412.57619673859125,42.5052443578869
2026-02-26 13:00:00+00:00,265.06484999999986,0.0,385.537775,678.9786750000001,419.71665,49.289875,1091.4204101946268,5.810678688126567,337.22731075620356,920.005665564107,407.33957159931225,42.245563652882204,1168.4076301812997,5.705311073660715,337.68605856473215,911.0176164469246,412.57619673859125,42.5052443578869,1168.4076301812997,5.705311073660715,337.68605856473215,911.0176164469246,412.57619673859125,42.5052443578869
2026-02-26 14:00:00+00:00,266.166975,0.0,405.093325,760.0436749999999,433.266525,49.097075000000004,1130.4991513639536,5.810678688126567,337.08902074277717,928.3797137865301,409.3484234393863,42.245563652882204,1168.4076301812997,5.705311073660715,337.68605856473215,911.0176164469246,412.57619673859125,42.5052443578869,1168.4076301812997,5.705311073660715,337.68605856473215,911.0176164469246,412.57619673859125,42.5052443578869
2026-02-26 15:00:00+00:00,345.704025,0.0,409.4519,1289.3538,468.98497499999996,49.629525,1216.1909335575272,5.810678688126567,337.0254358564539,936.7537620089535,412.95426101666214,42.245563652882204,1168.4076301812997,5.705311073660715,337.68605856473215,911.0176164469246,412.57619673859125,42.5052443578869,1168.4076301812997,5.705311073660715,337.68605856473215,911.0176164469246,412.57619673859125,42.5052443578869
2026-02-26 16:00:00+00:00,420.65752499999996,0.0,411.774675,1835.0353,502.648875,49.948100000000004,1306.6658308776136,5.810678688126567,337.1719945751957,945.1278102313768,417.4181648189527,42.245563652882204,1168.4076301812997,5.705311073660715,337.68605856473215,911.0176164469246,412.57619673859125,42.5052443578869,1168.4076301812997,5.705311073660715,337.68605856473215,911.0176164469246,412.57619673859125,42.5052443578869
2026-02-26 17:00:00+00:00,550.058325,0.0,411.779475,1786.1678,512.72565,48.249725,1329.88025059791,5.810678688126567,337.47281071053607,953.5018584538,420.50762637343865,42.245563652882204,1168.4076301812997,5.705311073660715,337.68605856473215,911.0176164469246,412.57619673859125,42.5052443578869,1168.4076301812997,5.705311073660715,337.68605856473215,911.0176164469246,412.57619673859125,42.5052443578869
2026-02-26 18:00:00+00:00,814.629375,0.0,412.657775,1147.066325,505.067475,44.649775,1312.811365421495,5.810678688126567,337.6062532570144,961.8759066762233,421.86951554903544,42.245563652882204,1168.4076301812997,5.705311073660715,337.68605856473215,911.0176164469246,412.57619673859125,42.5052443578869,1168.4076301812997,5.705311073660715,337.68605856473215,911.0176164469246,412.57619673859125,42.5052443578869
2026-02-26 19:00:00+00:00,845.8566000000001,0.0,413.445025,803.234125,486.777775,43.7119,1287.1596521520648,5.810678688126567,337.7183116463859,970.2499548986465,422.8801265607299,42.245563652882204,1168.4076301812997,5.705311073660715,337.68605856473215,911.0176164469246,412.57619673859125,42.5052443578869,1168.4076301812997,5.705311073660715,337.68605856473215,911.0176164469246,412.57619673859125,42.5052443578869
2026-02-26 20:00:00+00:00,838.7135000000001,0.0,412.43354999999997,684.9473250000001,464.02565,41.008225,1261.4418303798716,5.810678688126567,337.7645030532341,978.6240031210698,423.31827043649247,42.245563652882204,1168.4076301812997,5.705311073660715,337.68605856473215,911.0176164469246,412.57619673859125,42.5052443578869,1168.4076301812997,5.705311073660715,337.68605856473215,911.0176164469246,412.57619673859125,42.5052443578869
2026-02-26 21:00:00+00:00,726.634625,0.0,413.09479999999996,644.6986250000001,447.0489,44.166225,1247.1190617859293,5.810678688126567,337.908210443173,986.9980513434931,424.0088770162912,42.245563652882204,1168.4076301812997,5.705311073660715,337.68605856473215,911.0176164469246,412.57619673859125,42.5052443578869,1168.4076301812997,5.705311073660715,337.68605856473215,911.0176164469246,412.57619673859125,42.5052443578869
2026-02-26 22:00:00+00:00,818.8280500000001,0.0,431.874125,618.792275,431.4115,50.401875000000004,1227.5826377170495,5.810678688126567,338.01713159463395,995.3720995659163,424.61278418260997,42.245563652882204,1168.4076301812997,5.705311073660715,337.68605856473215,911.0176164469246,412.57619673859125,42.5052443578869,1168.4076301812997,5.705311073660715,337.68605856473215,911.0176164469246,412.57619673859125,42.5052443578869
2026-02-26 23:00:00+00:00,820.71405,0.0,403.730525,741.9789000000001,419.397775,58.79185,1216.5470243613456,5.810678688126567,338.09155164186876,1003.7461477883396,425.3572990813253,42.245563652882204,1168.4076301812997,5.705311073660715,337.68605856473215,911.0176164469246,412.57619673859125,42.5052443578869,1168.4076301812997,5.705311073660715,337.68605856473215,911.0176164469246,412.57619673859125,42.5052443578869
2026-02-27 00:00:00+00:00,666.18895,0.0,344.495025,709.373625,412.759475,49.091925,1198.50227906078,5.810678688126567,338.1750954817459,811.1430386726045,403.3748337488028,42.245563652882204,1168.4076301812997,5.705311073660715,337.68605856473215,911.0176164469246,412.57619673859125,42.5052443578869,1168.4076301812997,5.705311073660715,337.68605856473215,911.0176164469246,412.57619673859125,42.5052443578869
2026-02-27 01:00:00+00:00,655.273575,0.0,344.807075,620.034275,410.7279,49.821600000000004,1193.0686708995315,5.810678688126567,338.26263165229716,819.5170868950277,404.753960361271,42.245563652882204,1168.4076301812997,5.705311073660715,337.68605856473215,911.0176164469246,412.57619673859125,42.5052443578869,1168.4076301812997,5.705311073660715,337.68605856473215,911.0176164469246,412.57619673859125,42.5052443578869
2026-02-27 02:00:00+00:00,651.8036500000001,0.0,344.464475,613.1293,413.6314,50.080349999999996,1200.2670280574182,5.810678688126567,338.2991290496646,827.891135117451,406.15672151801033,42.245563652882204,1168.4076301812997,5.705311073660715,337.68605856473215,911.0176164469246,412.57619673859125,42.5052443578869,1168.4076301812997,5.705311073660715,337.68605856473215,911.0176164469246,412.57619673859125,42.5052443578869
2026-02-27 03:00:00+00:00,703.6982250000001,0.0,344.4775,628.402625,423.365625,47.3711,1220.1816596259064,5.810678688126567,338.36613532663307,836.2651833398742,407.7275811774918,42.245563652882204,1168.4076301812997,5.705311073660715,337.68605856473215,911.0176164469246,412.57619673859125,42.5052443578869,1168.4076301812997,5.705311073660715,337.68605856473215,911.0176164469246,412.57619673859125,42.5052443578869
2026-02-27 04:00:00+00:00,1033.0398500000001,0.0,344.776475,681.0332999999999,435.7477,46.295775,1252.0284902437631,5.810678688126567,338.44397660951694,844.6392315622975,409.8247760723235,42.245563652882204,1168.4076301812997,5.705311073660715,337.68605856473215,911.0176164469246,412.57619673859125,42.5052443578869,1168.4076301812997,5.705311073660715,337.68605856473215,911.0176164469246,412.57619673859125,42.5052443578869
2026-02-27 05:00:00+00:00,1224.609875,0.0,363.1967,810.8745,468.42575,44.878425,1311.9111206820194,5.810678688126567,338.56230668787214,853.0132797847208,412.8672366143013,42.245563652882204,1168.4076301812997,5.705311073660715,337.68605856473215,911.0176164469246,412.57619673859125,42.5052443578869,1168.4076301812997,5.705311073660715,337.68605856473215,911.0176164469246,412.57619673859125,42.5052443578869
2026-02-27 06:00:00+00:00,1057.575725,0.0,374.0961,1052.42325,505.4928,48.54165,1340.5234245081976,5.810678688126567,338.5970929263501,861.387328007144,414.48180940697233,42.245563652882204,1168.4076301812997,5.705311073660715,337.68605856473215,911.0176164469246,412.57619673859125,42.5052443578869,1168.4076301812997,5.705311073660715,337.68605856473215,911.0176164469246,412.57619673859125,42.5052443578869
2026-02-27 07:00:00+00:00,728.1569,0.0,374.6193,794.49005,509.209375,53.405825,1307.5349321969788,5.810678688126567,338.6293129648406,869.7613762295673,413.7178719126386,42.245563652882204,1168.4076301812997,5.705311073660715,337.68605856473215,911.0176164469246,412.57619673859125,42.5052443578869,1168.4076301812997,5.705311073660715,337.68605856473215,911.0176164469246,412.57619673859125,42.5052443578869
2026-02-27 08:00:00+00:00,618.4183,0.0,368.38905,631.2518749999999,492.068,59.10965,1223.5624054603643,5.810678688126567,338.2532217438856,878.1354244519905,410.8263558270618,42.245563652882204,1168.4076301812997,5.705311073660715,337.68605856473215,911.0176164469246,412.57619673859125,42.5052443578869,1168.4076301812997,5.705311073660715,337.68605856473215,911.0176164469246,412.57619673859125,42.5052443578869
2026-02-27 09:00:00+00:00,260.4931,0.0,364.815975,650.606525,458.17265,59.583225,1146.9650852388231,5.810678688126567,337.8095542385035,886.5094726744138,407.7212808778286,42.245563652882204,1168.4076301812997,5.705311073660715,337.68605856473215,911.0176164469246,412.57619673859125,42.5052443578869,1168.4076301812997,5.705311073660715,337.68605856473215,911.0176164469246,412.57619673859125,42.5052443578869
2026-02-27 10:00:00+00:00,251.29270000000008,0.0,363.985475,641.2348,437.1687,62.15245,1084.6797441573904,5.810678688126567,337.4251942089023,894.8835208968371,405.4096774367984,42.245563652882204,1168.4076301812997,5.705311073660715,337.68605856473215,911.0176164469246,412.57619673859125,42.5052443578869,1168.4076301812997,5.705311073660715,337.68605856473215,911.0176164469246,412.57619673859125,42.5052443578869
2026-02-27 11:00:00+00:00,244.81372499999998,0.0,355.353125,668.4066250000001,426.338475,62.279975,1043.4578238684744,5.810678688126567,337.14091563647065,903.2575691192603,404.08396544557326,42.245563652882204,1168.4076301812997,5.705311073660715,337.68605856473215,911.0176164469246,412.57619673859125,42.5052443578869,1168.4076301812997,5.705311073660715,337.68605856473215,911.0176164469246,412.57619673859125,42.5052443578869
2026-02-27 12:00:00+00:00,246.97749999999996,0.0,345.736,659.7620999999999,425.81162500000005,63.298550000000006,1029.3104027145873,5.810678688126567,336.8592032640265,911.6316173416836,403.70237706270393,42.245563652882204,1168.4076301812997,5.705311073660715,337.68605856473215,911.0176164469246,412.57619673859125,42.5052443578869,1168.4076301812997,5.705311073660715,337.68605856473215,911.0176164469246,412.57619673859125,42.5052443578869
2026-02-27 13:00:00+00:00,246.66599999999994,0.0,350.480275,658.088675,433.807425,61.0571125,1032.059341923548,5.810678688126567,336.6892634207933,920.005665564107,404.3252458026681,42.245563652882204,1168.4076301812997,5.705311073660715,337.68605856473215,911.0176164469246,412.57619673859125,42.5052443578869,1168.4076301812997,5.705311073660715,337.68605856473215,911.0176164469246,412.57619673859125,42.5052443578869
2026-02-27 14:00:00+00:00,268.14785000000006,0.0,372.393975,651.095475,448.89495,58.815675,1070.517935266775,5.810678688126567,336.594028454491,928.3797137865301,406.58058799580505,42.245563652882204,1168.4076301812997,5.705311073660715,337.68605856473215,911.0176164469246,412.57619673859125,42.5052443578869,1168.4076301812997,5.705311073660715,337.68605856473215,911.0176164469246,412.57619673859125,42.5052443578869
2026-02-27 15:00:00+00:00,324.446325,0.0,387.9421,1370.143075,485.37645,54.6372,1166.5331018236884,5.810678688126567,336.62881479086326,936.7537620089535,410.5399841247794,42.245563652882204,1168.4076301812997,5.705311073660715,337.68605856473215,911.0176164469246,412.57619673859125,42.5052443578869,1168.4076301812997,5.705311073660715,337.68605856473215,911.0176164469246,412.57619673859125,42.5052443578869
2026-02-27 16:00:00+00:00,454.845875,0.0,401.634275,1665.87095,511.760175,54.828275,1271.8969668004468,5.810678688126567,336.8768808962361,945.1278102313768,415.4028144181211,42.245563652882204,1168.4076301812997,5.705311073660715,337.68605856473215,911.0176164469246,412.57619673859125,42.5052443578869,1168.4076301812997,5.705311073660715,337.68605856473215,911.0176164469246,412.57619673859125,42.5052443578869
2026-02-27 17:00:00+00:00,464.5856,0.0,429.073275,1330.6336000000001,517.221125,58.00995,1306.0775255651315,5.810678688126567,337.3005896003422,953.5018584538,418.5867519816447,42.245563652882204,1168.4076301812997,5.705311073660715,337.68605856473215,911.0176164469246,412.57619673859125,42.5052443578869,1168.4076301812997,5.705311073660715,337.68605856473215,911.0176164469246,412.57619673859125,42.5052443578869
2026-02-27 18:00:00+00:00,386.77852499999995,0.0,430.892025,1379.238075,515.8587,56.678075,1292.2569534971383,5.810678688126567,337.3447857472318,961.8759066762233,419.44944961804686,42.245563652882204,1168.4076301812997,5.705311073660715,337.68605856473215,911.0176164469246,412.57619673859125,42.5052443578869,1168.4076301812997,5.705311073660715,337.68605856473215,911.0176164469246,412.57619673859125,42.5052443578869
2026-02-27 19:00:00+00:00,378.93067500000006,0.0,431.73365,1306.701475,499.090625,58.1181,1277.602404168519,5.810678688126567,337.4083706335551,970.2499548986465,420.1662229726501,42.245563652882204,1168.4076301812997,5.705311073660715,337.68605856473215,911.0176164469246,412.57619673859125,42.5052443578869,1168.4076301812997,5.705311073660715,337.68605856473215,911.0176164469246,412.57619673859125,42.5052443578869
2026-02-27 20:00:00+00:00,297.50775,0.0,432.92875,1047.8442499999999,476.5494,57.467,1257.2888539609314,5.810678688126567,337.59484808864414,978.6240031210698,421.1628655840524,42.245563652882204,1168.4076301812997,5.705311073660715,337.68605856473215,911.0176164469246,412.57619673859125,42.5052443578869,1168.4076301812997,5.705311073660715,337.68605856473215,911.0176164469246,412.57619673859125,42.5052443578869
2026-02-27 21:00:00+00:00,251.51960000000008,0.0,413.489575,1112.1954250000001,458.10275,52.38365,1232.772531410128,5.810678688126567,337.660144288853,986.9980513434931,421.9327213845947,42.245563652882204,1168.4076301812997,5.705311073660715,337.68605856473215,911.0176164469246,412.57619673859125,42.5052443578869,1168.4076301812997,5.705311073660715,337.68605856473215,911.0176164469246,412.57619673859125,42.5052443578869
2026-02-27 22:00:00+00:00,225.650575,0.0,404.307125,965.2840999999999,438.430975,52.23925,1220.797315860973,5.810678688126567,337.8414892460728,995.3720995659163,423.08982821318983,42.245563652882204,1168.4076301812997,5.705311073660715,337.68605856473215,911.0176164469246,412.57619673859125,42.5052443578869,1168.4076301812997,5.705311073660715,337.68605856473215,911.0176164469246,412.57619673859125,42.5052443578869
2026-02-27 23:00:00+00:00,215.01150000000007,0.0,405.849275,942.904825,427.6012,54.195075,1196.517538611775,5.810678688126567,337.9769279306963,1003.7461477883396,424.1892504337486,42.245563652882204,1168.4076301812997,5.705311073660715,337.68605856473215,911.0176164469246,412.57619673859125,42.5052443578869,1168.4076301812997,5.705311073660715,337.68605856473215,911.0176164469246,412.57619673859125,42.5052443578869
