date,hard_coal_tenn_actual,oil_tenn_actual,gas_tenn_actual,renewables_tenn_actual,biomass_tenn_actual,waste_tenn_actual,hard_coal_tenn_fitted,oil_tenn_fitted,gas_tenn_fitted,renewables_tenn_fitted,biomass_tenn_fitted,waste_tenn_fitted,hard_coal_tenn_lower,oil_tenn_lower,gas_tenn_lower,renewables_tenn_lower,biomass_tenn_lower,waste_tenn_lower,hard_coal_tenn_upper,oil_tenn_upper,gas_tenn_upper,renewables_tenn_upper,biomass_tenn_upper,waste_tenn_upper
2026-01-24 00:00:00+00:00,252.0,0.13099999999999978,3285.09725,573.316,1921.2649999999999,205.088,392.6245334442496,0.4388119723063262,2855.5834702229977,564.1963659487963,1980.891904174534,209.00337884040795,517.1155107490081,2.167402700892857,1834.600113635913,1129.9374063640873,1906.9052626835316,249.32908860119045,517.1155107490081,2.167402700892857,1834.600113635913,1129.9374063640873,1906.9052626835316,249.32908860119045
2026-01-24 01:00:00+00:00,252.89999999999998,0.13099999999999978,3291.2307499999997,571.3365,1912.854,205.127,399.07158414065566,-0.5253311142593997,2835.0880073916865,539.893121439482,1975.4464987097385,201.6392787732552,517.1155107490081,2.167402700892857,1834.600113635913,1129.9374063640873,1906.9052626835316,249.32908860119045,517.1155107490081,2.167402700892857,1834.600113635913,1129.9374063640873,1906.9052626835316,249.32908860119045
2026-01-24 02:00:00+00:00,254.0,0.13099999999999978,3479.2415,569.72425,1909.937,205.088,380.6697386851864,-2.235307189176226,2893.2124122457544,563.7185909270481,1969.2187358958024,193.1835391417816,517.1155107490081,2.167402700892857,1834.600113635913,1129.9374063640873,1906.9052626835316,249.32908860119045,517.1155107490081,2.167402700892857,1834.600113635913,1129.9374063640873,1906.9052626835316,249.32908860119045
2026-01-24 03:00:00+00:00,264.35,0.13099999999999978,3498.21925,568.08075,1924.8555000000001,199.15325,387.3820328404329,-2.2003384042101826,2705.1651239531507,553.4776502980563,1932.9719920043863,189.68889520112936,517.1155107490081,2.167402700892857,1834.600113635913,1129.9374063640873,1906.9052626835316,249.32908860119045,517.1155107490081,2.167402700892857,1834.600113635913,1129.9374063640873,1906.9052626835316,249.32908860119045
2026-01-24 04:00:00+00:00,292.20000000000005,0.13099999999999978,3500.1015,558.4375,1958.82075,197.215,385.13740213243864,-1.1783298094752488,2666.7148515717,561.1336630493228,1937.8641810634622,203.01035424888698,517.1155107490081,2.167402700892857,1834.600113635913,1129.9374063640873,1906.9052626835316,249.32908860119045,517.1155107490081,2.167402700892857,1834.600113635913,1129.9374063640873,1906.9052626835316,249.32908860119045
2026-01-24 05:00:00+00:00,345.85,0.13099999999999978,3509.75475,556.68675,2052.0815000000002,197.215,433.23886527509006,-0.399859651866751,2531.8827516978226,594.0992753526472,1948.1335304077286,206.49990926108165,517.1155107490081,2.167402700892857,1834.600113635913,1129.9374063640873,1906.9052626835316,249.32908860119045,517.1155107490081,2.167402700892857,1834.600113635913,1129.9374063640873,1906.9052626835316,249.32908860119045
2026-01-24 06:00:00+00:00,393.1,0.13099999999999978,3538.03425,546.2725,2196.0675,197.215,483.5886409905172,1.2201937285894422,2896.897112789624,680.3245574676873,2134.98931239769,186.76775895665713,517.1155107490081,2.167402700892857,1834.600113635913,1129.9374063640873,1906.9052626835316,249.32908860119045,517.1155107490081,2.167402700892857,1834.600113635913,1129.9374063640873,1906.9052626835316,249.32908860119045
2026-01-24 07:00:00+00:00,355.1,0.13099999999999978,3605.0125,638.2294999999999,2282.867,197.254,495.41589053247304,-0.5005646218255642,3023.2030285552746,877.3704712022482,2110.0679561102584,180.4436154055906,517.1155107490081,2.167402700892857,1834.600113635913,1129.9374063640873,1906.9052626835316,249.32908860119045,517.1155107490081,2.167402700892857,1834.600113635913,1129.9374063640873,1906.9052626835316,249.32908860119045
2026-01-24 08:00:00+00:00,328.3,0.13099999999999978,3610.7977499999997,728.32225,2264.47225,197.334,526.4050683685816,-1.257833002081611,2891.498589975653,1053.0640533286366,2100.956364215215,193.353154273735,517.1155107490081,2.167402700892857,1834.600113635913,1129.9374063640873,1906.9052626835316,249.32908860119045,517.1155107490081,2.167402700892857,1834.600113635913,1129.9374063640873,1906.9052626835316,249.32908860119045
2026-01-24 09:00:00+00:00,323.8,0.13099999999999978,3355.696,695.8555000000001,2222.487,203.34699999999998,531.6885538829681,-1.8452262582963637,3187.81082278966,806.8394655530212,2054.561926998985,178.95219837566123,517.1155107490081,2.167402700892857,1834.600113635913,1129.9374063640873,1906.9052626835316,249.32908860119045,517.1155107490081,2.167402700892857,1834.600113635913,1129.9374063640873,1906.9052626835316,249.32908860119045
2026-01-24 10:00:00+00:00,315.4,0.13099999999999978,3057.2782500000003,560.305,2180.912,205.444,546.9775620281309,1.0031758748106883,2949.178168158501,705.8409214015778,2028.3590588256616,177.56825257486344,517.1155107490081,2.167402700892857,1834.600113635913,1129.9374063640873,1906.9052626835316,249.32908860119045,517.1155107490081,2.167402700892857,1834.600113635913,1129.9374063640873,1906.9052626835316,249.32908860119045
2026-01-24 11:00:00+00:00,311.0,0.13099999999999978,3083.1255,535.7132500000001,2102.65575,205.523,589.9443902167211,-1.0228644310107464,2705.339147798184,690.1985119165247,2033.3577239569902,187.43289519224328,517.1155107490081,2.167402700892857,1834.600113635913,1129.9374063640873,1906.9052626835316,249.32908860119045,517.1155107490081,2.167402700892857,1834.600113635913,1129.9374063640873,1906.9052626835316,249.32908860119045
2026-01-24 12:00:00+00:00,313.5,0.13099999999999978,3260.935,523.79375,2078.479,205.641,668.603918590518,-1.4766804328977798,2740.0634162016,610.7273210485204,2025.3327742470076,185.64074715143917,517.1155107490081,2.167402700892857,1834.600113635913,1129.9374063640873,1906.9052626835316,249.32908860119045,517.1155107490081,2.167402700892857,1834.600113635913,1129.9374063640873,1906.9052626835316,249.32908860119045
2026-01-24 13:00:00+00:00,315.8,0.13099999999999978,3253.26975,526.4982500000001,2084.2445,205.681,614.8953315844306,-0.9022998280415919,2788.140004781554,622.0922312942181,2040.5246283888755,194.15032839816166,517.1155107490081,2.167402700892857,1834.600113635913,1129.9374063640873,1906.9052626835316,249.32908860119045,517.1155107490081,2.167402700892857,1834.600113635913,1129.9374063640873,1906.9052626835316,249.32908860119045
2026-01-24 14:00:00+00:00,328.6,0.13099999999999978,3849.1865,445.2974999999999,2118.074,205.641,698.0071917533411,-0.7791783410703208,2906.7169569015314,687.1266189913465,2082.796334839246,188.45811362394622,517.1155107490081,2.167402700892857,1834.600113635913,1129.9374063640873,1906.9052626835316,249.32908860119045,517.1155107490081,2.167402700892857,1834.600113635913,1129.9374063640873,1906.9052626835316,249.32908860119045
2026-01-24 15:00:00+00:00,371.2,0.13099999999999978,4215.87675,579.36625,2216.36575,205.523,673.5362204397068,-1.0644882478256572,3299.981866132102,933.3962801382268,2157.4278289155095,186.8017881808726,517.1155107490081,2.167402700892857,1834.600113635913,1129.9374063640873,1906.9052626835316,249.32908860119045,517.1155107490081,2.167402700892857,1834.600113635913,1129.9374063640873,1906.9052626835316,249.32908860119045
2026-01-24 16:00:00+00:00,469.9,0.13099999999999978,4274.9845000000005,1149.981,2303.018,205.444,542.2422245235621,-1.2697733695145303,3707.9837770655604,1240.1146782159956,2122.4569272348854,198.30460019745496,517.1155107490081,2.167402700892857,1834.600113635913,1129.9374063640873,1906.9052626835316,249.32908860119045,517.1155107490081,2.167402700892857,1834.600113635913,1129.9374063640873,1906.9052626835316,249.32908860119045
2026-01-24 17:00:00+00:00,468.6,0.13099999999999978,4277.59275,1100.69875,2319.06475,205.365,566.2275724703939,-1.4344369267822792,3705.912262995969,1102.6708485346223,2266.4860354618727,212.06014358800337,517.1155107490081,2.167402700892857,1834.600113635913,1129.9374063640873,1906.9052626835316,249.32908860119045,517.1155107490081,2.167402700892857,1834.600113635913,1129.9374063640873,1906.9052626835316,249.32908860119045
2026-01-24 18:00:00+00:00,408.8,0.13099999999999978,4275.035,469.36300000000006,2286.076,205.325,625.8490718343118,-0.7292300154769005,3261.594858014177,995.154683509787,2210.320812091478,202.4560865492869,517.1155107490081,2.167402700892857,1834.600113635913,1129.9374063640873,1906.9052626835316,249.32908860119045,517.1155107490081,2.167402700892857,1834.600113635913,1129.9374063640873,1906.9052626835316,249.32908860119045
2026-01-24 19:00:00+00:00,348.6,0.13099999999999978,4217.42075,388.2265,2179.33175,205.246,465.7058797059748,-0.7697645797459294,3166.762981958079,798.3396386246563,2111.626979483642,190.47084720432156,517.1155107490081,2.167402700892857,1834.600113635913,1129.9374063640873,1906.9052626835316,249.32908860119045,517.1155107490081,2.167402700892857,1834.600113635913,1129.9374063640873,1906.9052626835316,249.32908860119045
2026-01-24 20:00:00+00:00,288.65,0.13099999999999978,3969.73725,382.08925,2102.25575,205.206,521.7160322941759,-0.29316337893628397,3148.249822972256,698.8915694409634,2072.0772283083893,177.5850656588312,517.1155107490081,2.167402700892857,1834.600113635913,1129.9374063640873,1906.9052626835316,249.32908860119045,517.1155107490081,2.167402700892857,1834.600113635913,1129.9374063640873,1906.9052626835316,249.32908860119045
2026-01-24 21:00:00+00:00,266.4,0.13099999999999978,3483.33025,380.7964999999999,2038.1122500000001,205.167,526.4555231516599,-0.3354184315629234,3210.940195862905,626.1739364043233,2057.0985440332906,184.059875661295,517.1155107490081,2.167402700892857,1834.600113635913,1129.9374063640873,1906.9052626835316,249.32908860119045,517.1155107490081,2.167402700892857,1834.600113635913,1129.9374063640873,1906.9052626835316,249.32908860119045
2026-01-24 22:00:00+00:00,248.53375,0.13099999999999978,3389.7872500000003,372.169,2001.2082500000001,205.127,485.4582219256451,-0.28159115929089973,2965.3859615433985,603.1599555347116,2010.0180096600482,199.12075153396782,517.1155107490081,2.167402700892857,1834.600113635913,1129.9374063640873,1906.9052626835316,249.32908860119045,517.1155107490081,2.167402700892857,1834.600113635913,1129.9374063640873,1906.9052626835316,249.32908860119045
2026-01-24 23:00:00+00:00,416.15175,0.13099999999999978,3301.45525,370.05849999999987,1968.4769999999999,292.084,465.07041417748223,-1.0818907040801888,2722.7877219137144,557.6192697589025,2018.401416115481,189.32210856149618,517.1155107490081,2.167402700892857,1834.600113635913,1129.9374063640873,1906.9052626835316,249.32908860119045,517.1155107490081,2.167402700892857,1834.600113635913,1129.9374063640873,1906.9052626835316,249.32908860119045
2026-01-25 00:00:00+00:00,545.079,0.13099999999999978,3069.0654999999997,356.7595,1955.774,292.044,419.5612008730461,-0.3045750262846969,2680.7867501076753,479.4945432894648,1957.4899837149078,200.15557744919553,517.1155107490081,2.167402700892857,1834.600113635913,1129.9374063640873,1906.9052626835316,249.32908860119045,517.1155107490081,2.167402700892857,1834.600113635913,1129.9374063640873,1906.9052626835316,249.32908860119045
2026-01-25 01:00:00+00:00,637.8305,0.13099999999999978,3152.0077499999998,344.7027499999999,1943.90275,292.084,449.29764907221454,-0.41492310187104176,2426.606598578344,475.2608575894575,1942.3129818377106,197.7136610261052,517.1155107490081,2.167402700892857,1834.600113635913,1129.9374063640873,1906.9052626835316,249.32908860119045,517.1155107490081,2.167402700892857,1834.600113635913,1129.9374063640873,1906.9052626835316,249.32908860119045
2026-01-25 02:00:00+00:00,792.60225,0.13099999999999978,3167.3775,338.97675000000004,1936.12175,292.044,547.0834126148634,-0.1766485579990107,2178.109384770016,446.58391086117206,1940.4467564684833,204.96171784016542,517.1155107490081,2.167402700892857,1834.600113635913,1129.9374063640873,1906.9052626835316,249.32908860119045,517.1155107490081,2.167402700892857,1834.600113635913,1129.9374063640873,1906.9052626835316,249.32908860119045
2026-01-25 03:00:00+00:00,971.86075,0.13099999999999978,3161.52075,335.3710000000001,1949.3445,286.11,625.8965715007238,-0.22625745845548995,2184.2707462685885,463.55995622461046,1921.2856605262884,211.572192719068,517.1155107490081,2.167402700892857,1834.600113635913,1129.9374063640873,1906.9052626835316,249.32908860119045,517.1155107490081,2.167402700892857,1834.600113635913,1129.9374063640873,1906.9052626835316,249.32908860119045
2026-01-25 04:00:00+00:00,997.1395,0.13099999999999978,3187.73925,332.43449999999996,1983.08125,284.171,780.5119669151753,-0.14063899777846833,2379.5525218849116,454.99157492743154,1918.0932092548994,211.572192719068,517.1155107490081,2.167402700892857,1834.600113635913,1129.9374063640873,1906.9052626835316,249.32908860119045,517.1155107490081,2.167402700892857,1834.600113635913,1129.9374063640873,1906.9052626835316,249.32908860119045
2026-01-25 05:00:00+00:00,1015.62725,0.13099999999999978,3283.1802500000003,332.1685,2081.7505,284.211,747.5391015107526,-0.07321953443128093,2575.3203283394523,454.6372887944493,1933.6524816172814,212.11790586745252,517.1155107490081,2.167402700892857,1834.600113635913,1129.9374063640873,1906.9052626835316,249.32908860119045,517.1155107490081,2.167402700892857,1834.600113635913,1129.9374063640873,1906.9052626835316,249.32908860119045
2026-01-25 06:00:00+00:00,1043.29975,0.13099999999999978,3434.7475000000004,328.5384999999999,2225.1859999999997,284.211,637.549117507735,-0.15630498431442907,2698.1569566772464,562.3926949731766,2078.1616812158386,198.79327043261705,517.1155107490081,2.167402700892857,1834.600113635913,1129.9374063640873,1906.9052626835316,249.32908860119045,517.1155107490081,2.167402700892857,1834.600113635913,1129.9374063640873,1906.9052626835316,249.32908860119045
2026-01-25 07:00:00+00:00,1055.7285,0.13099999999999978,3548.853,335.9145,2302.813,284.251,647.1472486857606,1.443648738290617,2639.7932109219473,599.7756538766963,2120.8232805525627,193.93937655075416,517.1155107490081,2.167402700892857,1834.600113635913,1129.9374063640873,1906.9052626835316,249.32908860119045,517.1155107490081,2.167402700892857,1834.600113635913,1129.9374063640873,1906.9052626835316,249.32908860119045
2026-01-25 08:00:00+00:00,1057.0104999999999,0.13099999999999978,3968.95,343.726,2287.35075,284.369,683.7786647554572,0.7123203504926272,2749.645272347524,680.6150301860604,2104.619401886334,194.17635827217276,517.1155107490081,2.167402700892857,1834.600113635913,1129.9374063640873,1906.9052626835316,249.32908860119045,517.1155107490081,2.167402700892857,1834.600113635913,1129.9374063640873,1906.9052626835316,249.32908860119045
2026-01-25 09:00:00+00:00,1056.0594999999998,0.13099999999999978,4039.6684999999998,341.83574999999996,2238.94725,290.46175,575.1255619266178,-0.7261490558160233,2755.040545525056,622.1623358889797,2106.3251155732114,202.52562983950918,517.1155107490081,2.167402700892857,1834.600113635913,1129.9374063640873,1906.9052626835316,249.32908860119045,517.1155107490081,2.167402700892857,1834.600113635913,1129.9374063640873,1906.9052626835316,249.32908860119045
2026-01-25 10:00:00+00:00,1049.5052500000002,0.13099999999999978,3928.5644999999995,362.216,2189.047,292.558,626.7993635638516,-0.7674656020659603,2906.491407246836,635.5523648177366,2076.857312733924,197.51880311799692,517.1155107490081,2.167402700892857,1834.600113635913,1129.9374063640873,1906.9052626835316,249.32908860119045,517.1155107490081,2.167402700892857,1834.600113635913,1129.9374063640873,1906.9052626835316,249.32908860119045
2026-01-25 11:00:00+00:00,1042.4435,0.13099999999999978,4065.32075,335.9955,2107.59225,292.638,595.8137288362673,-0.6552069300145553,2915.439122070516,562.180226818186,2047.3973139532222,198.25421452157644,517.1155107490081,2.167402700892857,1834.600113635913,1129.9374063640873,1906.9052626835316,249.32908860119045,517.1155107490081,2.167402700892857,1834.600113635913,1129.9374063640873,1906.9052626835316,249.32908860119045
2026-01-25 12:00:00+00:00,1021.21625,0.13099999999999978,3940.8557499999997,327.082,2066.82225,292.717,668.5822212294121,0.43165796392065103,2895.387831583709,554.509483263738,2055.9491506880477,185.22294558844828,517.1155107490081,2.167402700892857,1834.600113635913,1129.9374063640873,1906.9052626835316,249.32908860119045,517.1155107490081,2.167402700892857,1834.600113635913,1129.9374063640873,1906.9052626835316,249.32908860119045
2026-01-25 13:00:00+00:00,1017.97075,0.13099999999999978,3861.9182500000006,363.48325,2067.51775,292.717,599.0470922522247,-0.06867081834802846,2861.0699560252833,576.3134150676751,2064.6384455650955,184.5255297863696,517.1155107490081,2.167402700892857,1834.600113635913,1129.9374063640873,1906.9052626835316,249.32908860119045,517.1155107490081,2.167402700892857,1834.600113635913,1129.9374063640873,1906.9052626835316,249.32908860119045
2026-01-25 14:00:00+00:00,1034.1725000000001,0.13099999999999978,3946.52125,331.278,2091.0434999999998,292.717,624.1721331065141,0.1027833569209915,2913.495595796844,727.0874876422743,2054.3260798055535,185.79062327821742,517.1155107490081,2.167402700892857,1834.600113635913,1129.9374063640873,1906.9052626835316,249.32908860119045,517.1155107490081,2.167402700892857,1834.600113635913,1129.9374063640873,1906.9052626835316,249.32908860119045
2026-01-25 15:00:00+00:00,986.8399999999999,0.13099999999999978,4102.419,460.29999999999995,2185.846,292.638,714.8774436404044,0.4907296048404266,2837.4111311251795,765.3271734588169,2091.132627027278,193.82978486679684,517.1155107490081,2.167402700892857,1834.600113635913,1129.9374063640873,1906.9052626835316,249.32908860119045,517.1155107490081,2.167402700892857,1834.600113635913,1129.9374063640873,1906.9052626835316,249.32908860119045
2026-01-25 16:00:00+00:00,826.3845,0.13099999999999978,4161.25925,601.183,2277.6025,292.558,562.6862493603752,-0.6961916164098452,3541.5061355152297,959.4364650443629,2125.27736370632,194.17147819038888,517.1155107490081,2.167402700892857,1834.600113635913,1129.9374063640873,1906.9052626835316,249.32908860119045,517.1155107490081,2.167402700892857,1834.600113635913,1129.9374063640873,1906.9052626835316,249.32908860119045
2026-01-25 17:00:00+00:00,826.84575,0.13099999999999978,4156.1745,500.64699999999993,2296.3225,292.558,475.7243249704305,-1.2823112032220818,4042.176292972601,778.9553729294287,2278.244287706229,194.17876626000785,517.1155107490081,2.167402700892857,1834.600113635913,1129.9374063640873,1906.9052626835316,249.32908860119045,517.1155107490081,2.167402700892857,1834.600113635913,1129.9374063640873,1906.9052626835316,249.32908860119045
2026-01-25 18:00:00+00:00,826.992,0.13099999999999978,4154.429749999999,652.732,2255.58975,292.558,477.4350622060283,-1.1892829580939193,3912.9801238731106,734.3783179682163,2218.8984548792023,207.80970820448704,517.1155107490081,2.167402700892857,1834.600113635913,1129.9374063640873,1906.9052626835316,249.32908860119045,517.1155107490081,2.167402700892857,1834.600113635913,1129.9374063640873,1906.9052626835316,249.32908860119045
2026-01-25 19:00:00+00:00,814.471,0.13099999999999978,4144.549,477.0564999999999,2141.2735000000002,292.558,523.5226073826329,-0.6234394996021306,3511.3172065334784,571.6380298881846,2117.3142032763617,205.55879604463536,517.1155107490081,2.167402700892857,1834.600113635913,1129.9374063640873,1906.9052626835316,249.32908860119045,517.1155107490081,2.167402700892857,1834.600113635913,1129.9374063640873,1906.9052626835316,249.32908860119045
2026-01-25 20:00:00+00:00,731.5515,0.13099999999999978,4100.1835,605.46775,2057.044,292.558,527.7325720330687,-0.6690958575512189,3378.755020761822,559.5922457247864,2065.6064923268696,185.89534027198974,517.1155107490081,2.167402700892857,1834.600113635913,1129.9374063640873,1906.9052626835316,249.32908860119045,517.1155107490081,2.167402700892857,1834.600113635913,1129.9374063640873,1906.9052626835316,249.32908860119045
2026-01-25 21:00:00+00:00,699.2925,0.13099999999999978,4059.5649999999996,597.8280000000001,2006.39625,292.558,551.1214320285086,-0.8566903987735999,3243.426383275153,536.0416945240372,2050.5593808671465,179.3144010050292,517.1155107490081,2.167402700892857,1834.600113635913,1129.9374063640873,1906.9052626835316,249.32908860119045,517.1155107490081,2.167402700892857,1834.600113635913,1129.9374063640873,1906.9052626835316,249.32908860119045
2026-01-25 22:00:00+00:00,670.23425,0.13099999999999978,4027.072,586.3197500000001,1973.206,292.558,580.85020413847,-0.8566903987735999,3200.3411347537767,485.32842283492664,2018.2508856080167,168.24983928405834,517.1155107490081,2.167402700892857,1834.600113635913,1129.9374063640873,1906.9052626835316,249.32908860119045,517.1155107490081,2.167402700892857,1834.600113635913,1129.9374063640873,1906.9052626835316,249.32908860119045
2026-01-25 23:00:00+00:00,641.486,0.13099999999999978,3956.40075,324.69100000000003,1939.0394999999999,265.063,541.423035561308,-0.5115293303070132,2951.7682794431385,532.4199519247283,2014.9366252532593,187.12559828859452,517.1155107490081,2.167402700892857,1834.600113635913,1129.9374063640873,1906.9052626835316,249.32908860119045,517.1155107490081,2.167402700892857,1834.600113635913,1129.9374063640873,1906.9052626835316,249.32908860119045
2026-01-26 00:00:00+00:00,642.51325,0.13099999999999978,3957.018,307.9765,1921.45125,265.103,483.17232427588823,-0.9217407362259422,2778.358729077379,587.2462099684523,1966.6789996782038,182.05480162014334,517.1155107490081,2.167402700892857,1834.600113635913,1129.9374063640873,1906.9052626835316,249.32908860119045,517.1155107490081,2.167402700892857,1834.600113635913,1129.9374063640873,1906.9052626835316,249.32908860119045
2026-01-26 01:00:00+00:00,644.30575,0.13099999999999978,3935.22725,305.5107499999999,1899.696,265.063,490.1007314003134,0.7730847329539903,2907.414931571274,555.2670187367876,1970.0593285705334,205.6845253560403,517.1155107490081,2.167402700892857,1834.600113635913,1129.9374063640873,1906.9052626835316,249.32908860119045,517.1155107490081,2.167402700892857,1834.600113635913,1129.9374063640873,1906.9052626835316,249.32908860119045
2026-01-26 02:00:00+00:00,645.345,0.13099999999999978,3664.627,314.22974999999997,1894.07325,265.103,478.84388019882175,1.343613688978301,2660.2785332309495,592.1161524971143,1976.0344471043356,217.8395136764556,517.1155107490081,2.167402700892857,1834.600113635913,1129.9374063640873,1906.9052626835316,249.32908860119045,517.1155107490081,2.167402700892857,1834.600113635913,1129.9374063640873,1906.9052626835316,249.32908860119045
2026-01-26 03:00:00+00:00,537.992,0.13099999999999978,3764.17175,318.77099999999996,1911.17175,259.327,449.60578736076513,1.201551138518466,2671.8978470355087,622.375064308482,1981.934670579515,219.87125571575248,517.1155107490081,2.167402700892857,1834.600113635913,1129.9374063640873,1906.9052626835316,249.32908860119045,517.1155107490081,2.167402700892857,1834.600113635913,1129.9374063640873,1906.9052626835316,249.32908860119045
2026-01-26 04:00:00+00:00,324.09774999999996,0.13099999999999978,4286.3135,317.22900000000004,1941.203,257.23,509.3027945275568,2.745301312075936,3071.266510010346,692.4427944274645,1998.9119315159242,221.60774853044947,517.1155107490081,2.167402700892857,1834.600113635913,1129.9374063640873,1906.9052626835316,249.32908860119045,517.1155107490081,2.167402700892857,1834.600113635913,1129.9374063640873,1906.9052626835316,249.32908860119045
2026-01-26 05:00:00+00:00,371.9,0.13099999999999978,4906.358,331.1410000000001,2013.11925,257.269,531.8802296221112,5.9548238401908575,4073.6713996277786,771.3244983942307,2011.4807775658119,204.2121351683236,517.1155107490081,2.167402700892857,1834.600113635913,1129.9374063640873,1906.9052626835316,249.32908860119045,517.1155107490081,2.167402700892857,1834.600113635913,1129.9374063640873,1906.9052626835316,249.32908860119045
2026-01-26 06:00:00+00:00,471.25,0.13099999999999978,4963.206750000001,701.5160000000001,2136.5015,257.269,564.4710460905543,11.706097924337886,4470.135925821901,1107.3362501037539,2147.4380717926892,215.56094846213978,517.1155107490081,2.167402700892857,1834.600113635913,1129.9374063640873,1906.9052626835316,249.32908860119045,517.1155107490081,2.167402700892857,1834.600113635913,1129.9374063640873,1906.9052626835316,249.32908860119045
2026-01-26 07:00:00+00:00,461.6,0.13099999999999978,5313.64225,978.5377500000001,2222.821,257.269,628.887030539234,29.44588260310019,4593.809732007095,1335.3329761120713,2113.812513356802,189.96190549673224,517.1155107490081,2.167402700892857,1834.600113635913,1129.9374063640873,1906.9052626835316,249.32908860119045,517.1155107490081,2.167402700892857,1834.600113635913,1129.9374063640873,1906.9052626835316,249.32908860119045
2026-01-26 08:00:00+00:00,472.1,0.13099999999999978,5480.31425,1098.4817500000001,2224.071,257.269,616.5278030679411,18.81676862744616,4531.161214824929,1370.6551469850165,2094.308687358632,197.85942916652067,517.1155107490081,2.167402700892857,1834.600113635913,1129.9374063640873,1906.9052626835316,249.32908860119045,517.1155107490081,2.167402700892857,1834.600113635913,1129.9374063640873,1906.9052626835316,249.32908860119045
2026-01-26 09:00:00+00:00,485.8,2.6445000000000003,5492.0795,1028.3945,2176.559,263.164,540.4344296548926,8.910651177467024,4382.874909463572,1228.437012793952,2066.3363985487304,205.41935821576266,517.1155107490081,2.167402700892857,1834.600113635913,1129.9374063640873,1906.9052626835316,249.32908860119045,517.1155107490081,2.167402700892857,1834.600113635913,1129.9374063640873,1906.9052626835316,249.32908860119045
2026-01-26 10:00:00+00:00,484.4,54.96125,5471.457,764.71525,2143.19325,265.103,558.3997243925343,8.807510915569518,4430.694780846468,1132.5192120837248,2039.3006721770525,204.050302048275,517.1155107490081,2.167402700892857,1834.600113635913,1129.9374063640873,1906.9052626835316,249.32908860119045,517.1155107490081,2.167402700892857,1834.600113635913,1129.9374063640873,1906.9052626835316,249.32908860119045
2026-01-26 11:00:00+00:00,478.4,2.56175,5239.9155,522.4467500000001,2080.2395,270.997,554.9761364083593,16.678559606899988,4441.514600890846,1060.324419653443,2070.4908184442247,221.90256586611434,517.1155107490081,2.167402700892857,1834.600113635913,1129.9374063640873,1906.9052626835316,249.32908860119045,517.1155107490081,2.167402700892857,1834.600113635913,1129.9374063640873,1906.9052626835316,249.32908860119045
2026-01-26 12:00:00+00:00,473.6,0.13099999999999978,5175.18775,487.51475000000005,2059.33625,272.896,577.489960840449,14.192913243859065,4332.282588399888,1080.7291757328694,2080.9010704912057,217.620634229572,517.1155107490081,2.167402700892857,1834.600113635913,1129.9374063640873,1906.9052626835316,249.32908860119045,517.1155107490081,2.167402700892857,1834.600113635913,1129.9374063640873,1906.9052626835316,249.32908860119045
2026-01-26 13:00:00+00:00,477.7,0.13099999999999978,5307.80675,448.404,2067.49025,272.896,564.1225328342185,15.139518482067466,4246.7936920996,1070.032817595303,2056.411253531917,220.4088438602683,517.1155107490081,2.167402700892857,1834.600113635913,1129.9374063640873,1906.9052626835316,249.32908860119045,517.1155107490081,2.167402700892857,1834.600113635913,1129.9374063640873,1906.9052626835316,249.32908860119045
2026-01-26 14:00:00+00:00,473.5,0.13099999999999978,5636.976500000001,679.4662500000001,2098.00125,272.896,625.1932927577544,17.175596976581268,4232.341321714424,1118.8920920168969,2046.980025130176,210.61031981887453,517.1155107490081,2.167402700892857,1834.600113635913,1129.9374063640873,1906.9052626835316,249.32908860119045,517.1155107490081,2.167402700892857,1834.600113635913,1129.9374063640873,1906.9052626835316,249.32908860119045
2026-01-26 15:00:00+00:00,486.05,0.13099999999999978,5655.639687500001,1273.9,2200.89925,272.936,785.0798756010217,20.323596067930197,4296.265969285645,1169.4526280745192,2115.885229451689,206.64451138864789,517.1155107490081,2.167402700892857,1834.600113635913,1129.9374063640873,1906.9052626835316,249.32908860119045,517.1155107490081,2.167402700892857,1834.600113635913,1129.9374063640873,1906.9052626835316,249.32908860119045
2026-01-26 16:00:00+00:00,484.1,0.13099999999999978,5674.302874999999,2020.4632500000002,2274.8655,273.411,832.365599364294,20.421466518006373,4296.141381108753,1435.230604467644,2074.924557413275,207.26104362581953,517.1155107490081,2.167402700892857,1834.600113635913,1129.9374063640873,1906.9052626835316,249.32908860119045,517.1155107490081,2.167402700892857,1834.600113635913,1129.9374063640873,1906.9052626835316,249.32908860119045
2026-01-26 17:00:00+00:00,488.6,0.13099999999999978,5692.9660625,1971.339,2284.5769999999998,275.547,975.3428367555239,16.434474408261647,4439.324736923949,1351.4540713483336,2232.5309990350734,215.34002603698565,517.1155107490081,2.167402700892857,1834.600113635913,1129.9374063640873,1906.9052626835316,249.32908860119045,517.1155107490081,2.167402700892857,1834.600113635913,1129.9374063640873,1906.9052626835316,249.32908860119045
2026-01-26 18:00:00+00:00,489.1,0.13099999999999978,5711.62925,1402.0765,2248.2219999999998,277.011,963.1837279230317,6.103877208947976,4592.236164959558,1226.1553277027108,2154.607927205406,219.0793595045757,517.1155107490081,2.167402700892857,1834.600113635913,1129.9374063640873,1906.9052626835316,249.32908860119045,517.1155107490081,2.167402700892857,1834.600113635913,1129.9374063640873,1906.9052626835316,249.32908860119045
2026-01-26 19:00:00+00:00,474.45,0.13099999999999978,5278.2235,840.39775,2168.63075,272.975,1018.780583739971,2.940809313771688,4481.0175460828505,1113.207321575332,2057.5261611028636,214.72448472010922,517.1155107490081,2.167402700892857,1834.600113635913,1129.9374063640873,1906.9052626835316,249.32908860119045,517.1155107490081,2.167402700892857,1834.600113635913,1129.9374063640873,1906.9052626835316,249.32908860119045
2026-01-26 20:00:00+00:00,460.1,0.13099999999999978,5381.3975,447.4135,2090.264,272.975,1149.390192973834,-0.895154316554355,4328.759798733211,873.9616104488125,1997.5723171936475,225.66770855643836,517.1155107490081,2.167402700892857,1834.600113635913,1129.9374063640873,1906.9052626835316,249.32908860119045,517.1155107490081,2.167402700892857,1834.600113635913,1129.9374063640873,1906.9052626835316,249.32908860119045
2026-01-26 21:00:00+00:00,338.95,0.13099999999999978,5262.742249999999,365.5994999999999,2025.6495,272.975,1122.2276824207152,0.21971009108142403,4084.445234391791,856.4686101916361,1977.5599625926495,215.6763091092916,517.1155107490081,2.167402700892857,1834.600113635913,1129.9374063640873,1906.9052626835316,249.32908860119045,517.1155107490081,2.167402700892857,1834.600113635913,1129.9374063640873,1906.9052626835316,249.32908860119045
2026-01-26 22:00:00+00:00,264.25,0.13099999999999978,4807.709,378.9492499999999,1991.0565,272.936,971.7070660838829,-0.3876867980234153,3845.0043767167545,739.394627564253,2012.126073341904,204.89068997195096,517.1155107490081,2.167402700892857,1834.600113635913,1129.9374063640873,1906.9052626835316,249.32908860119045,517.1155107490081,2.167402700892857,1834.600113635913,1129.9374063640873,1906.9052626835316,249.32908860119045
2026-01-26 23:00:00+00:00,259.3,0.13099999999999978,4674.567,383.91374999999994,1952.1577499999999,269.534,963.5388023326504,-0.25829781649711103,3625.9811997506895,708.5067858800998,1981.2999943927578,191.7857885691619,517.1155107490081,2.167402700892857,1834.600113635913,1129.9374063640873,1906.9052626835316,249.32908860119045,517.1155107490081,2.167402700892857,1834.600113635913,1129.9374063640873,1906.9052626835316,249.32908860119045
2026-01-27 00:00:00+00:00,257.7,0.13099999999999978,4616.12475,396.13750000000005,1933.2625,268.901,1097.174996407533,-0.42487773491375025,4006.779388420121,680.4563080512349,1963.8464441176739,174.0507357124517,517.1155107490081,2.167402700892857,1834.600113635913,1129.9374063640873,1906.9052626835316,249.32908860119045,517.1155107490081,2.167402700892857,1834.600113635913,1129.9374063640873,1906.9052626835316,249.32908860119045
2026-01-27 01:00:00+00:00,256.7,0.13099999999999978,4562.16925,408.4939999999999,1921.60975,268.901,1099.603794345202,-0.3195135522107031,4206.811206126083,687.2794621462522,1942.2230575605038,183.59334185882247,517.1155107490081,2.167402700892857,1834.600113635913,1129.9374063640873,1906.9052626835316,249.32908860119045,517.1155107490081,2.167402700892857,1834.600113635913,1129.9374063640873,1906.9052626835316,249.32908860119045
2026-01-27 02:00:00+00:00,253.5,0.13099999999999978,4909.468,403.3174999999999,1914.8377500000001,268.901,960.6362870650674,-0.2344887191105154,4109.516539685397,663.3003853840539,1946.513829500785,175.76215074463903,517.1155107490081,2.167402700892857,1834.600113635913,1129.9374063640873,1906.9052626835316,249.32908860119045,517.1155107490081,2.167402700892857,1834.600113635913,1129.9374063640873,1906.9052626835316,249.32908860119045
2026-01-27 03:00:00+00:00,246.60000000000002,0.13099999999999978,5113.61675,472.24675,1927.865,263.00600000000003,951.3934626399337,-0.32837777032565363,4023.6352302222513,674.2275990328519,1944.6381099707035,173.0137410222691,517.1155107490081,2.167402700892857,1834.600113635913,1129.9374063640873,1906.9052626835316,249.32908860119045,517.1155107490081,2.167402700892857,1834.600113635913,1129.9374063640873,1906.9052626835316,249.32908860119045
2026-01-27 04:00:00+00:00,282.5,0.13099999999999978,5593.33775,535.76925,1956.3845,261.028,1142.675186206608,-0.33742932038992635,4310.778159306275,712.6883324710169,1933.5690197534582,176.8756548880803,517.1155107490081,2.167402700892857,1834.600113635913,1129.9374063640873,1906.9052626835316,249.32908860119045,517.1155107490081,2.167402700892857,1834.600113635913,1129.9374063640873,1906.9052626835316,249.32908860119045
2026-01-27 05:00:00+00:00,411.5,0.10524999999999984,5801.641,1175.92225,2017.576,261.067,1125.5419383849558,3.99945748562348,4473.532480452514,1139.2042013388657,1892.543519962588,156.64908565487926,517.1155107490081,2.167402700892857,1834.600113635913,1129.9374063640873,1906.9052626835316,249.32908860119045,517.1155107490081,2.167402700892857,1834.600113635913,1129.9374063640873,1906.9052626835316,249.32908860119045
2026-01-27 06:00:00+00:00,465.4,0.06599999999999984,5881.9795,1734.32275,2117.1555,265.142,1083.5175360217204,16.21601058145585,5113.66572724832,1467.6482676210442,1917.5413870047546,169.69978604792206,517.1155107490081,2.167402700892857,1834.600113635913,1129.9374063640873,1906.9052626835316,249.32908860119045,517.1155107490081,2.167402700892857,1834.600113635913,1129.9374063640873,1906.9052626835316,249.32908860119045
2026-01-27 07:00:00+00:00,470.1,0.06599999999999984,5920.49725,2130.47625,2203.9390000000003,265.142,1070.29935183159,15.059815074252924,5163.1534211097505,1745.3147590998194,1948.4913702021538,189.0845954950265,517.1155107490081,2.167402700892857,1834.600113635913,1129.9374063640873,1906.9052626835316,249.32908860119045,517.1155107490081,2.167402700892857,1834.600113635913,1129.9374063640873,1906.9052626835316,249.32908860119045
2026-01-27 08:00:00+00:00,468.85,0.06599999999999984,5890.429749999999,1140.74375,2218.10225,265.221,939.3370191501197,17.54572160670461,4581.948950057951,1361.1572702671456,1977.9526521493171,208.36346888665898,517.1155107490081,2.167402700892857,1834.600113635913,1129.9374063640873,1906.9052626835316,249.32908860119045,517.1155107490081,2.167402700892857,1834.600113635913,1129.9374063640873,1906.9052626835316,249.32908860119045
2026-01-27 09:00:00+00:00,467.95,0.06599999999999984,5699.77625,606.78875,2207.40175,269.45475,742.5906590431596,10.726596166087866,4555.8562696661465,980.1383424075324,1967.0375152923557,211.18706314571736,517.1155107490081,2.167402700892857,1834.600113635913,1129.9374063640873,1906.9052626835316,249.32908860119045,517.1155107490081,2.167402700892857,1834.600113635913,1129.9374063640873,1906.9052626835316,249.32908860119045
2026-01-27 10:00:00+00:00,469.0,0.06599999999999984,5665.26925,577.0585,2185.3495,268.901,758.2394187006041,6.254466453530069,4017.0933580849915,927.4357671266465,1995.9711646613073,217.73197465989247,517.1155107490081,2.167402700892857,1834.600113635913,1129.9374063640873,1906.9052626835316,249.32908860119045,517.1155107490081,2.167402700892857,1834.600113635913,1129.9374063640873,1906.9052626835316,249.32908860119045
2026-01-27 11:00:00+00:00,474.85,0.06599999999999984,5709.934749999999,589.1600000000001,2121.803,268.901,726.5333184383506,4.451512076912534,3869.739781245101,846.4212641417078,1996.4002011424245,223.91966604044237,517.1155107490081,2.167402700892857,1834.600113635913,1129.9374063640873,1906.9052626835316,249.32908860119045,517.1155107490081,2.167402700892857,1834.600113635913,1129.9374063640873,1906.9052626835316,249.32908860119045
2026-01-27 12:00:00+00:00,480.1,0.06599999999999984,5579.07675,563.2460000000001,2099.0905000000002,268.94,664.2077019644955,7.132732364500924,3725.792929578236,809.4536094082833,1970.0201101514272,218.97595006282646,517.1155107490081,2.167402700892857,1834.600113635913,1129.9374063640873,1906.9052626835316,249.32908860119045,517.1155107490081,2.167402700892857,1834.600113635913,1129.9374063640873,1906.9052626835316,249.32908860119045
2026-01-27 13:00:00+00:00,470.8,0.06599999999999984,5410.25975,531.3597500000001,2103.1192499999997,268.94,674.2712844446054,5.793805505455786,3318.2113840865813,898.0301549554918,2003.492054132447,209.70720469328512,517.1155107490081,2.167402700892857,1834.600113635913,1129.9374063640873,1906.9052626835316,249.32908860119045,517.1155107490081,2.167402700892857,1834.600113635913,1129.9374063640873,1906.9052626835316,249.32908860119045
2026-01-27 14:00:00+00:00,479.1,0.06599999999999984,5563.4965,504.88975000000005,2132.1504999999997,268.94,557.0549509324186,10.583870250871097,3392.037239978924,1058.9531590912845,2036.6048670739608,207.36248166933854,517.1155107490081,2.167402700892857,1834.600113635913,1129.9374063640873,1906.9052626835316,249.32908860119045,517.1155107490081,2.167402700892857,1834.600113635913,1129.9374063640873,1906.9052626835316,249.32908860119045
2026-01-27 15:00:00+00:00,484.2,0.06599999999999984,5584.6605,557.2150000000001,2237.13375,268.901,525.2856613380085,23.22910685916886,3577.550305703673,1122.6256872000158,2092.0250314574937,213.18741851347053,517.1155107490081,2.167402700892857,1834.600113635913,1129.9374063640873,1906.9052626835316,249.32908860119045,517.1155107490081,2.167402700892857,1834.600113635913,1129.9374063640873,1906.9052626835316,249.32908860119045
2026-01-27 16:00:00+00:00,480.65,0.06599999999999984,5516.331,707.9372500000001,2308.0415000000003,268.901,512.6575913905702,52.77753806484457,3965.0982710042545,1157.0268306064454,2135.3338317789185,218.09515016907685,517.1155107490081,2.167402700892857,1834.600113635913,1129.9374063640873,1906.9052626835316,249.32908860119045,517.1155107490081,2.167402700892857,1834.600113635913,1129.9374063640873,1906.9052626835316,249.32908860119045
2026-01-27 17:00:00+00:00,491.5,0.06599999999999984,5317.917,753.2392500000001,2315.656,268.901,475.19916487128273,42.39854854704229,4415.188737321508,1131.8158616298574,2270.660797977551,234.10504993388903,517.1155107490081,2.167402700892857,1834.600113635913,1129.9374063640873,1906.9052626835316,249.32908860119045,517.1155107490081,2.167402700892857,1834.600113635913,1129.9374063640873,1906.9052626835316,249.32908860119045
2026-01-27 18:00:00+00:00,479.2,0.06599999999999984,5247.80875,547.2305000000001,2277.69225,268.901,408.38144040728133,36.58631239334805,4202.309611059194,987.1564399387623,2195.932854431167,206.0552386593151,517.1155107490081,2.167402700892857,1834.600113635913,1129.9374063640873,1906.9052626835316,249.32908860119045,517.1155107490081,2.167402700892857,1834.600113635913,1129.9374063640873,1906.9052626835316,249.32908860119045
2026-01-27 19:00:00+00:00,358.15,0.06599999999999984,5269.84675,454.6254999999999,2196.9155,268.901,651.7325441184925,9.156519448014095,3890.0744758885567,828.5508142597378,2100.3562858657288,191.31629069572875,517.1155107490081,2.167402700892857,1834.600113635913,1129.9374063640873,1906.9052626835316,249.32908860119045,517.1155107490081,2.167402700892857,1834.600113635913,1129.9374063640873,1906.9052626835316,249.32908860119045
2026-01-27 20:00:00+00:00,320.8,0.06599999999999984,5278.34775,518.51325,2116.513,268.901,630.3146071371916,0.6004738263582523,3869.8260570091397,794.7667808253649,2059.699715189338,193.91399303183186,517.1155107490081,2.167402700892857,1834.600113635913,1129.9374063640873,1906.9052626835316,249.32908860119045,517.1155107490081,2.167402700892857,1834.600113635913,1129.9374063640873,1906.9052626835316,249.32908860119045
2026-01-27 21:00:00+00:00,288.9,0.06599999999999984,5011.26825,505.32475,2064.6565,268.901,793.2848389447156,0.7937830675326416,3506.3412204185033,750.8466800224187,2010.475844444017,187.73177146359242,517.1155107490081,2.167402700892857,1834.600113635913,1129.9374063640873,1906.9052626835316,249.32908860119045,517.1155107490081,2.167402700892857,1834.600113635913,1129.9374063640873,1906.9052626835316,249.32908860119045
2026-01-27 22:00:00+00:00,262.7,0.06599999999999984,5031.8855,427.06925,2017.1100000000001,268.901,658.2543604247123,0.6680142300398506,3165.491673530665,707.3394850763802,2008.5303052134773,192.94294881881058,517.1155107490081,2.167402700892857,1834.600113635913,1129.9374063640873,1906.9052626835316,249.32908860119045,517.1155107490081,2.167402700892857,1834.600113635913,1129.9374063640873,1906.9052626835316,249.32908860119045
2026-01-27 23:00:00+00:00,256.75,0.06599999999999984,5136.80825,425.13249999999994,1984.08175,264.984,561.2007619343218,-0.042963056063356486,3190.851505070318,717.3851688418396,1992.0721528312363,187.81475757429223,517.1155107490081,2.167402700892857,1834.600113635913,1129.9374063640873,1906.9052626835316,249.32908860119045,517.1155107490081,2.167402700892857,1834.600113635913,1129.9374063640873,1906.9052626835316,249.32908860119045
2026-01-28 00:00:00+00:00,262.3,0.06599999999999984,4554.8575,467.66675,1969.5675,264.984,554.1084606230235,-0.5259277537988671,3413.5678418536054,704.7758621098067,1998.2617494734259,174.86953436568052,517.1155107490081,2.167402700892857,1834.600113635913,1129.9374063640873,1906.9052626835316,249.32908860119045,517.1155107490081,2.167402700892857,1834.600113635913,1129.9374063640873,1906.9052626835316,249.32908860119045
2026-01-28 01:00:00+00:00,261.9,0.06599999999999984,4426.8215,480.00149999999996,1957.0145,265.409,609.9479131141835,2.108438676306234,3183.5878981919855,704.8466159101681,1954.4511079382244,184.404789811904,517.1155107490081,2.167402700892857,1834.600113635913,1129.9374063640873,1906.9052626835316,249.32908860119045,517.1155107490081,2.167402700892857,1834.600113635913,1129.9374063640873,1906.9052626835316,249.32908860119045
2026-01-28 02:00:00+00:00,258.8,0.06599999999999984,4394.142,479.9192499999999,1948.926,264.984,577.0024712460661,0.6513182316243213,3138.5189763472226,670.7826461972425,1934.9223583838543,170.57675740222192,517.1155107490081,2.167402700892857,1834.600113635913,1129.9374063640873,1906.9052626835316,249.32908860119045,517.1155107490081,2.167402700892857,1834.600113635913,1129.9374063640873,1906.9052626835316,249.32908860119045
2026-01-28 03:00:00+00:00,272.9,0.059499999999999886,4821.08175,501.4855,1952.4427500000002,259.05,602.8808050570459,-0.0074367483952504365,3528.2523945684643,663.4040710865061,1979.1985702257264,160.68633546065885,517.1155107490081,2.167402700892857,1834.600113635913,1129.9374063640873,1906.9052626835316,249.32908860119045,517.1155107490081,2.167402700892857,1834.600113635913,1129.9374063640873,1906.9052626835316,249.32908860119045
2026-01-28 04:00:00+00:00,304.7,0.0,4759.58075,511.54150000000004,1972.24875,257.072,705.3048368690211,-0.04280987592225216,3139.533518491564,682.6942160782241,1963.4668659321328,161.1557140650183,517.1155107490081,2.167402700892857,1834.600113635913,1129.9374063640873,1906.9052626835316,249.32908860119045,517.1155107490081,2.167402700892857,1834.600113635913,1129.9374063640873,1906.9052626835316,249.32908860119045
2026-01-28 05:00:00+00:00,379.65,0.0,4977.2564999999995,507.4337499999999,2018.118,257.072,871.0365942373282,-1.975449348626921,4331.128659583504,888.0616050506718,1948.8093161817044,178.43139200688836,517.1155107490081,2.167402700892857,1834.600113635913,1129.9374063640873,1906.9052626835316,249.32908860119045,517.1155107490081,2.167402700892857,1834.600113635913,1129.9374063640873,1906.9052626835316,249.32908860119045
2026-01-28 06:00:00+00:00,466.6,0.0,5013.257,1049.5865,2128.3005000000003,258.39725,868.3206165999266,16.457079336885993,4831.977139927298,1225.3161104184192,1939.921591608217,186.3573048372543,517.1155107490081,2.167402700892857,1834.600113635913,1129.9374063640873,1906.9052626835316,249.32908860119045,517.1155107490081,2.167402700892857,1834.600113635913,1129.9374063640873,1906.9052626835316,249.32908860119045
2026-01-28 07:00:00+00:00,459.5,0.0,5269.5675,1286.7907500000001,2216.651,262.412,755.3975895150322,21.13717499043596,4713.379328483943,1403.7219766074213,1953.226538990949,162.39238533511633,517.1155107490081,2.167402700892857,1834.600113635913,1129.9374063640873,1906.9052626835316,249.32908860119045,517.1155107490081,2.167402700892857,1834.600113635913,1129.9374063640873,1906.9052626835316,249.32908860119045
2026-01-28 08:00:00+00:00,465.0,105.96724999999999,5030.929,935.21375,2215.098,262.412,607.2141545636038,19.934595197032966,4713.98506147103,1254.7822164143615,2031.3369016370798,160.01210055525178,517.1155107490081,2.167402700892857,1834.600113635913,1129.9374063640873,1906.9052626835316,249.32908860119045,517.1155107490081,2.167402700892857,1834.600113635913,1129.9374063640873,1906.9052626835316,249.32908860119045
2026-01-28 09:00:00+00:00,474.0,108.6303125,5183.333,778.80725,2168.19125,268.34675,603.0840079010436,12.183387514566677,4630.738128240666,1030.195392254674,1974.2954464007128,165.35499270249346,517.1155107490081,2.167402700892857,1834.600113635913,1129.9374063640873,1906.9052626835316,249.32908860119045,517.1155107490081,2.167402700892857,1834.600113635913,1129.9374063640873,1906.9052626835316,249.32908860119045
2026-01-28 10:00:00+00:00,476.95,111.293375,5166.23325,598.37625,2133.79,270.325,597.2394272110517,11.80008235636745,4555.997520914921,933.5222258331243,1977.203425894505,166.16272699906605,517.1155107490081,2.167402700892857,1834.600113635913,1129.9374063640873,1906.9052626835316,249.32908860119045,517.1155107490081,2.167402700892857,1834.600113635913,1129.9374063640873,1906.9052626835316,249.32908860119045
2026-01-28 11:00:00+00:00,509.25,113.9564375,5066.468750000001,663.885,2053.91725,270.285,607.5066483380042,33.48167287799263,4652.392545090863,899.5713998140222,1993.7862738336476,168.5533714222957,517.1155107490081,2.167402700892857,1834.600113635913,1129.9374063640873,1906.9052626835316,249.32908860119045,517.1155107490081,2.167402700892857,1834.600113635913,1129.9374063640873,1906.9052626835316,249.32908860119045
2026-01-28 12:00:00+00:00,508.25,116.6195,4912.3625,649.0935000000001,2027.2585,270.36425,711.1774553283299,14.051759869164597,4572.289689782465,922.8319939739064,1967.182655074215,147.6349543287874,517.1155107490081,2.167402700892857,1834.600113635913,1129.9374063640873,1906.9052626835316,249.32908860119045,517.1155107490081,2.167402700892857,1834.600113635913,1129.9374063640873,1906.9052626835316,249.32908860119045
2026-01-28 13:00:00+00:00,504.0,103.65475,4875.1245,838.772,2037.8622500000001,270.48325,815.2477972221396,-2.147311734929908,4465.96603722586,1083.8565607289984,1987.6929750577435,164.29806979556977,517.1155107490081,2.167402700892857,1834.600113635913,1129.9374063640873,1906.9052626835316,249.32908860119045,517.1155107490081,2.167402700892857,1834.600113635913,1129.9374063640873,1906.9052626835316,249.32908860119045
2026-01-28 14:00:00+00:00,502.25,82.316,4881.77225,633.43325,2077.093,270.285,839.1845418136595,18.150964804188664,4525.485293682685,1142.5866740352003,2013.5992471240982,161.76863767876375,517.1155107490081,2.167402700892857,1834.600113635913,1129.9374063640873,1906.9052626835316,249.32908860119045,517.1155107490081,2.167402700892857,1834.600113635913,1129.9374063640873,1906.9052626835316,249.32908860119045
2026-01-28 15:00:00+00:00,507.85,73.16977777777778,4888.66825,655.97775,2150.58825,270.285,540.032800428834,8.46712102629644,4648.987198618461,1247.8655633764533,2050.83868995267,164.410550598087,517.1155107490081,2.167402700892857,1834.600113635913,1129.9374063640873,1906.9052626835316,249.32908860119045,517.1155107490081,2.167402700892857,1834.600113635913,1129.9374063640873,1906.9052626835316,249.32908860119045
2026-01-28 16:00:00+00:00,512.6,64.02355555555556,4899.22325,1205.598,2215.45875,270.325,518.6316920572752,63.16874665620883,4551.551557464524,1389.906380667721,2127.148102841193,192.5232302248468,517.1155107490081,2.167402700892857,1834.600113635913,1129.9374063640873,1906.9052626835316,249.32908860119045,517.1155107490081,2.167402700892857,1834.600113635913,1129.9374063640873,1906.9052626835316,249.32908860119045
2026-01-28 17:00:00+00:00,510.9,54.87733333333333,4799.55125,1500.687,2238.50475,266.38824999999997,466.7206228195831,34.811549823048495,4511.331132777961,1146.1373520560255,2283.0993624220864,195.53159720654997,517.1155107490081,2.167402700892857,1834.600113635913,1129.9374063640873,1906.9052626835316,249.32908860119045,517.1155107490081,2.167402700892857,1834.600113635913,1129.9374063640873,1906.9052626835316,249.32908860119045
2026-01-28 18:00:00+00:00,512.65,45.73111111111111,4524.30125,936.2732500000001,2193.91925,265.063,463.8410320633537,13.45240450039853,4626.104685910996,954.6910226389984,2232.7957819521766,195.77524555521367,517.1155107490081,2.167402700892857,1834.600113635913,1129.9374063640873,1906.9052626835316,249.32908860119045,517.1155107490081,2.167402700892857,1834.600113635913,1129.9374063640873,1906.9052626835316,249.32908860119045
2026-01-28 19:00:00+00:00,428.0,36.58488888888889,4491.201,477.03949999999986,2116.7149999999997,265.063,515.3422540971433,4.0485703144226655,4338.881067475016,791.0849146778671,2112.000578471679,196.99791505548467,517.1155107490081,2.167402700892857,1834.600113635913,1129.9374063640873,1906.9052626835316,249.32908860119045,517.1155107490081,2.167402700892857,1834.600113635913,1129.9374063640873,1906.9052626835316,249.32908860119045
2026-01-28 20:00:00+00:00,347.4,27.438666666666663,4426.43275,417.64025000000004,2043.11525,265.103,589.392097467711,6.994881022685952,4090.6442165500575,674.4370280987864,2087.537493524167,193.49483771263635,517.1155107490081,2.167402700892857,1834.600113635913,1129.9374063640873,1906.9052626835316,249.32908860119045,517.1155107490081,2.167402700892857,1834.600113635913,1129.9374063640873,1906.9052626835316,249.32908860119045
2026-01-28 21:00:00+00:00,337.9,18.292444444444442,4085.719,405.64474999999993,1994.5825,265.103,577.2640190898221,-0.07108830608443295,3485.7932413291346,624.3067449282184,2035.2380610618754,199.25310343981096,517.1155107490081,2.167402700892857,1834.600113635913,1129.9374063640873,1906.9052626835316,249.32908860119045,517.1155107490081,2.167402700892857,1834.600113635913,1129.9374063640873,1906.9052626835316,249.32908860119045
2026-01-28 22:00:00+00:00,349.5,9.146222222222221,3959.5095,392.1965,1956.2305000000001,265.103,587.031771232208,-0.2370360417753794,3026.3934159215914,579.6387104802615,2008.5134078428819,194.16735065895958,517.1155107490081,2.167402700892857,1834.600113635913,1129.9374063640873,1906.9052626835316,249.32908860119045,517.1155107490081,2.167402700892857,1834.600113635913,1129.9374063640873,1906.9052626835316,249.32908860119045
2026-01-28 23:00:00+00:00,226.762,0.0,3980.29075,379.83349999999996,1910.23875,259.16825,609.8971385111179,0.23582158312388413,2837.443331556372,599.6920894969427,1981.4849070289722,196.46154108902363,517.1155107490081,2.167402700892857,1834.600113635913,1129.9374063640873,1906.9052626835316,249.32908860119045,517.1155107490081,2.167402700892857,1834.600113635913,1129.9374063640873,1906.9052626835316,249.32908860119045
2026-01-29 00:00:00+00:00,227.61199999999997,0.0,4015.7905,386.279,1898.79575,257.23,518.9331473135276,0.23976000436574774,2885.13205319789,649.1131454779959,1979.5440604257542,195.4090787392189,517.1155107490081,2.167402700892857,1834.600113635913,1129.9374063640873,1906.9052626835316,249.32908860119045,517.1155107490081,2.167402700892857,1834.600113635913,1129.9374063640873,1906.9052626835316,249.32908860119045
2026-01-29 01:00:00+00:00,226.812,0.0,3966.5604999999996,390.89175,1889.2495,257.19,458.22621321986026,0.15126111693607536,2839.3765110087725,610.2595624161478,1977.4665249434215,194.7656624911475,517.1155107490081,2.167402700892857,1834.600113635913,1129.9374063640873,1906.9052626835316,249.32908860119045,517.1155107490081,2.167402700892857,1834.600113635913,1129.9374063640873,1906.9052626835316,249.32908860119045
2026-01-29 02:00:00+00:00,223.11199999999997,0.0,3916.58425,399.22275,1884.4917500000001,257.23,440.48740968990114,0.5379803348950407,2822.1897372187177,611.900437856764,1941.3678311561232,194.5405201128798,517.1155107490081,2.167402700892857,1834.600113635913,1129.9374063640873,1906.9052626835316,249.32908860119045,517.1155107490081,2.167402700892857,1834.600113635913,1129.9374063640873,1906.9052626835316,249.32908860119045
2026-01-29 03:00:00+00:00,202.0,0.0,3980.8997499999996,425.88549999999987,1893.949,251.29600000000002,487.48866520907734,0.7143254793886198,2992.380486833182,605.6824505031723,1956.6331253067622,196.32737226040777,517.1155107490081,2.167402700892857,1834.600113635913,1129.9374063640873,1906.9052626835316,249.32908860119045,517.1155107490081,2.167402700892857,1834.600113635913,1129.9374063640873,1906.9052626835316,249.32908860119045
2026-01-29 04:00:00+00:00,226.35000000000002,38.83,4328.5875,457.4569999999999,1920.5149999999999,249.318,539.8636226923793,0.49361748920147663,3329.024504944685,602.9200883497175,1942.0585381902833,191.64193155918116,517.1155107490081,2.167402700892857,1834.600113635913,1129.9374063640873,1906.9052626835316,249.32908860119045,517.1155107490081,2.167402700892857,1834.600113635913,1129.9374063640873,1906.9052626835316,249.32908860119045
2026-01-29 05:00:00+00:00,326.9,83.21925,4796.8330000000005,484.4375,2001.07125,249.318,531.3652332820373,-0.11553630761118416,4372.497936764013,673.4135945367849,2011.6437614970907,192.75698651361432,517.1155107490081,2.167402700892857,1834.600113635913,1129.9374063640873,1906.9052626835316,249.32908860119045,517.1155107490081,2.167402700892857,1834.600113635913,1129.9374063640873,1906.9052626835316,249.32908860119045
2026-01-29 06:00:00+00:00,444.2,81.69725,4837.8485,789.5085000000001,2104.7707499999997,254.658,548.8047090303432,16.07026437421908,4500.324891816467,1094.9007161853747,2113.860701258985,190.6171918546359,517.1155107490081,2.167402700892857,1834.600113635913,1129.9374063640873,1906.9052626835316,249.32908860119045,517.1155107490081,2.167402700892857,1834.600113635913,1129.9374063640873,1906.9052626835316,249.32908860119045
2026-01-29 07:00:00+00:00,457.95,80.88624999999999,4845.696,1714.3,2166.526,254.658,621.69563094705,21.999943016741707,4571.1793504878215,1315.9025011457884,2168.375144535187,177.5630070620313,517.1155107490081,2.167402700892857,1834.600113635913,1129.9374063640873,1906.9052626835316,249.32908860119045,517.1155107490081,2.167402700892857,1834.600113635913,1129.9374063640873,1906.9052626835316,249.32908860119045
2026-01-29 08:00:00+00:00,455.3,80.99924999999999,4843.32675,1726.32175,2158.0675,254.658,629.5818232154109,25.375760075395974,4580.283226610566,1379.1144308580645,2160.995907643359,180.82975704063472,517.1155107490081,2.167402700892857,1834.600113635913,1129.9374063640873,1906.9052626835316,249.32908860119045,517.1155107490081,2.167402700892857,1834.600113635913,1129.9374063640873,1906.9052626835316,249.32908860119045
2026-01-29 09:00:00+00:00,448.0,80.67175,4918.022250000001,1476.6774999999998,2108.9345000000003,260.553,645.8855015636295,22.908072014480584,4566.078811637206,1248.6001096610107,2110.001897625196,187.93132127289587,517.1155107490081,2.167402700892857,1834.600113635913,1129.9374063640873,1906.9052626835316,249.32908860119045,517.1155107490081,2.167402700892857,1834.600113635913,1129.9374063640873,1906.9052626835316,249.32908860119045
2026-01-29 10:00:00+00:00,458.4,80.6135,4833.395,1274.2865,2070.77675,262.531,591.7811167696296,17.79395723271641,4620.694259376608,1159.7487492164619,2071.834084746087,187.586409567119,517.1155107490081,2.167402700892857,1834.600113635913,1129.9374063640873,1906.9052626835316,249.32908860119045,517.1155107490081,2.167402700892857,1834.600113635913,1129.9374063640873,1906.9052626835316,249.32908860119045
2026-01-29 11:00:00+00:00,461.9,81.08,4825.35725,640.6775,2009.60575,262.531,572.0254830202173,14.5502212191557,4591.957531812545,1156.3020149923095,2095.5494154623057,190.1707456982172,517.1155107490081,2.167402700892857,1834.600113635913,1129.9374063640873,1906.9052626835316,249.32908860119045,517.1155107490081,2.167402700892857,1834.600113635913,1129.9374063640873,1906.9052626835316,249.32908860119045
2026-01-29 12:00:00+00:00,456.3,80.85375,4824.348,683.15025,1990.163,262.452,572.1821293005778,15.68256568018853,4716.394809523527,1130.6048421034984,2096.3565742587166,187.93598235617583,517.1155107490081,2.167402700892857,1834.600113635913,1129.9374063640873,1906.9052626835316,249.32908860119045,517.1155107490081,2.167402700892857,1834.600113635913,1129.9374063640873,1906.9052626835316,249.32908860119045
2026-01-29 13:00:00+00:00,459.4,80.78524999999999,4833.03675,863.6147500000001,2000.45175,262.452,571.9781454256065,14.729738979721049,4723.426589815297,1159.6998290299043,2088.4797500739082,183.782121882782,517.1155107490081,2.167402700892857,1834.600113635913,1129.9374063640873,1906.9052626835316,249.32908860119045,517.1155107490081,2.167402700892857,1834.600113635913,1129.9374063640873,1906.9052626835316,249.32908860119045
2026-01-29 14:00:00+00:00,474.2,81.01625,4947.23475,773.1765,2039.1637500000002,262.452,531.2557562575419,21.07199033439304,4756.634362054933,1165.3422123798666,2109.0575806809275,187.6486539644937,517.1155107490081,2.167402700892857,1834.600113635913,1129.9374063640873,1906.9052626835316,249.32908860119045,517.1155107490081,2.167402700892857,1834.600113635913,1129.9374063640873,1906.9052626835316,249.32908860119045
2026-01-29 15:00:00+00:00,467.6,80.7545,5533.86875,933.3477500000001,2125.82425,262.492,572.6357917770614,15.018695208741638,4696.083574645983,1245.8858648753858,2096.0941428664773,179.3063581941227,517.1155107490081,2.167402700892857,1834.600113635913,1129.9374063640873,1906.9052626835316,249.32908860119045,517.1155107490081,2.167402700892857,1834.600113635913,1129.9374063640873,1906.9052626835316,249.32908860119045
2026-01-29 16:00:00+00:00,463.15,80.88525,5765.36775,1603.49725,2220.30825,262.531,604.1857654875793,27.356824177030674,4660.540306261936,1534.8743139350318,2103.0034464140003,173.83247880851647,517.1155107490081,2.167402700892857,1834.600113635913,1129.9374063640873,1906.9052626835316,249.32908860119045,517.1155107490081,2.167402700892857,1834.600113635913,1129.9374063640873,1906.9052626835316,249.32908860119045
2026-01-29 17:00:00+00:00,457.6,81.03625,5398.329000000001,1981.1275,2255.7105,262.531,607.2391226775717,11.378349895763476,4705.707114813341,1376.0721209401868,2135.3691180853784,204.6786360810141,517.1155107490081,2.167402700892857,1834.600113635913,1129.9374063640873,1906.9052626835316,249.32908860119045,517.1155107490081,2.167402700892857,1834.600113635913,1129.9374063640873,1906.9052626835316,249.32908860119045
2026-01-29 18:00:00+00:00,455.75,81.07175000000001,5026.70225,1317.846,2242.388,257.269,541.8730263504907,7.849292474558547,4701.647381006852,1202.2746646177516,2201.103941624378,202.947944978015,517.1155107490081,2.167402700892857,1834.600113635913,1129.9374063640873,1906.9052626835316,249.32908860119045,517.1155107490081,2.167402700892857,1834.600113635913,1129.9374063640873,1906.9052626835316,249.32908860119045
2026-01-29 19:00:00+00:00,376.95,81.6015,4841.626749999999,673.565,2172.81425,257.269,504.08063688086213,-0.8132991752453749,4608.228025723316,1007.7643728573177,2060.419096572036,199.7259567832008,517.1155107490081,2.167402700892857,1834.600113635913,1129.9374063640873,1906.9052626835316,249.32908860119045,517.1155107490081,2.167402700892857,1834.600113635913,1129.9374063640873,1906.9052626835316,249.32908860119045
2026-01-29 20:00:00+00:00,307.6,80.96549999999999,4686.499,672.20775,2096.721,257.309,545.075283216917,-0.10712406568259913,4456.5637951405215,887.9802131010068,2047.4813529014707,178.7047026810243,517.1155107490081,2.167402700892857,1834.600113635913,1129.9374063640873,1906.9052626835316,249.32908860119045,517.1155107490081,2.167402700892857,1834.600113635913,1129.9374063640873,1906.9052626835316,249.32908860119045
2026-01-29 21:00:00+00:00,235.2,42.10275,4623.179749999999,458.73699999999997,2027.21625,257.309,577.7059766185251,0.5528884860891203,4297.598486252205,762.7014165144376,1980.0930255298954,164.014974374556,517.1155107490081,2.167402700892857,1834.600113635913,1129.9374063640873,1906.9052626835316,249.32908860119045,517.1155107490081,2.167402700892857,1834.600113635913,1129.9374063640873,1906.9052626835316,249.32908860119045
2026-01-29 22:00:00+00:00,235.0,0.0,4295.285,443.93224999999995,1975.65,257.309,471.7991052116147,-0.4609426402694199,3666.102045606719,615.9331840863078,1993.497529420269,157.52821427973268,517.1155107490081,2.167402700892857,1834.600113635913,1129.9374063640873,1906.9052626835316,249.32908860119045,517.1155107490081,2.167402700892857,1834.600113635913,1129.9374063640873,1906.9052626835316,249.32908860119045
2026-01-29 23:00:00+00:00,214.10000000000002,0.010749999999999815,3985.1097499999996,417.59975,1924.5832500000001,243.46275,395.5531461323244,0.48722379411462,3402.8393324077406,616.4440281467375,1963.0777688100711,154.59486400512918,517.1155107490081,2.167402700892857,1834.600113635913,1129.9374063640873,1906.9052626835316,249.32908860119045,517.1155107490081,2.167402700892857,1834.600113635913,1129.9374063640873,1906.9052626835316,249.32908860119045
2026-01-30 00:00:00+00:00,216.7,0.06599999999999984,3746.1885,423.818,1915.89925,245.441,384.0558356534043,-0.6187729101486257,3334.9198299006976,654.2632491217187,1965.094374646846,151.60368526704792,517.1155107490081,2.167402700892857,1834.600113635913,1129.9374063640873,1906.9052626835316,249.32908860119045,517.1155107490081,2.167402700892857,1834.600113635913,1129.9374063640873,1906.9052626835316,249.32908860119045
2026-01-30 01:00:00+00:00,218.3,0.06599999999999984,3664.76275,428.20375,1909.14975,245.441,438.8067130854409,-0.3644276903963575,3299.9565350029334,602.1095472506556,1946.279617403032,177.19026443217857,517.1155107490081,2.167402700892857,1834.600113635913,1129.9374063640873,1906.9052626835316,249.32908860119045,517.1155107490081,2.167402700892857,1834.600113635913,1129.9374063640873,1906.9052626835316,249.32908860119045
2026-01-30 02:00:00+00:00,221.8,0.06599999999999984,3676.892,428.42724999999996,1915.4560000000001,245.441,402.6445757953019,-0.4274451107737125,3238.684373600886,576.3367518266896,1937.8586041959006,176.50108355466563,517.1155107490081,2.167402700892857,1834.600113635913,1129.9374063640873,1906.9052626835316,249.32908860119045,517.1155107490081,2.167402700892857,1834.600113635913,1129.9374063640873,1906.9052626835316,249.32908860119045
2026-01-30 03:00:00+00:00,233.3,0.06599999999999984,3707.063,460.741,1936.409,239.50625,409.4641617958042,-0.3644276903963575,3275.250342824859,589.8947175063646,1928.0258071596618,180.55558084387968,517.1155107490081,2.167402700892857,1834.600113635913,1129.9374063640873,1906.9052626835316,249.32908860119045,517.1155107490081,2.167402700892857,1834.600113635913,1129.9374063640873,1906.9052626835316,249.32908860119045
2026-01-30 04:00:00+00:00,258.5,0.06599999999999984,3899.48275,453.89225,1965.0605,237.528,423.2277275732173,-0.5322833693451985,3170.2154706491847,644.6453347286713,1916.4928359361654,163.4459376161003,517.1155107490081,2.167402700892857,1834.600113635913,1129.9374063640873,1906.9052626835316,249.32908860119045,517.1155107490081,2.167402700892857,1834.600113635913,1129.9374063640873,1906.9052626835316,249.32908860119045
2026-01-30 05:00:00+00:00,284.2,0.06599999999999984,4450.207,508.74025000000006,2069.14525,237.528,454.9261369407369,-2.1024969637386763,4243.70676901469,813.8833744807348,1977.00907390319,170.28555549129933,517.1155107490081,2.167402700892857,1834.600113635913,1129.9374063640873,1906.9052626835316,249.32908860119045,517.1155107490081,2.167402700892857,1834.600113635913,1129.9374063640873,1906.9052626835316,249.32908860119045
2026-01-30 06:00:00+00:00,320.7,0.06599999999999984,4924.1745,1162.02275,2186.8635,237.528,411.71068828627733,4.509057477133526,4612.50141645969,1096.6286283843806,2013.2949915630822,162.9586804109805,517.1155107490081,2.167402700892857,1834.600113635913,1129.9374063640873,1906.9052626835316,249.32908860119045,517.1155107490081,2.167402700892857,1834.600113635913,1129.9374063640873,1906.9052626835316,249.32908860119045
2026-01-30 07:00:00+00:00,334.2,0.06599999999999984,4927.329,1494.48075,2255.2445,237.489,508.0289305823587,6.584486797948285,4465.351149661054,1329.1486945224672,2067.183697424355,151.08603129686077,517.1155107490081,2.167402700892857,1834.600113635913,1129.9374063640873,1906.9052626835316,249.32908860119045,517.1155107490081,2.167402700892857,1834.600113635913,1129.9374063640873,1906.9052626835316,249.32908860119045
2026-01-30 08:00:00+00:00,324.9,0.06599999999999984,4919.93475,1168.06875,2249.30125,237.449,533.8564969732854,-1.3837481205079825,4346.933519919831,1179.6452848877316,2075.256412149907,166.76874789692448,517.1155107490081,2.167402700892857,1834.600113635913,1129.9374063640873,1906.9052626835316,249.32908860119045,517.1155107490081,2.167402700892857,1834.600113635913,1129.9374063640873,1906.9052626835316,249.32908860119045
2026-01-30 09:00:00+00:00,310.4,0.06599999999999984,4764.017250000001,1039.91625,2206.511,243.304,511.5688459690621,4.610722616326436,4512.612688698262,887.9147186598292,2035.5459366445282,188.89510872810277,517.1155107490081,2.167402700892857,1834.600113635913,1129.9374063640873,1906.9052626835316,249.32908860119045,517.1155107490081,2.167402700892857,1834.600113635913,1129.9374063640873,1906.9052626835316,249.32908860119045
2026-01-30 10:00:00+00:00,293.4,0.06599999999999984,4899.250000000001,699.9932500000001,2158.81175,245.203,475.0554394194859,4.246861337847348,4418.798338415561,742.9171312316187,2089.357877955712,203.3597202371301,517.1155107490081,2.167402700892857,1834.600113635913,1129.9374063640873,1906.9052626835316,249.32908860119045,517.1155107490081,2.167402700892857,1834.600113635913,1129.9374063640873,1906.9052626835316,249.32908860119045
2026-01-30 11:00:00+00:00,277.5,0.06599999999999984,4461.259,525.45925,2088.758,245.203,492.4131202720898,6.367253384270326,4348.103947234975,678.2287497159151,2057.0295916664027,194.8694128364132,517.1155107490081,2.167402700892857,1834.600113635913,1129.9374063640873,1906.9052626835316,249.32908860119045,517.1155107490081,2.167402700892857,1834.600113635913,1129.9374063640873,1906.9052626835316,249.32908860119045
2026-01-30 12:00:00+00:00,273.1,0.06599999999999984,4444.398999999999,530.2627500000001,2059.60825,245.164,495.222511204342,-3.2169532669808842,4185.468238171241,733.6763252054114,2069.1255176255527,199.98422963028486,517.1155107490081,2.167402700892857,1834.600113635913,1129.9374063640873,1906.9052626835316,249.32908860119045,517.1155107490081,2.167402700892857,1834.600113635913,1129.9374063640873,1906.9052626835316,249.32908860119045
2026-01-30 13:00:00+00:00,268.6,0.06599999999999984,4463.53675,531.0955000000001,2056.279,245.124,515.8983607399704,1.2040041563449662,3837.155575312964,695.946934980921,2081.68390331613,197.98352944394935,517.1155107490081,2.167402700892857,1834.600113635913,1129.9374063640873,1906.9052626835316,249.32908860119045,517.1155107490081,2.167402700892857,1834.600113635913,1129.9374063640873,1906.9052626835316,249.32908860119045
2026-01-30 14:00:00+00:00,268.6,0.06599999999999984,4746.09375,514.05775,2075.827,245.124,529.2688241576273,-0.8365228236797861,3796.3147747736907,760.7665288455943,2097.5657563747686,201.9875159913886,517.1155107490081,2.167402700892857,1834.600113635913,1129.9374063640873,1906.9052626835316,249.32908860119045,517.1155107490081,2.167402700892857,1834.600113635913,1129.9374063640873,1906.9052626835316,249.32908860119045
2026-01-30 15:00:00+00:00,293.19999999999993,0.06599999999999984,5238.7775,535.16675,2153.2505,245.203,422.3533033583474,0.22785575889329746,4145.242935183006,967.8066523615344,2122.1903512769754,200.68231358472954,517.1155107490081,2.167402700892857,1834.600113635913,1129.9374063640873,1906.9052626835316,249.32908860119045,517.1155107490081,2.167402700892857,1834.600113635913,1129.9374063640873,1906.9052626835316,249.32908860119045
2026-01-30 16:00:00+00:00,295.25,0.06599999999999984,4955.81575,562.6755,2236.279,245.203,342.49970058400885,19.392361962245026,4078.5831071962166,1171.3881083917877,2173.303127791418,201.70967462431298,517.1155107490081,2.167402700892857,1834.600113635913,1129.9374063640873,1906.9052626835316,249.32908860119045,517.1155107490081,2.167402700892857,1834.600113635913,1129.9374063640873,1906.9052626835316,249.32908860119045
2026-01-30 17:00:00+00:00,292.4,0.06599999999999984,4959.09425,604.054,2259.28625,245.203,367.240820476346,10.503346413358026,4299.570779296744,889.0234542949053,2301.7287184545407,207.65373177435475,517.1155107490081,2.167402700892857,1834.600113635913,1129.9374063640873,1906.9052626835316,249.32908860119045,517.1155107490081,2.167402700892857,1834.600113635913,1129.9374063640873,1906.9052626835316,249.32908860119045
2026-01-30 18:00:00+00:00,276.7,0.06599999999999984,4833.93675,456.65099999999995,2230.023,245.203,385.16900813179404,0.8039561732452047,4002.138027321651,775.1146901552288,2247.235083642069,206.5966398105295,517.1155107490081,2.167402700892857,1834.600113635913,1129.9374063640873,1906.9052626835316,249.32908860119045,517.1155107490081,2.167402700892857,1834.600113635913,1129.9374063640873,1906.9052626835316,249.32908860119045
2026-01-30 19:00:00+00:00,258.4,0.06599999999999984,4182.9035,365.4379999999999,2141.09475,245.243,406.98847423320206,4.102043061572887,3347.3941092175583,594.5436585730853,2139.544704903347,203.10409616671146,517.1155107490081,2.167402700892857,1834.600113635913,1129.9374063640873,1906.9052626835316,249.32908860119045,517.1155107490081,2.167402700892857,1834.600113635913,1129.9374063640873,1906.9052626835316,249.32908860119045
2026-01-30 20:00:00+00:00,250.10000000000002,0.06599999999999984,3355.1040000000003,361.4860000000001,2054.93475,245.203,343.9157713174327,2.4167558221828638,2917.02590583599,570.7575586467311,2056.0660253968113,200.47737985485276,517.1155107490081,2.167402700892857,1834.600113635913,1129.9374063640873,1906.9052626835316,249.32908860119045,517.1155107490081,2.167402700892857,1834.600113635913,1129.9374063640873,1906.9052626835316,249.32908860119045
2026-01-30 21:00:00+00:00,236.3,0.06599999999999984,3140.093,361.59075000000007,1995.93625,245.203,322.9600404231606,2.5270189044397346,2792.4306413721665,580.5775763479986,2059.049501583741,195.11601132268368,517.1155107490081,2.167402700892857,1834.600113635913,1129.9374063640873,1906.9052626835316,249.32908860119045,517.1155107490081,2.167402700892857,1834.600113635913,1129.9374063640873,1906.9052626835316,249.32908860119045
2026-01-30 22:00:00+00:00,216.8,0.06599999999999984,2902.589,361.828,1958.57225,245.203,339.7216483575528,2.986180187763178,2594.0909626459106,574.380451210744,2011.5698968376191,189.9483600012706,517.1155107490081,2.167402700892857,1834.600113635913,1129.9374063640873,1906.9052626835316,249.32908860119045,517.1155107490081,2.167402700892857,1834.600113635913,1129.9374063640873,1906.9052626835316,249.32908860119045
2026-01-30 23:00:00+00:00,219.8,0.06599999999999984,2941.6815,323.0540000000001,1923.069,253.155,342.01103231721436,0.16411327604942594,2350.8909080570265,573.0291807332146,2011.0776670445532,192.83982152431815,517.1155107490081,2.167402700892857,1834.600113635913,1129.9374063640873,1906.9052626835316,249.32908860119045,517.1155107490081,2.167402700892857,1834.600113635913,1129.9374063640873,1906.9052626835316,249.32908860119045
2026-01-31 00:00:00+00:00,221.10000000000002,0.06599999999999984,2940.6955000000003,335.69499999999994,1916.4455,253.155,301.31362101389834,-0.26711986600943183,2379.919315273449,524.2356302839727,1966.1853282906934,228.67954041416215,517.1155107490081,2.167402700892857,1834.600113635913,1129.9374063640873,1906.9052626835316,249.32908860119045,517.1155107490081,2.167402700892857,1834.600113635913,1129.9374063640873,1906.9052626835316,249.32908860119045
2026-01-31 01:00:00+00:00,222.0,0.06599999999999984,3022.75625,346.74575000000004,1915.037,253.155,283.1549873720418,-0.3015926471806343,2235.790534155394,488.7155756052591,1942.5061564832695,221.46740371002494,517.1155107490081,2.167402700892857,1834.600113635913,1129.9374063640873,1906.9052626835316,249.32908860119045,517.1155107490081,2.167402700892857,1834.600113635913,1129.9374063640873,1906.9052626835316,249.32908860119045
2026-01-31 02:00:00+00:00,224.89999999999998,0.06599999999999984,3029.64725,356.41049999999996,1911.04975,253.155,286.60862836803267,-0.33656812885812126,2255.858166370711,504.01162785489987,1946.2879199246795,218.71452875752462,517.1155107490081,2.167402700892857,1834.600113635913,1129.9374063640873,1906.9052626835316,249.32908860119045,517.1155107490081,2.167402700892857,1834.600113635913,1129.9374063640873,1906.9052626835316,249.32908860119045
2026-01-31 03:00:00+00:00,235.39999999999998,0.06599999999999984,3175.081,348.93949999999995,1926.5262500000001,243.26500000000001,287.48551381939416,1.2901499642321936,2115.3483819472535,513.8342891781816,1950.6451055336138,213.65968915608852,517.1155107490081,2.167402700892857,1834.600113635913,1129.9374063640873,1906.9052626835316,249.32908860119045,517.1155107490081,2.167402700892857,1834.600113635913,1129.9374063640873,1906.9052626835316,249.32908860119045
2026-01-31 04:00:00+00:00,253.60000000000002,0.06599999999999984,3385.198,356.44499999999994,1945.57375,240.93,293.93128952262003,1.4313983889930002,2152.9831413948823,496.8284879744941,1955.1575889521891,212.22674917574662,517.1155107490081,2.167402700892857,1834.600113635913,1129.9374063640873,1906.9052626835316,249.32908860119045,517.1155107490081,2.167402700892857,1834.600113635913,1129.9374063640873,1906.9052626835316,249.32908860119045
2026-01-31 05:00:00+00:00,245.3,0.06599999999999984,3304.9030000000002,361.125,2050.77375,244.887,291.3658654842913,1.3759473991428748,2268.057975493435,499.6855899414563,1994.2434860373196,215.9398512405951,517.1155107490081,2.167402700892857,1834.600113635913,1129.9374063640873,1906.9052626835316,249.32908860119045,517.1155107490081,2.167402700892857,1834.600113635913,1129.9374063640873,1906.9052626835316,249.32908860119045
2026-01-31 06:00:00+00:00,249.2,21.11475,3316.3422499999997,369.87375,2184.4877500000002,244.926,353.8038595038331,-0.12120900150015235,2370.354064378451,501.5578772325023,2113.332828401925,215.0062988541871,517.1155107490081,2.167402700892857,1834.600113635913,1129.9374063640873,1906.9052626835316,249.32908860119045,517.1155107490081,2.167402700892857,1834.600113635913,1129.9374063640873,1906.9052626835316,249.32908860119045
2026-01-31 07:00:00+00:00,261.1,20.7584375,3487.1320000000005,408.7494999999999,2243.4235,245.203,322.5628831141531,3.321551176443976,2257.3616960077884,693.5757937221567,2203.736007183251,208.2456326299704,517.1155107490081,2.167402700892857,1834.600113635913,1129.9374063640873,1906.9052626835316,249.32908860119045,517.1155107490081,2.167402700892857,1834.600113635913,1129.9374063640873,1906.9052626835316,249.32908860119045
2026-01-31 08:00:00+00:00,263.30000000000007,20.402124999999998,3611.7695,421.30174999999997,2225.547,245.243,334.5526751524349,1.8165570406078835,2833.326437093242,801.1655044005441,2176.768573595258,191.73898373422207,517.1155107490081,2.167402700892857,1834.600113635913,1129.9374063640873,1906.9052626835316,249.32908860119045,517.1155107490081,2.167402700892857,1834.600113635913,1129.9374063640873,1906.9052626835316,249.32908860119045
2026-01-31 09:00:00+00:00,263.05,20.0458125,3694.19125,441.22399999999993,2172.41125,251.21675,381.45045060506357,-0.31069080479406175,3107.260790919783,676.42704156618,2125.5068544088535,200.71982680481287,517.1155107490081,2.167402700892857,1834.600113635913,1129.9374063640873,1906.9052626835316,249.32908860119045,517.1155107490081,2.167402700892857,1834.600113635913,1129.9374063640873,1906.9052626835316,249.32908860119045
2026-01-31 10:00:00+00:00,260.2,19.6895,3806.2787500000004,465.65200000000004,2113.469,253.195,406.7716202633174,-0.0830282504130202,3061.6899349511377,614.7359864959936,2105.994945393947,208.69713708038023,517.1155107490081,2.167402700892857,1834.600113635913,1129.9374063640873,1906.9052626835316,249.32908860119045,517.1155107490081,2.167402700892857,1834.600113635913,1129.9374063640873,1906.9052626835316,249.32908860119045
2026-01-31 11:00:00+00:00,254.35000000000002,0.06599999999999984,3885.0464999999995,407.894,2035.58575,253.234,402.8056331126269,-0.1247199611390788,2649.1550699638537,576.1368391480049,2066.1290201619136,199.33972352423442,517.1155107490081,2.167402700892857,1834.600113635913,1129.9374063640873,1906.9052626835316,249.32908860119045,517.1155107490081,2.167402700892857,1834.600113635913,1129.9374063640873,1906.9052626835316,249.32908860119045
2026-01-31 12:00:00+00:00,251.2,0.06599999999999984,3785.6855,399.14625,2009.30275,253.274,383.09195386356316,0.19829214200062162,2954.4002390258465,536.0620938578701,2049.1716250794952,206.60058288007747,517.1155107490081,2.167402700892857,1834.600113635913,1129.9374063640873,1906.9052626835316,249.32908860119045,517.1155107490081,2.167402700892857,1834.600113635913,1129.9374063640873,1906.9052626835316,249.32908860119045
2026-01-31 13:00:00+00:00,247.39999999999998,0.06599999999999984,3758.75425,385.8855,2023.68375,253.274,408.81522513309886,1.318266679162614,3139.2439904977127,501.71659334214905,2064.4052926588747,218.7490613547488,517.1155107490081,2.167402700892857,1834.600113635913,1129.9374063640873,1906.9052626835316,249.32908860119045,517.1155107490081,2.167402700892857,1834.600113635913,1129.9374063640873,1906.9052626835316,249.32908860119045
2026-01-31 14:00:00+00:00,253.89999999999998,0.06599999999999984,3990.1665000000003,371.84574999999995,2054.8835,253.234,412.6890917915876,2.6727028637962578,3057.2111576420757,525.254519307879,2070.214802011731,223.36399216796804,517.1155107490081,2.167402700892857,1834.600113635913,1129.9374063640873,1906.9052626835316,249.32908860119045,517.1155107490081,2.167402700892857,1834.600113635913,1129.9374063640873,1906.9052626835316,249.32908860119045
2026-01-31 15:00:00+00:00,268.95,1.514,4025.8637499999995,373.96275,2153.58225,253.234,366.8605499886826,1.7610303968857886,3575.9631810056153,663.946989054217,2151.207653217407,228.23813256479747,517.1155107490081,2.167402700892857,1834.600113635913,1129.9374063640873,1906.9052626835316,249.32908860119045,517.1155107490081,2.167402700892857,1834.600113635913,1129.9374063640873,1906.9052626835316,249.32908860119045
2026-01-31 16:00:00+00:00,287.6,102.0185,4180.62225,849.98725,2217.8689999999997,253.195,356.91073882105957,3.224792739390783,3638.528596220659,809.1272069862164,2140.0704443425816,233.90181378734087,517.1155107490081,2.167402700892857,1834.600113635913,1129.9374063640873,1906.9052626835316,249.32908860119045,517.1155107490081,2.167402700892857,1834.600113635913,1129.9374063640873,1906.9052626835316,249.32908860119045
2026-01-31 17:00:00+00:00,288.1,98.73762500000001,4246.13725,972.4807500000002,2244.00875,253.195,369.13264610875035,2.181444129834693,3821.0151629430075,766.6097734152759,2304.2780709993212,228.21320417169807,517.1155107490081,2.167402700892857,1834.600113635913,1129.9374063640873,1906.9052626835316,249.32908860119045,517.1155107490081,2.167402700892857,1834.600113635913,1129.9374063640873,1906.9052626835316,249.32908860119045
2026-01-31 18:00:00+00:00,285.7,95.45675,4196.605750000001,761.03875,2216.7754999999997,253.155,318.6325140587635,-2.4761856343263777,3842.5300645043553,697.7378651046138,2248.9235731159406,226.33769106296182,517.1155107490081,2.167402700892857,1834.600113635913,1129.9374063640873,1906.9052626835316,249.32908860119045,517.1155107490081,2.167402700892857,1834.600113635913,1129.9374063640873,1906.9052626835316,249.32908860119045
2026-01-31 19:00:00+00:00,257.6,92.17587499999999,3977.76725,341.87099999999987,2124.81275,253.155,309.677793504689,0.35311501996186645,3523.4271258654994,580.6179304483352,2142.7281116002614,226.726084530138,517.1155107490081,2.167402700892857,1834.600113635913,1129.9374063640873,1906.9052626835316,249.32908860119045,517.1155107490081,2.167402700892857,1834.600113635913,1129.9374063640873,1906.9052626835316,249.32908860119045
2026-01-31 20:00:00+00:00,245.2,88.895,3970.6094999999996,338.66125,2042.499,253.155,288.5451813389989,0.20847122996304268,3349.3248083793083,550.5459554563588,2092.48546759245,216.25033278643528,517.1155107490081,2.167402700892857,1834.600113635913,1129.9374063640873,1906.9052626835316,249.32908860119045,517.1155107490081,2.167402700892857,1834.600113635913,1129.9374063640873,1906.9052626835316,249.32908860119045
2026-01-31 21:00:00+00:00,232.89999999999998,0.06599999999999984,3919.9439999999995,327.7495,1989.53225,253.155,294.7714943713012,0.29432759449923274,3449.2539175717366,515.1138792059936,2046.0252902237112,220.93607467564286,517.1155107490081,2.167402700892857,1834.600113635913,1129.9374063640873,1906.9052626835316,249.32908860119045,517.1155107490081,2.167402700892857,1834.600113635913,1129.9374063640873,1906.9052626835316,249.32908860119045
2026-01-31 22:00:00+00:00,213.60000000000002,0.06599999999999984,3777.2345,329.558,1956.46075,253.155,260.3532203893206,0.24464528731439006,3359.0712383527907,497.9688001059875,2003.3761460127616,223.07355115671206,517.1155107490081,2.167402700892857,1834.600113635913,1129.9374063640873,1906.9052626835316,249.32908860119045,517.1155107490081,2.167402700892857,1834.600113635913,1129.9374063640873,1906.9052626835316,249.32908860119045
2026-01-31 23:00:00+00:00,207.2,0.06599999999999984,3182.33875,322.85875,1918.97075,253.115,270.52578992579885,0.6819049534270543,2552.1126153774107,498.09951983025087,1985.4161007468115,217.0975082156946,517.1155107490081,2.167402700892857,1834.600113635913,1129.9374063640873,1906.9052626835316,249.32908860119045,517.1155107490081,2.167402700892857,1834.600113635913,1129.9374063640873,1906.9052626835316,249.32908860119045
2026-02-01 00:00:00+00:00,208.10000000000002,0.06599999999999984,2904.3875,383.19900000000007,1910.43325,253.115,296.6158614008697,-0.5739755283890857,2509.705313396142,418.5718696906491,1945.425227409453,223.98359896127775,517.1155107490081,2.167402700892857,1834.600113635913,1129.9374063640873,1906.9052626835316,249.32908860119045,517.1155107490081,2.167402700892857,1834.600113635913,1129.9374063640873,1906.9052626835316,249.32908860119045
2026-02-01 01:00:00+00:00,209.3,0.06599999999999984,2889.27275,335.67650000000003,1908.6495,253.115,290.07695495360235,0.2993030009879569,2420.861809770646,420.6239905777752,1945.8010886250556,224.43062658516595,517.1155107490081,2.167402700892857,1834.600113635913,1129.9374063640873,1906.9052626835316,249.32908860119045,517.1155107490081,2.167402700892857,1834.600113635913,1129.9374063640873,1906.9052626835316,249.32908860119045
2026-02-01 02:00:00+00:00,208.0,0.06599999999999984,2787.044,328.40175,1908.39375,253.115,288.3789236817928,0.31947646339662605,2323.717734583528,436.44761553557146,1914.8167631999368,232.88410307197205,517.1155107490081,2.167402700892857,1834.600113635913,1129.9374063640873,1906.9052626835316,249.32908860119045,517.1155107490081,2.167402700892857,1834.600113635913,1129.9374063640873,1906.9052626835316,249.32908860119045
2026-02-01 03:00:00+00:00,220.0,0.06599999999999984,2800.9365,331.41100000000006,1929.7939999999999,247.181,298.07094246885345,0.37325670860257043,2302.3436301611378,432.2270125490405,1921.9750778881862,231.52356697989242,517.1155107490081,2.167402700892857,1834.600113635913,1129.9374063640873,1906.9052626835316,249.32908860119045,517.1155107490081,2.167402700892857,1834.600113635913,1129.9374063640873,1906.9052626835316,249.32908860119045
2026-02-01 04:00:00+00:00,236.7,0.06599999999999984,2833.156,322.75924999999995,1963.211,245.243,294.2302506929343,0.3216092685772214,2433.328056360444,456.71250451974777,1931.5439149134281,230.57053187323578,517.1155107490081,2.167402700892857,1834.600113635913,1129.9374063640873,1906.9052626835316,249.32908860119045,517.1155107490081,2.167402700892857,1834.600113635913,1129.9374063640873,1906.9052626835316,249.32908860119045
2026-02-01 05:00:00+00:00,244.89999999999998,0.06599999999999984,2912.02825,320.47675000000004,2056.69875,245.203,292.56001583046543,0.3216092685772214,2560.8454860098727,414.40878716915006,1984.188427380908,228.1431270492057,517.1155107490081,2.167402700892857,1834.600113635913,1129.9374063640873,1906.9052626835316,249.32908860119045,517.1155107490081,2.167402700892857,1834.600113635913,1129.9374063640873,1906.9052626835316,249.32908860119045
2026-02-01 06:00:00+00:00,248.39999999999998,0.06599999999999984,2947.756,316.41675,2178.6324999999997,245.243,284.949105741686,0.476043052225565,2413.5783884906277,484.289869215458,2043.0466284843542,225.9695482431228,517.1155107490081,2.167402700892857,1834.600113635913,1129.9374063640873,1906.9052626835316,249.32908860119045,517.1155107490081,2.167402700892857,1834.600113635913,1129.9374063640873,1906.9052626835316,249.32908860119045
2026-02-01 07:00:00+00:00,254.10000000000002,0.06599999999999984,2963.8045,318.7125,2253.484,245.243,273.4049799868195,0.4362316980452636,2511.846673484853,552.6288184979892,2216.9354074803987,222.86838336747104,517.1155107490081,2.167402700892857,1834.600113635913,1129.9374063640873,1906.9052626835316,249.32908860119045,517.1155107490081,2.167402700892857,1834.600113635913,1129.9374063640873,1906.9052626835316,249.32908860119045
2026-02-01 08:00:00+00:00,253.7,0.06599999999999984,2940.4787499999998,319.1624999999999,2236.628,245.203,357.1301161631735,0.47384844406034676,2523.1222650683344,580.8031460882905,2188.5164711275074,225.44714322720648,517.1155107490081,2.167402700892857,1834.600113635913,1129.9374063640873,1906.9052626835316,249.32908860119045,517.1155107490081,2.167402700892857,1834.600113635913,1129.9374063640873,1906.9052626835316,249.32908860119045
2026-02-01 09:00:00+00:00,252.89999999999998,0.06599999999999984,2947.5205,318.47399999999993,2195.181,251.177,371.76258251031913,-0.7279476716874478,2734.167341832072,476.7517914808383,2098.0825743134374,222.72952222028698,517.1155107490081,2.167402700892857,1834.600113635913,1129.9374063640873,1906.9052626835316,249.32908860119045,517.1155107490081,2.167402700892857,1834.600113635913,1129.9374063640873,1906.9052626835316,249.32908860119045
2026-02-01 10:00:00+00:00,250.5,0.06599999999999984,2937.326,317.57724999999994,2162.617,253.155,405.9487414164999,-0.3997053678121256,2548.2366025390584,520.5995074800576,2102.857468814237,228.68495335445925,517.1155107490081,2.167402700892857,1834.600113635913,1129.9374063640873,1906.9052626835316,249.32908860119045,517.1155107490081,2.167402700892857,1834.600113635913,1129.9374063640873,1906.9052626835316,249.32908860119045
2026-02-01 11:00:00+00:00,246.7,0.06599999999999984,2927.82125,311.17975,2083.39675,253.195,381.64121715733734,-0.3336900643422478,2245.7821401377178,484.3814038133261,2066.4491101854705,228.68495335445925,517.1155107490081,2.167402700892857,1834.600113635913,1129.9374063640873,1906.9052626835316,249.32908860119045,517.1155107490081,2.167402700892857,1834.600113635913,1129.9374063640873,1906.9052626835316,249.32908860119045
2026-02-01 12:00:00+00:00,243.60000000000002,0.06599999999999984,2955.03325,309.36474999999996,2059.2495,253.234,356.2265012001079,-0.01595120666354255,2011.510663435225,475.5392392463606,2019.7120866486582,226.33989203958657,517.1155107490081,2.167402700892857,1834.600113635913,1129.9374063640873,1906.9052626835316,249.32908860119045,517.1155107490081,2.167402700892857,1834.600113635913,1129.9374063640873,1906.9052626835316,249.32908860119045
2026-02-01 13:00:00+00:00,240.2,0.06599999999999984,2956.918,307.71475,2056.6565,253.234,339.4995394885732,0.5833744071191369,2057.4670910636637,474.92746185596536,2064.8253012694877,222.63195521364798,517.1155107490081,2.167402700892857,1834.600113635913,1129.9374063640873,1906.9052626835316,249.32908860119045,517.1155107490081,2.167402700892857,1834.600113635913,1129.9374063640873,1906.9052626835316,249.32908860119045
2026-02-01 14:00:00+00:00,267.2,0.06599999999999984,3135.172,304.38775,2107.35475,253.195,327.7449643052064,0.4791914113621496,2237.2769592256873,492.80974729789943,2086.420376567423,224.0713149080431,517.1155107490081,2.167402700892857,1834.600113635913,1129.9374063640873,1906.9052626835316,249.32908860119045,517.1155107490081,2.167402700892857,1834.600113635913,1129.9374063640873,1906.9052626835316,249.32908860119045
2026-02-01 15:00:00+00:00,271.1,0.06599999999999984,3675.18675,307.7115,2210.36175,253.195,336.79017370136114,0.4819713677547459,2449.6337878306254,664.8554919096293,2110.9794448209873,223.71474433730236,517.1155107490081,2.167402700892857,1834.600113635913,1129.9374063640873,1906.9052626835316,249.32908860119045,517.1155107490081,2.167402700892857,1834.600113635913,1129.9374063640873,1906.9052626835316,249.32908860119045
2026-02-01 16:00:00+00:00,296.2,16.424749999999996,4037.7782499999994,553.79775,2288.698,253.155,393.48865464632956,-0.1831929158839185,2992.195507443269,937.1295942365148,2227.162627025486,222.84737421469114,517.1155107490081,2.167402700892857,1834.600113635913,1129.9374063640873,1906.9052626835316,249.32908860119045,517.1155107490081,2.167402700892857,1834.600113635913,1129.9374063640873,1906.9052626835316,249.32908860119045
2026-02-01 17:00:00+00:00,297.1,110.9515,3900.3475,715.821,2305.421,253.155,431.1105929528709,-1.266633881211122,3102.5950023319306,735.5272552349707,2296.285150878597,229.00627682824987,517.1155107490081,2.167402700892857,1834.600113635913,1129.9374063640873,1906.9052626835316,249.32908860119045,517.1155107490081,2.167402700892857,1834.600113635913,1129.9374063640873,1906.9052626835316,249.32908860119045
2026-02-01 18:00:00+00:00,296.0,83.8445,3950.044,570.3705,2279.62525,253.115,400.6436651575745,-0.4986539726097874,3205.9777887328664,624.9159048069068,2241.996758360412,226.16561241153155,517.1155107490081,2.167402700892857,1834.600113635913,1129.9374063640873,1906.9052626835316,249.32908860119045,517.1155107490081,2.167402700892857,1834.600113635913,1129.9374063640873,1906.9052626835316,249.32908860119045
2026-02-01 19:00:00+00:00,269.30000000000007,80.96025,3896.0649999999996,425.7215,2194.21525,253.115,351.8061085952646,0.922020678008229,3260.5478645580097,501.92236718602385,2135.9182214770403,225.57459104554556,517.1155107490081,2.167402700892857,1834.600113635913,1129.9374063640873,1906.9052626835316,249.32908860119045,517.1155107490081,2.167402700892857,1834.600113635913,1129.9374063640873,1906.9052626835316,249.32908860119045
2026-02-01 20:00:00+00:00,235.60000000000002,81.026,3758.76825,301.22875,2105.8525,253.115,281.46474688319677,1.084918047510136,2609.108479470641,446.61523167469636,2087.13631654547,225.354902712976,517.1155107490081,2.167402700892857,1834.600113635913,1129.9374063640873,1906.9052626835316,249.32908860119045,517.1155107490081,2.167402700892857,1834.600113635913,1129.9374063640873,1906.9052626835316,249.32908860119045
2026-02-01 21:00:00+00:00,223.3,80.9,3579.7905,299.62149999999997,2034.02725,253.155,285.6643581134057,1.170774412046327,2627.038821563292,418.9715108960976,2048.3155948904587,234.51722412325338,517.1155107490081,2.167402700892857,1834.600113635913,1129.9374063640873,1906.9052626835316,249.32908860119045,517.1155107490081,2.167402700892857,1834.600113635913,1129.9374063640873,1906.9052626835316,249.32908860119045
2026-02-01 22:00:00+00:00,209.39999999999998,81.29400000000001,3236.15175,303.92925,1985.7640000000001,253.511,245.47001326808163,1.170774412046327,2445.491492140308,422.90234066243704,2005.9830052840512,237.27394918124597,517.1155107490081,2.167402700892857,1834.600113635913,1129.9374063640873,1906.9052626835316,249.32908860119045,517.1155107490081,2.167402700892857,1834.600113635913,1129.9374063640873,1906.9052626835316,249.32908860119045
2026-02-01 23:00:00+00:00,216.5,0.06599999999999984,3273.5885,306.97325,1932.3697499999998,257.507,242.85551861683064,1.0661913782152845,2069.104399493487,411.5657033384589,1995.2631509867124,235.1814493622666,517.1155107490081,2.167402700892857,1834.600113635913,1129.9374063640873,1906.9052626835316,249.32908860119045,517.1155107490081,2.167402700892857,1834.600113635913,1129.9374063640873,1906.9052626835316,249.32908860119045
2026-02-02 00:00:00+00:00,210.5,0.06599999999999984,3183.2932499999997,304.39,1913.68275,257.507,226.5149397795065,0.2759511780803323,1993.939202477468,429.60235331928425,1947.810973143905,243.14860228484434,517.1155107490081,2.167402700892857,1834.600113635913,1129.9374063640873,1906.9052626835316,249.32908860119045,517.1155107490081,2.167402700892857,1834.600113635913,1129.9374063640873,1906.9052626835316,249.32908860119045
2026-02-02 01:00:00+00:00,212.5,0.06599999999999984,3195.6385,313.97174999999993,1900.19375,256.636,234.04772483381112,0.27753524816858666,1880.9114567964773,394.53115509209647,1954.1787871655688,235.55340168547144,517.1155107490081,2.167402700892857,1834.600113635913,1129.9374063640873,1906.9052626835316,249.32908860119045,517.1155107490081,2.167402700892857,1834.600113635913,1129.9374063640873,1906.9052626835316,249.32908860119045
2026-02-02 02:00:00+00:00,219.10000000000002,0.06599999999999984,3232.243,317.5145,1897.2875,253.986,223.69588718016695,0.3078061253543547,2005.3984935750261,416.29493308470796,1940.007358798454,239.96562926738798,517.1155107490081,2.167402700892857,1834.600113635913,1129.9374063640873,1906.9052626835316,249.32908860119045,517.1155107490081,2.167402700892857,1834.600113635913,1129.9374063640873,1906.9052626835316,249.32908860119045
2026-02-02 03:00:00+00:00,233.7,0.06599999999999984,3238.59775,313.24875,1913.71425,247.181,247.08126030389263,0.41392285891004454,2013.6657175996957,422.899563425903,1936.320820368382,242.34208412607444,517.1155107490081,2.167402700892857,1834.600113635913,1129.9374063640873,1906.9052626835316,249.32908860119045,517.1155107490081,2.167402700892857,1834.600113635913,1129.9374063640873,1906.9052626835316,249.32908860119045
2026-02-02 04:00:00+00:00,256.6,0.06599999999999984,3131.85025,310.60574999999994,1941.7195000000002,245.243,290.34896306413145,-0.4488327598238748,2386.038411782053,432.24357463480214,1972.9092642398955,229.78468601333876,517.1155107490081,2.167402700892857,1834.600113635913,1129.9374063640873,1906.9052626835316,249.32908860119045,517.1155107490081,2.167402700892857,1834.600113635913,1129.9374063640873,1906.9052626835316,249.32908860119045
2026-02-02 05:00:00+00:00,293.6,0.06599999999999984,3172.0125,389.798,2013.584,245.282,289.3203231373026,1.697685266505964,2862.474392978808,433.6539569613054,2027.2753812141689,227.33611569177953,517.1155107490081,2.167402700892857,1834.600113635913,1129.9374063640873,1906.9052626835316,249.32908860119045,517.1155107490081,2.167402700892857,1834.600113635913,1129.9374063640873,1906.9052626835316,249.32908860119045
2026-02-02 06:00:00+00:00,329.5,0.06599999999999984,3217.53075,482.13325,2136.0640000000003,245.322,415.1555537174957,8.371730324137477,3104.8658067867054,717.9905228018121,2079.004067032671,214.68216230793934,517.1155107490081,2.167402700892857,1834.600113635913,1129.9374063640873,1906.9052626835316,249.32908860119045,517.1155107490081,2.167402700892857,1834.600113635913,1129.9374063640873,1906.9052626835316,249.32908860119045
2026-02-02 07:00:00+00:00,319.5,0.06599999999999984,3247.549,1096.781,2206.5077499999998,245.322,410.8564161292564,-0.5746615758924514,3379.97620969965,754.2819102008501,2162.142486439192,216.423692728533,517.1155107490081,2.167402700892857,1834.600113635913,1129.9374063640873,1906.9052626835316,249.32908860119045,517.1155107490081,2.167402700892857,1834.600113635913,1129.9374063640873,1906.9052626835316,249.32908860119045
2026-02-02 08:00:00+00:00,312.7,0.06599999999999984,3265.6367499999997,794.096,2203.3545,245.282,304.358650706919,-6.808770035005809,3192.6705340004246,664.9756774521578,2155.841599279766,220.16955300613793,517.1155107490081,2.167402700892857,1834.600113635913,1129.9374063640873,1906.9052626835316,249.32908860119045,517.1155107490081,2.167402700892857,1834.600113635913,1129.9374063640873,1906.9052626835316,249.32908860119045
2026-02-02 09:00:00+00:00,296.5,0.06599999999999984,3120.06,641.2302500000001,2162.62925,263.04575,318.89843330307133,-9.032165636795192,3341.870890735522,518.031173098844,2051.1116296731175,218.98020644552167,517.1155107490081,2.167402700892857,1834.600113635913,1129.9374063640873,1906.9052626835316,249.32908860119045,517.1155107490081,2.167402700892857,1834.600113635913,1129.9374063640873,1906.9052626835316,249.32908860119045
2026-02-02 10:00:00+00:00,275.0,0.06599999999999984,3171.8782499999998,629.7915,2113.13675,264.984,336.55074688339437,2.36968135135952,3257.1458735817505,488.7905448073418,2056.859639445756,225.38954762608248,517.1155107490081,2.167402700892857,1834.600113635913,1129.9374063640873,1906.9052626835316,249.32908860119045,517.1155107490081,2.167402700892857,1834.600113635913,1129.9374063640873,1906.9052626835316,249.32908860119045
2026-02-02 11:00:00+00:00,295.35,0.06599999999999984,3178.3505,624.4272500000001,2035.86775,265.024,323.18746290347207,8.047559997711254,3311.482923412877,526.9678489866828,2036.5759088040609,214.08656749846247,517.1155107490081,2.167402700892857,1834.600113635913,1129.9374063640873,1906.9052626835316,249.32908860119045,517.1155107490081,2.167402700892857,1834.600113635913,1129.9374063640873,1906.9052626835316,249.32908860119045
2026-02-02 12:00:00+00:00,317.4,0.06599999999999984,3164.378,710.1447499999999,2011.598,265.024,369.21358902245095,16.448963254977873,2957.048041385946,574.9687937997006,2047.2916161984356,211.20440026950297,517.1155107490081,2.167402700892857,1834.600113635913,1129.9374063640873,1906.9052626835316,249.32908860119045,517.1155107490081,2.167402700892857,1834.600113635913,1129.9374063640873,1906.9052626835316,249.32908860119045
2026-02-02 13:00:00+00:00,318.8285,0.06599999999999984,3160.75975,684.00375,2017.95575,265.024,324.4792858829918,11.2165019485977,2988.422131293196,525.2970470004212,2069.7414104500217,207.06882143248464,517.1155107490081,2.167402700892857,1834.600113635913,1129.9374063640873,1906.9052626835316,249.32908860119045,517.1155107490081,2.167402700892857,1834.600113635913,1129.9374063640873,1906.9052626835316,249.32908860119045
2026-02-02 14:00:00+00:00,413.26625,0.06599999999999984,3111.284,446.9704999999999,2050.8485,265.024,323.72547619224935,15.551129973170651,2930.360334587943,638.5126409866837,2060.9732435181545,210.1404625376672,517.1155107490081,2.167402700892857,1834.600113635913,1129.9374063640873,1906.9052626835316,249.32908860119045,517.1155107490081,2.167402700892857,1834.600113635913,1129.9374063640873,1906.9052626835316,249.32908860119045
2026-02-02 15:00:00+00:00,516.615,0.39025,3342.5445,486.49475000000007,2137.61825,265.024,355.0645921451617,11.578792707058339,2870.907148406286,718.9933632877621,2088.2358812566217,208.2366921896143,517.1155107490081,2.167402700892857,1834.600113635913,1129.9374063640873,1906.9052626835316,249.32908860119045,517.1155107490081,2.167402700892857,1834.600113635913,1129.9374063640873,1906.9052626835316,249.32908860119045
2026-02-02 16:00:00+00:00,408.7,81.63725,3667.20025,810.06175,2229.79425,265.103,407.03738223072037,47.52041252244042,3075.046860665814,894.5119244586787,2179.9933153532347,216.33238184458358,517.1155107490081,2.167402700892857,1834.600113635913,1129.9374063640873,1906.9052626835316,249.32908860119045,517.1155107490081,2.167402700892857,1834.600113635913,1129.9374063640873,1906.9052626835316,249.32908860119045
2026-02-02 17:00:00+00:00,403.6,115.9735,3655.0675,1284.6552499999998,2263.7195,265.182,382.18993226252053,16.807029154749273,3201.4932148849603,847.8279892119083,2258.9484658666593,228.64269873893232,517.1155107490081,2.167402700892857,1834.600113635913,1129.9374063640873,1906.9052626835316,249.32908860119045,517.1155107490081,2.167402700892857,1834.600113635913,1129.9374063640873,1906.9052626835316,249.32908860119045
2026-02-02 18:00:00+00:00,339.4,81.71325,3549.70325,1464.81475,2229.7439999999997,265.182,356.51834502399004,20.864003402633386,3057.3326616621225,679.6808586072561,2233.4458167578505,222.04849581243957,517.1155107490081,2.167402700892857,1834.600113635913,1129.9374063640873,1906.9052626835316,249.32908860119045,517.1155107490081,2.167402700892857,1834.600113635913,1129.9374063640873,1906.9052626835316,249.32908860119045
2026-02-02 19:00:00+00:00,303.1,80.72125,3312.384,434.5999999999999,2138.9305,265.221,332.0268039258002,25.020850518386922,2880.6097374812766,482.1726791896514,2118.279570197547,218.56357917250952,517.1155107490081,2.167402700892857,1834.600113635913,1129.9374063640873,1906.9052626835316,249.32908860119045,517.1155107490081,2.167402700892857,1834.600113635913,1129.9374063640873,1906.9052626835316,249.32908860119045
2026-02-02 20:00:00+00:00,274.5,80.718,3204.7115,393.6095,2068.5502500000002,265.221,327.144852924309,11.912663103063085,2386.1763835072557,464.3077468780658,2067.2737752401304,221.22461911127823,517.1155107490081,2.167402700892857,1834.600113635913,1129.9374063640873,1906.9052626835316,249.32908860119045,517.1155107490081,2.167402700892857,1834.600113635913,1129.9374063640873,1906.9052626835316,249.32908860119045
2026-02-02 21:00:00+00:00,253.3,81.388,3237.6622500000003,401.27125,2021.3505,265.221,292.05089917584297,2.2988180917782293,1924.4239605286652,392.0516960789298,2037.4505585045863,223.23484310679152,517.1155107490081,2.167402700892857,1834.600113635913,1129.9374063640873,1906.9052626835316,249.32908860119045,517.1155107490081,2.167402700892857,1834.600113635913,1129.9374063640873,1906.9052626835316,249.32908860119045
2026-02-02 22:00:00+00:00,267.6505,81.10875,3029.76975,372.56774999999993,1974.202,265.261,278.55572832494465,2.7860088360114035,1818.4480828528665,389.6000667865286,2022.6948641137546,231.1843169414,517.1155107490081,2.167402700892857,1834.600113635913,1129.9374063640873,1906.9052626835316,249.32908860119045,517.1155107490081,2.167402700892857,1834.600113635913,1129.9374063640873,1906.9052626835316,249.32908860119045
2026-02-02 23:00:00+00:00,346.6325,80.8455,3192.03025,377.2170000000001,1931.49975,262.373,252.11421684066522,3.2281403419406622,1808.2400991447935,395.197596181731,1996.967204537365,230.9722225608769,517.1155107490081,2.167402700892857,1834.600113635913,1129.9374063640873,1906.9052626835316,249.32908860119045,517.1155107490081,2.167402700892857,1834.600113635913,1129.9374063640873,1906.9052626835316,249.32908860119045
2026-02-03 00:00:00+00:00,417.9715,81.294,3200.407,378.98474999999996,1919.5484999999999,261.384,277.0877773059507,0.3439947380599082,2180.0864048809776,422.0307138838482,1969.2138973170001,228.70795168901014,517.1155107490081,2.167402700892857,1834.600113635913,1129.9374063640873,1906.9052626835316,249.32908860119045,517.1155107490081,2.167402700892857,1834.600113635913,1129.9374063640873,1906.9052626835316,249.32908860119045
2026-02-03 01:00:00+00:00,487.66650000000004,79.45025,3201.79025,378.751,1908.5725,261.344,238.90793883560093,1.1714827289596517,2063.2244813994225,420.4151560445207,1967.247577343206,236.52569310604008,517.1155107490081,2.167402700892857,1834.600113635913,1129.9374063640873,1906.9052626835316,249.32908860119045,517.1155107490081,2.167402700892857,1834.600113635913,1129.9374063640873,1906.9052626835316,249.32908860119045
2026-02-03 02:00:00+00:00,496.08675,79.4025,2990.5185,392.63725,1901.24825,261.384,269.55144693086754,3.5102482834699886,2110.864312532452,430.1402464633395,1955.2199603550825,233.3359477291966,517.1155107490081,2.167402700892857,1834.600113635913,1129.9374063640873,1906.9052626835316,249.32908860119045,517.1155107490081,2.167402700892857,1834.600113635913,1129.9374063640873,1906.9052626835316,249.32908860119045
2026-02-03 03:00:00+00:00,440.12825,79.369,2996.12725,408.15725,1912.1395,255.45000000000002,265.4751292301123,1.4319205769281607,2136.0813405845197,420.70387083816877,1952.9669071693932,219.67692310182258,517.1155107490081,2.167402700892857,1834.600113635913,1129.9374063640873,1906.9052626835316,249.32908860119045,517.1155107490081,2.167402700892857,1834.600113635913,1129.9374063640873,1906.9052626835316,249.32908860119045
2026-02-03 04:00:00+00:00,410.89824999999996,81.009,3387.4492500000006,404.80099999999993,1937.748,240.97025000000002,306.03281745858027,6.121851122644782,2170.794250002113,441.5477668445453,1982.0924211869267,223.2193754042964,517.1155107490081,2.167402700892857,1834.600113635913,1129.9374063640873,1906.9052626835316,249.32908860119045,517.1155107490081,2.167402700892857,1834.600113635913,1129.9374063640873,1906.9052626835316,249.32908860119045
2026-02-03 05:00:00+00:00,490.68775,81.251,3427.885,389.9535000000001,2011.171,236.42,345.61018921952746,33.02086696015467,2525.6373536717165,455.47643223492923,1948.6008487170707,212.23584942130663,517.1155107490081,2.167402700892857,1834.600113635913,1129.9374063640873,1906.9052626835316,249.32908860119045,517.1155107490081,2.167402700892857,1834.600113635913,1129.9374063640873,1906.9052626835316,249.32908860119045
2026-02-03 06:00:00+00:00,580.5807500000001,81.0085,2827.33425,476.00675,2115.75,236.42,407.43840387382244,31.727339142334166,3241.2223191008075,695.3559278987218,1997.7573173851642,197.72140389028883,517.1155107490081,2.167402700892857,1834.600113635913,1129.9374063640873,1906.9052626835316,249.32908860119045,517.1155107490081,2.167402700892857,1834.600113635913,1129.9374063640873,1906.9052626835316,249.32908860119045
2026-02-03 07:00:00+00:00,576.623,80.02825,2669.52575,520.8644999999999,2192.96675,236.381,417.39021552663024,28.632442907725633,3121.6548239371996,815.2127249916985,2066.847597423742,194.44786834046312,517.1155107490081,2.167402700892857,1834.600113635913,1129.9374063640873,1906.9052626835316,249.32908860119045,517.1155107490081,2.167402700892857,1834.600113635913,1129.9374063640873,1906.9052626835316,249.32908860119045
2026-02-03 08:00:00+00:00,554.921,80.38387499999999,2706.57175,538.5735,2199.5645,236.895,381.8895302926175,33.35723051810863,2913.0708778694143,732.5410640993723,2041.1069813711797,198.4190659056735,517.1155107490081,2.167402700892857,1834.600113635913,1129.9374063640873,1906.9052626835316,249.32908860119045,517.1155107490081,2.167402700892857,1834.600113635913,1129.9374063640873,1906.9052626835316,249.32908860119045
2026-02-03 09:00:00+00:00,531.8355,80.73949999999999,2603.99025,414.94274999999993,2168.4345,242.27575,398.15153018309354,24.909821626888316,3036.4633793127186,577.0066057562327,1977.3177107270728,199.1491577238109,517.1155107490081,2.167402700892857,1834.600113635913,1129.9374063640873,1906.9052626835316,249.32908860119045,517.1155107490081,2.167402700892857,1834.600113635913,1129.9374063640873,1906.9052626835316,249.32908860119045
2026-02-03 10:00:00+00:00,519.0319999999999,81.2325,2578.943,597.54475,2126.337,244.293,371.7398379552838,12.325746648990261,3225.90376212386,561.2512335858643,1938.3863211410803,202.85538381461348,517.1155107490081,2.167402700892857,1834.600113635913,1129.9374063640873,1906.9052626835316,249.32908860119045,517.1155107490081,2.167402700892857,1834.600113635913,1129.9374063640873,1906.9052626835316,249.32908860119045
2026-02-03 11:00:00+00:00,537.72875,81.13125,2570.95225,448.856,2050.983,244.57,332.6483286684785,21.310710926705806,3268.2248659376664,534.9929921376694,1971.807309653423,204.78956057378113,517.1155107490081,2.167402700892857,1834.600113635913,1129.9374063640873,1906.9052626835316,249.32908860119045,517.1155107490081,2.167402700892857,1834.600113635913,1129.9374063640873,1906.9052626835316,249.32908860119045
2026-02-03 12:00:00+00:00,536.77275,81.18375,2673.00675,401.63625,2021.3905,244.808,391.7983697965944,37.992351742170015,3480.577629395869,645.2772151384213,1972.9904926041402,196.8521385045276,517.1155107490081,2.167402700892857,1834.600113635913,1129.9374063640873,1906.9052626835316,249.32908860119045,517.1155107490081,2.167402700892857,1834.600113635913,1129.9374063640873,1906.9052626835316,249.32908860119045
2026-02-03 13:00:00+00:00,661.70825,81.03225,2962.7977499999997,466.46775,2022.498,244.847,345.95866844889974,54.88352163115389,3439.8767607112736,504.5949914578682,1964.4896174102703,194.36014115580582,517.1155107490081,2.167402700892857,1834.600113635913,1129.9374063640873,1906.9052626835316,249.32908860119045,517.1155107490081,2.167402700892857,1834.600113635913,1129.9374063640873,1906.9052626835316,249.32908860119045
2026-02-03 14:00:00+00:00,741.9245000000001,80.9095,3485.63425,650.27425,2047.6895,250.821,405.62937334584893,45.56258089247292,3488.910835106004,677.7235880252006,2022.9352930774978,210.55824032995292,517.1155107490081,2.167402700892857,1834.600113635913,1129.9374063640873,1906.9052626835316,249.32908860119045,517.1155107490081,2.167402700892857,1834.600113635913,1129.9374063640873,1906.9052626835316,249.32908860119045
2026-02-03 15:00:00+00:00,840.4605,80.8245,4039.4712499999996,655.08825,2138.88775,252.839,415.17234052351887,52.030356247206335,3469.4241067692024,781.3143334838076,2071.934686284433,228.08605718088336,517.1155107490081,2.167402700892857,1834.600113635913,1129.9374063640873,1906.9052626835316,249.32908860119045,517.1155107490081,2.167402700892857,1834.600113635913,1129.9374063640873,1906.9052626835316,249.32908860119045
2026-02-03 16:00:00+00:00,991.982,81.13125,4244.592000000001,833.5332500000001,2235.2375,252.878,370.8175786638062,51.956213060532704,4254.52232834812,969.2314477694015,2130.945236568903,237.00976887361512,517.1155107490081,2.167402700892857,1834.600113635913,1129.9374063640873,1906.9052626835316,249.32908860119045,517.1155107490081,2.167402700892857,1834.600113635913,1129.9374063640873,1906.9052626835316,249.32908860119045
2026-02-03 17:00:00+00:00,1035.98475,81.464,4258.8045,947.8017500000001,2258.635,252.839,433.6931543218579,56.5950320157431,4482.697408737521,921.3431055021626,2218.8396358437353,238.83788518539245,517.1155107490081,2.167402700892857,1834.600113635913,1129.9374063640873,1906.9052626835316,249.32908860119045,517.1155107490081,2.167402700892857,1834.600113635913,1129.9374063640873,1906.9052626835316,249.32908860119045
2026-02-03 18:00:00+00:00,1071.60025,81.95474999999999,4254.51025,586.0322500000001,2228.505,252.799,409.35876714072384,16.489235732117688,4175.277249377199,878.727693510186,2146.451873390805,234.1734563528235,517.1155107490081,2.167402700892857,1834.600113635913,1129.9374063640873,1906.9052626835316,249.32908860119045,517.1155107490081,2.167402700892857,1834.600113635913,1129.9374063640873,1906.9052626835316,249.32908860119045
2026-02-03 19:00:00+00:00,1012.981,0.06599999999999984,4262.312,403.1947499999999,2145.6414999999997,253.115,395.8122681541225,33.90685377865806,3751.27290272665,737.1911251725094,2087.164823868957,242.81001109738818,517.1155107490081,2.167402700892857,1834.600113635913,1129.9374063640873,1906.9052626835316,249.32908860119045,517.1155107490081,2.167402700892857,1834.600113635913,1129.9374063640873,1906.9052626835316,249.32908860119045
2026-02-03 20:00:00+00:00,954.441,0.06599999999999984,4077.5777499999995,357.74325,2069.983,259.089,362.8368047211718,22.00515766174371,3029.8322223830883,627.5646139651149,2043.0516826994246,231.38075555290894,517.1155107490081,2.167402700892857,1834.600113635913,1129.9374063640873,1906.9052626835316,249.32908860119045,517.1155107490081,2.167402700892857,1834.600113635913,1129.9374063640873,1906.9052626835316,249.32908860119045
2026-02-03 21:00:00+00:00,937.184,0.06599999999999984,4100.271,499.96900000000005,2015.345,261.067,336.73312031957585,1.6277578586400443,3202.910385154977,560.9755513823739,2021.9400744475536,230.74362845226625,517.1155107490081,2.167402700892857,1834.600113635913,1129.9374063640873,1906.9052626835316,249.32908860119045,517.1155107490081,2.167402700892857,1834.600113635913,1129.9374063640873,1906.9052626835316,249.32908860119045
2026-02-03 22:00:00+00:00,900.11375,0.06599999999999984,3879.516,374.81075,1974.6154999999999,261.067,275.2788131195646,5.342092037584668,3234.6005301795494,448.391750186197,2009.1272918631794,236.66613491812745,517.1155107490081,2.167402700892857,1834.600113635913,1129.9374063640873,1906.9052626835316,249.32908860119045,517.1155107490081,2.167402700892857,1834.600113635913,1129.9374063640873,1906.9052626835316,249.32908860119045
2026-02-03 23:00:00+00:00,932.51275,0.06599999999999984,3869.004,358.548,1939.93925,259.722,279.9617602616865,1.7115252842750972,2872.356797332397,515.7393626242912,1991.6872664156097,231.2956858887072,517.1155107490081,2.167402700892857,1834.600113635913,1129.9374063640873,1906.9052626835316,249.32908860119045,517.1155107490081,2.167402700892857,1834.600113635913,1129.9374063640873,1906.9052626835316,249.32908860119045
2026-02-04 00:00:00+00:00,882.738,0.06599999999999984,3884.94125,360.6189999999999,1924.028,253.195,294.8621276774677,0.9647430334328098,2979.6347532462937,519.9104225863271,1974.7007743024353,223.68453428835335,517.1155107490081,2.167402700892857,1834.600113635913,1129.9374063640873,1906.9052626835316,249.32908860119045,517.1155107490081,2.167402700892857,1834.600113635913,1129.9374063640873,1906.9052626835316,249.32908860119045
2026-02-04 01:00:00+00:00,801.426,0.06599999999999984,3883.433,374.15874999999994,1909.5245,253.195,282.60584894009196,0.41133045435336024,3167.491914298524,479.6770243098391,1954.0163264225766,219.76364952109606,517.1155107490081,2.167402700892857,1834.600113635913,1129.9374063640873,1906.9052626835316,249.32908860119045,517.1155107490081,2.167402700892857,1834.600113635913,1129.9374063640873,1906.9052626835316,249.32908860119045
2026-02-04 02:00:00+00:00,581.515,0.06599999999999984,3888.3417499999996,390.54475,1909.3197499999999,257.823,273.16263835851186,0.38958391973427053,2979.413231396319,528.7127810072998,1934.6532929880648,211.21498718628064,517.1155107490081,2.167402700892857,1834.600113635913,1129.9374063640873,1906.9052626835316,249.32908860119045,517.1155107490081,2.167402700892857,1834.600113635913,1129.9374063640873,1906.9052626835316,249.32908860119045
2026-02-04 03:00:00+00:00,586.3195000000001,0.06599999999999984,3894.1634999999997,398.59124999999995,1918.07725,247.26025,271.39461670654083,0.317506437258279,3387.6843693309575,546.828234861276,1945.628115407598,207.96480737324964,517.1155107490081,2.167402700892857,1834.600113635913,1129.9374063640873,1906.9052626835316,249.32908860119045,517.1155107490081,2.167402700892857,1834.600113635913,1129.9374063640873,1906.9052626835316,249.32908860119045
2026-02-04 04:00:00+00:00,613.01725,0.06599999999999984,3868.7844999999998,398.04875000000004,1943.703,235.471,308.5880188922893,0.12444659651635082,3515.1403830042555,504.80545589252097,1939.7065067066785,217.95387400167215,517.1155107490081,2.167402700892857,1834.600113635913,1129.9374063640873,1906.9052626835316,249.32908860119045,517.1155107490081,2.167402700892857,1834.600113635913,1129.9374063640873,1906.9052626835316,249.32908860119045
2026-02-04 05:00:00+00:00,630.64625,0.06599999999999984,3736.6542499999996,426.3907499999999,2014.49725,229.418,297.2747875802064,12.238586838425745,3812.3884554375563,583.3240581755523,1962.2290525152932,228.01033117752792,517.1155107490081,2.167402700892857,1834.600113635913,1129.9374063640873,1906.9052626835316,249.32908860119045,517.1155107490081,2.167402700892857,1834.600113635913,1129.9374063640873,1906.9052626835316,249.32908860119045
2026-02-04 06:00:00+00:00,698.392,0.06599999999999984,4013.7839999999997,822.18975,2125.773,229.418,416.85293250957,4.4101236519941605,4385.774709485966,962.8813216664462,2014.2143947960972,222.24579768737044,517.1155107490081,2.167402700892857,1834.600113635913,1129.9374063640873,1906.9052626835316,249.32908860119045,517.1155107490081,2.167402700892857,1834.600113635913,1129.9374063640873,1906.9052626835316,249.32908860119045
2026-02-04 07:00:00+00:00,714.6435,0.06599999999999984,4087.398,1624.442,2194.882,229.418,445.2290897367093,16.428757886478234,4498.3701664123855,1212.4951101081442,2127.244258375458,249.9478075310458,517.1155107490081,2.167402700892857,1834.600113635913,1129.9374063640873,1906.9052626835316,249.32908860119045,517.1155107490081,2.167402700892857,1834.600113635913,1129.9374063640873,1906.9052626835316,249.32908860119045
2026-02-04 08:00:00+00:00,704.11325,0.06599999999999984,3890.15075,478.97399999999993,2189.2870000000003,229.458,384.7928559867381,27.37432696706827,4511.65638783154,931.1960344020808,2146.537974397669,251.16570532357298,517.1155107490081,2.167402700892857,1834.600113635913,1129.9374063640873,1906.9052626835316,249.32908860119045,517.1155107490081,2.167402700892857,1834.600113635913,1129.9374063640873,1906.9052626835316,249.32908860119045
2026-02-04 09:00:00+00:00,634.1632500000001,0.06599999999999984,3757.6459999999997,544.2785,2149.7380000000003,235.43175,403.73053481838076,10.543235484533266,3523.4537169009,634.8276654910703,2077.065167847901,247.79569103535997,517.1155107490081,2.167402700892857,1834.600113635913,1129.9374063640873,1906.9052626835316,249.32908860119045,517.1155107490081,2.167402700892857,1834.600113635913,1129.9374063640873,1906.9052626835316,249.32908860119045
2026-02-04 10:00:00+00:00,547.2025,0.06599999999999984,3666.44925,610.02725,2104.09025,237.41,424.47822241444356,14.832876038786367,3835.714463578597,617.3225754717349,2065.535162010092,231.48770278420113,517.1155107490081,2.167402700892857,1834.600113635913,1129.9374063640873,1906.9052626835316,249.32908860119045,517.1155107490081,2.167402700892857,1834.600113635913,1129.9374063640873,1906.9052626835316,249.32908860119045
2026-02-04 11:00:00+00:00,540.8235,0.06599999999999984,3468.4665,415.79675,2026.013,237.449,437.8467891246046,-3.8530447511874093,3662.7383811177224,617.566967220243,2037.7325701723744,226.33123642879926,517.1155107490081,2.167402700892857,1834.600113635913,1129.9374063640873,1906.9052626835316,249.32908860119045,517.1155107490081,2.167402700892857,1834.600113635913,1129.9374063640873,1906.9052626835316,249.32908860119045
2026-02-04 12:00:00+00:00,536.06375,0.06599999999999984,3625.7005,422.788,1999.7202499999999,237.489,451.7871231313262,2.445342372718595,3760.600225716699,593.560095093033,2026.4924571934848,217.54093860486003,517.1155107490081,2.167402700892857,1834.600113635913,1129.9374063640873,1906.9052626835316,249.32908860119045,517.1155107490081,2.167402700892857,1834.600113635913,1129.9374063640873,1906.9052626835316,249.32908860119045
2026-02-04 13:00:00+00:00,547.08425,0.06599999999999984,3851.69275,585.97675,1998.17775,237.449,510.870347391397,3.251271675981195,3621.5582523743237,624.6693936990553,2033.1668431786784,224.95579128892192,517.1155107490081,2.167402700892857,1834.600113635913,1129.9374063640873,1906.9052626835316,249.32908860119045,517.1155107490081,2.167402700892857,1834.600113635913,1129.9374063640873,1906.9052626835316,249.32908860119045
2026-02-04 14:00:00+00:00,658.9159999999999,0.06599999999999984,3561.47225,529.3007500000001,2031.5127499999999,243.38299999999998,375.4681039792016,6.2605581175546074,3881.9148656249345,668.1585143972195,2085.790253873987,237.7559554096808,517.1155107490081,2.167402700892857,1834.600113635913,1129.9374063640873,1906.9052626835316,249.32908860119045,517.1155107490081,2.167402700892857,1834.600113635913,1129.9374063640873,1906.9052626835316,249.32908860119045
2026-02-04 15:00:00+00:00,828.42175,0.06599999999999984,3579.42925,521.2145,2146.56925,245.282,445.99671695100443,4.918916611664898,3747.7743587386694,940.2177176591927,2140.2504720005454,232.3755651280824,517.1155107490081,2.167402700892857,1834.600113635913,1129.9374063640873,1906.9052626835316,249.32908860119045,517.1155107490081,2.167402700892857,1834.600113635913,1129.9374063640873,1906.9052626835316,249.32908860119045
2026-02-04 16:00:00+00:00,908.7225000000001,0.06599999999999984,3660.2349999999997,979.5275,2240.705,245.282,369.48667316360593,16.01655277545421,3890.6058723039114,1116.2913822702435,2174.8031273540946,241.75846726035556,517.1155107490081,2.167402700892857,1834.600113635913,1129.9374063640873,1906.9052626835316,249.32908860119045,517.1155107490081,2.167402700892857,1834.600113635913,1129.9374063640873,1906.9052626835316,249.32908860119045
2026-02-04 17:00:00+00:00,872.8205,0.06599999999999984,3677.07275,986.64075,2271.1014999999998,246.944,334.44996570973206,28.603919517484016,4090.469449355255,986.4900656414059,2300.616257669292,244.37166437594942,517.1155107490081,2.167402700892857,1834.600113635913,1129.9374063640873,1906.9052626835316,249.32908860119045,517.1155107490081,2.167402700892857,1834.600113635913,1129.9374063640873,1906.9052626835316,249.32908860119045
2026-02-04 18:00:00+00:00,818.09625,0.06599999999999984,3644.001,847.3795000000001,2255.479,245.243,359.7227340562621,5.11990221060236,3994.242672482783,771.6491795695108,2270.479366243888,247.16447706318957,517.1155107490081,2.167402700892857,1834.600113635913,1129.9374063640873,1906.9052626835316,249.32908860119045,517.1155107490081,2.167402700892857,1834.600113635913,1129.9374063640873,1906.9052626835316,249.32908860119045
2026-02-04 19:00:00+00:00,828.6855,0.06599999999999984,3572.968,437.05724999999995,2164.638,245.243,405.22620933829444,12.990010951850042,3503.252076163202,704.4288660977941,2160.425790466658,236.60607107048634,517.1155107490081,2.167402700892857,1834.600113635913,1129.9374063640873,1906.9052626835316,249.32908860119045,517.1155107490081,2.167402700892857,1834.600113635913,1129.9374063640873,1906.9052626835316,249.32908860119045
2026-02-04 20:00:00+00:00,804.0677499999999,0.06599999999999984,3577.266,424.66774999999996,2078.0085,251.177,384.65017300512744,11.134783774296658,3504.0527631896693,552.3478245582146,2091.0038750006643,233.62652908626552,517.1155107490081,2.167402700892857,1834.600113635913,1129.9374063640873,1906.9052626835316,249.32908860119045,517.1155107490081,2.167402700892857,1834.600113635913,1129.9374063640873,1906.9052626835316,249.32908860119045
2026-02-04 21:00:00+00:00,775.9694999999999,0.06599999999999984,3476.54475,435.5305000000001,2020.40075,253.115,338.4616544805922,2.8087089332848425,3114.600234452714,532.5547101106872,2036.5963431461537,238.24344501033704,517.1155107490081,2.167402700892857,1834.600113635913,1129.9374063640873,1906.9052626835316,249.32908860119045,517.1155107490081,2.167402700892857,1834.600113635913,1129.9374063640873,1906.9052626835316,249.32908860119045
2026-02-04 22:00:00+00:00,673.60725,0.06599999999999984,3479.03425,426.98974999999996,1974.538,253.115,288.27326838295147,3.577193358567568,3008.731217830242,495.0579610011987,2017.4670433185527,245.66640422089077,517.1155107490081,2.167402700892857,1834.600113635913,1129.9374063640873,1906.9052626835316,249.32908860119045,517.1155107490081,2.167402700892857,1834.600113635913,1129.9374063640873,1906.9052626835316,249.32908860119045
2026-02-04 23:00:00+00:00,561.38275,0.06599999999999984,3432.36075,396.21775,1919.74025,253.115,287.07157857754436,1.6679331222022546,2849.959802510879,459.5047351508546,2002.219918458408,241.80215500804573,517.1155107490081,2.167402700892857,1834.600113635913,1129.9374063640873,1906.9052626835316,249.32908860119045,517.1155107490081,2.167402700892857,1834.600113635913,1129.9374063640873,1906.9052626835316,249.32908860119045
2026-02-05 00:00:00+00:00,480.31775,0.06599999999999984,3375.434,407.08624999999995,1907.1485,253.115,291.9857045686573,1.2923822376311307,2885.309697342615,471.3484054141587,1969.1271215119332,230.2148571894697,517.1155107490081,2.167402700892857,1834.600113635913,1129.9374063640873,1906.9052626835316,249.32908860119045,517.1155107490081,2.167402700892857,1834.600113635913,1129.9374063640873,1906.9052626835316,249.32908860119045
2026-02-05 01:00:00+00:00,443.64375,0.06599999999999984,3392.17625,419.769,1895.91325,253.115,290.38873633386254,0.8067140414502123,2901.789043877636,480.0189593539486,1956.6472348674215,231.16925479393325,517.1155107490081,2.167402700892857,1834.600113635913,1129.9374063640873,1906.9052626835316,249.32908860119045,517.1155107490081,2.167402700892857,1834.600113635913,1129.9374063640873,1906.9052626835316,249.32908860119045
2026-02-05 02:00:00+00:00,673.484,0.06599999999999984,3343.44625,411.471,1890.01125,253.115,284.00747898338875,1.1291875299484908,3228.471738070056,482.97977055767274,1944.6147535641378,236.22599429652044,517.1155107490081,2.167402700892857,1834.600113635913,1129.9374063640873,1906.9052626835316,249.32908860119045,517.1155107490081,2.167402700892857,1834.600113635913,1129.9374063640873,1906.9052626835316,249.32908860119045
2026-02-05 03:00:00+00:00,766.72925,0.06599999999999984,3360.368,412.54675,1904.5104999999999,247.181,346.85796763185544,-0.17775703467276838,3586.157435186936,482.97977055767274,1938.7242946850324,235.92045207589894,517.1155107490081,2.167402700892857,1834.600113635913,1129.9374063640873,1906.9052626835316,249.32908860119045,517.1155107490081,2.167402700892857,1834.600113635913,1129.9374063640873,1906.9052626835316,249.32908860119045
2026-02-05 04:00:00+00:00,917.34375,0.06599999999999984,3527.70575,430.9575,1933.9470000000001,233.37425000000002,364.17441985466576,1.1101425476809306,3853.6774057408666,508.7546482156288,1909.9107098116767,236.8802995731918,517.1155107490081,2.167402700892857,1834.600113635913,1129.9374063640873,1906.9052626835316,249.32908860119045,517.1155107490081,2.167402700892857,1834.600113635913,1129.9374063640873,1906.9052626835316,249.32908860119045
2026-02-05 05:00:00+00:00,1105.561,0.06599999999999984,3651.40625,492.1792499999999,2010.41425,229.418,334.7517678173093,7.296049655977489,4266.135273496091,545.2558610951293,1995.7717749535566,233.32762472919424,517.1155107490081,2.167402700892857,1834.600113635913,1129.9374063640873,1906.9052626835316,249.32908860119045,517.1155107490081,2.167402700892857,1834.600113635913,1129.9374063640873,1906.9052626835316,249.32908860119045
2026-02-05 06:00:00+00:00,1172.70975,0.06599999999999984,3893.3149999999996,1229.3885,2119.634,229.418,481.1138544495404,22.237779488596196,4920.084053133651,1313.0508831644738,2036.5276774039144,213.7094745189918,517.1155107490081,2.167402700892857,1834.600113635913,1129.9374063640873,1906.9052626835316,249.32908860119045,517.1155107490081,2.167402700892857,1834.600113635913,1129.9374063640873,1906.9052626835316,249.32908860119045
2026-02-05 07:00:00+00:00,1129.28475,0.06599999999999984,3908.9032499999994,1690.7935,2192.70525,229.418,460.53854806223023,4.303560676593278,4785.712935773107,1594.002596541811,2182.522834481485,235.4112232596133,517.1155107490081,2.167402700892857,1834.600113635913,1129.9374063640873,1906.9052626835316,249.32908860119045,517.1155107490081,2.167402700892857,1834.600113635913,1129.9374063640873,1906.9052626835316,249.32908860119045
2026-02-05 08:00:00+00:00,1129.615,0.06599999999999984,4031.91075,1224.05125,2196.674,229.378,404.5929899085561,6.023501828511684,4894.068472038602,1260.6443754346612,2179.9892793269228,231.61736557310658,517.1155107490081,2.167402700892857,1834.600113635913,1129.9374063640873,1906.9052626835316,249.32908860119045,517.1155107490081,2.167402700892857,1834.600113635913,1129.9374063640873,1906.9052626835316,249.32908860119045
2026-02-05 09:00:00+00:00,1105.17275,0.06599999999999984,4158.49475,1275.87725,2157.413,235.352,418.5870783458266,-0.9314707259538606,4917.680683372436,899.2089120702775,2119.9198897904225,232.0433122927432,517.1155107490081,2.167402700892857,1834.600113635913,1129.9374063640873,1906.9052626835316,249.32908860119045,517.1155107490081,2.167402700892857,1834.600113635913,1129.9374063640873,1906.9052626835316,249.32908860119045
2026-02-05 10:00:00+00:00,1094.56825,0.06599999999999984,4283.29725,1134.52825,2119.7465,237.33,448.9983805421302,3.5885090866038585,4558.9218924889965,657.5054489669652,2073.68547130428,240.64766946883617,517.1155107490081,2.167402700892857,1834.600113635913,1129.9374063640873,1906.9052626835316,249.32908860119045,517.1155107490081,2.167402700892857,1834.600113635913,1129.9374063640873,1906.9052626835316,249.32908860119045
2026-02-05 11:00:00+00:00,1046.209,41.03375,4114.22725,701.2035,2045.05225,237.37,408.7897319965237,2.042164859846045,4427.009545211914,603.0172861584583,2066.3720842986,232.24606926409274,517.1155107490081,2.167402700892857,1834.600113635913,1129.9374063640873,1906.9052626835316,249.32908860119045,517.1155107490081,2.167402700892857,1834.600113635913,1129.9374063640873,1906.9052626835316,249.32908860119045
2026-02-05 12:00:00+00:00,942.47175,82.0015,3891.29025,651.3465,2028.676,237.41,396.93021758070125,18.657116590526705,4307.114085055093,571.6046093465876,2059.497132247993,232.03348507482517,517.1155107490081,2.167402700892857,1834.600113635913,1129.9374063640873,1906.9052626835316,249.32908860119045,517.1155107490081,2.167402700892857,1834.600113635913,1129.9374063640873,1906.9052626835316,249.32908860119045
2026-02-05 13:00:00+00:00,991.9905000000001,81.316,3988.8459999999995,634.6712500000001,2019.79425,237.41,421.6915503422276,9.76900656737895,4096.455984517854,583.2649874682802,2027.6002866665565,235.41966224611258,517.1155107490081,2.167402700892857,1834.600113635913,1129.9374063640873,1906.9052626835316,249.32908860119045,517.1155107490081,2.167402700892857,1834.600113635913,1129.9374063640873,1906.9052626835316,249.32908860119045
2026-02-05 14:00:00+00:00,904.30375,80.92325,4016.32675,548.9305,2036.4095,243.344,503.8544670613123,6.866191781313027,4418.900146115365,613.8504827501051,2068.208195316207,229.99247531188803,517.1155107490081,2.167402700892857,1834.600113635913,1129.9374063640873,1906.9052626835316,249.32908860119045,517.1155107490081,2.167402700892857,1834.600113635913,1129.9374063640873,1906.9052626835316,249.32908860119045
2026-02-05 15:00:00+00:00,1057.36025,79.91375,4212.5875,757.56375,2126.3655,245.282,432.20205418680183,4.198788953639772,4470.073514470795,778.344342836712,2098.0534127561173,219.2385932201323,517.1155107490081,2.167402700892857,1834.600113635913,1129.9374063640873,1906.9052626835316,249.32908860119045,517.1155107490081,2.167402700892857,1834.600113635913,1129.9374063640873,1906.9052626835316,249.32908860119045
2026-02-05 16:00:00+00:00,1083.2235,0.06599999999999984,4297.70925,1387.2145,2213.29925,245.282,451.2637320883565,8.728737811253525,5046.1531528429205,1181.6810845970808,2164.483692595348,232.43887469166032,517.1155107490081,2.167402700892857,1834.600113635913,1129.9374063640873,1906.9052626835316,249.32908860119045,517.1155107490081,2.167402700892857,1834.600113635913,1129.9374063640873,1906.9052626835316,249.32908860119045
2026-02-05 17:00:00+00:00,1185.3867500000001,0.06599999999999984,4313.6705,1416.4182500000002,2241.24925,245.243,576.6143732690767,18.35883191828147,5075.34977673716,1346.2481743442793,2307.3139198610966,239.90613651746534,517.1155107490081,2.167402700892857,1834.600113635913,1129.9374063640873,1906.9052626835316,249.32908860119045,517.1155107490081,2.167402700892857,1834.600113635913,1129.9374063640873,1906.9052626835316,249.32908860119045
2026-02-05 18:00:00+00:00,1199.74675,0.06599999999999984,4091.5,1092.6365,2217.77725,245.243,674.7396618838767,11.887385738711512,5021.562991109011,1183.716914320644,2233.0077881011416,232.20032198471696,517.1155107490081,2.167402700892857,1834.600113635913,1129.9374063640873,1906.9052626835316,249.32908860119045,517.1155107490081,2.167402700892857,1834.600113635913,1129.9374063640873,1906.9052626835316,249.32908860119045
2026-02-05 19:00:00+00:00,1129.75025,0.06599999999999984,4003.4299999999994,923.7727500000001,2131.338,245.243,647.3356759773919,6.433408986370109,4598.9208745326505,914.7763556822262,2113.0457433552388,214.32043306899868,517.1155107490081,2.167402700892857,1834.600113635913,1129.9374063640873,1906.9052626835316,249.32908860119045,517.1155107490081,2.167402700892857,1834.600113635913,1129.9374063640873,1906.9052626835316,249.32908860119045
2026-02-05 20:00:00+00:00,1341.81475,0.06599999999999984,3818.8064999999997,605.9505,2053.7235,251.177,541.2561087060735,5.845356734142778,4421.008688735737,790.8681481872457,2034.2237587073648,220.35311905070566,517.1155107490081,2.167402700892857,1834.600113635913,1129.9374063640873,1906.9052626835316,249.32908860119045,517.1155107490081,2.167402700892857,1834.600113635913,1129.9374063640873,1906.9052626835316,249.32908860119045
2026-02-05 21:00:00+00:00,1306.5605,0.06599999999999984,3745.2535,461.70000000000005,1995.76875,253.115,567.6328964562425,0.9103153973234845,4376.1239421188775,710.8283319418308,2008.3677479823482,206.6818328422689,517.1155107490081,2.167402700892857,1834.600113635913,1129.9374063640873,1906.9052626835316,249.32908860119045,517.1155107490081,2.167402700892857,1834.600113635913,1129.9374063640873,1906.9052626835316,249.32908860119045
2026-02-05 22:00:00+00:00,1165.9215,0.06599999999999984,3746.928,366.84399999999994,1959.01775,253.115,547.8662378216795,0.22302869117231117,4222.199386370013,659.5818689183864,1998.9144485584764,190.13998143885962,517.1155107490081,2.167402700892857,1834.600113635913,1129.9374063640873,1906.9052626835316,249.32908860119045,517.1155107490081,2.167402700892857,1834.600113635913,1129.9374063640873,1906.9052626835316,249.32908860119045
2026-02-05 23:00:00+00:00,1142.63625,0.06599999999999984,3820.53175,359.63300000000004,1909.988,219.48775,639.7538761293412,-0.5034849563895256,3951.1047714201904,684.5812911962378,1955.6387956776562,187.6851026476504,517.1155107490081,2.167402700892857,1834.600113635913,1129.9374063640873,1906.9052626835316,249.32908860119045,517.1155107490081,2.167402700892857,1834.600113635913,1129.9374063640873,1906.9052626835316,249.32908860119045
2026-02-06 00:00:00+00:00,1186.16775,0.06599999999999984,3873.43775,347.88225,1903.037,225.422,631.5129729447909,-0.43739648203237635,3890.1832167521297,612.2684185419121,1952.5280073716087,196.6455203439456,517.1155107490081,2.167402700892857,1834.600113635913,1129.9374063640873,1906.9052626835316,249.32908860119045,517.1155107490081,2.167402700892857,1834.600113635913,1129.9374063640873,1906.9052626835316,249.32908860119045
2026-02-06 01:00:00+00:00,1190.44725,0.06599999999999984,3773.5547500000002,349.0685,1895.7275,225.462,694.6328764214087,-0.4787352204647677,3807.3777542270604,630.0708585735197,1925.6887902945846,188.97248089216748,517.1155107490081,2.167402700892857,1834.600113635913,1129.9374063640873,1906.9052626835316,249.32908860119045,517.1155107490081,2.167402700892857,1834.600113635913,1129.9374063640873,1906.9052626835316,249.32908860119045
2026-02-06 02:00:00+00:00,1186.944,0.06599999999999984,3587.7487500000007,344.3175,1888.00975,225.462,730.4157187198591,-0.34634548412586597,3906.593890877629,623.6932569773754,1916.2359988712026,193.04519143738065,517.1155107490081,2.167402700892857,1834.600113635913,1129.9374063640873,1906.9052626835316,249.32908860119045,517.1155107490081,2.167402700892857,1834.600113635913,1129.9374063640873,1906.9052626835316,249.32908860119045
2026-02-06 03:00:00+00:00,1177.7735,0.06599999999999984,3646.11425,345.9382499999999,1903.57125,219.488,779.079684785602,-0.919675705410044,4181.147812569808,602.7956403970197,1936.1233284429102,194.67797161856657,517.1155107490081,2.167402700892857,1834.600113635913,1129.9374063640873,1906.9052626835316,249.32908860119045,517.1155107490081,2.167402700892857,1834.600113635913,1129.9374063640873,1906.9052626835316,249.32908860119045
2026-02-06 04:00:00+00:00,1127.237,0.06599999999999984,3732.38125,356.47299999999996,1944.099,214.543,757.420122429018,-0.33661741864032413,4122.3688386217855,671.8834864692855,1921.6778353276338,214.3538075810392,517.1155107490081,2.167402700892857,1834.600113635913,1129.9374063640873,1906.9052626835316,249.32908860119045,517.1155107490081,2.167402700892857,1834.600113635913,1129.9374063640873,1906.9052626835316,249.32908860119045
2026-02-06 05:00:00+00:00,1313.97225,0.06599999999999984,4239.2162499999995,720.9935000000002,2050.2235,213.554,952.3491690980384,-0.3174905243374275,4798.1146866291665,916.9727766882843,1996.565302972393,223.1687099626364,517.1155107490081,2.167402700892857,1834.600113635913,1129.9374063640873,1906.9052626835316,249.32908860119045,517.1155107490081,2.167402700892857,1834.600113635913,1129.9374063640873,1906.9052626835316,249.32908860119045
2026-02-06 06:00:00+00:00,1266.03,0.06599999999999984,4379.283,1191.483,2149.18975,213.554,1096.5229044370008,-2.0140129495289476,4850.914778836508,1451.053277450474,1961.2490458978095,183.99420016660844,517.1155107490081,2.167402700892857,1834.600113635913,1129.9374063640873,1906.9052626835316,249.32908860119045,517.1155107490081,2.167402700892857,1834.600113635913,1129.9374063640873,1906.9052626835316,249.32908860119045
2026-02-06 07:00:00+00:00,1209.4015,0.06599999999999984,4270.5255,1387.4932500000002,2203.034,213.593,1108.6493217192224,4.869403765071196,5185.987458483119,1775.0485813770038,1993.5219293485436,192.36669292099816,517.1155107490081,2.167402700892857,1834.600113635913,1129.9374063640873,1906.9052626835316,249.32908860119045,517.1155107490081,2.167402700892857,1834.600113635913,1129.9374063640873,1906.9052626835316,249.32908860119045
2026-02-06 08:00:00+00:00,1204.53175,0.06599999999999984,4622.20275,996.26,2187.5145,213.593,1042.4742895360823,4.595287060732663,5206.78291753428,1401.627236877533,2086.2065879313186,196.08997952153388,517.1155107490081,2.167402700892857,1834.600113635913,1129.9374063640873,1906.9052626835316,249.32908860119045,517.1155107490081,2.167402700892857,1834.600113635913,1129.9374063640873,1906.9052626835316,249.32908860119045
2026-02-06 09:00:00+00:00,1341.4472500000002,0.06599999999999984,4648.598,875.13525,2118.8537499999998,219.567,928.960737730966,4.4404127543556955,5080.226036003025,1135.134254043938,2066.2772545950993,216.29305443584263,517.1155107490081,2.167402700892857,1834.600113635913,1129.9374063640873,1906.9052626835316,249.32908860119045,517.1155107490081,2.167402700892857,1834.600113635913,1129.9374063640873,1906.9052626835316,249.32908860119045
2026-02-06 10:00:00+00:00,1432.42825,0.06599999999999984,4709.68775,979.2397500000001,2056.2715,221.585,942.317389158032,3.744964874591642,4877.108412339075,949.4756287915067,2036.891161721143,219.16560431677055,517.1155107490081,2.167402700892857,1834.600113635913,1129.9374063640873,1906.9052626835316,249.32908860119045,517.1155107490081,2.167402700892857,1834.600113635913,1129.9374063640873,1906.9052626835316,249.32908860119045
2026-02-06 11:00:00+00:00,1415.1925,0.06599999999999984,4630.92075,598.424,2007.7640000000001,221.624,1024.7199951788984,5.409365559206684,4642.901353855541,874.1623471134587,1986.8314589388683,221.55146452913505,517.1155107490081,2.167402700892857,1834.600113635913,1129.9374063640873,1906.9052626835316,249.32908860119045,517.1155107490081,2.167402700892857,1834.600113635913,1129.9374063640873,1906.9052626835316,249.32908860119045
2026-02-06 12:00:00+00:00,1402.76575,0.06599999999999984,4601.564249999999,467.7739999999999,1998.088,221.664,989.3516294318899,9.156012490790399,4421.929155712148,959.2003540275848,1977.9660992367317,239.680805820668,517.1155107490081,2.167402700892857,1834.600113635913,1129.9374063640873,1906.9052626835316,249.32908860119045,517.1155107490081,2.167402700892857,1834.600113635913,1129.9374063640873,1906.9052626835316,249.32908860119045
2026-02-06 13:00:00+00:00,1353.58525,0.06599999999999984,4634.62275,447.72375,2007.73325,221.664,958.3306515035916,0.7707815937650282,4397.2725872035035,961.2302779347112,2002.3643644833865,239.21274055317548,517.1155107490081,2.167402700892857,1834.600113635913,1129.9374063640873,1906.9052626835316,249.32908860119045,517.1155107490081,2.167402700892857,1834.600113635913,1129.9374063640873,1906.9052626835316,249.32908860119045
2026-02-06 14:00:00+00:00,1191.20175,0.06599999999999984,4744.6717499999995,498.42975,2050.2135,221.664,888.1291371644188,2.1746549611010946,4490.02898919677,977.4702606499225,2021.064402717588,215.57470687745518,517.1155107490081,2.167402700892857,1834.600113635913,1129.9374063640873,1906.9052626835316,249.32908860119045,517.1155107490081,2.167402700892857,1834.600113635913,1129.9374063640873,1906.9052626835316,249.32908860119045
2026-02-06 15:00:00+00:00,1182.672,0.06599999999999984,4779.247,715.561,2152.9205,221.624,912.1237388921318,3.0840882790558877,4541.786116234217,1191.540677540849,2049.097376654147,208.94203602058593,517.1155107490081,2.167402700892857,1834.600113635913,1129.9374063640873,1906.9052626835316,249.32908860119045,517.1155107490081,2.167402700892857,1834.600113635913,1129.9374063640873,1906.9052626835316,249.32908860119045
2026-02-06 16:00:00+00:00,1043.71025,0.06599999999999984,4823.218500000001,1241.7795,2251.85,221.624,1090.3782283596224,2.8028714979864673,4542.2718477125245,1559.8840072189223,2114.357076036008,220.44515797797638,517.1155107490081,2.167402700892857,1834.600113635913,1129.9374063640873,1906.9052626835316,249.32908860119045,517.1155107490081,2.167402700892857,1834.600113635913,1129.9374063640873,1906.9052626835316,249.32908860119045
2026-02-06 17:00:00+00:00,928.729,0.06599999999999984,4823.2785,1113.66325,2296.27,221.624,859.6247715694324,2.7625411161473896,4698.9027554463555,1557.8906203273036,2126.184525263243,236.485822416233,517.1155107490081,2.167402700892857,1834.600113635913,1129.9374063640873,1906.9052626835316,249.32908860119045,517.1155107490081,2.167402700892857,1834.600113635913,1129.9374063640873,1906.9052626835316,249.32908860119045
2026-02-06 18:00:00+00:00,929.5060000000001,0.06599999999999984,4803.6505,834.5260000000001,2278.784,221.624,677.2458813815928,1.8681266755443624,4577.296823052316,1227.2067667066326,2170.04926539832,236.11310686796807,517.1155107490081,2.167402700892857,1834.600113635913,1129.9374063640873,1906.9052626835316,249.32908860119045,517.1155107490081,2.167402700892857,1834.600113635913,1129.9374063640873,1906.9052626835316,249.32908860119045
2026-02-06 19:00:00+00:00,809.2950000000001,0.06599999999999984,4693.55425,433.5174999999999,2203.00425,221.624,650.2225623609663,-0.2759409516204876,4146.872495167212,814.235242911671,2071.999603454248,239.86915113662647,517.1155107490081,2.167402700892857,1834.600113635913,1129.9374063640873,1906.9052626835316,249.32908860119045,517.1155107490081,2.167402700892857,1834.600113635913,1129.9374063640873,1906.9052626835316,249.32908860119045
2026-02-06 20:00:00+00:00,801.957,0.06599999999999984,4599.24275,438.64324999999997,2104.705,224.59175,529.5428602272111,-0.22046831201685357,3763.0449950091765,740.6382197481573,2005.1760586775695,230.26208072466653,517.1155107490081,2.167402700892857,1834.600113635913,1129.9374063640873,1906.9052626835316,249.32908860119045,517.1155107490081,2.167402700892857,1834.600113635913,1129.9374063640873,1906.9052626835316,249.32908860119045
2026-02-06 21:00:00+00:00,893.39,0.06599999999999984,4525.619500000001,433.1312499999999,2028.4655,225.581,582.3393250166989,-0.0719354058917685,3812.342230098093,632.9122887316923,2004.0514502813855,237.8545062915994,517.1155107490081,2.167402700892857,1834.600113635913,1129.9374063640873,1906.9052626835316,249.32908860119045,517.1155107490081,2.167402700892857,1834.600113635913,1129.9374063640873,1906.9052626835316,249.32908860119045
2026-02-06 22:00:00+00:00,960.40175,0.06599999999999984,3860.581,422.19875,1988.93275,229.181,614.3643132871456,-0.1300943052733019,3153.9930712700952,613.0888914361834,1970.2392448300855,221.51515890020463,517.1155107490081,2.167402700892857,1834.600113635913,1129.9374063640873,1906.9052626835316,249.32908860119045,517.1155107490081,2.167402700892857,1834.600113635913,1129.9374063640873,1906.9052626835316,249.32908860119045
2026-02-06 23:00:00+00:00,926.50425,0.06599999999999984,3677.3732499999996,412.77599999999995,1944.1925,205.325,557.4491849526038,0.0767421665338004,3071.3301383450607,596.5854943780547,1960.214075383253,211.91863374803137,517.1155107490081,2.167402700892857,1834.600113635913,1129.9374063640873,1906.9052626835316,249.32908860119045,517.1155107490081,2.167402700892857,1834.600113635913,1129.9374063640873,1906.9052626835316,249.32908860119045
2026-02-07 00:00:00+00:00,924.783,0.06599999999999984,3607.55575,404.46849999999995,1936.3754999999999,200.815,718.3655296500849,-0.5260853143892215,2808.147863315061,577.27685824729,1953.3518763215652,223.4013928087636,517.1155107490081,2.167402700892857,1834.600113635913,1129.9374063640873,1906.9052626835316,249.32908860119045,517.1155107490081,2.167402700892857,1834.600113635913,1129.9374063640873,1906.9052626835316,249.32908860119045
2026-02-07 01:00:00+00:00,933.4300000000001,0.06599999999999984,3558.7875,416.4480000000001,1925.718,201.567,679.2787596927145,-0.5260853143892215,2749.1846729824556,566.7380681635191,1933.3238023347785,220.80162841590018,517.1155107490081,2.167402700892857,1834.600113635913,1129.9374063640873,1906.9052626835316,249.32908860119045,517.1155107490081,2.167402700892857,1834.600113635913,1129.9374063640873,1906.9052626835316,249.32908860119045
2026-02-07 02:00:00+00:00,928.6915,0.06599999999999984,3541.872,415.01225,1918.74675,200.261,693.68191701006,-0.456593894824016,2699.2690092095645,605.0246369164813,1929.0457102819264,219.92530697042878,517.1155107490081,2.167402700892857,1834.600113635913,1129.9374063640873,1906.9052626835316,249.32908860119045,517.1155107490081,2.167402700892857,1834.600113635913,1129.9374063640873,1906.9052626835316,249.32908860119045
2026-02-07 03:00:00+00:00,928.2565,0.06599999999999984,3553.41975,402.1379999999999,1933.5185,197.887,706.9450649081208,-0.9438987960568404,2623.2528214067192,625.4546881418289,1927.7381774504602,220.07939564356812,517.1155107490081,2.167402700892857,1834.600113635913,1129.9374063640873,1906.9052626835316,249.32908860119045,517.1155107490081,2.167402700892857,1834.600113635913,1129.9374063640873,1906.9052626835316,249.32908860119045
2026-02-07 04:00:00+00:00,947.4082500000001,0.06599999999999984,3524.4182499999997,398.2102500000001,1965.4027500000002,198.87625,713.3611219450204,-0.555855150154013,2671.0576312666417,598.2814091224724,1944.3707792976795,221.52998159853271,517.1155107490081,2.167402700892857,1834.600113635913,1129.9374063640873,1906.9052626835316,249.32908860119045,517.1155107490081,2.167402700892857,1834.600113635913,1129.9374063640873,1906.9052626835316,249.32908860119045
2026-02-07 05:00:00+00:00,927.62175,0.06599999999999984,3654.7365,403.8902499999999,2075.9314999999997,194.92000000000002,776.381094631887,-0.19198611857371706,3228.126404101,574.7415969951111,1986.859997196307,223.18962770094254,517.1155107490081,2.167402700892857,1834.600113635913,1129.9374063640873,1906.9052626835316,249.32908860119045,517.1155107490081,2.167402700892857,1834.600113635913,1129.9374063640873,1906.9052626835316,249.32908860119045
2026-02-07 06:00:00+00:00,955.05075,0.06599999999999984,3689.2455,408.05774999999994,2210.06025,193.931,829.9542573684671,-0.09037833258875327,2956.1137109380206,812.5696059205547,2081.870927107828,218.62246213475197,517.1155107490081,2.167402700892857,1834.600113635913,1129.9374063640873,1906.9052626835316,249.32908860119045,517.1155107490081,2.167402700892857,1834.600113635913,1129.9374063640873,1906.9052626835316,249.32908860119045
2026-02-07 07:00:00+00:00,1000.7507499999999,0.06599999999999984,3843.7577499999998,442.4235,2259.346,193.931,855.6487737405766,-0.16783080786714155,3306.8923177724064,864.5061465216797,2166.110614148908,217.55015016476443,517.1155107490081,2.167402700892857,1834.600113635913,1129.9374063640873,1906.9052626835316,249.32908860119045,517.1155107490081,2.167402700892857,1834.600113635913,1129.9374063640873,1906.9052626835316,249.32908860119045
2026-02-07 08:00:00+00:00,1001.6715,0.06599999999999984,3790.845,475.6424999999999,2232.21075,193.931,937.3516783511338,-0.32340769670138414,3265.2508383318063,793.3568788209589,2125.4671390022695,223.41728261600832,517.1155107490081,2.167402700892857,1834.600113635913,1129.9374063640873,1906.9052626835316,249.32908860119045,517.1155107490081,2.167402700892857,1834.600113635913,1129.9374063640873,1906.9052626835316,249.32908860119045
2026-02-07 09:00:00+00:00,988.649,0.06599999999999984,3689.83075,499.47575000000006,2163.07725,196.938,972.7663166336567,-0.022827105568334893,3130.8082667157905,596.7868046422733,2004.1020228001516,216.63807764230336,517.1155107490081,2.167402700892857,1834.600113635913,1129.9374063640873,1906.9052626835316,249.32908860119045,517.1155107490081,2.167402700892857,1834.600113635913,1129.9374063640873,1906.9052626835316,249.32908860119045
2026-02-07 10:00:00+00:00,946.1152500000001,0.06599999999999984,3644.34525,519.37175,2105.24525,197.927,980.5348393879452,-0.8632226536653245,3126.9272344309584,593.3082251359483,1966.5544235890118,221.43840026801627,517.1155107490081,2.167402700892857,1834.600113635913,1129.9374063640873,1906.9052626835316,249.32908860119045,517.1155107490081,2.167402700892857,1834.600113635913,1129.9374063640873,1906.9052626835316,249.32908860119045
2026-02-07 11:00:00+00:00,923.23975,0.06599999999999984,3653.14225,509.55025,2040.43075,197.967,1017.8824639144343,-0.10810177785557462,2576.1509502587155,550.190569837435,1981.613450325578,204.58493120478974,517.1155107490081,2.167402700892857,1834.600113635913,1129.9374063640873,1906.9052626835316,249.32908860119045,517.1155107490081,2.167402700892857,1834.600113635913,1129.9374063640873,1906.9052626835316,249.32908860119045
2026-02-07 12:00:00+00:00,874.671,0.06599999999999984,3647.33425,516.68625,2033.87675,197.967,961.3873935620236,-0.4314155331312759,2446.505076676685,607.0832323943788,2008.156945137034,193.54102954087318,517.1155107490081,2.167402700892857,1834.600113635913,1129.9374063640873,1906.9052626835316,249.32908860119045,517.1155107490081,2.167402700892857,1834.600113635913,1129.9374063640873,1906.9052626835316,249.32908860119045
2026-02-07 13:00:00+00:00,890.5409999999999,0.06599999999999984,3657.5607499999996,491.10775,2043.4825,198.52,887.3550353697176,0.9807272195962762,2397.2266520470725,614.1442211871351,2021.625275356847,200.4486987610083,517.1155107490081,2.167402700892857,1834.600113635913,1129.9374063640873,1906.9052626835316,249.32908860119045,517.1155107490081,2.167402700892857,1834.600113635913,1129.9374063640873,1906.9052626835316,249.32908860119045
2026-02-07 14:00:00+00:00,972.72425,0.06599999999999984,3804.684,469.44325000000003,2089.18275,198.243,1033.4573279614847,-0.4541680994791526,3027.6814609724706,637.5346902038733,2079.567554812023,205.31464887761078,517.1155107490081,2.167402700892857,1834.600113635913,1129.9374063640873,1906.9052626835316,249.32908860119045,517.1155107490081,2.167402700892857,1834.600113635913,1129.9374063640873,1906.9052626835316,249.32908860119045
2026-02-07 15:00:00+00:00,1006.0922500000001,0.06599999999999984,3831.529,462.29475,2203.85,197.927,1114.4957688648406,-0.3774531589864072,3442.767211229029,823.938353579427,2142.527139926891,202.07735217592855,517.1155107490081,2.167402700892857,1834.600113635913,1129.9374063640873,1906.9052626835316,249.32908860119045,517.1155107490081,2.167402700892857,1834.600113635913,1129.9374063640873,1906.9052626835316,249.32908860119045
2026-02-07 16:00:00+00:00,1027.37025,0.06599999999999984,3901.67475,832.3182500000001,2278.47075,197.927,1086.735083669558,-0.35261294728154624,3628.2479905887094,1140.0387468117606,2162.4377129638247,212.74230489281044,517.1155107490081,2.167402700892857,1834.600113635913,1129.9374063640873,1906.9052626835316,249.32908860119045,517.1155107490081,2.167402700892857,1834.600113635913,1129.9374063640873,1906.9052626835316,249.32908860119045
2026-02-07 17:00:00+00:00,1015.90075,0.06599999999999984,3908.92075,904.221,2289.9845,197.887,955.3134299956787,0.7551861688864272,4327.939828497937,1200.9570055719803,2023.3587406434021,206.7162743995196,517.1155107490081,2.167402700892857,1834.600113635913,1129.9374063640873,1906.9052626835316,249.32908860119045,517.1155107490081,2.167402700892857,1834.600113635913,1129.9374063640873,1906.9052626835316,249.32908860119045
2026-02-07 18:00:00+00:00,1016.3602500000001,0.06599999999999984,3880.8025,650.96,2257.0975,197.887,787.8518372823726,-0.38383621600551665,4105.930928082414,884.7237247730144,2176.976312087073,205.38757817840707,517.1155107490081,2.167402700892857,1834.600113635913,1129.9374063640873,1906.9052626835316,249.32908860119045,517.1155107490081,2.167402700892857,1834.600113635913,1129.9374063640873,1906.9052626835316,249.32908860119045
2026-02-07 19:00:00+00:00,988.056,0.06599999999999984,3862.603,433.92324999999994,2175.03575,197.887,826.7218242273788,1.3369126149037571,3593.7424207552094,584.4044834305345,2084.2368130751233,198.97225405178068,517.1155107490081,2.167402700892857,1834.600113635913,1129.9374063640873,1906.9052626835316,249.32908860119045,517.1155107490081,2.167402700892857,1834.600113635913,1129.9374063640873,1906.9052626835316,249.32908860119045
2026-02-07 20:00:00+00:00,941.4594999999999,0.06599999999999984,3782.7045,431.3097499999999,2087.00975,197.967,818.3541232564344,0.21011386288268974,3376.1231752114413,571.0506849777742,2045.4704769157456,213.22971664113373,517.1155107490081,2.167402700892857,1834.600113635913,1129.9374063640873,1906.9052626835316,249.32908860119045,517.1155107490081,2.167402700892857,1834.600113635913,1129.9374063640873,1906.9052626835316,249.32908860119045
2026-02-07 21:00:00+00:00,936.1255,0.06599999999999984,3562.8095000000003,427.1334999999999,2025.5900000000001,205.00875,772.7274375216595,-0.2321032981081954,3271.626623625184,510.3424407375703,2048.629236180428,211.1502151093717,517.1155107490081,2.167402700892857,1834.600113635913,1129.9374063640873,1906.9052626835316,249.32908860119045,517.1155107490081,2.167402700892857,1834.600113635913,1129.9374063640873,1906.9052626835316,249.32908860119045
2026-02-07 22:00:00+00:00,951.6587499999998,0.06599999999999984,3400.00225,413.98225,1989.40175,201.844,734.5025099821773,0.20243920028583817,3313.927851604631,543.0144098406287,1997.1310598191421,216.55203180060553,517.1155107490081,2.167402700892857,1834.600113635913,1129.9374063640873,1906.9052626835316,249.32908860119045,517.1155107490081,2.167402700892857,1834.600113635913,1129.9374063640873,1906.9052626835316,249.32908860119045
2026-02-07 23:00:00+00:00,946.34525,0.06599999999999984,3369.763,394.17824999999993,1936.76925,207.897,700.5127301642088,0.20243920028583817,3064.7642060012918,537.7005082569616,1979.6781103096532,224.30737567401948,517.1155107490081,2.167402700892857,1834.600113635913,1129.9374063640873,1906.9052626835316,249.32908860119045,517.1155107490081,2.167402700892857,1834.600113635913,1129.9374063640873,1906.9052626835316,249.32908860119045
2026-02-08 00:00:00+00:00,945.829,0.06599999999999984,3323.9365,379.8064999999999,1915.16125,205.048,702.9319911396831,-0.36895601680849,2578.9016041193704,435.6771835865368,1942.6554199203342,212.65866904327646,517.1155107490081,2.167402700892857,1834.600113635913,1129.9374063640873,1906.9052626835316,249.32908860119045,517.1155107490081,2.167402700892857,1834.600113635913,1129.9374063640873,1906.9052626835316,249.32908860119045
2026-02-08 01:00:00+00:00,945.212,0.06599999999999984,3504.75225,377.35175000000004,1911.27775,205.721,689.5523373071209,-0.517531668479501,2508.1356452620785,486.73305627580567,1916.2910554979226,210.0304814868396,517.1155107490081,2.167402700892857,1834.600113635913,1129.9374063640873,1906.9052626835316,249.32908860119045,517.1155107490081,2.167402700892857,1834.600113635913,1129.9374063640873,1906.9052626835316,249.32908860119045
2026-02-08 02:00:00+00:00,943.27575,0.06599999999999984,3558.3105,365.8354999999999,1906.66975,204.415,721.84379229693,-0.517531668479501,2697.6697140828514,501.69292256181006,1918.4002380364923,200.81441087126427,517.1155107490081,2.167402700892857,1834.600113635913,1129.9374063640873,1906.9052626835316,249.32908860119045,517.1155107490081,2.167402700892857,1834.600113635913,1129.9374063640873,1906.9052626835316,249.32908860119045
2026-02-08 03:00:00+00:00,940.8665,0.06599999999999984,3462.3245,370.45550000000003,1918.84275,202.081,696.3137828697297,-0.517531668479501,2738.6798277055364,491.76904279919336,1907.6346513886351,195.31471936133119,517.1155107490081,2.167402700892857,1834.600113635913,1129.9374063640873,1906.9052626835316,249.32908860119045,517.1155107490081,2.167402700892857,1834.600113635913,1129.9374063640873,1906.9052626835316,249.32908860119045
2026-02-08 04:00:00+00:00,926.86675,0.06599999999999984,3479.38125,382.0775,1948.6295,198.83700000000002,692.1894192582319,-0.5481793824616905,2786.8364207837635,477.7624417384003,1912.253185773678,197.92060096960074,517.1155107490081,2.167402700892857,1834.600113635913,1129.9374063640873,1906.9052626835316,249.32908860119045,517.1155107490081,2.167402700892857,1834.600113635913,1129.9374063640873,1906.9052626835316,249.32908860119045
2026-02-08 05:00:00+00:00,935.86275,0.06599999999999984,3483.8525,374.438,2063.06025,197.848,652.6903148151359,-0.5481793824616905,2861.2880939926827,471.04663570102105,1947.5399930296178,198.11463436055658,517.1155107490081,2.167402700892857,1834.600113635913,1129.9374063640873,1906.9052626835316,249.32908860119045,517.1155107490081,2.167402700892857,1834.600113635913,1129.9374063640873,1906.9052626835316,249.32908860119045
2026-02-08 06:00:00+00:00,941.32375,0.06599999999999984,3385.0225,365.105,2185.6625,197.848,613.5556186274556,-0.5481793824616905,2532.938078249832,593.3965031159015,1974.3853000390955,193.44666620614328,517.1155107490081,2.167402700892857,1834.600113635913,1129.9374063640873,1906.9052626835316,249.32908860119045,517.1155107490081,2.167402700892857,1834.600113635913,1129.9374063640873,1906.9052626835316,249.32908860119045
2026-02-08 07:00:00+00:00,943.84575,0.06599999999999984,3593.014,356.93100000000004,2232.3125,197.848,610.8453676452434,-0.4552020123178293,2723.028973369752,599.4043760916494,2097.556178109761,203.09748832469953,517.1155107490081,2.167402700892857,1834.600113635913,1129.9374063640873,1906.9052626835316,249.32908860119045,517.1155107490081,2.167402700892857,1834.600113635913,1129.9374063640873,1906.9052626835316,249.32908860119045
2026-02-08 08:00:00+00:00,946.0740000000001,0.06599999999999984,3578.55325,361.62649999999996,2194.1815,197.848,683.5122995637828,-0.2751200168944554,2682.5515935188087,652.9074704860977,2094.4751220586845,202.53001934469398,517.1155107490081,2.167402700892857,1834.600113635913,1129.9374063640873,1906.9052626835316,249.32908860119045,517.1155107490081,2.167402700892857,1834.600113635913,1129.9374063640873,1906.9052626835316,249.32908860119045
2026-02-08 09:00:00+00:00,937.4365,0.06599999999999984,3479.2675,384.875,2135.63375,200.85475,530.5455871427076,-0.2192994579647518,2786.8799576925094,534.428184677952,2003.342661720294,200.40838651262925,517.1155107490081,2.167402700892857,1834.600113635913,1129.9374063640873,1906.9052626835316,249.32908860119045,517.1155107490081,2.167402700892857,1834.600113635913,1129.9374063640873,1906.9052626835316,249.32908860119045
2026-02-08 10:00:00+00:00,926.71675,0.06599999999999984,3488.1975,440.76525000000004,2096.26575,201.844,499.00030060541246,-0.2582609543185854,2912.4182382822983,548.2375720149291,1972.6043560929543,197.66994363574742,517.1155107490081,2.167402700892857,1834.600113635913,1129.9374063640873,1906.9052626835316,249.32908860119045,517.1155107490081,2.167402700892857,1834.600113635913,1129.9374063640873,1906.9052626835316,249.32908860119045
2026-02-08 11:00:00+00:00,932.83975,0.06599999999999984,3492.87875,406.4984999999999,2037.22975,201.883,481.00612057728296,-0.26585549976738676,2533.5127309320474,513.8252301039089,1970.8686524850389,200.69166536058663,517.1155107490081,2.167402700892857,1834.600113635913,1129.9374063640873,1906.9052626835316,249.32908860119045,517.1155107490081,2.167402700892857,1834.600113635913,1129.9374063640873,1906.9052626835316,249.32908860119045
2026-02-08 12:00:00+00:00,936.29125,0.06599999999999984,3502.6745,412.47875,2024.896,201.883,372.0648930361176,-0.4547818324940245,2562.817990681258,475.6841689343271,1951.2309422975547,202.11270925125447,517.1155107490081,2.167402700892857,1834.600113635913,1129.9374063640873,1906.9052626835316,249.32908860119045,517.1155107490081,2.167402700892857,1834.600113635913,1129.9374063640873,1906.9052626835316,249.32908860119045
2026-02-08 13:00:00+00:00,938.18175,0.06599999999999984,3565.4215000000004,415.047,2043.4895000000001,202.2,380.0207687168007,-0.1013974206156254,2302.2835113385486,477.8130169745723,1983.7666698973665,195.9751747112225,517.1155107490081,2.167402700892857,1834.600113635913,1129.9374063640873,1906.9052626835316,249.32908860119045,517.1155107490081,2.167402700892857,1834.600113635913,1129.9374063640873,1906.9052626835316,249.32908860119045
2026-02-08 14:00:00+00:00,938.0360000000001,0.06599999999999984,3730.8955,427.24375,2104.04375,201.883,434.604111957257,-0.5146762240818377,2531.1304114291834,483.10711000594586,2014.7803785566086,198.69871768584983,517.1155107490081,2.167402700892857,1834.600113635913,1129.9374063640873,1906.9052626835316,249.32908860119045,517.1155107490081,2.167402700892857,1834.600113635913,1129.9374063640873,1906.9052626835316,249.32908860119045
2026-02-08 15:00:00+00:00,977.9355,0.06599999999999984,4203.477,443.9649999999999,2223.57875,201.844,486.87019839416695,-0.5076956838808986,2840.475618160929,554.3944420126842,2061.0983915991355,205.00350341119963,517.1155107490081,2.167402700892857,1834.600113635913,1129.9374063640873,1906.9052626835316,249.32908860119045,517.1155107490081,2.167402700892857,1834.600113635913,1129.9374063640873,1906.9052626835316,249.32908860119045
2026-02-08 16:00:00+00:00,1036.04075,0.06599999999999984,4237.50375,503.8165,2296.31925,201.844,545.4620229460425,-0.32246485292261706,3306.7282780469386,959.331818838122,2069.409871347118,201.07447198977508,517.1155107490081,2.167402700892857,1834.600113635913,1129.9374063640873,1906.9052626835316,249.32908860119045,517.1155107490081,2.167402700892857,1834.600113635913,1129.9374063640873,1906.9052626835316,249.32908860119045
2026-02-08 17:00:00+00:00,1048.1605,0.06599999999999984,4242.6065,633.6107499999999,2308.2037499999997,205.167,647.0048235510935,2.231484161321304,3931.1760443242447,875.2420453926647,2067.9698878121812,213.64271014230533,517.1155107490081,2.167402700892857,1834.600113635913,1129.9374063640873,1906.9052626835316,249.32908860119045,517.1155107490081,2.167402700892857,1834.600113635913,1129.9374063640873,1906.9052626835316,249.32908860119045
2026-02-08 18:00:00+00:00,1033.584,0.06599999999999984,4213.74525,439.88750000000005,2280.48325,201.804,673.4118937854037,-0.25041753408723144,3723.0020018850455,668.9163909420075,2194.7919296023274,226.61223515930936,517.1155107490081,2.167402700892857,1834.600113635913,1129.9374063640873,1906.9052626835316,249.32908860119045,517.1155107490081,2.167402700892857,1834.600113635913,1129.9374063640873,1906.9052626835316,249.32908860119045
2026-02-08 19:00:00+00:00,953.40375,0.06599999999999984,4196.69225,392.53374999999994,2200.4480000000003,201.804,716.1023645302146,-0.2994267176271208,3639.0328443379276,526.9206413685638,2086.684562768804,219.72560063865936,517.1155107490081,2.167402700892857,1834.600113635913,1129.9374063640873,1906.9052626835316,249.32908860119045,517.1155107490081,2.167402700892857,1834.600113635913,1129.9374063640873,1906.9052626835316,249.32908860119045
2026-02-08 20:00:00+00:00,934.9945,0.06599999999999984,4138.445,395.3364999999999,2116.56925,201.804,790.4753231593525,-0.056696420236868494,3724.482147681658,538.6624359648627,2055.2508077915877,203.94555910628492,517.1155107490081,2.167402700892857,1834.600113635913,1129.9374063640873,1906.9052626835316,249.32908860119045,517.1155107490081,2.167402700892857,1834.600113635913,1129.9374063640873,1906.9052626835316,249.32908860119045
2026-02-08 21:00:00+00:00,933.39575,0.06599999999999984,3941.8197499999997,396.7752499999999,2055.42775,201.764,790.4177816335659,0.10599484417921046,3628.5309341671277,553.82579701227,2043.8999976180748,212.75008321945072,517.1155107490081,2.167402700892857,1834.600113635913,1129.9374063640873,1906.9052626835316,249.32908860119045,517.1155107490081,2.167402700892857,1834.600113635913,1129.9374063640873,1906.9052626835316,249.32908860119045
2026-02-08 22:00:00+00:00,945.0717500000001,0.06599999999999984,3859.6102499999997,375.0715,2004.618,201.764,756.7298616211308,-0.18142308199083024,2982.6107127001123,536.3425163005907,2002.897936850012,227.7306124451838,517.1155107490081,2.167402700892857,1834.600113635913,1129.9374063640873,1906.9052626835316,249.32908860119045,517.1155107490081,2.167402700892857,1834.600113635913,1129.9374063640873,1906.9052626835316,249.32908860119045
2026-02-08 23:00:00+00:00,944.72025,0.06599999999999984,4023.6802499999994,371.97675000000004,1960.14275,211.932,761.1218979052127,-0.19438211791964477,3046.9176534259295,566.1843436000108,1994.029478764231,223.90997487460004,517.1155107490081,2.167402700892857,1834.600113635913,1129.9374063640873,1906.9052626835316,249.32908860119045,517.1155107490081,2.167402700892857,1834.600113635913,1129.9374063640873,1906.9052626835316,249.32908860119045
2026-02-09 00:00:00+00:00,944.238,0.06599999999999984,3955.31225,374.23825,1951.0425,209.677,672.3248467940641,-0.1576111385618506,3310.839472835492,589.0064816849296,1944.7187160006551,207.01121364725384,517.1155107490081,2.167402700892857,1834.600113635913,1129.9374063640873,1906.9052626835316,249.32908860119045,517.1155107490081,2.167402700892857,1834.600113635913,1129.9374063640873,1906.9052626835316,249.32908860119045
2026-02-09 01:00:00+00:00,954.192,0.06599999999999984,3911.50525,373.51199999999994,1943.43125,210.666,688.7508883901147,-0.1576111385618506,3205.704854329405,579.9690236253055,1930.4217817731653,198.92455051762505,517.1155107490081,2.167402700892857,1834.600113635913,1129.9374063640873,1906.9052626835316,249.32908860119045,517.1155107490081,2.167402700892857,1834.600113635913,1129.9374063640873,1906.9052626835316,249.32908860119045
2026-02-09 02:00:00+00:00,945.3865,0.06599999999999984,3930.27125,394.948,1939.3175,209.677,738.8828196298073,-0.061425791925927786,3116.426085428363,591.8325487725588,1919.16823590775,200.47398077665719,517.1155107490081,2.167402700892857,1834.600113635913,1129.9374063640873,1906.9052626835316,249.32908860119045,517.1155107490081,2.167402700892857,1834.600113635913,1129.9374063640873,1906.9052626835316,249.32908860119045
2026-02-09 03:00:00+00:00,945.7017500000001,0.06599999999999984,4024.1097499999996,379.34574999999995,1945.32925,203.74225,746.253181858147,-0.07264484111050118,3458.331632928982,597.1595507623161,1919.9711184451676,201.5646430191797,517.1155107490081,2.167402700892857,1834.600113635913,1129.9374063640873,1906.9052626835316,249.32908860119045,517.1155107490081,2.167402700892857,1834.600113635913,1129.9374063640873,1906.9052626835316,249.32908860119045
2026-02-09 04:00:00+00:00,950.405,0.06599999999999984,4387.61525,374.18475,1979.0155,201.764,871.532561382537,0.1208685946499588,4019.6371427408358,636.8528807820045,1907.1769167868326,202.2381928470461,517.1155107490081,2.167402700892857,1834.600113635913,1129.9374063640873,1906.9052626835316,249.32908860119045,517.1155107490081,2.167402700892857,1834.600113635913,1129.9374063640873,1906.9052626835316,249.32908860119045
2026-02-09 05:00:00+00:00,1033.17775,0.06599999999999984,4721.0545,707.1717500000001,2088.3705,198.797,1102.3374225675839,0.9873824648857739,4597.194902980121,681.7595059726041,1954.8496645145292,213.43192359310916,517.1155107490081,2.167402700892857,1834.600113635913,1129.9374063640873,1906.9052626835316,249.32908860119045,517.1155107490081,2.167402700892857,1834.600113635913,1129.9374063640873,1906.9052626835316,249.32908860119045
2026-02-09 06:00:00+00:00,1171.66825,0.06599999999999984,4771.99925,1676.21425,2203.8985000000002,202.121,1334.1652070504,3.0854240966085973,4858.498025553962,1473.943561849791,2043.5310533921254,221.0491634201021,517.1155107490081,2.167402700892857,1834.600113635913,1129.9374063640873,1906.9052626835316,249.32908860119045,517.1155107490081,2.167402700892857,1834.600113635913,1129.9374063640873,1906.9052626835316,249.32908860119045
2026-02-09 07:00:00+00:00,1173.45525,0.06599999999999984,4799.95275,1618.94425,2264.53325,202.16,1280.6400614262145,8.713406108880962,5121.335033613049,1626.7381483892354,2096.9481000549554,234.16844582546236,517.1155107490081,2.167402700892857,1834.600113635913,1129.9374063640873,1906.9052626835316,249.32908860119045,517.1155107490081,2.167402700892857,1834.600113635913,1129.9374063640873,1906.9052626835316,249.32908860119045
2026-02-09 08:00:00+00:00,1173.06275,0.06599999999999984,4774.769000000001,1054.7025,2244.638,202.16,1269.6775451519877,2.8347229487459495,4998.828205464514,1221.0251001549818,2077.2490058790354,235.06291874087256,517.1155107490081,2.167402700892857,1834.600113635913,1129.9374063640873,1906.9052626835316,249.32908860119045,517.1155107490081,2.167402700892857,1834.600113635913,1129.9374063640873,1906.9052626835316,249.32908860119045
2026-02-09 09:00:00+00:00,1165.036,0.06599999999999984,4820.358249999999,959.2717500000001,2196.468,208.134,1275.4547265057374,11.715706330005565,4899.481823547382,989.9416588156812,2029.8346646581238,230.71619336959125,517.1155107490081,2.167402700892857,1834.600113635913,1129.9374063640873,1906.9052626835316,249.32908860119045,517.1155107490081,2.167402700892857,1834.600113635913,1129.9374063640873,1906.9052626835316,249.32908860119045
2026-02-09 10:00:00+00:00,1157.2015000000001,0.06599999999999984,4793.993,384.14924999999994,2152.2165,205.8,1222.1033212231855,10.801261227269531,4849.66638494634,880.4655067168825,1987.8797730357687,236.1542260413016,517.1155107490081,2.167402700892857,1834.600113635913,1129.9374063640873,1906.9052626835316,249.32908860119045,517.1155107490081,2.167402700892857,1834.600113635913,1129.9374063640873,1906.9052626835316,249.32908860119045
2026-02-09 11:00:00+00:00,1166.48375,0.06599999999999984,4847.797,480.3515,2072.354,205.8,1252.2186469250769,11.033419030346401,4699.562309082883,833.9122073488787,2005.8290219339542,234.4120266067524,517.1155107490081,2.167402700892857,1834.600113635913,1129.9374063640873,1906.9052626835316,249.32908860119045,517.1155107490081,2.167402700892857,1834.600113635913,1129.9374063640873,1906.9052626835316,249.32908860119045
2026-02-09 12:00:00+00:00,1179.21575,0.06599999999999984,4847.850000000001,626.3085000000001,2046.07425,210.152,1279.6930656789705,9.22591911968122,4564.434112249285,762.7502270696847,2013.5750934876767,231.72621636309555,517.1155107490081,2.167402700892857,1834.600113635913,1129.9374063640873,1906.9052626835316,249.32908860119045,517.1155107490081,2.167402700892857,1834.600113635913,1129.9374063640873,1906.9052626835316,249.32908860119045
2026-02-09 13:00:00+00:00,1160.40425,0.06599999999999984,4858.9035,771.2575,2046.98425,210.072,1286.9797977897783,9.616184619103523,4578.261111238276,831.5285818959846,2043.2665236855191,236.04640985711433,517.1155107490081,2.167402700892857,1834.600113635913,1129.9374063640873,1906.9052626835316,249.32908860119045,517.1155107490081,2.167402700892857,1834.600113635913,1129.9374063640873,1906.9052626835316,249.32908860119045
2026-02-09 14:00:00+00:00,1142.586,22.1115,4863.38,733.37125,2088.662,219.053,1258.9166333418436,8.18156169622167,4583.682528869035,962.8594170905817,2076.3290806373507,248.24272359862445,517.1155107490081,2.167402700892857,1834.600113635913,1129.9374063640873,1906.9052626835316,249.32908860119045,517.1155107490081,2.167402700892857,1834.600113635913,1129.9374063640873,1906.9052626835316,249.32908860119045
2026-02-09 15:00:00+00:00,975.8835,117.271,4880.995500000001,925.8435000000001,2203.274,226.332,1275.3539313057063,3.727848315854718,4767.386026219684,1306.5705291420904,2095.2792493703555,247.43108431766606,517.1155107490081,2.167402700892857,1834.600113635913,1129.9374063640873,1906.9052626835316,249.32908860119045,517.1155107490081,2.167402700892857,1834.600113635913,1129.9374063640873,1906.9052626835316,249.32908860119045
2026-02-09 16:00:00+00:00,965.988,115.64075,4908.1942500000005,1224.16275,2279.406,226.332,1300.9064540761724,13.49879562678737,5183.469330637032,1593.239525467617,2127.4867260372453,235.98234482832976,517.1155107490081,2.167402700892857,1834.600113635913,1129.9374063640873,1906.9052626835316,249.32908860119045,517.1155107490081,2.167402700892857,1834.600113635913,1129.9374063640873,1906.9052626835316,249.32908860119045
2026-02-09 17:00:00+00:00,1110.60475,115.674,4909.5245,1179.083,2292.62175,225.937,1135.3588464486356,8.170239207940693,5089.682760993233,1517.4292647361908,2269.0645969274246,237.21491591249293,517.1155107490081,2.167402700892857,1834.600113635913,1129.9374063640873,1906.9052626835316,249.32908860119045,517.1155107490081,2.167402700892857,1834.600113635913,1129.9374063640873,1906.9052626835316,249.32908860119045
2026-02-09 18:00:00+00:00,1161.2952500000001,115.34724999999999,4885.477,826.9637500000001,2238.7065,217.47,1047.9219882052143,0.6444019305244044,4812.615312956147,1228.651559959694,2234.555228671147,241.7280089171015,517.1155107490081,2.167402700892857,1834.600113635913,1129.9374063640873,1906.9052626835316,249.32908860119045,517.1155107490081,2.167402700892857,1834.600113635913,1129.9374063640873,1906.9052626835316,249.32908860119045
2026-02-09 19:00:00+00:00,1146.36575,21.094749999999998,4868.5475000000015,525.20725,2142.52875,214.46375,1095.0166808447361,-0.7064602806458864,4817.7524431763,898.6168844924346,2129.93311867605,233.55119481314918,517.1155107490081,2.167402700892857,1834.600113635913,1129.9374063640873,1906.9052626835316,249.32908860119045,517.1155107490081,2.167402700892857,1834.600113635913,1129.9374063640873,1906.9052626835316,249.32908860119045
2026-02-09 20:00:00+00:00,1145.0085,0.06599999999999984,4855.250750000001,453.09349999999995,2068.822,210.666,1075.6660335932838,-0.3438730406794135,4416.667664522853,703.9000083897183,2056.3060194833943,224.17481898013534,517.1155107490081,2.167402700892857,1834.600113635913,1129.9374063640873,1906.9052626835316,249.32908860119045,517.1155107490081,2.167402700892857,1834.600113635913,1129.9374063640873,1906.9052626835316,249.32908860119045
2026-02-09 21:00:00+00:00,1147.41325,0.06599999999999984,4832.15075,486.0245,2017.34625,209.677,1087.475011854757,0.22382144515500513,4277.593962293791,628.0142211662887,2025.4992832371097,218.74332888220022,517.1155107490081,2.167402700892857,1834.600113635913,1129.9374063640873,1906.9052626835316,249.32908860119045,517.1155107490081,2.167402700892857,1834.600113635913,1129.9374063640873,1906.9052626835316,249.32908860119045
2026-02-09 22:00:00+00:00,987.19875,0.06599999999999984,4819.9445000000005,534.331,1976.8605,210.626,1039.2255241525145,0.09923028111590781,3973.533687933873,669.2340577341191,1984.2920164734333,218.56132562998965,517.1155107490081,2.167402700892857,1834.600113635913,1129.9374063640873,1906.9052626835316,249.32908860119045,517.1155107490081,2.167402700892857,1834.600113635913,1129.9374063640873,1906.9052626835316,249.32908860119045
2026-02-09 23:00:00+00:00,957.8987500000001,0.06599999999999984,4491.6345,547.6145,1930.98475,247.26,968.0019935375881,0.130114079931257,3390.203070018092,606.6074720565439,1962.7067545011266,213.26328891006278,517.1155107490081,2.167402700892857,1834.600113635913,1129.9374063640873,1906.9052626835316,249.32908860119045,517.1155107490081,2.167402700892857,1834.600113635913,1129.9374063640873,1906.9052626835316,249.32908860119045
2026-02-10 00:00:00+00:00,947.83,0.06599999999999984,4454.3595000000005,555.4934999999999,1919.7730000000001,247.181,955.4724377578709,-0.001031091017417829,3702.180016449757,639.3135049845121,1943.540493384467,212.88553712511845,517.1155107490081,2.167402700892857,1834.600113635913,1129.9374063640873,1906.9052626835316,249.32908860119045,517.1155107490081,2.167402700892857,1834.600113635913,1129.9374063640873,1906.9052626835316,249.32908860119045
2026-02-10 01:00:00+00:00,948.53675,0.06599999999999984,4455.14775,569.00225,1908.4755,246.786,911.3963856924315,0.012757560388901634,3388.652983820445,608.3058257024409,1936.710240000371,211.15030841076285,517.1155107490081,2.167402700892857,1834.600113635913,1129.9374063640873,1906.9052626835316,249.32908860119045,517.1155107490081,2.167402700892857,1834.600113635913,1129.9374063640873,1906.9052626835316,249.32908860119045
2026-02-10 02:00:00+00:00,949.39325,0.06599999999999984,4361.969,546.58475,1906.5082499999999,245.361,886.6829346022348,0.12422927660766225,3385.575081609084,616.6719944271734,1925.9577443313844,208.76839811226995,517.1155107490081,2.167402700892857,1834.600113635913,1129.9374063640873,1906.9052626835316,249.32908860119045,517.1155107490081,2.167402700892857,1834.600113635913,1129.9374063640873,1906.9052626835316,249.32908860119045
2026-02-10 03:00:00+00:00,945.33925,0.06599999999999984,4382.95375,554.50775,1915.62425,245.243,865.012694724919,0.012757560388901634,3441.052299972013,631.6483712145986,1926.984937157756,203.99245468792287,517.1155107490081,2.167402700892857,1834.600113635913,1129.9374063640873,1906.9052626835316,249.32908860119045,517.1155107490081,2.167402700892857,1834.600113635913,1129.9374063640873,1906.9052626835316,249.32908860119045
2026-02-10 04:00:00+00:00,947.40125,0.06599999999999984,4400.75825,549.77825,1936.55375,245.243,987.0417091289945,0.18401280391108443,3772.716820497715,663.0203626636828,1945.018706795479,202.00933506843933,517.1155107490081,2.167402700892857,1834.600113635913,1129.9374063640873,1906.9052626835316,249.32908860119045,517.1155107490081,2.167402700892857,1834.600113635913,1129.9374063640873,1906.9052626835316,249.32908860119045
2026-02-10 05:00:00+00:00,922.32525,0.06599999999999984,4485.009,754.62225,2000.173,244.44125,994.1812980886382,-0.21757969434450697,4264.342911505664,809.3975849801022,2010.7004635442725,208.23319233729967,517.1155107490081,2.167402700892857,1834.600113635913,1129.9374063640873,1906.9052626835316,249.32908860119045,517.1155107490081,2.167402700892857,1834.600113635913,1129.9374063640873,1906.9052626835316,249.32908860119045
2026-02-10 06:00:00+00:00,1027.74125,0.06599999999999984,4486.09425,1018.4545,2093.92625,250.2375,1095.969844538674,-0.7156269016526653,4645.405994303576,1434.783487859134,2082.91359659164,212.13150114082595,517.1155107490081,2.167402700892857,1834.600113635913,1129.9374063640873,1906.9052626835316,249.32908860119045,517.1155107490081,2.167402700892857,1834.600113635913,1129.9374063640873,1906.9052626835316,249.32908860119045
2026-02-10 07:00:00+00:00,1173.62475,0.06599999999999984,4477.557,1002.6375,2148.26075,256.775,1052.9285294687652,-0.9861314216992008,4430.0575421392,1421.6242610730742,2121.532264690211,218.99524622165197,517.1155107490081,2.167402700892857,1834.600113635913,1129.9374063640873,1906.9052626835316,249.32908860119045,517.1155107490081,2.167402700892857,1834.600113635913,1129.9374063640873,1906.9052626835316,249.32908860119045
2026-02-10 08:00:00+00:00,1183.8535000000002,0.06599999999999984,4470.76925,556.331,2149.81925,249.13975,951.4582260471032,-2.584572105251406,4164.687143753443,1087.4218873879945,2052.8643348081036,215.5134586336161,517.1155107490081,2.167402700892857,1834.600113635913,1129.9374063640873,1906.9052626835316,249.32908860119045,517.1155107490081,2.167402700892857,1834.600113635913,1129.9374063640873,1906.9052626835316,249.32908860119045
2026-02-10 09:00:00+00:00,1172.454,0.06599999999999984,4471.171249999999,540.43425,2113.70875,233.53224999999998,906.2456369364324,-1.8901247436298934,3847.858120406472,789.6526951173271,2051.277494915574,211.06273452838428,517.1155107490081,2.167402700892857,1834.600113635913,1129.9374063640873,1906.9052626835316,249.32908860119045,517.1155107490081,2.167402700892857,1834.600113635913,1129.9374063640873,1906.9052626835316,249.32908860119045
2026-02-10 10:00:00+00:00,1090.9975,0.06599999999999984,4515.023999999999,544.0090000000001,2070.8365000000003,228.24124999999998,810.9195557554013,0.5845365522444423,3594.779478769474,725.1607798217183,2010.731333535776,221.2575542879376,517.1155107490081,2.167402700892857,1834.600113635913,1129.9374063640873,1906.9052626835316,249.32908860119045,517.1155107490081,2.167402700892857,1834.600113635913,1129.9374063640873,1906.9052626835316,249.32908860119045
2026-02-10 11:00:00+00:00,1030.81475,0.06599999999999984,4552.24175,546.61275,2013.60525,230.724,792.1385027354355,-0.44297781023328575,3275.17448002518,678.9319516665242,1973.027522459983,215.4516870719833,517.1155107490081,2.167402700892857,1834.600113635913,1129.9374063640873,1906.9052626835316,249.32908860119045,517.1155107490081,2.167402700892857,1834.600113635913,1129.9374063640873,1906.9052626835316,249.32908860119045
2026-02-10 12:00:00+00:00,1035.99225,0.06599999999999984,4660.942,504.6775,2009.402,233.10725,703.553305125815,-0.7356431676681146,3230.333198941351,651.4725547221605,1942.6698457486655,210.47705664602125,517.1155107490081,2.167402700892857,1834.600113635913,1129.9374063640873,1906.9052626835316,249.32908860119045,517.1155107490081,2.167402700892857,1834.600113635913,1129.9374063640873,1906.9052626835316,249.32908860119045
2026-02-10 13:00:00+00:00,1092.0335,0.06599999999999984,4844.887000000001,517.49425,2009.4325,241.3855,736.5407682026205,0.6728850958502353,2998.7614501378303,714.7368505686136,1955.8702896258023,230.14397654115803,517.1155107490081,2.167402700892857,1834.600113635913,1129.9374063640873,1906.9052626835316,249.32908860119045,517.1155107490081,2.167402700892857,1834.600113635913,1129.9374063640873,1906.9052626835316,249.32908860119045
2026-02-10 14:00:00+00:00,1166.89625,0.06599999999999984,5036.64275,565.00675,2043.819,244.768,784.2254754830493,-0.013585324854092917,3641.8821985281184,845.7764087852123,2022.5896020716898,231.90049843082969,517.1155107490081,2.167402700892857,1834.600113635913,1129.9374063640873,1906.9052626835316,249.32908860119045,517.1155107490081,2.167402700892857,1834.600113635913,1129.9374063640873,1906.9052626835316,249.32908860119045
2026-02-10 15:00:00+00:00,1150.63225,0.06599999999999984,5087.75325,809.10825,2148.7692500000003,246.153,797.6042075200108,-0.46716741365996217,3920.991536203308,1108.8957500029414,2118.092402369928,237.03230595394274,517.1155107490081,2.167402700892857,1834.600113635913,1129.9374063640873,1906.9052626835316,249.32908860119045,517.1155107490081,2.167402700892857,1834.600113635913,1129.9374063640873,1906.9052626835316,249.32908860119045
2026-02-10 16:00:00+00:00,1140.333,0.06599999999999984,5118.46775,811.47825,2262.81175,244.2735,772.642672825398,0.18172176939104556,3872.987593529828,1442.4775222610085,2149.9281764966636,233.2767302319821,517.1155107490081,2.167402700892857,1834.600113635913,1129.9374063640873,1906.9052626835316,249.32908860119045,517.1155107490081,2.167402700892857,1834.600113635913,1129.9374063640873,1906.9052626835316,249.32908860119045
2026-02-10 17:00:00+00:00,1181.20125,0.06599999999999984,5128.847000000001,647.6102500000001,2304.21975,234.05675,771.90241992812,-1.1005731318760463,3835.18088649733,1232.5046745895663,2290.1941959194605,257.777117728589,517.1155107490081,2.167402700892857,1834.600113635913,1129.9374063640873,1906.9052626835316,249.32908860119045,517.1155107490081,2.167402700892857,1834.600113635913,1129.9374063640873,1906.9052626835316,249.32908860119045
2026-02-10 18:00:00+00:00,1157.64875,0.06599999999999984,5117.568,772.82475,2291.8115,227.964,801.440077770139,0.7774282444268057,3656.877017002333,964.8209799209192,2241.113624019841,255.78128435047017,517.1155107490081,2.167402700892857,1834.600113635913,1129.9374063640873,1906.9052626835316,249.32908860119045,517.1155107490081,2.167402700892857,1834.600113635913,1129.9374063640873,1906.9052626835316,249.32908860119045
2026-02-10 19:00:00+00:00,1066.36125,0.06599999999999984,4764.9285,702.6892500000001,2224.371,226.38175,818.1196480697006,-0.14253537711964004,3570.4401367516693,728.9111822976256,2106.060818930769,236.46317783914108,517.1155107490081,2.167402700892857,1834.600113635913,1129.9374063640873,1906.9052626835316,249.32908860119045,517.1155107490081,2.167402700892857,1834.600113635913,1129.9374063640873,1906.9052626835316,249.32908860119045
2026-02-10 20:00:00+00:00,950.30375,0.06599999999999984,4561.0740000000005,618.8177499999999,2157.3092500000002,226.49025,817.9307276593685,-0.22895540937353154,3576.0380189949174,658.0464805443905,2050.848964883797,225.9314217809949,517.1155107490081,2.167402700892857,1834.600113635913,1129.9374063640873,1906.9052626835316,249.32908860119045,517.1155107490081,2.167402700892857,1834.600113635913,1129.9374063640873,1906.9052626835316,249.32908860119045
2026-02-10 21:00:00+00:00,916.8755,0.06599999999999984,4438.018,516.83475,2088.2215,228.27075000000002,859.8952513291887,-0.10390192020348676,3153.7124222242783,647.5217310802716,2020.7093162229453,228.38097378820498,517.1155107490081,2.167402700892857,1834.600113635913,1129.9374063640873,1906.9052626835316,249.32908860119045,517.1155107490081,2.167402700892857,1834.600113635913,1129.9374063640873,1906.9052626835316,249.32908860119045
2026-02-10 22:00:00+00:00,769.45725,0.06599999999999984,4269.86,488.913,2035.8464999999999,231.792,792.1170898505447,-0.16973471533339524,2665.231343959855,601.4047359318374,1972.655122477072,226.83840511358113,517.1155107490081,2.167402700892857,1834.600113635913,1129.9374063640873,1906.9052626835316,249.32908860119045,517.1155107490081,2.167402700892857,1834.600113635913,1129.9374063640873,1906.9052626835316,249.32908860119045
2026-02-10 23:00:00+00:00,686.23475,0.06599999999999984,4177.84,483.70449999999994,1984.7655,254.619,804.3826473782983,0.018697816347964302,2410.087503956433,607.9661231332882,1967.8358890009017,216.54821472518745,517.1155107490081,2.167402700892857,1834.600113635913,1129.9374063640873,1906.9052626835316,249.32908860119045,517.1155107490081,2.167402700892857,1834.600113635913,1129.9374063640873,1906.9052626835316,249.32908860119045
2026-02-11 00:00:00+00:00,685.3165,0.06599999999999984,4110.7465,479.52575,1965.3252499999999,254.54,772.1214769964985,0.04235103697626208,2764.0746747363037,654.7393827153664,1942.1724320255323,226.24372520347737,517.1155107490081,2.167402700892857,1834.600113635913,1129.9374063640873,1906.9052626835316,249.32908860119045,517.1155107490081,2.167402700892857,1834.600113635913,1129.9374063640873,1906.9052626835316,249.32908860119045
2026-02-11 01:00:00+00:00,685.971,0.06599999999999984,4128.9482499999995,486.1965,1955.73175,254.381,752.4592703501966,0.7880736584525896,2396.0429474072753,634.1657373295502,1930.0608598746405,226.73769227346543,517.1155107490081,2.167402700892857,1834.600113635913,1129.9374063640873,1906.9052626835316,249.32908860119045,517.1155107490081,2.167402700892857,1834.600113635913,1129.9374063640873,1906.9052626835316,249.32908860119045
2026-02-11 02:00:00+00:00,682.53225,0.06599999999999984,4055.66575,479.0145,1946.9047500000001,253.353,688.5614446147848,0.058894176301349965,2276.2935865359523,621.835649824119,1908.3672372275933,227.95181904184466,517.1155107490081,2.167402700892857,1834.600113635913,1129.9374063640873,1906.9052626835316,249.32908860119045,517.1155107490081,2.167402700892857,1834.600113635913,1129.9374063640873,1906.9052626835316,249.32908860119045
2026-02-11 03:00:00+00:00,673.1202499999999,0.06599999999999984,4069.2872500000003,479.8944999999999,1953.55175,253.353,775.7873635338394,-0.3077778905773325,2231.3906842655315,590.5720243865255,1913.798857927783,225.24348545045362,517.1155107490081,2.167402700892857,1834.600113635913,1129.9374063640873,1906.9052626835316,249.32908860119045,517.1155107490081,2.167402700892857,1834.600113635913,1129.9374063640873,1906.9052626835316,249.32908860119045
2026-02-11 04:00:00+00:00,718.08275,0.06599999999999984,4205.680249999999,481.96299999999997,1970.61475,254.777,614.4198763713688,2.133908291741667,2693.188280563599,602.1295443518712,1941.0804535669388,229.62413799007754,517.1155107490081,2.167402700892857,1834.600113635913,1129.9374063640873,1906.9052626835316,249.32908860119045,517.1155107490081,2.167402700892857,1834.600113635913,1129.9374063640873,1906.9052626835316,249.32908860119045
2026-02-11 05:00:00+00:00,959.6377500000001,0.06599999999999984,4644.30475,577.8745,2043.9074999999998,253.59,896.8094800210279,1.3448216198767877,3648.8394197857115,677.7686013751611,2031.4516477414552,232.74380148988553,517.1155107490081,2.167402700892857,1834.600113635913,1129.9374063640873,1906.9052626835316,249.32908860119045,517.1155107490081,2.167402700892857,1834.600113635913,1129.9374063640873,1906.9052626835316,249.32908860119045
2026-02-11 06:00:00+00:00,1060.24125,0.06599999999999984,4714.26325,859.2850000000001,2149.07375,250.425,1156.4659457741118,3.388105750569797,3895.5641824385693,1176.8491373382535,2028.9555503295,240.06709988828203,517.1155107490081,2.167402700892857,1834.600113635913,1129.9374063640873,1906.9052626835316,249.32908860119045,517.1155107490081,2.167402700892857,1834.600113635913,1129.9374063640873,1906.9052626835316,249.32908860119045
2026-02-11 07:00:00+00:00,1086.5965,0.06599999999999984,4738.128000000001,1062.914,2220.047,250.94,1136.420011610422,3.5920884895917107,3782.3140319385693,1260.6234839984709,2112.594068233428,244.93968254962104,517.1155107490081,2.167402700892857,1834.600113635913,1129.9374063640873,1906.9052626835316,249.32908860119045,517.1155107490081,2.167402700892857,1834.600113635913,1129.9374063640873,1906.9052626835316,249.32908860119045
2026-02-11 08:00:00+00:00,1078.0795,0.06599999999999984,4733.218,870.117,2209.19625,273.41075,1168.329609114955,4.213811617752601,3480.2070299876123,1142.920256864067,2134.147495393043,244.2126940594805,517.1155107490081,2.167402700892857,1834.600113635913,1129.9374063640873,1906.9052626835316,249.32908860119045,517.1155107490081,2.167402700892857,1834.600113635913,1129.9374063640873,1906.9052626835316,249.32908860119045
2026-02-11 09:00:00+00:00,1029.5785,0.06599999999999984,4675.35675,520.7470000000001,2159.14175,283.064,857.827777597762,0.6294561736205186,3141.1448853868164,854.9834594455426,2061.5125200167545,255.9181101861115,517.1155107490081,2.167402700892857,1834.600113635913,1129.9374063640873,1906.9052626835316,249.32908860119045,517.1155107490081,2.167402700892857,1834.600113635913,1129.9374063640873,1906.9052626835316,249.32908860119045
2026-02-11 10:00:00+00:00,1019.67725,0.06599999999999984,4668.4125,716.8275,2106.35475,290.77799999999996,794.4393418987318,-1.069928242142224,3207.385692238983,845.2934637299702,2001.424754541649,255.31527204715326,517.1155107490081,2.167402700892857,1834.600113635913,1129.9374063640873,1906.9052626835316,249.32908860119045,517.1155107490081,2.167402700892857,1834.600113635913,1129.9374063640873,1906.9052626835316,249.32908860119045
2026-02-11 11:00:00+00:00,1027.8635,0.06599999999999984,4625.26175,567.0867499999999,2017.99,290.739,896.8854456704235,-0.27698292335675,3373.5473475215267,819.7492808695615,2012.9914892225052,264.4655651217814,517.1155107490081,2.167402700892857,1834.600113635913,1129.9374063640873,1906.9052626835316,249.32908860119045,517.1155107490081,2.167402700892857,1834.600113635913,1129.9374063640873,1906.9052626835316,249.32908860119045
2026-02-11 12:00:00+00:00,1033.484,0.06599999999999984,4522.1002499999995,520.3887500000001,1986.05875,292.519,1058.0298726911722,1.201652767922515,3384.4433058850555,773.6707756664041,1989.949171664715,262.8560718923515,517.1155107490081,2.167402700892857,1834.600113635913,1129.9374063640873,1906.9052626835316,249.32908860119045,517.1155107490081,2.167402700892857,1834.600113635913,1129.9374063640873,1906.9052626835316,249.32908860119045
2026-02-11 13:00:00+00:00,1035.932,0.06599999999999984,4568.10925,546.888,1990.2112499999998,292.835,1077.7181286766381,1.0827124728785218,3701.643466909395,846.7340829453458,2032.3939657790684,255.36097522686205,517.1155107490081,2.167402700892857,1834.600113635913,1129.9374063640873,1906.9052626835316,249.32908860119045,517.1155107490081,2.167402700892857,1834.600113635913,1129.9374063640873,1906.9052626835316,249.32908860119045
2026-02-11 14:00:00+00:00,1036.01375,0.06599999999999984,4572.04425,522.4435000000001,2032.95375,293.864,1220.5011193806572,3.9660173730449992,3654.5485921632335,878.4790003043967,2075.0156630468405,256.1494735810074,517.1155107490081,2.167402700892857,1834.600113635913,1129.9374063640873,1906.9052626835316,249.32908860119045,517.1155107490081,2.167402700892857,1834.600113635913,1129.9374063640873,1906.9052626835316,249.32908860119045
2026-02-11 15:00:00+00:00,1032.0815,0.06599999999999984,4648.60375,668.53075,2145.91025,265.89425,1125.5891539888762,2.6264890998016757,3859.4883248258852,1195.4871610665639,2125.0388720120936,250.32782811005865,517.1155107490081,2.167402700892857,1834.600113635913,1129.9374063640873,1906.9052626835316,249.32908860119045,517.1155107490081,2.167402700892857,1834.600113635913,1129.9374063640873,1906.9052626835316,249.32908860119045
2026-02-11 16:00:00+00:00,1070.53375,0.06599999999999984,4689.61075,1070.7245,2261.996,258.417,960.8746865961059,4.229253213844249,4001.126757819776,1391.8353422697517,2128.862162683497,237.14390917972577,517.1155107490081,2.167402700892857,1834.600113635913,1129.9374063640873,1906.9052626835316,249.32908860119045,517.1155107490081,2.167402700892857,1834.600113635913,1129.9374063640873,1906.9052626835316,249.32908860119045
2026-02-11 17:00:00+00:00,1076.97275,0.06599999999999984,4723.86125,821.041,2285.8055,259.564,702.5224346923861,2.579491796281448,4102.6785451518645,1278.4013135726457,2251.208304014737,261.01576145813596,517.1155107490081,2.167402700892857,1834.600113635913,1129.9374063640873,1906.9052626835316,249.32908860119045,517.1155107490081,2.167402700892857,1834.600113635913,1129.9374063640873,1906.9052626835316,249.32908860119045
2026-02-11 18:00:00+00:00,1059.926,0.06599999999999984,4708.760249999999,714.4577500000001,2257.3557499999997,259.881,591.3715577049221,1.1305738762241186,3415.1806771836355,1074.121599209998,2224.0758467940786,262.22914647002693,517.1155107490081,2.167402700892857,1834.600113635913,1129.9374063640873,1906.9052626835316,249.32908860119045,517.1155107490081,2.167402700892857,1834.600113635913,1129.9374063640873,1906.9052626835316,249.32908860119045
2026-02-11 19:00:00+00:00,968.50425,0.06599999999999984,4675.4285,536.71325,2173.31325,261.384,720.1936823727717,-1.1279932266037545,2937.3034500762005,835.6521287026902,2108.1082309484386,253.47393599017067,517.1155107490081,2.167402700892857,1834.600113635913,1129.9374063640873,1906.9052626835316,249.32908860119045,517.1155107490081,2.167402700892857,1834.600113635913,1129.9374063640873,1906.9052626835316,249.32908860119045
2026-02-11 20:00:00+00:00,902.23825,0.06599999999999984,3695.1225000000004,532.1795000000001,2084.315,257.269,560.4808092385928,1.7417563617480532,2373.65771838575,756.5040165593477,2032.3479506393887,242.91516009961572,517.1155107490081,2.167402700892857,1834.600113635913,1129.9374063640873,1906.9052626835316,249.32908860119045,517.1155107490081,2.167402700892857,1834.600113635913,1129.9374063640873,1906.9052626835316,249.32908860119045
2026-02-11 21:00:00+00:00,720.421,0.06599999999999984,3197.7577499999998,477.80099999999993,2024.3957500000001,257.269,456.4394038673913,-0.7254241980688323,2180.2446997200877,645.9479818847093,2008.4331649698845,250.0953594645508,517.1155107490081,2.167402700892857,1834.600113635913,1129.9374063640873,1906.9052626835316,249.32908860119045,517.1155107490081,2.167402700892857,1834.600113635913,1129.9374063640873,1906.9052626835316,249.32908860119045
2026-02-11 22:00:00+00:00,687.23175,0.06599999999999984,3121.912,554.277,1977.2465,260.87,372.83339806397055,-0.2378843162029618,2082.8788032818675,660.4467270862356,1948.4024304039626,238.073899224374,517.1155107490081,2.167402700892857,1834.600113635913,1129.9374063640873,1906.9052626835316,249.32908860119045,517.1155107490081,2.167402700892857,1834.600113635913,1129.9374063640873,1906.9052626835316,249.32908860119045
2026-02-11 23:00:00+00:00,632.02575,0.06599999999999984,2967.38175,494.0915,1931.43075,272.105,374.7507551068419,-0.13385523782387176,1839.116352621083,599.0249110945781,1954.6399127176624,237.3908649797842,517.1155107490081,2.167402700892857,1834.600113635913,1129.9374063640873,1906.9052626835316,249.32908860119045,517.1155107490081,2.167402700892857,1834.600113635913,1129.9374063640873,1906.9052626835316,249.32908860119045
2026-02-12 00:00:00+00:00,631.4315,0.06599999999999984,2987.22475,482.30925,1920.44075,273.45,414.2220795519284,-0.09054521756105238,1842.5611167348593,598.1022056129759,1938.07789381893,223.81298706909405,517.1155107490081,2.167402700892857,1834.600113635913,1129.9374063640873,1906.9052626835316,249.32908860119045,517.1155107490081,2.167402700892857,1834.600113635913,1129.9374063640873,1906.9052626835316,249.32908860119045
2026-02-12 01:00:00+00:00,630.91125,0.06599999999999984,3017.91075,486.71825,1905.63225,273.015,401.56676649639184,-0.27242322089282567,1597.127006413891,603.3829752288814,1931.7170877696421,213.2625325728705,517.1155107490081,2.167402700892857,1834.600113635913,1129.9374063640873,1906.9052626835316,249.32908860119045,517.1155107490081,2.167402700892857,1834.600113635913,1129.9374063640873,1906.9052626835316,249.32908860119045
2026-02-12 02:00:00+00:00,629.0925,0.06599999999999984,3036.39725,492.49275,1900.35475,270.879,430.4007067879546,0.294043361846247,1648.7173614617527,609.2195689210095,1905.371713971252,215.3912399367656,517.1155107490081,2.167402700892857,1834.600113635913,1129.9374063640873,1906.9052626835316,249.32908860119045,517.1155107490081,2.167402700892857,1834.600113635913,1129.9374063640873,1906.9052626835316,249.32908860119045
2026-02-12 03:00:00+00:00,624.172,0.06599999999999984,3061.5592500000002,487.21925,1917.189,269.178,416.7014270706269,0.6130847165615536,1589.9627864840452,616.2629825309474,1909.9649864584783,223.34458461983328,517.1155107490081,2.167402700892857,1834.600113635913,1129.9374063640873,1906.9052626835316,249.32908860119045,517.1155107490081,2.167402700892857,1834.600113635913,1129.9374063640873,1906.9052626835316,249.32908860119045
2026-02-12 04:00:00+00:00,668.01225,0.06599999999999984,3213.89175,497.66650000000004,1948.036,266.21025,490.0564240941257,2.6286256620176327,1946.6737791820635,617.831881312742,1920.0595954054047,223.56220432072777,517.1155107490081,2.167402700892857,1834.600113635913,1129.9374063640873,1906.9052626835316,249.32908860119045,517.1155107490081,2.167402700892857,1834.600113635913,1129.9374063640873,1906.9052626835316,249.32908860119045
2026-02-12 05:00:00+00:00,864.53025,0.06599999999999984,3662.2785,550.6867500000001,2041.00175,266.804,619.248577788679,4.117248184866939,2516.313624683501,603.1218898390148,2014.2014724411204,222.19189035379418,517.1155107490081,2.167402700892857,1834.600113635913,1129.9374063640873,1906.9052626835316,249.32908860119045,517.1155107490081,2.167402700892857,1834.600113635913,1129.9374063640873,1906.9052626835316,249.32908860119045
2026-02-12 06:00:00+00:00,1047.82225,0.06599999999999984,4034.193,500.72775,2144.071,264.944,736.0864206032987,17.051456728317294,3246.47474361709,997.7438213396983,2043.5332004330521,213.57963659334064,517.1155107490081,2.167402700892857,1834.600113635913,1129.9374063640873,1906.9052626835316,249.32908860119045,517.1155107490081,2.167402700892857,1834.600113635913,1129.9374063640873,1906.9052626835316,249.32908860119045
2026-02-12 07:00:00+00:00,1053.7265,0.06599999999999984,4098.5835,487.13200000000006,2193.65725,265.221,491.70294380760134,17.67309640113788,3071.990706864157,964.0198140633868,2087.8240623668635,226.8739177677783,517.1155107490081,2.167402700892857,1834.600113635913,1129.9374063640873,1906.9052626835316,249.32908860119045,517.1155107490081,2.167402700892857,1834.600113635913,1129.9374063640873,1906.9052626835316,249.32908860119045
2026-02-12 08:00:00+00:00,1019.99225,0.06599999999999984,4068.4579999999996,479.3332499999999,2177.59575,266.131,499.4916146490911,22.935936785476105,3128.891894679159,871.690268721662,2078.646326390073,220.6284266226359,517.1155107490081,2.167402700892857,1834.600113635913,1129.9374063640873,1906.9052626835316,249.32908860119045,517.1155107490081,2.167402700892857,1834.600113635913,1129.9374063640873,1906.9052626835316,249.32908860119045
2026-02-12 09:00:00+00:00,1011.6525,0.06599999999999984,3889.9492499999997,466.6975,2127.7557500000003,268.861,540.1293939554917,16.645007781001247,2770.4475884024114,771.7375917669461,2049.727171036624,235.23773129154216,517.1155107490081,2.167402700892857,1834.600113635913,1129.9374063640873,1906.9052626835316,249.32908860119045,517.1155107490081,2.167402700892857,1834.600113635913,1129.9374063640873,1906.9052626835316,249.32908860119045
2026-02-12 10:00:00+00:00,1020.172,0.06599999999999984,3778.293,459.726,2082.909,276.14,432.6685879598509,23.81482726282987,2940.8869532270746,677.0290206712195,2036.2473045133,229.73328943155516,517.1155107490081,2.167402700892857,1834.600113635913,1129.9374063640873,1906.9052626835316,249.32908860119045,517.1155107490081,2.167402700892857,1834.600113635913,1129.9374063640873,1906.9052626835316,249.32908860119045
2026-02-12 11:00:00+00:00,1027.5049999999999,0.06599999999999984,3701.638,464.8812499999999,2013.84425,280.017,515.6732044627422,20.203847843423084,2326.2125550709216,749.9729683225635,2028.9361102496498,237.19358061869144,517.1155107490081,2.167402700892857,1834.600113635913,1129.9374063640873,1906.9052626835316,249.32908860119045,517.1155107490081,2.167402700892857,1834.600113635913,1129.9374063640873,1906.9052626835316,249.32908860119045
2026-02-12 12:00:00+00:00,1024.2839999999999,0.06599999999999984,3725.86575,455.2172499999999,1989.401,282.628,462.9892639822718,25.34398755156032,2237.889048180533,664.59150253095,2048.430155201002,226.73407089664246,517.1155107490081,2.167402700892857,1834.600113635913,1129.9374063640873,1906.9052626835316,249.32908860119045,517.1155107490081,2.167402700892857,1834.600113635913,1129.9374063640873,1906.9052626835316,249.32908860119045
2026-02-12 13:00:00+00:00,1036.38275,0.06599999999999984,3763.407,443.453,2000.22125,282.233,483.51469386865136,21.596931414312245,2215.1417189127687,750.9156614914143,2085.806628544017,236.156870091525,517.1155107490081,2.167402700892857,1834.600113635913,1129.9374063640873,1906.9052626835316,249.32908860119045,517.1155107490081,2.167402700892857,1834.600113635913,1129.9374063640873,1906.9052626835316,249.32908860119045
2026-02-12 14:00:00+00:00,1038.93525,0.12199999999999989,3695.8615,463.36275,2044.83275,281.481,533.3860415148343,21.22819676833377,2949.5264785535865,827.9873878865135,2091.4081818166324,233.30706732329412,517.1155107490081,2.167402700892857,1834.600113635913,1129.9374063640873,1906.9052626835316,249.32908860119045,517.1155107490081,2.167402700892857,1834.600113635913,1129.9374063640873,1906.9052626835316,249.32908860119045
2026-02-12 15:00:00+00:00,1030.36525,0.13099999999999978,3771.328,563.55975,2160.2425000000003,273.885,534.5775170339069,22.943654266150762,3155.616916454809,1005.2152230515538,2115.060686442139,240.59289337101166,517.1155107490081,2.167402700892857,1834.600113635913,1129.9374063640873,1906.9052626835316,249.32908860119045,517.1155107490081,2.167402700892857,1834.600113635913,1129.9374063640873,1906.9052626835316,249.32908860119045
2026-02-12 16:00:00+00:00,1021.642,0.13099999999999978,4063.6229999999996,639.0155000000001,2260.96475,273.529,658.0018991818717,11.588130055009293,3388.915966464814,1164.3995393154646,2129.3741980730483,225.2436391542187,517.1155107490081,2.167402700892857,1834.600113635913,1129.9374063640873,1906.9052626835316,249.32908860119045,517.1155107490081,2.167402700892857,1834.600113635913,1129.9374063640873,1906.9052626835316,249.32908860119045
2026-02-12 17:00:00+00:00,1018.2465,0.13099999999999978,4069.5739999999996,630.6662500000001,2281.0695,275.784,622.553045248686,9.401924184989756,3552.8918045041128,1073.298594897541,2250.336887359476,248.6888319839116,517.1155107490081,2.167402700892857,1834.600113635913,1129.9374063640873,1906.9052626835316,249.32908860119045,517.1155107490081,2.167402700892857,1834.600113635913,1129.9374063640873,1906.9052626835316,249.32908860119045
2026-02-12 18:00:00+00:00,1002.2772500000001,0.13099999999999978,4062.432,515.38325,2260.4845,275.23,636.3916235294182,9.628698107432488,3200.089608826973,959.902406410705,2196.5560364851835,251.8752610706449,517.1155107490081,2.167402700892857,1834.600113635913,1129.9374063640873,1906.9052626835316,249.32908860119045,517.1155107490081,2.167402700892857,1834.600113635913,1129.9374063640873,1906.9052626835316,249.32908860119045
2026-02-12 19:00:00+00:00,736.47425,0.13099999999999978,3997.2204999999994,418.06825000000003,2188.72425,276.101,525.9804587081923,4.173183119241532,2918.23677060972,742.5056263794804,2101.4762643103977,233.91502598443557,517.1155107490081,2.167402700892857,1834.600113635913,1129.9374063640873,1906.9052626835316,249.32908860119045,517.1155107490081,2.167402700892857,1834.600113635913,1129.9374063640873,1906.9052626835316,249.32908860119045
2026-02-12 20:00:00+00:00,494.31075,0.13099999999999978,3842.2065000000002,407.25275,2100.60325,273.134,498.36459841405986,2.4008472734217094,2325.5433604988307,674.7925364176831,2004.6943396022625,226.6764364464447,517.1155107490081,2.167402700892857,1834.600113635913,1129.9374063640873,1906.9052626835316,249.32908860119045,517.1155107490081,2.167402700892857,1834.600113635913,1129.9374063640873,1906.9052626835316,249.32908860119045
2026-02-12 21:00:00+00:00,488.56600000000003,0.13099999999999978,3555.48575,465.8444999999999,2035.97875,273.134,483.2004824935799,1.6144350663943108,2265.9664878322574,650.806369165764,2025.6590744707696,227.714330647028,517.1155107490081,2.167402700892857,1834.600113635913,1129.9374063640873,1906.9052626835316,249.32908860119045,517.1155107490081,2.167402700892857,1834.600113635913,1129.9374063640873,1906.9052626835316,249.32908860119045
2026-02-12 22:00:00+00:00,478.356,0.13099999999999978,3237.60775,417.46425,1988.117,276.299,358.02515453921114,0.03057872060656397,2066.4973372730565,619.437337355707,1951.7159433682953,232.3851115623608,517.1155107490081,2.167402700892857,1834.600113635913,1129.9374063640873,1906.9052626835316,249.32908860119045,517.1155107490081,2.167402700892857,1834.600113635913,1129.9374063640873,1906.9052626835316,249.32908860119045
2026-02-12 23:00:00+00:00,336.825,0.13099999999999978,2829.27875,402.43550000000005,1913.3625,264.628,365.048693413567,0.007888224033242963,1734.20781445144,531.2399838360599,1936.6303685511468,232.34278136268668,517.1155107490081,2.167402700892857,1834.600113635913,1129.9374063640873,1906.9052626835316,249.32908860119045,517.1155107490081,2.167402700892857,1834.600113635913,1129.9374063640873,1906.9052626835316,249.32908860119045
2026-02-13 00:00:00+00:00,333.7615,0.13099999999999978,2847.97925,402.5799999999999,1913.487,262.096,276.99909038280623,-0.39187990568229436,1267.8075783813404,652.3283378186552,1915.1668737251903,228.36160853540687,517.1155107490081,2.167402700892857,1834.600113635913,1129.9374063640873,1906.9052626835316,249.32908860119045,517.1155107490081,2.167402700892857,1834.600113635913,1129.9374063640873,1906.9052626835316,249.32908860119045
2026-02-13 01:00:00+00:00,333.93225,0.13099999999999978,2813.26725,411.81050000000005,1906.03575,261.621,329.051661646184,0.9198349763311007,1283.2981330654743,631.5148440215953,1901.2183297053948,217.7887862967705,517.1155107490081,2.167402700892857,1834.600113635913,1129.9374063640873,1906.9052626835316,249.32908860119045,517.1155107490081,2.167402700892857,1834.600113635913,1129.9374063640873,1906.9052626835316,249.32908860119045
2026-02-13 02:00:00+00:00,345.5105,0.13099999999999978,2829.10725,411.82025,1904.13875,263.995,272.5682043532098,1.5355102117535688,1335.4667479064174,646.4858306168935,1902.7288572932875,218.38949490769355,517.1155107490081,2.167402700892857,1834.600113635913,1129.9374063640873,1906.9052626835316,249.32908860119045,517.1155107490081,2.167402700892857,1834.600113635913,1129.9374063640873,1906.9052626835316,249.32908860119045
2026-02-13 03:00:00+00:00,467.24625,0.13099999999999978,2892.6805,395.106,1922.1585,261.265,269.28215494159264,1.4655507158412193,1322.0223458861342,628.7681133435285,1909.2717929435182,217.70933829804625,517.1155107490081,2.167402700892857,1834.600113635913,1129.9374063640873,1906.9052626835316,249.32908860119045,517.1155107490081,2.167402700892857,1834.600113635913,1129.9374063640873,1906.9052626835316,249.32908860119045
2026-02-13 04:00:00+00:00,607.102,0.13099999999999978,3215.191,467.8175,1955.47625,261.938,313.56061867707126,0.771673578684493,1636.0633265648746,633.1304625074631,1935.1767812476955,213.24165756818434,517.1155107490081,2.167402700892857,1834.600113635913,1129.9374063640873,1906.9052626835316,249.32908860119045,517.1155107490081,2.167402700892857,1834.600113635913,1129.9374063640873,1906.9052626835316,249.32908860119045
2026-02-13 05:00:00+00:00,741.3095,0.13099999999999978,4286.51275,453.93174999999997,2064.516,258.298,475.24678723434624,1.8287116277785416,2271.3680916399308,639.9763460862818,2025.3523288350127,222.15519035081013,517.1155107490081,2.167402700892857,1834.600113635913,1129.9374063640873,1906.9052626835316,249.32908860119045,517.1155107490081,2.167402700892857,1834.600113635913,1129.9374063640873,1906.9052626835316,249.32908860119045
2026-02-13 06:00:00+00:00,992.1512500000001,0.13099999999999978,4687.9085000000005,462.62175,2194.39075,257.309,737.2515335226612,2.570313661195628,3498.647480317159,1041.631292778635,2098.661054068946,222.04031332452388,517.1155107490081,2.167402700892857,1834.600113635913,1129.9374063640873,1906.9052626835316,249.32908860119045,517.1155107490081,2.167402700892857,1834.600113635913,1129.9374063640873,1906.9052626835316,249.32908860119045
2026-02-13 07:00:00+00:00,1031.945,0.13099999999999978,4738.627,679.7547500000001,2228.35725,257.309,767.8283060847253,3.8696173034392682,3884.102729668957,1138.5901462624886,2101.771743381407,229.438629090463,517.1155107490081,2.167402700892857,1834.600113635913,1129.9374063640873,1906.9052626835316,249.32908860119045,517.1155107490081,2.167402700892857,1834.600113635913,1129.9374063640873,1906.9052626835316,249.32908860119045
2026-02-13 08:00:00+00:00,998.51025,0.13099999999999978,4730.2212500000005,574.701,2198.51875,257.309,715.3027189067386,5.975139122763608,3972.308527089377,870.8128261861705,2049.4889740892327,228.66429709896858,517.1155107490081,2.167402700892857,1834.600113635913,1129.9374063640873,1906.9052626835316,249.32908860119045,517.1155107490081,2.167402700892857,1834.600113635913,1129.9374063640873,1906.9052626835316,249.32908860119045
2026-02-13 09:00:00+00:00,943.86625,0.13099999999999978,4708.49025,444.87974999999994,2133.89625,257.309,571.070081740832,-1.5825891856997885,3986.398237800314,696.9278706665175,2024.9807667489285,223.92519008759703,517.1155107490081,2.167402700892857,1834.600113635913,1129.9374063640873,1906.9052626835316,249.32908860119045,517.1155107490081,2.167402700892857,1834.600113635913,1129.9374063640873,1906.9052626835316,249.32908860119045
2026-02-13 10:00:00+00:00,953.6827499999999,0.13099999999999978,4636.55125,451.249,2079.6045,260.276,585.1145542142399,-0.4396697457110217,4071.1488183034407,683.7809667676777,1965.406429040019,224.59921372787755,517.1155107490081,2.167402700892857,1834.600113635913,1129.9374063640873,1906.9052626835316,249.32908860119045,517.1155107490081,2.167402700892857,1834.600113635913,1129.9374063640873,1906.9052626835316,249.32908860119045
2026-02-13 11:00:00+00:00,961.0455,0.13099999999999978,4570.53325,458.18574999999987,2022.75525,261.305,734.2858711472859,9.80662888570972,3805.8660171278552,645.5895936217959,1950.6311711978653,226.1153327646805,517.1155107490081,2.167402700892857,1834.600113635913,1129.9374063640873,1906.9052626835316,249.32908860119045,517.1155107490081,2.167402700892857,1834.600113635913,1129.9374063640873,1906.9052626835316,249.32908860119045
2026-02-13 12:00:00+00:00,963.11375,0.13099999999999978,4577.6425,468.24675,2013.599,261.265,849.9588028137935,1.1733612585445086,3748.350409471943,679.5351785418077,1953.725381419621,212.2982432042379,517.1155107490081,2.167402700892857,1834.600113635913,1129.9374063640873,1906.9052626835316,249.32908860119045,517.1155107490081,2.167402700892857,1834.600113635913,1129.9374063640873,1906.9052626835316,249.32908860119045
2026-02-13 13:00:00+00:00,964.11875,0.13099999999999978,4620.74025,559.31075,2024.77425,261.265,876.4616361305234,-0.48612374510142997,3824.0143395208597,736.7078202647451,1977.2008478654493,204.85873959354905,517.1155107490081,2.167402700892857,1834.600113635913,1129.9374063640873,1906.9052626835316,249.32908860119045,517.1155107490081,2.167402700892857,1834.600113635913,1129.9374063640873,1906.9052626835316,249.32908860119045
2026-02-13 14:00:00+00:00,1009.4765,0.13099999999999978,4721.9145,628.1437500000001,2076.3165,261.265,1028.412689637914,-1.3564601278399824,4296.211088668898,958.5546162022886,2032.5323044187305,204.555219936168,517.1155107490081,2.167402700892857,1834.600113635913,1129.9374063640873,1906.9052626835316,249.32908860119045,517.1155107490081,2.167402700892857,1834.600113635913,1129.9374063640873,1906.9052626835316,249.32908860119045
2026-02-13 15:00:00+00:00,1105.69525,0.13099999999999978,4849.593,932.99675,2186.61825,261.265,1188.8838762398104,-1.4658539732810558,4193.661187668258,1168.3902476969768,2041.2477825323826,197.68570626806158,517.1155107490081,2.167402700892857,1834.600113635913,1129.9374063640873,1906.9052626835316,249.32908860119045,517.1155107490081,2.167402700892857,1834.600113635913,1129.9374063640873,1906.9052626835316,249.32908860119045
2026-02-13 16:00:00+00:00,1103.2795,0.13099999999999978,4982.02275,1329.8365000000001,2271.46825,261.226,1272.7997816487846,6.908059860549775,4333.581042094679,1404.5323661008922,2088.1995043203024,190.353274699856,517.1155107490081,2.167402700892857,1834.600113635913,1129.9374063640873,1906.9052626835316,249.32908860119045,517.1155107490081,2.167402700892857,1834.600113635913,1129.9374063640873,1906.9052626835316,249.32908860119045
2026-02-13 17:00:00+00:00,1117.6934999999999,0.13099999999999978,4995.021750000001,1529.19075,2300.62125,261.226,1191.0574277971518,6.717460003557003,4438.933862772793,1495.8711187109213,2256.299531529155,193.6977431491914,517.1155107490081,2.167402700892857,1834.600113635913,1129.9374063640873,1906.9052626835316,249.32908860119045,517.1155107490081,2.167402700892857,1834.600113635913,1129.9374063640873,1906.9052626835316,249.32908860119045
2026-02-13 18:00:00+00:00,1109.5765000000001,0.13099999999999978,4995.264000000001,1211.0375000000001,2280.72475,261.186,1170.5965038071745,-1.1119973557669085,4311.493068698051,1205.9951630947662,2226.1932294908256,205.40893377722566,517.1155107490081,2.167402700892857,1834.600113635913,1129.9374063640873,1906.9052626835316,249.32908860119045,517.1155107490081,2.167402700892857,1834.600113635913,1129.9374063640873,1906.9052626835316,249.32908860119045
2026-02-13 19:00:00+00:00,1052.37475,0.13099999999999978,4957.021000000001,636.00075,2200.833,261.186,1103.9486649201565,-1.12003227965522,4102.650096525308,745.5551441684265,2073.03387030199,216.00185120954265,517.1155107490081,2.167402700892857,1834.600113635913,1129.9374063640873,1906.9052626835316,249.32908860119045,517.1155107490081,2.167402700892857,1834.600113635913,1129.9374063640873,1906.9052626835316,249.32908860119045
2026-02-13 20:00:00+00:00,1008.63475,0.13099999999999978,4904.93725,514.7284999999999,2102.82675,261.146,1036.3282031522808,1.850012760861269,4131.790031781319,629.4895332083161,2036.3320344382955,217.81852644115062,517.1155107490081,2.167402700892857,1834.600113635913,1129.9374063640873,1906.9052626835316,249.32908860119045,517.1155107490081,2.167402700892857,1834.600113635913,1129.9374063640873,1906.9052626835316,249.32908860119045
2026-02-13 21:00:00+00:00,965.0705,0.13099999999999978,4845.06225,485.201,2037.3647500000002,263.322,1016.0553195874999,0.12580350783063876,3808.888952834371,624.8308582166103,2029.8341895017907,215.06454478475592,517.1155107490081,2.167402700892857,1834.600113635913,1129.9374063640873,1906.9052626835316,249.32908860119045,517.1155107490081,2.167402700892857,1834.600113635913,1129.9374063640873,1906.9052626835316,249.32908860119045
2026-02-13 22:00:00+00:00,967.178,0.13099999999999978,4830.45875,488.62799999999993,1982.55925,266.25,995.9798597130781,-0.265613370438309,3806.638861831868,619.4938257524803,1995.954958705728,219.60539300677473,517.1155107490081,2.167402700892857,1834.600113635913,1129.9374063640873,1906.9052626835316,249.32908860119045,517.1155107490081,2.167402700892857,1834.600113635913,1129.9374063640873,1906.9052626835316,249.32908860119045
2026-02-13 23:00:00+00:00,913.24375,0.13099999999999978,4427.06425,444.3879999999999,1938.8690000000001,272.026,911.6099065123035,-0.2799016130728873,2899.5736791581157,643.9496850043328,1975.1788731956062,218.9375852714719,517.1155107490081,2.167402700892857,1834.600113635913,1129.9374063640873,1906.9052626835316,249.32908860119045,517.1155107490081,2.167402700892857,1834.600113635913,1129.9374063640873,1906.9052626835316,249.32908860119045
2026-02-14 00:00:00+00:00,911.10225,0.13099999999999978,4283.12375,427.5754999999999,1931.028,273.015,961.0687203948187,0.2247621294153208,2908.246776189243,597.0466225181214,1969.9124557287062,230.45630253381162,517.1155107490081,2.167402700892857,1834.600113635913,1129.9374063640873,1906.9052626835316,249.32908860119045,517.1155107490081,2.167402700892857,1834.600113635913,1129.9374063640873,1906.9052626835316,249.32908860119045
2026-02-14 01:00:00+00:00,911.67125,0.13099999999999978,4209.339,426.71375,1926.30375,273.015,823.9663610428979,0.096563933115839,2886.917514841537,558.7800627052787,1949.970692239244,226.96654979965786,517.1155107490081,2.167402700892857,1834.600113635913,1129.9374063640873,1906.9052626835316,249.32908860119045,517.1155107490081,2.167402700892857,1834.600113635913,1129.9374063640873,1906.9052626835316,249.32908860119045
2026-02-14 02:00:00+00:00,910.5867499999999,0.13099999999999978,4264.47175,393.22849999999994,1924.125,272.975,790.3922591366457,0.2303611881662504,2616.565954044524,553.8522394184791,1931.1796904857474,228.1277911327822,517.1155107490081,2.167402700892857,1834.600113635913,1129.9374063640873,1906.9052626835316,249.32908860119045,517.1155107490081,2.167402700892857,1834.600113635913,1129.9374063640873,1906.9052626835316,249.32908860119045
2026-02-14 03:00:00+00:00,903.15425,0.13099999999999978,4270.7955,372.899,1944.49425,277.921,707.3526944491516,0.19316460714662842,2451.182365539561,543.1925216718738,1923.8181524302047,225.2435334677922,517.1155107490081,2.167402700892857,1834.600113635913,1129.9374063640873,1906.9052626835316,249.32908860119045,517.1155107490081,2.167402700892857,1834.600113635913,1129.9374063640873,1906.9052626835316,249.32908860119045
2026-02-14 04:00:00+00:00,887.07425,0.13099999999999978,4258.0197499999995,380.3599999999999,1985.563,272.936,750.586584182035,0.21599078330588517,2480.219158544311,541.6992204511984,1962.9026931124765,224.46401867845,517.1155107490081,2.167402700892857,1834.600113635913,1129.9374063640873,1906.9052626835316,249.32908860119045,517.1155107490081,2.167402700892857,1834.600113635913,1129.9374063640873,1906.9052626835316,249.32908860119045
2026-02-14 05:00:00+00:00,884.51525,0.13099999999999978,4368.014999999999,376.7845,2116.95925,267.002,770.728192674015,0.2270578643476855,2849.6367017469747,593.7351037317734,2001.1761850598054,217.10116360016525,517.1155107490081,2.167402700892857,1834.600113635913,1129.9374063640873,1906.9052626835316,249.32908860119045,517.1155107490081,2.167402700892857,1834.600113635913,1129.9374063640873,1906.9052626835316,249.32908860119045
2026-02-14 06:00:00+00:00,885.4615,0.13099999999999978,4686.3565,373.37525000000005,2245.1345,265.024,901.9662711461955,1.69568946962855,2201.8811602216992,779.209457188057,2113.096397198679,212.66786732642635,517.1155107490081,2.167402700892857,1834.600113635913,1129.9374063640873,1906.9052626835316,249.32908860119045,517.1155107490081,2.167402700892857,1834.600113635913,1129.9374063640873,1906.9052626835316,249.32908860119045
2026-02-14 07:00:00+00:00,893.709,0.13099999999999978,4843.26875,391.72024999999996,2280.91475,265.024,973.253478181956,2.0209867356287097,2913.7458861473497,802.4449770875892,2135.0379797019737,218.647270919679,517.1155107490081,2.167402700892857,1834.600113635913,1129.9374063640873,1906.9052626835316,249.32908860119045,517.1155107490081,2.167402700892857,1834.600113635913,1129.9374063640873,1906.9052626835316,249.32908860119045
2026-02-14 08:00:00+00:00,890.946,0.13099999999999978,4854.9075,420.91999999999996,2250.246,265.024,1100.1063729226294,0.9090077154900762,3257.9556861489746,808.1617353738259,2095.3762432653502,216.39124170178542,517.1155107490081,2.167402700892857,1834.600113635913,1129.9374063640873,1906.9052626835316,249.32908860119045,517.1155107490081,2.167402700892857,1834.600113635913,1129.9374063640873,1906.9052626835316,249.32908860119045
2026-02-14 09:00:00+00:00,895.1532500000001,0.13099999999999978,4834.6705,452.74299999999994,2181.5305,265.063,1120.688936166842,1.3000437097417383,3463.1847103240284,732.9381437843006,2065.4676297584338,221.05138319577333,517.1155107490081,2.167402700892857,1834.600113635913,1129.9374063640873,1906.9052626835316,249.32908860119045,517.1155107490081,2.167402700892857,1834.600113635913,1129.9374063640873,1906.9052626835316,249.32908860119045
2026-02-14 10:00:00+00:00,901.20475,0.13099999999999978,4774.4310000000005,406.09850000000006,2125.58025,270.997,1138.2383933108204,2.1823782070184685,3601.7518535494337,796.158824305928,2042.8141616782882,214.07771868908833,517.1155107490081,2.167402700892857,1834.600113635913,1129.9374063640873,1906.9052626835316,249.32908860119045,517.1155107490081,2.167402700892857,1834.600113635913,1129.9374063640873,1906.9052626835316,249.32908860119045
2026-02-14 11:00:00+00:00,909.39275,0.13099999999999978,4753.615,414.23825,2048.07225,272.975,1175.8682538007815,2.4275997983654016,3251.3234113529643,678.7787471664088,1966.037141425078,212.6152947646787,517.1155107490081,2.167402700892857,1834.600113635913,1129.9374063640873,1906.9052626835316,249.32908860119045,517.1155107490081,2.167402700892857,1834.600113635913,1129.9374063640873,1906.9052626835316,249.32908860119045
2026-02-14 12:00:00+00:00,913.9512500000001,0.13099999999999978,4783.20175,384.26599999999996,2031.821,273.648,1180.1522683309076,3.0703233822077967,3375.0464951945587,836.3174252313927,1984.5026805925415,214.1129240215556,517.1155107490081,2.167402700892857,1834.600113635913,1129.9374063640873,1906.9052626835316,249.32908860119045,517.1155107490081,2.167402700892857,1834.600113635913,1129.9374063640873,1906.9052626835316,249.32908860119045
2026-02-14 13:00:00+00:00,915.4625000000001,0.13099999999999978,4774.985000000001,555.9907499999999,2040.71175,273.015,1072.5670045295465,0.6455736030140493,3112.565646840794,875.9541908850481,1998.1980391590769,216.3684888992271,517.1155107490081,2.167402700892857,1834.600113635913,1129.9374063640873,1906.9052626835316,249.32908860119045,517.1155107490081,2.167402700892857,1834.600113635913,1129.9374063640873,1906.9052626835316,249.32908860119045
2026-02-14 14:00:00+00:00,915.4792500000001,0.13099999999999978,4852.6685,761.44575,2090.21575,272.975,1124.9136934806256,0.7441120681098881,3162.737549838266,1082.7378258231129,2055.3167902423224,206.16813573388526,517.1155107490081,2.167402700892857,1834.600113635913,1129.9374063640873,1906.9052626835316,249.32908860119045,517.1155107490081,2.167402700892857,1834.600113635913,1129.9374063640873,1906.9052626835316,249.32908860119045
2026-02-14 15:00:00+00:00,971.67575,0.13099999999999978,4931.52425,835.9005000000001,2198.35275,272.975,1240.6555801584987,1.1709925350204042,3442.6318485087645,1314.0085001850807,2101.965412383465,211.00296754458424,517.1155107490081,2.167402700892857,1834.600113635913,1129.9374063640873,1906.9052626835316,249.32908860119045,517.1155107490081,2.167402700892857,1834.600113635913,1129.9374063640873,1906.9052626835316,249.32908860119045
2026-02-14 16:00:00+00:00,1039.2215,0.13099999999999978,4981.8595000000005,1464.48675,2278.7995,272.936,1144.7082751039097,2.6480987312842243,3681.386816419352,1511.3081268798146,2053.3664232084243,210.89663654019864,517.1155107490081,2.167402700892857,1834.600113635913,1129.9374063640873,1906.9052626835316,249.32908860119045,517.1155107490081,2.167402700892857,1834.600113635913,1129.9374063640873,1906.9052626835316,249.32908860119045
2026-02-14 17:00:00+00:00,1041.71825,0.13099999999999978,4994.7880000000005,1609.7322499999998,2301.24725,272.936,1118.5501446461658,-4.32647136887331,4258.461634222955,1549.3179111940212,2187.075213486331,206.679143691385,517.1155107490081,2.167402700892857,1834.600113635913,1129.9374063640873,1906.9052626835316,249.32908860119045,517.1155107490081,2.167402700892857,1834.600113635913,1129.9374063640873,1906.9052626835316,249.32908860119045
2026-02-14 18:00:00+00:00,1039.44325,0.13099999999999978,4979.46775,1523.1960000000001,2256.83075,272.896,1233.2275529032945,-4.03849312693789,4245.508250325219,1284.5037551402045,2201.830291453043,221.30814116897426,517.1155107490081,2.167402700892857,1834.600113635913,1129.9374063640873,1906.9052626835316,249.32908860119045,517.1155107490081,2.167402700892857,1834.600113635913,1129.9374063640873,1906.9052626835316,249.32908860119045
2026-02-14 19:00:00+00:00,970.85825,0.13099999999999978,5005.2455,1127.6565000000003,2161.146,272.936,1338.6755174696882,-3.8341312617013608,3911.2145166917417,1020.5902213390593,2127.3030204217916,204.82355584724093,517.1155107490081,2.167402700892857,1834.600113635913,1129.9374063640873,1906.9052626835316,249.32908860119045,517.1155107490081,2.167402700892857,1834.600113635913,1129.9374063640873,1906.9052626835316,249.32908860119045
2026-02-14 20:00:00+00:00,901.32575,0.13099999999999978,4926.782999999999,618.797,2073.26925,272.975,1486.828088994012,-4.718366202225278,3668.968662087079,837.5706480764056,2067.40086670614,199.8485695763846,517.1155107490081,2.167402700892857,1834.600113635913,1129.9374063640873,1906.9052626835316,249.32908860119045,517.1155107490081,2.167402700892857,1834.600113635913,1129.9374063640873,1906.9052626835316,249.32908860119045
2026-02-14 21:00:00+00:00,910.7465,0.13099999999999978,4884.94725,382.60799999999995,2008.45575,273.055,1385.6069503851807,-2.1228384940541942,3724.684953595679,780.9811369668105,2039.393306477491,207.73550984897037,517.1155107490081,2.167402700892857,1834.600113635913,1129.9374063640873,1906.9052626835316,249.32908860119045,517.1155107490081,2.167402700892857,1834.600113635913,1129.9374063640873,1906.9052626835316,249.32908860119045
2026-02-14 22:00:00+00:00,922.40825,0.13099999999999978,4868.236,376.254,1967.0595,273.094,1421.854847207706,-3.887641140795718,3502.6029667042217,664.9374216123373,2000.9319691524383,213.89328859792374,517.1155107490081,2.167402700892857,1834.600113635913,1129.9374063640873,1906.9052626835316,249.32908860119045,517.1155107490081,2.167402700892857,1834.600113635913,1129.9374063640873,1906.9052626835316,249.32908860119045
2026-02-14 23:00:00+00:00,908.55375,0.13099999999999978,4187.84425,352.19849999999997,1925.725,269.771,1374.5966962603586,-3.96235691488368,2642.779960836871,593.2474777538872,1969.5314683548263,170.07355835772432,517.1155107490081,2.167402700892857,1834.600113635913,1129.9374063640873,1906.9052626835316,249.32908860119045,517.1155107490081,2.167402700892857,1834.600113635913,1129.9374063640873,1906.9052626835316,249.32908860119045
2026-02-15 00:00:00+00:00,906.5035,0.13099999999999978,3828.649,356.2175,1915.94875,270.206,1278.1757769213605,-1.7069384997150734,3060.883976991102,568.559203952313,1942.841688801852,170.13445506383638,517.1155107490081,2.167402700892857,1834.600113635913,1129.9374063640873,1906.9052626835316,249.32908860119045,517.1155107490081,2.167402700892857,1834.600113635913,1129.9374063640873,1906.9052626835316,249.32908860119045
2026-02-15 01:00:00+00:00,905.485,0.13099999999999978,3335.3737499999997,360.69000000000005,1908.61725,269.89,1180.9340386702681,-0.07324112491639356,2785.988639876599,494.38981018373113,1925.199078065268,174.09995287159614,517.1155107490081,2.167402700892857,1834.600113635913,1129.9374063640873,1906.9052626835316,249.32908860119045,517.1155107490081,2.167402700892857,1834.600113635913,1129.9374063640873,1906.9052626835316,249.32908860119045
2026-02-15 02:00:00+00:00,907.601,0.13099999999999978,3015.2127499999997,362.02374999999995,1907.012,269.178,1103.0736055186853,-1.1095170207899638,2693.0978263648785,496.13102904514324,1912.5666597029704,158.89477183367438,517.1155107490081,2.167402700892857,1834.600113635913,1129.9374063640873,1906.9052626835316,249.32908860119045,517.1155107490081,2.167402700892857,1834.600113635913,1129.9374063640873,1906.9052626835316,249.32908860119045
2026-02-15 03:00:00+00:00,900.63675,0.13099999999999978,2940.12975,358.96174999999994,1925.58225,269.217,1106.0294315297365,-1.7801740193831619,2512.780668281243,470.68434535472045,1909.559695978939,155.72380415079294,517.1155107490081,2.167402700892857,1834.600113635913,1129.9374063640873,1906.9052626835316,249.32908860119045,517.1155107490081,2.167402700892857,1834.600113635913,1129.9374063640873,1906.9052626835316,249.32908860119045
2026-02-15 04:00:00+00:00,886.8175,0.13099999999999978,2992.4595,368.30774999999994,1965.72225,269.257,1031.4552723783752,-1.9882178471895107,2685.886056385548,440.7164118758727,1922.2928369819674,171.26309038476947,517.1155107490081,2.167402700892857,1834.600113635913,1129.9374063640873,1906.9052626835316,249.32908860119045,517.1155107490081,2.167402700892857,1834.600113635913,1129.9374063640873,1906.9052626835316,249.32908860119045
2026-02-15 05:00:00+00:00,863.1347499999999,0.13099999999999978,2992.04775,368.58475,2098.84375,251.45425,1033.1776415345207,-2.0252002296827514,2538.295457740353,417.7697634226107,1928.1979977532787,178.43185902808256,517.1155107490081,2.167402700892857,1834.600113635913,1129.9374063640873,1906.9052626835316,249.32908860119045,517.1155107490081,2.167402700892857,1834.600113635913,1129.9374063640873,1906.9052626835316,249.32908860119045
2026-02-15 06:00:00+00:00,747.369,0.13099999999999978,2847.7895,365.4575,2234.891,245.52,829.8828887383912,-1.0081155439758325,2106.2705165879734,540.8948141312757,1993.677160122332,196.66802804173827,517.1155107490081,2.167402700892857,1834.600113635913,1129.9374063640873,1906.9052626835316,249.32908860119045,517.1155107490081,2.167402700892857,1834.600113635913,1129.9374063640873,1906.9052626835316,249.32908860119045
2026-02-15 07:00:00+00:00,706.7645,0.13099999999999978,2853.0775000000003,460.77125,2269.21925,245.48,897.4772737457758,2.2122486038709015,2268.032480663307,526.2428758871863,2057.70339827955,207.43352575343607,517.1155107490081,2.167402700892857,1834.600113635913,1129.9374063640873,1906.9052626835316,249.32908860119045,517.1155107490081,2.167402700892857,1834.600113635913,1129.9374063640873,1906.9052626835316,249.32908860119045
2026-02-15 08:00:00+00:00,603.102,0.13099999999999978,2670.68025,436.58375,2220.802,245.361,856.2946711910852,8.616362133297766,2380.634767366795,533.9470280715644,2039.1425761202327,207.69169028721802,517.1155107490081,2.167402700892857,1834.600113635913,1129.9374063640873,1906.9052626835316,249.32908860119045,517.1155107490081,2.167402700892857,1834.600113635913,1129.9374063640873,1906.9052626835316,249.32908860119045
2026-02-15 09:00:00+00:00,468.83275000000003,0.13099999999999978,2209.5535,375.41824999999994,2148.15275,245.203,682.8945587374394,-1.4723924020320291,2240.949401891543,466.7453275330372,2011.0548749226255,195.1688935801953,517.1155107490081,2.167402700892857,1834.600113635913,1129.9374063640873,1906.9052626835316,249.32908860119045,517.1155107490081,2.167402700892857,1834.600113635913,1129.9374063640873,1906.9052626835316,249.32908860119045
2026-02-15 10:00:00+00:00,227.98825,0.13099999999999978,2088.64625,375.3085,2089.784,251.177,595.5965996046222,-1.1340208427949356,2119.0883182151715,581.0144563026665,1991.2835845538577,164.68697493270713,517.1155107490081,2.167402700892857,1834.600113635913,1129.9374063640873,1906.9052626835316,249.32908860119045,517.1155107490081,2.167402700892857,1834.600113635913,1129.9374063640873,1906.9052626835316,249.32908860119045
2026-02-15 11:00:00+00:00,183.89999999999998,0.13099999999999978,2042.6385,379.31774999999993,2016.559,253.946,386.9774377481119,4.063610966603121,2057.904112957622,504.51173816329435,1959.1133540895214,164.3577196957906,517.1155107490081,2.167402700892857,1834.600113635913,1129.9374063640873,1906.9052626835316,249.32908860119045,517.1155107490081,2.167402700892857,1834.600113635913,1129.9374063640873,1906.9052626835316,249.32908860119045
2026-02-15 12:00:00+00:00,181.5,0.13099999999999978,1979.1475,387.4682499999999,1988.0765000000001,255.647,366.78971063402236,3.35472060268443,1738.7696855398924,512.7727190575765,1994.040029148703,156.45986822955723,517.1155107490081,2.167402700892857,1834.600113635913,1129.9374063640873,1906.9052626835316,249.32908860119045,517.1155107490081,2.167402700892857,1834.600113635913,1129.9374063640873,1906.9052626835316,249.32908860119045
2026-02-15 13:00:00+00:00,180.39999999999998,0.13099999999999978,1977.6585,383.8332499999999,2000.8485,255.291,321.6087149540728,-0.5322544031149197,1654.8198138685311,526.1577450353093,1973.6965391895505,170.6507213961836,517.1155107490081,2.167402700892857,1834.600113635913,1129.9374063640873,1906.9052626835316,249.32908860119045,517.1155107490081,2.167402700892857,1834.600113635913,1129.9374063640873,1906.9052626835316,249.32908860119045
2026-02-15 14:00:00+00:00,190.39999999999998,0.13099999999999978,2018.06625,377.30625,2037.72675,256.518,383.9391850755107,-0.3850299135158579,1706.5005679950314,529.0931047978981,2010.1959658066282,173.549648277067,517.1155107490081,2.167402700892857,1834.600113635913,1129.9374063640873,1906.9052626835316,249.32908860119045,517.1155107490081,2.167402700892857,1834.600113635913,1129.9374063640873,1906.9052626835316,249.32908860119045
2026-02-15 15:00:00+00:00,177.39999999999998,0.13099999999999978,2157.9195,526.3152500000001,2140.9955,265.10275,384.1217177432967,-0.27928046425377495,2255.000992292375,739.8544262752142,2078.8081944922806,215.5074598304186,517.1155107490081,2.167402700892857,1834.600113635913,1129.9374063640873,1906.9052626835316,249.32908860119045,517.1155107490081,2.167402700892857,1834.600113635913,1129.9374063640873,1906.9052626835316,249.32908860119045
2026-02-15 16:00:00+00:00,173.89999999999998,0.13099999999999978,2196.41775,1022.144,2221.89525,269.019,408.30518191883243,8.183771174280453,2731.201999691137,791.8967667541726,2105.1466529684158,212.16072122904217,517.1155107490081,2.167402700892857,1834.600113635913,1129.9374063640873,1906.9052626835316,249.32908860119045,517.1155107490081,2.167402700892857,1834.600113635913,1129.9374063640873,1906.9052626835316,249.32908860119045
2026-02-15 17:00:00+00:00,201.39999999999998,0.13099999999999978,2193.876,812.50675,2244.4342500000002,268.98,442.0736198869261,11.40834591684122,2535.1118063803256,873.9646438812,2264.1195856821473,219.67085813914343,517.1155107490081,2.167402700892857,1834.600113635913,1129.9374063640873,1906.9052626835316,249.32908860119045,517.1155107490081,2.167402700892857,1834.600113635913,1129.9374063640873,1906.9052626835316,249.32908860119045
2026-02-15 18:00:00+00:00,182.39999999999998,0.13099999999999978,2165.23875,561.153,2215.5204999999996,268.98,499.79990672783293,8.68472143000642,2492.593481571487,705.1585587318818,2206.595537590597,206.82854440539964,517.1155107490081,2.167402700892857,1834.600113635913,1129.9374063640873,1906.9052626835316,249.32908860119045,517.1155107490081,2.167402700892857,1834.600113635913,1129.9374063640873,1906.9052626835316,249.32908860119045
2026-02-15 19:00:00+00:00,186.39999999999998,0.13099999999999978,2121.7365,422.61725,2126.41925,268.98,469.2346847019255,3.730150481751593,2432.8187339082597,570.2441425158622,2098.137757636336,204.22808109187804,517.1155107490081,2.167402700892857,1834.600113635913,1129.9374063640873,1906.9052626835316,249.32908860119045,517.1155107490081,2.167402700892857,1834.600113635913,1129.9374063640873,1906.9052626835316,249.32908860119045
2026-02-15 20:00:00+00:00,193.8,0.13099999999999978,2068.70325,397.06375,2050.9595,268.94,455.2649560677989,6.892529165108796,2575.04149483944,523.4799722084223,2058.4321140783227,215.59437883727907,517.1155107490081,2.167402700892857,1834.600113635913,1129.9374063640873,1906.9052626835316,249.32908860119045,517.1155107490081,2.167402700892857,1834.600113635913,1129.9374063640873,1906.9052626835316,249.32908860119045
2026-02-15 21:00:00+00:00,178.39999999999998,0.13099999999999978,2008.5172499999999,470.1115,1985.4085,268.94,451.9617727156161,7.0219739436625925,2562.312599194601,481.67001066073,2019.3284340682417,224.4130143798026,517.1155107490081,2.167402700892857,1834.600113635913,1129.9374063640873,1906.9052626835316,249.32908860119045,517.1155107490081,2.167402700892857,1834.600113635913,1129.9374063640873,1906.9052626835316,249.32908860119045
2026-02-15 22:00:00+00:00,175.10000000000002,0.13099999999999978,2007.3542499999999,408.00199999999995,1944.33675,268.94,409.7348395901588,6.890192869825526,2387.0651443395336,459.6461220628187,1971.0418976361877,227.80723644837377,517.1155107490081,2.167402700892857,1834.600113635913,1129.9374063640873,1906.9052626835316,249.32908860119045,517.1155107490081,2.167402700892857,1834.600113635913,1129.9374063640873,1906.9052626835316,249.32908860119045
2026-02-15 23:00:00+00:00,174.89999999999998,0.13099999999999978,1899.67175,392.3187499999999,1903.80575,272.936,387.427196162966,4.885722740573243,2235.6780062144444,445.8903395468503,1970.5582941119692,224.99901557501522,517.1155107490081,2.167402700892857,1834.600113635913,1129.9374063640873,1906.9052626835316,249.32908860119045,517.1155107490081,2.167402700892857,1834.600113635913,1129.9374063640873,1906.9052626835316,249.32908860119045
2026-02-16 00:00:00+00:00,173.8,0.13099999999999978,1897.62675,401.70624999999995,1886.2627499999999,272.936,371.4537799194308,4.33338929720977,2260.2652385263705,505.6672164429733,1907.4927497423885,221.76217385566378,517.1155107490081,2.167402700892857,1834.600113635913,1129.9374063640873,1906.9052626835316,249.32908860119045,517.1155107490081,2.167402700892857,1834.600113635913,1129.9374063640873,1906.9052626835316,249.32908860119045
2026-02-16 01:00:00+00:00,175.89999999999998,0.13099999999999978,1896.0752499999999,448.4575,1875.74025,272.975,336.04535310628444,-0.4206300027937844,1936.0227242274025,528.2094960202785,1907.3318990003017,209.38476001905326,517.1155107490081,2.167402700892857,1834.600113635913,1129.9374063640873,1906.9052626835316,249.32908860119045,517.1155107490081,2.167402700892857,1834.600113635913,1129.9374063640873,1906.9052626835316,249.32908860119045
2026-02-16 02:00:00+00:00,174.10000000000002,0.13099999999999978,1901.0462499999999,509.90625,1871.4965,272.975,286.87378298623935,-2.8851917309445594,1631.83299458241,526.1122187610623,1901.6959264660177,224.86635752427796,517.1155107490081,2.167402700892857,1834.600113635913,1129.9374063640873,1906.9052626835316,249.32908860119045,517.1155107490081,2.167402700892857,1834.600113635913,1129.9374063640873,1906.9052626835316,249.32908860119045
2026-02-16 03:00:00+00:00,187.2,0.13099999999999978,1911.12025,506.6332500000001,1884.0417499999999,272.975,254.21991446273915,5.8989940766748425,1763.3778164305504,496.64164118809913,1897.3941812348228,226.96827246280182,517.1155107490081,2.167402700892857,1834.600113635913,1129.9374063640873,1906.9052626835316,249.32908860119045,517.1155107490081,2.167402700892857,1834.600113635913,1129.9374063640873,1906.9052626835316,249.32908860119045
2026-02-16 04:00:00+00:00,209.3,0.13099999999999978,1975.699,485.33175000000006,1910.11575,273.015,302.77235606927184,4.1286551589280345,2006.695035263072,478.23162864899643,1922.5263443103836,221.09565635748268,517.1155107490081,2.167402700892857,1834.600113635913,1129.9374063640873,1906.9052626835316,249.32908860119045,517.1155107490081,2.167402700892857,1834.600113635913,1129.9374063640873,1906.9052626835316,249.32908860119045
2026-02-16 05:00:00+00:00,223.10000000000002,0.13099999999999978,2085.3247499999998,479.63824999999997,1996.787,264.11325,491.757694385444,7.706675252372817,2595.2464270494042,442.339291875424,1988.9945741374315,235.94445777650355,517.1155107490081,2.167402700892857,1834.600113635913,1129.9374063640873,1906.9052626835316,249.32908860119045,517.1155107490081,2.167402700892857,1834.600113635913,1129.9374063640873,1906.9052626835316,249.32908860119045
2026-02-16 06:00:00+00:00,251.029,0.13099999999999978,2715.25,602.206,2117.557,261.146,593.2628447090335,18.34350703246917,2554.9334436741046,668.9202969515873,2049.4044368041214,237.89540771960657,517.1155107490081,2.167402700892857,1834.600113635913,1129.9374063640873,1906.9052626835316,249.32908860119045,517.1155107490081,2.167402700892857,1834.600113635913,1129.9374063640873,1906.9052626835316,249.32908860119045
2026-02-16 07:00:00+00:00,496.62175,0.13099999999999978,3628.12575,562.1645000000001,2163.187,261.186,650.4085578731908,12.172171805381241,3268.894040005618,721.8943770550604,2113.0968846603373,240.8560602647094,517.1155107490081,2.167402700892857,1834.600113635913,1129.9374063640873,1906.9052626835316,249.32908860119045,517.1155107490081,2.167402700892857,1834.600113635913,1129.9374063640873,1906.9052626835316,249.32908860119045
2026-02-16 08:00:00+00:00,646.249,0.13099999999999978,3883.7375,622.1565,2145.50525,261.186,687.0086400989895,3.9211974114780372,3239.312858316886,674.6716678972825,2105.6317465646125,229.8390834382291,517.1155107490081,2.167402700892857,1834.600113635913,1129.9374063640873,1906.9052626835316,249.32908860119045,517.1155107490081,2.167402700892857,1834.600113635913,1129.9374063640873,1906.9052626835316,249.32908860119045
2026-02-16 09:00:00+00:00,765.11275,0.13099999999999978,3811.80425,534.0930000000001,2084.763,261.226,789.6242741212991,1.4730828153388975,3174.909434969228,597.3686508724702,2061.206560289106,237.50136971969167,517.1155107490081,2.167402700892857,1834.600113635913,1129.9374063640873,1906.9052626835316,249.32908860119045,517.1155107490081,2.167402700892857,1834.600113635913,1129.9374063640873,1906.9052626835316,249.32908860119045
2026-02-16 10:00:00+00:00,659.23,0.13099999999999978,3735.21,631.55,2042.43125,270.127,732.7921483518428,4.309174634970464,3146.3208880061607,578.5089458399474,2055.850637379069,243.93010371067214,517.1155107490081,2.167402700892857,1834.600113635913,1129.9374063640873,1906.9052626835316,249.32908860119045,517.1155107490081,2.167402700892857,1834.600113635913,1129.9374063640873,1906.9052626835316,249.32908860119045
2026-02-16 11:00:00+00:00,633.42175,0.13099999999999978,3633.2355,721.048,1979.79,273.411,671.086766916439,7.745937097157142,2922.6261080314753,558.2976436264291,1996.3174161534157,238.72501019468248,517.1155107490081,2.167402700892857,1834.600113635913,1129.9374063640873,1906.9052626835316,249.32908860119045,517.1155107490081,2.167402700892857,1834.600113635913,1129.9374063640873,1906.9052626835316,249.32908860119045
2026-02-16 12:00:00+00:00,635.75775,0.13099999999999978,3492.831,520.88375,1962.77225,274.597,698.1254551118358,8.356426602131169,2986.6442696464537,572.7436002094748,1995.006294705517,236.0580643257956,517.1155107490081,2.167402700892857,1834.600113635913,1129.9374063640873,1906.9052626835316,249.32908860119045,517.1155107490081,2.167402700892857,1834.600113635913,1129.9374063640873,1906.9052626835316,249.32908860119045
2026-02-16 13:00:00+00:00,665.88325,0.13099999999999978,3662.366,607.52525,1967.29325,274.044,773.5016736728339,6.697114077871566,3094.5237696302083,615.1875122893837,2017.57891067264,239.3567486908082,517.1155107490081,2.167402700892857,1834.600113635913,1129.9374063640873,1906.9052626835316,249.32908860119045,517.1155107490081,2.167402700892857,1834.600113635913,1129.9374063640873,1906.9052626835316,249.32908860119045
2026-02-16 14:00:00+00:00,838.3955000000001,0.13099999999999978,4020.594,540.241,2000.1125,274.4,888.3167378369313,4.861850212747186,3413.5484854569886,677.5525713928986,2042.5012666967168,239.533809098601,517.1155107490081,2.167402700892857,1834.600113635913,1129.9374063640873,1906.9052626835316,249.32908860119045,517.1155107490081,2.167402700892857,1834.600113635913,1129.9374063640873,1906.9052626835316,249.32908860119045
2026-02-16 15:00:00+00:00,958.5137499999998,0.13099999999999978,4183.12575,848.193,2089.4595,277.446,909.9459789736281,8.094046876937412,4254.366248582138,923.8853204583065,2101.560076458293,228.0246426595174,517.1155107490081,2.167402700892857,1834.600113635913,1129.9374063640873,1906.9052626835316,249.32908860119045,517.1155107490081,2.167402700892857,1834.600113635913,1129.9374063640873,1906.9052626835316,249.32908860119045
2026-02-16 16:00:00+00:00,1000.38775,0.13099999999999978,4248.8372500000005,1153.062,2199.19,286.466,1052.819084296019,6.825340848840197,4281.117273546085,1183.4406543117097,2155.0420928494646,237.41803205310472,517.1155107490081,2.167402700892857,1834.600113635913,1129.9374063640873,1906.9052626835316,249.32908860119045,517.1155107490081,2.167402700892857,1834.600113635913,1129.9374063640873,1906.9052626835316,249.32908860119045
2026-02-16 17:00:00+00:00,1062.1889999999999,0.13099999999999978,4254.66075,1272.22475,2233.45425,293.627,984.1107122385638,5.128741623816283,4413.132618794845,1384.4311572140891,2013.2002496303176,235.67240638319544,517.1155107490081,2.167402700892857,1834.600113635913,1129.9374063640873,1906.9052626835316,249.32908860119045,517.1155107490081,2.167402700892857,1834.600113635913,1129.9374063640873,1906.9052626835316,249.32908860119045
2026-02-16 18:00:00+00:00,1010.2592500000001,0.13099999999999978,4252.5405,1318.2315000000003,2215.19925,285.081,952.1739979611434,8.832772582591884,4127.829275998451,1058.9811387451998,2110.569568279849,244.75112279769147,517.1155107490081,2.167402700892857,1834.600113635913,1129.9374063640873,1906.9052626835316,249.32908860119045,517.1155107490081,2.167402700892857,1834.600113635913,1129.9374063640873,1906.9052626835316,249.32908860119045
2026-02-16 19:00:00+00:00,950.64075,0.13099999999999978,4213.12225,931.9842500000001,2146.88,276.14,882.2191782059817,0.17020250686684735,3910.226020710078,660.1216227084564,2108.645985555288,240.21081694443993,517.1155107490081,2.167402700892857,1834.600113635913,1129.9374063640873,1906.9052626835316,249.32908860119045,517.1155107490081,2.167402700892857,1834.600113635913,1129.9374063640873,1906.9052626835316,249.32908860119045
2026-02-16 20:00:00+00:00,888.71075,0.13099999999999978,4015.178,718.77375,2070.74575,273.055,968.657960084884,1.7180476990340092,3523.005509896347,659.1356206937583,2062.7199410156404,234.6061711841772,517.1155107490081,2.167402700892857,1834.600113635913,1129.9374063640873,1906.9052626835316,249.32908860119045,517.1155107490081,2.167402700892857,1834.600113635913,1129.9374063640873,1906.9052626835316,249.32908860119045
2026-02-16 21:00:00+00:00,803.82525,0.13099999999999978,3687.7707500000006,569.0385000000001,2018.127,273.846,958.3294598585911,1.786186006920482,3452.1823667036792,581.0848065647622,2021.4534077597368,225.63352456423115,517.1155107490081,2.167402700892857,1834.600113635913,1129.9374063640873,1906.9052626835316,249.32908860119045,517.1155107490081,2.167402700892857,1834.600113635913,1129.9374063640873,1906.9052626835316,249.32908860119045
2026-02-16 22:00:00+00:00,691.2005,0.13099999999999978,3495.79525,527.211,1978.0839999999998,273.055,937.5730619994504,-0.7835942365311515,2886.722250941626,573.6017697550795,1978.2087793347623,219.85231975285438,517.1155107490081,2.167402700892857,1834.600113635913,1129.9374063640873,1906.9052626835316,249.32908860119045,517.1155107490081,2.167402700892857,1834.600113635913,1129.9374063640873,1906.9052626835316,249.32908860119045
2026-02-16 23:00:00+00:00,603.406,0.13099999999999978,3334.4955,476.2639999999999,1943.6685,254.223,867.5487605643164,-1.8646595424253252,2586.2722453933416,564.7288533211566,1965.405416144424,219.54512056452154,517.1155107490081,2.167402700892857,1834.600113635913,1129.9374063640873,1906.9052626835316,249.32908860119045,517.1155107490081,2.167402700892857,1834.600113635913,1129.9374063640873,1906.9052626835316,249.32908860119045
2026-02-17 00:00:00+00:00,601.4757500000001,0.13099999999999978,3356.7472500000003,472.45849999999996,1929.952,253.234,743.3722467322989,-0.6039332016615311,2562.924132548967,593.0325441184278,1940.0015803413944,215.67477829073084,517.1155107490081,2.167402700892857,1834.600113635913,1129.9374063640873,1906.9052626835316,249.32908860119045,517.1155107490081,2.167402700892857,1834.600113635913,1129.9374063640873,1906.9052626835316,249.32908860119045
2026-02-17 01:00:00+00:00,601.25425,0.13099999999999978,3326.065,457.62725,1920.5505,253.274,717.2596427535664,-2.1529942597040876,2772.890525835083,569.6845173708546,1923.6465049660862,227.21922874744504,517.1155107490081,2.167402700892857,1834.600113635913,1129.9374063640873,1906.9052626835316,249.32908860119045,517.1155107490081,2.167402700892857,1834.600113635913,1129.9374063640873,1906.9052626835316,249.32908860119045
2026-02-17 02:00:00+00:00,599.1995,0.13099999999999978,3334.58175,463.91724999999997,1907.32025,253.274,681.0195025326818,-0.8976367329818968,2832.9799488093367,585.6695923774648,1922.520675533033,221.42198730225877,517.1155107490081,2.167402700892857,1834.600113635913,1129.9374063640873,1906.9052626835316,249.32908860119045,517.1155107490081,2.167402700892857,1834.600113635913,1129.9374063640873,1906.9052626835316,249.32908860119045
2026-02-17 03:00:00+00:00,603.2025,0.13099999999999978,3320.72525,498.1712500000001,1921.0475000000001,253.274,790.0547409980164,-2.467162611087654,2866.731555923083,579.5366914373333,1927.9343784818027,221.8535914926376,517.1155107490081,2.167402700892857,1834.600113635913,1129.9374063640873,1906.9052626835316,249.32908860119045,517.1155107490081,2.167402700892857,1834.600113635913,1129.9374063640873,1906.9052626835316,249.32908860119045
2026-02-17 04:00:00+00:00,658.9385,0.13099999999999978,3406.5860000000002,523.35925,1957.3375,253.274,989.6640309242736,-2.8619253457875167,3520.0566492034386,533.8513473232232,1965.9623382437167,221.52676344652323,517.1155107490081,2.167402700892857,1834.600113635913,1129.9374063640873,1906.9052626835316,249.32908860119045,517.1155107490081,2.167402700892857,1834.600113635913,1129.9374063640873,1906.9052626835316,249.32908860119045
2026-02-17 05:00:00+00:00,946.686,0.13099999999999978,3889.8059999999996,798.47125,2051.54025,247.3495,1140.7263107034291,-0.5708088794869837,4147.948217742544,614.8367407558966,2022.298121677922,229.4318718022448,517.1155107490081,2.167402700892857,1834.600113635913,1129.9374063640873,1906.9052626835316,249.32908860119045,517.1155107490081,2.167402700892857,1834.600113635913,1129.9374063640873,1906.9052626835316,249.32908860119045
2026-02-17 06:00:00+00:00,1139.59325,0.13099999999999978,4232.9205,883.935,2146.1775,238.78425000000001,1006.3456064061215,7.6879938747358345,4336.381932254305,1283.1858258199657,2076.575476496064,213.47704391400055,517.1155107490081,2.167402700892857,1834.600113635913,1129.9374063640873,1906.9052626835316,249.32908860119045,517.1155107490081,2.167402700892857,1834.600113635913,1129.9374063640873,1906.9052626835316,249.32908860119045
2026-02-17 07:00:00+00:00,1192.47075,0.13099999999999978,4238.47275,1062.5615,2182.23675,236.31175000000002,1177.7008406466657,4.8752850240114025,4555.833558622147,1321.6049236049998,2115.785083839181,225.80830466014592,517.1155107490081,2.167402700892857,1834.600113635913,1129.9374063640873,1906.9052626835316,249.32908860119045,517.1155107490081,2.167402700892857,1834.600113635913,1129.9374063640873,1906.9052626835316,249.32908860119045
2026-02-17 08:00:00+00:00,1197.6664999999998,0.13099999999999978,4221.53875,1059.8045,2167.2765,234.22475,1109.0675424089086,8.077050493325803,4440.513681114945,1089.7335626561166,2087.780731518359,211.7053708232142,517.1155107490081,2.167402700892857,1834.600113635913,1129.9374063640873,1906.9052626835316,249.32908860119045,517.1155107490081,2.167402700892857,1834.600113635913,1129.9374063640873,1906.9052626835316,249.32908860119045
2026-02-17 09:00:00+00:00,1085.19275,0.13099999999999978,4228.742,791.1880000000001,2122.298,233.532,1314.3683936591137,0.3103935625920309,4281.360934793237,775.1425109125867,2028.399198354812,234.01657342955974,517.1155107490081,2.167402700892857,1834.600113635913,1129.9374063640873,1906.9052626835316,249.32908860119045,517.1155107490081,2.167402700892857,1834.600113635913,1129.9374063640873,1906.9052626835316,249.32908860119045
2026-02-17 10:00:00+00:00,957.31025,0.13099999999999978,4004.01875,673.02875,2078.276,239.46675,1344.4334174930857,-0.8832897587711281,4198.895916075823,807.162692093719,2012.677077116813,227.9120170780225,517.1155107490081,2.167402700892857,1834.600113635913,1129.9374063640873,1906.9052626835316,249.32908860119045,517.1155107490081,2.167402700892857,1834.600113635913,1129.9374063640873,1906.9052626835316,249.32908860119045
2026-02-17 11:00:00+00:00,868.19825,0.13099999999999978,3829.9885,692.9992500000001,2014.5995,241.484,1247.9196568713846,0.4486362016333534,4115.093167400567,735.8216153565504,2009.3232513845605,211.36524251209462,517.1155107490081,2.167402700892857,1834.600113635913,1129.9374063640873,1906.9052626835316,249.32908860119045,517.1155107490081,2.167402700892857,1834.600113635913,1129.9374063640873,1906.9052626835316,249.32908860119045
2026-02-17 12:00:00+00:00,865.44875,0.13099999999999978,3687.549,538.3405,1985.57075,242.196,1157.5889987645814,2.9831183742020544,3705.2270284213114,744.0596714359722,1983.0356530347801,190.5810282790447,517.1155107490081,2.167402700892857,1834.600113635913,1129.9374063640873,1906.9052626835316,249.32908860119045,517.1155107490081,2.167402700892857,1834.600113635913,1129.9374063640873,1906.9052626835316,249.32908860119045
2026-02-17 13:00:00+00:00,865.99525,0.08225000000000016,3788.3085,544.4177500000001,1983.1775,241.643,1032.4504021527268,9.302642389146012,3115.744217727286,751.8599456604657,1964.8265492880016,168.89046088001282,517.1155107490081,2.167402700892857,1834.600113635913,1129.9374063640873,1906.9052626835316,249.32908860119045,517.1155107490081,2.167402700892857,1834.600113635913,1129.9374063640873,1906.9052626835316,249.32908860119045
2026-02-17 14:00:00+00:00,880.46575,0.06599999999999984,3990.91175,540.3715000000001,2009.69175,241.484,978.2244262823228,17.877189836798408,3598.8055863407017,754.2358105568517,2016.1815005525843,205.2859029104627,517.1155107490081,2.167402700892857,1834.600113635913,1129.9374063640873,1906.9052626835316,249.32908860119045,517.1155107490081,2.167402700892857,1834.600113635913,1129.9374063640873,1906.9052626835316,249.32908860119045
2026-02-17 15:00:00+00:00,1067.2910000000002,0.06599999999999984,4123.297500000001,582.8485000000001,2093.08925,262.21475,1199.1998628100282,14.402245559402244,3957.8774480759675,991.4894329015646,2080.3665131761704,228.96397354830373,517.1155107490081,2.167402700892857,1834.600113635913,1129.9374063640873,1906.9052626835316,249.32908860119045,517.1155107490081,2.167402700892857,1834.600113635913,1129.9374063640873,1906.9052626835316,249.32908860119045
2026-02-17 16:00:00+00:00,1152.259,0.06599999999999984,4243.41025,741.4302499999999,2185.04275,270.918,1217.57961496921,22.316237745644703,3914.220657325135,1366.5763203597412,2110.618869849234,208.63777411300546,517.1155107490081,2.167402700892857,1834.600113635913,1129.9374063640873,1906.9052626835316,249.32908860119045,517.1155107490081,2.167402700892857,1834.600113635913,1129.9374063640873,1906.9052626835316,249.32908860119045
2026-02-17 17:00:00+00:00,1197.4525,0.06599999999999984,4291.86175,1103.1595,2229.6955,273.094,966.7952575015598,10.492745385900847,4097.588425480383,1434.4760439694521,2039.7503006463612,203.48993778628676,517.1155107490081,2.167402700892857,1834.600113635913,1129.9374063640873,1906.9052626835316,249.32908860119045,517.1155107490081,2.167402700892857,1834.600113635913,1129.9374063640873,1906.9052626835316,249.32908860119045
2026-02-17 18:00:00+00:00,1194.5327499999999,0.06599999999999984,4281.51125,740.065,2203.759,273.252,1158.1777581295987,8.010825918793081,3864.1232229413995,1171.519523015343,2121.9647583264564,224.36745020374957,517.1155107490081,2.167402700892857,1834.600113635913,1129.9374063640873,1906.9052626835316,249.32908860119045,517.1155107490081,2.167402700892857,1834.600113635913,1129.9374063640873,1906.9052626835316,249.32908860119045
2026-02-17 19:00:00+00:00,1062.62875,0.06599999999999984,4153.21325,426.7505,2117.7345,269.99850000000004,916.6795436422615,1.7999466532461113,3635.5488660381043,701.0691711792185,2125.455108267332,222.50374964894488,517.1155107490081,2.167402700892857,1834.600113635913,1129.9374063640873,1906.9052626835316,249.32908860119045,517.1155107490081,2.167402700892857,1834.600113635913,1129.9374063640873,1906.9052626835316,249.32908860119045
2026-02-17 20:00:00+00:00,958.2819999999999,0.06599999999999984,4098.2945,445.7080000000001,2036.109,269.019,746.4339357548133,-1.4347415525677785,3443.742663906237,602.6658379456197,2070.7288942979594,216.67075514000533,517.1155107490081,2.167402700892857,1834.600113635913,1129.9374063640873,1906.9052626835316,249.32908860119045,517.1155107490081,2.167402700892857,1834.600113635913,1129.9374063640873,1906.9052626835316,249.32908860119045
2026-02-17 21:00:00+00:00,871.58375,0.06599999999999984,3881.2397499999997,460.07674999999995,1992.1979999999999,269.03875,829.5341176360625,2.336531051961349,3544.110540271444,551.6975905209396,2056.7440356653738,219.48137382340286,517.1155107490081,2.167402700892857,1834.600113635913,1129.9374063640873,1906.9052626835316,249.32908860119045,517.1155107490081,2.167402700892857,1834.600113635913,1129.9374063640873,1906.9052626835316,249.32908860119045
2026-02-17 22:00:00+00:00,857.85325,0.06599999999999984,3765.92,448.18325000000004,1956.89275,270.167,741.1805478638908,-1.778603334126239,3091.2543512542275,560.0776710500669,1971.3235224333175,221.45509689785732,517.1155107490081,2.167402700892857,1834.600113635913,1129.9374063640873,1906.9052626835316,249.32908860119045,517.1155107490081,2.167402700892857,1834.600113635913,1129.9374063640873,1906.9052626835316,249.32908860119045
2026-02-17 23:00:00+00:00,857.7072499999999,0.06599999999999984,4546.232,441.34024999999997,1892.2175,247.063,720.9296730606095,-1.3032964222061154,2778.2300865109196,537.1789419809373,1971.4225500969967,224.84142125839244,517.1155107490081,2.167402700892857,1834.600113635913,1129.9374063640873,1906.9052626835316,249.32908860119045,517.1155107490081,2.167402700892857,1834.600113635913,1129.9374063640873,1906.9052626835316,249.32908860119045
2026-02-18 00:00:00+00:00,855.159,0.06599999999999984,4613.43425,446.6395,1870.07275,247.063,694.1341603814319,-1.1339914467443988,3050.8186572867703,543.9277746102297,1951.9285926865305,222.1009239119958,517.1155107490081,2.167402700892857,1834.600113635913,1129.9374063640873,1906.9052626835316,249.32908860119045,517.1155107490081,2.167402700892857,1834.600113635913,1129.9374063640873,1906.9052626835316,249.32908860119045
2026-02-18 01:00:00+00:00,858.787,0.06599999999999984,4566.4685,454.741,1865.0845,246.35,882.5442659061895,-0.5416759429162616,3258.7786962616196,541.947384403016,1937.2251839256385,222.8719741077787,517.1155107490081,2.167402700892857,1834.600113635913,1129.9374063640873,1906.9052626835316,249.32908860119045,517.1155107490081,2.167402700892857,1834.600113635913,1129.9374063640873,1906.9052626835316,249.32908860119045
2026-02-18 02:00:00+00:00,865.39575,0.06599999999999984,4597.30675,450.10074999999995,1859.84025,245.23250000000002,890.1357656690052,-0.661865556591462,3197.0530912935683,544.4732802796034,1929.6514824448682,216.32175019293015,517.1155107490081,2.167402700892857,1834.600113635913,1129.9374063640873,1906.9052626835316,249.32908860119045,517.1155107490081,2.167402700892857,1834.600113635913,1129.9374063640873,1906.9052626835316,249.32908860119045
2026-02-18 03:00:00+00:00,880.59075,0.06599999999999984,4542.929,448.34574999999995,1872.2842500000002,241.64274999999998,1057.6527017987978,-0.47707082054897265,3668.016018903675,629.250227253097,1935.2618948760057,198.00416944080052,517.1155107490081,2.167402700892857,1834.600113635913,1129.9374063640873,1906.9052626835316,249.32908860119045,517.1155107490081,2.167402700892857,1834.600113635913,1129.9374063640873,1906.9052626835316,249.32908860119045
2026-02-18 04:00:00+00:00,943.8552500000001,0.06599999999999984,4704.50075,506.61275,1902.49375,241.37575,1238.6637229044395,-0.4434931999447156,4314.342043983036,705.8112408911738,1934.8217551123691,191.17654754791954,517.1155107490081,2.167402700892857,1834.600113635913,1129.9374063640873,1906.9052626835316,249.32908860119045,517.1155107490081,2.167402700892857,1834.600113635913,1129.9374063640873,1906.9052626835316,249.32908860119045
2026-02-18 05:00:00+00:00,1102.4295,0.06599999999999984,4937.31325,1020.7365,1976.42575,237.9835,1418.4806490807282,0.55991620266132,4652.952532217569,1117.7982897648367,1977.2281808002303,185.31943152373248,517.1155107490081,2.167402700892857,1834.600113635913,1129.9374063640873,1906.9052626835316,249.32908860119045,517.1155107490081,2.167402700892857,1834.600113635913,1129.9374063640873,1906.9052626835316,249.32908860119045
2026-02-18 06:00:00+00:00,1182.31525,0.06599999999999984,5122.18875,1919.6592499999997,2078.23175,240.683,1499.7773389278059,11.769649678380372,5148.503688471674,1695.2256545193104,2014.2485781905734,197.60952276433048,517.1155107490081,2.167402700892857,1834.600113635913,1129.9374063640873,1906.9052626835316,249.32908860119045,517.1155107490081,2.167402700892857,1834.600113635913,1129.9374063640873,1906.9052626835316,249.32908860119045
2026-02-18 07:00:00+00:00,1182.1075,0.06599999999999984,5042.507250000001,1884.18325,2157.45425,237.65675,1492.3068252518055,1.606140336643603,5254.953860194835,1761.4593471583269,2041.0353046235605,205.11244832168018,517.1155107490081,2.167402700892857,1834.600113635913,1129.9374063640873,1906.9052626835316,249.32908860119045,517.1155107490081,2.167402700892857,1834.600113635913,1129.9374063640873,1906.9052626835316,249.32908860119045
2026-02-18 08:00:00+00:00,1173.4245,0.06599999999999984,5008.889000000001,1633.0135,2164.8562500000003,237.7855,1478.0829071606643,5.328465187546064,5219.3364096500545,1224.5544243220338,1963.6947869151813,179.92728926708656,517.1155107490081,2.167402700892857,1834.600113635913,1129.9374063640873,1906.9052626835316,249.32908860119045,517.1155107490081,2.167402700892857,1834.600113635913,1129.9374063640873,1906.9052626835316,249.32908860119045
2026-02-18 09:00:00+00:00,1126.05325,0.06599999999999984,4988.62825,877.22525,2122.2259999999997,234.73874999999998,1435.9898689107958,8.696890128889846,5337.9323855764615,1097.9198948506648,1976.9422503872893,206.6235055459837,517.1155107490081,2.167402700892857,1834.600113635913,1129.9374063640873,1906.9052626835316,249.32908860119045,517.1155107490081,2.167402700892857,1834.600113635913,1129.9374063640873,1906.9052626835316,249.32908860119045
2026-02-18 10:00:00+00:00,1067.403,0.06599999999999984,4848.15225,675.94025,2083.14675,239.30875,1262.1246136716259,-1.8340961190053773,5010.950402220427,906.9234378068618,1959.8325948430588,216.89904659899244,517.1155107490081,2.167402700892857,1834.600113635913,1129.9374063640873,1906.9052626835316,249.32908860119045,517.1155107490081,2.167402700892857,1834.600113635913,1129.9374063640873,1906.9052626835316,249.32908860119045
2026-02-18 11:00:00+00:00,1035.97275,0.06599999999999984,4684.20575,628.1707500000001,2030.90375,241.445,1351.0290428786025,-6.102235860084157,4571.309543590483,833.9513162264877,1932.6904365214039,214.62394247331142,517.1155107490081,2.167402700892857,1834.600113635913,1129.9374063640873,1906.9052626835316,249.32908860119045,517.1155107490081,2.167402700892857,1834.600113635913,1129.9374063640873,1906.9052626835316,249.32908860119045
2026-02-18 12:00:00+00:00,1030.08275,0.12349999999999994,4831.6165,531.20675,2014.5815,241.484,1260.0325629204358,4.263067344931649,4034.3917145103114,721.1565469248943,1926.9866110908206,201.7585039742981,517.1155107490081,2.167402700892857,1834.600113635913,1129.9374063640873,1906.9052626835316,249.32908860119045,517.1155107490081,2.167402700892857,1834.600113635913,1129.9374063640873,1906.9052626835316,249.32908860119045
2026-02-18 13:00:00+00:00,1080.136,0.13099999999999978,4854.1355,516.14075,2023.0529999999999,241.366,1296.2076379282125,13.020919342323905,3944.911748436042,743.537097572138,1928.7903812782627,181.12251326162988,517.1155107490081,2.167402700892857,1834.600113635913,1129.9374063640873,1906.9052626835316,249.32908860119045,517.1155107490081,2.167402700892857,1834.600113635913,1129.9374063640873,1906.9052626835316,249.32908860119045
2026-02-18 14:00:00+00:00,1230.1375,0.13099999999999978,4895.455,599.4460000000001,2054.85475,241.326,1286.2075678395138,9.688569864089493,4058.241961216352,840.6158938452172,1926.1467668336604,186.39308814884765,517.1155107490081,2.167402700892857,1834.600113635913,1129.9374063640873,1906.9052626835316,249.32908860119045,517.1155107490081,2.167402700892857,1834.600113635913,1129.9374063640873,1906.9052626835316,249.32908860119045
2026-02-18 15:00:00+00:00,1373.296,0.13099999999999978,4948.46975,1051.852,2158.2255,241.326,1408.4171578225146,15.320510334752937,4605.375574378336,1231.3143303196566,1969.3597562760583,204.75236971858243,517.1155107490081,2.167402700892857,1834.600113635913,1129.9374063640873,1906.9052626835316,249.32908860119045,517.1155107490081,2.167402700892857,1834.600113635913,1129.9374063640873,1906.9052626835316,249.32908860119045
2026-02-18 16:00:00+00:00,1445.968,0.13099999999999978,4975.183,1889.27725,2260.31525,241.366,1372.329733233692,17.401038673630183,4825.451315129618,1684.6581030724378,2017.598460000539,205.70179827900904,517.1155107490081,2.167402700892857,1834.600113635913,1129.9374063640873,1906.9052626835316,249.32908860119045,517.1155107490081,2.167402700892857,1834.600113635913,1129.9374063640873,1906.9052626835316,249.32908860119045
2026-02-18 17:00:00+00:00,1320.91975,0.13099999999999978,4974.0692500000005,1698.758,2293.77475,241.5435,1202.3983183154241,17.064480832116963,4632.991625665229,1565.054957246006,2156.4593723171406,213.4130927137464,517.1155107490081,2.167402700892857,1834.600113635913,1129.9374063640873,1906.9052626835316,249.32908860119045,517.1155107490081,2.167402700892857,1834.600113635913,1129.9374063640873,1906.9052626835316,249.32908860119045
2026-02-18 18:00:00+00:00,1432.0810000000001,0.13099999999999978,5005.63625,761.7447500000001,2278.319,241.366,1146.8519843068007,17.83866167601693,4034.376485301176,1054.3255118572993,2215.446978587826,225.55096767998853,517.1155107490081,2.167402700892857,1834.600113635913,1129.9374063640873,1906.9052626835316,249.32908860119045,517.1155107490081,2.167402700892857,1834.600113635913,1129.9374063640873,1906.9052626835316,249.32908860119045
2026-02-18 19:00:00+00:00,1170.1012500000002,0.13099999999999978,4748.17425,442.5,2200.88525,241.563,1062.9729751807326,20.677166891804678,3833.04365063008,618.2555010949825,2088.132104314866,224.64401978054025,517.1155107490081,2.167402700892857,1834.600113635913,1129.9374063640873,1906.9052626835316,249.32908860119045,517.1155107490081,2.167402700892857,1834.600113635913,1129.9374063640873,1906.9052626835316,249.32908860119045
2026-02-18 20:00:00+00:00,892.0065,0.13099999999999978,4469.0467499999995,435.1645,2115.18375,241.366,752.569007660807,5.796885550291934,3205.958740044406,542.69954007654,2056.4924242204966,200.11747885403196,517.1155107490081,2.167402700892857,1834.600113635913,1129.9374063640873,1906.9052626835316,249.32908860119045,517.1155107490081,2.167402700892857,1834.600113635913,1129.9374063640873,1906.9052626835316,249.32908860119045
2026-02-18 21:00:00+00:00,838.40575,0.13099999999999978,4374.21875,438.26225,2043.689,241.405,688.3334820521891,4.790848571714734,2873.8465737077986,514.2841372059561,2046.236954459236,218.66577394361695,517.1155107490081,2.167402700892857,1834.600113635913,1129.9374063640873,1906.9052626835316,249.32908860119045,517.1155107490081,2.167402700892857,1834.600113635913,1129.9374063640873,1906.9052626835316,249.32908860119045
2026-02-18 22:00:00+00:00,750.44525,0.13099999999999978,4180.3189999999995,447.56975,1990.413,241.445,550.0808444773862,-1.0856652102389832,2387.4717186909656,499.9393701209556,1996.2774212663658,225.13253132833486,517.1155107490081,2.167402700892857,1834.600113635913,1129.9374063640873,1906.9052626835316,249.32908860119045,517.1155107490081,2.167402700892857,1834.600113635913,1129.9374063640873,1906.9052626835316,249.32908860119045
2026-02-18 23:00:00+00:00,426.78,0.13099999999999978,3162.02,461.3795,1926.44325,254.1045,500.29684514757514,3.457643395135848,2172.8570835262453,443.43412011484395,1965.1296020743189,218.37477234163168,517.1155107490081,2.167402700892857,1834.600113635913,1129.9374063640873,1906.9052626835316,249.32908860119045,517.1155107490081,2.167402700892857,1834.600113635913,1129.9374063640873,1906.9052626835316,249.32908860119045
2026-02-19 00:00:00+00:00,414.27425,0.13099999999999978,2677.6465,466.2347500000001,1911.9635,245.203,372.40962341498357,6.3367094739336824,2106.4055975707547,476.59470941901475,1940.865803893883,220.41555668381184,517.1155107490081,2.167402700892857,1834.600113635913,1129.9374063640873,1906.9052626835316,249.32908860119045,517.1155107490081,2.167402700892857,1834.600113635913,1129.9374063640873,1906.9052626835316,249.32908860119045
2026-02-19 01:00:00+00:00,414.809,0.13099999999999978,2437.77825,455.2852499999999,1896.97475,245.203,379.84482416252115,6.4275238931016805,2208.8893322478034,504.5752182802719,1951.0375648176255,221.12806813976326,517.1155107490081,2.167402700892857,1834.600113635913,1129.9374063640873,1906.9052626835316,249.32908860119045,517.1155107490081,2.167402700892857,1834.600113635913,1129.9374063640873,1906.9052626835316,249.32908860119045
2026-02-19 02:00:00+00:00,415.25350000000003,0.13099999999999978,2472.5065,435.24199999999996,1885.656,245.203,353.3779722704674,9.607939890142477,2107.593795630172,491.21104949252526,1923.277150626025,220.07707577745512,517.1155107490081,2.167402700892857,1834.600113635913,1129.9374063640873,1906.9052626835316,249.32908860119045,517.1155107490081,2.167402700892857,1834.600113635913,1129.9374063640873,1906.9052626835316,249.32908860119045
2026-02-19 03:00:00+00:00,418.0915,0.13099999999999978,2501.26975,422.5435,1896.91425,245.203,401.7899387164741,12.390921566356248,2253.5025382104063,467.07627531288995,1933.3606164822083,213.63810001677786,517.1155107490081,2.167402700892857,1834.600113635913,1129.9374063640873,1906.9052626835316,249.32908860119045,517.1155107490081,2.167402700892857,1834.600113635913,1129.9374063640873,1906.9052626835316,249.32908860119045
2026-02-19 04:00:00+00:00,447.0775,0.13099999999999978,2619.0965,410.58349999999996,1932.68375,245.203,498.9911247314403,24.933048216522756,2539.2213184019715,491.3184829651092,1941.5105456881329,214.38926269571482,517.1155107490081,2.167402700892857,1834.600113635913,1129.9374063640873,1906.9052626835316,249.32908860119045,517.1155107490081,2.167402700892857,1834.600113635913,1129.9374063640873,1906.9052626835316,249.32908860119045
2026-02-19 05:00:00+00:00,738.5015,0.13099999999999978,3291.04825,403.24149999999986,2033.04425,239.269,557.918933907053,26.52431738552724,3027.187320973967,581.7431421406559,2018.5592318043782,217.11574626462794,517.1155107490081,2.167402700892857,1834.600113635913,1129.9374063640873,1906.9052626835316,249.32908860119045,517.1155107490081,2.167402700892857,1834.600113635913,1129.9374063640873,1906.9052626835316,249.32908860119045
2026-02-19 06:00:00+00:00,679.143,0.13099999999999978,3511.32675,407.1444999999999,2131.458,237.291,638.6756373873617,17.096200569597457,3134.0493710719757,845.1899329484929,2040.149391474389,214.6421140867376,517.1155107490081,2.167402700892857,1834.600113635913,1129.9374063640873,1906.9052626835316,249.32908860119045,517.1155107490081,2.167402700892857,1834.600113635913,1129.9374063640873,1906.9052626835316,249.32908860119045
2026-02-19 07:00:00+00:00,469.62775,0.13099999999999978,3691.45925,506.2059999999999,2179.639,237.291,590.6410182086987,15.82075436133401,3334.559181953371,867.7219284157356,2097.993074217151,224.29603995017249,517.1155107490081,2.167402700892857,1834.600113635913,1129.9374063640873,1906.9052626835316,249.32908860119045,517.1155107490081,2.167402700892857,1834.600113635913,1129.9374063640873,1906.9052626835316,249.32908860119045
2026-02-19 08:00:00+00:00,417.392,0.13099999999999978,3518.752,608.0740000000001,2161.83725,237.291,579.608045279624,5.471687131936672,3164.9702473004572,782.2619996269535,2062.9188166371882,218.16334826570943,517.1155107490081,2.167402700892857,1834.600113635913,1129.9374063640873,1906.9052626835316,249.32908860119045,517.1155107490081,2.167402700892857,1834.600113635913,1129.9374063640873,1906.9052626835316,249.32908860119045
2026-02-19 09:00:00+00:00,396.325,0.13099999999999978,3568.82625,575.7102500000001,2109.19825,237.33,595.4041413975538,8.491528481560122,3204.5498443233887,706.6377007438398,2048.180134097842,212.7020130011027,517.1155107490081,2.167402700892857,1834.600113635913,1129.9374063640873,1906.9052626835316,249.32908860119045,517.1155107490081,2.167402700892857,1834.600113635913,1129.9374063640873,1906.9052626835316,249.32908860119045
2026-02-19 10:00:00+00:00,374.31175,0.13099999999999978,3489.74175,423.63275,2051.4905,243.26475,525.7230550259011,15.41977589826164,3183.289246812281,668.4165179425963,2009.6822468126315,226.08314505574137,517.1155107490081,2.167402700892857,1834.600113635913,1129.9374063640873,1906.9052626835316,249.32908860119045,517.1155107490081,2.167402700892857,1834.600113635913,1129.9374063640873,1906.9052626835316,249.32908860119045
2026-02-19 11:00:00+00:00,389.005,0.13099999999999978,3623.5315,414.42975,1993.05475,245.282,529.6475806149366,6.31737832140897,3235.514593409589,673.8718921312365,1962.2637394510793,198.48048303641204,517.1155107490081,2.167402700892857,1834.600113635913,1129.9374063640873,1906.9052626835316,249.32908860119045,517.1155107490081,2.167402700892857,1834.600113635913,1129.9374063640873,1906.9052626835316,249.32908860119045
2026-02-19 12:00:00+00:00,372.935,0.13099999999999978,3427.3410000000003,391.40575,1970.1175,245.322,441.30923477838826,19.58908185859447,2882.9045529488876,698.4849282284711,1940.1716930531888,198.73955740016697,517.1155107490081,2.167402700892857,1834.600113635913,1129.9374063640873,1906.9052626835316,249.32908860119045,517.1155107490081,2.167402700892857,1834.600113635913,1129.9374063640873,1906.9052626835316,249.32908860119045
2026-02-19 13:00:00+00:00,362.26125,0.13099999999999978,3378.02325,398.63024999999993,1969.70525,245.322,455.6402359807715,8.362084075265303,2714.5219230728385,677.1299098304038,1957.1010267044917,181.7510295963781,517.1155107490081,2.167402700892857,1834.600113635913,1129.9374063640873,1906.9052626835316,249.32908860119045,517.1155107490081,2.167402700892857,1834.600113635913,1129.9374063640873,1906.9052626835316,249.32908860119045
2026-02-19 14:00:00+00:00,370.187,0.13099999999999978,3608.5115,437.74700000000007,2000.00125,245.322,503.93257530898063,3.7768184249743992,3148.2116800005156,666.2663989049971,1976.5502140223787,200.98563403569557,517.1155107490081,2.167402700892857,1834.600113635913,1129.9374063640873,1906.9052626835316,249.32908860119045,517.1155107490081,2.167402700892857,1834.600113635913,1129.9374063640873,1906.9052626835316,249.32908860119045
2026-02-19 15:00:00+00:00,372.93275,0.13099999999999978,4045.7985,594.29575,2095.6655,245.322,589.392403141838,8.451727417796212,3457.213628887626,810.6611404995033,2042.3628506766443,231.57143576791339,517.1155107490081,2.167402700892857,1834.600113635913,1129.9374063640873,1906.9052626835316,249.32908860119045,517.1155107490081,2.167402700892857,1834.600113635913,1129.9374063640873,1906.9052626835316,249.32908860119045
2026-02-19 16:00:00+00:00,290.0,0.13099999999999978,4235.812,858.93625,2176.4465,245.282,580.2811412275488,21.137909155005296,3782.0354847803396,917.6050500723829,2009.3214637712676,218.70372737557096,517.1155107490081,2.167402700892857,1834.600113635913,1129.9374063640873,1906.9052626835316,249.32908860119045,517.1155107490081,2.167402700892857,1834.600113635913,1129.9374063640873,1906.9052626835316,249.32908860119045
2026-02-19 17:00:00+00:00,419.0,0.13099999999999978,4287.98825,747.64575,2218.37775,245.243,501.38715625472213,32.17200627831598,3643.6621118077483,994.2191353613696,2088.447168504548,230.47199055161704,517.1155107490081,2.167402700892857,1834.600113635913,1129.9374063640873,1906.9052626835316,249.32908860119045,517.1155107490081,2.167402700892857,1834.600113635913,1129.9374063640873,1906.9052626835316,249.32908860119045
2026-02-19 18:00:00+00:00,413.5,0.13099999999999978,4268.0202500000005,596.036,2203.87,245.243,584.0702172520218,16.283536428183425,3433.7266035159287,811.2750966412003,2196.8618653179674,229.8252644482365,517.1155107490081,2.167402700892857,1834.600113635913,1129.9374063640873,1906.9052626835316,249.32908860119045,517.1155107490081,2.167402700892857,1834.600113635913,1129.9374063640873,1906.9052626835316,249.32908860119045
2026-02-19 19:00:00+00:00,291.0,0.13099999999999978,4159.4529999999995,428.40225,2116.281,245.203,610.0492775159133,4.27526735787222,3316.7974716692834,631.1750284365451,2107.8735992464653,230.36509780900988,517.1155107490081,2.167402700892857,1834.600113635913,1129.9374063640873,1906.9052626835316,249.32908860119045,517.1155107490081,2.167402700892857,1834.600113635913,1129.9374063640873,1906.9052626835316,249.32908860119045
2026-02-19 20:00:00+00:00,188.25,0.13099999999999978,4229.0735,426.0060000000001,2033.99225,245.282,584.4179661040264,6.2468552770291055,3255.606731303459,636.5055854548027,2041.8125514672477,226.30809932471382,517.1155107490081,2.167402700892857,1834.600113635913,1129.9374063640873,1906.9052626835316,249.32908860119045,517.1155107490081,2.167402700892857,1834.600113635913,1129.9374063640873,1906.9052626835316,249.32908860119045
2026-02-19 21:00:00+00:00,175.05,0.13099999999999978,4163.38875,430.94925,1972.54125,245.361,591.5843738471424,7.905390837009113,3129.434059234445,574.9920902706377,2019.5606204551457,229.22579720955935,517.1155107490081,2.167402700892857,1834.600113635913,1129.9374063640873,1906.9052626835316,249.32908860119045,517.1155107490081,2.167402700892857,1834.600113635913,1129.9374063640873,1906.9052626835316,249.32908860119045
2026-02-19 22:00:00+00:00,174.0,0.13099999999999978,4058.44625,432.23375,1931.098,245.401,520.8742452528533,13.392777118713582,3058.884561601116,491.0226588109699,1972.241843359673,223.39132055752648,517.1155107490081,2.167402700892857,1834.600113635913,1129.9374063640873,1906.9052626835316,249.32908860119045,517.1155107490081,2.167402700892857,1834.600113635913,1129.9374063640873,1906.9052626835316,249.32908860119045
2026-02-19 23:00:00+00:00,200.10000000000002,0.13099999999999978,3559.62475,436.29599999999994,1884.031,286.98,498.11916348030474,14.58095002593569,2959.5532490102496,498.02026570192083,1945.1705544468982,220.72036305062298,517.1155107490081,2.167402700892857,1834.600113635913,1129.9374063640873,1906.9052626835316,249.32908860119045,517.1155107490081,2.167402700892857,1834.600113635913,1129.9374063640873,1906.9052626835316,249.32908860119045
2026-02-20 00:00:00+00:00,197.60000000000002,0.13099999999999978,3394.59775,430.81475,1867.0755,288.998,412.1173836665646,18.397842236145042,3059.169204579923,542.6171362449547,1924.7043517307561,217.85624775958692,517.1155107490081,2.167402700892857,1834.600113635913,1129.9374063640873,1906.9052626835316,249.32908860119045,517.1155107490081,2.167402700892857,1834.600113635913,1129.9374063640873,1906.9052626835316,249.32908860119045
2026-02-20 01:00:00+00:00,198.2,0.13099999999999978,3364.514,427.08825,1860.3105,289.037,442.3249299799598,5.988389327591994,2873.080121177789,538.1191505540652,1915.4733831267565,218.48845925465164,517.1155107490081,2.167402700892857,1834.600113635913,1129.9374063640873,1906.9052626835316,249.32908860119045,517.1155107490081,2.167402700892857,1834.600113635913,1129.9374063640873,1906.9052626835316,249.32908860119045
2026-02-20 02:00:00+00:00,199.8,0.13099999999999978,3345.2619999999997,411.28925000000004,1864.528,289.591,437.05107660378155,5.022255974354605,2988.210551630385,485.4103577676874,1915.479992439091,215.55482670693567,517.1155107490081,2.167402700892857,1834.600113635913,1129.9374063640873,1906.9052626835316,249.32908860119045,517.1155107490081,2.167402700892857,1834.600113635913,1129.9374063640873,1906.9052626835316,249.32908860119045
2026-02-20 03:00:00+00:00,313.50374999999997,0.13099999999999978,3348.41725,412.64474999999993,1877.2075,289.077,422.030350950844,-0.3447983216861461,3142.115135768655,496.56777516280613,1894.4917067473305,214.44312286527293,517.1155107490081,2.167402700892857,1834.600113635913,1129.9374063640873,1906.9052626835316,249.32908860119045,517.1155107490081,2.167402700892857,1834.600113635913,1129.9374063640873,1906.9052626835316,249.32908860119045
2026-02-20 04:00:00+00:00,508.97974999999997,0.13099999999999978,3577.2512500000003,415.153,1916.91375,289.117,481.8662896215814,7.971213433499122,3317.6831350587195,512.8335951690652,1927.2483540122405,214.96479874973306,517.1155107490081,2.167402700892857,1834.600113635913,1129.9374063640873,1906.9052626835316,249.32908860119045,517.1155107490081,2.167402700892857,1834.600113635913,1129.9374063640873,1906.9052626835316,249.32908860119045
2026-02-20 05:00:00+00:00,641.42675,0.13099999999999978,4045.5114999999996,473.38874999999996,2022.2415,283.97325,548.2160539187786,13.553184679042,3469.947053070586,743.0643909418943,2036.3330330750637,216.33968258062876,517.1155107490081,2.167402700892857,1834.600113635913,1129.9374063640873,1906.9052626835316,249.32908860119045,517.1155107490081,2.167402700892857,1834.600113635913,1129.9374063640873,1906.9052626835316,249.32908860119045
2026-02-20 06:00:00+00:00,814.80675,0.13099999999999978,3845.6627500000004,918.80075,2149.86475,284.686,587.7644652263116,14.934191823763896,3827.564866011634,1071.8207541366828,2057.0083037072013,206.2023096261194,517.1155107490081,2.167402700892857,1834.600113635913,1129.9374063640873,1906.9052626835316,249.32908860119045,517.1155107490081,2.167402700892857,1834.600113635913,1129.9374063640873,1906.9052626835316,249.32908860119045
2026-02-20 07:00:00+00:00,906.75725,0.13099999999999978,3877.8692499999997,1094.8912500000001,2203.64325,284.844,584.2812208035449,10.251002126196093,3610.4263529987747,991.403763783991,2074.1874384098855,205.05404032077422,517.1155107490081,2.167402700892857,1834.600113635913,1129.9374063640873,1906.9052626835316,249.32908860119045,517.1155107490081,2.167402700892857,1834.600113635913,1129.9374063640873,1906.9052626835316,249.32908860119045
2026-02-20 08:00:00+00:00,784.01575,0.13099999999999978,3887.44275,764.29975,2175.603,285.081,511.80096123336585,1.557018778694749,3572.7541398293624,889.9796843958335,1986.8211267079037,198.56473661186027,517.1155107490081,2.167402700892857,1834.600113635913,1129.9374063640873,1906.9052626835316,249.32908860119045,517.1155107490081,2.167402700892857,1834.600113635913,1129.9374063640873,1906.9052626835316,249.32908860119045
2026-02-20 09:00:00+00:00,539.3515,0.13099999999999978,3284.86325,693.8980000000001,2111.79275,285.2,562.7768010353702,-1.6613966975472731,3793.954555140196,698.2272168794848,1954.0209366114673,201.44765026323816,517.1155107490081,2.167402700892857,1834.600113635913,1129.9374063640873,1906.9052626835316,249.32908860119045,517.1155107490081,2.167402700892857,1834.600113635913,1129.9374063640873,1906.9052626835316,249.32908860119045
2026-02-20 10:00:00+00:00,475.237,0.13099999999999978,2682.09875,472.385,2061.2145,286.86175,520.5094931455033,-0.26820795131156316,3879.948294597543,571.8041019851026,1885.14070257883,175.1256169435208,517.1155107490081,2.167402700892857,1834.600113635913,1129.9374063640873,1906.9052626835316,249.32908860119045,517.1155107490081,2.167402700892857,1834.600113635913,1129.9374063640873,1906.9052626835316,249.32908860119045
2026-02-20 11:00:00+00:00,522.1445,0.13099999999999978,2640.04075,400.15824999999995,1995.93175,292.915,462.959789803158,3.0369588958236275,3790.2372419657227,654.320133655295,1893.4541043906452,167.32820839718212,517.1155107490081,2.167402700892857,1834.600113635913,1129.9374063640873,1906.9052626835316,249.32908860119045,517.1155107490081,2.167402700892857,1834.600113635913,1129.9374063640873,1906.9052626835316,249.32908860119045
2026-02-20 12:00:00+00:00,684.49325,0.13099999999999978,2523.77825,396.39774999999986,1981.0755,292.756,586.0083931902788,9.346085237043399,3649.3391211218195,659.7641217184932,1930.710677083037,161.53743556147546,517.1155107490081,2.167402700892857,1834.600113635913,1129.9374063640873,1906.9052626835316,249.32908860119045,517.1155107490081,2.167402700892857,1834.600113635913,1129.9374063640873,1906.9052626835316,249.32908860119045
2026-02-20 13:00:00+00:00,692.11775,0.13099999999999978,2645.0935,492.30949999999984,1990.03425,290.778,573.0930722138829,4.890905007361307,3818.3629559485908,615.8622326747076,1958.2544804510546,202.32036074626487,517.1155107490081,2.167402700892857,1834.600113635913,1129.9374063640873,1906.9052626835316,249.32908860119045,517.1155107490081,2.167402700892857,1834.600113635913,1129.9374063640873,1906.9052626835316,249.32908860119045
2026-02-20 14:00:00+00:00,696.67425,0.13099999999999978,2788.251,445.3589999999999,2041.97825,289.037,606.1652759924658,5.342958405469839,3892.007073647501,743.8596361497835,1963.2791303387862,214.4587679516603,517.1155107490081,2.167402700892857,1834.600113635913,1129.9374063640873,1906.9052626835316,249.32908860119045,517.1155107490081,2.167402700892857,1834.600113635913,1129.9374063640873,1906.9052626835316,249.32908860119045
2026-02-20 15:00:00+00:00,707.74725,0.13099999999999978,2977.34925,678.1995000000001,2159.295,292.598,777.5004001129836,3.9924966656903145,3747.5446896553317,755.6739608664434,2031.3551468103067,208.40491325223272,517.1155107490081,2.167402700892857,1834.600113635913,1129.9374063640873,1906.9052626835316,249.32908860119045,517.1155107490081,2.167402700892857,1834.600113635913,1129.9374063640873,1906.9052626835316,249.32908860119045
2026-02-20 16:00:00+00:00,724.11775,0.13099999999999978,3043.5775,812.72775,2250.13425,293.191,726.4268304901759,1.247242381069068,3867.2265938930677,904.049911736589,2109.858160103353,210.76109420710404,517.1155107490081,2.167402700892857,1834.600113635913,1129.9374063640873,1906.9052626835316,249.32908860119045,517.1155107490081,2.167402700892857,1834.600113635913,1129.9374063640873,1906.9052626835316,249.32908860119045
2026-02-20 17:00:00+00:00,730.72925,0.13099999999999978,2751.05475,448.2802499999999,2285.706,296.15875,587.2391648664182,1.6555647060700762,3640.418847681236,955.292237364775,2260.9274247155695,231.07925679647627,517.1155107490081,2.167402700892857,1834.600113635913,1129.9374063640873,1906.9052626835316,249.32908860119045,517.1155107490081,2.167402700892857,1834.600113635913,1129.9374063640873,1906.9052626835316,249.32908860119045
2026-02-20 18:00:00+00:00,726.5265,0.13099999999999978,2511.835,402.27125,2254.58075,292.835,526.2228650408483,7.338636739378268,3135.4407729209224,715.1496549459137,2214.8229105633977,244.00063227485646,517.1155107490081,2.167402700892857,1834.600113635913,1129.9374063640873,1906.9052626835316,249.32908860119045,517.1155107490081,2.167402700892857,1834.600113635913,1129.9374063640873,1906.9052626835316,249.32908860119045
2026-02-20 19:00:00+00:00,742.35275,0.13099999999999978,2392.02475,389.46425,2175.416,292.835,426.8459271136339,-0.9182539724080634,2678.9212323422703,596.3627968198582,2100.33492430216,232.40940730353734,517.1155107490081,2.167402700892857,1834.600113635913,1129.9374063640873,1906.9052626835316,249.32908860119045,517.1155107490081,2.167402700892857,1834.600113635913,1129.9374063640873,1906.9052626835316,249.32908860119045
2026-02-20 20:00:00+00:00,561.047,0.13099999999999978,2381.68025,400.41625,2089.46425,292.835,405.07184955117543,0.16919053746735369,2464.770467958732,554.6342094396672,2062.7248813373044,231.1366643301087,517.1155107490081,2.167402700892857,1834.600113635913,1129.9374063640873,1906.9052626835316,249.32908860119045,517.1155107490081,2.167402700892857,1834.600113635913,1129.9374063640873,1906.9052626835316,249.32908860119045
2026-02-20 21:00:00+00:00,378.47225000000003,0.13099999999999978,2359.51275,408.32624999999996,2014.5985,292.835,353.30439234713754,-0.18961758730786737,2194.4010219192446,560.3633453743885,2017.4400622779087,230.32820758127792,517.1155107490081,2.167402700892857,1834.600113635913,1129.9374063640873,1906.9052626835316,249.32908860119045,517.1155107490081,2.167402700892857,1834.600113635913,1129.9374063640873,1906.9052626835316,249.32908860119045
2026-02-20 22:00:00+00:00,354.84725000000003,0.13099999999999978,2095.8917500000002,406.2024999999999,1953.846,292.875,333.3185868454848,0.24349212252939179,1786.9601713399995,507.39171690040837,1977.5201148494475,232.64060935647916,517.1155107490081,2.167402700892857,1834.600113635913,1129.9374063640873,1906.9052626835316,249.32908860119045,517.1155107490081,2.167402700892857,1834.600113635913,1129.9374063640873,1906.9052626835316,249.32908860119045
2026-02-20 23:00:00+00:00,410.8735,0.13099999999999978,1276.148,408.74575000000004,1900.03525,263.20349999999996,318.1829698030833,3.557307191766623,1752.4988057437372,464.7473355896002,1946.8667626145816,217.7072484619027,517.1155107490081,2.167402700892857,1834.600113635913,1129.9374063640873,1906.9052626835316,249.32908860119045,517.1155107490081,2.167402700892857,1834.600113635913,1129.9374063640873,1906.9052626835316,249.32908860119045
2026-02-21 00:00:00+00:00,409.73325,0.13099999999999978,1176.151,394.99799999999993,1887.8185,253.392,264.44780555289276,0.8887867531382874,1312.1901032595981,498.1943991012005,1873.8699166831225,230.05513741183861,517.1155107490081,2.167402700892857,1834.600113635913,1129.9374063640873,1906.9052626835316,249.32908860119045,517.1155107490081,2.167402700892857,1834.600113635913,1129.9374063640873,1906.9052626835316,249.32908860119045
2026-02-21 01:00:00+00:00,362.19675,0.13099999999999978,1180.59975,391.727,1883.412,253.353,247.6942402099853,7.3125784092248445,1338.1656370852143,503.36759769164826,1880.1285872701428,235.80058486406398,517.1155107490081,2.167402700892857,1834.600113635913,1129.9374063640873,1906.9052626835316,249.32908860119045,517.1155107490081,2.167402700892857,1834.600113635913,1129.9374063640873,1906.9052626835316,249.32908860119045
2026-02-21 02:00:00+00:00,204.5,0.13099999999999978,1187.8935000000001,388.61699999999996,1889.16225,253.392,271.18205560210856,-1.5631860798024024,1259.5163078332325,511.36086243243756,1867.6473686085476,236.89221288621582,517.1155107490081,2.167402700892857,1834.600113635913,1129.9374063640873,1906.9052626835316,249.32908860119045,517.1155107490081,2.167402700892857,1834.600113635913,1129.9374063640873,1906.9052626835316,249.32908860119045
2026-02-21 03:00:00+00:00,213.95,0.13099999999999978,1193.24025,387.06075,1907.50125,253.392,263.27231180187414,-1.5419934296020132,1120.8389508060197,512.5218847114738,1874.5433010587042,232.55503970013038,517.1155107490081,2.167402700892857,1834.600113635913,1129.9374063640873,1906.9052626835316,249.32908860119045,517.1155107490081,2.167402700892857,1834.600113635913,1129.9374063640873,1906.9052626835316,249.32908860119045
2026-02-21 04:00:00+00:00,236.0,0.13099999999999978,1202.5485,393.92425000000003,1948.1675,253.353,265.15273847291604,-1.0023946605854106,1005.9645392685494,527.6490483497117,1907.062260981135,224.76115899531356,517.1155107490081,2.167402700892857,1834.600113635913,1129.9374063640873,1906.9052626835316,249.32908860119045,517.1155107490081,2.167402700892857,1834.600113635913,1129.9374063640873,1906.9052626835316,249.32908860119045
2026-02-21 05:00:00+00:00,280.7,0.13099999999999978,1204.351,393.41149999999993,2081.89975,250.386,307.89559978346944,-1.0943190133990788,972.0974940752917,558.0430019492488,1932.0487877237329,241.29760919328194,517.1155107490081,2.167402700892857,1834.600113635913,1129.9374063640873,1906.9052626835316,249.32908860119045,517.1155107490081,2.167402700892857,1834.600113635913,1129.9374063640873,1906.9052626835316,249.32908860119045
2026-02-21 06:00:00+00:00,286.4,0.13099999999999978,1268.0952499999999,392.9492499999999,2231.8535,249.397,328.59231331087085,-0.7570562821771327,990.6256944111128,746.3347261083281,2027.972338792141,229.08147977024544,517.1155107490081,2.167402700892857,1834.600113635913,1129.9374063640873,1906.9052626835316,249.32908860119045,517.1155107490081,2.167402700892857,1834.600113635913,1129.9374063640873,1906.9052626835316,249.32908860119045
2026-02-21 07:00:00+00:00,284.25,0.13099999999999978,1346.51425,403.21524999999997,2278.438,249.397,384.2355037079377,-0.7282547863788915,1065.0384530493943,740.1973533909595,2076.3808774347376,206.7325451503259,517.1155107490081,2.167402700892857,1834.600113635913,1129.9374063640873,1906.9052626835316,249.32908860119045,517.1155107490081,2.167402700892857,1834.600113635913,1129.9374063640873,1906.9052626835316,249.32908860119045
2026-02-21 08:00:00+00:00,274.25,0.13099999999999978,1353.501,411.71849999999995,2256.951,249.357,366.8401300592893,-1.0475163193843842,1277.3378853962686,657.9045167913704,2049.7787182280285,214.46991484929583,517.1155107490081,2.167402700892857,1834.600113635913,1129.9374063640873,1906.9052626835316,249.32908860119045,517.1155107490081,2.167402700892857,1834.600113635913,1129.9374063640873,1906.9052626835316,249.32908860119045
2026-02-21 09:00:00+00:00,261.9,0.13099999999999978,1340.63275,418.78475000000003,2186.50675,249.357,358.01710189222047,-0.1227661853207862,1312.609195054153,612.2123948532615,2012.020726552834,222.37349849880917,517.1155107490081,2.167402700892857,1834.600113635913,1129.9374063640873,1906.9052626835316,249.32908860119045,517.1155107490081,2.167402700892857,1834.600113635913,1129.9374063640873,1906.9052626835316,249.32908860119045
2026-02-21 10:00:00+00:00,246.3,0.13099999999999978,1333.26975,449.52,2116.063,252.32399999999998,310.54669117466085,0.12850464408862372,1163.6998636793633,560.3432284098292,1956.591913495932,217.44241015683454,517.1155107490081,2.167402700892857,1834.600113635913,1129.9374063640873,1906.9052626835316,249.32908860119045,517.1155107490081,2.167402700892857,1834.600113635913,1129.9374063640873,1906.9052626835316,249.32908860119045
2026-02-21 11:00:00+00:00,232.85000000000002,0.13099999999999978,1330.297,419.63649999999996,2045.05225,253.274,277.8927650658824,0.3546856779328107,1029.3616949782427,569.0827311004817,1933.5099084172173,212.1996098224975,517.1155107490081,2.167402700892857,1834.600113635913,1129.9374063640873,1906.9052626835316,249.32908860119045,517.1155107490081,2.167402700892857,1834.600113635913,1129.9374063640873,1906.9052626835316,249.32908860119045
2026-02-21 12:00:00+00:00,222.39999999999998,0.13099999999999978,1274.12625,452.40599999999995,2028.0172499999999,253.274,280.1102016679395,0.19523399238148587,1061.052181171353,585.0009316693981,1964.5718096620278,228.09655953705456,517.1155107490081,2.167402700892857,1834.600113635913,1129.9374063640873,1906.9052626835316,249.32908860119045,517.1155107490081,2.167402700892857,1834.600113635913,1129.9374063640873,1906.9052626835316,249.32908860119045
2026-02-21 13:00:00+00:00,216.5,0.13099999999999978,1330.04525,492.0072499999999,2033.0842499999999,253.274,276.5512759103874,-0.9391731451914862,1108.3463650469525,584.0635906232875,2008.2195889750376,238.53110430417166,517.1155107490081,2.167402700892857,1834.600113635913,1129.9374063640873,1906.9052626835316,249.32908860119045,517.1155107490081,2.167402700892857,1834.600113635913,1129.9374063640873,1906.9052626835316,249.32908860119045
2026-02-21 14:00:00+00:00,215.35000000000002,0.13099999999999978,1365.3542499999999,659.307,2068.066,253.234,269.85861032320423,-0.3235979767698982,1082.9775725412178,679.8871359411562,2049.718156529887,227.23863369602333,517.1155107490081,2.167402700892857,1834.600113635913,1129.9374063640873,1906.9052626835316,249.32908860119045,517.1155107490081,2.167402700892857,1834.600113635913,1129.9374063640873,1906.9052626835316,249.32908860119045
2026-02-21 15:00:00+00:00,219.8,0.13099999999999978,1413.28625,1441.6454999999999,2156.8469999999998,257.0125,276.65893750470826,-0.43896528310464555,1415.4698727207856,663.2678243304847,2098.7026610815583,235.56523244629977,517.1155107490081,2.167402700892857,1834.600113635913,1129.9374063640873,1906.9052626835316,249.32908860119045,517.1155107490081,2.167402700892857,1834.600113635913,1129.9374063640873,1906.9052626835316,249.32908860119045
2026-02-21 16:00:00+00:00,264.9,0.13099999999999978,1471.0405,1642.3602500000002,2242.56425,256.913,409.1311867781643,-0.5986213966343521,1485.2342866760646,897.2533043870183,2125.8246509785536,226.83300598224616,517.1155107490081,2.167402700892857,1834.600113635913,1129.9374063640873,1906.9052626835316,249.32908860119045,517.1155107490081,2.167402700892857,1834.600113635913,1129.9374063640873,1906.9052626835316,249.32908860119045
2026-02-21 17:00:00+00:00,280.20000000000005,0.13099999999999978,1521.416,1592.6290000000004,2258.966,257.823,615.6033549649309,-0.14338157410210872,1729.4766498288848,834.2313220187826,2095.697541319728,230.24423100132208,517.1155107490081,2.167402700892857,1834.600113635913,1129.9374063640873,1906.9052626835316,249.32908860119045,517.1155107490081,2.167402700892857,1834.600113635913,1129.9374063640873,1906.9052626835316,249.32908860119045
2026-02-21 18:00:00+00:00,282.29999999999995,0.13099999999999978,1501.638,1705.90325,2230.6535,257.111,605.1675264012931,-0.35199085177670675,2226.2314926205863,721.024084305436,2108.185516533891,240.45398719038627,517.1155107490081,2.167402700892857,1834.600113635913,1129.9374063640873,1906.9052626835316,249.32908860119045,517.1155107490081,2.167402700892857,1834.600113635913,1129.9374063640873,1906.9052626835316,249.32908860119045
2026-02-21 19:00:00+00:00,274.30000000000007,0.13099999999999978,1447.2785,1535.5975,2129.94275,257.705,583.4672705464575,-0.6129891910736505,1686.7055275654254,628.1482240565362,2024.0478253432937,229.5991832272489,517.1155107490081,2.167402700892857,1834.600113635913,1129.9374063640873,1906.9052626835316,249.32908860119045,517.1155107490081,2.167402700892857,1834.600113635913,1129.9374063640873,1906.9052626835316,249.32908860119045
2026-02-21 20:00:00+00:00,227.2,0.13099999999999978,1416.0555,1022.7285,2040.2965,255.58825000000002,339.12591947748956,-1.0504183207846203,1539.6874901541348,540.7471210394538,1994.5162331764982,238.65021879177726,517.1155107490081,2.167402700892857,1834.600113635913,1129.9374063640873,1906.9052626835316,249.32908860119045,517.1155107490081,2.167402700892857,1834.600113635913,1129.9374063640873,1906.9052626835316,249.32908860119045
2026-02-21 21:00:00+00:00,198.3,0.13099999999999978,1390.3087500000001,1227.109,1976.79475,253.274,277.7430577633347,-0.5936319139281672,1410.275412115808,647.8334589294166,1972.2352285332972,220.74757838020477,517.1155107490081,2.167402700892857,1834.600113635913,1129.9374063640873,1906.9052626835316,249.32908860119045,517.1155107490081,2.167402700892857,1834.600113635913,1129.9374063640873,1906.9052626835316,249.32908860119045
2026-02-21 22:00:00+00:00,169.3,0.13099999999999978,1341.57125,1155.13925,1930.06725,256.162,263.5761898124666,-0.9162696749483801,1168.11674783858,641.823770045447,1968.4701265411525,227.94649325047797,517.1155107490081,2.167402700892857,1834.600113635913,1129.9374063640873,1906.9052626835316,249.32908860119045,517.1155107490081,2.167402700892857,1834.600113635913,1129.9374063640873,1906.9052626835316,249.32908860119045
2026-02-21 23:00:00+00:00,164.89999999999998,0.13099999999999978,1305.58075,670.39275,1887.4492500000001,261.542,267.69517827624793,0.8317959649029802,793.6876942532115,656.0275385859304,1946.870760501284,236.71556280131045,517.1155107490081,2.167402700892857,1834.600113635913,1129.9374063640873,1906.9052626835316,249.32908860119045,517.1155107490081,2.167402700892857,1834.600113635913,1129.9374063640873,1906.9052626835316,249.32908860119045
2026-02-22 00:00:00+00:00,163.14999999999998,0.13099999999999978,1229.18975,649.8557500000001,1878.5865,258.496,203.25319793760457,-0.570806411416616,726.5648431282859,643.0793229949468,1929.6257554624965,242.6270226854177,517.1155107490081,2.167402700892857,1834.600113635913,1129.9374063640873,1906.9052626835316,249.32908860119045,517.1155107490081,2.167402700892857,1834.600113635913,1129.9374063640873,1906.9052626835316,249.32908860119045
2026-02-22 01:00:00+00:00,141.89999999999998,0.13099999999999978,1143.10725,650.0930000000001,1871.83075,258.773,213.3428835720348,-0.8012509474663849,773.4579809093902,676.6103918551671,1926.236076767201,237.287779884741,517.1155107490081,2.167402700892857,1834.600113635913,1129.9374063640873,1906.9052626835316,249.32908860119045,517.1155107490081,2.167402700892857,1834.600113635913,1129.9374063640873,1906.9052626835316,249.32908860119045
2026-02-22 02:00:00+00:00,128.10000000000002,0.13099999999999978,1147.32425,671.31975,1870.5259999999998,258.338,194.48377864523786,-1.5199161088563988,881.2807215917688,653.1727208395362,1925.5174052389552,194.18553272259186,517.1155107490081,2.167402700892857,1834.600113635913,1129.9374063640873,1906.9052626835316,249.32908860119045,517.1155107490081,2.167402700892857,1834.600113635913,1129.9374063640873,1906.9052626835316,249.32908860119045
2026-02-22 03:00:00+00:00,114.5,0.13099999999999978,1155.883,695.48125,1887.88275,257.665,188.12205038972627,0.09364832481784724,749.2570046264843,670.02983881153,1923.7166106305615,205.46504636176908,517.1155107490081,2.167402700892857,1834.600113635913,1129.9374063640873,1906.9052626835316,249.32908860119045,517.1155107490081,2.167402700892857,1834.600113635913,1129.9374063640873,1906.9052626835316,249.32908860119045
2026-02-22 04:00:00+00:00,136.3,0.13099999999999978,1155.75075,703.98675,1929.44825,254.065,183.474772107155,-0.3197670947601843,682.2791521547458,622.3961393212437,1921.8196503842298,196.10885249351784,517.1155107490081,2.167402700892857,1834.600113635913,1129.9374063640873,1906.9052626835316,249.32908860119045,517.1155107490081,2.167402700892857,1834.600113635913,1129.9374063640873,1906.9052626835316,249.32908860119045
2026-02-22 05:00:00+00:00,140.7,0.13099999999999978,1148.839,711.7002500000001,2060.34675,250.22725,158.10643554005844,-1.2061727110064329,746.1071932210882,696.7281699243606,1895.8543106859868,218.9743226378862,517.1155107490081,2.167402700892857,1834.600113635913,1129.9374063640873,1906.9052626835316,249.32908860119045,517.1155107490081,2.167402700892857,1834.600113635913,1129.9374063640873,1906.9052626835316,249.32908860119045
2026-02-22 06:00:00+00:00,148.64999999999998,0.13099999999999978,1148.33125,711.8845,2209.9764999999998,249.238,146.21528547724438,-1.331674066910637,628.1639076506121,787.8345795914082,1958.7336857421506,205.07495808089638,517.1155107490081,2.167402700892857,1834.600113635913,1129.9374063640873,1906.9052626835316,249.32908860119045,517.1155107490081,2.167402700892857,1834.600113635913,1129.9374063640873,1906.9052626835316,249.32908860119045
2026-02-22 07:00:00+00:00,209.8,0.13099999999999978,1157.7885,711.5602500000001,2252.96125,249.238,163.5235040837046,0.6892912369761548,610.13825557767,815.0028228042197,2065.8300534943455,203.78446927482128,517.1155107490081,2.167402700892857,1834.600113635913,1129.9374063640873,1906.9052626835316,249.32908860119045,517.1155107490081,2.167402700892857,1834.600113635913,1129.9374063640873,1906.9052626835316,249.32908860119045
2026-02-22 08:00:00+00:00,204.2,0.13099999999999978,1157.775,731.7825,2209.6425,249.792,185.3671668813583,-1.2936851889398633,552.4989125513782,776.1835481935384,2053.3977699223587,213.57713687547783,517.1155107490081,2.167402700892857,1834.600113635913,1129.9374063640873,1906.9052626835316,249.32908860119045,517.1155107490081,2.167402700892857,1834.600113635913,1129.9374063640873,1906.9052626835316,249.32908860119045
2026-02-22 09:00:00+00:00,196.89999999999998,0.13099999999999978,1157.101,738.77075,2135.16975,251.454,189.38431624281583,-1.1295792886273102,578.9384954536042,640.8824981387506,1980.354903950818,247.43634742832648,517.1155107490081,2.167402700892857,1834.600113635913,1129.9374063640873,1906.9052626835316,249.32908860119045,517.1155107490081,2.167402700892857,1834.600113635913,1129.9374063640873,1906.9052626835316,249.32908860119045
2026-02-22 10:00:00+00:00,184.39999999999998,0.13099999999999978,1145.61025,730.5622500000001,2074.91375,255.489,183.735383218069,-0.5169958794790621,581.6277550010223,586.9671350575932,1991.246406274241,240.04628052159114,517.1155107490081,2.167402700892857,1834.600113635913,1129.9374063640873,1906.9052626835316,249.32908860119045,517.1155107490081,2.167402700892857,1834.600113635913,1129.9374063640873,1906.9052626835316,249.32908860119045
2026-02-22 11:00:00+00:00,166.7,0.13099999999999978,1145.235,733.1622500000001,2004.90625,257.23,164.6855080852124,-0.8104552777721561,617.7193035980515,556.8194230916386,1983.697670936637,248.80440606809114,517.1155107490081,2.167402700892857,1834.600113635913,1129.9374063640873,1906.9052626835316,249.32908860119045,517.1155107490081,2.167402700892857,1834.600113635913,1129.9374063640873,1906.9052626835316,249.32908860119045
2026-02-22 12:00:00+00:00,156.8,0.13099999999999978,1145.54375,725.8442500000001,1978.10625,259.287,172.15956349813342,-0.8616108959341244,567.5620238250976,550.1501062251349,1980.7787782243965,247.09290863317074,517.1155107490081,2.167402700892857,1834.600113635913,1129.9374063640873,1906.9052626835316,249.32908860119045,517.1155107490081,2.167402700892857,1834.600113635913,1129.9374063640873,1906.9052626835316,249.32908860119045
2026-02-22 13:00:00+00:00,150.10000000000002,0.13099999999999978,1145.877,728.4367500000001,1981.1665,258.694,142.21658160060997,-1.3467079481777438,544.7238916166261,538.1452567041486,1973.9314756266263,251.30087734306252,517.1155107490081,2.167402700892857,1834.600113635913,1129.9374063640873,1906.9052626835316,249.32908860119045,517.1155107490081,2.167402700892857,1834.600113635913,1129.9374063640873,1906.9052626835316,249.32908860119045
2026-02-22 14:00:00+00:00,153.45,0.13099999999999978,1146.32575,704.9602500000001,2022.76425,257.269,148.5748339290315,-0.8669863997166671,523.0524755139245,558.6950181184138,1909.9489553965002,235.91919105277475,517.1155107490081,2.167402700892857,1834.600113635913,1129.9374063640873,1906.9052626835316,249.32908860119045,517.1155107490081,2.167402700892857,1834.600113635913,1129.9374063640873,1906.9052626835316,249.32908860119045
2026-02-22 15:00:00+00:00,160.35000000000002,0.13099999999999978,1201.92675,752.3775,2139.80975,255.529,189.30362825254628,-0.7394709141046785,557.4125421095889,814.3641284978539,1963.406154994512,235.7731890320831,517.1155107490081,2.167402700892857,1834.600113635913,1129.9374063640873,1906.9052626835316,249.32908860119045,517.1155107490081,2.167402700892857,1834.600113635913,1129.9374063640873,1906.9052626835316,249.32908860119045
2026-02-22 16:00:00+00:00,177.10000000000002,0.13099999999999978,1229.266,1138.0872500000003,2249.90075,255.37,244.37530782541438,0.03990591598551685,736.7418810274369,1033.8770713887652,2014.110406453277,226.61352121496577,517.1155107490081,2.167402700892857,1834.600113635913,1129.9374063640873,1906.9052626835316,249.32908860119045,517.1155107490081,2.167402700892857,1834.600113635913,1129.9374063640873,1906.9052626835316,249.32908860119045
2026-02-22 17:00:00+00:00,220.0,0.13099999999999978,1333.84025,1564.5512500000002,2295.61775,254.025,315.9692267888489,-0.37491920925630984,694.0414656174664,1025.7342017040446,1986.7350395901608,219.0847199794416,517.1155107490081,2.167402700892857,1834.600113635913,1129.9374063640873,1906.9052626835316,249.32908860119045,517.1155107490081,2.167402700892857,1834.600113635913,1129.9374063640873,1906.9052626835316,249.32908860119045
2026-02-22 18:00:00+00:00,225.05,0.13099999999999978,1343.3980000000001,1361.4305,2290.30025,253.155,392.54295559297117,-0.5116990173738554,973.5714657519408,821.2174431360464,2111.2735143965297,228.4717909229602,517.1155107490081,2.167402700892857,1834.600113635913,1129.9374063640873,1906.9052626835316,249.32908860119045,517.1155107490081,2.167402700892857,1834.600113635913,1129.9374063640873,1906.9052626835316,249.32908860119045
2026-02-22 19:00:00+00:00,222.2,0.13099999999999978,1341.955,1492.21975,2224.8067499999997,253.195,290.7103621973173,1.5063788638715496,895.5395340863925,799.1592389920547,2057.1299169655586,235.26362991583272,517.1155107490081,2.167402700892857,1834.600113635913,1129.9374063640873,1906.9052626835316,249.32908860119045,517.1155107490081,2.167402700892857,1834.600113635913,1129.9374063640873,1906.9052626835316,249.32908860119045
2026-02-22 20:00:00+00:00,179.7,0.13099999999999978,1267.16275,1084.6032500000001,2139.05,253.748,268.65657892294826,1.4265414225022868,1020.4803374713963,738.9572024156437,1980.5857389013897,232.50885205454904,517.1155107490081,2.167402700892857,1834.600113635913,1129.9374063640873,1906.9052626835316,249.32908860119045,517.1155107490081,2.167402700892857,1834.600113635913,1129.9374063640873,1906.9052626835316,249.32908860119045
2026-02-22 21:00:00+00:00,175.85000000000002,0.13099999999999978,1215.42875,1150.1845,2067.6279999999997,257.19,218.12753588919475,-0.9287490432219356,983.8375779019676,636.9608730340249,1964.8748005730101,241.61352403006785,517.1155107490081,2.167402700892857,1834.600113635913,1129.9374063640873,1906.9052626835316,249.32908860119045,517.1155107490081,2.167402700892857,1834.600113635913,1129.9374063640873,1906.9052626835316,249.32908860119045
2026-02-22 22:00:00+00:00,172.39999999999998,0.13099999999999978,1216.9825,647.6220000000001,2011.73175,259.208,204.20750513324094,1.4598727506356375,1068.6008875908617,649.1854013094908,1947.093828667201,231.69358736265175,517.1155107490081,2.167402700892857,1834.600113635913,1129.9374063640873,1906.9052626835316,249.32908860119045,517.1155107490081,2.167402700892857,1834.600113635913,1129.9374063640873,1906.9052626835316,249.32908860119045
2026-02-22 23:00:00+00:00,147.2,0.13099999999999978,1212.12775,636.909,1957.9792499999999,267.47625,192.97577978002192,-0.839870616133195,822.6020854380984,599.6715761503751,1937.8428916797864,236.73608008508012,517.1155107490081,2.167402700892857,1834.600113635913,1129.9374063640873,1906.9052626835316,249.32908860119045,517.1155107490081,2.167402700892857,1834.600113635913,1129.9374063640873,1906.9052626835316,249.32908860119045
2026-02-23 00:00:00+00:00,147.05,0.13099999999999978,1214.699,634.743,1934.6655,257.902,188.1555336884324,-0.7641197642812307,585.4747417439792,570.7305299667132,1907.1604635570316,234.54530666664982,517.1155107490081,2.167402700892857,1834.600113635913,1129.9374063640873,1906.9052626835316,249.32908860119045,517.1155107490081,2.167402700892857,1834.600113635913,1129.9374063640873,1906.9052626835316,249.32908860119045
2026-02-23 01:00:00+00:00,150.8,0.13099999999999978,1220.83625,639.0792499999999,1915.417,256.795,184.28750812437477,-1.2110964370664319,598.1381905358585,538.8202974441804,1892.8058667833097,245.85193769833236,517.1155107490081,2.167402700892857,1834.600113635913,1129.9374063640873,1906.9052626835316,249.32908860119045,517.1155107490081,2.167402700892857,1834.600113635913,1129.9374063640873,1906.9052626835316,249.32908860119045
2026-02-23 02:00:00+00:00,150.64999999999998,0.13099999999999978,1198.3405,640.6537500000001,1909.09175,255.687,182.6633461927292,-1.0316725565770146,616.1565139825873,584.7300541745783,1859.6965763165613,247.53652999679048,517.1155107490081,2.167402700892857,1834.600113635913,1129.9374063640873,1906.9052626835316,249.32908860119045,517.1155107490081,2.167402700892857,1834.600113635913,1129.9374063640873,1906.9052626835316,249.32908860119045
2026-02-23 03:00:00+00:00,151.5,0.13099999999999978,1240.06025,642.50175,1922.93975,251.691,184.95221192624166,-0.17464619604380616,892.8745536582799,571.2485054312175,1890.5710349908115,235.69303973867392,517.1155107490081,2.167402700892857,1834.600113635913,1129.9374063640873,1906.9052626835316,249.32908860119045,517.1155107490081,2.167402700892857,1834.600113635913,1129.9374063640873,1906.9052626835316,249.32908860119045
2026-02-23 04:00:00+00:00,195.75,0.13099999999999978,1304.7255,646.33775,1964.7692499999998,243.38325,199.70809331983423,-0.749650411431003,1032.624245231566,577.8176384841662,1891.0731762186915,231.06341846777934,517.1155107490081,2.167402700892857,1834.600113635913,1129.9374063640873,1906.9052626835316,249.32908860119045,517.1155107490081,2.167402700892857,1834.600113635913,1129.9374063640873,1906.9052626835316,249.32908860119045
2026-02-23 05:00:00+00:00,216.7,0.13099999999999978,1422.10375,695.6740000000001,2089.2575,241.405,307.83928254858574,-0.5552559526095089,1279.635198251835,802.1936203389316,1968.5239654646655,236.93765098715994,517.1155107490081,2.167402700892857,1834.600113635913,1129.9374063640873,1906.9052626835316,249.32908860119045,517.1155107490081,2.167402700892857,1834.600113635913,1129.9374063640873,1906.9052626835316,249.32908860119045
2026-02-23 06:00:00+00:00,221.8,0.13099999999999978,1501.89075,1024.70375,2221.201,241.405,427.5392200668811,0.4582347660756916,1315.1561465877244,973.0971972686114,2014.8866341999185,218.54723961341003,517.1155107490081,2.167402700892857,1834.600113635913,1129.9374063640873,1906.9052626835316,249.32908860119045,517.1155107490081,2.167402700892857,1834.600113635913,1129.9374063640873,1906.9052626835316,249.32908860119045
2026-02-23 07:00:00+00:00,221.45,0.13099999999999978,1555.3165,1310.9797500000002,2255.214,241.405,422.12484770633444,-1.2158745175104775,1309.6039480504412,1015.6737069277503,1971.6218502303686,205.734360048645,517.1155107490081,2.167402700892857,1834.600113635913,1129.9374063640873,1906.9052626835316,249.32908860119045,517.1155107490081,2.167402700892857,1834.600113635913,1129.9374063640873,1906.9052626835316,249.32908860119045
2026-02-23 08:00:00+00:00,201.2,0.13099999999999978,1502.45425,1016.1337500000001,2225.68825,241.366,362.93006778891527,0.342365542535521,1195.492704274025,905.5692312284917,1956.4631062078975,213.7453605722601,517.1155107490081,2.167402700892857,1834.600113635913,1129.9374063640873,1906.9052626835316,249.32908860119045,517.1155107490081,2.167402700892857,1834.600113635913,1129.9374063640873,1906.9052626835316,249.32908860119045
2026-02-23 09:00:00+00:00,174.14999999999998,0.13099999999999978,1469.45425,717.5707500000001,2148.5225,241.366,296.2683313799995,2.0741169655877076,1206.3878249696695,709.0373014524453,1965.1466374239137,233.16628415576645,517.1155107490081,2.167402700892857,1834.600113635913,1129.9374063640873,1906.9052626835316,249.32908860119045,517.1155107490081,2.167402700892857,1834.600113635913,1129.9374063640873,1906.9052626835316,249.32908860119045
2026-02-23 10:00:00+00:00,149.5,0.13099999999999978,1356.977,670.6577500000001,2072.056,247.26,248.31842287608532,5.710781416554019,1141.371380805745,657.3344591828411,1946.0127646055018,228.8991745124193,517.1155107490081,2.167402700892857,1834.600113635913,1129.9374063640873,1906.9052626835316,249.32908860119045,517.1155107490081,2.167402700892857,1834.600113635913,1129.9374063640873,1906.9052626835316,249.32908860119045
2026-02-23 11:00:00+00:00,132.39999999999998,0.13099999999999978,1305.27475,672.59175,2002.5497500000001,249.199,213.82859248704057,1.301965228548272,1029.3878277645188,637.2342047018712,1915.4127330667097,229.5780415316188,517.1155107490081,2.167402700892857,1834.600113635913,1129.9374063640873,1906.9052626835316,249.32908860119045,517.1155107490081,2.167402700892857,1834.600113635913,1129.9374063640873,1906.9052626835316,249.32908860119045
2026-02-23 12:00:00+00:00,130.45,0.13099999999999978,1291.962,636.0210000000001,1978.3565,249.199,196.84654099315458,12.75558097968101,1037.964164784284,581.3127395861871,1886.7282395369182,250.99209810590511,517.1155107490081,2.167402700892857,1834.600113635913,1129.9374063640873,1906.9052626835316,249.32908860119045,517.1155107490081,2.167402700892857,1834.600113635913,1129.9374063640873,1906.9052626835316,249.32908860119045
2026-02-23 13:00:00+00:00,132.3,0.13099999999999978,1271.34575,658.28875,1980.896,249.199,196.28660531284487,11.77697384425828,769.2985176924315,606.3098166830038,1884.0413251662537,219.56739172868905,517.1155107490081,2.167402700892857,1834.600113635913,1129.9374063640873,1906.9052626835316,249.32908860119045,517.1155107490081,2.167402700892857,1834.600113635913,1129.9374063640873,1906.9052626835316,249.32908860119045
2026-02-23 14:00:00+00:00,150.8,0.13099999999999978,1400.9292500000001,654.5945,2020.04775,249.238,128.01054188219325,1.126986831977663,771.1574635602408,692.5095596740905,1877.959609465875,247.83095768831646,517.1155107490081,2.167402700892857,1834.600113635913,1129.9374063640873,1906.9052626835316,249.32908860119045,517.1155107490081,2.167402700892857,1834.600113635913,1129.9374063640873,1906.9052626835316,249.32908860119045
2026-02-23 15:00:00+00:00,175.39999999999998,0.13099999999999978,1469.2395000000001,651.6645000000001,2132.54,249.238,271.89593963004245,-0.6496928647357954,1078.4798763544127,819.5501177749583,1916.830599126956,238.12254471390364,517.1155107490081,2.167402700892857,1834.600113635913,1129.9374063640873,1906.9052626835316,249.32908860119045,517.1155107490081,2.167402700892857,1834.600113635913,1129.9374063640873,1906.9052626835316,249.32908860119045
2026-02-23 16:00:00+00:00,179.39999999999998,0.13099999999999978,1557.2875,1103.97775,2248.686,255.41,431.80001577083124,-4.79404538327654,1453.715877755284,1101.0509587042302,2048.263384746413,247.42069269544112,517.1155107490081,2.167402700892857,1834.600113635913,1129.9374063640873,1906.9052626835316,249.32908860119045,517.1155107490081,2.167402700892857,1834.600113635913,1129.9374063640873,1906.9052626835316,249.32908860119045
2026-02-23 17:00:00+00:00,225.5,0.13099999999999978,1636.342,1491.2295000000001,2280.8125,255.489,421.2687221726138,-0.37038339289395505,1817.2329065012175,1132.9276061527064,2197.2947338833937,255.73550272488333,517.1155107490081,2.167402700892857,1834.600113635913,1129.9374063640873,1906.9052626835316,249.32908860119045,517.1155107490081,2.167402700892857,1834.600113635913,1129.9374063640873,1906.9052626835316,249.32908860119045
2026-02-23 18:00:00+00:00,193.10000000000002,0.13099999999999978,1634.02825,1399.32025,2255.7557500000003,255.647,423.0742533382362,-1.0741010414008931,1393.4392114879788,897.1668389640056,2161.086189509182,232.5882534119376,517.1155107490081,2.167402700892857,1834.600113635913,1129.9374063640873,1906.9052626835316,249.32908860119045,517.1155107490081,2.167402700892857,1834.600113635913,1129.9374063640873,1906.9052626835316,249.32908860119045
2026-02-23 19:00:00+00:00,185.89999999999998,0.13099999999999978,1591.0555,1016.0765000000001,2171.9897499999997,256.636,325.0111729877408,-0.914317299957975,1672.69575198185,786.3363570374495,2092.1636132008707,220.29500684645166,517.1155107490081,2.167402700892857,1834.600113635913,1129.9374063640873,1906.9052626835316,249.32908860119045,517.1155107490081,2.167402700892857,1834.600113635913,1129.9374063640873,1906.9052626835316,249.32908860119045
2026-02-23 20:00:00+00:00,187.60000000000002,0.13099999999999978,1509.2005,766.6640000000001,2087.7685,249.318,303.88104452465393,-0.1577298815009307,1450.6477726928194,742.8467464936268,1992.3691607664632,211.7526418376744,517.1155107490081,2.167402700892857,1834.600113635913,1129.9374063640873,1906.9052626835316,249.32908860119045,517.1155107490081,2.167402700892857,1834.600113635913,1129.9374063640873,1906.9052626835316,249.32908860119045
2026-02-23 21:00:00+00:00,168.05,0.13099999999999978,1494.23525,727.1360000000001,2022.81275,253.432,368.9179878901605,-0.5560085295120896,1429.004149555316,622.0505749964907,1987.4932461010228,222.9003182306502,517.1155107490081,2.167402700892857,1834.600113635913,1129.9374063640873,1906.9052626835316,249.32908860119045,517.1155107490081,2.167402700892857,1834.600113635913,1129.9374063640873,1906.9052626835316,249.32908860119045
2026-02-23 22:00:00+00:00,167.45,0.13099999999999978,1492.5085,681.4687500000001,1972.17225,235.62924999999998,291.64082125294925,-0.3987815948821596,1294.9690955202495,611.6703034461281,1936.2398683314923,221.24172327941073,517.1155107490081,2.167402700892857,1834.600113635913,1129.9374063640873,1906.9052626835316,249.32908860119045,517.1155107490081,2.167402700892857,1834.600113635913,1129.9374063640873,1906.9052626835316,249.32908860119045
2026-02-23 23:00:00+00:00,160.39999999999998,0.13099999999999978,1769.71725,706.45475,1930.5484999999999,244.966,350.49475043973587,-0.2054922120699323,1335.5440053054767,656.6589058523493,1916.1452232298766,224.38318147520323,517.1155107490081,2.167402700892857,1834.600113635913,1129.9374063640873,1906.9052626835316,249.32908860119045,517.1155107490081,2.167402700892857,1834.600113635913,1129.9374063640873,1906.9052626835316,249.32908860119045
2026-02-24 00:00:00+00:00,161.06150000000002,0.13099999999999978,1812.133,741.30725,1915.44275,245.876,459.9737697844125,-0.26761108400547506,1340.3424885876107,600.2777206480342,1911.3760013072751,215.86772011074265,517.1155107490081,2.167402700892857,1834.600113635913,1129.9374063640873,1906.9052626835316,249.32908860119045,517.1155107490081,2.167402700892857,1834.600113635913,1129.9374063640873,1906.9052626835316,249.32908860119045
2026-02-24 01:00:00+00:00,305.87,0.13099999999999978,2357.387,775.75125,1899.76925,245.282,767.9485304864786,-0.3439348397427744,1811.8308174588115,619.2210028153411,1905.7681596482937,215.83632248444525,517.1155107490081,2.167402700892857,1834.600113635913,1129.9374063640873,1906.9052626835316,249.32908860119045,517.1155107490081,2.167402700892857,1834.600113635913,1129.9374063640873,1906.9052626835316,249.32908860119045
2026-02-24 02:00:00+00:00,416.903,0.13099999999999978,2749.52675,828.1102500000001,1895.08625,244.214,849.2755129103582,-0.1911899300637434,2240.2228552062197,586.7233946481157,1907.533708036163,210.21751271351883,517.1155107490081,2.167402700892857,1834.600113635913,1129.9374063640873,1906.9052626835316,249.32908860119045,517.1155107490081,2.167402700892857,1834.600113635913,1129.9374063640873,1906.9052626835316,249.32908860119045
2026-02-24 03:00:00+00:00,515.758,0.13099999999999978,3053.16925,930.9375000000002,1916.008,234.16525000000001,825.2276532672787,-0.7198589330489109,2532.683690889491,586.5837619455203,1888.4928314240692,206.47313698053318,517.1155107490081,2.167402700892857,1834.600113635913,1129.9374063640873,1906.9052626835316,249.32908860119045,517.1155107490081,2.167402700892857,1834.600113635913,1129.9374063640873,1906.9052626835316,249.32908860119045
2026-02-24 04:00:00+00:00,676.012,0.13099999999999978,3827.4885,1018.4847500000001,1946.97325,229.576,920.4618310011668,-0.7491647967910975,3062.239932343996,654.5823865377613,1902.148755587855,204.02479425691087,517.1155107490081,2.167402700892857,1834.600113635913,1129.9374063640873,1906.9052626835316,249.32908860119045,517.1155107490081,2.167402700892857,1834.600113635913,1129.9374063640873,1906.9052626835316,249.32908860119045
2026-02-24 05:00:00+00:00,929.6815,0.13099999999999978,4715.89725,1431.8835,2024.00375,236.5,921.0841311520487,-0.3384429889003937,4268.3918841290115,1024.370071804902,2007.09844711231,222.30666089580396,517.1155107490081,2.167402700892857,1834.600113635913,1129.9374063640873,1906.9052626835316,249.32908860119045,517.1155107490081,2.167402700892857,1834.600113635913,1129.9374063640873,1906.9052626835316,249.32908860119045
2026-02-24 06:00:00+00:00,1199.74775,0.13099999999999978,4813.837500000001,1963.4752500000002,2138.06075,245.361,1125.1701167602316,5.897710684569721,4619.658791093135,1613.811862028333,2095.086315766711,228.21672701685424,517.1155107490081,2.167402700892857,1834.600113635913,1129.9374063640873,1906.9052626835316,249.32908860119045,517.1155107490081,2.167402700892857,1834.600113635913,1129.9374063640873,1906.9052626835316,249.32908860119045
2026-02-24 07:00:00+00:00,1340.08475,0.13099999999999978,4826.61325,2406.2290000000003,2179.437,250.148,1207.585629779323,6.364126219011656,4841.306091561259,1773.6550805357265,2178.952322578216,201.7361168014062,517.1155107490081,2.167402700892857,1834.600113635913,1129.9374063640873,1906.9052626835316,249.32908860119045,517.1155107490081,2.167402700892857,1834.600113635913,1129.9374063640873,1906.9052626835316,249.32908860119045
2026-02-24 08:00:00+00:00,1417.255,0.13099999999999978,4815.35175,1961.4962500000001,2142.723,250.148,1230.3094211016178,5.149589416086576,4673.778747209684,1285.541250736847,2053.000909950195,219.61750040428677,517.1155107490081,2.167402700892857,1834.600113635913,1129.9374063640873,1906.9052626835316,249.32908860119045,517.1155107490081,2.167402700892857,1834.600113635913,1129.9374063640873,1906.9052626835316,249.32908860119045
2026-02-24 09:00:00+00:00,1491.17775,0.13099999999999978,4777.7375,1382.449,2069.82575,250.148,1199.0157138117588,-0.9046652432321269,4530.01346242304,1012.0334820720883,2022.4387983897798,209.15488705733463,517.1155107490081,2.167402700892857,1834.600113635913,1129.9374063640873,1906.9052626835316,249.32908860119045,517.1155107490081,2.167402700892857,1834.600113635913,1129.9374063640873,1906.9052626835316,249.32908860119045
2026-02-24 10:00:00+00:00,1476.2754999999997,0.13099999999999978,4726.818499999999,1345.83425,2020.1795,256.08275,1195.78161656661,-1.1043825431854764,4250.5024514177285,833.8531647077621,1949.8354320021647,197.17198323464223,517.1155107490081,2.167402700892857,1834.600113635913,1129.9374063640873,1906.9052626835316,249.32908860119045,517.1155107490081,2.167402700892857,1834.600113635913,1129.9374063640873,1906.9052626835316,249.32908860119045
2026-02-24 11:00:00+00:00,1305.38675,0.13099999999999978,4576.10175,1140.66775,1962.14475,254.738,1059.386221352031,-1.8859138330446625,4177.518451867669,793.2183487534974,1968.3491578493501,207.93291552529598,517.1155107490081,2.167402700892857,1834.600113635913,1129.9374063640873,1906.9052626835316,249.32908860119045,517.1155107490081,2.167402700892857,1834.600113635913,1129.9374063640873,1906.9052626835316,249.32908860119045
2026-02-24 12:00:00+00:00,1163.809,0.13099999999999978,4529.4349999999995,1188.37025,1955.68775,245.678,962.1340357592015,-1.5467371640844565,3943.1384914817836,771.3124534543642,1975.9145582548776,205.95312809225626,517.1155107490081,2.167402700892857,1834.600113635913,1129.9374063640873,1906.9052626835316,249.32908860119045,517.1155107490081,2.167402700892857,1834.600113635913,1129.9374063640873,1906.9052626835316,249.32908860119045
2026-02-24 13:00:00+00:00,1164.365,0.13099999999999978,4594.0830000000005,1108.8637500000002,1964.72275,254.738,942.0298620902985,5.635619951400605,3858.2845048558306,870.2713636415929,1970.2875729342752,221.66059672768228,517.1155107490081,2.167402700892857,1834.600113635913,1129.9374063640873,1906.9052626835316,249.32908860119045,517.1155107490081,2.167402700892857,1834.600113635913,1129.9374063640873,1906.9052626835316,249.32908860119045
2026-02-24 14:00:00+00:00,1186.68175,0.13099999999999978,4607.5689999999995,1191.5577500000002,1999.71075,258.061,1015.0596166806874,13.16929943905095,4218.729076007611,1010.8480465655934,1996.1494153540748,242.69131373100737,517.1155107490081,2.167402700892857,1834.600113635913,1129.9374063640873,1906.9052626835316,249.32908860119045,517.1155107490081,2.167402700892857,1834.600113635913,1129.9374063640873,1906.9052626835316,249.32908860119045
2026-02-24 15:00:00+00:00,1180.51575,0.13099999999999978,4721.6362500000005,1901.5985,2124.9342500000002,258.061,1110.0999065763435,17.742088665674473,4300.595370118217,1352.460460869964,1996.9583413515259,231.20178264581725,517.1155107490081,2.167402700892857,1834.600113635913,1129.9374063640873,1906.9052626835316,249.32908860119045,517.1155107490081,2.167402700892857,1834.600113635913,1129.9374063640873,1906.9052626835316,249.32908860119045
2026-02-24 16:00:00+00:00,1118.242,0.13099999999999978,4799.93125,2528.7,2255.5465,258.061,1272.4911086711031,9.974497003312973,5151.505138024861,1761.1335320149797,2074.4752858252373,227.9265950659794,517.1155107490081,2.167402700892857,1834.600113635913,1129.9374063640873,1906.9052626835316,249.32908860119045,517.1155107490081,2.167402700892857,1834.600113635913,1129.9374063640873,1906.9052626835316,249.32908860119045
2026-02-24 17:00:00+00:00,1117.4105,0.13099999999999978,4799.93225,2434.1217500000002,2295.79675,258.061,1142.8962350521397,12.874691274045142,5276.237225104348,1762.9004828300172,2089.9504185374317,200.70450590134388,517.1155107490081,2.167402700892857,1834.600113635913,1129.9374063640873,1906.9052626835316,249.32908860119045,517.1155107490081,2.167402700892857,1834.600113635913,1129.9374063640873,1906.9052626835316,249.32908860119045
2026-02-24 18:00:00+00:00,1113.37325,0.13099999999999978,4785.5045,2406.96825,2282.92075,258.061,1252.4754988745012,3.7768179067949257,4966.964914403111,1617.8381923399181,2280.7218051817263,218.47393780263474,517.1155107490081,2.167402700892857,1834.600113635913,1129.9374063640873,1906.9052626835316,249.32908860119045,517.1155107490081,2.167402700892857,1834.600113635913,1129.9374063640873,1906.9052626835316,249.32908860119045
2026-02-24 19:00:00+00:00,1113.0072499999999,0.13099999999999978,4770.378,1585.74475,2220.214,258.061,967.1432517219725,-1.1729955350981145,4446.367730895975,1192.4298764458583,2078.686185241911,225.81837899298495,517.1155107490081,2.167402700892857,1834.600113635913,1129.9374063640873,1906.9052626835316,249.32908860119045,517.1155107490081,2.167402700892857,1834.600113635913,1129.9374063640873,1906.9052626835316,249.32908860119045
2026-02-24 20:00:00+00:00,1071.8315,0.13099999999999978,4737.954,1322.4455,2137.25825,252.72,1050.0290744684585,2.1910326731273817,4313.131326428242,813.1697750555422,2007.7775509875755,216.4967235295415,517.1155107490081,2.167402700892857,1834.600113635913,1129.9374063640873,1906.9052626835316,249.32908860119045,517.1155107490081,2.167402700892857,1834.600113635913,1129.9374063640873,1906.9052626835316,249.32908860119045
2026-02-24 21:00:00+00:00,995.0615,0.13099999999999978,4707.11325,1290.0500000000002,2077.0785,243.7,906.4526561375546,-0.21573434346729314,4076.033966001314,736.3178745726168,1985.133354836744,210.96947209441498,517.1155107490081,2.167402700892857,1834.600113635913,1129.9374063640873,1906.9052626835316,249.32908860119045,517.1155107490081,2.167402700892857,1834.600113635913,1129.9374063640873,1906.9052626835316,249.32908860119045
2026-02-24 22:00:00+00:00,929.0435,0.13099999999999978,4530.1085,1144.90325,2014.23625,246.034,862.7580171708141,-0.22462569299663127,4148.944861544921,666.7276065515493,1965.9305998226491,208.56210383934874,517.1155107490081,2.167402700892857,1834.600113635913,1129.9374063640873,1906.9052626835316,249.32908860119045,517.1155107490081,2.167402700892857,1834.600113635913,1129.9374063640873,1906.9052626835316,249.32908860119045
2026-02-24 23:00:00+00:00,696.93175,0.13099999999999978,4077.084,1076.0055,1943.68025,270.88874999999996,892.3960709627504,-0.22462569299663127,3541.692683437722,658.6336302038046,1941.9511018409005,206.20080746813252,517.1155107490081,2.167402700892857,1834.600113635913,1129.9374063640873,1906.9052626835316,249.32908860119045,517.1155107490081,2.167402700892857,1834.600113635913,1129.9374063640873,1906.9052626835316,249.32908860119045
2026-02-25 00:00:00+00:00,602.37725,0.13099999999999978,3949.7960000000003,1071.289,1930.413,269.89,792.7136938164633,-0.19870504185476312,3513.2819723888906,667.958355472078,1938.7439764924363,215.26198618237328,517.1155107490081,2.167402700892857,1834.600113635913,1129.9374063640873,1906.9052626835316,249.32908860119045,517.1155107490081,2.167402700892857,1834.600113635913,1129.9374063640873,1906.9052626835316,249.32908860119045
2026-02-25 01:00:00+00:00,602.5095,0.13099999999999978,3949.456,1070.7442500000002,1923.6965,268.94,810.0839195666879,-0.2432593504892373,3320.2075681904316,607.1629331066167,1932.046297018129,211.09455395824358,517.1155107490081,2.167402700892857,1834.600113635913,1129.9374063640873,1906.9052626835316,249.32908860119045,517.1155107490081,2.167402700892857,1834.600113635913,1129.9374063640873,1906.9052626835316,249.32908860119045
2026-02-25 02:00:00+00:00,602.94325,0.13099999999999978,3958.10375,1058.3595,1921.5025,267.2985,799.4861400492132,-0.23482755004252187,3277.479631246273,620.9164236627809,1917.6081451671428,200.16338807379765,517.1155107490081,2.167402700892857,1834.600113635913,1129.9374063640873,1906.9052626835316,249.32908860119045,517.1155107490081,2.167402700892857,1834.600113635913,1129.9374063640873,1906.9052626835316,249.32908860119045
2026-02-25 03:00:00+00:00,629.2705,0.13099999999999978,3969.7964999999995,1185.0885,1936.69125,257.962,823.8954802496758,-0.28988673041736357,3537.31630207078,680.1662137638835,1899.870533146594,216.5552946419791,517.1155107490081,2.167402700892857,1834.600113635913,1129.9374063640873,1906.9052626835316,249.32908860119045,517.1155107490081,2.167402700892857,1834.600113635913,1129.9374063640873,1906.9052626835316,249.32908860119045
2026-02-25 04:00:00+00:00,780.265,0.13099999999999978,3987.441,1355.18125,1970.5985,250.31675,858.9003369125259,-0.11060269039372495,3610.868520541185,721.3509322025457,1919.8072271482783,222.59052607465748,517.1155107490081,2.167402700892857,1834.600113635913,1129.9374063640873,1906.9052626835316,249.32908860119045,517.1155107490081,2.167402700892857,1834.600113635913,1129.9374063640873,1906.9052626835316,249.32908860119045
2026-02-25 05:00:00+00:00,928.0185,0.13099999999999978,4028.5339999999997,1800.4205000000002,2066.0625,243.76874999999998,1008.8658914082338,0.782840308171366,4364.441838487969,1002.8419362307066,2028.414318130425,227.7294084420453,517.1155107490081,2.167402700892857,1834.600113635913,1129.9374063640873,1906.9052626835316,249.32908860119045,517.1155107490081,2.167402700892857,1834.600113635913,1129.9374063640873,1906.9052626835316,249.32908860119045
2026-02-25 06:00:00+00:00,1000.4970000000001,0.13099999999999978,4079.3192499999996,2088.175,2181.7055,241.84,1195.4534805262738,3.1325117595168193,4545.562545368619,1367.649268791138,2073.2586066715558,221.01519757880305,517.1155107490081,2.167402700892857,1834.600113635913,1129.9374063640873,1906.9052626835316,249.32908860119045,517.1155107490081,2.167402700892857,1834.600113635913,1129.9374063640873,1906.9052626835316,249.32908860119045
2026-02-25 07:00:00+00:00,959.7860000000001,0.13099999999999978,4013.87875,1537.3062499999999,2230.16625,255.311,1174.5645051639412,-0.22096810454633076,4525.942554927772,1139.2155508452379,2053.1359460448675,222.10880187543918,517.1155107490081,2.167402700892857,1834.600113635913,1129.9374063640873,1906.9052626835316,249.32908860119045,517.1155107490081,2.167402700892857,1834.600113635913,1129.9374063640873,1906.9052626835316,249.32908860119045
2026-02-25 08:00:00+00:00,868.741,0.13099999999999978,3831.03225,1265.4655,2204.00425,262.452,1018.0733319614991,1.9836925332877713,3442.987312828808,820.7339756374563,2009.3680030651958,223.45627603512426,517.1155107490081,2.167402700892857,1834.600113635913,1129.9374063640873,1906.9052626835316,249.32908860119045,517.1155107490081,2.167402700892857,1834.600113635913,1129.9374063640873,1906.9052626835316,249.32908860119045
2026-02-25 09:00:00+00:00,746.712,0.13099999999999978,3443.332,1223.8772500000002,2139.8827499999998,257.6945,830.4580197859543,0.8869437869427812,2841.715169831285,639.1919029329877,2007.6608646718394,231.1943611575347,517.1155107490081,2.167402700892857,1834.600113635913,1129.9374063640873,1906.9052626835316,249.32908860119045,517.1155107490081,2.167402700892857,1834.600113635913,1129.9374063640873,1906.9052626835316,249.32908860119045
2026-02-25 10:00:00+00:00,401.494,0.13099999999999978,2975.477,1202.5874999999999,2088.665,264.84575,775.4983056153344,1.493901638655725,1677.3410409056705,586.3944228856441,1919.695208633571,215.20291712788352,517.1155107490081,2.167402700892857,1834.600113635913,1129.9374063640873,1906.9052626835316,249.32908860119045,517.1155107490081,2.167402700892857,1834.600113635913,1129.9374063640873,1906.9052626835316,249.32908860119045
2026-02-25 11:00:00+00:00,330.46225000000004,0.13099999999999978,2549.8185,1139.6905000000002,2027.6185,270.404,525.7343318896085,4.249010315484151,1222.0179629371232,685.0319101054303,1847.2376894568567,237.68258141560833,517.1155107490081,2.167402700892857,1834.600113635913,1129.9374063640873,1906.9052626835316,249.32908860119045,517.1155107490081,2.167402700892857,1834.600113635913,1129.9374063640873,1906.9052626835316,249.32908860119045
2026-02-25 12:00:00+00:00,334.54949999999997,0.13099999999999978,2410.288,1149.7115000000001,2008.43125,272.066,300.088041466194,3.5636430097493603,995.2553994644957,729.7661040802246,1794.593522903212,234.65472803477692,517.1155107490081,2.167402700892857,1834.600113635913,1129.9374063640873,1906.9052626835316,249.32908860119045,517.1155107490081,2.167402700892857,1834.600113635913,1129.9374063640873,1906.9052626835316,249.32908860119045
2026-02-25 13:00:00+00:00,335.14075,0.13099999999999978,2523.47275,1129.3355,2007.49875,272.422,290.4682248222959,3.383404535204253,903.827657380406,833.0256610481006,1775.3890141569536,223.6609699538443,517.1155107490081,2.167402700892857,1834.600113635913,1129.9374063640873,1906.9052626835316,249.32908860119045,517.1155107490081,2.167402700892857,1834.600113635913,1129.9374063640873,1906.9052626835316,249.32908860119045
2026-02-25 14:00:00+00:00,334.97325,0.13099999999999978,3130.51475,1114.1915,2033.55475,260.949,538.9563308600557,2.1523785138546225,1435.7724273884191,914.8952526219522,1851.202570045849,221.374668209479,517.1155107490081,2.167402700892857,1834.600113635913,1129.9374063640873,1906.9052626835316,249.32908860119045,517.1155107490081,2.167402700892857,1834.600113635913,1129.9374063640873,1906.9052626835316,249.32908860119045
2026-02-25 15:00:00+00:00,361.22125,0.13099999999999978,3683.5562499999996,1348.424,2139.2265,256.55724999999995,647.3752889036575,0.4852477443821872,2689.8724205975786,977.7348362274703,1916.8338644313762,237.78218585025695,517.1155107490081,2.167402700892857,1834.600113635913,1129.9374063640873,1906.9052626835316,249.32908860119045,517.1155107490081,2.167402700892857,1834.600113635913,1129.9374063640873,1906.9052626835316,249.32908860119045
2026-02-25 16:00:00+00:00,434.67,0.13099999999999978,3990.9584999999997,2163.17175,2239.86575,263.16425,822.0072438850816,0.48900639917270095,3206.942850204404,1504.1748112398607,2021.0990398716096,216.7564466150509,517.1155107490081,2.167402700892857,1834.600113635913,1129.9374063640873,1906.9052626835316,249.32908860119045,517.1155107490081,2.167402700892857,1834.600113635913,1129.9374063640873,1906.9052626835316,249.32908860119045
2026-02-25 17:00:00+00:00,313.5,0.13099999999999978,4139.65625,1927.64975,2300.39275,262.373,619.0557291668504,0.697189617812279,2941.073053530783,1533.0557736871558,2038.7727111903112,218.58845337809905,517.1155107490081,2.167402700892857,1834.600113635913,1129.9374063640873,1906.9052626835316,249.32908860119045,517.1155107490081,2.167402700892857,1834.600113635913,1129.9374063640873,1906.9052626835316,249.32908860119045
2026-02-25 18:00:00+00:00,254.25,0.13099999999999978,4093.0085,1414.3457500000002,2302.848,259.45525,539.1053116324236,2.166520806971292,2696.934866749707,1194.7729497364253,1993.0451554998976,255.41420551818348,517.1155107490081,2.167402700892857,1834.600113635913,1129.9374063640873,1906.9052626835316,249.32908860119045,517.1155107490081,2.167402700892857,1834.600113635913,1129.9374063640873,1906.9052626835316,249.32908860119045
2026-02-25 19:00:00+00:00,192.175,0.13099999999999978,3741.33475,1045.94725,2234.4885,252.443,419.79249477984183,1.80657970888332,2425.768412627415,1071.303921852683,2147.0121607786923,237.6944091308762,517.1155107490081,2.167402700892857,1834.600113635913,1129.9374063640873,1906.9052626835316,249.32908860119045,517.1155107490081,2.167402700892857,1834.600113635913,1129.9374063640873,1906.9052626835316,249.32908860119045
2026-02-25 20:00:00+00:00,188.3,0.13099999999999978,3106.66,1020.9770000000001,2137.94375,253.709,445.680482398801,0.6665297135901738,2437.665882516015,833.0994610164253,2065.61744468092,257.4076373017952,517.1155107490081,2.167402700892857,1834.600113635913,1129.9374063640873,1906.9052626835316,249.32908860119045,517.1155107490081,2.167402700892857,1834.600113635913,1129.9374063640873,1906.9052626835316,249.32908860119045
2026-02-25 21:00:00+00:00,189.55,0.13099999999999978,2614.999,1013.2092500000001,2066.9145,256.36,351.6777913333367,0.30802268055000503,1806.103842939366,655.1949057656747,2018.3337948459907,236.45495782914878,517.1155107490081,2.167402700892857,1834.600113635913,1129.9374063640873,1906.9052626835316,249.32908860119045,517.1155107490081,2.167402700892857,1834.600113635913,1129.9374063640873,1906.9052626835316,249.32908860119045
2026-02-25 22:00:00+00:00,191.95,0.13099999999999978,2318.35275,1024.23675,2009.6435000000001,258.931,286.5499692044798,-0.047953325889563025,1689.208135436624,664.6818589068359,1956.6507810016801,229.37350666905937,517.1155107490081,2.167402700892857,1834.600113635913,1129.9374063640873,1906.9052626835316,249.32908860119045,517.1155107490081,2.167402700892857,1834.600113635913,1129.9374063640873,1906.9052626835316,249.32908860119045
2026-02-25 23:00:00+00:00,148.0,0.13099999999999978,1590.31575,1009.105,1946.81175,266.962,264.78170515211525,-0.5158170710136667,1653.0048174386295,598.9803810640332,1947.8748218665028,208.15755120888235,517.1155107490081,2.167402700892857,1834.600113635913,1129.9374063640873,1906.9052626835316,249.32908860119045,517.1155107490081,2.167402700892857,1834.600113635913,1129.9374063640873,1906.9052626835316,249.32908860119045
2026-02-26 00:00:00+00:00,148.25,0.13099999999999978,1302.746,1034.38925,1938.0055,265.973,190.9272479474937,-0.2798498284386497,1317.2369393745378,584.8624093019698,1930.6333688692932,201.178570457596,517.1155107490081,2.167402700892857,1834.600113635913,1129.9374063640873,1906.9052626835316,249.32908860119045,517.1155107490081,2.167402700892857,1834.600113635913,1129.9374063640873,1906.9052626835316,249.32908860119045
2026-02-26 01:00:00+00:00,149.0,0.13099999999999978,1299.14275,1016.5995000000001,1930.2997500000001,265.973,210.93028535709612,-0.4975309127297556,1152.3968837950156,542.031155688637,1924.6507961601937,204.25626485301956,517.1155107490081,2.167402700892857,1834.600113635913,1129.9374063640873,1906.9052626835316,249.32908860119045,517.1155107490081,2.167402700892857,1834.600113635913,1129.9374063640873,1906.9052626835316,249.32908860119045
2026-02-26 02:00:00+00:00,154.5,0.13099999999999978,1359.07125,1008.36825,1928.8452499999999,265.3,221.03490772772147,-0.3702365996975363,1182.8161285501478,587.8063077726991,1912.6989604618343,206.3407225048262,517.1155107490081,2.167402700892857,1834.600113635913,1129.9374063640873,1906.9052626835316,249.32908860119045,517.1155107490081,2.167402700892857,1834.600113635913,1129.9374063640873,1906.9052626835316,249.32908860119045
2026-02-26 03:00:00+00:00,160.75,0.13099999999999978,1762.87475,1012.8435000000002,1943.164,254.42100000000002,202.22804242641246,-0.40693977578080176,1281.319163819795,576.3274286469148,1898.326209108148,194.89278925386512,517.1155107490081,2.167402700892857,1834.600113635913,1129.9374063640873,1906.9052626835316,249.32908860119045,517.1155107490081,2.167402700892857,1834.600113635913,1129.9374063640873,1906.9052626835316,249.32908860119045
2026-02-26 04:00:00+00:00,152.0,0.13099999999999978,2316.49625,991.90625,1978.0675,245.717,244.27672479058612,-0.2574726594641099,1548.3861177203328,626.5891418154741,1929.6369867621263,203.02328542605431,517.1155107490081,2.167402700892857,1834.600113635913,1129.9374063640873,1906.9052626835316,249.32908860119045,517.1155107490081,2.167402700892857,1834.600113635913,1129.9374063640873,1906.9052626835316,249.32908860119045
2026-02-26 05:00:00+00:00,155.39999999999998,0.13099999999999978,2878.23675,1005.42275,2091.0,240.218,276.3510804641834,-0.16223653519489645,1675.8157867225236,793.456396848756,2042.8086823050007,214.9344161033539,517.1155107490081,2.167402700892857,1834.600113635913,1129.9374063640873,1906.9052626835316,249.32908860119045,517.1155107490081,2.167402700892857,1834.600113635913,1129.9374063640873,1906.9052626835316,249.32908860119045
2026-02-26 06:00:00+00:00,165.25,0.13099999999999978,3080.0155,1328.7065,2193.3269999999998,240.139,314.0290108185004,-0.8961636041920209,1831.4947761332107,1070.9723389927642,2075.0808263308127,212.4900110472366,517.1155107490081,2.167402700892857,1834.600113635913,1129.9374063640873,1906.9052626835316,249.32908860119045,517.1155107490081,2.167402700892857,1834.600113635913,1129.9374063640873,1906.9052626835316,249.32908860119045
2026-02-26 07:00:00+00:00,166.5,0.13099999999999978,2689.51875,1221.1615000000002,2230.76375,242.434,298.12677128998087,-1.0353962816640827,2198.1390757870868,835.8565419387921,2056.4902206230554,226.075646070947,517.1155107490081,2.167402700892857,1834.600113635913,1129.9374063640873,1906.9052626835316,249.32908860119045,517.1155107490081,2.167402700892857,1834.600113635913,1129.9374063640873,1906.9052626835316,249.32908860119045
2026-02-26 08:00:00+00:00,148.5,0.13099999999999978,2668.8272500000003,1085.15275,2189.2765,246.113,305.41392637061006,19.200432382616576,1991.1691412721652,763.7891160171803,2024.3935429498226,238.89361427129424,517.1155107490081,2.167402700892857,1834.600113635913,1129.9374063640873,1906.9052626835316,249.32908860119045,517.1155107490081,2.167402700892857,1834.600113635913,1129.9374063640873,1906.9052626835316,249.32908860119045
2026-02-26 09:00:00+00:00,155.35000000000002,0.13099999999999978,2388.911,1046.18825,2126.22825,250.504,345.43492877474586,3.6795952901156213,1006.5362842555004,716.8468694287039,1969.0814887787405,231.6691463124024,517.1155107490081,2.167402700892857,1834.600113635913,1129.9374063640873,1906.9052626835316,249.32908860119045,517.1155107490081,2.167402700892857,1834.600113635913,1129.9374063640873,1906.9052626835316,249.32908860119045
2026-02-26 10:00:00+00:00,151.64999999999998,0.13099999999999978,1899.35925,1070.673,2079.14125,260.51375,330.48398504078295,2.996670667900498,808.5509672748262,690.9472103528672,1913.6514522256023,231.96729965220374,517.1155107490081,2.167402700892857,1834.600113635913,1129.9374063640873,1906.9052626835316,249.32908860119045,517.1155107490081,2.167402700892857,1834.600113635913,1129.9374063640873,1906.9052626835316,249.32908860119045
2026-02-26 11:00:00+00:00,143.8,0.13099999999999978,1336.2175,1017.7930000000001,2009.64525,265.933,290.46809929591603,0.19568975580228853,606.0624867988065,848.2879260725222,1833.17377594083,234.06451673748765,517.1155107490081,2.167402700892857,1834.600113635913,1129.9374063640873,1906.9052626835316,249.32908860119045,517.1155107490081,2.167402700892857,1834.600113635913,1129.9374063640873,1906.9052626835316,249.32908860119045
2026-02-26 12:00:00+00:00,127.75,0.13099999999999978,1159.04925,1024.677,1996.88025,265.933,198.98118055906247,1.2806410775396075,576.0673119130365,913.4020481067328,1794.298769900544,215.3536847385772,517.1155107490081,2.167402700892857,1834.600113635913,1129.9374063640873,1906.9052626835316,249.32908860119045,517.1155107490081,2.167402700892857,1834.600113635913,1129.9374063640873,1906.9052626835316,249.32908860119045
2026-02-26 13:00:00+00:00,131.25,0.13099999999999978,1125.163,1045.242,2001.0915,265.933,145.55193263532487,0.21534114491597833,498.46060365777385,1004.5299361175291,1787.8747418087469,244.91920067273188,517.1155107490081,2.167402700892857,1834.600113635913,1129.9374063640873,1906.9052626835316,249.32908860119045,517.1155107490081,2.167402700892857,1834.600113635913,1129.9374063640873,1906.9052626835316,249.32908860119045
2026-02-26 14:00:00+00:00,138.0,0.13099999999999978,1162.50225,1018.5862500000001,2032.88775,265.933,208.4865507710037,0.8314875166291178,673.274734579411,1051.3114811698074,1804.5937637773882,269.31333301063853,517.1155107490081,2.167402700892857,1834.600113635913,1129.9374063640873,1906.9052626835316,249.32908860119045,517.1155107490081,2.167402700892857,1834.600113635913,1129.9374063640873,1906.9052626835316,249.32908860119045
2026-02-26 15:00:00+00:00,160.0,0.13099999999999978,1389.349,1373.5655000000002,2155.92875,265.933,297.31708950656383,0.9024806175305271,978.5001199397555,1158.9181186387932,1936.677430279811,276.610875763378,517.1155107490081,2.167402700892857,1834.600113635913,1129.9374063640873,1906.9052626835316,249.32908860119045,517.1155107490081,2.167402700892857,1834.600113635913,1129.9374063640873,1906.9052626835316,249.32908860119045
2026-02-26 16:00:00+00:00,160.0,0.13099999999999978,1719.531,2086.46225,2270.3289999999997,264.391,436.6059640492948,2.47909932427406,1989.1507671785498,1484.0911490637725,2040.9031471199073,248.8471444839754,517.1155107490081,2.167402700892857,1834.600113635913,1129.9374063640873,1906.9052626835316,249.32908860119045,517.1155107490081,2.167402700892857,1834.600113635913,1129.9374063640873,1906.9052626835316,249.32908860119045
2026-02-26 17:00:00+00:00,160.0,0.13099999999999978,1735.751,2044.97475,2311.07125,263.164,481.2404444260758,2.1012334449041536,2226.111194827792,1570.4739935870807,1997.936697903102,268.04780280504013,517.1155107490081,2.167402700892857,1834.600113635913,1129.9374063640873,1906.9052626835316,249.32908860119045,517.1155107490081,2.167402700892857,1834.600113635913,1129.9374063640873,1906.9052626835316,249.32908860119045
2026-02-26 18:00:00+00:00,160.0,0.13099999999999978,1716.47075,1292.879,2303.059,263.639,351.32838999389173,3.769899856342931,1740.8456253996508,1166.7602254007406,2093.838430402568,254.61312685838007,517.1155107490081,2.167402700892857,1834.600113635913,1129.9374063640873,1906.9052626835316,249.32908860119045,517.1155107490081,2.167402700892857,1834.600113635913,1129.9374063640873,1906.9052626835316,249.32908860119045
2026-02-26 19:00:00+00:00,145.0,0.13099999999999978,1685.8712500000001,1009.4357500000001,2237.716,264.47,251.7532082000718,1.5321752183611632,1439.708697906549,1005.1085517675988,2047.1126313589334,273.8246140140391,517.1155107490081,2.167402700892857,1834.600113635913,1129.9374063640873,1906.9052626835316,249.32908860119045,517.1155107490081,2.167402700892857,1834.600113635913,1129.9374063640873,1906.9052626835316,249.32908860119045
2026-02-26 20:00:00+00:00,146.0,0.13099999999999978,1633.72325,886.4425000000001,2148.8345,265.973,270.82572538837104,0.9593451927243113,1327.8130012875467,1052.6276699327113,1972.042019912153,277.4743582747193,517.1155107490081,2.167402700892857,1834.600113635913,1129.9374063640873,1906.9052626835316,249.32908860119045,517.1155107490081,2.167402700892857,1834.600113635913,1129.9374063640873,1906.9052626835316,249.32908860119045
2026-02-26 21:00:00+00:00,146.0,0.13099999999999978,1622.2945,886.1175000000001,2072.8335,265.973,225.61679168332938,1.3669547426180166,1274.8199868347756,917.5363617003711,1949.2311680617129,276.15455350875715,517.1155107490081,2.167402700892857,1834.600113635913,1129.9374063640873,1906.9052626835316,249.32908860119045,517.1155107490081,2.167402700892857,1834.600113635913,1129.9374063640873,1906.9052626835316,249.32908860119045
2026-02-26 22:00:00+00:00,146.0,0.13099999999999978,1213.2714999999998,895.80425,2007.9302500000001,265.973,204.04643955912104,0.525792974533883,998.5678596793284,834.1555918359996,1922.6046247871884,275.0418007322223,517.1155107490081,2.167402700892857,1834.600113635913,1129.9374063640873,1906.9052626835316,249.32908860119045,517.1155107490081,2.167402700892857,1834.600113635913,1129.9374063640873,1906.9052626835316,249.32908860119045
2026-02-26 23:00:00+00:00,121.0,0.13099999999999978,1326.74775,914.59,1936.5665,281.83725,224.00853803613546,5.2000727531929565,1016.4937331346529,734.2049877166068,1916.117450077974,266.3316384334472,517.1155107490081,2.167402700892857,1834.600113635913,1129.9374063640873,1906.9052626835316,249.32908860119045,517.1155107490081,2.167402700892857,1834.600113635913,1129.9374063640873,1906.9052626835316,249.32908860119045
2026-02-27 00:00:00+00:00,121.0,0.13099999999999978,1326.616,928.03975,1921.267,275.982,172.71464799504264,5.249750287183058,919.941320946373,669.3965875245409,1910.096184956754,250.20025338909704,517.1155107490081,2.167402700892857,1834.600113635913,1129.9374063640873,1906.9052626835316,249.32908860119045,517.1155107490081,2.167402700892857,1834.600113635913,1129.9374063640873,1906.9052626835316,249.32908860119045
2026-02-27 01:00:00+00:00,120.5,0.13099999999999978,1401.9135,914.5530000000001,1912.118,275.389,169.45938331930438,0.024955249435671067,936.7855003402526,615.6605660542042,1908.0384273547018,255.46181688396902,517.1155107490081,2.167402700892857,1834.600113635913,1129.9374063640873,1906.9052626835316,249.32908860119045,517.1155107490081,2.167402700892857,1834.600113635913,1129.9374063640873,1906.9052626835316,249.32908860119045
2026-02-27 02:00:00+00:00,120.25,0.13099999999999978,1664.4945,892.087,1911.914,276.852,165.1401688365857,-0.20055048070942894,965.1339916788671,561.8550405275648,1898.1510745770413,252.38554346922862,517.1155107490081,2.167402700892857,1834.600113635913,1129.9374063640873,1906.9052626835316,249.32908860119045,517.1155107490081,2.167402700892857,1834.600113635913,1129.9374063640873,1906.9052626835316,249.32908860119045
2026-02-27 03:00:00+00:00,126.0,0.13099999999999978,1751.93925,891.8557500000001,1934.81375,266.28925,162.80159467996288,-0.18469648921335535,1089.696397810489,587.8522376413271,1901.5183772595003,241.30154891486416,517.1155107490081,2.167402700892857,1834.600113635913,1129.9374063640873,1906.9052626835316,249.32908860119045,517.1155107490081,2.167402700892857,1834.600113635913,1129.9374063640873,1906.9052626835316,249.32908860119045
2026-02-27 04:00:00+00:00,141.0,0.13099999999999978,2058.0122499999998,887.53525,1990.233,267.002,214.83827084369045,-0.07506338629162146,1191.931695755985,607.5925877793069,1915.0590987654894,242.48110875352376,517.1155107490081,2.167402700892857,1834.600113635913,1129.9374063640873,1906.9052626835316,249.32908860119045,517.1155107490081,2.167402700892857,1834.600113635913,1129.9374063640873,1906.9052626835316,249.32908860119045
2026-02-27 05:00:00+00:00,148.0,0.13099999999999978,2188.8165,1015.8722499999999,2121.59575,260.79,261.39293822459,0.6605169156316364,1429.6403668831763,694.5904959173565,2008.8661714372456,240.02549930882682,517.1155107490081,2.167402700892857,1834.600113635913,1129.9374063640873,1906.9052626835316,249.32908860119045,517.1155107490081,2.167402700892857,1834.600113635913,1129.9374063640873,1906.9052626835316,249.32908860119045
2026-02-27 06:00:00+00:00,152.64999999999998,0.13099999999999978,2201.71425,1321.6355,2226.977,260.316,223.71263615746068,0.24739813847840142,1546.111433884585,920.4060077634406,2008.0510032774218,224.96226744030167,517.1155107490081,2.167402700892857,1834.600113635913,1129.9374063640873,1906.9052626835316,249.32908860119045,517.1155107490081,2.167402700892857,1834.600113635913,1129.9374063640873,1906.9052626835316,249.32908860119045
2026-02-27 07:00:00+00:00,146.5,0.13099999999999978,2093.0515,1071.9165,2251.5640000000003,262.65,237.82913406418072,-1.0204034081025917,1389.3189784399685,845.1064459166355,1979.3912860416453,217.6019640222533,517.1155107490081,2.167402700892857,1834.600113635913,1129.9374063640873,1906.9052626835316,249.32908860119045,517.1155107490081,2.167402700892857,1834.600113635913,1129.9374063640873,1906.9052626835316,249.32908860119045
2026-02-27 08:00:00+00:00,133.25,0.13099999999999978,1440.015,879.0675000000001,2194.04725,267.12,207.56010217948278,-0.3428741938599704,988.3773731386822,752.3601132782476,1949.7081886315739,220.04848551481453,517.1155107490081,2.167402700892857,1834.600113635913,1129.9374063640873,1906.9052626835316,249.32908860119045,517.1155107490081,2.167402700892857,1834.600113635913,1129.9374063640873,1906.9052626835316,249.32908860119045
2026-02-27 09:00:00+00:00,129.10000000000002,0.13099999999999978,1105.37675,886.78575,2102.15425,260.711,169.7731152032551,5.644953684809333,456.3158857474334,761.2997627166638,1908.4095211146125,211.90131127549097,517.1155107490081,2.167402700892857,1834.600113635913,1129.9374063640873,1906.9052626835316,249.32908860119045,517.1155107490081,2.167402700892857,1834.600113635913,1129.9374063640873,1906.9052626835316,249.32908860119045
2026-02-27 10:00:00+00:00,134.60000000000002,0.13099999999999978,1131.17375,888.2882500000001,2041.91125,269.138,83.79374366999633,0.1349137332320831,531.68240398638,848.0919312872859,1868.9942205796979,198.9449221661822,517.1155107490081,2.167402700892857,1834.600113635913,1129.9374063640873,1906.9052626835316,249.32908860119045,517.1155107490081,2.167402700892857,1834.600113635913,1129.9374063640873,1906.9052626835316,249.32908860119045
2026-02-27 11:00:00+00:00,138.35000000000002,0.13099999999999978,1123.32325,883.6505,1987.6745,274.874,99.28049488836888,-1.5682105454478656,480.64184429038346,921.3463097597757,1805.5724043903504,204.16827846817046,517.1155107490081,2.167402700892857,1834.600113635913,1129.9374063640873,1906.9052626835316,249.32908860119045,517.1155107490081,2.167402700892857,1834.600113635913,1129.9374063640873,1906.9052626835316,249.32908860119045
2026-02-27 12:00:00+00:00,122.5,0.13099999999999978,1107.9542499999998,889.06525,1962.99475,276.101,90.2812303910597,0.59121110274277,497.95529282288203,844.1920929296175,1839.5358685111596,156.86915430450438,517.1155107490081,2.167402700892857,1834.600113635913,1129.9374063640873,1906.9052626835316,249.32908860119045,517.1155107490081,2.167402700892857,1834.600113635913,1129.9374063640873,1906.9052626835316,249.32908860119045
2026-02-27 13:00:00+00:00,121.0,0.13099999999999978,1068.07825,876.2125,1980.03475,275.903,95.05079485325024,0.44900471074371184,450.82037826724763,766.2396465370705,1802.0708921936725,175.82574792007568,517.1155107490081,2.167402700892857,1834.600113635913,1129.9374063640873,1906.9052626835316,249.32908860119045,517.1155107490081,2.167402700892857,1834.600113635913,1129.9374063640873,1906.9052626835316,249.32908860119045
2026-02-27 14:00:00+00:00,121.0,0.13099999999999978,1316.8742499999998,866.7045,2023.08375,276.14,124.69319534973744,0.3012755485849554,497.803343009366,859.8779867434484,1778.713011483002,189.44353273034656,517.1155107490081,2.167402700892857,1834.600113635913,1129.9374063640873,1906.9052626835316,249.32908860119045,517.1155107490081,2.167402700892857,1834.600113635913,1129.9374063640873,1906.9052626835316,249.32908860119045
2026-02-27 15:00:00+00:00,132.75,0.13099999999999978,2153.97375,1365.03725,2146.05725,274.558,325.1539330366676,0.6517114095441814,828.9213837799817,924.3107191750078,1827.453179836481,213.17034416133652,517.1155107490081,2.167402700892857,1834.600113635913,1129.9374063640873,1906.9052626835316,249.32908860119045,517.1155107490081,2.167402700892857,1834.600113635913,1129.9374063640873,1906.9052626835316,249.32908860119045
2026-02-27 16:00:00+00:00,173.75,0.13099999999999978,2759.06075,1867.3825000000002,2271.05325,280.967,578.2227514893273,0.29205539218653476,1979.3056202009438,1436.4371115437054,1966.6878181731468,230.58964950424178,517.1155107490081,2.167402700892857,1834.600113635913,1129.9374063640873,1906.9052626835316,249.32908860119045,517.1155107490081,2.167402700892857,1834.600113635913,1129.9374063640873,1906.9052626835316,249.32908860119045
2026-02-27 17:00:00+00:00,181.5,0.13099999999999978,2603.9265,1853.41075,2315.1147499999997,280.967,649.6731929720424,-0.04314053267305251,2303.408989397454,1597.2710245687033,1956.9879528485671,254.7293444991301,517.1155107490081,2.167402700892857,1834.600113635913,1129.9374063640873,1906.9052626835316,249.32908860119045,517.1155107490081,2.167402700892857,1834.600113635913,1129.9374063640873,1906.9052626835316,249.32908860119045
2026-02-27 18:00:00+00:00,174.75,0.13099999999999978,2784.61475,1835.08975,2286.3385,280.967,564.8594117126707,0.08667391711776729,2536.3814197265756,1247.7728381686984,2176.1574552017682,268.5632051173248,517.1155107490081,2.167402700892857,1834.600113635913,1129.9374063640873,1906.9052626835316,249.32908860119045,517.1155107490081,2.167402700892857,1834.600113635913,1129.9374063640873,1906.9052626835316,249.32908860119045
2026-02-27 19:00:00+00:00,167.5,0.13099999999999978,2476.59475,1730.163,2199.0775,280.967,351.0813727784629,-0.029477995896826314,2520.7935068324673,1139.5923108028967,1994.1694105365514,260.62871642135065,517.1155107490081,2.167402700892857,1834.600113635913,1129.9374063640873,1906.9052626835316,249.32908860119045,517.1155107490081,2.167402700892857,1834.600113635913,1129.9374063640873,1906.9052626835316,249.32908860119045
2026-02-27 20:00:00+00:00,147.5,0.13099999999999978,2387.2475,1502.1457500000001,2116.5420000000004,280.967,286.8219278606733,3.075097470601423,1742.5440988830196,1089.2402463404367,1924.661220034933,274.4069762009169,517.1155107490081,2.167402700892857,1834.600113635913,1129.9374063640873,1906.9052626835316,249.32908860119045,517.1155107490081,2.167402700892857,1834.600113635913,1129.9374063640873,1906.9052626835316,249.32908860119045
2026-02-27 21:00:00+00:00,143.0,0.13099999999999978,2035.275,1419.21025,2050.043,274.795,274.2494725859868,0.8956397684835284,1490.1551266044662,1003.580864240301,1961.0171711660803,272.1152569479613,517.1155107490081,2.167402700892857,1834.600113635913,1129.9374063640873,1906.9052626835316,249.32908860119045,517.1155107490081,2.167402700892857,1834.600113635913,1129.9374063640873,1906.9052626835316,249.32908860119045
2026-02-27 22:00:00+00:00,140.5,0.13099999999999978,1969.681,1145.48375,1995.73975,277.96,182.0697275957752,1.131679860935377,1229.3980809871741,1034.5853782711335,1922.9501128043994,258.8358887883482,517.1155107490081,2.167402700892857,1834.600113635913,1129.9374063640873,1906.9052626835316,249.32908860119045,517.1155107490081,2.167402700892857,1834.600113635913,1129.9374063640873,1906.9052626835316,249.32908860119045
2026-02-27 23:00:00+00:00,166.8,0.13099999999999978,1761.143,1137.20425,1940.2537499999999,288.365,251.50967978992952,0.820601640418275,945.4491288236105,747.2955356192875,1919.7798337910617,253.09644899471553,517.1155107490081,2.167402700892857,1834.600113635913,1129.9374063640873,1906.9052626835316,249.32908860119045,517.1155107490081,2.167402700892857,1834.600113635913,1129.9374063640873,1906.9052626835316,249.32908860119045
