date,hard_coal_ampr_actual,lignite_ampr_actual,coal_derived_gas_ampr_actual,oil_ampr_actual,other_fossil_ampr_actual,gas_ampr_actual,renewables_ampr_actual,biomass_ampr_actual,waste_ampr_actual,hard_coal_ampr_fitted,lignite_ampr_fitted,coal_derived_gas_ampr_fitted,oil_ampr_fitted,other_fossil_ampr_fitted,gas_ampr_fitted,renewables_ampr_fitted,biomass_ampr_fitted,waste_ampr_fitted,hard_coal_ampr_lower,lignite_ampr_lower,coal_derived_gas_ampr_lower,oil_ampr_lower,other_fossil_ampr_lower,gas_ampr_lower,renewables_ampr_lower,biomass_ampr_lower,waste_ampr_lower,hard_coal_ampr_upper,lignite_ampr_upper,coal_derived_gas_ampr_upper,oil_ampr_upper,other_fossil_ampr_upper,gas_ampr_upper,renewables_ampr_upper,biomass_ampr_upper,waste_ampr_upper
2026-01-24 00:00:00+00:00,1873.2933249999999,4063.9750775,442.149165,0.20166499999999998,43.44146,3562.992925,149.05129250000005,789.86459,45.24,1517.39759645338,3280.6971690812666,517.0200255515482,0.04327783444169321,46.98962169864268,4333.944405502039,173.50779653311696,811.0970990892306,49.07329374148293,1055.4804793568949,3443.1931532427084,474.4991970129713,0.03439596063988095,50.797045407738096,3052.257767874306,352.11690448037757,767.4428344592261,65.57871875,1055.4804793568949,3443.1931532427084,474.4991970129713,0.03439596063988095,50.797045407738096,3052.257767874306,352.11690448037757,767.4428344592261,65.57871875
2026-01-24 01:00:00+00:00,2012.2399925,3778.3874875,424.483335,0.07,43.44146,4152.3274225000005,140.63965,789.57859,46.49,1419.053059777967,3054.7367376798998,522.7726902570762,0.039450308756706146,46.94529408264604,4074.5639289275837,159.42843556130774,811.114988299685,50.63428454444079,1055.4804793568949,3443.1931532427084,474.4991970129713,0.03439596063988095,50.797045407738096,3052.257767874306,352.11690448037757,767.4428344592261,65.57871875,1055.4804793568949,3443.1931532427084,474.4991970129713,0.03439596063988095,50.797045407738096,3052.257767874306,352.11690448037757,767.4428344592261,65.57871875
2026-01-24 02:00:00+00:00,2091.45414,3764.358565,474.1791625,0.0,43.44146,4162.264675,140.38225,789.57859,44.49,1910.8951115801297,3053.930788607143,504.486914484999,0.02852253004178221,47.345226094458816,4609.258402952081,145.47040518908105,811.7906276397474,46.30841004900802,1055.4804793568949,3443.1931532427084,474.4991970129713,0.03439596063988095,50.797045407738096,3052.257767874306,352.11690448037757,767.4428344592261,65.57871875,1055.4804793568949,3443.1931532427084,474.4991970129713,0.03439596063988095,50.797045407738096,3052.257767874306,352.11690448037757,767.4428344592261,65.57871875
2026-01-24 03:00:00+00:00,2177.855005,3856.8238874999997,468.828335,0.0316675,43.44146,4215.682000000001,140.44660000000002,789.57859,42.24,1755.0874897635372,3386.4769304007714,509.818937326648,0.021560189238830973,46.73618579445344,4615.988028436215,152.99883872156744,811.6380020047982,47.04868622920118,1055.4804793568949,3443.1931532427084,474.4991970129713,0.03439596063988095,50.797045407738096,3052.257767874306,352.11690448037757,767.4428344592261,65.57871875,1055.4804793568949,3443.1931532427084,474.4991970129713,0.03439596063988095,50.797045407738096,3052.257767874306,352.11690448037757,767.4428344592261,65.57871875
2026-01-24 04:00:00+00:00,2005.40251,3989.5531375,478.6,0.0,43.44146,4434.9506575000005,140.63965,789.57859,42.49,1558.3551932601802,3455.750370765298,498.1035560513888,0.047327171976650456,47.580986525501054,4451.671867350229,160.67929914799907,811.4812807592566,49.871747591716996,1055.4804793568949,3443.1931532427084,474.4991970129713,0.03439596063988095,50.797045407738096,3052.257767874306,352.11690448037757,767.4428344592261,65.57871875,1055.4804793568949,3443.1931532427084,474.4991970129713,0.03439596063988095,50.797045407738096,3052.257767874306,352.11690448037757,767.4428344592261,65.57871875
2026-01-24 05:00:00+00:00,1919.0066775,4086.2664975,481.5891625,0.035,43.44146,4538.1785,148.84265,790.98909,41.49,1688.8913869635494,3364.519316878194,514.4185823767464,0.08498334614264919,46.72002000991743,4239.686035751215,231.13703359976938,815.1052020736637,47.70459728663613,1055.4804793568949,3443.1931532427084,474.4991970129713,0.03439596063988095,50.797045407738096,3052.257767874306,352.11690448037757,767.4428344592261,65.57871875,1055.4804793568949,3443.1931532427084,474.4991970129713,0.03439596063988095,50.797045407738096,3052.257767874306,352.11690448037757,767.4428344592261,65.57871875
2026-01-24 06:00:00+00:00,1931.5899725,4539.8577399999995,486.9233325,0.135,43.44146,4881.8170150000005,148.86245,793.54359,41.49,1678.9071554971658,3741.1161266516037,494.41025966633106,0.016901216786670056,49.48808019980095,4452.682441988036,222.50704592883255,819.4892085735286,53.53423547206657,1055.4804793568949,3443.1931532427084,474.4991970129713,0.03439596063988095,50.797045407738096,3052.257767874306,352.11690448037757,767.4428344592261,65.57871875,1055.4804793568949,3443.1931532427084,474.4991970129713,0.03439596063988095,50.797045407738096,3052.257767874306,352.11690448037757,767.4428344592261,65.57871875
2026-01-24 07:00:00+00:00,2079.936665,5046.644527500001,424.115,0.0316675,43.44146,5208.10475,210.44475,795.627465,46.49,1760.5106541039336,4156.192874115113,501.06963189034553,0.023360915136553473,49.16627524868169,4406.386244337488,394.5686772621876,850.3291168540197,58.79440046657719,1055.4804793568949,3443.1931532427084,474.4991970129713,0.03439596063988095,50.797045407738096,3052.257767874306,352.11690448037757,767.4428344592261,65.57871875,1055.4804793568949,3443.1931532427084,474.4991970129713,0.03439596063988095,50.797045407738096,3052.257767874306,352.11690448037757,767.4428344592261,65.57871875
2026-01-24 08:00:00+00:00,2287.1083200000003,5320.754035,438.5224975,0.065,43.44146,5279.9288325,290.69475,795.34959,46.49,1940.6835862951598,4019.9889669057384,492.6929072409265,0.031851884516278746,49.13766272232006,4875.489701791363,360.0268405782796,833.9267990828828,54.73989426920269,1055.4804793568949,3443.1931532427084,474.4991970129713,0.03439596063988095,50.797045407738096,3052.257767874306,352.11690448037757,767.4428344592261,65.57871875,1055.4804793568949,3443.1931532427084,474.4991970129713,0.03439596063988095,50.797045407738096,3052.257767874306,352.11690448037757,767.4428344592261,65.57871875
2026-01-24 09:00:00+00:00,2163.4333374999997,5427.87813,455.20917,0.0666675,43.44146,4888.7911525,184.43225,794.76559,46.49,1803.9155712001216,3966.668991513795,492.5587825383354,0.021546517425304883,48.69725131495069,4865.306472878473,182.1035585409246,823.9417785725058,53.71227794795006,1055.4804793568949,3443.1931532427084,474.4991970129713,0.03439596063988095,50.797045407738096,3052.257767874306,352.11690448037757,767.4428344592261,65.57871875,1055.4804793568949,3443.1931532427084,474.4991970129713,0.03439596063988095,50.797045407738096,3052.257767874306,352.11690448037757,767.4428344592261,65.57871875
2026-01-24 10:00:00+00:00,2083.8933150000003,5399.8711325,467.21916749999997,0.1516675,43.44146,4460.470995,140.38225,795.043465,46.49,1938.6062528831085,4144.832900877449,481.4085727062603,0.017276858541877358,47.522670880168704,4293.401274073347,145.49652720457536,815.9001563950305,55.966539398957124,1055.4804793568949,3443.1931532427084,474.4991970129713,0.03439596063988095,50.797045407738096,3052.257767874306,352.11690448037757,767.4428344592261,65.57871875,1055.4804793568949,3443.1931532427084,474.4991970129713,0.03439596063988095,50.797045407738096,3052.257767874306,352.11690448037757,767.4428344592261,65.57871875
2026-01-24 11:00:00+00:00,2097.39416,5382.337765,465.7891675,0.15,43.44146,4098.2346225,152.29660000000004,795.13609,46.49,1936.0531022122882,4580.699470200424,474.8498993273419,0.036247577225688894,46.545053644928174,3805.7093659678503,182.05793307343612,816.6467704900306,55.159338050409985,1055.4804793568949,3443.1931532427084,474.4991970129713,0.03439596063988095,50.797045407738096,3052.257767874306,352.11690448037757,767.4428344592261,65.57871875,1055.4804793568949,3443.1931532427084,474.4991970129713,0.03439596063988095,50.797045407738096,3052.257767874306,352.11690448037757,767.4428344592261,65.57871875
2026-01-24 12:00:00+00:00,2092.446665,5402.6554275,521.8516675000001,0.1333325,43.44146,3783.697165,143.64725,795.13609,47.49,2020.0420609971193,4322.733144009095,420.3709865275684,0.02853431652495479,47.12416470714985,3330.4085970675255,157.12166981731212,816.2473419314152,52.948173521564726,1055.4804793568949,3443.1931532427084,474.4991970129713,0.03439596063988095,50.797045407738096,3052.257767874306,352.11690448037757,767.4428344592261,65.57871875,1055.4804793568949,3443.1931532427084,474.4991970129713,0.03439596063988095,50.797045407738096,3052.257767874306,352.11690448037757,767.4428344592261,65.57871875
2026-01-24 13:00:00+00:00,2100.9716774999997,5347.66248,509.59333000000004,0.0333325,43.44146,4245.200415,148.88225,795.13609,47.49,2185.7151560246625,4434.728216408158,398.06021359198115,0.032335076048278275,48.34057874357965,3897.0340641849557,161.39306614737217,821.1247200423765,55.999012502457965,1055.4804793568949,3443.1931532427084,474.4991970129713,0.03439596063988095,50.797045407738096,3052.257767874306,352.11690448037757,767.4428344592261,65.57871875,1055.4804793568949,3443.1931532427084,474.4991970129713,0.03439596063988095,50.797045407738096,3052.257767874306,352.11690448037757,767.4428344592261,65.57871875
2026-01-24 14:00:00+00:00,2363.9116774999998,5424.020465,488.0508325,0.0,43.44146,4592.7514125,172.58225,795.13609,47.49,2023.4423728522115,4135.254894914692,432.5997831686057,0.036449111390157975,48.359732186683125,4458.4807747973055,262.13252041466194,826.1009927244373,62.39996736091958,1055.4804793568949,3443.1931532427084,474.4991970129713,0.03439596063988095,50.797045407738096,3052.257767874306,352.11690448037757,767.4428344592261,65.57871875,1055.4804793568949,3443.1931532427084,474.4991970129713,0.03439596063988095,50.797045407738096,3052.257767874306,352.11690448037757,767.4428344592261,65.57871875
2026-01-24 15:00:00+00:00,2614.2466825,5442.9244925,488.14,0.1,43.44146,4883.346079999999,230.621145,795.53309,47.49,2170.057437073744,3780.4625644260436,516.9694159535142,0.03607915691977974,47.908644901964486,5306.150417830186,435.43138595636657,821.32902058673,47.25552922356677,1055.4804793568949,3443.1931532427084,474.4991970129713,0.03439596063988095,50.797045407738096,3052.257767874306,352.11690448037757,767.4428344592261,65.57871875,1055.4804793568949,3443.1931532427084,474.4991970129713,0.03439596063988095,50.797045407738096,3052.257767874306,352.11690448037757,767.4428344592261,65.57871875
2026-01-24 16:00:00+00:00,2620.5575125,5450.230680000001,477.636665,0.0333325,43.44146,5039.241755,608.6961924999999,796.25059,47.49,1971.118117609863,3699.8870306274257,495.0347113611684,0.03622195901606125,48.078686663702456,5260.257351185523,679.0635789168132,804.9540508189073,43.14248866291743,1055.4804793568949,3443.1931532427084,474.4991970129713,0.03439596063988095,50.797045407738096,3052.257767874306,352.11690448037757,767.4428344592261,65.57871875,1055.4804793568949,3443.1931532427084,474.4991970129713,0.03439596063988095,50.797045407738096,3052.257767874306,352.11690448037757,767.4428344592261,65.57871875
2026-01-24 17:00:00+00:00,2616.3191500000003,5446.5020925,486.5525025,0.0,43.44146,5058.6135825,541.7977999999999,796.89409,47.49,2073.2172868386588,3856.3880838835257,506.0489223482107,0.06038837226673417,47.10584626151326,5820.792960753955,575.1545744569585,801.3935076055624,48.21437699803228,1055.4804793568949,3443.1931532427084,474.4991970129713,0.03439596063988095,50.797045407738096,3052.257767874306,352.11690448037757,767.4428344592261,65.57871875,1055.4804793568949,3443.1931532427084,474.4991970129713,0.03439596063988095,50.797045407738096,3052.257767874306,352.11690448037757,767.4428344592261,65.57871875
2026-01-24 18:00:00+00:00,2608.78752,5467.165385,521.4583325,0.0,43.44146,5072.65175,365.6180975,796.89409,47.49,2066.404293544813,3832.27760997617,529.8920135474875,0.02179142141138407,47.88341915350791,5001.111350493823,403.5159539725191,809.7017242225003,43.62306926959285,1055.4804793568949,3443.1931532427084,474.4991970129713,0.03439596063988095,50.797045407738096,3052.257767874306,352.11690448037757,767.4428344592261,65.57871875,1055.4804793568949,3443.1931532427084,474.4991970129713,0.03439596063988095,50.797045407738096,3052.257767874306,352.11690448037757,767.4428344592261,65.57871875
2026-01-24 19:00:00+00:00,2521.2391675,5451.193225,572.3316649999999,0.0683325,43.44146,4896.7522525,169.3378,796.89409,47.49,1897.0168271709322,3843.9590930491854,516.2323015770489,0.03405520133268751,47.83322332054589,4793.65419342144,293.8055860042789,818.3371654150533,41.92201577884841,1055.4804793568949,3443.1931532427084,474.4991970129713,0.03439596063988095,50.797045407738096,3052.257767874306,352.11690448037757,767.4428344592261,65.57871875,1055.4804793568949,3443.1931532427084,474.4991970129713,0.03439596063988095,50.797045407738096,3052.257767874306,352.11690448037757,767.4428344592261,65.57871875
2026-01-24 20:00:00+00:00,2473.574995,5426.30164,542.94083,0.035,43.44146,4661.4798375,186.90372,796.89409,47.49,1642.1221749899828,3714.502364950888,516.7963033573585,0.05595119793307693,46.924331672972095,4753.398415733293,205.77901764875065,817.9745180944902,41.84207955515157,1055.4804793568949,3443.1931532427084,474.4991970129713,0.03439596063988095,50.797045407738096,3052.257767874306,352.11690448037757,767.4428344592261,65.57871875,1055.4804793568949,3443.1931532427084,474.4991970129713,0.03439596063988095,50.797045407738096,3052.257767874306,352.11690448037757,767.4428344592261,65.57871875
2026-01-24 21:00:00+00:00,2415.117495,5385.411765,525.5174999999999,0.0316675,43.44146,4572.8687475,148.94660000000002,795.59059,45.49,1870.296651865563,3743.048300320366,505.14098877739013,0.08710352422869015,46.835647839015564,4581.172668503276,150.26024304683614,810.3416311755598,47.24189246631302,1055.4804793568949,3443.1931532427084,474.4991970129713,0.03439596063988095,50.797045407738096,3052.257767874306,352.11690448037757,767.4428344592261,65.57871875,1055.4804793568949,3443.1931532427084,474.4991970129713,0.03439596063988095,50.797045407738096,3052.257767874306,352.11690448037757,767.4428344592261,65.57871875
2026-01-24 22:00:00+00:00,2305.13916,5355.643157500001,553.4850025000001,0.11666750000000001,43.44146,4134.1595825,149.13964999999996,794.80409,46.49,1922.1616380058808,3780.8863207947593,521.3685868137577,0.09922764051985514,46.79291794368568,4028.756983503232,158.40367139603526,810.3072831239327,47.0032017278854,1055.4804793568949,3443.1931532427084,474.4991970129713,0.03439596063988095,50.797045407738096,3052.257767874306,352.11690448037757,767.4428344592261,65.57871875,1055.4804793568949,3443.1931532427084,474.4991970129713,0.03439596063988095,50.797045407738096,3052.257767874306,352.11690448037757,767.4428344592261,65.57871875
2026-01-24 23:00:00+00:00,2247.582495,5319.025865,544.17583,0.1633325,43.44146,3769.204995,148.77525518134715,790.26009,50.49,1879.0487707970394,3863.5477613413877,526.2072360208716,0.10490301590103648,47.129103669930565,3549.3636820195075,129.1965878960213,804.9570449653648,50.98557666397695,1055.4804793568949,3443.1931532427084,474.4991970129713,0.03439596063988095,50.797045407738096,3052.257767874306,352.11690448037757,767.4428344592261,65.57871875,1055.4804793568949,3443.1931532427084,474.4991970129713,0.03439596063988095,50.797045407738096,3052.257767874306,352.11690448037757,767.4428344592261,65.57871875
2026-01-25 00:00:00+00:00,2171.989135,5290.6110275,571.447505,0.235,43.44146,3451.34375,140.16841347150262,789.58959,50.49,1720.748171050976,3873.7286423107544,505.4258207949143,0.07851939635284039,46.788447930510316,3563.9399226941796,114.76619655608445,795.3969187679594,54.068118388801764,1055.4804793568949,3443.1931532427084,474.4991970129713,0.03439596063988095,50.797045407738096,3052.257767874306,352.11690448037757,767.4428344592261,65.57871875,1055.4804793568949,3443.1931532427084,474.4991970129713,0.03439596063988095,50.797045407738096,3052.257767874306,352.11690448037757,767.4428344592261,65.57871875
2026-01-25 01:00:00+00:00,2171.1541625,5366.3399850000005,562.293335,0.035,43.44146,3450.049,140.19027176165807,789.30359,49.99,1612.231284499756,3715.9536290630335,505.24719256070273,0.06733619784013775,46.96489053392979,3036.481344626985,122.19727053986196,790.4495662195523,54.176236163159246,1055.4804793568949,3443.1931532427084,474.4991970129713,0.03439596063988095,50.797045407738096,3052.257767874306,352.11690448037757,767.4428344592261,65.57871875,1055.4804793568949,3443.1931532427084,474.4991970129713,0.03439596063988095,50.797045407738096,3052.257767874306,352.11690448037757,767.4428344592261,65.57871875
2026-01-25 02:00:00+00:00,2161.4741575,5147.4889075,561.226665,0.0,43.44146,3477.3006649999998,139.45601755181352,789.30359,49.49,1730.7112920648879,3511.753817160854,507.25707914193987,0.04490982474144198,47.49246405430591,3445.7752499629796,125.73606227787744,790.7276253336597,53.93610362105184,1055.4804793568949,3443.1931532427084,474.4991970129713,0.03439596063988095,50.797045407738096,3052.257767874306,352.11690448037757,767.4428344592261,65.57871875,1055.4804793568949,3443.1931532427084,474.4991970129713,0.03439596063988095,50.797045407738096,3052.257767874306,352.11690448037757,767.4428344592261,65.57871875
2026-01-25 03:00:00+00:00,2145.5075150000002,4870.6598275,559.3808325,0.0333325,43.44146,3284.8009175,138.8749658419689,789.30359,48.49,1741.7691222546323,3696.9409469905963,458.0136831803061,0.03760764058652009,46.808409434517564,3451.4087840523976,107.78080478021337,796.613545964557,49.83837888131139,1055.4804793568949,3443.1931532427084,474.4991970129713,0.03439596063988095,50.797045407738096,3052.257767874306,352.11690448037757,767.4428344592261,65.57871875,1055.4804793568949,3443.1931532427084,474.4991970129713,0.03439596063988095,50.797045407738096,3052.257767874306,352.11690448037757,767.4428344592261,65.57871875
2026-01-25 04:00:00+00:00,2180.0041625,4742.2519425,510.01917000000003,0.035,43.44146,3384.8087475,147.44508663212437,789.30359,46.49,1456.701406303437,3725.3239268484144,479.47739339395144,0.06025096879805085,45.98246348181918,3516.9136994186915,129.25071352638565,799.6219618178937,51.890162770541465,1055.4804793568949,3443.1931532427084,474.4991970129713,0.03439596063988095,50.797045407738096,3052.257767874306,352.11690448037757,767.4428344592261,65.57871875,1055.4804793568949,3443.1931532427084,474.4991970129713,0.03439596063988095,50.797045407738096,3052.257767874306,352.11690448037757,767.4428344592261,65.57871875
2026-01-25 05:00:00+00:00,2225.2116525,4754.124495,444.9225,0.0,43.44146,3353.3993325,146.95214492227976,790.71409,48.49,1568.6074479356903,3766.9647744678423,501.9892544567054,0.07114120792577909,47.116749204514285,3409.047971374964,154.48419497854582,802.5098699964134,51.478650240553705,1055.4804793568949,3443.1931532427084,474.4991970129713,0.03439596063988095,50.797045407738096,3052.257767874306,352.11690448037757,767.4428344592261,65.57871875,1055.4804793568949,3443.1931532427084,474.4991970129713,0.03439596063988095,50.797045407738096,3052.257767874306,352.11690448037757,767.4428344592261,65.57871875
2026-01-25 06:00:00+00:00,2220.3608575,5051.99228,449.949995,0.0,43.44146,3491.143915,146.78095321243524,793.26809,47.49,1621.6445866406802,4122.96252618772,492.4295237685665,0.02521867367765391,47.57066504817019,3329.3895199563563,157.4225984934865,815.6870200199061,55.460609935432146,1055.4804793568949,3443.1931532427084,474.4991970129713,0.03439596063988095,50.797045407738096,3052.257767874306,352.11690448037757,767.4428344592261,65.57871875,1055.4804793568949,3443.1931532427084,474.4991970129713,0.03439596063988095,50.797045407738096,3052.257767874306,352.11690448037757,767.4428344592261,65.57871875
2026-01-25 07:00:00+00:00,2396.5608425,5349.44764,462.42416249999997,0.066665,43.44146,3793.34759,145.11684150259066,795.442715,47.49,1332.6480760047461,4154.300005606427,506.47109814498094,0.03300353845401022,49.32115511856038,3349.7446596000714,328.82447271961894,823.7482449244505,52.80760345607076,1055.4804793568949,3443.1931532427084,474.4991970129713,0.03439596063988095,50.797045407738096,3052.257767874306,352.11690448037757,767.4428344592261,65.57871875,1055.4804793568949,3443.1931532427084,474.4991970129713,0.03439596063988095,50.797045407738096,3052.257767874306,352.11690448037757,767.4428344592261,65.57871875
2026-01-25 08:00:00+00:00,2432.536665,5427.950037500001,461.1316675,0.0,43.44146,3877.60558,144.9456497927461,795.4403400000001,47.49,1536.9388638238738,4019.464160229647,499.5850066151382,0.04429886678922384,47.902536162806555,4121.389903790099,308.03337132464134,829.2777368589129,49.12009334465171,1055.4804793568949,3443.1931532427084,474.4991970129713,0.03439596063988095,50.797045407738096,3052.257767874306,352.11690448037757,767.4428344592261,65.57871875,1055.4804793568949,3443.1931532427084,474.4991970129713,0.03439596063988095,50.797045407738096,3052.257767874306,352.11690448037757,767.4428344592261,65.57871875
2026-01-25 09:00:00+00:00,2413.9666700000002,5254.27463,431.9066675,0.066665,43.44146,3676.31475,144.7744580829016,794.86109,48.49,1874.5434183002176,3908.955210078413,508.37932175031256,0.03905292354142195,46.66781236616956,4079.460838121554,124.7168257971943,826.9958781952628,51.77657294616048,1055.4804793568949,3443.1931532427084,474.4991970129713,0.03439596063988095,50.797045407738096,3052.257767874306,352.11690448037757,767.4428344592261,65.57871875,1055.4804793568949,3443.1931532427084,474.4991970129713,0.03439596063988095,50.797045407738096,3052.257767874306,352.11690448037757,767.4428344592261,65.57871875
2026-01-25 10:00:00+00:00,2381.67083,4963.02933,463.074165,0.0333325,43.44146,3612.613255,144.742856373057,794.86109,49.49,2165.6760767678115,3962.7362272286673,483.757873866891,0.026378290664404502,49.65749187416395,4523.82636260101,149.48958039756747,824.7831662080325,48.833911422219415,1055.4804793568949,3443.1931532427084,474.4991970129713,0.03439596063988095,50.797045407738096,3052.257767874306,352.11690448037757,767.4428344592261,65.57871875,1055.4804793568949,3443.1931532427084,474.4991970129713,0.03439596063988095,50.797045407738096,3052.257767874306,352.11690448037757,767.4428344592261,65.57871875
2026-01-25 11:00:00+00:00,2407.4083375,4937.749265,464.586665,0.066665,43.44146,3974.87642,136.32634216321242,794.76834,51.49,2126.1826390644983,3781.235272423975,492.9548594299276,0.03446931599083441,47.147486697972056,4449.163820068635,136.50793105159593,817.5170945183525,50.01714582124001,1055.4804793568949,3443.1931532427084,474.4991970129713,0.03439596063988095,50.797045407738096,3052.257767874306,352.11690448037757,767.4428344592261,65.57871875,1055.4804793568949,3443.1931532427084,474.4991970129713,0.03439596063988095,50.797045407738096,3052.257767874306,352.11690448037757,767.4428344592261,65.57871875
2026-01-25 12:00:00+00:00,2319.3291449999997,4944.35178,458.41083000000003,0.066665,43.44146,3990.2228425000003,137.48571045336786,794.49009,51.49,1983.3469034762234,3598.4003480969973,492.5760460537539,0.02529920611164547,46.76179052591235,4466.5808456598725,123.4820475040826,824.1196075838765,51.924908857421975,1055.4804793568949,3443.1931532427084,474.4991970129713,0.03439596063988095,50.797045407738096,3052.257767874306,352.11690448037757,767.4428344592261,65.57871875,1055.4804793568949,3443.1931532427084,474.4991970129713,0.03439596063988095,50.797045407738096,3052.257767874306,352.11690448037757,767.4428344592261,65.57871875
2026-01-25 13:00:00+00:00,2354.5583275,4946.9972525,436.0075025,0.0,43.44146,3962.0863325,171.0539887435233,794.49009,50.74,2046.1459967983149,3606.509210590391,493.8099204515405,0.04197318500516147,45.71899991153287,4054.024049431769,125.12756106330815,823.3857202585456,54.43868890362217,1055.4804793568949,3443.1931532427084,474.4991970129713,0.03439596063988095,50.797045407738096,3052.257767874306,352.11690448037757,767.4428344592261,65.57871875,1055.4804793568949,3443.1931532427084,474.4991970129713,0.03439596063988095,50.797045407738096,3052.257767874306,352.11690448037757,767.4428344592261,65.57871875
2026-01-25 14:00:00+00:00,2355.282495,5181.6609025,500.4733275,0.0,43.44146,4134.726665,146.34696953367876,794.49009,48.49,2177.945137678444,3774.159335589588,511.22474465605205,0.023376166644359028,46.68744856621984,4240.771816884899,177.79929728338965,832.3758423499603,54.234824155694035,1055.4804793568949,3443.1931532427084,474.4991970129713,0.03439596063988095,50.797045407738096,3052.257767874306,352.11690448037757,767.4428344592261,65.57871875,1055.4804793568949,3443.1931532427084,474.4991970129713,0.03439596063988095,50.797045407738096,3052.257767874306,352.11690448037757,767.4428344592261,65.57871875
2026-01-25 15:00:00+00:00,2477.84333,5403.6876775,580.625835,0.0333325,43.44146,4521.610500000001,267.2507778238342,795.25809,48.49,1974.921025884069,3589.1071484778117,566.9281142616965,0.03549548995326787,47.98690454686663,4434.370042782275,330.38877499302527,829.7702825573117,42.898148486641304,1055.4804793568949,3443.1931532427084,474.4991970129713,0.03439596063988095,50.797045407738096,3052.257767874306,352.11690448037757,767.4428344592261,65.57871875,1055.4804793568949,3443.1931532427084,474.4991970129713,0.03439596063988095,50.797045407738096,3052.257767874306,352.11690448037757,767.4428344592261,65.57871875
2026-01-25 16:00:00+00:00,2546.8491575,5418.595365,569.2099975,0.0333325,43.44146,4659.088345,648.9079436139896,795.97559,48.49,1847.070499966781,3425.6114258599155,544.256655074878,0.05138212454743976,45.35294300384532,5072.264701355627,416.11285081560357,797.9993576316854,43.25143009480047,1055.4804793568949,3443.1931532427084,474.4991970129713,0.03439596063988095,50.797045407738096,3052.257767874306,352.11690448037757,767.4428344592261,65.57871875,1055.4804793568949,3443.1931532427084,474.4991970129713,0.03439596063988095,50.797045407738096,3052.257767874306,352.11690448037757,767.4428344592261,65.57871875
2026-01-25 17:00:00+00:00,2549.76749,5428.7161125,573.6800049999999,0.0,43.44146,4662.67226,768.0833944041451,796.61909,47.74,2055.350394488153,3534.22673867799,533.1194929730885,0.04097792372210376,44.12478937730842,5951.782374580367,481.27816528409676,792.7026319263773,46.43810775643974,1055.4804793568949,3443.1931532427084,474.4991970129713,0.03439596063988095,50.797045407738096,3052.257767874306,352.11690448037757,767.4428344592261,65.57871875,1055.4804793568949,3443.1931532427084,474.4991970129713,0.03439596063988095,50.797045407738096,3052.257767874306,352.11690448037757,767.4428344592261,65.57871875
2026-01-25 18:00:00+00:00,2550.7808225,5424.7442625,579.2866725,0.0,43.44146,4641.82108,903.7191551943006,796.61909,47.49,2173.9286074210218,3329.1217061240372,520.3809762599728,0.04418430446695727,43.5840477645681,5834.219780945241,341.3476060016825,788.7389999648794,42.522889067590256,1055.4804793568949,3443.1931532427084,474.4991970129713,0.03439596063988095,50.797045407738096,3052.257767874306,352.11690448037757,767.4428344592261,65.57871875,1055.4804793568949,3443.1931532427084,474.4991970129713,0.03439596063988095,50.797045407738096,3052.257767874306,352.11690448037757,767.4428344592261,65.57871875
2026-01-25 19:00:00+00:00,2597.3866550000002,5422.8636275,580.93417,0.0333325,43.44146,4657.0320875,288.35976098445593,796.61909,47.49,2065.21536851909,3239.8293114318576,521.4684189065337,0.0597766965980836,44.15361777552823,5610.479234333912,193.1144425757302,789.3791347904745,41.298065479859204,1055.4804793568949,3443.1931532427084,474.4991970129713,0.03439596063988095,50.797045407738096,3052.257767874306,352.11690448037757,767.4428344592261,65.57871875,1055.4804793568949,3443.1931532427084,474.4991970129713,0.03439596063988095,50.797045407738096,3052.257767874306,352.11690448037757,767.4428344592261,65.57871875
2026-01-25 20:00:00+00:00,2563.9833325,5417.0525675,573.978335,0.13333250000000002,43.44146,4552.9839825,144.9759017746114,796.61909,47.49,2006.7650899280602,3193.1495152368852,519.9789313376401,0.06929399766413966,46.13569724420637,5173.996921040642,135.6320911525507,795.327675883826,39.46407808367125,1055.4804793568949,3443.1931532427084,474.4991970129713,0.03439596063988095,50.797045407738096,3052.257767874306,352.11690448037757,767.4428344592261,65.57871875,1055.4804793568949,3443.1931532427084,474.4991970129713,0.03439596063988095,50.797045407738096,3052.257767874306,352.11690448037757,767.4428344592261,65.57871875
2026-01-25 21:00:00+00:00,2432.681665,5408.2175050000005,543.0024975,0.066665,43.44146,4531.551835,166.88644756476685,794.49709,47.49,2058.3629377144402,3413.0451193105796,516.1719519064313,0.110234761185866,44.98648877882252,4867.250500410651,125.97517479995165,793.838138445305,42.856532084250176,1055.4804793568949,3443.1931532427084,474.4991970129713,0.03439596063988095,50.797045407738096,3052.257767874306,352.11690448037757,767.4428344592261,65.57871875,1055.4804793568949,3443.1931532427084,474.4991970129713,0.03439596063988095,50.797045407738096,3052.257767874306,352.11690448037757,767.4428344592261,65.57871875
2026-01-25 22:00:00+00:00,2373.31585,5422.33793,529.83,0.133335,43.44146,4412.68105,254.11071585492226,793.25909,46.49,2173.898915173333,3469.215057057456,507.865976943972,0.11302186287122051,45.976090964873855,4856.122660822069,108.58430298947482,801.4159402472987,42.00480096560504,1055.4804793568949,3443.1931532427084,474.4991970129713,0.03439596063988095,50.797045407738096,3052.257767874306,352.11690448037757,767.4428344592261,65.57871875,1055.4804793568949,3443.1931532427084,474.4991970129713,0.03439596063988095,50.797045407738096,3052.257767874306,352.11690448037757,767.4428344592261,65.57871875
2026-01-25 23:00:00+00:00,2292.476665,5398.825575000001,570.0075,0.0333325,43.44146,4358.7860025,162.5275141450777,789.98509,46.74,2084.99125874542,3380.948501549913,500.42500916702227,0.15531999239395428,46.060052846827936,3990.145148797439,117.78231428283354,798.9838665227413,44.64108544113899,1055.4804793568949,3443.1931532427084,474.4991970129713,0.03439596063988095,50.797045407738096,3052.257767874306,352.11690448037757,767.4428344592261,65.57871875,1055.4804793568949,3443.1931532427084,474.4991970129713,0.03439596063988095,50.797045407738096,3052.257767874306,352.11690448037757,767.4428344592261,65.57871875
2026-01-26 00:00:00+00:00,2210.7941725,5178.83957,582.0225,0.0333325,43.44146,4342.90224,145.54494993523315,786.84209,46.49,1845.5188750983812,3654.2522479817835,478.55483268677096,0.0510074351569904,46.01451605003564,4340.554571973186,221.82432397218247,798.4066321956334,42.452763155774875,1055.4804793568949,3443.1931532427084,474.4991970129713,0.03439596063988095,50.797045407738096,3052.257767874306,352.11690448037757,767.4428344592261,65.57871875,1055.4804793568949,3443.1931532427084,474.4991970129713,0.03439596063988095,50.797045407738096,3052.257767874306,352.11690448037757,767.4428344592261,65.57871875
2026-01-26 01:00:00+00:00,2178.203335,5356.3606675,578.9225,0.1,43.44146,4396.53967,144.7646607253886,786.55609,45.49,1806.6837518986101,3632.500732492673,505.04012144673254,0.03743883571777756,46.23797743509001,4115.914199281489,201.20396463908594,796.475172257945,41.14120754848554,1055.4804793568949,3443.1931532427084,474.4991970129713,0.03439596063988095,50.797045407738096,3052.257767874306,352.11690448037757,767.4428344592261,65.57871875,1055.4804793568949,3443.1931532427084,474.4991970129713,0.03439596063988095,50.797045407738096,3052.257767874306,352.11690448037757,767.4428344592261,65.57871875
2026-01-26 02:00:00+00:00,2154.5850025,5253.42424,606.096665,0.0333325,43.44146,4440.69008,130.82979901554404,786.55609,44.24,1911.2436970962588,3365.622980893579,538.2009482305191,0.03820868450106684,46.24757950556732,4482.734898306967,213.4342160664574,796.0265975115659,41.019026605306884,1055.4804793568949,3443.1931532427084,474.4991970129713,0.03439596063988095,50.797045407738096,3052.257767874306,352.11690448037757,767.4428344592261,65.57871875,1055.4804793568949,3443.1931532427084,474.4991970129713,0.03439596063988095,50.797045407738096,3052.257767874306,352.11690448037757,767.4428344592261,65.57871875
2026-01-26 03:00:00+00:00,2229.5900025,5220.0771875,597.231665,0.0,43.44146,4809.448577499999,130.78755480569944,786.55609,43.49,1600.462567261583,3400.2025691051144,552.2277011724996,0.03700952858149894,46.24757950556732,4532.448687850352,223.59659613031707,794.6583772258934,40.934664966454896,1055.4804793568949,3443.1931532427084,474.4991970129713,0.03439596063988095,50.797045407738096,3052.257767874306,352.11690448037757,767.4428344592261,65.57871875,1055.4804793568949,3443.1931532427084,474.4991970129713,0.03439596063988095,50.797045407738096,3052.257767874306,352.11690448037757,767.4428344592261,65.57871875
2026-01-26 04:00:00+00:00,2828.3233425,5415.397227500001,577.6125000000001,0.066665,43.44146,5376.2042475,159.0018155958549,786.55609,44.49,1755.8321090144477,3640.693586761278,539.0756263391754,0.06943707320957689,45.715216375982955,4946.998551374083,217.98503449665833,795.7881947525625,40.5630925896576,1055.4804793568949,3443.1931532427084,474.4991970129713,0.03439596063988095,50.797045407738096,3052.257767874306,352.11690448037757,767.4428344592261,65.57871875,1055.4804793568949,3443.1931532427084,474.4991970129713,0.03439596063988095,50.797045407738096,3052.257767874306,352.11690448037757,767.4428344592261,65.57871875
2026-01-26 05:00:00+00:00,3210.7824899999996,5475.9467775,596.274165,0.166665,43.44146,7030.780255,163.91892888601035,787.96659,44.49,2004.3353103951627,4083.523109381647,558.7108015214504,0.08475405357148441,46.42669701422224,6892.160576825925,317.8149039074442,795.7106316144692,46.17428106750748,1055.4804793568949,3443.1931532427084,474.4991970129713,0.03439596063988095,50.797045407738096,3052.257767874306,352.11690448037757,767.4428344592261,65.57871875,1055.4804793568949,3443.1931532427084,474.4991970129713,0.03439596063988095,50.797045407738096,3052.257767874306,352.11690448037757,767.4428344592261,65.57871875
2026-01-26 06:00:00+00:00,3240.3075099999996,5842.14021,628.8616625,0.133335,43.44146,8182.735172500001,162.2467721761658,790.52059,44.74,2149.1392719100463,4219.557704765254,553.5050438126001,0.04851494020918016,47.28388929229288,7053.892473563668,329.77857907464966,787.1959055355245,45.58100762839777,1055.4804793568949,3443.1931532427084,474.4991970129713,0.03439596063988095,50.797045407738096,3052.257767874306,352.11690448037757,767.4428344592261,65.57871875,1055.4804793568949,3443.1931532427084,474.4991970129713,0.03439596063988095,50.797045407738096,3052.257767874306,352.11690448037757,767.4428344592261,65.57871875
2026-01-26 07:00:00+00:00,3244.0316949999997,5867.243002499999,659.853335,0.0,43.44146,8286.252,308.1279804663212,791.95609,44.09,2655.5768698189804,4549.156067149423,586.9851951194144,0.04008274532992399,44.73114621396205,7144.025790570458,566.9007272931605,786.2245902174393,46.739839727610246,1055.4804793568949,3443.1931532427084,474.4991970129713,0.03439596063988095,50.797045407738096,3052.257767874306,352.11690448037757,767.4428344592261,65.57871875,1055.4804793568949,3443.1931532427084,474.4991970129713,0.03439596063988095,50.797045407738096,3052.257767874306,352.11690448037757,767.4428344592261,65.57871875
2026-01-26 08:00:00+00:00,3315.645015,5877.136445,643.330125,0.0333325,43.44146,8370.69582,337.41903875647665,791.95609,43.09,2646.971809933996,4479.925690490607,600.4445455439768,0.05391702496424182,44.75613223583629,7232.813572219464,532.5889025577542,794.102697901504,42.64455762740707,1055.4804793568949,3443.1931532427084,474.4991970129713,0.03439596063988095,50.797045407738096,3052.257767874306,352.11690448037757,767.4428344592261,65.57871875,1055.4804793568949,3443.1931532427084,474.4991970129713,0.03439596063988095,50.797045407738096,3052.257767874306,352.11690448037757,767.4428344592261,65.57871875
2026-01-26 09:00:00+00:00,3309.0750149999994,5848.3947,629.6306824999999,0.0333325,43.44146,8772.0814825,602.5978470466321,791.37209,43.09,2605.169655737246,4553.081166165075,608.9476130441744,0.05421942620228498,44.40161640009499,7157.027702078132,443.917863758208,798.7049366219632,41.90426641981588,1055.4804793568949,3443.1931532427084,474.4991970129713,0.03439596063988095,50.797045407738096,3052.257767874306,352.11690448037757,767.4428344592261,65.57871875,1055.4804793568949,3443.1931532427084,474.4991970129713,0.03439596063988095,50.797045407738096,3052.257767874306,352.11690448037757,767.4428344592261,65.57871875
2026-01-26 10:00:00+00:00,3175.4933375,5857.79886,650.589165,0.0333325,43.44146,8075.3461775,248.29836533678755,791.37209,43.09,2584.696691502157,4562.260408941947,610.929677171969,0.062056120612993204,43.99956400648509,7109.798390200736,391.6831389775697,788.3587385831032,40.71874822387257,1055.4804793568949,3443.1931532427084,474.4991970129713,0.03439596063988095,50.797045407738096,3052.257767874306,352.11690448037757,767.4428344592261,65.57871875,1055.4804793568949,3443.1931532427084,474.4991970129713,0.03439596063988095,50.797045407738096,3052.257767874306,352.11690448037757,767.4428344592261,65.57871875
2026-01-26 11:00:00+00:00,3229.65416,5827.19836,652.0933325,0.066665,43.44146,8205.7283275,176.801041126943,791.37209,43.09,2691.7056590756265,4687.839902439937,603.9637267314033,0.06269232813304793,43.531575918832395,7093.44126134884,353.27016935443584,784.6339394069117,39.99169262100581,1055.4804793568949,3443.1931532427084,474.4991970129713,0.03439596063988095,50.797045407738096,3052.257767874306,352.11690448037757,767.4428344592261,65.57871875,1055.4804793568949,3443.1931532427084,474.4991970129713,0.03439596063988095,50.797045407738096,3052.257767874306,352.11690448037757,767.4428344592261,65.57871875
2026-01-26 12:00:00+00:00,3144.4358199999997,5826.3902925,658.4091675,0.0,43.44146,8088.198329999999,177.01075191709847,791.37209,43.09,2732.3102058337663,4625.037039482208,595.9354112420529,0.06197540674232542,43.101763453634966,7051.302964240704,363.52410472076275,788.2548242942697,40.63961596346425,1055.4804793568949,3443.1931532427084,474.4991970129713,0.03439596063988095,50.797045407738096,3052.257767874306,352.11690448037757,767.4428344592261,65.57871875,1055.4804793568949,3443.1931532427084,474.4991970129713,0.03439596063988095,50.797045407738096,3052.257767874306,352.11690448037757,767.4428344592261,65.57871875
2026-01-26 13:00:00+00:00,3144.07165,5823.95478,646.8066675,0.035,43.44146,7682.4509825000005,196.2828902072539,791.37209,43.09,2659.772996338671,4576.7471970024635,611.0057130670168,0.0735778217662986,42.81727410144145,7036.895152637162,358.41397140558007,788.7659568962018,39.411081732453766,1055.4804793568949,3443.1931532427084,474.4991970129713,0.03439596063988095,50.797045407738096,3052.257767874306,352.11690448037757,767.4428344592261,65.57871875,1055.4804793568949,3443.1931532427084,474.4991970129713,0.03439596063988095,50.797045407738096,3052.257767874306,352.11690448037757,767.4428344592261,65.57871875
2026-01-26 14:00:00+00:00,3136.1183274999994,5832.6298449999995,587.1309175,0.0,43.44146,7491.9117575,189.44482349740935,791.37209,43.09,2512.3228481938827,4556.502528377742,611.2532931066029,0.07633108590799378,43.024293450986136,7048.129425581679,430.3020187480248,787.6916543778929,41.621899470420445,1055.4804793568949,3443.1931532427084,474.4991970129713,0.03439596063988095,50.797045407738096,3052.257767874306,352.11690448037757,767.4428344592261,65.57871875,1055.4804793568949,3443.1931532427084,474.4991970129713,0.03439596063988095,50.797045407738096,3052.257767874306,352.11690448037757,767.4428344592261,65.57871875
2026-01-26 15:00:00+00:00,2844.798315,5832.3045575,587.0733325,0.0,43.44146,7339.391502499999,222.3434267875648,791.76959,43.09,2648.5094915177447,4786.245655848008,612.2519664979802,0.047743553811069955,44.93763678244034,7162.726192096499,516.8842689378836,791.8053284116825,45.31483083399276,1055.4804793568949,3443.1931532427084,474.4991970129713,0.03439596063988095,50.797045407738096,3052.257767874306,352.11690448037757,767.4428344592261,65.57871875,1055.4804793568949,3443.1931532427084,474.4991970129713,0.03439596063988095,50.797045407738096,3052.257767874306,352.11690448037757,767.4428344592261,65.57871875
2026-01-26 16:00:00+00:00,2876.015835,5841.019505,594.0758275,0.0,43.44146,7635.465502499999,1123.0034050777203,792.93859,45.49,2506.134203711095,4321.259239998054,585.3033843006497,0.027087735379998555,45.90136533891995,7292.775005757601,887.2854917215022,794.6150685114593,44.69599915990002,1055.4804793568949,3443.1931532427084,474.4991970129713,0.03439596063988095,50.797045407738096,3052.257767874306,352.11690448037757,767.4428344592261,65.57871875,1055.4804793568949,3443.1931532427084,474.4991970129713,0.03439596063988095,50.797045407738096,3052.257767874306,352.11690448037757,767.4428344592261,65.57871875
2026-01-26 17:00:00+00:00,2873.9925075,5835.107385,526.518335,0.0,43.44146,7793.4246650000005,1173.8614533678758,793.58209,45.49,2515.321556729383,4545.110348752517,604.4592134832311,0.03461902048402764,45.06435984573475,7300.026758631555,686.5649324716638,788.9717204466522,47.18711333382357,1055.4804793568949,3443.1931532427084,474.4991970129713,0.03439596063988095,50.797045407738096,3052.257767874306,352.11690448037757,767.4428344592261,65.57871875,1055.4804793568949,3443.1931532427084,474.4991970129713,0.03439596063988095,50.797045407738096,3052.257767874306,352.11690448037757,767.4428344592261,65.57871875
2026-01-26 18:00:00+00:00,2872.349995,5735.322882500001,522.8858325,0.035,43.44146,7766.4220000000005,588.9355491580311,793.58209,45.49,2499.095481298303,4245.132749345609,576.2056842402864,0.026138446565375804,46.49786809957476,7190.548136193733,627.8151597082003,788.4004393744024,48.27912359326831,1055.4804793568949,3443.1931532427084,474.4991970129713,0.03439596063988095,50.797045407738096,3052.257767874306,352.11690448037757,767.4428344592261,65.57871875,1055.4804793568949,3443.1931532427084,474.4991970129713,0.03439596063988095,50.797045407738096,3052.257767874306,352.11690448037757,767.4428344592261,65.57871875
2026-01-26 19:00:00+00:00,2854.7875024999994,5784.940032500001,524.598335,0.265,43.44146,7362.06235,205.01906994818654,793.58209,45.49,1885.6475495899122,4334.635408659289,550.9431424781751,0.030512915418733917,49.46557284103036,7155.790868527236,447.7357744322649,798.6201603794157,49.06168785432051,1055.4804793568949,3443.1931532427084,474.4991970129713,0.03439596063988095,50.797045407738096,3052.257767874306,352.11690448037757,767.4428344592261,65.57871875,1055.4804793568949,3443.1931532427084,474.4991970129713,0.03439596063988095,50.797045407738096,3052.257767874306,352.11690448037757,767.4428344592261,65.57871875
2026-01-26 20:00:00+00:00,2586.0083475,5447.0921849999995,524.3525025,0.1333325,43.44146,7239.5400025,186.131468238342,793.58209,45.49,1703.3326904280916,3886.631447400624,543.5854171142607,0.0026175995189130982,50.308346413147,6790.743717268335,260.7788855613286,820.3291757534947,49.639264492153146,1055.4804793568949,3443.1931532427084,474.4991970129713,0.03439596063988095,50.797045407738096,3052.257767874306,352.11690448037757,767.4428344592261,65.57871875,1055.4804793568949,3443.1931532427084,474.4991970129713,0.03439596063988095,50.797045407738096,3052.257767874306,352.11690448037757,767.4428344592261,65.57871875
2026-01-26 21:00:00+00:00,2562.1108525,5296.618245,524.9174975,0.216665,43.44146,6979.99366,150.46992402849742,792.27859,45.49,1647.4925445284919,3710.561128267238,519.4694186501863,0.013315214225276144,50.67685600018271,6264.935543926806,309.05831189338096,819.7849905126689,52.50538695604141,1055.4804793568949,3443.1931532427084,474.4991970129713,0.03439596063988095,50.797045407738096,3052.257767874306,352.11690448037757,767.4428344592261,65.57871875,1055.4804793568949,3443.1931532427084,474.4991970129713,0.03439596063988095,50.797045407738096,3052.257767874306,352.11690448037757,767.4428344592261,65.57871875
2026-01-26 22:00:00+00:00,2535.08501,5342.0664175,524.1424999999999,0.0333325,43.44146,6888.65808,138.76211481865283,791.49209,45.49,1731.6061734627524,3984.2227879840266,506.55731081608576,0.017729392129759394,50.176973761233974,5771.417093152607,252.45809078435838,823.7076272656715,49.176775391316205,1055.4804793568949,3443.1931532427084,474.4991970129713,0.03439596063988095,50.797045407738096,3052.257767874306,352.11690448037757,767.4428344592261,65.57871875,1055.4804793568949,3443.1931532427084,474.4991970129713,0.03439596063988095,50.797045407738096,3052.257767874306,352.11690448037757,767.4428344592261,65.57871875
2026-01-26 23:00:00+00:00,2333.9516725,5359.1674475,573.5908325,0.066665,43.44146,7084.7501725,138.21061,787.23709,45.49,1810.8933588572634,3985.7486738977404,485.8363936528346,0.021747116254120312,51.15152129648943,5315.795193878737,176.0660410903009,820.4419221062104,47.5394629317591,1055.4804793568949,3443.1931532427084,474.4991970129713,0.03439596063988095,50.797045407738096,3052.257767874306,352.11690448037757,767.4428344592261,65.57871875,1055.4804793568949,3443.1931532427084,474.4991970129713,0.03439596063988095,50.797045407738096,3052.257767874306,352.11690448037757,767.4428344592261,65.57871875
2026-01-27 00:00:00+00:00,2283.4416650000003,5340.6088875000005,630.378335,0.066665,43.44146,6999.0471,127.9367775,786.84209,45.49,1924.9805797443832,4061.274639352958,441.70783392965217,0.0001684224089809755,50.262738855690664,5216.564371206388,174.03585612488797,819.981594274017,47.392206784484074,1055.4804793568949,3443.1931532427084,474.4991970129713,0.03439596063988095,50.797045407738096,3052.257767874306,352.11690448037757,767.4428344592261,65.57871875,1055.4804793568949,3443.1931532427084,474.4991970129713,0.03439596063988095,50.797045407738096,3052.257767874306,352.11690448037757,767.4428344592261,65.57871875
2026-01-27 01:00:00+00:00,2287.188335,5286.2116975,627.126665,0.0333325,43.44146,6946.50335,153.94016000000002,786.55609,45.49,1651.6337675423665,4031.8548115023327,468.47105663607226,0.010324412154265095,49.45161028072169,5334.070713631579,184.5858264253683,818.4612045527167,46.306482981836325,1055.4804793568949,3443.1931532427084,474.4991970129713,0.03439596063988095,50.797045407738096,3052.257767874306,352.11690448037757,767.4428344592261,65.57871875,1055.4804793568949,3443.1931532427084,474.4991970129713,0.03439596063988095,50.797045407738096,3052.257767874306,352.11690448037757,767.4428344592261,65.57871875
2026-01-27 02:00:00+00:00,2294.32751,5210.2184799999995,643.917495,0.0,43.44146,6709.48249,151.52564999999998,786.55609,45.49,1869.4875496029467,3952.1832407877228,452.6003588586771,0.007572494150277144,50.19983285934256,5170.942776900516,153.03000110447226,818.743932729074,45.801495144953066,1055.4804793568949,3443.1931532427084,474.4991970129713,0.03439596063988095,50.797045407738096,3052.257767874306,352.11690448037757,767.4428344592261,65.57871875,1055.4804793568949,3443.1931532427084,474.4991970129713,0.03439596063988095,50.797045407738096,3052.257767874306,352.11690448037757,767.4428344592261,65.57871875
2026-01-27 03:00:00+00:00,2264.5600025,4926.7114125,660.243335,0.0,43.44146,6734.5108475,127.9367775,786.55609,45.49,1861.8105553509517,3980.553171266381,450.3249536835883,0.014037810547880173,49.965202261226565,5475.596164529344,151.31807728746506,820.1913032179816,48.60402657509642,1055.4804793568949,3443.1931532427084,474.4991970129713,0.03439596063988095,50.797045407738096,3052.257767874306,352.11690448037757,767.4428344592261,65.57871875,1055.4804793568949,3443.1931532427084,474.4991970129713,0.03439596063988095,50.797045407738096,3052.257767874306,352.11690448037757,767.4428344592261,65.57871875
2026-01-27 04:00:00+00:00,2059.3408425,4023.71866,648.65,0.0333325,43.44146,6664.46025,174.07516,786.55609,43.49,1750.2630746914258,3632.664630519082,433.808899189656,0.024981778612992916,50.36743689378583,6340.371393615522,131.53709283528403,824.6728288162941,45.75034145201177,1055.4804793568949,3443.1931532427084,474.4991970129713,0.03439596063988095,50.797045407738096,3052.257767874306,352.11690448037757,767.4428344592261,65.57871875,1055.4804793568949,3443.1931532427084,474.4991970129713,0.03439596063988095,50.797045407738096,3052.257767874306,352.11690448037757,767.4428344592261,65.57871875
2026-01-27 05:00:00+00:00,2185.968325,3928.510585,647.5191675,0.23666500000000001,43.44146,6880.47,1130.9122200000002,787.96659,45.49,1914.6414828498378,3478.765915028619,452.6070204508244,0.07282270022574902,49.11055191448286,7396.000910893248,294.3850569513298,821.0700579144302,47.629446823327086,1055.4804793568949,3443.1931532427084,474.4991970129713,0.03439596063988095,50.797045407738096,3052.257767874306,352.11690448037757,767.4428344592261,65.57871875,1055.4804793568949,3443.1931532427084,474.4991970129713,0.03439596063988095,50.797045407738096,3052.257767874306,352.11690448037757,767.4428344592261,65.57871875
2026-01-27 06:00:00+00:00,2539.6375075,3845.74048,586.09917,0.066665,43.44146,7809.0595225,1328.07222,790.52059,45.49,1913.3607834461532,3737.2710032839964,541.859351740712,0.017996114535193525,50.020994712766935,7730.194596497917,483.0915924792705,831.6345540298157,42.297012307172594,1055.4804793568949,3443.1931532427084,474.4991970129713,0.03439596063988095,50.797045407738096,3052.257767874306,352.11690448037757,767.4428344592261,65.57871875,1055.4804793568949,3443.1931532427084,474.4991970129713,0.03439596063988095,50.797045407738096,3052.257767874306,352.11690448037757,767.4428344592261,65.57871875
2026-01-27 07:00:00+00:00,2831.6025,3575.056115,526.0703725,0.0,43.44146,8115.9027399999995,1137.6229050000002,791.95384,45.49,2520.9352255368467,4592.361905363257,521.4652222822762,0.04696676004824274,47.90804357392787,7569.578352673174,783.3038419697486,830.4767200019782,43.00384464540367,1055.4804793568949,3443.1931532427084,474.4991970129713,0.03439596063988095,50.797045407738096,3052.257767874306,352.11690448037757,767.4428344592261,65.57871875,1055.4804793568949,3443.1931532427084,474.4991970129713,0.03439596063988095,50.797045407738096,3052.257767874306,352.11690448037757,767.4428344592261,65.57871875
2026-01-27 08:00:00+00:00,3000.26119,3736.765695,527.074145,0.0,43.44146,7804.7504174999995,947.1735900000001,791.95159,45.49,2566.6978012536947,4312.330448095585,510.68216944123645,0.05274833747934049,47.39417350530364,7392.81805066054,561.741860373798,812.9958620216389,41.51186821249645,1055.4804793568949,3443.1931532427084,474.4991970129713,0.03439596063988095,50.797045407738096,3052.257767874306,352.11690448037757,767.4428344592261,65.57871875,1055.4804793568949,3443.1931532427084,474.4991970129713,0.03439596063988095,50.797045407738096,3052.257767874306,352.11690448037757,767.4428344592261,65.57871875
2026-01-27 09:00:00+00:00,2979.6211975000006,3741.1620025,541.188335,0.0,43.44146,7259.536647499999,204.52455,791.36309,45.49,2498.6327687783833,4593.133762736966,483.37301205642865,0.05953446569256464,45.616872593011635,6963.796264310284,324.80828342028354,818.5008059038278,42.772084039679044,1055.4804793568949,3443.1931532427084,474.4991970129713,0.03439596063988095,50.797045407738096,3052.257767874306,352.11690448037757,767.4428344592261,65.57871875,1055.4804793568949,3443.1931532427084,474.4991970129713,0.03439596063988095,50.797045407738096,3052.257767874306,352.11690448037757,767.4428344592261,65.57871875
2026-01-27 10:00:00+00:00,2752.5299975,3679.98414,549.7533325,0.280835,43.44146,6874.0123175,127.43955,791.36309,43.99,2807.460769849272,4221.747954014007,538.5843590998047,0.05408756538554034,45.592663355074336,6436.807213460917,242.3127436372252,812.3965991409691,46.30435475520206,1055.4804793568949,3443.1931532427084,474.4991970129713,0.03439596063988095,50.797045407738096,3052.257767874306,352.11690448037757,767.4428344592261,65.57871875,1055.4804793568949,3443.1931532427084,474.4991970129713,0.03439596063988095,50.797045407738096,3052.257767874306,352.11690448037757,767.4428344592261,65.57871875
2026-01-27 11:00:00+00:00,2453.7016725,3654.347315,537.0924975,0.0333325,43.44146,6957.3827475,140.03335249999998,791.3675900000001,42.49,2745.292265246767,4315.137270595042,540.7088889407727,0.05139283577782586,44.99349134429498,6183.069918018005,219.60155754905966,810.6289942129902,46.14517875628876,1055.4804793568949,3443.1931532427084,474.4991970129713,0.03439596063988095,50.797045407738096,3052.257767874306,352.11690448037757,767.4428344592261,65.57871875,1055.4804793568949,3443.1931532427084,474.4991970129713,0.03439596063988095,50.797045407738096,3052.257767874306,352.11690448037757,767.4428344592261,65.57871875
2026-01-27 12:00:00+00:00,2465.098325,3585.710855,531.346665,0.0,43.44146,6996.6501499999995,139.17222000000004,791.37209,42.49,2633.068470893324,4225.502897430737,528.2294016482698,0.07726936666330204,45.89851064091614,5531.205935545293,161.67017932285998,812.7261186453402,45.90851100236074,1055.4804793568949,3443.1931532427084,474.4991970129713,0.03439596063988095,50.797045407738096,3052.257767874306,352.11690448037757,767.4428344592261,65.57871875,1055.4804793568949,3443.1931532427084,474.4991970129713,0.03439596063988095,50.797045407738096,3052.257767874306,352.11690448037757,767.4428344592261,65.57871875
2026-01-27 13:00:00+00:00,2754.1372475,3536.831015,543.037855,0.0,43.44146,6944.9568175,158.79709,791.37209,43.49,2523.6705939331378,4102.603267267673,459.80528105702643,0.08849439770128888,46.94502861147616,5497.360681960186,161.06903976061514,810.987086551913,51.35732172694925,1055.4804793568949,3443.1931532427084,474.4991970129713,0.03439596063988095,50.797045407738096,3052.257767874306,352.11690448037757,767.4428344592261,65.57871875,1055.4804793568949,3443.1931532427084,474.4991970129713,0.03439596063988095,50.797045407738096,3052.257767874306,352.11690448037757,767.4428344592261,65.57871875
2026-01-27 14:00:00+00:00,2279.9574975,3595.5018925,527.202005,0.19666750000000002,43.44146,7362.74784,137.13646,791.094215,44.49,2620.5639511755835,4125.461379701183,500.5793538345746,0.07939089817023373,47.533810988575155,5714.911148673464,331.1130781194301,816.9198234566297,50.45741932395288,1055.4804793568949,3443.1931532427084,474.4991970129713,0.03439596063988095,50.797045407738096,3052.257767874306,352.11690448037757,767.4428344592261,65.57871875,1055.4804793568949,3443.1931532427084,474.4991970129713,0.03439596063988095,50.797045407738096,3052.257767874306,352.11690448037757,767.4428344592261,65.57871875
2026-01-27 15:00:00+00:00,2321.0966525,3612.8390675,522.6508325,0.1633325,43.44146,7677.911007499999,138.17695,791.39859,44.99,2801.870691850955,4292.577724453305,531.5517381503109,0.054267286551895694,46.02776222807727,5691.86978488794,460.9747874350341,808.0659049304385,47.253190708687825,1055.4804793568949,3443.1931532427084,474.4991970129713,0.03439596063988095,50.797045407738096,3052.257767874306,352.11690448037757,767.4428344592261,65.57871875,1055.4804793568949,3443.1931532427084,474.4991970129713,0.03439596063988095,50.797045407738096,3052.257767874306,352.11690448037757,767.4428344592261,65.57871875
2026-01-27 16:00:00+00:00,2584.03751,3693.063815,522.935835,0.036665,43.44146,7918.7461,150.38557749999998,792.56809,51.47,2980.130590115452,4182.800141873794,539.2078282344877,0.037322371598991065,46.193914940976484,6423.361379530132,610.7231564761951,815.5499694702935,41.20601473330444,1055.4804793568949,3443.1931532427084,474.4991970129713,0.03439596063988095,50.797045407738096,3052.257767874306,352.11690448037757,767.4428344592261,65.57871875,1055.4804793568949,3443.1931532427084,474.4991970129713,0.03439596063988095,50.797045407738096,3052.257767874306,352.11690448037757,767.4428344592261,65.57871875
2026-01-27 17:00:00+00:00,2512.7666600000002,3771.2616975,522.7550025,0.0316675,43.44146,8057.892014999999,173.74801000000002,793.21159,50.47,2940.8325602195896,4314.969511984546,501.6644784298687,0.06592298747702224,45.743538829851346,6898.413564149812,334.90113484263406,807.7907961622786,42.44567418852825,1055.4804793568949,3443.1931532427084,474.4991970129713,0.03439596063988095,50.797045407738096,3052.257767874306,352.11690448037757,767.4428344592261,65.57871875,1055.4804793568949,3443.1931532427084,474.4991970129713,0.03439596063988095,50.797045407738096,3052.257767874306,352.11690448037757,767.4428344592261,65.57871875
2026-01-27 18:00:00+00:00,2327.7091775,3775.2237975,522.5608325000001,0.066665,43.44146,7844.6986875,162.0187675,793.21159,50.47,2789.7176939850797,4449.626473632354,478.9175243616905,0.055507364226989694,45.954729421772996,6828.092846846775,170.58466170218844,810.4079143464443,50.30384974753359,1055.4804793568949,3443.1931532427084,474.4991970129713,0.03439596063988095,50.797045407738096,3052.257767874306,352.11690448037757,767.4428344592261,65.57871875,1055.4804793568949,3443.1931532427084,474.4991970129713,0.03439596063988095,50.797045407738096,3052.257767874306,352.11690448037757,767.4428344592261,65.57871875
2026-01-27 19:00:00+00:00,2313.5933275,3780.71901,523.0941675,0.035,43.44146,7743.0760075,170.33247750000004,793.21159,51.47,2241.146495025362,4223.85441780441,471.8859213040533,0.06520087032765252,48.10402703042323,6083.091188324515,113.44839440577198,815.0709276552485,47.659208341653255,1055.4804793568949,3443.1931532427084,474.4991970129713,0.03439596063988095,50.797045407738096,3052.257767874306,352.11690448037757,767.4428344592261,65.57871875,1055.4804793568949,3443.1931532427084,474.4991970129713,0.03439596063988095,50.797045407738096,3052.257767874306,352.11690448037757,767.4428344592261,65.57871875
2026-01-27 20:00:00+00:00,2309.9408325,3775.1319475,521.2491675,0.035,43.44146,7332.3973425,150.37163,793.21159,50.47,2017.067950548298,3895.543947901075,476.9283889316593,0.10329922721708057,47.59232264894352,6335.878096077275,196.39527100312543,809.7630158074687,47.4858391554871,1055.4804793568949,3443.1931532427084,474.4991970129713,0.03439596063988095,50.797045407738096,3052.257767874306,352.11690448037757,767.4428344592261,65.57871875,1055.4804793568949,3443.1931532427084,474.4991970129713,0.03439596063988095,50.797045407738096,3052.257767874306,352.11690448037757,767.4428344592261,65.57871875
2026-01-27 21:00:00+00:00,2181.0600075,3779.7416025,521.8325024999999,0.1833325,43.44146,7043.396395,153.58577750000003,791.90809,51.47,1943.7115112259398,3794.0940285942306,489.6001218756927,0.07448758078663512,48.20883155367807,5870.594305474339,291.76110193017047,808.7417579212582,46.744038009466095,1055.4804793568949,3443.1931532427084,474.4991970129713,0.03439596063988095,50.797045407738096,3052.257767874306,352.11690448037757,767.4428344592261,65.57871875,1055.4804793568949,3443.1931532427084,474.4991970129713,0.03439596063988095,50.797045407738096,3052.257767874306,352.11690448037757,767.4428344592261,65.57871875
2026-01-27 22:00:00+00:00,2163.8691725,3775.532165,522.8858299999999,0.101665,43.44146,6873.967512499999,184.86827,791.12159,51.47,1841.6613828328525,3588.392137191729,477.38203798113574,0.09391635621927782,48.41758089270843,5432.090584589435,232.48006455064905,805.3181722559808,52.89513925197043,1055.4804793568949,3443.1931532427084,474.4991970129713,0.03439596063988095,50.797045407738096,3052.257767874306,352.11690448037757,767.4428344592261,65.57871875,1055.4804793568949,3443.1931532427084,474.4991970129713,0.03439596063988095,50.797045407738096,3052.257767874306,352.11690448037757,767.4428344592261,65.57871875
2026-01-27 23:00:00+00:00,2060.45082,3781.68999,603.905,0.30000000000000004,43.44146,6832.170175,125.88698249999999,786.86659,50.21,1623.5766963554727,3246.6348540231784,483.6633262200815,0.10814720748514697,47.126044909735405,5269.784623988293,240.5808634130156,800.475031235461,59.8086933751198,1055.4804793568949,3443.1931532427084,474.4991970129713,0.03439596063988095,50.797045407738096,3052.257767874306,352.11690448037757,767.4428344592261,65.57871875,1055.4804793568949,3443.1931532427084,474.4991970129713,0.03439596063988095,50.797045407738096,3052.257767874306,352.11690448037757,767.4428344592261,65.57871875
2026-01-28 00:00:00+00:00,2279.185015,3574.0874425,610.7666625,0.0316675,43.44146,6957.592165,142.41143999999997,786.97909,49.21,1565.5134207532685,3162.9232733199774,467.3379928122174,0.07407584089079591,47.41593097775692,4958.910490716382,255.50910449012798,799.7841988688375,55.23527608296389,1055.4804793568949,3443.1931532427084,474.4991970129713,0.03439596063988095,50.797045407738096,3052.257767874306,352.11690448037757,767.4428344592261,65.57871875,1055.4804793568949,3443.1931532427084,474.4991970129713,0.03439596063988095,50.797045407738096,3052.257767874306,352.11690448037757,767.4428344592261,65.57871875
2026-01-28 01:00:00+00:00,2301.2808175,3400.5772025,652.5816675,0.0333325,43.44146,7099.552432500001,142.35401999999996,786.69309,49.21,1910.1652571177538,3556.5217381581383,449.2802237771301,0.03401468093290411,48.027723202337036,4996.089007930744,212.2985672078169,800.837438889865,57.632859858489745,1055.4804793568949,3443.1931532427084,474.4991970129713,0.03439596063988095,50.797045407738096,3052.257767874306,352.11690448037757,767.4428344592261,65.57871875,1055.4804793568949,3443.1931532427084,474.4991970129713,0.03439596063988095,50.797045407738096,3052.257767874306,352.11690448037757,767.4428344592261,65.57871875
2026-01-28 02:00:00+00:00,2289.18914,3559.7715575,673.1250025,0.0,43.44146,6818.962175000001,129.96545999999998,786.69309,49.21,2097.223604241877,3232.815688276512,446.4401002463816,0.013528823476883611,48.55648945867135,4916.291117246455,161.39094168555263,801.8089537014897,52.09837417214976,1055.4804793568949,3443.1931532427084,474.4991970129713,0.03439596063988095,50.797045407738096,3052.257767874306,352.11690448037757,767.4428344592261,65.57871875,1055.4804793568949,3443.1931532427084,474.4991970129713,0.03439596063988095,50.797045407738096,3052.257767874306,352.11690448037757,767.4428344592261,65.57871875
2026-01-28 03:00:00+00:00,2387.7509275,3778.2428025,665.48734,0.0333325,43.44146,7101.64515,130.01372249999997,786.69309,49.21,2382.266040420335,3531.0541977791163,465.58127407068355,0.02208150260465465,48.944682001054154,4692.966088372357,126.65508231467982,800.8276373886486,50.65253834884653,1055.4804793568949,3443.1931532427084,474.4991970129713,0.03439596063988095,50.797045407738096,3052.257767874306,352.11690448037757,767.4428344592261,65.57871875,1055.4804793568949,3443.1931532427084,474.4991970129713,0.03439596063988095,50.797045407738096,3052.257767874306,352.11690448037757,767.4428344592261,65.57871875
2026-01-28 04:00:00+00:00,2503.7491625000002,3771.130025,663.28,0.0,43.44146,7116.2254875,138.65851000000004,786.69309,48.21,2672.641283637472,3503.7826176145186,451.71824695726644,0.03749665428116251,49.78801416722015,4873.231442573109,146.0141252029172,797.6533640475858,47.18140983475084,1055.4804793568949,3443.1931532427084,474.4991970129713,0.03439596063988095,50.797045407738096,3052.257767874306,352.11690448037757,767.4428344592261,65.57871875,1055.4804793568949,3443.1931532427084,474.4991970129713,0.03439596063988095,50.797045407738096,3052.257767874306,352.11690448037757,767.4428344592261,65.57871875
2026-01-28 05:00:00+00:00,2782.4358225,3764.298495,653.342505,0.331665,43.44146,7386.431582499999,162.16546,788.10359,49.21,2542.8322353418525,3937.0506747276377,432.0952269436157,0.09196578371852883,50.27050551161563,6527.214272920757,145.00394943911633,808.8126023760001,48.04548802506452,1055.4804793568949,3443.1931532427084,474.4991970129713,0.03439596063988095,50.797045407738096,3052.257767874306,352.11690448037757,767.4428344592261,65.57871875,1055.4804793568949,3443.1931532427084,474.4991970129713,0.03439596063988095,50.797045407738096,3052.257767874306,352.11690448037757,767.4428344592261,65.57871875
2026-01-28 06:00:00+00:00,2898.040845,4113.5402675000005,645.1125,0.3191675,43.44146,7836.9987575,437.0654349999999,790.65759,49.21,2464.313747525773,3939.926364742082,443.7821678297517,0.007752245685118935,50.81863654190023,7469.764770370646,246.72255868005436,819.8075212478059,46.552559610427096,1055.4804793568949,3443.1931532427084,474.4991970129713,0.03439596063988095,50.797045407738096,3052.257767874306,352.11690448037757,767.4428344592261,65.57871875,1055.4804793568949,3443.1931532427084,474.4991970129713,0.03439596063988095,50.797045407738096,3052.257767874306,352.11690448037757,767.4428344592261,65.57871875
2026-01-28 07:00:00+00:00,2934.64918,4173.32361,629.4691675,0.0,43.44146,7922.498734999999,1100.85278,792.09309,49.21,2984.5324315539506,4216.0234950525555,450.9258395779499,0.02420377692043207,49.42880410425105,7209.307894853224,517.6128394516272,813.8928558358188,49.62078413811458,1055.4804793568949,3443.1931532427084,474.4991970129713,0.03439596063988095,50.797045407738096,3052.257767874306,352.11690448037757,767.4428344592261,65.57871875,1055.4804793568949,3443.1931532427084,474.4991970129713,0.03439596063988095,50.797045407738096,3052.257767874306,352.11690448037757,767.4428344592261,65.57871875
2026-01-28 08:00:00+00:00,2982.9700225,4176.5211725,660.1341675,0.0333325,43.44146,7811.91109,1303.6291375,792.09309,49.21,3043.6394251796182,4115.380937430626,450.4319468773224,0.027101419244612672,46.97130218554039,6832.4548328016535,381.7917600826071,805.5201822801389,51.030408417919936,1055.4804793568949,3443.1931532427084,474.4991970129713,0.03439596063988095,50.797045407738096,3052.257767874306,352.11690448037757,767.4428344592261,65.57871875,1055.4804793568949,3443.1931532427084,474.4991970129713,0.03439596063988095,50.797045407738096,3052.257767874306,352.11690448037757,767.4428344592261,65.57871875
2026-01-28 09:00:00+00:00,3041.873125,4181.6014225,668.961501,0.1,43.44146,7929.278490000001,704.7381600000003,791.786965,49.21,2980.9311583934195,4249.17359375341,403.72214111120365,0.018143434277390062,46.24800436292367,7128.35986872646,381.1240587803046,801.3037583827575,50.37992880917341,1055.4804793568949,3443.1931532427084,474.4991970129713,0.03439596063988095,50.797045407738096,3052.257767874306,352.11690448037757,767.4428344592261,65.57871875,1055.4804793568949,3443.1931532427084,474.4991970129713,0.03439596063988095,50.797045407738096,3052.257767874306,352.11690448037757,767.4428344592261,65.57871875
2026-01-28 10:00:00+00:00,3044.777715,4179.8452175,677.7888345,0.0,43.44146,7752.909502499999,213.08321,791.87959,49.21,3005.5873176603236,4276.953965655861,405.1836089095436,0.024375108586405694,45.50407375997728,7049.319456781905,324.2149670038897,804.1071798861501,50.95725613825847,1055.4804793568949,3443.1931532427084,474.4991970129713,0.03439596063988095,50.797045407738096,3052.257767874306,352.11690448037757,767.4428344592261,65.57871875,1055.4804793568949,3443.1931532427084,474.4991970129713,0.03439596063988095,50.797045407738096,3052.257767874306,352.11690448037757,767.4428344592261,65.57871875
2026-01-28 11:00:00+00:00,3025.0575075,4178.81435,686.616168,0.035,43.44146,7848.6633425,555.4926075000001,791.87959,49.21,3102.1568660930807,4242.390840519517,404.13344199409323,0.025691769192785777,46.021567022118234,7178.485524289446,335.95718720366517,797.7179964591785,51.83581153250084,1055.4804793568949,3443.1931532427084,474.4991970129713,0.03439596063988095,50.797045407738096,3052.257767874306,352.11690448037757,767.4428344592261,65.57871875,1055.4804793568949,3443.1931532427084,474.4991970129713,0.03439596063988095,50.797045407738096,3052.257767874306,352.11690448037757,767.4428344592261,65.57871875
2026-01-28 12:00:00+00:00,2987.508315,4107.338635,695.4435015,0.0333325,43.44146,7771.828925,435.665845,791.87959,49.21,2813.2303291356448,4412.28294982132,401.7181441598575,0.03235359227008674,46.14702525478709,6906.040757303973,247.8622197850998,791.387311982856,58.70765674268296,1055.4804793568949,3443.1931532427084,474.4991970129713,0.03439596063988095,50.797045407738096,3052.257767874306,352.11690448037757,767.4428344592261,65.57871875,1055.4804793568949,3443.1931532427084,474.4991970129713,0.03439596063988095,50.797045407738096,3052.257767874306,352.11690448037757,767.4428344592261,65.57871875
2026-01-28 13:00:00+00:00,3064.8758500000004,3735.0413275,704.270835,0.07,43.44146,7848.3425050000005,642.4864575,791.87959,49.21,2744.5440318622486,4425.293397177858,456.80343351198974,0.02982523179217616,46.60680097791969,6903.246946443567,362.7635099339025,806.8346106004799,55.11568986248547,1055.4804793568949,3443.1931532427084,474.4991970129713,0.03439596063988095,50.797045407738096,3052.257767874306,352.11690448037757,767.4428344592261,65.57871875,1055.4804793568949,3443.1931532427084,474.4991970129713,0.03439596063988095,50.797045407738096,3052.257767874306,352.11690448037757,767.4428344592261,65.57871875
2026-01-28 14:00:00+00:00,3053.3141575,3764.31741,668.05667,0.0,43.44146,7688.8746775,849.3070700000001,791.87959,49.21,2660.9368128839824,4540.4283777932105,411.10037979234096,0.024839814092481,47.45248394522116,6958.935572708661,565.4148080212443,806.5947212090146,53.973035371852205,1055.4804793568949,3443.1931532427084,474.4991970129713,0.03439596063988095,50.797045407738096,3052.257767874306,352.11690448037757,767.4428344592261,65.57871875,1055.4804793568949,3443.1931532427084,474.4991970129713,0.03439596063988095,50.797045407738096,3052.257767874306,352.11690448037757,767.4428344592261,65.57871875
2026-01-28 15:00:00+00:00,3048.2450049999998,4106.0219175,653.7066675,0.066665,43.44146,8003.4393199999995,669.7998900000001,792.27709,49.21,2599.0087040312314,4551.885842193864,465.34090395974994,0.03954087634988956,46.58969960534303,6846.272380847272,679.084703093331,801.7141009838333,45.89948949510566,1055.4804793568949,3443.1931532427084,474.4991970129713,0.03439596063988095,50.797045407738096,3052.257767874306,352.11690448037757,767.4428344592261,65.57871875,1055.4804793568949,3443.1931532427084,474.4991970129713,0.03439596063988095,50.797045407738096,3052.257767874306,352.11690448037757,767.4428344592261,65.57871875
2026-01-28 16:00:00+00:00,3051.228325,4174.5363725,658.0566650000001,0.0333325,43.44146,8178.0857975,644.4464175,793.44609,49.21,2718.6920852485546,4361.353453132043,495.3671613622136,0.049452878254178864,44.315969081403104,6842.998890242544,693.8297729169594,793.7507144567498,38.41911166331288,1055.4804793568949,3443.1931532427084,474.4991970129713,0.03439596063988095,50.797045407738096,3052.257767874306,352.11690448037757,767.4428344592261,65.57871875,1055.4804793568949,3443.1931532427084,474.4991970129713,0.03439596063988095,50.797045407738096,3052.257767874306,352.11690448037757,767.4428344592261,65.57871875
2026-01-28 17:00:00+00:00,2832.5933475,4186.5189924999995,653.6375,0.0,43.44146,7806.618675,1358.83189,794.08959,49.21,2572.9753563731533,4346.251284129588,457.480002096994,0.04515765184248582,44.37119267291779,6910.434747598638,521.8318006061905,788.9838582172611,42.46781913036035,1055.4804793568949,3443.1931532427084,474.4991970129713,0.03439596063988095,50.797045407738096,3052.257767874306,352.11690448037757,767.4428344592261,65.57871875,1055.4804793568949,3443.1931532427084,474.4991970129713,0.03439596063988095,50.797045407738096,3052.257767874306,352.11690448037757,767.4428344592261,65.57871875
2026-01-28 18:00:00+00:00,2704.7800175,4183.26562,678.765,0.0333325,43.44146,7833.9299200000005,597.3469825000001,794.08959,49.21,2612.9806763286297,4144.6408316005045,461.27693775168416,0.04894472821949744,44.32733910968967,6448.200326811107,478.4395147004141,784.8611581350267,39.39380758338956,1055.4804793568949,3443.1931532427084,474.4991970129713,0.03439596063988095,50.797045407738096,3052.257767874306,352.11690448037757,767.4428344592261,65.57871875,1055.4804793568949,3443.1931532427084,474.4991970129713,0.03439596063988095,50.797045407738096,3052.257767874306,352.11690448037757,767.4428344592261,65.57871875
2026-01-28 19:00:00+00:00,2977.1325025,3788.7234325,671.8275,0.25,43.44146,7654.1831325,359.84848,794.08959,49.21,2320.532281789692,4069.857686320557,435.27327385119503,0.07848997988587003,45.82049414343132,6218.557165246745,326.2334044500795,790.9352443979215,44.73165901737961,1055.4804793568949,3443.1931532427084,474.4991970129713,0.03439596063988095,50.797045407738096,3052.257767874306,352.11690448037757,767.4428344592261,65.57871875,1055.4804793568949,3443.1931532427084,474.4991970129713,0.03439596063988095,50.797045407738096,3052.257767874306,352.11690448037757,767.4428344592261,65.57871875
2026-01-28 20:00:00+00:00,2843.21667,3774.9919,652.345835,0.0,43.44146,7248.538334999999,173.36321,794.08959,49.21,1935.1960357739326,3846.6884774594405,439.4187294521793,0.08723799986841857,46.927669508064156,6192.544020824722,289.21002347854864,796.1467942994343,43.248983452612144,1055.4804793568949,3443.1931532427084,474.4991970129713,0.03439596063988095,50.797045407738096,3052.257767874306,352.11690448037757,767.4428344592261,65.57871875,1055.4804793568949,3443.1931532427084,474.4991970129713,0.03439596063988095,50.797045407738096,3052.257767874306,352.11690448037757,767.4428344592261,65.57871875
2026-01-28 21:00:00+00:00,2387.1341675,3782.2588525,641.9908350000001,0.15,43.44146,6940.924887499999,141.4523575,792.78609,49.21,1970.2268822893514,3601.27568284113,440.94746764074705,0.12446302239786783,46.36449292341096,5255.829983646299,277.0552387341781,792.4254886934149,44.23831637278776,1055.4804793568949,3443.1931532427084,474.4991970129713,0.03439596063988095,50.797045407738096,3052.257767874306,352.11690448037757,767.4428344592261,65.57871875,1055.4804793568949,3443.1931532427084,474.4991970129713,0.03439596063988095,50.797045407738096,3052.257767874306,352.11690448037757,767.4428344592261,65.57871875
2026-01-28 22:00:00+00:00,2281.9116599999998,3782.725385,587.1941625,0.16666750000000002,43.44146,6606.52243,164.84003,791.99959,49.21,1949.6159996053543,3566.411674193983,449.89279147518516,0.12574491142283176,45.93550610579145,4500.037459486629,209.2651432202651,789.8064433160224,45.494646355395545,1055.4804793568949,3443.1931532427084,474.4991970129713,0.03439596063988095,50.797045407738096,3052.257767874306,352.11690448037757,767.4428344592261,65.57871875,1055.4804793568949,3443.1931532427084,474.4991970129713,0.03439596063988095,50.797045407738096,3052.257767874306,352.11690448037757,767.4428344592261,65.57871875
2026-01-28 23:00:00+00:00,2258.4708075,3783.5621874999997,620.743335,0.25166750000000004,43.44146,6465.215485000001,138.9803,787.74509,51.58,1850.311575253489,3441.695530858504,455.47643922333174,0.12351416570228152,45.76600139341522,4620.652264529914,254.280856516272,786.5385487867625,45.15331181990825,1055.4804793568949,3443.1931532427084,474.4991970129713,0.03439596063988095,50.797045407738096,3052.257767874306,352.11690448037757,767.4428344592261,65.57871875,1055.4804793568949,3443.1931532427084,474.4991970129713,0.03439596063988095,50.797045407738096,3052.257767874306,352.11690448037757,767.4428344592261,65.57871875
2026-01-29 00:00:00+00:00,2255.6216925,3785.5917275,632.8558325,0.0333325,43.44146,6489.64591,130.26324249999996,787.97959,51.58,1824.3006063825708,3384.961138341718,467.51695348848835,0.06661888726326651,45.601931990679844,4734.90470375354,205.67059289215862,792.721078619143,43.28253101949365,1055.4804793568949,3443.1931532427084,474.4991970129713,0.03439596063988095,50.797045407738096,3052.257767874306,352.11690448037757,767.4428344592261,65.57871875,1055.4804793568949,3443.1931532427084,474.4991970129713,0.03439596063988095,50.797045407738096,3052.257767874306,352.11690448037757,767.4428344592261,65.57871875
2026-01-29 01:00:00+00:00,2253.7649925,3785.2673075000002,609.2566625,0.0,43.44146,6451.83601,130.18231,787.69359,51.58,1797.2289346714633,3395.5258436766253,467.51695348848835,0.054393548154864774,45.59755373831444,4666.740524968251,202.65951810612222,797.5822648884747,44.23137209667466,1055.4804793568949,3443.1931532427084,474.4991970129713,0.03439596063988095,50.797045407738096,3052.257767874306,352.11690448037757,767.4428344592261,65.57871875,1055.4804793568949,3443.1931532427084,474.4991970129713,0.03439596063988095,50.797045407738096,3052.257767874306,352.11690448037757,767.4428344592261,65.57871875
2026-01-29 02:00:00+00:00,2253.1441575,3762.975245,610.4933325,0.0666675,43.44146,6470.870075,129.079945,787.69359,50.08,1746.5764816979254,3363.494480222186,464.59771111833896,0.05501335981728686,45.81754213767462,4691.352669749571,202.34334493169573,792.4037855657307,43.420416248604084,1055.4804793568949,3443.1931532427084,474.4991970129713,0.03439596063988095,50.797045407738096,3052.257767874306,352.11690448037757,767.4428344592261,65.57871875,1055.4804793568949,3443.1931532427084,474.4991970129713,0.03439596063988095,50.797045407738096,3052.257767874306,352.11690448037757,767.4428344592261,65.57871875
2026-01-29 03:00:00+00:00,2243.8508325,3787.1801375,630.1416624999999,0.066665,43.44146,6502.6954925,129.0544525,787.69359,48.58,1944.3328393805564,3241.8190532816293,465.66736416447407,0.04957261774577677,45.98112263129573,4573.490010719101,134.93524539050327,793.421857386948,43.71569684114034,1055.4804793568949,3443.1931532427084,474.4991970129713,0.03439596063988095,50.797045407738096,3052.257767874306,352.11690448037757,767.4428344592261,65.57871875,1055.4804793568949,3443.1931532427084,474.4991970129713,0.03439596063988095,50.797045407738096,3052.257767874306,352.11690448037757,767.4428344592261,65.57871875
2026-01-29 04:00:00+00:00,2325.4116825,3790.051295,609.2341675,0.1,43.44146,6541.790435,130.36051,787.69359,47.58,1842.9529223982433,3333.3731371715025,461.9760555948869,0.08061274905397856,45.493051762075766,4905.413612650999,132.68807921718516,792.6169862143333,43.929668201401505,1055.4804793568949,3443.1931532427084,474.4991970129713,0.03439596063988095,50.797045407738096,3052.257767874306,352.11690448037757,767.4428344592261,65.57871875,1055.4804793568949,3443.1931532427084,474.4991970129713,0.03439596063988095,50.797045407738096,3052.257767874306,352.11690448037757,767.4428344592261,65.57871875
2026-01-29 05:00:00+00:00,2503.1000025,3780.54792,639.7150025,0.1333325,43.44146,7101.528665,142.66495999999998,789.10409,47.58,2236.391910564722,3922.83255270525,466.5599528625792,0.10818772834751389,45.368856936147836,6332.181647348775,163.18326186265622,789.6225915868616,43.81344443003802,1055.4804793568949,3443.1931532427084,474.4991970129713,0.03439596063988095,50.797045407738096,3052.257767874306,352.11690448037757,767.4428344592261,65.57871875,1055.4804793568949,3443.1931532427084,474.4991970129713,0.03439596063988095,50.797045407738096,3052.257767874306,352.11690448037757,767.4428344592261,65.57871875
2026-01-29 06:00:00+00:00,3026.7549774999998,4076.4350325,601.6266674999999,0.0333325,43.44146,7851.072927499999,389.048345,791.65809,48.58,2351.666022993848,4365.54928575055,526.262841948953,0.09644452098014061,44.15988380308524,6767.565510631877,289.0329859193085,786.4545633551048,39.4966271433884,1055.4804793568949,3443.1931532427084,474.4991970129713,0.03439596063988095,50.797045407738096,3052.257767874306,352.11690448037757,767.4428344592261,65.57871875,1055.4804793568949,3443.1931532427084,474.4991970129713,0.03439596063988095,50.797045407738096,3052.257767874306,352.11690448037757,767.4428344592261,65.57871875
2026-01-29 07:00:00+00:00,3176.8225,4190.7401025,632.20083,0.0,43.44146,8301.8998475,1363.6978875000002,793.09409,48.58,2561.2913711773163,4573.607670148266,520.0581715196968,0.06327821938521415,42.754907871796604,7048.461804361808,537.8853738072921,785.0507328401549,43.54123566059085,1055.4804793568949,3443.1931532427084,474.4991970129713,0.03439596063988095,50.797045407738096,3052.257767874306,352.11690448037757,767.4428344592261,65.57871875,1055.4804793568949,3443.1931532427084,474.4991970129713,0.03439596063988095,50.797045407738096,3052.257767874306,352.11690448037757,767.4428344592261,65.57871875
2026-01-29 08:00:00+00:00,3410.2766325000002,4188.2893875,699.71618,0.0,43.44146,8323.115495,1279.45229375,793.09409,48.58,2465.862517967716,4595.838437550479,517.6130805252167,0.04690897133207665,43.4605058629644,7003.76066810382,477.4867462364199,786.3681760473759,40.164482310530346,1055.4804793568949,3443.1931532427084,474.4991970129713,0.03439596063988095,50.797045407738096,3052.257767874306,352.11690448037757,767.4428344592261,65.57871875,1055.4804793568949,3443.1931532427084,474.4991970129713,0.03439596063988095,50.797045407738096,3052.257767874306,352.11690448037757,767.4428344592261,65.57871875
2026-01-29 09:00:00+00:00,3407.4934679999997,4139.169185000001,706.862495,0.066665,43.44146,8415.0464275,1195.2067,792.50959,48.58,2423.316656568928,4743.308778266709,517.3382920392382,0.04453990618493885,44.16695088135017,7079.470047378345,383.3859891918942,786.6015353038407,40.87365454506187,1055.4804793568949,3443.1931532427084,474.4991970129713,0.03439596063988095,50.797045407738096,3052.257767874306,352.11690448037757,767.4428344592261,65.57871875,1055.4804793568949,3443.1931532427084,474.4991970129713,0.03439596063988095,50.797045407738096,3052.257767874306,352.11690448037757,767.4428344592261,65.57871875
2026-01-29 10:00:00+00:00,3404.7103035,3739.298775,704.5925025,0.135,43.44146,8528.694015000001,863.7267200000001,792.50959,48.58,2608.1625591392485,4689.180932063598,516.8836813078702,0.03339117848853212,43.263949100931136,7069.236355230827,404.5174944268275,786.1550143997921,40.17850577559892,1055.4804793568949,3443.1931532427084,474.4991970129713,0.03439596063988095,50.797045407738096,3052.257767874306,352.11690448037757,767.4428344592261,65.57871875,1055.4804793568949,3443.1931532427084,474.4991970129713,0.03439596063988095,50.797045407738096,3052.257767874306,352.11690448037757,767.4428344592261,65.57871875
2026-01-29 11:00:00+00:00,3401.9271390000004,3706.467245,704.5615304166666,0.0333325,43.44146,8357.022655,179.95995499999995,792.50959,48.58,2693.2973850746107,4778.762797555692,516.1487923657153,0.02956682774447792,45.46800105875551,7132.701904282074,321.78393145753523,791.0899138178006,41.99089576480179,1055.4804793568949,3443.1931532427084,474.4991970129713,0.03439596063988095,50.797045407738096,3052.257767874306,352.11690448037757,767.4428344592261,65.57871875,1055.4804793568949,3443.1931532427084,474.4991970129713,0.03439596063988095,50.797045407738096,3052.257767874306,352.11690448037757,767.4428344592261,65.57871875
2026-01-29 12:00:00+00:00,3399.1439745,3967.5630075,704.5305583333334,0.10269250000000002,43.44146,8518.9609275,222.77209,792.50959,48.58,2786.2547874489464,4678.133746637188,531.2096216236165,0.032007652515013085,44.50909322413558,7187.41697586064,310.4427252879638,790.3871456129347,42.61549543923083,1055.4804793568949,3443.1931532427084,474.4991970129713,0.03439596063988095,50.797045407738096,3052.257767874306,352.11690448037757,767.4428344592261,65.57871875,1055.4804793568949,3443.1931532427084,474.4991970129713,0.03439596063988095,50.797045407738096,3052.257767874306,352.11690448037757,767.4428344592261,65.57871875
2026-01-29 13:00:00+00:00,3396.36081,4099.756225,704.49958625,0.0666675,43.44146,8518.3219025,852.545415,792.50959,48.58,2830.7886795572495,4709.382766959765,522.5235561645052,0.031570037622347925,44.554042970418294,7089.279509480393,317.398113228941,790.902085014231,42.07836450756781,1055.4804793568949,3443.1931532427084,474.4991970129713,0.03439596063988095,50.797045407738096,3052.257767874306,352.11690448037757,767.4428344592261,65.57871875,1055.4804793568949,3443.1931532427084,474.4991970129713,0.03439596063988095,50.797045407738096,3052.257767874306,352.11690448037757,767.4428344592261,65.57871875
2026-01-29 14:00:00+00:00,3393.5776454999996,4302.313935,704.4686141666666,0.0,43.44146,8540.0021325,175.41294499999995,792.50959,48.58,2773.805409350478,4513.162345832809,531.5565906648228,0.027346249948432728,45.25721073566113,7130.739244450169,402.4554677882671,787.1948335569062,40.87539588282507,1055.4804793568949,3443.1931532427084,474.4991970129713,0.03439596063988095,50.797045407738096,3052.257767874306,352.11690448037757,767.4428344592261,65.57871875,1055.4804793568949,3443.1931532427084,474.4991970129713,0.03439596063988095,50.797045407738096,3052.257767874306,352.11690448037757,767.4428344592261,65.57871875
2026-01-29 15:00:00+00:00,3390.794481,4341.193827499999,704.4376420833333,0.0316675,43.44146,8411.422742499999,200.8429,792.90709,48.58,2724.5620550051863,4746.0533247138965,525.8267211426797,0.043907718808829085,44.18055895447564,7180.950392833787,536.6085336338383,782.4591414025834,42.0435167426015,1055.4804793568949,3443.1931532427084,474.4991970129713,0.03439596063988095,50.797045407738096,3052.257767874306,352.11690448037757,767.4428344592261,65.57871875,1055.4804793568949,3443.1931532427084,474.4991970129713,0.03439596063988095,50.797045407738096,3052.257767874306,352.11690448037757,767.4428344592261,65.57871875
2026-01-29 16:00:00+00:00,3388.0113165000002,4345.7325550000005,704.40667,0.0333325,43.44146,8396.627675,741.3928475,794.07609,48.58,2477.2316641559337,4500.442843864588,503.589312039193,0.0262758285596092,45.39131985945005,7218.343475950805,617.7304029493487,789.7786641867519,40.16789099956384,1055.4804793568949,3443.1931532427084,474.4991970129713,0.03439596063988095,50.797045407738096,3052.257767874306,352.11690448037757,767.4428344592261,65.57871875,1055.4804793568949,3443.1931532427084,474.4991970129713,0.03439596063988095,50.797045407738096,3052.257767874306,352.11690448037757,767.4428344592261,65.57871875
2026-01-29 17:00:00+00:00,3385.2281519999997,4295.2844875,664.38417,0.0,43.44146,8498.500175,1058.2451500000002,794.71959,48.58,2499.727445187925,4459.448996816903,492.8346421278511,0.023479100923075064,44.73457186378423,7292.860112515764,574.0191313121175,782.9590921602137,40.11669624727055,1055.4804793568949,3443.1931532427084,474.4991970129713,0.03439596063988095,50.797045407738096,3052.257767874306,352.11690448037757,767.4428344592261,65.57871875,1055.4804793568949,3443.1931532427084,474.4991970129713,0.03439596063988095,50.797045407738096,3052.257767874306,352.11690448037757,767.4428344592261,65.57871875
2026-01-29 18:00:00+00:00,3382.4449875,4154.53092,629.9533375,0.0,43.44146,8421.881085,560.9572725,794.71959,48.58,2701.0500155030104,4497.186702978396,508.1836975765292,0.030681223526367027,44.05865573367118,7070.994972781789,336.8885047340975,790.2991494853692,41.754218399426634,1055.4804793568949,3443.1931532427084,474.4991970129713,0.03439596063988095,50.797045407738096,3052.257767874306,352.11690448037757,767.4428344592261,65.57871875,1055.4804793568949,3443.1931532427084,474.4991970129713,0.03439596063988095,50.797045407738096,3052.257767874306,352.11690448037757,767.4428344592261,65.57871875
2026-01-29 19:00:00+00:00,3180.4166925,3835.8157075,552.0433350000001,0.0683325,43.44146,8250.317355,200.14359000000002,794.71959,48.58,2605.81747671837,4263.785494483329,528.4907107028737,0.06916823488875784,46.235221043572324,7069.775720227663,269.7067633568772,786.1773548887461,45.62079796419174,1055.4804793568949,3443.1931532427084,474.4991970129713,0.03439596063988095,50.797045407738096,3052.257767874306,352.11690448037757,767.4428344592261,65.57871875,1055.4804793568949,3443.1931532427084,474.4991970129713,0.03439596063988095,50.797045407738096,3052.257767874306,352.11690448037757,767.4428344592261,65.57871875
2026-01-29 20:00:00+00:00,2985.6633300000003,3501.0551175,538.4125,0.1333325,43.44146,7508.067827499999,176.07377000000002,794.71959,48.58,2472.8389531471407,4324.113051617481,440.8353488767939,0.07925415148962395,47.207404586713885,6749.176731688645,167.083342780597,798.4118765959413,43.84729120961363,1055.4804793568949,3443.1931532427084,474.4991970129713,0.03439596063988095,50.797045407738096,3052.257767874306,352.11690448037757,767.4428344592261,65.57871875,1055.4804793568949,3443.1931532427084,474.4991970129713,0.03439596063988095,50.797045407738096,3052.257767874306,352.11690448037757,767.4428344592261,65.57871875
2026-01-29 21:00:00+00:00,2699.78084,3322.7716575,547.2108325,0.0666675,43.44146,6744.3787475,176.14975249999998,793.41609,48.58,2225.225595887717,4246.114865073359,433.1554383889157,0.12878971507510087,46.36997662388276,6084.439547673167,198.44645529132822,800.6731556710046,43.84977926211528,1055.4804793568949,3443.1931532427084,474.4991970129713,0.03439596063988095,50.797045407738096,3052.257767874306,352.11690448037757,767.4428344592261,65.57871875,1055.4804793568949,3443.1931532427084,474.4991970129713,0.03439596063988095,50.797045407738096,3052.257767874306,352.11690448037757,767.4428344592261,65.57871875
2026-01-29 22:00:00+00:00,2574.34,3330.21227,530.0566675,0.0333325,43.44146,5856.0195075,157.01775,792.62959,48.58,2303.3030115846004,4085.5153279452225,469.5836707629544,0.14384000127977978,45.914298414078345,5275.236988201785,165.43133061675684,803.4200788562357,45.264652591854926,1055.4804793568949,3443.1931532427084,474.4991970129713,0.03439596063988095,50.797045407738096,3052.257767874306,352.11690448037757,767.4428344592261,65.57871875,1055.4804793568949,3443.1931532427084,474.4991970129713,0.03439596063988095,50.797045407738096,3052.257767874306,352.11690448037757,767.4428344592261,65.57871875
2026-01-29 23:00:00+00:00,2294.2983425,3575.3891825,548.32417,0.13333250000000002,43.44146,5165.241915,132.2241,788.37509,50.0,2539.037153188135,3297.5302812378754,461.6183218551819,0.13478440958563373,45.631973499394704,4858.362288763601,175.17799381312057,798.1831099355232,43.541616352735396,1055.4804793568949,3443.1931532427084,474.4991970129713,0.03439596063988095,50.797045407738096,3052.257767874306,352.11690448037757,767.4428344592261,65.57871875,1055.4804793568949,3443.1931532427084,474.4991970129713,0.03439596063988095,50.797045407738096,3052.257767874306,352.11690448037757,767.4428344592261,65.57871875
2026-01-30 00:00:00+00:00,2295.218305,3930.0545349999998,527.6641675,0.1,43.44146,5081.4302475,132.3139425,789.86459,50.0,2437.319109149583,3083.2173969961636,517.3636148635082,0.06963703354366911,48.20199831102013,4788.018258411005,155.8895040073999,802.1950590881015,45.07349664477731,1055.4804793568949,3443.1931532427084,474.4991970129713,0.03439596063988095,50.797045407738096,3052.257767874306,352.11690448037757,767.4428344592261,65.57871875,1055.4804793568949,3443.1931532427084,474.4991970129713,0.03439596063988095,50.797045407738096,3052.257767874306,352.11690448037757,767.4428344592261,65.57871875
2026-01-30 01:00:00+00:00,2302.5641525,4156.048445,504.26250000000005,0.0333325,43.44146,4999.8494175,132.58347,789.57859,50.0,2285.4744681238444,3172.9323771510717,507.5688890459243,0.09160298871552429,46.65474608244812,4622.000592712889,149.4754627269807,801.3027115968783,48.64054242083043,1055.4804793568949,3443.1931532427084,474.4991970129713,0.03439596063988095,50.797045407738096,3052.257767874306,352.11690448037757,767.4428344592261,65.57871875,1055.4804793568949,3443.1931532427084,474.4991970129713,0.03439596063988095,50.797045407738096,3052.257767874306,352.11690448037757,767.4428344592261,65.57871875
2026-01-30 02:00:00+00:00,2299.3275000000003,4379.66542,491.210835,0.0,43.44146,4870.961085,132.64485000000002,789.57859,50.0,2082.0831564550535,3335.962881604364,512.5450981415569,0.0829919113655982,44.76739963691898,4732.34144387875,143.4038643910973,799.7446065271996,47.561652132902324,1055.4804793568949,3443.1931532427084,474.4991970129713,0.03439596063988095,50.797045407738096,3052.257767874306,352.11690448037757,767.4428344592261,65.57871875,1055.4804793568949,3443.1931532427084,474.4991970129713,0.03439596063988095,50.797045407738096,3052.257767874306,352.11690448037757,767.4428344592261,65.57871875
2026-01-30 03:00:00+00:00,2269.043345,4401.5928925,506.628335,0.0,43.44146,5156.4350775,132.08253,789.57859,50.0,2075.413234080547,3341.782487026303,514.3694123478975,0.06992535194119687,44.76739963691898,4581.556040095796,192.0904400304698,799.9219503110792,50.588051626584644,1055.4804793568949,3443.1931532427084,474.4991970129713,0.03439596063988095,50.797045407738096,3052.257767874306,352.11690448037757,767.4428344592261,65.57871875,1055.4804793568949,3443.1931532427084,474.4991970129713,0.03439596063988095,50.797045407738096,3052.257767874306,352.11690448037757,767.4428344592261,65.57871875
2026-01-30 04:00:00+00:00,2420.5691850000003,4170.2858625,502.62333,0.0683325,43.44146,5966.8817575,140.39245,789.57859,48.0,1956.7931281443834,3547.900250947622,524.5498294736886,0.12230515409993994,46.75870416407191,5147.437025281593,187.41536845095496,805.5187021827949,49.920116227222366,1055.4804793568949,3443.1931532427084,474.4991970129713,0.03439596063988095,50.797045407738096,3052.257767874306,352.11690448037757,767.4428344592261,65.57871875,1055.4804793568949,3443.1931532427084,474.4991970129713,0.03439596063988095,50.797045407738096,3052.257767874306,352.11690448037757,767.4428344592261,65.57871875
2026-01-30 05:00:00+00:00,2207.2083549999998,3799.3284775,507.2475,0.3,43.44146,6895.7094875,267.62034,790.98909,49.0,2129.7156153699675,3845.424705943171,509.79366487662537,0.13249167021949348,46.671878741067566,6408.697735948534,268.8013505911026,808.4219077015597,52.52978872572177,1055.4804793568949,3443.1931532427084,474.4991970129713,0.03439596063988095,50.797045407738096,3052.257767874306,352.11690448037757,767.4428344592261,65.57871875,1055.4804793568949,3443.1931532427084,474.4991970129713,0.03439596063988095,50.797045407738096,3052.257767874306,352.11690448037757,767.4428344592261,65.57871875
2026-01-30 06:00:00+00:00,2198.312495,3809.835815,508.4441675,0.0333325,43.44146,7062.8387625,778.1518825,793.54359,47.75,2030.392993302199,4052.2647622632153,545.0649827441719,0.0575822229937495,47.079689610523126,6630.8961833541925,436.7747474555212,798.7850390941575,53.77123924475815,1055.4804793568949,3443.1931532427084,474.4991970129713,0.03439596063988095,50.797045407738096,3052.257767874306,352.11690448037757,767.4428344592261,65.57871875,1055.4804793568949,3443.1931532427084,474.4991970129713,0.03439596063988095,50.797045407738096,3052.257767874306,352.11690448037757,767.4428344592261,65.57871875
2026-01-30 07:00:00+00:00,2214.784995,3717.30859,501.6833325,0.0,43.44146,7100.179505,1224.4244999999999,795.72009,51.25,2534.207190625556,4359.9371907116265,543.091857420307,0.03562466298883859,45.9124215912326,6786.92669627921,631.5831936451257,798.6940049579786,51.20452215192093,1055.4804793568949,3443.1931532427084,474.4991970129713,0.03439596063988095,50.797045407738096,3052.257767874306,352.11690448037757,767.4428344592261,65.57871875,1055.4804793568949,3443.1931532427084,474.4991970129713,0.03439596063988095,50.797045407738096,3052.257767874306,352.11690448037757,767.4428344592261,65.57871875
2026-01-30 08:00:00+00:00,2307.3858275000002,3520.8559375,505.6758325,0.0,43.44146,7192.480347499999,1271.867705,795.72009,50.0,2974.5124412831756,4295.685958431779,548.0061229924885,0.04769145677510521,45.539342200181046,6753.10547806742,582.0036783322648,800.6181136115858,49.77374495917736,1055.4804793568949,3443.1931532427084,474.4991970129713,0.03439596063988095,50.797045407738096,3052.257767874306,352.11690448037757,767.4428344592261,65.57871875,1055.4804793568949,3443.1931532427084,474.4991970129713,0.03439596063988095,50.797045407738096,3052.257767874306,352.11690448037757,767.4428344592261,65.57871875
2026-01-30 09:00:00+00:00,2320.7725075,3677.696245,506.9283375,0.1,43.44146,7076.163995,442.90538,795.13609,46.0,2902.198829178714,4235.25104878308,545.1515055736935,0.056644290905737846,44.828732658604004,6795.854100863294,231.37641852381427,789.8672435489855,48.43401986140334,1055.4804793568949,3443.1931532427084,474.4991970129713,0.03439596063988095,50.797045407738096,3052.257767874306,352.11690448037757,767.4428344592261,65.57871875,1055.4804793568949,3443.1931532427084,474.4991970129713,0.03439596063988095,50.797045407738096,3052.257767874306,352.11690448037757,767.4428344592261,65.57871875
2026-01-30 10:00:00+00:00,2323.716675,3679.15976,505.1649975,0.0,43.44146,6845.241330000001,188.11915,795.13609,47.0,2863.215796905615,4043.8672311034484,472.4996317885834,0.05812167854885716,44.90093384935348,6743.977534817453,146.25942622539438,791.4391969308667,49.29839774496579,1055.4804793568949,3443.1931532427084,474.4991970129713,0.03439596063988095,50.797045407738096,3052.257767874306,352.11690448037757,767.4428344592261,65.57871875,1055.4804793568949,3443.1931532427084,474.4991970129713,0.03439596063988095,50.797045407738096,3052.257767874306,352.11690448037757,767.4428344592261,65.57871875
2026-01-30 11:00:00+00:00,2330.5250075000004,3677.6623175,502.689165,0.0333325,43.44146,6382.1712325,137.9046625,795.13609,47.0,2987.1145736207372,4243.856790105321,476.13945142138533,0.06015546369314164,43.923607050628355,6437.514218653622,179.47656818906546,786.7132962030532,44.77721696506251,1055.4804793568949,3443.1931532427084,474.4991970129713,0.03439596063988095,50.797045407738096,3052.257767874306,352.11690448037757,767.4428344592261,65.57871875,1055.4804793568949,3443.1931532427084,474.4991970129713,0.03439596063988095,50.797045407738096,3052.257767874306,352.11690448037757,767.4428344592261,65.57871875
2026-01-30 12:00:00+00:00,2433.9975025000003,3673.9340875,519.9766675000001,0.066665,43.44146,6313.93633,136.19661000000002,795.043465,48.0,2766.1081591274333,4319.620386925092,456.80492502871505,0.06467241720184186,45.28260187674454,6266.347079599216,134.05407215840734,790.179150895209,48.93449640275327,1055.4804793568949,3443.1931532427084,474.4991970129713,0.03439596063988095,50.797045407738096,3052.257767874306,352.11690448037757,767.4428344592261,65.57871875,1055.4804793568949,3443.1931532427084,474.4991970129713,0.03439596063988095,50.797045407738096,3052.257767874306,352.11690448037757,767.4428344592261,65.57871875
2026-01-30 13:00:00+00:00,2465.3958425,3670.7172725,524.7508375,0.0,43.44146,6261.392519999999,136.19661000000002,794.76559,48.0,2429.623235463848,4040.4925609256015,448.3646749216631,0.05629282967594072,46.84983011253739,6472.501028253862,136.20890388865317,790.5474179452867,49.78566159585813,1055.4804793568949,3443.1931532427084,474.4991970129713,0.03439596063988095,50.797045407738096,3052.257767874306,352.11690448037757,767.4428344592261,65.57871875,1055.4804793568949,3443.1931532427084,474.4991970129713,0.03439596063988095,50.797045407738096,3052.257767874306,352.11690448037757,767.4428344592261,65.57871875
2026-01-30 14:00:00+00:00,2538.9733275,3577.2497425,523.4525,0.0,43.44146,6399.8679274999995,136.19661000000002,794.76559,48.84,2289.3899949059037,4198.462704964668,436.9697212995858,0.06850965537448162,46.4256841581377,6287.915905491073,304.34634102480237,783.814147345946,51.275011895776366,1055.4804793568949,3443.1931532427084,474.4991970129713,0.03439596063988095,50.797045407738096,3052.257767874306,352.11690448037757,767.4428344592261,65.57871875,1055.4804793568949,3443.1931532427084,474.4991970129713,0.03439596063988095,50.797045407738096,3052.257767874306,352.11690448037757,767.4428344592261,65.57871875
2026-01-30 15:00:00+00:00,2847.8324975,3481.6398375,520.24583,0.0,43.44146,6448.3562725,139.62411,795.16259,37.3,2576.2375309178724,4214.871976212319,463.0427071078872,0.0831693672336682,45.45667115514409,6427.654206520554,407.9620103574381,783.2621225200728,52.754984403504636,1055.4804793568949,3443.1931532427084,474.4991970129713,0.03439596063988095,50.797045407738096,3052.257767874306,352.11690448037757,767.4428344592261,65.57871875,1055.4804793568949,3443.1931532427084,474.4991970129713,0.03439596063988095,50.797045407738096,3052.257767874306,352.11690448037757,767.4428344592261,65.57871875
2026-01-30 16:00:00+00:00,2753.6916650000003,3479.1087625,522.8566625,0.0,43.44146,6718.9675824999995,141.3197725,795.88009,32.31,2753.5778603434683,4290.70927117214,481.39068730225625,0.04564711810921362,45.18005997948161,6499.731444712147,603.3518892902064,793.949990412719,61.411483658964514,1055.4804793568949,3443.1931532427084,474.4991970129713,0.03439596063988095,50.797045407738096,3052.257767874306,352.11690448037757,767.4428344592261,65.57871875,1055.4804793568949,3443.1931532427084,474.4991970129713,0.03439596063988095,50.797045407738096,3052.257767874306,352.11690448037757,767.4428344592261,65.57871875
2026-01-30 17:00:00+00:00,2816.2116724999996,3455.73106,510.9325025,0.19666749999999997,43.44146,7064.276174999999,140.76661000000001,796.52359,32.75,2752.4778139944556,4260.221286154253,544.6336259569322,0.05096304746536318,44.91812239395696,6633.4555327054095,595.299020634992,787.3891761866298,51.23431264305663,1055.4804793568949,3443.1931532427084,474.4991970129713,0.03439596063988095,50.797045407738096,3052.257767874306,352.11690448037757,767.4428344592261,65.57871875,1055.4804793568949,3443.1931532427084,474.4991970129713,0.03439596063988095,50.797045407738096,3052.257767874306,352.11690448037757,767.4428344592261,65.57871875
2026-01-30 18:00:00+00:00,2702.4116325,3287.74252,540.495,0.0666675,43.44146,7015.730005,140.10667999999998,796.52359,33.0,2449.694629426785,4211.256319815194,540.8755197546304,0.08423951866206011,44.283422701226904,6306.955525911924,209.4359503255425,789.6701747038065,49.438238752775675,1055.4804793568949,3443.1931532427084,474.4991970129713,0.03439596063988095,50.797045407738096,3052.257767874306,352.11690448037757,767.4428344592261,65.57871875,1055.4804793568949,3443.1931532427084,474.4991970129713,0.03439596063988095,50.797045407738096,3052.257767874306,352.11690448037757,767.4428344592261,65.57871875
2026-01-30 19:00:00+00:00,2339.7900125,3303.33345,535.8558375,0.0333325,43.44146,6581.3594125,137.56655000000003,796.52359,32.5,2275.276722163167,3733.117389115324,553.0946172337284,0.12889696915542412,44.43589081120857,5737.509140204358,244.02803602346603,791.3061295584499,45.226603662834464,1055.4804793568949,3443.1931532427084,474.4991970129713,0.03439596063988095,50.797045407738096,3052.257767874306,352.11690448037757,767.4428344592261,65.57871875,1055.4804793568949,3443.1931532427084,474.4991970129713,0.03439596063988095,50.797045407738096,3052.257767874306,352.11690448037757,767.4428344592261,65.57871875
2026-01-30 20:00:00+00:00,2302.79334,3468.7693725,557.569995,0.1016675,43.44146,5682.77776,137.50446,796.52359,32.0,2021.6084687034067,3494.4207113396983,519.0586755125532,0.128671962241256,44.2877330260738,4770.910371154383,144.8916470839068,793.5815187227339,45.0510690877142,1055.4804793568949,3443.1931532427084,474.4991970129713,0.03439596063988095,50.797045407738096,3052.257767874306,352.11690448037757,767.4428344592261,65.57871875,1055.4804793568949,3443.1931532427084,474.4991970129713,0.03439596063988095,50.797045407738096,3052.257767874306,352.11690448037757,767.4428344592261,65.57871875
2026-01-30 21:00:00+00:00,2198.1981725,3485.1924774999998,479.7188525,0.3166675,43.44146,5346.421275,151.89595250000002,795.22009,33.0,1840.8388694012801,3544.835424436488,509.11077362702787,0.16819417777891457,44.2877330260738,4489.206487551162,116.39423237554578,791.8408956808724,47.86614276421671,1055.4804793568949,3443.1931532427084,474.4991970129713,0.03439596063988095,50.797045407738096,3052.257767874306,352.11690448037757,767.4428344592261,65.57871875,1055.4804793568949,3443.1931532427084,474.4991970129713,0.03439596063988095,50.797045407738096,3052.257767874306,352.11690448037757,767.4428344592261,65.57871875
2026-01-30 22:00:00+00:00,2268.30415,3482.2728575,455.28,0.0333325,43.44146,4587.71842,162.33827999999997,794.43359,32.0,1624.7390767156485,3314.0142239565685,506.2391462788548,0.1507643511415376,45.63582646536174,4224.596307188082,107.26455129942858,794.6809397463414,53.36940340961973,1055.4804793568949,3443.1931532427084,474.4991970129713,0.03439596063988095,50.797045407738096,3052.257767874306,352.11690448037757,767.4428344592261,65.57871875,1055.4804793568949,3443.1931532427084,474.4991970129713,0.03439596063988095,50.797045407738096,3052.257767874306,352.11690448037757,767.4428344592261,65.57871875
2026-01-30 23:00:00+00:00,1770.8925225,3568.2442425,549.9108325,0.0,43.44146,4302.33533,140.97138750000002,789.88959,34.0,1272.0862778454282,2983.9208549247305,517.4638545519487,0.17874030439354718,43.66734530716882,3615.964479401973,105.17704608654796,789.5901391223911,55.66371546838113,1055.4804793568949,3443.1931532427084,474.4991970129713,0.03439596063988095,50.797045407738096,3052.257767874306,352.11690448037757,767.4428344592261,65.57871875,1055.4804793568949,3443.1931532427084,474.4991970129713,0.03439596063988095,50.797045407738096,3052.257767874306,352.11690448037757,767.4428344592261,65.57871875
2026-01-31 00:00:00+00:00,1726.3733300000001,3566.3628200000003,593.2041675,0.0,43.44146,4133.0025000000005,127.88067000000004,789.49409,34.0,1301.9770776916562,2624.1289702443833,563.2166521533458,0.08649438092381784,43.929239283041234,3834.9708945307575,92.36854161942836,790.8890855808052,53.47216971310442,1055.4804793568949,3443.1931532427084,474.4991970129713,0.03439596063988095,50.797045407738096,3052.257767874306,352.11690448037757,767.4428344592261,65.57871875,1055.4804793568949,3443.1931532427084,474.4991970129713,0.03439596063988095,50.797045407738096,3052.257767874306,352.11690448037757,767.4428344592261,65.57871875
2026-01-31 01:00:00+00:00,1778.2966675,3603.2004475,575.0475025000001,0.1316675,43.44146,3686.203245,127.96977000000001,789.20809,34.0,1137.3166428233271,2725.8891609334746,558.2318975359129,0.06191746702880896,43.809917245578546,3575.83887137721,124.35308014870523,790.3034342778944,52.146097975461714,1055.4804793568949,3443.1931532427084,474.4991970129713,0.03439596063988095,50.797045407738096,3052.257767874306,352.11690448037757,767.4428344592261,65.57871875,1055.4804793568949,3443.1931532427084,474.4991970129713,0.03439596063988095,50.797045407738096,3052.257767874306,352.11690448037757,767.4428344592261,65.57871875
2026-01-31 02:00:00+00:00,1729.5541825,3476.5552225,590.743335,0.0,43.44146,3725.9470025,127.91334,789.20809,32.5,999.2527533108102,2630.8930147462393,531.0750533504133,0.06564276383722015,44.12179760863064,3096.5219489544593,137.1414133888865,791.3406618173759,51.38813631430187,1055.4804793568949,3443.1931532427084,474.4991970129713,0.03439596063988095,50.797045407738096,3052.257767874306,352.11690448037757,767.4428344592261,65.57871875,1055.4804793568949,3443.1931532427084,474.4991970129713,0.03439596063988095,50.797045407738096,3052.257767874306,352.11690448037757,767.4428344592261,65.57871875
2026-01-31 03:00:00+00:00,1787.081665,3271.3560925,570.5424975,0.0,43.44146,3595.199335,127.9274475,789.20809,31.0,940.4177068592096,2664.8883451319007,543.1495071006717,0.06059779993959831,44.29578288342451,3173.3660510704517,132.59671162091155,791.8020845475164,52.230575857593315,1055.4804793568949,3443.1931532427084,474.4991970129713,0.03439596063988095,50.797045407738096,3052.257767874306,352.11690448037757,767.4428344592261,65.57871875,1055.4804793568949,3443.1931532427084,474.4991970129713,0.03439596063988095,50.797045407738096,3052.257767874306,352.11690448037757,767.4428344592261,65.57871875
2026-01-31 04:00:00+00:00,2049.1508325,3253.9113925,599.4216675,0.0,43.44146,3565.5660875,138.94127,789.20809,30.25,994.5596736616968,2451.8418199920575,555.0586350117735,0.08416292497786101,43.69278721746453,3202.3722605536186,142.22059071114163,791.1480198342099,51.59111756826325,1055.4804793568949,3443.1931532427084,474.4991970129713,0.03439596063988095,50.797045407738096,3052.257767874306,352.11690448037757,767.4428344592261,65.57871875,1055.4804793568949,3443.1931532427084,474.4991970129713,0.03439596063988095,50.797045407738096,3052.257767874306,352.11690448037757,767.4428344592261,65.57871875
2026-01-31 05:00:00+00:00,1935.5308324999999,3221.2418775,563.0908375,0.0333325,43.44146,3832.6854974999997,141.88599,790.61859,30.0,1226.7836374740568,2802.249395927674,543.0986151098791,0.12083302283956593,43.87878721956738,3585.1797354312057,183.77498698779516,786.6141811409495,48.69328393123084,1055.4804793568949,3443.1931532427084,474.4991970129713,0.03439596063988095,50.797045407738096,3052.257767874306,352.11690448037757,767.4428344592261,65.57871875,1055.4804793568949,3443.1931532427084,474.4991970129713,0.03439596063988095,50.797045407738096,3052.257767874306,352.11690448037757,767.4428344592261,65.57871875
2026-01-31 06:00:00+00:00,1994.5675175000001,3222.819305,520.9208325,0.065,43.44146,4216.9373350000005,142.27976250000003,793.17259,30.0,1360.9355640942101,3370.1721177276086,541.1762788844545,0.051840581342186706,43.40467480779463,3931.567492063018,200.2261773233265,798.2007096729881,56.22029396855669,1055.4804793568949,3443.1931532427084,474.4991970129713,0.03439596063988095,50.797045407738096,3052.257767874306,352.11690448037757,767.4428344592261,65.57871875,1055.4804793568949,3443.1931532427084,474.4991970129713,0.03439596063988095,50.797045407738096,3052.257767874306,352.11690448037757,767.4428344592261,65.57871875
2026-01-31 07:00:00+00:00,1829.474165,3207.9402475,549.0066675,0.0,43.44146,5116.87601,143.35416,795.06709,30.0,1423.9723146070314,3535.0717215224176,545.3829074932071,0.09981784486586984,44.051257710382885,4085.446738742,356.3265040924332,790.7714977369492,55.764719079939184,1055.4804793568949,3443.1931532427084,474.4991970129713,0.03439596063988095,50.797045407738096,3052.257767874306,352.11690448037757,767.4428344592261,65.57871875,1055.4804793568949,3443.1931532427084,474.4991970129713,0.03439596063988095,50.797045407738096,3052.257767874306,352.11690448037757,767.4428344592261,65.57871875
2026-01-31 08:00:00+00:00,1894.7133375,3207.3697625,559.4575,0.066665,43.44146,5636.143995,143.43732,794.21959,30.0,1707.3036616105733,3826.057331068927,553.1474664124636,0.11672171373448806,44.64119946421643,4383.9227018007,245.67659664753762,794.3809490147888,54.172832132338044,1055.4804793568949,3443.1931532427084,474.4991970129713,0.03439596063988095,50.797045407738096,3052.257767874306,352.11690448037757,767.4428344592261,65.57871875,1055.4804793568949,3443.1931532427084,474.4991970129713,0.03439596063988095,50.797045407738096,3052.257767874306,352.11690448037757,767.4428344592261,65.57871875
2026-01-31 09:00:00+00:00,1866.8458375,3281.44045,626.575835,0.0,43.44146,5908.32241,143.750655,794.76559,30.0,1567.11962929315,3857.29963189481,542.7736101693349,0.11377367142367978,44.704698323561054,4411.595753472355,163.45376146630315,793.8251786599188,54.78521129659748,1055.4804793568949,3443.1931532427084,474.4991970129713,0.03439596063988095,50.797045407738096,3052.257767874306,352.11690448037757,767.4428344592261,65.57871875,1055.4804793568949,3443.1931532427084,474.4991970129713,0.03439596063988095,50.797045407738096,3052.257767874306,352.11690448037757,767.4428344592261,65.57871875
2026-01-31 10:00:00+00:00,1861.9775025,3373.7714,593.934165,0.09833250000000002,43.44146,6009.74092,143.72343000000004,794.76559,29.75,1649.2113083315435,3795.171369787236,513.0790642401852,0.09659367778953337,43.851137477736046,4286.963332017366,168.37890019076482,790.3743767536156,55.81123599386433,1055.4804793568949,3443.1931532427084,474.4991970129713,0.03439596063988095,50.797045407738096,3052.257767874306,352.11690448037757,767.4428344592261,65.57871875,1055.4804793568949,3443.1931532427084,474.4991970129713,0.03439596063988095,50.797045407738096,3052.257767874306,352.11690448037757,767.4428344592261,65.57871875
2026-01-31 11:00:00+00:00,1856.6641525,3402.770875,575.856665,0.0658325,43.44146,5957.0374175,147.22242499999996,794.76559,29.75,1325.643749608984,3626.947864476982,503.58503114169514,0.08463773265997362,43.448768889839066,3863.230825046192,154.24982181174155,790.8895019948667,56.82802189145743,1055.4804793568949,3443.1931532427084,474.4991970129713,0.03439596063988095,50.797045407738096,3052.257767874306,352.11690448037757,767.4428344592261,65.57871875,1055.4804793568949,3443.1931532427084,474.4991970129713,0.03439596063988095,50.797045407738096,3052.257767874306,352.11690448037757,767.4428344592261,65.57871875
2026-01-31 12:00:00+00:00,1853.770845,3380.2916299999997,566.345,0.0333325,43.44146,5318.25534,135.38603750000001,794.76559,29.0,1812.1065128928412,3518.0949703887472,501.860983397856,0.07542727858341128,43.73320241287758,4233.640362294801,147.5614884934299,788.4328848533244,57.03958256021284,1055.4804793568949,3443.1931532427084,474.4991970129713,0.03439596063988095,50.797045407738096,3052.257767874306,352.11690448037757,767.4428344592261,65.57871875,1055.4804793568949,3443.1931532427084,474.4991970129713,0.03439596063988095,50.797045407738096,3052.257767874306,352.11690448037757,767.4428344592261,65.57871875
2026-01-31 13:00:00+00:00,1853.9691725,3338.9056675,594.5525,0.035,43.44146,5626.59715,133.815335,794.858215,29.0,1855.5347498011756,3287.7857076316923,531.9980560249268,0.07343743796588988,43.27676653449729,4228.760463533318,149.24460454559008,777.8167158065177,56.17251473467064,1055.4804793568949,3443.1931532427084,474.4991970129713,0.03439596063988095,50.797045407738096,3052.257767874306,352.11690448037757,767.4428344592261,65.57871875,1055.4804793568949,3443.1931532427084,474.4991970129713,0.03439596063988095,50.797045407738096,3052.257767874306,352.11690448037757,767.4428344592261,65.57871875
2026-01-31 14:00:00+00:00,2215.72084,3481.1504925,588.8774975,0.0683325,43.44146,5947.415735,140.48748000000003,795.13609,29.0,2067.5014940469678,3566.6281659341557,511.2892588537697,0.10026482986028173,43.8780879274421,5045.753352097185,236.96705812755073,785.2134883691173,56.563059077382334,1055.4804793568949,3443.1931532427084,474.4991970129713,0.03439596063988095,50.797045407738096,3052.257767874306,352.11690448037757,767.4428344592261,65.57871875,1055.4804793568949,3443.1931532427084,474.4991970129713,0.03439596063988095,50.797045407738096,3052.257767874306,352.11690448037757,767.4428344592261,65.57871875
2026-01-31 15:00:00+00:00,2432.0975125,3589.1587799999998,567.7366675,0.0,43.44146,5951.797735,186.6969,795.53309,29.0,2226.8756052663284,3728.6569226356683,509.9690456634905,0.09007405312227665,44.282843033006806,5449.31605071426,391.69698794471975,785.2598201919044,56.190065273775666,1055.4804793568949,3443.1931532427084,474.4991970129713,0.03439596063988095,50.797045407738096,3052.257767874306,352.11690448037757,767.4428344592261,65.57871875,1055.4804793568949,3443.1931532427084,474.4991970129713,0.03439596063988095,50.797045407738096,3052.257767874306,352.11690448037757,767.4428344592261,65.57871875
2026-01-31 16:00:00+00:00,2406.984165,3665.10524,561.950835,0.1,43.44146,5745.26166,354.27804249999997,796.25059,29.0,1983.319092912023,4000.281006086473,492.78087492943746,0.08681710587233926,44.878671356689246,5420.946838748317,579.2560661802656,787.5473367445753,59.506874625022505,1055.4804793568949,3443.1931532427084,474.4991970129713,0.03439596063988095,50.797045407738096,3052.257767874306,352.11690448037757,767.4428344592261,65.57871875,1055.4804793568949,3443.1931532427084,474.4991970129713,0.03439596063988095,50.797045407738096,3052.257767874306,352.11690448037757,767.4428344592261,65.57871875
2026-01-31 17:00:00+00:00,2603.4174975,3671.2447975,541.4333325,0.0333325,43.44146,6028.6120175,576.41662,796.89409,29.0,1923.6224947674746,4050.165676289161,511.99992328106873,0.06460316531958403,44.1231832698382,5814.350998501748,463.5049301029328,784.904040214071,53.43282647769896,1055.4804793568949,3443.1931532427084,474.4991970129713,0.03439596063988095,50.797045407738096,3052.257767874306,352.11690448037757,767.4428344592261,65.57871875,1055.4804793568949,3443.1931532427084,474.4991970129713,0.03439596063988095,50.797045407738096,3052.257767874306,352.11690448037757,767.4428344592261,65.57871875
2026-01-31 18:00:00+00:00,2491.5216675,3657.6368725,569.2049999999999,0.0683325,43.44146,6126.7041675,305.38433999999995,796.89409,29.0,1838.2271866187807,3543.6901465773444,509.5423945154528,0.06802803740169643,44.29255686186898,5312.928178595419,337.16017401603864,788.6418908109658,53.14423065160727,1055.4804793568949,3443.1931532427084,474.4991970129713,0.03439596063988095,50.797045407738096,3052.257767874306,352.11690448037757,767.4428344592261,65.57871875,1055.4804793568949,3443.1931532427084,474.4991970129713,0.03439596063988095,50.797045407738096,3052.257767874306,352.11690448037757,767.4428344592261,65.57871875
2026-01-31 19:00:00+00:00,1992.9866625,3651.497055,582.3383325,0.09833250000000002,43.44146,6253.86668,140.30235,796.88734,29.0,1904.5738260611624,3910.7108334578097,505.2691960495237,0.10893640221420145,44.139528165495555,4901.750539886809,216.16528396615686,788.8548323472058,51.700104450089086,1055.4804793568949,3443.1931532427084,474.4991970129713,0.03439596063988095,50.797045407738096,3052.257767874306,352.11690448037757,767.4428344592261,65.57871875,1055.4804793568949,3443.1931532427084,474.4991970129713,0.03439596063988095,50.797045407738096,3052.257767874306,352.11690448037757,767.4428344592261,65.57871875
2026-01-31 20:00:00+00:00,1890.6525025,3666.0957475,603.841665,0.0333325,43.44146,5785.0239225000005,306.41621,796.980215,29.0,1852.189471724224,3501.408571264071,512.1724428211209,0.13950875867618706,44.06615096217989,4580.662580221331,186.2894876047088,791.4473219279415,52.37926005242019,1055.4804793568949,3443.1931532427084,474.4991970129713,0.03439596063988095,50.797045407738096,3052.257767874306,352.11690448037757,767.4428344592261,65.57871875,1055.4804793568949,3443.1931532427084,474.4991970129713,0.03439596063988095,50.797045407738096,3052.257767874306,352.11690448037757,767.4428344592261,65.57871875
2026-01-31 21:00:00+00:00,1818.4408250000001,3657.2496775,605.5366624999999,0.3166675,43.44146,5884.3105,159.12621750000002,795.96209,29.0,1778.8659293148585,3530.2727610275815,506.15448754992553,0.13084248732514997,45.095063597496186,4797.031403182229,189.61692024152498,791.5558624612613,51.451957487765235,1055.4804793568949,3443.1931532427084,474.4991970129713,0.03439596063988095,50.797045407738096,3052.257767874306,352.11690448037757,767.4428344592261,65.57871875,1055.4804793568949,3443.1931532427084,474.4991970129713,0.03439596063988095,50.797045407738096,3052.257767874306,352.11690448037757,767.4428344592261,65.57871875
2026-01-31 22:00:00+00:00,2056.4458275,3655.0774175,555.485835,0.0,43.44146,5362.0288325,140.13702000000004,795.17559,29.0,1715.2161387982947,3432.251494433558,509.4424900058522,0.16115369211820713,44.05707493200174,4349.845318230011,154.15147562723226,787.7568607793652,53.64448471126844,1055.4804793568949,3443.1931532427084,474.4991970129713,0.03439596063988095,50.797045407738096,3052.257767874306,352.11690448037757,767.4428344592261,65.57871875,1055.4804793568949,3443.1931532427084,474.4991970129713,0.03439596063988095,50.797045407738096,3052.257767874306,352.11690448037757,767.4428344592261,65.57871875
2026-01-31 23:00:00+00:00,2032.882505,3500.868895,537.1291675,0.20333249999999997,45.83361,4771.8616600000005,125.1204525,795.13708,29.0,1484.175183315535,3308.0095543301945,511.69781013410955,0.1610118033953016,44.41153043780672,3624.4372999714146,139.70833716559545,792.0953479407694,54.14415185157028,1055.4804793568949,3443.1931532427084,474.4991970129713,0.03439596063988095,50.797045407738096,3052.257767874306,352.11690448037757,767.4428344592261,65.57871875,1055.4804793568949,3443.1931532427084,474.4991970129713,0.03439596063988095,50.797045407738096,3052.257767874306,352.11690448037757,767.4428344592261,65.57871875
2026-02-01 00:00:00+00:00,2164.4533375,3400.0441849999997,573.8400025,0.1333325,45.83361,4388.3549125,125.88251499999998,795.71658,29.0,1256.181824359885,3149.61825580402,487.3824510128652,0.07697311331390477,43.91001766360373,3425.00400892194,148.45173234356014,786.1106479503536,56.83064653646727,1055.4804793568949,3443.1931532427084,474.4991970129713,0.03439596063988095,50.797045407738096,3052.257767874306,352.11690448037757,767.4428344592261,65.57871875,1055.4804793568949,3443.1931532427084,474.4991970129713,0.03439596063988095,50.797045407738096,3052.257767874306,352.11690448037757,767.4428344592261,65.57871875
2026-02-01 01:00:00+00:00,2082.759165,3351.83802,595.7633324999999,0.0316675,45.83361,4335.90108,123.71688,795.42958,29.0,1230.3492765269887,3029.847176511843,506.16391552411704,0.061025832307623734,44.971361178281356,3369.3674879372434,143.1219924633983,787.1274882238592,56.430207391825014,1055.4804793568949,3443.1931532427084,474.4991970129713,0.03439596063988095,50.797045407738096,3052.257767874306,352.11690448037757,767.4428344592261,65.57871875,1055.4804793568949,3443.1931532427084,474.4991970129713,0.03439596063988095,50.797045407738096,3052.257767874306,352.11690448037757,767.4428344592261,65.57871875
2026-02-01 02:00:00+00:00,2090.96333,3594.6162225,575.3408325,0.13666749999999997,45.83361,4251.652925,123.45848999999995,795.42958,28.5,1210.6668415486888,2846.1540023687267,505.6891643966036,0.039978281178421844,45.48709059719171,3282.8923473368436,151.77088150647265,787.4372288916597,55.08982736292254,1055.4804793568949,3443.1931532427084,474.4991970129713,0.03439596063988095,50.797045407738096,3052.257767874306,352.11690448037757,767.4428344592261,65.57871875,1055.4804793568949,3443.1931532427084,474.4991970129713,0.03439596063988095,50.797045407738096,3052.257767874306,352.11690448037757,767.4428344592261,65.57871875
2026-02-01 03:00:00+00:00,2172.273335,3637.2083625,584.8625,0.0,45.83361,4526.58008,135.3730875,795.42958,28.0,1134.9487227457237,3149.38538066211,511.68843762969345,0.050815356642317386,45.44891842952548,3169.836980220388,143.2181656894637,788.2954988412916,55.44630119651489,1055.4804793568949,3443.1931532427084,474.4991970129713,0.03439596063988095,50.797045407738096,3052.257767874306,352.11690448037757,767.4428344592261,65.57871875,1055.4804793568949,3443.1931532427084,474.4991970129713,0.03439596063988095,50.797045407738096,3052.257767874306,352.11690448037757,767.4428344592261,65.57871875
2026-02-01 04:00:00+00:00,2146.505,3600.19355,566.3658375,0.035,45.83361,4541.58475,132.21687999999997,795.42958,28.0,1038.2368236443406,3145.840746855289,513.3137403184678,0.08652131030375562,43.89070031171239,3098.839685355641,151.6634709739735,789.8644885026134,54.57356845795403,1055.4804793568949,3443.1931532427084,474.4991970129713,0.03439596063988095,50.797045407738096,3052.257767874306,352.11690448037757,767.4428344592261,65.57871875,1055.4804793568949,3443.1931532427084,474.4991970129713,0.03439596063988095,50.797045407738096,3052.257767874306,352.11690448037757,767.4428344592261,65.57871875
2026-02-01 05:00:00+00:00,1879.8974900000003,3546.7165800000002,592.14,0.0333325,45.83361,4134.73766,132.01888,796.84458,27.25,1067.0769978219882,3243.9020507843265,508.7924263331015,0.10620745939135126,45.65902128303604,3173.5130569372627,161.43158870876138,786.3829029017903,57.624716962240086,1055.4804793568949,3443.1931532427084,474.4991970129713,0.03439596063988095,50.797045407738096,3052.257767874306,352.11690448037757,767.4428344592261,65.57871875,1055.4804793568949,3443.1931532427084,474.4991970129713,0.03439596063988095,50.797045407738096,3052.257767874306,352.11690448037757,767.4428344592261,65.57871875
2026-02-01 06:00:00+00:00,1938.6399975,3582.9749825,586.3416675,0.0,45.83361,4240.30067,132.01888,799.40708,27.0,956.6603699721722,3579.1353823106483,480.466659083678,0.03541759127334939,44.49266484531479,3193.2195843505247,225.05975664275792,784.520712169967,57.28617946442794,1055.4804793568949,3443.1931532427084,474.4991970129713,0.03439596063988095,50.797045407738096,3052.257767874306,352.11690448037757,767.4428344592261,65.57871875,1055.4804793568949,3443.1931532427084,474.4991970129713,0.03439596063988095,50.797045407738096,3052.257767874306,352.11690448037757,767.4428344592261,65.57871875
2026-02-01 07:00:00+00:00,2044.54833,3669.26667,579.3449975,0.0,45.83361,4459.8932525,155.85352,801.59108,27.0,1196.5501628118432,3946.481783299986,508.9711929545653,0.0811725027934252,44.01165574293966,3152.1070561107363,290.33148661818973,791.2268083130124,60.87450466912126,1055.4804793568949,3443.1931532427084,474.4991970129713,0.03439596063988095,50.797045407738096,3052.257767874306,352.11690448037757,767.4428344592261,65.57871875,1055.4804793568949,3443.1931532427084,474.4991970129713,0.03439596063988095,50.797045407738096,3052.257767874306,352.11690448037757,767.4428344592261,65.57871875
2026-02-01 08:00:00+00:00,2205.87834,3692.8482175,581.2141675,0.0333325,45.83361,4434.66308,133.15352,801.59108,27.0,1232.8830325067324,4067.4812133385835,509.03482943059623,0.06315085411683607,44.466150631025805,3394.935174521901,282.10277975951936,791.5601602234182,65.64440359249814,1055.4804793568949,3443.1931532427084,474.4991970129713,0.03439596063988095,50.797045407738096,3052.257767874306,352.11690448037757,767.4428344592261,65.57871875,1055.4804793568949,3443.1931532427084,474.4991970129713,0.03439596063988095,50.797045407738096,3052.257767874306,352.11690448037757,767.4428344592261,65.57871875
2026-02-01 09:00:00+00:00,2086.4408325,3636.01834,598.926665,0.0683325,45.83361,4349.78358,228.612655,801.00508,27.0,1447.4542061934405,3895.0348685627905,519.2295880621647,0.06583363656640871,44.15765296438775,3787.8578095740722,212.5724476610359,786.7217052175774,60.84271909050013,1055.4804793568949,3443.1931532427084,474.4991970129713,0.03439596063988095,50.797045407738096,3052.257767874306,352.11690448037757,767.4428344592261,65.57871875,1055.4804793568949,3443.1931532427084,474.4991970129713,0.03439596063988095,50.797045407738096,3052.257767874306,352.11690448037757,767.4428344592261,65.57871875
2026-02-01 10:00:00+00:00,2243.391665,3664.76016,579.6024975,0.165,45.83361,4082.324255,134.97739499999997,801.00508,27.0,1441.3286089915186,3691.79242362299,511.2785493392531,0.06570750413946697,43.94502298345774,3110.6560571974824,171.75406704939414,788.1210269339707,58.468473081413016,1055.4804793568949,3443.1931532427084,474.4991970129713,0.03439596063988095,50.797045407738096,3052.257767874306,352.11690448037757,767.4428344592261,65.57871875,1055.4804793568949,3443.1931532427084,474.4991970129713,0.03439596063988095,50.797045407738096,3052.257767874306,352.11690448037757,767.4428344592261,65.57871875
2026-02-01 11:00:00+00:00,2218.7416725,3679.58425,571.09083,0.13333250000000002,45.83361,3837.44859,126.54912250000004,801.00508,27.0,1458.7907718400777,3619.903671485593,505.8871988312413,0.04655680951387568,43.162663895407576,3103.750398957628,139.80405464712086,789.3266746665199,59.69968283701914,1055.4804793568949,3443.1931532427084,474.4991970129713,0.03439596063988095,50.797045407738096,3052.257767874306,352.11690448037757,767.4428344592261,65.57871875,1055.4804793568949,3443.1931532427084,474.4991970129713,0.03439596063988095,50.797045407738096,3052.257767874306,352.11690448037757,767.4428344592261,65.57871875
2026-02-01 12:00:00+00:00,2199.6358475,3614.6516825,581.51,0.0333325,45.83361,3621.7860825,126.662725,801.00508,28.0,1507.0278196208196,3709.7558942287837,523.7375088629814,0.047869864126153336,44.00344035679394,3017.3732139452136,155.7441244900219,784.3024552370379,56.21951127904071,1055.4804793568949,3443.1931532427084,474.4991970129713,0.03439596063988095,50.797045407738096,3052.257767874306,352.11690448037757,767.4428344592261,65.57871875,1055.4804793568949,3443.1931532427084,474.4991970129713,0.03439596063988095,50.797045407738096,3052.257767874306,352.11690448037757,767.4428344592261,65.57871875
2026-02-01 13:00:00+00:00,2163.9666775,3376.9836275,510.396665,0.0,45.83361,3694.7148375,126.97210000000001,801.00508,28.0,1278.5448358623999,3644.45197322895,511.59076904526506,0.07857169095878885,43.23032033361556,3034.4883800328316,162.54005241543177,784.6566646557415,60.01273663219287,1055.4804793568949,3443.1931532427084,474.4991970129713,0.03439596063988095,50.797045407738096,3052.257767874306,352.11690448037757,767.4428344592261,65.57871875,1055.4804793568949,3443.1931532427084,474.4991970129713,0.03439596063988095,50.797045407738096,3052.257767874306,352.11690448037757,767.4428344592261,65.57871875
2026-02-01 14:00:00+00:00,2100.8341725,3295.1299550000003,462.601665,0.0333325,45.83361,4377.2451675,137.60675,801.00508,28.0,1350.435171930227,3781.350178974975,525.1080732920012,0.10219677906257604,43.32036498334571,3169.7008205443776,220.39176854195864,789.1376488805232,58.834580656504215,1055.4804793568949,3443.1931532427084,474.4991970129713,0.03439596063988095,50.797045407738096,3052.257767874306,352.11690448037757,767.4428344592261,65.57871875,1055.4804793568949,3443.1931532427084,474.4991970129713,0.03439596063988095,50.797045407738096,3052.257767874306,352.11690448037757,767.4428344592261,65.57871875
2026-02-01 15:00:00+00:00,2271.19166,3404.8561,467.89583749999997,0.0333325,45.83361,5011.8080725,139.64240000000004,801.03158,28.0,1507.2880420115503,3675.31214614717,524.0971988536355,0.10541334166926478,43.248063219308435,3666.1177018068074,350.01040362242475,791.9891559088111,55.90924627663242,1055.4804793568949,3443.1931532427084,474.4991970129713,0.03439596063988095,50.797045407738096,3052.257767874306,352.11690448037757,767.4428344592261,65.57871875,1055.4804793568949,3443.1931532427084,474.4991970129713,0.03439596063988095,50.797045407738096,3052.257767874306,352.11690448037757,767.4428344592261,65.57871875
2026-02-01 16:00:00+00:00,2380.7274875,3561.97201,466.28916250000003,0.1316675,45.83361,5562.4972425,144.436685,801.75108,27.0,1556.8722982433046,3779.9916878985346,522.8342778199725,0.07546301695015561,45.21514930071658,3725.8017750402646,538.1044393999424,822.98049234757,56.3314273357714,1055.4804793568949,3443.1931532427084,474.4991970129713,0.03439596063988095,50.797045407738096,3052.257767874306,352.11690448037757,767.4428344592261,65.57871875,1055.4804793568949,3443.1931532427084,474.4991970129713,0.03439596063988095,50.797045407738096,3052.257767874306,352.11690448037757,767.4428344592261,65.57871875
2026-02-01 17:00:00+00:00,2516.8516624999997,3583.39825,476.379165,0.0,45.83361,5929.5848525,810.3174999999999,802.39708,27.0,1928.6701246589041,3808.0242447700234,520.7817794246367,0.05294083336376644,44.594235478421226,4978.809790375897,440.0316686337904,788.5676007092891,52.51749120511428,1055.4804793568949,3443.1931532427084,474.4991970129713,0.03439596063988095,50.797045407738096,3052.257767874306,352.11690448037757,767.4428344592261,65.57871875,1055.4804793568949,3443.1931532427084,474.4991970129713,0.03439596063988095,50.797045407738096,3052.257767874306,352.11690448037757,767.4428344592261,65.57871875
2026-02-01 18:00:00+00:00,2506.040015,3589.2665125,483.46000000000004,0.1333325,45.83361,5872.87951,245.8215275,802.39708,27.0,1847.0593157455687,3561.3035082627516,528.9144897581826,0.07023006444287656,44.838131081539736,4856.96409757803,308.22224896664125,791.0258283470788,45.9537078892952,1055.4804793568949,3443.1931532427084,474.4991970129713,0.03439596063988095,50.797045407738096,3052.257767874306,352.11690448037757,767.4428344592261,65.57871875,1055.4804793568949,3443.1931532427084,474.4991970129713,0.03439596063988095,50.797045407738096,3052.257767874306,352.11690448037757,767.4428344592261,65.57871875
2026-02-01 19:00:00+00:00,2372.12084,3619.0290425,462.37083,0.13333250000000002,45.83361,6041.7704,223.63461,802.39708,27.0,1711.8614206307939,4037.465086859586,520.2194712844667,0.11319070714392523,45.426151907491885,4803.652774422419,193.36886389068093,794.1133215578316,48.91292502815833,1055.4804793568949,3443.1931532427084,474.4991970129713,0.03439596063988095,50.797045407738096,3052.257767874306,352.11690448037757,767.4428344592261,65.57871875,1055.4804793568949,3443.1931532427084,474.4991970129713,0.03439596063988095,50.797045407738096,3052.257767874306,352.11690448037757,767.4428344592261,65.57871875
2026-02-01 20:00:00+00:00,2318.425015,3583.2907475,475.619165,0.065,45.83361,5646.9410775,140.319065,802.39708,27.0,1743.6510163646055,3763.1018628924485,527.6045217677287,0.09176102772071953,44.58852942077523,4531.575982400869,179.5184915386885,787.1543822199435,48.61682232013195,1055.4804793568949,3443.1931532427084,474.4991970129713,0.03439596063988095,50.797045407738096,3052.257767874306,352.11690448037757,767.4428344592261,65.57871875,1055.4804793568949,3443.1931532427084,474.4991970129713,0.03439596063988095,50.797045407738096,3052.257767874306,352.11690448037757,767.4428344592261,65.57871875
2026-02-01 21:00:00+00:00,2296.45582,3598.08856,465.774165,0.1,45.83361,5509.6449125,198.08504499999998,800.26808,27.0,1710.5521448522404,3634.4871358133014,525.3967494835271,0.14498112708287691,44.25452853784139,4268.444734806867,193.73875110235133,790.6170724064812,48.55717916921724,1055.4804793568949,3443.1931532427084,474.4991970129713,0.03439596063988095,50.797045407738096,3052.257767874306,352.11690448037757,767.4428344592261,65.57871875,1055.4804793568949,3443.1931532427084,474.4991970129713,0.03439596063988095,50.797045407738096,3052.257767874306,352.11690448037757,767.4428344592261,65.57871875
2026-02-01 22:00:00+00:00,2145.02,3562.9691625,450.03,0.13333250000000002,45.83361,4852.201585,138.18312,799.02608,27.0,1495.5110691913956,3357.430075798108,527.9793946380594,0.13642873799210653,44.095496263831045,3562.149319970422,170.95251861578657,788.7766727385975,50.00256946430748,1055.4804793568949,3443.1931532427084,474.4991970129713,0.03439596063988095,50.797045407738096,3052.257767874306,352.11690448037757,767.4428344592261,65.57871875,1055.4804793568949,3443.1931532427084,474.4991970129713,0.03439596063988095,50.797045407738096,3052.257767874306,352.11690448037757,767.4428344592261,65.57871875
2026-02-01 23:00:00+00:00,2226.5333325,3308.463025,433.6016625,0.30166499999999996,45.83361,4080.1178325,130.7314025,795.74158,34.0,1055.2493405917412,2815.3280506516376,547.5265486126323,0.14084928326649165,44.00764916973363,2997.1495370578978,175.99532527148062,790.0155914245959,50.23158304021609,1055.4804793568949,3443.1931532427084,474.4991970129713,0.03439596063988095,50.797045407738096,3052.257767874306,352.11690448037757,767.4428344592261,65.57871875,1055.4804793568949,3443.1931532427084,474.4991970129713,0.03439596063988095,50.797045407738096,3052.257767874306,352.11690448037757,767.4428344592261,65.57871875
2026-02-02 00:00:00+00:00,2180.5016825000002,3143.2210625,441.746665,0.0,45.83361,3828.0384175,127.67320499999997,792.58858,34.0,1073.8954936280807,2552.3241001904657,547.3924944228736,0.08295562808206904,43.35120160579504,3073.809938594882,149.81279526769717,780.9703793319336,46.838411628172,1055.4804793568949,3443.1931532427084,474.4991970129713,0.03439596063988095,50.797045407738096,3052.257767874306,352.11690448037757,767.4428344592261,65.57871875,1055.4804793568949,3443.1931532427084,474.4991970129713,0.03439596063988095,50.797045407738096,3052.257767874306,352.11690448037757,767.4428344592261,65.57871875
2026-02-02 01:00:00+00:00,2176.21003,3341.0615875,442.443335,0.0,45.83361,3906.867085,127.75166250000001,792.30158,34.0,1021.7832928919614,2409.6384663603767,550.795768535656,0.06390606057092671,43.66216367352566,2911.422256427277,150.58541293571764,781.7619478368186,47.50911650625339,1055.4804793568949,3443.1931532427084,474.4991970129713,0.03439596063988095,50.797045407738096,3052.257767874306,352.11690448037757,767.4428344592261,65.57871875,1055.4804793568949,3443.1931532427084,474.4991970129713,0.03439596063988095,50.797045407738096,3052.257767874306,352.11690448037757,767.4428344592261,65.57871875
2026-02-02 02:00:00+00:00,2164.40999,3377.08772,461.8025025,0.0666675,45.83361,3777.3774125,127.1094,792.30158,34.0,884.0309519178528,2574.826803013906,543.4131147845776,0.054210811586622325,43.47078840673003,3001.342824018005,144.01072168944208,781.8688852416028,46.79892660666798,1055.4804793568949,3443.1931532427084,474.4991970129713,0.03439596063988095,50.797045407738096,3052.257767874306,352.11690448037757,767.4428344592261,65.57871875,1055.4804793568949,3443.1931532427084,474.4991970129713,0.03439596063988095,50.797045407738096,3052.257767874306,352.11690448037757,767.4428344592261,65.57871875
2026-02-02 03:00:00+00:00,2243.3775125,3397.5818825,434.96667,0.0,45.83361,4017.620585,127.15617750000001,792.30158,34.0,1099.5960049148152,2615.982883889184,554.6445764137993,0.05349468094936085,43.3580066254939,3260.381737522706,149.2523357798611,783.156671488808,46.012326977581736,1055.4804793568949,3443.1931532427084,474.4991970129713,0.03439596063988095,50.797045407738096,3052.257767874306,352.11690448037757,767.4428344592261,65.57871875,1055.4804793568949,3443.1931532427084,474.4991970129713,0.03439596063988095,50.797045407738096,3052.257767874306,352.11690448037757,767.4428344592261,65.57871875
2026-02-02 04:00:00+00:00,2283.470835,3642.82125,409.6058325,0.063335,45.83361,4422.08858,135.69651000000002,792.30158,34.0,1352.3104048388118,2761.818091879207,550.7001243159324,0.08106678377011942,43.896362912013274,3785.96866137283,153.1779119069283,783.1272466222681,44.86490456344309,1055.4804793568949,3443.1931532427084,474.4991970129713,0.03439596063988095,50.797045407738096,3052.257767874306,352.11690448037757,767.4428344592261,65.57871875,1055.4804793568949,3443.1931532427084,474.4991970129713,0.03439596063988095,50.797045407738096,3052.257767874306,352.11690448037757,767.4428344592261,65.57871875
2026-02-02 05:00:00+00:00,2384.9641524999997,3948.7963025,402.9283325,0.1,45.83361,5504.4564924999995,216.18189999999998,793.71658,34.0,1958.6266044716137,3635.514847070111,564.4584021442452,0.1291858296913295,43.86475963407378,4700.869261139559,194.1090185166813,782.3601897988009,45.2143558341742,1055.4804793568949,3443.1931532427084,474.4991970129713,0.03439596063988095,50.797045407738096,3052.257767874306,352.11690448037757,767.4428344592261,65.57871875,1055.4804793568949,3443.1931532427084,474.4991970129713,0.03439596063988095,50.797045407738096,3052.257767874306,352.11690448037757,767.4428344592261,65.57871875
2026-02-02 06:00:00+00:00,2493.6383475000002,4401.930815,419.086665,0.035,45.83361,6600.214735,577.8745125,796.27908,34.25,2231.621611405339,4118.4629492197255,559.0130536578586,0.038252796699204845,45.08364080462792,5280.897814946803,244.68204203324288,789.1525157620373,52.73433289400888,1055.4804793568949,3443.1931532427084,474.4991970129713,0.03439596063988095,50.797045407738096,3052.257767874306,352.11690448037757,767.4428344592261,65.57871875,1055.4804793568949,3443.1931532427084,474.4991970129713,0.03439596063988095,50.797045407738096,3052.257767874306,352.11690448037757,767.4428344592261,65.57871875
2026-02-02 07:00:00+00:00,2491.320825,4562.3495825,438.03417,0.0333325,45.83361,6737.3253375,972.3389,797.8120799999999,35.0,2576.3863174463986,4110.116263512296,553.4991176646897,0.04870638791613574,43.38562573532639,6089.087426298,495.41328340086943,788.89389448207,45.68613906732245,1055.4804793568949,3443.1931532427084,474.4991970129713,0.03439596063988095,50.797045407738096,3052.257767874306,352.11690448037757,767.4428344592261,65.57871875,1055.4804793568949,3443.1931532427084,474.4991970129713,0.03439596063988095,50.797045407738096,3052.257767874306,352.11690448037757,767.4428344592261,65.57871875
2026-02-02 08:00:00+00:00,2520.2649775,4602.0937825,539.3019075,0.0333325,45.83361,6618.5971775,1287.1784,798.09108,35.0,2475.9857819887266,3508.4086785541467,528.1848888820281,0.07675484588897692,43.2232033345956,5855.633628855565,362.9733990703404,786.2425435008045,48.54448085294547,1055.4804793568949,3443.1931532427084,474.4991970129713,0.03439596063988095,50.797045407738096,3052.257767874306,352.11690448037757,767.4428344592261,65.57871875,1055.4804793568949,3443.1931532427084,474.4991970129713,0.03439596063988095,50.797045407738096,3052.257767874306,352.11690448037757,767.4428344592261,65.57871875
2026-02-02 09:00:00+00:00,2443.55832,4609.3743375,539.1389275,0.09833250000000002,45.83361,6534.6295125,517.3338999999999,797.50508,35.0,2514.3469197326326,3504.0260679896496,527.7996026121691,0.05746359683000844,44.00277203842354,5828.667435949599,287.6769552925026,786.4153560493525,46.966195244471386,1055.4804793568949,3443.1931532427084,474.4991970129713,0.03439596063988095,50.797045407738096,3052.257767874306,352.11690448037757,767.4428344592261,65.57871875,1055.4804793568949,3443.1931532427084,474.4991970129713,0.03439596063988095,50.797045407738096,3052.257767874306,352.11690448037757,767.4428344592261,65.57871875
2026-02-02 10:00:00+00:00,2197.0633275,4593.7242925,503.739165,0.0666675,45.83361,6179.1220675,430.97691999999995,797.50508,35.0,1777.901901998659,3567.480622813187,522.9714457051341,0.043302423349805316,43.25837654041649,5054.222532126051,225.10030601957368,781.9970604115969,50.36936299522351,1055.4804793568949,3443.1931532427084,474.4991970129713,0.03439596063988095,50.797045407738096,3052.257767874306,352.11690448037757,767.4428344592261,65.57871875,1055.4804793568949,3443.1931532427084,474.4991970129713,0.03439596063988095,50.797045407738096,3052.257767874306,352.11690448037757,767.4428344592261,65.57871875
2026-02-02 11:00:00+00:00,2188.928305,4593.0538025000005,544.2658349999999,0.2183325,45.83361,6098.741417499999,258.71688750000004,797.50508,35.0,1696.2388777305,3025.762459705524,519.1392669469119,0.05731565446104411,42.85583835064595,4846.182372703116,164.44410602374478,781.885844536167,49.91867499076877,1055.4804793568949,3443.1931532427084,474.4991970129713,0.03439596063988095,50.797045407738096,3052.257767874306,352.11690448037757,767.4428344592261,65.57871875,1055.4804793568949,3443.1931532427084,474.4991970129713,0.03439596063988095,50.797045407738096,3052.257767874306,352.11690448037757,767.4428344592261,65.57871875
2026-02-02 12:00:00+00:00,2155.55251,4549.1542925,576.18583,0.0333325,45.83361,5786.60375,123.59290249999998,797.50508,33.25,2159.9899355613734,3298.9121475426814,492.82908210937666,0.045885700709015736,43.98165498807708,5145.620770873825,166.8584348586664,791.458772518615,47.84278298675116,1055.4804793568949,3443.1931532427084,474.4991970129713,0.03439596063988095,50.797045407738096,3052.257767874306,352.11690448037757,767.4428344592261,65.57871875,1055.4804793568949,3443.1931532427084,474.4991970129713,0.03439596063988095,50.797045407738096,3052.257767874306,352.11690448037757,767.4428344592261,65.57871875
2026-02-02 13:00:00+00:00,2175.899185,4517.1854674999995,610.8241725,0.0,45.83361,5761.558595,241.792845,797.50508,32.0,2026.6540624744225,3352.871075147658,492.5138818978053,0.049459323317941555,43.74173301140057,4788.37123694581,182.79330690619008,790.2187272760076,48.91727796437263,1055.4804793568949,3443.1931532427084,474.4991970129713,0.03439596063988095,50.797045407738096,3052.257767874306,352.11690448037757,767.4428344592261,65.57871875,1055.4804793568949,3443.1931532427084,474.4991970129713,0.03439596063988095,50.797045407738096,3052.257767874306,352.11690448037757,767.4428344592261,65.57871875
2026-02-02 14:00:00+00:00,2037.687495,4487.68036,596.940835,0.0333325,45.83361,6039.482995,174.43167000000003,797.50508,34.0,2062.0347897500715,3736.1045298146364,506.11609664998514,0.07619690897028193,43.58821703165846,4828.908773747224,249.4499445349336,793.4798832757775,47.62628751555595,1055.4804793568949,3443.1931532427084,474.4991970129713,0.03439596063988095,50.797045407738096,3052.257767874306,352.11690448037757,767.4428344592261,65.57871875,1055.4804793568949,3443.1931532427084,474.4991970129713,0.03439596063988095,50.797045407738096,3052.257767874306,352.11690448037757,767.4428344592261,65.57871875
2026-02-02 15:00:00+00:00,2372.0241775,4506.7172075,601.6174975,0.0,45.83361,6110.5446625,148.80819250000002,797.90358,33.0,2096.9685798934224,4068.7112977956385,516.9030348782759,0.04941976421672453,44.14291054495452,5424.967782031781,380.08198483545857,788.6146001173155,52.352151010404015,1055.4804793568949,3443.1931532427084,474.4991970129713,0.03439596063988095,50.797045407738096,3052.257767874306,352.11690448037757,767.4428344592261,65.57871875,1055.4804793568949,3443.1931532427084,474.4991970129713,0.03439596063988095,50.797045407738096,3052.257767874306,352.11690448037757,767.4428344592261,65.57871875
2026-02-02 16:00:00+00:00,2465.0283275,4532.33003,579.611875,0.0,45.83361,6327.62969,180.4367075,799.07658,33.0,2149.7103429843373,3928.2339299462174,534.399790685351,0.03896086564467627,43.87244091147764,5388.2037663355995,457.8377372340381,806.2315661475722,55.361282510350776,1055.4804793568949,3443.1931532427084,474.4991970129713,0.03439596063988095,50.797045407738096,3052.257767874306,352.11690448037757,767.4428344592261,65.57871875,1055.4804793568949,3443.1931532427084,474.4991970129713,0.03439596063988095,50.797045407738096,3052.257767874306,352.11690448037757,767.4428344592261,65.57871875
2026-02-02 17:00:00+00:00,2476.50666,4459.74402,574.8158324999999,0.0,45.83361,6468.3797525,208.20646,799.72208,34.0,2531.383878650013,3812.993723607805,543.5282155465974,0.033895489113952036,45.122442768985984,5402.278631777107,414.05169306092716,788.6900707975689,46.67428234114542,1055.4804793568949,3443.1931532427084,474.4991970129713,0.03439596063988095,50.797045407738096,3052.257767874306,352.11690448037757,767.4428344592261,65.57871875,1055.4804793568949,3443.1931532427084,474.4991970129713,0.03439596063988095,50.797045407738096,3052.257767874306,352.11690448037757,767.4428344592261,65.57871875
2026-02-02 18:00:00+00:00,2472.2024975,3622.6113775,593.073335,0.035,45.83361,6167.4225925,208.40421249999997,799.72208,34.0,2405.9815940216736,3892.0037847526532,576.219603602016,0.02297506543347297,46.1205124502031,5328.447464282917,276.99190925583684,788.398574660609,45.2719728561935,1055.4804793568949,3443.1931532427084,474.4991970129713,0.03439596063988095,50.797045407738096,3052.257767874306,352.11690448037757,767.4428344592261,65.57871875,1055.4804793568949,3443.1931532427084,474.4991970129713,0.03439596063988095,50.797045407738096,3052.257767874306,352.11690448037757,767.4428344592261,65.57871875
2026-02-02 19:00:00+00:00,2242.13751,3197.8125025,557.830835,0.035,45.83361,5698.2376825,164.35483,799.72208,24.0,1909.2765117982801,3576.315069970362,585.4505020629618,0.06583594585757171,46.44598745407466,5076.712057497876,244.16745524950971,787.3557317417012,46.216842189997834,1055.4804793568949,3443.1931532427084,474.4991970129713,0.03439596063988095,50.797045407738096,3052.257767874306,352.11690448037757,767.4428344592261,65.57871875,1055.4804793568949,3443.1931532427084,474.4991970129713,0.03439596063988095,50.797045407738096,3052.257767874306,352.11690448037757,767.4428344592261,65.57871875
2026-02-02 20:00:00+00:00,1827.9108350000001,2969.855995,617.1474975,0.035,45.83361,4935.240265,192.39483,799.72208,24.0,1751.4067652075055,3250.6641141955915,591.4920221548094,0.08749406473648702,45.39452039297028,4609.8332763550015,187.14164666483498,789.8634214360454,42.87473152200406,1055.4804793568949,3443.1931532427084,474.4991970129713,0.03439596063988095,50.797045407738096,3052.257767874306,352.11690448037757,767.4428344592261,65.57871875,1055.4804793568949,3443.1931532427084,474.4991970129713,0.03439596063988095,50.797045407738096,3052.257767874306,352.11690448037757,767.4428344592261,65.57871875
2026-02-02 21:00:00+00:00,1505.402515,3050.8768025,636.6516675,0.10166750000000002,45.83361,4611.981405,141.466575,798.41408,24.0,1571.4513996753058,3133.1227879847384,589.3221206455108,0.13385321297987032,46.17858979735195,4383.674469436675,202.87631442587312,789.5938848856293,42.86187021371975,1055.4804793568949,3443.1931532427084,474.4991970129713,0.03439596063988095,50.797045407738096,3052.257767874306,352.11690448037757,767.4428344592261,65.57871875,1055.4804793568949,3443.1931532427084,474.4991970129713,0.03439596063988095,50.797045407738096,3052.257767874306,352.11690448037757,767.4428344592261,65.57871875
2026-02-02 22:00:00+00:00,1474.3324975,2977.849505,538.7025,0.035,45.83361,3632.2192425,132.1629,797.62508,24.0,1442.9212473290129,2584.9735892654685,599.93270884735,0.13198781282148755,46.006843847616004,3550.654439249728,162.5983592644912,787.478667788105,42.78617824947685,1055.4804793568949,3443.1931532427084,474.4991970129713,0.03439596063988095,50.797045407738096,3052.257767874306,352.11690448037757,767.4428344592261,65.57871875,1055.4804793568949,3443.1931532427084,474.4991970129713,0.03439596063988095,50.797045407738096,3052.257767874306,352.11690448037757,767.4428344592261,65.57871875
2026-02-02 23:00:00+00:00,1219.4966775,2754.902825,575.4458325,0.2833325,45.83361,2839.3769975,125.16225,793.35708,24.0,1022.5089902190986,2549.2526228017314,603.3432308737849,0.1016793609165117,46.04180421333012,3283.8037021356795,132.2646879393034,782.9508990133833,42.86334485729145,1055.4804793568949,3443.1931532427084,474.4991970129713,0.03439596063988095,50.797045407738096,3052.257767874306,352.11690448037757,767.4428344592261,65.57871875,1055.4804793568949,3443.1931532427084,474.4991970129713,0.03439596063988095,50.797045407738096,3052.257767874306,352.11690448037757,767.4428344592261,65.57871875
2026-02-03 00:00:00+00:00,1207.8858300000002,2593.6568775,573.131665,0.135,45.83361,2667.9498375000003,120.88216249999999,792.96008,24.0,1006.8897687787378,2513.8234309008403,602.8148323968957,0.05019295859484297,44.32055979644696,3351.86531552349,132.82692569493412,783.40703019179,40.77594596974119,1055.4804793568949,3443.1931532427084,474.4991970129713,0.03439596063988095,50.797045407738096,3052.257767874306,352.11690448037757,767.4428344592261,65.57871875,1055.4804793568949,3443.1931532427084,474.4991970129713,0.03439596063988095,50.797045407738096,3052.257767874306,352.11690448037757,767.4428344592261,65.57871875
2026-02-03 01:00:00+00:00,1189.877505,2578.5379199999998,580.136665,0.0333325,45.83361,2488.685665,122.84804,792.67358,24.0,923.1087077769618,2418.489733556751,595.8355721321459,0.04533248449905398,45.65004951782268,3122.732931617216,136.9642976058664,783.0436930370105,40.14263622457325,1055.4804793568949,3443.1931532427084,474.4991970129713,0.03439596063988095,50.797045407738096,3052.257767874306,352.11690448037757,767.4428344592261,65.57871875,1055.4804793568949,3443.1931532427084,474.4991970129713,0.03439596063988095,50.797045407738096,3052.257767874306,352.11690448037757,767.4428344592261,65.57871875
2026-02-03 02:00:00+00:00,1120.5225,2590.4038725,577.9883325,0.0,45.83361,2477.0280825,121.936905,792.67358,24.0,942.2540546124658,2273.40987209746,581.6016519705192,0.04060198149258668,44.86861608035274,3139.529071680808,112.36965878371387,785.3511584324385,40.16201564306044,1055.4804793568949,3443.1931532427084,474.4991970129713,0.03439596063988095,50.797045407738096,3052.257767874306,352.11690448037757,767.4428344592261,65.57871875,1055.4804793568949,3443.1931532427084,474.4991970129713,0.03439596063988095,50.797045407738096,3052.257767874306,352.11690448037757,767.4428344592261,65.57871875
2026-02-03 03:00:00+00:00,1249.179995,2616.25925,561.1300024999999,0.0,45.83361,2749.7096675000003,121.61564999999999,792.67358,24.0,933.9070738042112,2320.7872855032256,576.2396357098353,0.045100937302354094,44.34179326821447,3457.7143615918453,149.23064127257447,787.3798504329791,41.15743930419845,1055.4804793568949,3443.1931532427084,474.4991970129713,0.03439596063988095,50.797045407738096,3052.257767874306,352.11690448037757,767.4428344592261,65.57871875,1055.4804793568949,3443.1931532427084,474.4991970129713,0.03439596063988095,50.797045407738096,3052.257767874306,352.11690448037757,767.4428344592261,65.57871875
2026-02-03 04:00:00+00:00,1207.093335,2584.390425,556.0041675,0.0333325,45.83361,2832.0725775,130.43937000000003,792.67358,24.0,1187.2180260300936,2264.22629686526,576.6094715844622,0.07770988698564588,43.366686957078045,3647.8598608748202,165.2827006211709,789.0927343720057,41.282440302985805,1055.4804793568949,3443.1931532427084,474.4991970129713,0.03439596063988095,50.797045407738096,3052.257767874306,352.11690448037757,767.4428344592261,65.57871875,1055.4804793568949,3443.1931532427084,474.4991970129713,0.03439596063988095,50.797045407738096,3052.257767874306,352.11690448037757,767.4428344592261,65.57871875
2026-02-03 05:00:00+00:00,1093.9216700000002,2729.6194,578.0175025,0.035,45.83361,3539.6047550000003,130.7187975,794.08808,24.0,1581.7804757957506,3203.204962540937,544.9407914532719,0.1379663127445485,43.828044918039836,4235.547709851333,183.1083481133227,789.4630823545444,42.87532399288892,1055.4804793568949,3443.1931532427084,474.4991970129713,0.03439596063988095,50.797045407738096,3052.257767874306,352.11690448037757,767.4428344592261,65.57871875,1055.4804793568949,3443.1931532427084,474.4991970129713,0.03439596063988095,50.797045407738096,3052.257767874306,352.11690448037757,767.4428344592261,65.57871875
2026-02-03 06:00:00+00:00,1754.5399875,2957.253845,584.5416625,0.0,45.83361,4431.344505,131.28977999999998,796.45983,24.0,1978.597853456114,3696.540995339088,543.8106071522978,0.05820908774177703,41.13805648578249,4834.8583539645715,407.36933962787407,783.7812537002683,47.69426437017634,1055.4804793568949,3443.1931532427084,474.4991970129713,0.03439596063988095,50.797045407738096,3052.257767874306,352.11690448037757,767.4428344592261,65.57871875,1055.4804793568949,3443.1931532427084,474.4991970129713,0.03439596063988095,50.797045407738096,3052.257767874306,352.11690448037757,767.4428344592261,65.57871875
2026-02-03 07:00:00+00:00,1989.840005,2973.021975,535.105,0.0,45.83361,4532.2698199999995,131.28977999999998,797.616205,30.5,2310.0920850264793,3722.641841036468,550.8946358512787,0.04764790973345992,41.070361481008064,5227.908853420233,522.7537253182603,786.3878316088575,41.681867970039754,1055.4804793568949,3443.1931532427084,474.4991970129713,0.03439596063988095,50.797045407738096,3052.257767874306,352.11690448037757,767.4428344592261,65.57871875,1055.4804793568949,3443.1931532427084,474.4991970129713,0.03439596063988095,50.797045407738096,3052.257767874306,352.11690448037757,767.4428344592261,65.57871875
2026-02-03 08:00:00+00:00,1963.1850050000003,2974.81993,489.67166749999996,0.0683325,45.83361,4528.94346,418.30228,797.33983,31.0,2632.2511472383494,3539.647129914806,566.7413273301235,0.055279938804338444,40.57108354162197,5256.37447205764,450.59059224509093,785.790271185871,38.79552118783306,1055.4804793568949,3443.1931532427084,474.4991970129713,0.03439596063988095,50.797045407738096,3052.257767874306,352.11690448037757,767.4428344592261,65.57871875,1055.4804793568949,3443.1931532427084,474.4991970129713,0.03439596063988095,50.797045407738096,3052.257767874306,352.11690448037757,767.4428344592261,65.57871875
2026-02-03 09:00:00+00:00,1498.6928425,2919.01492,470.9006875,0.1,45.83361,4750.4726125,131.41006500000003,796.76058,28.25,2351.8177014570597,3531.101350439648,580.4169143379925,0.05337161305780355,40.929469404926294,5244.6963172783035,273.80812692340095,787.1130040226349,37.452479432644296,1055.4804793568949,3443.1931532427084,474.4991970129713,0.03439596063988095,50.797045407738096,3052.257767874306,352.11690448037757,767.4428344592261,65.57871875,1055.4804793568949,3443.1931532427084,474.4991970129713,0.03439596063988095,50.797045407738096,3052.257767874306,352.11690448037757,767.4428344592261,65.57871875
2026-02-03 10:00:00+00:00,1492.6004050000001,3055.2343175,450.75167,0.1341675,45.83361,4499.042425,131.73924,796.76058,30.0,2354.3849553143764,3168.8409583562734,584.9472094629822,0.06296966376950751,40.66034109562365,5278.9719863225055,244.91738988109395,789.5111324333989,38.19820558850911,1055.4804793568949,3443.1931532427084,474.4991970129713,0.03439596063988095,50.797045407738096,3052.257767874306,352.11690448037757,767.4428344592261,65.57871875,1055.4804793568949,3443.1931532427084,474.4991970129713,0.03439596063988095,50.797045407738096,3052.257767874306,352.11690448037757,767.4428344592261,65.57871875
2026-02-03 11:00:00+00:00,1786.4549975,3254.5360275,466.25917,0.0333325,45.83361,4555.5726675,123.5780775,796.76058,34.0,2532.002036129452,3206.814500730784,558.0131139640049,0.06967333499310052,41.13920860835185,5328.927989474505,149.457270130753,787.811686261533,38.5653798332242,1055.4804793568949,3443.1931532427084,474.4991970129713,0.03439596063988095,50.797045407738096,3052.257767874306,352.11690448037757,767.4428344592261,65.57871875,1055.4804793568949,3443.1931532427084,474.4991970129713,0.03439596063988095,50.797045407738096,3052.257767874306,352.11690448037757,767.4428344592261,65.57871875
2026-02-03 12:00:00+00:00,1907.6195925,3164.7500775,424.7154175,0.0341675,45.83361,4312.7019975,123.66742500000001,797.13258,34.0,2513.80760706895,3035.6106058089476,549.1131481034929,0.056922587913068035,41.114876625642125,5421.246770899521,179.18045752663548,786.1794738669199,42.509893750277456,1055.4804793568949,3443.1931532427084,474.4991970129713,0.03439596063988095,50.797045407738096,3052.257767874306,352.11690448037757,767.4428344592261,65.57871875,1055.4804793568949,3443.1931532427084,474.4991970129713,0.03439596063988095,50.797045407738096,3052.257767874306,352.11690448037757,767.4428344592261,65.57871875
2026-02-03 13:00:00+00:00,2106.0116774999997,2992.659685,422.1175025,0.0,45.83361,4699.7500875,183.36880250000002,797.13258,34.0,2188.558059130557,3225.240254447123,543.0672989536333,0.07277200720559869,40.75566980040586,5169.709383046657,129.1317825168203,786.5874967632146,45.86576486596504,1055.4804793568949,3443.1931532427084,474.4991970129713,0.03439596063988095,50.797045407738096,3052.257767874306,352.11690448037757,767.4428344592261,65.57871875,1055.4804793568949,3443.1931532427084,474.4991970129713,0.03439596063988095,50.797045407738096,3052.257767874306,352.11690448037757,767.4428344592261,65.57871875
2026-02-03 14:00:00+00:00,2317.0420775000002,3168.0968275,426.8279175,0.0,45.83361,4919.0377075,133.66083,797.13258,34.0,2263.3643803605537,3544.3742999126016,538.2694903943054,0.0778932820193739,41.291256607882644,5216.061557351597,168.69645294143672,784.7381476698749,47.43089240950667,1055.4804793568949,3443.1931532427084,474.4991970129713,0.03439596063988095,50.797045407738096,3052.257767874306,352.11690448037757,767.4428344592261,65.57871875,1055.4804793568949,3443.1931532427084,474.4991970129713,0.03439596063988095,50.797045407738096,3052.257767874306,352.11690448037757,767.4428344592261,65.57871875
2026-02-03 15:00:00+00:00,2276.2008299999998,3255.8209025,433.0866625,0.0341675,45.83361,4711.8251275,149.41083,797.53108,34.0,2464.3801666152394,3880.7522233576474,555.3101034134938,0.047922389644666066,40.935414246420095,5420.880914496288,236.30567636944377,783.6997222388868,44.78079134052377,1055.4804793568949,3443.1931532427084,474.4991970129713,0.03439596063988095,50.797045407738096,3052.257767874306,352.11690448037757,767.4428344592261,65.57871875,1055.4804793568949,3443.1931532427084,474.4991970129713,0.03439596063988095,50.797045407738096,3052.257767874306,352.11690448037757,767.4428344592261,65.57871875
2026-02-03 16:00:00+00:00,2440.78783,3305.3254825,427.3952125,0.0,45.83361,5016.0595125,354.94124250000004,798.70408,34.0,2605.238206547763,4006.2427955836997,522.1944520526492,0.08187537110708014,41.717587724523995,5826.688572089938,317.4694969286444,810.1862067862634,50.36028804723837,1055.4804793568949,3443.1931532427084,474.4991970129713,0.03439596063988095,50.797045407738096,3052.257767874306,352.11690448037757,767.4428344592261,65.57871875,1055.4804793568949,3443.1931532427084,474.4991970129713,0.03439596063988095,50.797045407738096,3052.257767874306,352.11690448037757,767.4428344592261,65.57871875
2026-02-03 17:00:00+00:00,2482.136105,3336.019295,415.63444499999997,0.0,45.83361,5106.635385,867.4959,799.34958,34.0,2714.4326484528824,4145.2009572188335,491.1732695433401,0.09824802816314668,42.78817967224188,6096.894597418708,349.26494313828346,786.334213365006,44.74368114734145,1055.4804793568949,3443.1931532427084,474.4991970129713,0.03439596063988095,50.797045407738096,3052.257767874306,352.11690448037757,767.4428344592261,65.57871875,1055.4804793568949,3443.1931532427084,474.4991970129713,0.03439596063988095,50.797045407738096,3052.257767874306,352.11690448037757,767.4428344592261,65.57871875
2026-02-03 18:00:00+00:00,2084.7102925,3410.69004,423.9097175,0.0,45.83361,5190.183495,238.8949725,799.34958,34.0,2673.4178129277047,3927.74356560251,490.3946198382668,0.11037936571693699,43.52300699919914,5957.175886604773,343.76273391194405,787.5474269238523,45.13028087044215,1055.4804793568949,3443.1931532427084,474.4991970129713,0.03439596063988095,50.797045407738096,3052.257767874306,352.11690448037757,767.4428344592261,65.57871875,1055.4804793568949,3443.1931532427084,474.4991970129713,0.03439596063988095,50.797045407738096,3052.257767874306,352.11690448037757,767.4428344592261,65.57871875
2026-02-03 19:00:00+00:00,1721.4449925,3309.5966125,429.5413875,0.066665,45.83361,4822.0608375,262.540285,799.34958,34.0,2322.131557990291,3723.3739088230345,483.27006699287864,0.14269417823044522,43.623912172906564,5151.692819824493,324.553474634642,785.487790612518,47.241203871320394,1055.4804793568949,3443.1931532427084,474.4991970129713,0.03439596063988095,50.797045407738096,3052.257767874306,352.11690448037757,767.4428344592261,65.57871875,1055.4804793568949,3443.1931532427084,474.4991970129713,0.03439596063988095,50.797045407738096,3052.257767874306,352.11690448037757,767.4428344592261,65.57871875
2026-02-03 20:00:00+00:00,1721.3107125000001,3215.1243400000003,431.0168225,0.063475,45.83361,4326.9558799999995,209.41854,799.34958,34.0,2141.154101723567,3285.958042846046,471.390114070014,0.15045260080511194,44.34600140846124,4954.102761456817,246.39996430898276,787.5435115563191,45.54022995439085,1055.4804793568949,3443.1931532427084,474.4991970129713,0.03439596063988095,50.797045407738096,3052.257767874306,352.11690448037757,767.4428344592261,65.57871875,1055.4804793568949,3443.1931532427084,474.4991970129713,0.03439596063988095,50.797045407738096,3052.257767874306,352.11690448037757,767.4428344592261,65.57871875
2026-02-03 21:00:00+00:00,1623.2385975,3221.6684175,425.2313875,0.15724499999999997,45.83361,4419.6617275,131.9869875,798.04158,34.0,2097.7154742520797,3390.7435590050172,486.25215098174453,0.1960994313226347,44.48531663482463,5011.904309903673,281.8119118786653,789.4927417909595,45.36149896553511,1055.4804793568949,3443.1931532427084,474.4991970129713,0.03439596063988095,50.797045407738096,3052.257767874306,352.11690448037757,767.4428344592261,65.57871875,1055.4804793568949,3443.1931532427084,474.4991970129713,0.03439596063988095,50.797045407738096,3052.257767874306,352.11690448037757,767.4428344592261,65.57871875
2026-02-03 22:00:00+00:00,1585.43139,3171.7464725,429.745275,0.0697325,45.83361,3925.876,131.58183000000002,797.25258,34.0,1970.6390865674368,3328.827257619312,503.33161163298337,0.20447382912309348,44.18466877220233,4859.2205737858185,242.95907907158565,788.5854677754654,47.01676111287138,1055.4804793568949,3443.1931532427084,474.4991970129713,0.03439596063988095,50.797045407738096,3052.257767874306,352.11690448037757,767.4428344592261,65.57871875,1055.4804793568949,3443.1931532427084,474.4991970129713,0.03439596063988095,50.797045407738096,3052.257767874306,352.11690448037757,767.4428344592261,65.57871875
2026-02-03 23:00:00+00:00,1576.055465,3216.8099925,506.92194500000005,0.065,45.83361,3676.438555,123.63538500000001,792.98408,34.0,1712.6133467103746,3324.7455427507766,501.2772908148746,0.1722721983801967,44.102809559066046,4893.879538519079,238.43388007007732,787.3920972089667,47.598867444782144,1055.4804793568949,3443.1931532427084,474.4991970129713,0.03439596063988095,50.797045407738096,3052.257767874306,352.11690448037757,767.4428344592261,65.57871875,1055.4804793568949,3443.1931532427084,474.4991970129713,0.03439596063988095,50.797045407738096,3052.257767874306,352.11690448037757,767.4428344592261,65.57871875
2026-02-04 00:00:00+00:00,1570.67834,3326.705905,520.4116675,0.033445,45.83361,3988.6324125,122.29386,793.09708,34.0,1742.6483442904782,3512.2318561375973,473.43915894343235,0.08975688434928247,44.46253639926049,5087.799466395334,226.78489850293835,786.7887470008543,48.77790698762323,1055.4804793568949,3443.1931532427084,474.4991970129713,0.03439596063988095,50.797045407738096,3052.257767874306,352.11690448037757,767.4428344592261,65.57871875,1055.4804793568949,3443.1931532427084,474.4991970129713,0.03439596063988095,50.797045407738096,3052.257767874306,352.11690448037757,767.4428344592261,65.57871875
2026-02-04 01:00:00+00:00,1405.1483175,3544.6382974999997,541.7541650000001,0.0333325,45.83361,3520.0296675,122.66274999999996,792.81008,34.0,1923.3344524262334,3443.3955899057873,486.64058239942483,0.09923936289968052,44.19062685609488,5086.601894950823,273.59822095882015,785.5176274950466,48.99050075178916,1055.4804793568949,3443.1931532427084,474.4991970129713,0.03439596063988095,50.797045407738096,3052.257767874306,352.11690448037757,767.4428344592261,65.57871875,1055.4804793568949,3443.1931532427084,474.4991970129713,0.03439596063988095,50.797045407738096,3052.257767874306,352.11690448037757,767.4428344592261,65.57871875
2026-02-04 02:00:00+00:00,1564.269175,3748.0377399999998,432.2516675,0.0,45.83361,3526.2386675,121.95391000000001,792.81008,34.0,1922.613966474427,3538.1717509143446,480.67124404492165,0.0783518867000393,44.1144306358768,4908.605861330158,224.93661928787463,785.9462697415509,51.196688011081825,1055.4804793568949,3443.1931532427084,474.4991970129713,0.03439596063988095,50.797045407738096,3052.257767874306,352.11690448037757,767.4428344592261,65.57871875,1055.4804793568949,3443.1931532427084,474.4991970129713,0.03439596063988095,50.797045407738096,3052.257767874306,352.11690448037757,767.4428344592261,65.57871875
2026-02-04 03:00:00+00:00,1562.8550175,3706.6915875,398.334165,0.0333325,45.83361,4003.2327575,140.72976749999998,792.81008,34.0,1919.678660376155,3511.4680711323635,467.855405755795,0.07062793532259365,43.99938827154808,5277.380700228866,196.6935863288504,784.5020759338994,51.16412154291263,1055.4804793568949,3443.1931532427084,474.4991970129713,0.03439596063988095,50.797045407738096,3052.257767874306,352.11690448037757,767.4428344592261,65.57871875,1055.4804793568949,3443.1931532427084,474.4991970129713,0.03439596063988095,50.797045407738096,3052.257767874306,352.11690448037757,767.4428344592261,65.57871875
2026-02-04 04:00:00+00:00,1629.3275174999999,4124.414235,402.3775025,0.0666675,45.83361,4703.9800875,130.70733999999996,792.81008,34.0,2146.738268881254,3887.599312504005,405.96212931055067,0.10623940424309947,44.89559466074191,5365.09873847462,174.48595535043535,790.2129429739949,49.1779409518647,1055.4804793568949,3443.1931532427084,474.4991970129713,0.03439596063988095,50.797045407738096,3052.257767874306,352.11690448037757,767.4428344592261,65.57871875,1055.4804793568949,3443.1931532427084,474.4991970129713,0.03439596063988095,50.797045407738096,3052.257767874306,352.11690448037757,767.4428344592261,65.57871875
2026-02-04 05:00:00+00:00,1979.7441574999998,4964.0706575,389.6166675,0.0333325,45.83361,5838.4782275,130.20145,794.22508,34.0,2040.9302233398444,4194.218500815963,427.16864720063114,0.18316637448886014,46.000757862372936,6271.767747017124,227.67072251821025,795.1627887450052,49.039497873181595,1055.4804793568949,3443.1931532427084,474.4991970129713,0.03439596063988095,50.797045407738096,3052.257767874306,352.11690448037757,767.4428344592261,65.57871875,1055.4804793568949,3443.1931532427084,474.4991970129713,0.03439596063988095,50.797045407738096,3052.257767874306,352.11690448037757,767.4428344592261,65.57871875
2026-02-04 06:00:00+00:00,2194.3849975,5073.659485,391.1108325,0.0,45.83361,6386.286012500001,901.5380399999999,796.78708,34.0,2539.607790077765,4350.4322304660245,432.09907618029655,0.05818785372276254,45.36486124235258,7229.65858771901,439.7945477822286,788.3626365301475,46.91855103308927,1055.4804793568949,3443.1931532427084,474.4991970129713,0.03439596063988095,50.797045407738096,3052.257767874306,352.11690448037757,767.4428344592261,65.57871875,1055.4804793568949,3443.1931532427084,474.4991970129713,0.03439596063988095,50.797045407738096,3052.257767874306,352.11690448037757,767.4428344592261,65.57871875
2026-02-04 07:00:00+00:00,2545.72083,4996.6269425,386.0583325,0.035,45.83361,6471.940025,1181.22305,798.22758,34.0,2539.3877307214034,4573.124911883937,451.3530742522846,0.027177820880378692,45.24428073377225,7410.863168649523,763.3328661728306,788.4854546198009,44.00817783310275,1055.4804793568949,3443.1931532427084,474.4991970129713,0.03439596063988095,50.797045407738096,3052.257767874306,352.11690448037757,767.4428344592261,65.57871875,1055.4804793568949,3443.1931532427084,474.4991970129713,0.03439596063988095,50.797045407738096,3052.257767874306,352.11690448037757,767.4428344592261,65.57871875
2026-02-04 08:00:00+00:00,2542.834185,5070.295585,410.37083,0.2950025,45.83361,6250.9508125,427.11305,798.22758,34.0,2457.5522045986027,4512.103152008369,402.3141978893737,0.027827994432491912,44.18068864975387,7120.730356179016,454.8984625976281,789.971629218655,47.43148865736818,1055.4804793568949,3443.1931532427084,474.4991970129713,0.03439596063988095,50.797045407738096,3052.257767874306,352.11690448037757,767.4428344592261,65.57871875,1055.4804793568949,3443.1931532427084,474.4991970129713,0.03439596063988095,50.797045407738096,3052.257767874306,352.11690448037757,767.4428344592261,65.57871875
2026-02-04 09:00:00+00:00,2404.6591625,4916.9707925,410.0875,0.0,45.83361,6221.359420000001,184.692615,797.64158,34.0,2477.0391038981033,4469.684972545557,422.95256790874413,0.03272292194301058,45.776417638033756,6457.998121861356,179.3319140549122,795.1472780913302,46.574078792907,1055.4804793568949,3443.1931532427084,474.4991970129713,0.03439596063988095,50.797045407738096,3052.257767874306,352.11690448037757,767.4428344592261,65.57871875,1055.4804793568949,3443.1931532427084,474.4991970129713,0.03439596063988095,50.797045407738096,3052.257767874306,352.11690448037757,767.4428344592261,65.57871875
2026-02-04 10:00:00+00:00,2291.389975,4690.6434150000005,421.1358325,0.0316675,45.83361,6259.297175,278.63267,797.36258,31.75,2279.189070623953,4436.998536633147,434.5285692381318,0.03182057458530621,44.29373357379133,6005.352242020261,164.96445720886584,787.8242948620566,42.098122773277694,1055.4804793568949,3443.1931532427084,474.4991970129713,0.03439596063988095,50.797045407738096,3052.257767874306,352.11690448037757,767.4428344592261,65.57871875,1055.4804793568949,3443.1931532427084,474.4991970129713,0.03439596063988095,50.797045407738096,3052.257767874306,352.11690448037757,767.4428344592261,65.57871875
2026-02-04 11:00:00+00:00,2254.9691675,4868.389085,407.629165,0.0316675,45.83361,6014.5250825,118.50814250000002,797.26958,32.0,2368.433616889164,4253.186037776689,423.6593827297869,0.034975361640920674,44.59215513618143,5922.1639832944575,185.85764945476038,783.956461212444,44.32366018584195,1055.4804793568949,3443.1931532427084,474.4991970129713,0.03439596063988095,50.797045407738096,3052.257767874306,352.11690448037757,767.4428344592261,65.57871875,1055.4804793568949,3443.1931532427084,474.4991970129713,0.03439596063988095,50.797045407738096,3052.257767874306,352.11690448037757,767.4428344592261,65.57871875
2026-02-04 12:00:00+00:00,2106.7116725,4866.466165,436.5708325,0.0,45.83361,5721.5219125,118.56655249999997,797.26958,32.25,2455.8912277922054,4049.8622119731463,438.2301848433274,0.02512246803157795,45.94133646281332,5738.497487702072,186.93440084465803,795.0369424063623,50.55202820188804,1055.4804793568949,3443.1931532427084,474.4991970129713,0.03439596063988095,50.797045407738096,3052.257767874306,352.11690448037757,767.4428344592261,65.57871875,1055.4804793568949,3443.1931532427084,474.4991970129713,0.03439596063988095,50.797045407738096,3052.257767874306,352.11690448037757,767.4428344592261,65.57871875
2026-02-04 13:00:00+00:00,2331.699165,4838.01159,476.966665,0.16499999999999998,45.83361,5941.20699,222.341115,797.26958,35.75,2371.5831163698895,4134.26729782258,454.29629778250666,0.05145261122654149,45.05953695644271,5784.042190644005,175.55320340598703,796.7451428144061,49.186854635627256,1055.4804793568949,3443.1931532427084,474.4991970129713,0.03439596063988095,50.797045407738096,3052.257767874306,352.11690448037757,767.4428344592261,65.57871875,1055.4804793568949,3443.1931532427084,474.4991970129713,0.03439596063988095,50.797045407738096,3052.257767874306,352.11690448037757,767.4428344592261,65.57871875
2026-02-04 14:00:00+00:00,2376.59082,4885.572945,471.04499999999996,0.0,45.83361,5920.717947499999,267.39945,796.13608,41.0,2442.0809547930403,4181.818072363243,466.3044248024054,0.06835167699211081,44.484334803348574,6281.784739355467,200.07850955960285,815.2881349591063,50.588343865943926,1055.4804793568949,3443.1931532427084,474.4991970129713,0.03439596063988095,50.797045407738096,3052.257767874306,352.11690448037757,767.4428344592261,65.57871875,1055.4804793568949,3443.1931532427084,474.4991970129713,0.03439596063988095,50.797045407738096,3052.257767874306,352.11690448037757,767.4428344592261,65.57871875
2026-02-04 15:00:00+00:00,2485.0583325,4938.62183,469.2641675,0.1316675,45.83361,6066.70484,130.25904000000003,796.53458,41.0,2320.043534118079,4419.59040932553,448.91805457950505,0.06362917356783379,43.97483507934049,6182.611615967586,452.8069012727601,817.2037304826077,51.3362979414774,1055.4804793568949,3443.1931532427084,474.4991970129713,0.03439596063988095,50.797045407738096,3052.257767874306,352.11690448037757,767.4428344592261,65.57871875,1055.4804793568949,3443.1931532427084,474.4991970129713,0.03439596063988095,50.797045407738096,3052.257767874306,352.11690448037757,767.4428344592261,65.57871875
2026-02-04 16:00:00+00:00,2497.7433425,4961.375615,429.6441675,0.0016675000000000023,45.83361,6093.9207175,132.1380275,797.70758,40.0,2608.7100764229053,4597.547664323453,464.06510356239926,0.03118139043813486,43.17989754913934,6251.4560394047,534.9207823236211,813.3431844756277,52.302511594413104,1055.4804793568949,3443.1931532427084,474.4991970129713,0.03439596063988095,50.797045407738096,3052.257767874306,352.11690448037757,767.4428344592261,65.57871875,1055.4804793568949,3443.1931532427084,474.4991970129713,0.03439596063988095,50.797045407738096,3052.257767874306,352.11690448037757,767.4428344592261,65.57871875
2026-02-04 17:00:00+00:00,2511.7450049999998,5045.8625225,442.1816675,0.035,45.83361,6179.26453,131.55169999999998,798.35308,40.0,2535.070144261328,4365.056119073842,465.05503317770086,0.034551277558820086,43.23074956099078,6572.8826834287665,473.06424867666874,791.9048139702937,44.79167702307559,1055.4804793568949,3443.1931532427084,474.4991970129713,0.03439596063988095,50.797045407738096,3052.257767874306,352.11690448037757,767.4428344592261,65.57871875,1055.4804793568949,3443.1931532427084,474.4991970129713,0.03439596063988095,50.797045407738096,3052.257767874306,352.11690448037757,767.4428344592261,65.57871875
2026-02-04 18:00:00+00:00,2350.739155,4933.7174575,438.0933325,0.0791675,45.83361,5986.3308375,131.93235500000003,798.35308,40.0,2505.9469366861385,4397.007207368153,491.44148639020887,0.055237260645394304,43.291067872859315,6042.473900611522,352.0988809369876,791.6980500767356,45.32640441884722,1055.4804793568949,3443.1931532427084,474.4991970129713,0.03439596063988095,50.797045407738096,3052.257767874306,352.11690448037757,767.4428344592261,65.57871875,1055.4804793568949,3443.1931532427084,474.4991970129713,0.03439596063988095,50.797045407738096,3052.257767874306,352.11690448037757,767.4428344592261,65.57871875
2026-02-04 19:00:00+00:00,2211.376675,4690.5532275000005,419.5575025,0.165,45.83361,5717.6684725,129.45170000000002,798.35308,40.0,2174.040076959892,4054.6612230391456,462.2927680173492,0.09240526651455683,44.30481780643664,5559.27080895158,361.79551346960596,787.3024372792662,48.79844059530567,1055.4804793568949,3443.1931532427084,474.4991970129713,0.03439596063988095,50.797045407738096,3052.257767874306,352.11690448037757,767.4428344592261,65.57871875,1055.4804793568949,3443.1931532427084,474.4991970129713,0.03439596063988095,50.797045407738096,3052.257767874306,352.11690448037757,767.4428344592261,65.57871875
2026-02-04 20:00:00+00:00,1947.698355,4860.407632500001,433.2533275,0.0333325,45.83361,5520.4425125,129.45170000000002,798.35308,40.0,2209.777728691648,3980.211262954926,468.7991355796002,0.12115926414341396,44.401304705493075,5027.983888262974,237.7201647321789,789.8064450307849,44.81458732944387,1055.4804793568949,3443.1931532427084,474.4991970129713,0.03439596063988095,50.797045407738096,3052.257767874306,352.11690448037757,767.4428344592261,65.57871875,1055.4804793568949,3443.1931532427084,474.4991970129713,0.03439596063988095,50.797045407738096,3052.257767874306,352.11690448037757,767.4428344592261,65.57871875
2026-02-04 21:00:00+00:00,1751.95166,4878.071765000001,467.97,0.0316675,45.83361,3971.705,129.4633325,797.04558,40.0,1835.5313799561613,3905.6705895931427,469.2869011419494,0.2028239702016176,44.25136515557243,4830.840342366025,251.8605229568034,790.6103934217795,45.1421330337184,1055.4804793568949,3443.1931532427084,474.4991970129713,0.03439596063988095,50.797045407738096,3052.257767874306,352.11690448037757,767.4428344592261,65.57871875,1055.4804793568949,3443.1931532427084,474.4991970129713,0.03439596063988095,50.797045407738096,3052.257767874306,352.11690448037757,767.4428344592261,65.57871875
2026-02-04 22:00:00+00:00,1461.5725075,4450.9382525,502.0916625,0.135,45.83361,3406.8286675,129.41556500000004,796.25658,39.0,1871.714971865609,3655.6348373243877,497.2004089651562,0.19636842512299676,43.65785233335687,4403.492263096469,164.34553300923665,788.9139280102328,46.62468261514289,1055.4804793568949,3443.1931532427084,474.4991970129713,0.03439596063988095,50.797045407738096,3052.257767874306,352.11690448037757,767.4428344592261,65.57871875,1055.4804793568949,3443.1931532427084,474.4991970129713,0.03439596063988095,50.797045407738096,3052.257767874306,352.11690448037757,767.4428344592261,65.57871875
2026-02-04 23:00:00+00:00,1530.64168,3883.597795,481.7816675,0.1666675,45.83361,3527.980915,124.53449999999998,791.98808,40.0,1779.5139537669393,3336.4460148687876,490.44288930370493,0.17857131245481334,44.1515065019677,4586.406705610031,148.78281618974484,787.0429114841311,46.41800928265924,1055.4804793568949,3443.1931532427084,474.4991970129713,0.03439596063988095,50.797045407738096,3052.257767874306,352.11690448037757,767.4428344592261,65.57871875,1055.4804793568949,3443.1931532427084,474.4991970129713,0.03439596063988095,50.797045407738096,3052.257767874306,352.11690448037757,767.4428344592261,65.57871875
2026-02-05 00:00:00+00:00,1808.15249,3787.220805,506.8741675,0.065,45.83361,3105.9651675,121.06927250000001,792.22358,40.0,1767.6067622547114,3268.7973535366154,502.78021129354175,0.06916444836839007,43.634381387118886,5037.501817509976,119.07295091171636,788.6102519671152,46.478233464104946,1055.4804793568949,3443.1931532427084,474.4991970129713,0.03439596063988095,50.797045407738096,3052.257767874306,352.11690448037757,767.4428344592261,65.57871875,1055.4804793568949,3443.1931532427084,474.4991970129713,0.03439596063988095,50.797045407738096,3052.257767874306,352.11690448037757,767.4428344592261,65.57871875
2026-02-05 01:00:00+00:00,1875.5899925,3787.013015,515.0758325,0.0333325,45.83361,3205.60877,120.87844999999996,791.93658,37.0,1831.5630864837126,3362.621696074456,501.99424633101796,0.07672707355091445,43.90378406922031,4952.539013642975,120.40001649078081,788.1441146955466,46.158975672113094,1055.4804793568949,3443.1931532427084,474.4991970129713,0.03439596063988095,50.797045407738096,3052.257767874306,352.11690448037757,767.4428344592261,65.57871875,1055.4804793568949,3443.1931532427084,474.4991970129713,0.03439596063988095,50.797045407738096,3052.257767874306,352.11690448037757,767.4428344592261,65.57871875
2026-02-05 02:00:00+00:00,2037.5274950000003,3785.63691,502.2658375,0.0,45.83361,3135.5777525000003,120.54878,791.93658,35.0,1894.5507937419416,3448.8662226767296,510.22938914355956,0.05590561299068249,43.89931585382517,4887.89140858493,140.184235973311,787.8493511917217,47.741452083110275,1055.4804793568949,3443.1931532427084,474.4991970129713,0.03439596063988095,50.797045407738096,3052.257767874306,352.11690448037757,767.4428344592261,65.57871875,1055.4804793568949,3443.1931532427084,474.4991970129713,0.03439596063988095,50.797045407738096,3052.257767874306,352.11690448037757,767.4428344592261,65.57871875
2026-02-05 03:00:00+00:00,2279.56084,4119.5702975,481.938335,0.066665,45.83361,3452.0640825,120.58021250000002,791.93658,36.5,1887.1114092665387,3552.0948340824675,507.1523310388849,0.05028829669579247,43.82556519844513,5199.139758552539,130.15133127281695,788.5814820925032,46.99708963260021,1055.4804793568949,3443.1931532427084,474.4991970129713,0.03439596063988095,50.797045407738096,3052.257767874306,352.11690448037757,767.4428344592261,65.57871875,1055.4804793568949,3443.1931532427084,474.4991970129713,0.03439596063988095,50.797045407738096,3052.257767874306,352.11690448037757,767.4428344592261,65.57871875
2026-02-05 04:00:00+00:00,2590.87499,4466.288275,380.0074975,0.0316675,45.83361,4130.0698375,129.24083000000002,791.93658,38.0,2179.282790918615,3967.4084409238603,506.7977735478961,0.08299937275572208,44.55928523593649,5399.522588900869,166.36266259845894,789.4288329522096,47.37003738364241,1055.4804793568949,3443.1931532427084,474.4991970129713,0.03439596063988095,50.797045407738096,3052.257767874306,352.11690448037757,767.4428344592261,65.57871875,1055.4804793568949,3443.1931532427084,474.4991970129713,0.03439596063988095,50.797045407738096,3052.257767874306,352.11690448037757,767.4428344592261,65.57871875
2026-02-05 05:00:00+00:00,2789.7575175,5023.842395,351.7249975,0.10333250000000002,45.83361,5469.647085,129.39823999999996,793.35158,35.0,2579.9386569267963,4166.349117951155,507.06724681840734,0.18640963833460075,44.02862167264871,6400.146204356901,234.927255186659,785.2271960898523,46.80235217615217,1055.4804793568949,3443.1931532427084,474.4991970129713,0.03439596063988095,50.797045407738096,3052.257767874306,352.11690448037757,767.4428344592261,65.57871875,1055.4804793568949,3443.1931532427084,474.4991970129713,0.03439596063988095,50.797045407738096,3052.257767874306,352.11690448037757,767.4428344592261,65.57871875
2026-02-05 06:00:00+00:00,2994.4858425,5117.60006,351.6875025,0.09833250000000002,45.83361,6730.751985,217.08574000000002,795.91408,35.0,2739.7696434838454,4393.119004123629,520.6986054740196,0.059725770760890695,43.878233546976396,7608.56517466303,610.7777851482263,777.8004134385585,48.062754072389765,1055.4804793568949,3443.1931532427084,474.4991970129713,0.03439596063988095,50.797045407738096,3052.257767874306,352.11690448037757,767.4428344592261,65.57871875,1055.4804793568949,3443.1931532427084,474.4991970129713,0.03439596063988095,50.797045407738096,3052.257767874306,352.11690448037757,767.4428344592261,65.57871875
2026-02-05 07:00:00+00:00,2906.6924975,5104.6191725,358.6399975,0.0333325,45.83361,7057.68746,820.49799,797.35408,33.0,2827.950189685361,4593.047628577178,524.9665840181791,0.04687557896232351,42.95578267340585,7761.296619356215,840.5015447168728,777.9420314557049,46.47175919471945,1055.4804793568949,3443.1931532427084,474.4991970129713,0.03439596063988095,50.797045407738096,3052.257767874306,352.11690448037757,767.4428344592261,65.57871875,1055.4804793568949,3443.1931532427084,474.4991970129713,0.03439596063988095,50.797045407738096,3052.257767874306,352.11690448037757,767.4428344592261,65.57871875
2026-02-05 08:00:00+00:00,2883.069165,5107.7051375,358.46,0.0333325,45.83361,7068.215595,645.233885,797.35408,39.0,2852.5059790556998,4602.693823293577,525.8724418703268,0.04940110539829212,43.011657470435324,7723.56716110653,738.9004016664715,788.6048093058167,46.11912633385724,1055.4804793568949,3443.1931532427084,474.4991970129713,0.03439596063988095,50.797045407738096,3052.257767874306,352.11690448037757,767.4428344592261,65.57871875,1055.4804793568949,3443.1931532427084,474.4991970129713,0.03439596063988095,50.797045407738096,3052.257767874306,352.11690448037757,767.4428344592261,65.57871875
2026-02-05 09:00:00+00:00,2533.8999975,5088.5684550000005,351.7175,0.135,45.83361,7395.976965,419.04703,796.76858,40.0,2811.9797930659383,4733.035808092774,506.7404307636221,0.05017979608431801,42.60562721062761,7342.045689154478,313.7441139980729,787.3998196541556,47.58946002679488,1055.4804793568949,3443.1931532427084,474.4991970129713,0.03439596063988095,50.797045407738096,3052.257767874306,352.11690448037757,767.4428344592261,65.57871875,1055.4804793568949,3443.1931532427084,474.4991970129713,0.03439596063988095,50.797045407738096,3052.257767874306,352.11690448037757,767.4428344592261,65.57871875
2026-02-05 10:00:00+00:00,2572.7333275,5115.483595,370.1750025,0.131665,45.83361,7315.6080975,151.05703,797.051955,40.0,2377.486517409062,4551.472522478186,488.7940956666351,0.06775323697215449,42.97555448795677,7132.533637995104,138.28474473919573,788.0816087423144,49.401565456923855,1055.4804793568949,3443.1931532427084,474.4991970129713,0.03439596063988095,50.797045407738096,3052.257767874306,352.11690448037757,767.4428344592261,65.57871875,1055.4804793568949,3443.1931532427084,474.4991970129713,0.03439596063988095,50.797045407738096,3052.257767874306,352.11690448037757,767.4428344592261,65.57871875
2026-02-05 11:00:00+00:00,2397.6741549999997,5021.1815575,412.28666999999996,0.0333325,45.83361,7204.5146724999995,129.615545,797.90208,40.0,2283.960521594442,4038.1490117939325,471.94804069016806,0.05442815436567567,43.24715307148732,7016.087306880256,128.1958011729294,784.1456222270848,48.122268494549814,1055.4804793568949,3443.1931532427084,474.4991970129713,0.03439596063988095,50.797045407738096,3052.257767874306,352.11690448037757,767.4428344592261,65.57871875,1055.4804793568949,3443.1931532427084,474.4991970129713,0.03439596063988095,50.797045407738096,3052.257767874306,352.11690448037757,767.4428344592261,65.57871875
2026-02-05 12:00:00+00:00,2381.2774950000003,4982.191965,408.41667,0.0,45.83361,7029.14244,129.51902,797.90208,40.0,2154.092395616889,4119.2668256434545,447.8886286353416,0.07359355246157984,42.95261714750418,6546.352263356122,119.00968010648702,783.849875688594,52.38683605914868,1055.4804793568949,3443.1931532427084,474.4991970129713,0.03439596063988095,50.797045407738096,3052.257767874306,352.11690448037757,767.4428344592261,65.57871875,1055.4804793568949,3443.1931532427084,474.4991970129713,0.03439596063988095,50.797045407738096,3052.257767874306,352.11690448037757,767.4428344592261,65.57871875
2026-02-05 13:00:00+00:00,2461.7433275000003,5098.56685,403.40999999999997,0.066665,45.83361,7061.7848075,129.51902,797.90208,40.0,2191.193539795283,4409.117001184466,462.0477674262664,0.06277659694066574,43.61469933918902,6343.181631226251,152.7073749271097,787.2955313937881,55.12187925879353,1055.4804793568949,3443.1931532427084,474.4991970129713,0.03439596063988095,50.797045407738096,3052.257767874306,352.11690448037757,767.4428344592261,65.57871875,1055.4804793568949,3443.1931532427084,474.4991970129713,0.03439596063988095,50.797045407738096,3052.257767874306,352.11690448037757,767.4428344592261,65.57871875
2026-02-05 14:00:00+00:00,2509.5783275,5092.8195775,369.904165,0.0,45.83361,7202.7326775,145.71208749999997,797.90208,40.0,2523.3931239762132,4653.125351261635,471.11215141685426,0.05754885064857679,43.93426482174691,6827.934531401419,181.92119156189,794.9885956817442,50.137049910637714,1055.4804793568949,3443.1931532427084,474.4991970129713,0.03439596063988095,50.797045407738096,3052.257767874306,352.11690448037757,767.4428344592261,65.57871875,1055.4804793568949,3443.1931532427084,474.4991970129713,0.03439596063988095,50.797045407738096,3052.257767874306,352.11690448037757,767.4428344592261,65.57871875
2026-02-05 15:00:00+00:00,2600.2933350000003,5247.835735000001,387.7550025,0.1,45.83361,7241.942772499999,280.60386000000005,798.30008,40.0,2551.1596017941606,5020.406094483024,483.26559230297244,0.046897739671957386,44.58029751861764,7113.123693384738,389.36069937655185,788.6227825465156,53.237225573976644,1055.4804793568949,3443.1931532427084,474.4991970129713,0.03439596063988095,50.797045407738096,3052.257767874306,352.11690448037757,767.4428344592261,65.57871875,1055.4804793568949,3443.1931532427084,474.4991970129713,0.03439596063988095,50.797045407738096,3052.257767874306,352.11690448037757,767.4428344592261,65.57871875
2026-02-05 16:00:00+00:00,2606.4024975,5307.7628925,379.5133325,0.0683325,45.83361,7288.611667499999,994.9824849999999,799.47358,40.0,2743.962914238222,4777.024957948563,512.6677674643834,0.0542694652777481,43.22597866195682,7514.100089282529,585.142246881626,799.1757897213498,53.60593026719708,1055.4804793568949,3443.1931532427084,474.4991970129713,0.03439596063988095,50.797045407738096,3052.257767874306,352.11690448037757,767.4428344592261,65.57871875,1055.4804793568949,3443.1931532427084,474.4991970129713,0.03439596063988095,50.797045407738096,3052.257767874306,352.11690448037757,767.4428344592261,65.57871875
2026-02-05 17:00:00+00:00,2607.7600025,5219.719875000001,386.2366675,0.0,45.83361,7405.5411625,1146.4022499999999,800.11908,40.0,2901.3663884978023,4439.2823583285135,570.6396502067566,0.07526591982804431,43.08393887793539,7780.416635429587,520.469645320421,779.7145107039026,45.983177777112545,1055.4804793568949,3443.1931532427084,474.4991970129713,0.03439596063988095,50.797045407738096,3052.257767874306,352.11690448037757,767.4428344592261,65.57871875,1055.4804793568949,3443.1931532427084,474.4991970129713,0.03439596063988095,50.797045407738096,3052.257767874306,352.11690448037757,767.4428344592261,65.57871875
2026-02-05 18:00:00+00:00,2602.577485,5163.829315,389.2641675,0.0333325,45.83361,7410.468255,870.021715,800.11908,40.0,2784.4218187519464,4720.065691691557,475.0121911627743,0.04366665111544185,43.70109514563215,7466.13837661553,338.5728872310644,786.0641224266753,46.69982620851012,1055.4804793568949,3443.1931532427084,474.4991970129713,0.03439596063988095,50.797045407738096,3052.257767874306,352.11690448037757,767.4428344592261,65.57871875,1055.4804793568949,3443.1931532427084,474.4991970129713,0.03439596063988095,50.797045407738096,3052.257767874306,352.11690448037757,767.4428344592261,65.57871875
2026-02-05 19:00:00+00:00,2514.24417,5189.507635,402.44,0.265,45.83361,7347.229079999999,446.17975,800.11908,40.0,2269.980193397055,4588.386808901891,452.0695133081421,0.05971974085226325,49.18946318578063,7167.986084074684,255.47564745552427,788.5609789056688,50.582517159339126,1055.4804793568949,3443.1931532427084,474.4991970129713,0.03439596063988095,50.797045407738096,3052.257767874306,352.11690448037757,767.4428344592261,65.57871875,1055.4804793568949,3443.1931532427084,474.4991970129713,0.03439596063988095,50.797045407738096,3052.257767874306,352.11690448037757,767.4428344592261,65.57871875
2026-02-05 20:00:00+00:00,2449.273315,5161.1558475,394.597505,0.0333325,45.83361,6817.3832649999995,166.93975,800.11908,40.0,1977.3621908733082,4416.511078540251,467.5908078517509,0.07153494947338547,48.564654005523465,6743.719538200174,209.12789214945474,803.8260408691287,46.716588004292994,1055.4804793568949,3443.1931532427084,474.4991970129713,0.03439596063988095,50.797045407738096,3052.257767874306,352.11690448037757,767.4428344592261,65.57871875,1055.4804793568949,3443.1931532427084,474.4991970129713,0.03439596063988095,50.797045407738096,3052.257767874306,352.11690448037757,767.4428344592261,65.57871875
2026-02-05 21:00:00+00:00,2362.035825,5144.3947325,385.9983325,0.13333250000000002,45.83361,6654.580855,131.182715,798.81108,40.0,2220.9301884786246,4168.00972234898,497.5321752940868,0.08222490468083872,47.89020467147949,6504.12582897553,214.62749341519,802.6024433448064,43.85651755794847,1055.4804793568949,3443.1931532427084,474.4991970129713,0.03439596063988095,50.797045407738096,3052.257767874306,352.11690448037757,767.4428344592261,65.57871875,1055.4804793568949,3443.1931532427084,474.4991970129713,0.03439596063988095,50.797045407738096,3052.257767874306,352.11690448037757,767.4428344592261,65.57871875
2026-02-05 22:00:00+00:00,2301.48917,5146.4595174999995,391.6216675,0.19666749999999997,45.83361,6444.9855824999995,131.34161,798.02208,40.0,2127.6003332581085,4039.006239884675,487.33748768141623,0.06977451539253574,48.751051706761984,5877.803929606786,142.20445839042074,799.8400019201537,44.923614928457766,1055.4804793568949,3443.1931532427084,474.4991970129713,0.03439596063988095,50.797045407738096,3052.257767874306,352.11690448037757,767.4428344592261,65.57871875,1055.4804793568949,3443.1931532427084,474.4991970129713,0.03439596063988095,50.797045407738096,3052.257767874306,352.11690448037757,767.4428344592261,65.57871875
2026-02-05 23:00:00+00:00,2288.382485,5138.8206875,465.1125025,0.2016675,45.83361,6254.9375275,121.31504000000001,793.75358,41.0,2043.4067059764097,4202.638849916764,477.9432353374139,0.049300008423613054,48.404734104342985,5663.867284613798,144.57511125233415,813.599809567734,43.19161433762004,1055.4804793568949,3443.1931532427084,474.4991970129713,0.03439596063988095,50.797045407738096,3052.257767874306,352.11690448037757,767.4428344592261,65.57871875,1055.4804793568949,3443.1931532427084,474.4991970129713,0.03439596063988095,50.797045407738096,3052.257767874306,352.11690448037757,767.4428344592261,65.57871875
2026-02-06 00:00:00+00:00,2284.6808125,5150.5920175,491.467505,0.265,45.83361,6228.4873575,121.36255999999995,795.24858,41.0,1922.6935028184803,4038.559728250233,496.108439827721,0.034821710495639875,48.47213133479311,5637.7589499197975,171.46007201084257,809.3290147714802,46.027922084469594,1055.4804793568949,3443.1931532427084,474.4991970129713,0.03439596063988095,50.797045407738096,3052.257767874306,352.11690448037757,767.4428344592261,65.57871875,1055.4804793568949,3443.1931532427084,474.4991970129713,0.03439596063988095,50.797045407738096,3052.257767874306,352.11690448037757,767.4428344592261,65.57871875
2026-02-06 01:00:00+00:00,2283.655835,5144.2928875,509.844165,0.09833250000000002,45.83361,6330.4402549999995,121.50511999999998,794.96158,41.0,1955.0444483342949,3923.291653790529,495.867749820718,0.028762759344264144,48.31244391661505,5503.560054829964,233.09733684191553,806.27720104544,48.38515911215586,1055.4804793568949,3443.1931532427084,474.4991970129713,0.03439596063988095,50.797045407738096,3052.257767874306,352.11690448037757,767.4428344592261,65.57871875,1055.4804793568949,3443.1931532427084,474.4991970129713,0.03439596063988095,50.797045407738096,3052.257767874306,352.11690448037757,767.4428344592261,65.57871875
2026-02-06 02:00:00+00:00,2285.0516475,5143.6531675,544.0966675,0.0,45.83361,6361.4801525,121.07298500000002,794.96158,41.0,1905.4022109362036,4188.521333834685,510.7875327158737,0.015587768879787862,49.640525499861134,5521.691042434514,227.89979286549703,812.5110851323269,49.985997897459384,1055.4804793568949,3443.1931532427084,474.4991970129713,0.03439596063988095,50.797045407738096,3052.257767874306,352.11690448037757,767.4428344592261,65.57871875,1055.4804793568949,3443.1931532427084,474.4991970129713,0.03439596063988095,50.797045407738096,3052.257767874306,352.11690448037757,767.4428344592261,65.57871875
2026-02-06 03:00:00+00:00,2306.45098,5125.6412225,542.308005,0.0,45.83361,6644.772695,129.4836275,794.96158,40.0,1968.3436404225579,4142.919988661165,503.8387433072146,0.026390255286280518,48.630555233512105,6006.788970722102,220.27978550665287,810.7307266944886,49.97885480597584,1055.4804793568949,3443.1931532427084,474.4991970129713,0.03439596063988095,50.797045407738096,3052.257767874306,352.11690448037757,767.4428344592261,65.57871875,1055.4804793568949,3443.1931532427084,474.4991970129713,0.03439596063988095,50.797045407738096,3052.257767874306,352.11690448037757,767.4428344592261,65.57871875
2026-02-06 04:00:00+00:00,2434.7625075,4937.50156,530.1008325,0.0666675,45.83361,6566.163595,129.73979,794.96158,38.0,1947.1309636297829,3990.386945680593,487.55220710234215,0.07748659358123611,48.12601463120303,6120.405219234657,162.76402942385624,813.2994680848675,48.673571126976604,1055.4804793568949,3443.1931532427084,474.4991970129713,0.03439596063988095,50.797045407738096,3052.257767874306,352.11690448037757,767.4428344592261,65.57871875,1055.4804793568949,3443.1931532427084,474.4991970129713,0.03439596063988095,50.797045407738096,3052.257767874306,352.11690448037757,767.4428344592261,65.57871875
2026-02-06 05:00:00+00:00,2511.4700125,4855.8844975,540.5891675,0.2475,45.83361,6748.04684,251.60343,796.37658,40.0,1932.6177659146047,4032.202584559771,486.380871341566,0.1456485267258006,48.681773831518946,7099.6389109118645,320.3029274217934,818.3293142201102,44.70124728384404,1055.4804793568949,3443.1931532427084,474.4991970129713,0.03439596063988095,50.797045407738096,3052.257767874306,352.11690448037757,767.4428344592261,65.57871875,1055.4804793568949,3443.1931532427084,474.4991970129713,0.03439596063988095,50.797045407738096,3052.257767874306,352.11690448037757,767.4428344592261,65.57871875
2026-02-06 06:00:00+00:00,2610.9358549999997,4961.427412499999,529.12,0.0333325,45.83361,7238.10125,679.468525,798.93858,40.0,2380.8908201778113,3952.9248459856954,518.4029665013672,0.03850622400800082,48.69319595786367,7518.617996155339,610.4042611757031,827.0737196704038,47.05152929317853,1055.4804793568949,3443.1931532427084,474.4991970129713,0.03439596063988095,50.797045407738096,3052.257767874306,352.11690448037757,767.4428344592261,65.57871875,1055.4804793568949,3443.1931532427084,474.4991970129713,0.03439596063988095,50.797045407738096,3052.257767874306,352.11690448037757,767.4428344592261,65.57871875
2026-02-06 07:00:00+00:00,2614.8066625,5150.3668575,526.2308325,0.0,45.83361,7231.0236,1499.77917,801.12258,40.0,2630.665785523026,3685.986404206284,534.476193395031,0.032049469869086154,47.32035345447921,7724.5475722160845,935.524122537072,810.7765764552719,46.93541487683878,1055.4804793568949,3443.1931532427084,474.4991970129713,0.03439596063988095,50.797045407738096,3052.257767874306,352.11690448037757,767.4428344592261,65.57871875,1055.4804793568949,3443.1931532427084,474.4991970129713,0.03439596063988095,50.797045407738096,3052.257767874306,352.11690448037757,767.4428344592261,65.57871875
2026-02-06 08:00:00+00:00,2596.3566575,5173.48847,529.0875025,0.13333250000000002,45.83361,7169.985257499999,888.1072499999999,800.55583,40.0,2542.139570701225,4395.933786740914,517.0109699195336,0.051405568271988875,46.66179326713265,7627.865116366294,661.2938483844448,807.0430465272603,46.56788158715486,1055.4804793568949,3443.1931532427084,474.4991970129713,0.03439596063988095,50.797045407738096,3052.257767874306,352.11690448037757,767.4428344592261,65.57871875,1055.4804793568949,3443.1931532427084,474.4991970129713,0.03439596063988095,50.797045407738096,3052.257767874306,352.11690448037757,767.4428344592261,65.57871875
2026-02-06 09:00:00+00:00,2615.22585,5170.654845,550.1916675,0.1875,45.83361,6786.210097499999,602.3883500000001,800.53658,40.0,2458.858215225143,4509.299923859424,501.2329375788707,0.05995929969164756,46.603394927139256,7439.350551225687,453.67187048078324,809.8266585806058,48.79083202836071,1055.4804793568949,3443.1931532427084,474.4991970129713,0.03439596063988095,50.797045407738096,3052.257767874306,352.11690448037757,767.4428344592261,65.57871875,1055.4804793568949,3443.1931532427084,474.4991970129713,0.03439596063988095,50.797045407738096,3052.257767874306,352.11690448037757,767.4428344592261,65.57871875
2026-02-06 10:00:00+00:00,2612.1708325,5162.960552500001,543.829165,0.1633325,45.83361,6436.6116275,392.0836,800.53658,40.0,2520.5131663771626,4526.640155210499,496.87528758637444,0.0523957599381219,46.54681972813143,7456.8674430261,224.15559220673703,804.8461932241306,50.38694651648616,1055.4804793568949,3443.1931532427084,474.4991970129713,0.03439596063988095,50.797045407738096,3052.257767874306,352.11690448037757,767.4428344592261,65.57871875,1055.4804793568949,3443.1931532427084,474.4991970129713,0.03439596063988095,50.797045407738096,3052.257767874306,352.11690448037757,767.4428344592261,65.57871875
2026-02-06 11:00:00+00:00,2600.54251,5140.5785175,551.1675,0.0333325,45.83361,6404.939755,174.20398749999998,800.53658,40.0,2550.847715067947,4230.714042176588,494.73718194353177,0.026299330769234224,46.665862094772436,7192.2208120370215,251.7954515709299,805.1187659104655,50.35072081678132,1055.4804793568949,3443.1931532427084,474.4991970129713,0.03439596063988095,50.797045407738096,3052.257767874306,352.11690448037757,767.4428344592261,65.57871875,1055.4804793568949,3443.1931532427084,474.4991970129713,0.03439596063988095,50.797045407738096,3052.257767874306,352.11690448037757,767.4428344592261,65.57871875
2026-02-06 12:00:00+00:00,2582.0074925,5142.60049,504.08833,0.0333325,45.83361,6410.7429875,131.05550000000002,800.81558,40.0,2542.8257043665453,4073.3005300396417,473.8945577442972,0.020419121776876957,48.41812951769514,7135.865666078033,223.75647276785148,810.6486627531424,53.711404442551824,1055.4804793568949,3443.1931532427084,474.4991970129713,0.03439596063988095,50.797045407738096,3052.257767874306,352.11690448037757,767.4428344592261,65.57871875,1055.4804793568949,3443.1931532427084,474.4991970129713,0.03439596063988095,50.797045407738096,3052.257767874306,352.11690448037757,767.4428344592261,65.57871875
2026-02-06 13:00:00+00:00,2584.53,5128.24539,510.11,0.0316675,45.83361,6442.817685,131.05550000000002,800.90858,40.0,2194.5040281012853,4476.856811554376,474.8944106577066,0.028537606337904753,48.15708269703078,7219.153750684547,170.76981847594845,818.707185609332,59.86066770803209,1055.4804793568949,3443.1931532427084,474.4991970129713,0.03439596063988095,50.797045407738096,3052.257767874306,352.11690448037757,767.4428344592261,65.57871875,1055.4804793568949,3443.1931532427084,474.4991970129713,0.03439596063988095,50.797045407738096,3052.257767874306,352.11690448037757,767.4428344592261,65.57871875
2026-02-06 14:00:00+00:00,2603.1858349999998,5134.1042675,517.534165,0.0333325,45.83361,6614.6868374999995,132.89492,800.90858,40.0,2228.1980779712753,4476.264942709362,493.4936413774278,0.033124905434217054,47.71994695949092,7439.666989854884,261.0857733608321,829.730926263043,61.09924525791963,1055.4804793568949,3443.1931532427084,474.4991970129713,0.03439596063988095,50.797045407738096,3052.257767874306,352.11690448037757,767.4428344592261,65.57871875,1055.4804793568949,3443.1931532427084,474.4991970129713,0.03439596063988095,50.797045407738096,3052.257767874306,352.11690448037757,767.4428344592261,65.57871875
2026-02-06 15:00:00+00:00,2619.3083425,5159.12058,491.0550025,0.066665,45.83361,6732.40553,244.47432999999998,801.30658,40.0,2037.60251556723,4466.99759937267,495.3317735711235,0.018521412305503086,48.491769939108046,7334.907765772961,438.1981585115189,833.6939927509715,60.752586837507835,1055.4804793568949,3443.1931532427084,474.4991970129713,0.03439596063988095,50.797045407738096,3052.257767874306,352.11690448037757,767.4428344592261,65.57871875,1055.4804793568949,3443.1931532427084,474.4991970129713,0.03439596063988095,50.797045407738096,3052.257767874306,352.11690448037757,767.4428344592261,65.57871875
2026-02-06 16:00:00+00:00,2623.0116675,5095.000410000001,451.6575,0.0,45.83361,6611.6758475,537.09844,802.02658,40.0,2370.3981858354,4706.574904484665,516.4240057208483,0.0178209804617559,49.00767706332209,7179.836979209898,886.8475800544985,848.5869350365303,56.247648199389175,1055.4804793568949,3443.1931532427084,474.4991970129713,0.03439596063988095,50.797045407738096,3052.257767874306,352.11690448037757,767.4428344592261,65.57871875,1055.4804793568949,3443.1931532427084,474.4991970129713,0.03439596063988095,50.797045407738096,3052.257767874306,352.11690448037757,767.4428344592261,65.57871875
2026-02-06 17:00:00+00:00,2623.3541674999997,4576.2836975,507.1816675,0.035,45.83361,6765.2417399999995,361.36407999999994,802.67208,40.0,2524.261657329743,4534.674001615991,501.2873128745905,0.06410815607898696,45.420304976524235,7388.810443783443,867.9857890185501,806.1596812565646,50.310965902202504,1055.4804793568949,3443.1931532427084,474.4991970129713,0.03439596063988095,50.797045407738096,3052.257767874306,352.11690448037757,767.4428344592261,65.57871875,1055.4804793568949,3443.1931532427084,474.4991970129713,0.03439596063988095,50.797045407738096,3052.257767874306,352.11690448037757,767.4428344592261,65.57871875
2026-02-06 18:00:00+00:00,2620.5274875,4074.5657899999997,494.2266675,0.0,45.83361,6751.377930000001,133.4117,802.67208,40.0,2322.7047607557943,4556.317250725133,492.6678492226513,0.08254556522014458,46.39479161205205,7240.631042147808,355.21669468182915,806.0486682155769,50.456331222779205,1055.4804793568949,3443.1931532427084,474.4991970129713,0.03439596063988095,50.797045407738096,3052.257767874306,352.11690448037757,767.4428344592261,65.57871875,1055.4804793568949,3443.1931532427084,474.4991970129713,0.03439596063988095,50.797045407738096,3052.257767874306,352.11690448037757,767.4428344592261,65.57871875
2026-02-06 19:00:00+00:00,2520.83751,4063.5112225000003,494.0475025,0.101665,45.83361,6731.9381025,133.47803,802.67208,40.0,2141.974597714782,4270.587156353628,476.8642281470968,0.09670178976137897,47.36026887281962,6487.044414273733,193.4429383294646,806.674107238708,47.59917822265999,1055.4804793568949,3443.1931532427084,474.4991970129713,0.03439596063988095,50.797045407738096,3052.257767874306,352.11690448037757,767.4428344592261,65.57871875,1055.4804793568949,3443.1931532427084,474.4991970129713,0.03439596063988095,50.797045407738096,3052.257767874306,352.11690448037757,767.4428344592261,65.57871875
2026-02-06 20:00:00+00:00,2477.0991525,4077.17307,501.6350025,0.063335,45.83361,6705.681155,132.32146249999997,802.67208,40.25,1974.6788480447035,4332.655539228236,464.286587772671,0.06206654340328517,47.36976152078128,5824.872116433996,223.74755189076018,807.2018505512739,49.56626790359974,1055.4804793568949,3443.1931532427084,474.4991970129713,0.03439596063988095,50.797045407738096,3052.257767874306,352.11690448037757,767.4428344592261,65.57871875,1055.4804793568949,3443.1931532427084,474.4991970129713,0.03439596063988095,50.797045407738096,3052.257767874306,352.11690448037757,767.4428344592261,65.57871875
2026-02-06 21:00:00+00:00,2384.939165,4095.1359724999998,460.108335,0.0333325,45.83361,6210.71776,131.1270275,801.36408,41.0,1747.1113257551688,3990.9152457959894,469.3996297470545,0.08375785863442407,47.658322957593214,5495.537818037323,210.78874201943927,811.1657263124173,49.89269148930434,1055.4804793568949,3443.1931532427084,474.4991970129713,0.03439596063988095,50.797045407738096,3052.257767874306,352.11690448037757,767.4428344592261,65.57871875,1055.4804793568949,3443.1931532427084,474.4991970129713,0.03439596063988095,50.797045407738096,3052.257767874306,352.11690448037757,767.4428344592261,65.57871875
2026-02-06 22:00:00+00:00,2294.04502,4061.3235375,447.4875,0.1666675,45.83361,5937.0500925,131.34161,800.57558,41.0,1506.9399131087243,3952.4703851494032,468.1640499787218,0.1191447477224015,48.45321333626229,4796.21283542525,203.3129142538144,806.1980646038245,51.132139935759,1055.4804793568949,3443.1931532427084,474.4991970129713,0.03439596063988095,50.797045407738096,3052.257767874306,352.11690448037757,767.4428344592261,65.57871875,1055.4804793568949,3443.1931532427084,474.4991970129713,0.03439596063988095,50.797045407738096,3052.257767874306,352.11690448037757,767.4428344592261,65.57871875
2026-02-06 23:00:00+00:00,2197.6991525,4094.9579774999997,426.36583,0.066665,45.83361,5858.69234,122.78519000000003,796.01658,41.0,1440.866870757975,3736.286726321652,479.47420181407466,0.10200781585501201,48.42105712888423,4412.892519176352,155.1239259565992,797.2270148300603,52.128308013428274,1055.4804793568949,3443.1931532427084,474.4991970129713,0.03439596063988095,50.797045407738096,3052.257767874306,352.11690448037757,767.4428344592261,65.57871875,1055.4804793568949,3443.1931532427084,474.4991970129713,0.03439596063988095,50.797045407738096,3052.257767874306,352.11690448037757,767.4428344592261,65.57871875
2026-02-07 00:00:00+00:00,2164.478345,4128.7582025,454.769165,0.066665,45.83361,5782.8560775000005,121.46255000000002,794.992705,41.0,1550.7155954927046,3508.7149200757594,473.76508403372054,0.0752433771070665,48.59360359089718,4616.318468714087,161.12423981100054,791.9698089281115,50.67453377798916,1055.4804793568949,3443.1931532427084,474.4991970129713,0.03439596063988095,50.797045407738096,3052.257767874306,352.11690448037757,767.4428344592261,65.57871875,1055.4804793568949,3443.1931532427084,474.4991970129713,0.03439596063988095,50.797045407738096,3052.257767874306,352.11690448037757,767.4428344592261,65.57871875
2026-02-07 01:00:00+00:00,2162.41582,4073.1252,452.811665,0.19833250000000002,45.83361,5831.032585,121.9229,794.17458,41.0,1592.809994245489,3840.314310270139,467.0593293184808,0.05177870690177873,47.784631356899254,4209.266622348994,146.28609631916495,794.8202024115031,47.555566524654324,1055.4804793568949,3443.1931532427084,474.4991970129713,0.03439596063988095,50.797045407738096,3052.257767874306,352.11690448037757,767.4428344592261,65.57871875,1055.4804793568949,3443.1931532427084,474.4991970129713,0.03439596063988095,50.797045407738096,3052.257767874306,352.11690448037757,767.4428344592261,65.57871875
2026-02-07 02:00:00+00:00,2168.49831,4084.815905,457.701665,0.1,45.83361,5770.3714275,121.18039999999999,793.33758,40.0,1477.0428070538999,3604.3343157597724,489.46727117859183,0.021007269339916965,47.83377222913362,4201.269491889185,151.50952537992023,792.8246722367983,47.225251727784624,1055.4804793568949,3443.1931532427084,474.4991970129713,0.03439596063988095,50.797045407738096,3052.257767874306,352.11690448037757,767.4428344592261,65.57871875,1055.4804793568949,3443.1931532427084,474.4991970129713,0.03439596063988095,50.797045407738096,3052.257767874306,352.11690448037757,767.4428344592261,65.57871875
2026-02-07 03:00:00+00:00,2167.8440275000003,4089.39495,466.858105,0.0683325,45.83361,5699.2242750000005,121.26158000000001,793.33758,39.0,1486.3368916345785,3578.768435276763,493.59196548530986,0.03399836591318452,47.644036640910294,4224.341493329361,144.93130334789376,793.4327187148949,45.97782659518218,1055.4804793568949,3443.1931532427084,474.4991970129713,0.03439596063988095,50.797045407738096,3052.257767874306,352.11690448037757,767.4428344592261,65.57871875,1055.4804793568949,3443.1931532427084,474.4991970129713,0.03439596063988095,50.797045407738096,3052.257767874306,352.11690448037757,767.4428344592261,65.57871875
2026-02-07 04:00:00+00:00,2226.01249,4087.8979675,466.5800025,0.0,45.83361,5714.4149975,129.90511999999998,793.33758,39.0,1520.4849685220722,3504.0365654625502,498.33210565588473,0.03231457779995299,48.179173872471736,3905.241664068727,159.8305742983524,798.7029768030488,49.27694805811973,1055.4804793568949,3443.1931532427084,474.4991970129713,0.03439596063988095,50.797045407738096,3052.257767874306,352.11690448037757,767.4428344592261,65.57871875,1055.4804793568949,3443.1931532427084,474.4991970129713,0.03439596063988095,50.797045407738096,3052.257767874306,352.11690448037757,767.4428344592261,65.57871875
2026-02-07 05:00:00+00:00,2327.3058225,4034.062435,459.0608325,0.13000250000000002,45.83361,5781.0510075,130.447145,794.75208,39.0,1583.1091788355834,3724.5245373732487,485.03768344869525,0.06580236562832001,47.30846648838405,4470.594325125588,215.4717811764935,803.0426357822995,52.94376113744953,1055.4804793568949,3443.1931532427084,474.4991970129713,0.03439596063988095,50.797045407738096,3052.257767874306,352.11690448037757,767.4428344592261,65.57871875,1055.4804793568949,3443.1931532427084,474.4991970129713,0.03439596063988095,50.797045407738096,3052.257767874306,352.11690448037757,767.4428344592261,65.57871875
2026-02-07 06:00:00+00:00,2354.556655,4042.3633474999997,440.9408325,0.063335,45.83361,5967.0984725,131.120345,797.64358,35.75,1423.5000095096195,3858.056383013968,475.80843126505863,0.007210369026773262,50.65513628634253,4381.584148715105,290.02851128151707,832.0467624629724,59.84344822642806,1055.4804793568949,3443.1931532427084,474.4991970129713,0.03439596063988095,50.797045407738096,3052.257767874306,352.11690448037757,767.4428344592261,65.57871875,1055.4804793568949,3443.1931532427084,474.4991970129713,0.03439596063988095,50.797045407738096,3052.257767874306,352.11690448037757,767.4428344592261,65.57871875
2026-02-07 07:00:00+00:00,2382.98749,4048.29883,444.85749749999997,0.101665,45.83361,6149.659925,131.05550000000002,799.91383,35.0,1429.2502487086924,3868.3078887708634,470.9912428362484,0.030672172961520368,48.81669699738582,4638.568279905258,356.0265949001018,827.4556578424142,60.58524484286132,1055.4804793568949,3443.1931532427084,474.4991970129713,0.03439596063988095,50.797045407738096,3052.257767874306,352.11690448037757,767.4428344592261,65.57871875,1055.4804793568949,3443.1931532427084,474.4991970129713,0.03439596063988095,50.797045407738096,3052.257767874306,352.11690448037757,767.4428344592261,65.57871875
2026-02-07 08:00:00+00:00,2382.6291575,4047.945465,477.61249499999997,0.0,45.83361,6077.8273925,131.123315,800.0873300000001,35.0,1526.0962067397204,3762.829196382462,469.27569728550475,0.019336394250132272,49.80486413296387,4657.957983190006,297.4986230524946,815.9655723684198,62.90794943487851,1055.4804793568949,3443.1931532427084,474.4991970129713,0.03439596063988095,50.797045407738096,3052.257767874306,352.11690448037757,767.4428344592261,65.57871875,1055.4804793568949,3443.1931532427084,474.4991970129713,0.03439596063988095,50.797045407738096,3052.257767874306,352.11690448037757,767.4428344592261,65.57871875
2026-02-07 09:00:00+00:00,2302.1241725,3995.919465,442.6925025,0.2175,45.83361,6026.7658425,132.307355,799.24108,35.0,1376.8152691301348,3964.954325054795,453.5778487738436,0.0723783067921191,48.360866853332496,4354.185633203812,187.91854661807082,811.270020777197,65.26083849743073,1055.4804793568949,3443.1931532427084,474.4991970129713,0.03439596063988095,50.797045407738096,3052.257767874306,352.11690448037757,767.4428344592261,65.57871875,1055.4804793568949,3443.1931532427084,474.4991970129713,0.03439596063988095,50.797045407738096,3052.257767874306,352.11690448037757,767.4428344592261,65.57871875
2026-02-07 10:00:00+00:00,2153.6024875000003,4013.33898,457.37583,0.1,45.83361,5955.485325,134.3351225,799.24108,35.0,1493.9854025847033,4053.593270219826,420.0807592131811,0.04677395726604722,47.825395514057846,3567.0242360010716,165.52197530995406,797.2618308905204,66.98256182592559,1055.4804793568949,3443.1931532427084,474.4991970129713,0.03439596063988095,50.797045407738096,3052.257767874306,352.11690448037757,767.4428344592261,65.57871875,1055.4804793568949,3443.1931532427084,474.4991970129713,0.03439596063988095,50.797045407738096,3052.257767874306,352.11690448037757,767.4428344592261,65.57871875
2026-02-07 11:00:00+00:00,2329.6674900000003,4003.6142250000003,495.363335,0.2983325,45.83361,6026.687805,135.658505,799.24108,35.0,1117.5622544739026,4113.283894986193,431.2758081322138,0.049596687258713995,47.82852191428752,2941.3917432580806,152.8886121883382,786.362589992961,67.1807100708568,1055.4804793568949,3443.1931532427084,474.4991970129713,0.03439596063988095,50.797045407738096,3052.257767874306,352.11690448037757,767.4428344592261,65.57871875,1055.4804793568949,3443.1931532427084,474.4991970129713,0.03439596063988095,50.797045407738096,3052.257767874306,352.11690448037757,767.4428344592261,65.57871875
2026-02-07 12:00:00+00:00,2332.9575075000002,4014.6180475,574.342495,0.131665,45.83361,6000.978590000001,136.439615,798.88058,35.0,936.1063072186046,4285.3411985145185,414.04173778157906,0.0432161629942306,49.50899646816618,3158.2051605309834,166.78892748647212,793.2853159786122,65.46053578542922,1055.4804793568949,3443.1931532427084,474.4991970129713,0.03439596063988095,50.797045407738096,3052.257767874306,352.11690448037757,767.4428344592261,65.57871875,1055.4804793568949,3443.1931532427084,474.4991970129713,0.03439596063988095,50.797045407738096,3052.257767874306,352.11690448037757,767.4428344592261,65.57871875
2026-02-07 13:00:00+00:00,2331.0108175,3903.7529575,526.0583325,0.2350025,45.83361,6020.7657500000005,137.77067,798.69483,35.0,1107.5117232577275,4552.269514678379,431.5614403878799,0.0395221557351744,51.338782755582685,3169.3759138093783,165.46960444704038,795.1078914120358,70.83853524278003,1055.4804793568949,3443.1931532427084,474.4991970129713,0.03439596063988095,50.797045407738096,3052.257767874306,352.11690448037757,767.4428344592261,65.57871875,1055.4804793568949,3443.1931532427084,474.4991970129713,0.03439596063988095,50.797045407738096,3052.257767874306,352.11690448037757,767.4428344592261,65.57871875
2026-02-07 14:00:00+00:00,2317.4300125,3550.8783425,539.1624999999999,0.035,45.83361,6006.975565,138.6488,798.50908,35.0,1246.2650422472495,5008.827740292802,436.4512838270357,0.03050631368272935,49.32702123280099,4488.037967088729,223.65066171684325,816.7702696365114,75.98780424760211,1055.4804793568949,3443.1931532427084,474.4991970129713,0.03439596063988095,50.797045407738096,3052.257767874306,352.11690448037757,767.4428344592261,65.57871875,1055.4804793568949,3443.1931532427084,474.4991970129713,0.03439596063988095,50.797045407738096,3052.257767874306,352.11690448037757,767.4428344592261,65.57871875
2026-02-07 15:00:00+00:00,2379.0408424999996,3576.6920800000003,554.5991675,0.371665,45.83361,6097.980935,170.56383000000002,798.90708,35.75,1403.755122798654,4867.53280003687,470.7492865692559,0.039264509403467686,49.075488763431096,5377.737108060903,528.0316614021622,835.3877071916229,68.8056559337513,1055.4804793568949,3443.1931532427084,474.4991970129713,0.03439596063988095,50.797045407738096,3052.257767874306,352.11690448037757,767.4428344592261,65.57871875,1055.4804793568949,3443.1931532427084,474.4991970129713,0.03439596063988095,50.797045407738096,3052.257767874306,352.11690448037757,767.4428344592261,65.57871875
2026-02-07 16:00:00+00:00,2566.979985,3587.1920600000003,575.579165,0.135,45.83361,6157.5137725,446.1157975,799.62708,36.0,1444.4720245792096,4189.481289019556,477.3267174514722,0.0254989902933178,49.170369036703796,5982.373838384081,1027.6920996940821,832.3582014467365,67.25007648310603,1055.4804793568949,3443.1931532427084,474.4991970129713,0.03439596063988095,50.797045407738096,3052.257767874306,352.11690448037757,767.4428344592261,65.57871875,1055.4804793568949,3443.1931532427084,474.4991970129713,0.03439596063988095,50.797045407738096,3052.257767874306,352.11690448037757,767.4428344592261,65.57871875
2026-02-07 17:00:00+00:00,2580.05586,3581.6441675,577.925,0.0316675,45.83361,6334.990345,379.1697125,800.27258,36.0,1870.805403499358,3973.0455136496735,451.38800279229196,0.021744831590065322,47.079940664234684,6003.362431201296,1092.6084081562076,801.2610492535133,61.178933832054895,1055.4804793568949,3443.1931532427084,474.4991970129713,0.03439596063988095,50.797045407738096,3052.257767874306,352.11690448037757,767.4428344592261,65.57871875,1055.4804793568949,3443.1931532427084,474.4991970129713,0.03439596063988095,50.797045407738096,3052.257767874306,352.11690448037757,767.4428344592261,65.57871875
2026-02-07 18:00:00+00:00,2583.96333,3589.40239,495.175835,0.13333250000000002,45.83361,6325.0729225,771.5479374999999,800.27258,37.0,1728.5141266550886,4004.284474057791,455.67925048969255,0.06277947781247294,47.4440751207916,5964.269049781449,721.8610846816055,800.3440463178309,68.84368084912605,1055.4804793568949,3443.1931532427084,474.4991970129713,0.03439596063988095,50.797045407738096,3052.257767874306,352.11690448037757,767.4428344592261,65.57871875,1055.4804793568949,3443.1931532427084,474.4991970129713,0.03439596063988095,50.797045407738096,3052.257767874306,352.11690448037757,767.4428344592261,65.57871875
2026-02-07 19:00:00+00:00,2379.9033275,3612.394705,559.9366675,0.23166499999999998,45.83361,6184.713075,139.50416,800.27033,40.0,1604.3717773284889,4009.3354272677702,479.44373095724876,0.08013292842138725,48.765036031026284,5257.133066051607,327.3011967521616,808.5565542375218,59.47315793738257,1055.4804793568949,3443.1931532427084,474.4991970129713,0.03439596063988095,50.797045407738096,3052.257767874306,352.11690448037757,767.4428344592261,65.57871875,1055.4804793568949,3443.1931532427084,474.4991970129713,0.03439596063988095,50.797045407738096,3052.257767874306,352.11690448037757,767.4428344592261,65.57871875
2026-02-07 20:00:00+00:00,2304.21752,3571.5212175,577.445835,0.065,45.83361,6135.0207675,139.50416,800.27433,40.0,1682.5960432446404,4095.77745977285,474.09814554453243,0.08194542841213429,47.70326704322843,4818.354792579721,294.3151168971243,806.4288747554874,62.95231254849387,1055.4804793568949,3443.1931532427084,474.4991970129713,0.03439596063988095,50.797045407738096,3052.257767874306,352.11690448037757,767.4428344592261,65.57871875,1055.4804793568949,3443.1931532427084,474.4991970129713,0.03439596063988095,50.797045407738096,3052.257767874306,352.11690448037757,767.4428344592261,65.57871875
2026-02-07 21:00:00+00:00,2245.836655,3486.9574775,575.938335,0.23749999999999996,45.83361,5351.1570025,139.3004675,799.22158,40.0,1829.1316565957954,3816.1441844944816,495.32690792203687,0.1251781254074499,46.458457154902305,5298.719856284792,263.3556415578876,805.0008172983598,59.45257375440931,1055.4804793568949,3443.1931532427084,474.4991970129713,0.03439596063988095,50.797045407738096,3052.257767874306,352.11690448037757,767.4428344592261,65.57871875,1055.4804793568949,3443.1931532427084,474.4991970129713,0.03439596063988095,50.797045407738096,3052.257767874306,352.11690448037757,767.4428344592261,65.57871875
2026-02-07 22:00:00+00:00,1935.183325,3494.7581775,587.4999975000001,0.1,45.83361,4753.3645725,138.96955,798.43258,40.0,1760.5172297046547,3765.280910430447,502.22285437394174,0.12013520783096793,46.96986913126368,4841.323688982439,214.09684057548924,802.2342460782766,60.471679021551566,1055.4804793568949,3443.1931532427084,474.4991970129713,0.03439596063988095,50.797045407738096,3052.257767874306,352.11690448037757,767.4428344592261,65.57871875,1055.4804793568949,3443.1931532427084,474.4991970129713,0.03439596063988095,50.797045407738096,3052.257767874306,352.11690448037757,767.4428344592261,65.57871875
2026-02-07 23:00:00+00:00,1444.8050050000002,3508.097465,583.4208325,0.09666749999999999,45.83361,4230.71319,130.37156,792.28608,40.0,1644.8661467262295,3782.835493207924,517.2940568220714,0.11423189287115221,47.45603306302675,4346.920538072675,181.71596866473595,800.6401226872737,60.293852799088455,1055.4804793568949,3443.1931532427084,474.4991970129713,0.03439596063988095,50.797045407738096,3052.257767874306,352.11690448037757,767.4428344592261,65.57871875,1055.4804793568949,3443.1931532427084,474.4991970129713,0.03439596063988095,50.797045407738096,3052.257767874306,352.11690448037757,767.4428344592261,65.57871875
2026-02-08 00:00:00+00:00,1453.6508375,3492.7228649999997,572.3966674999999,0.065,45.83361,3517.8696675,130.4460575,791.61358,40.0,1681.2013434391465,3705.3319259962213,506.31631186135536,0.07800400212791844,47.83168952566478,3822.859960763025,155.50077812388722,800.0370940080777,58.991588918514715,1055.4804793568949,3443.1931532427084,474.4991970129713,0.03439596063988095,50.797045407738096,3052.257767874306,352.11690448037757,767.4428344592261,65.57871875,1055.4804793568949,3443.1931532427084,474.4991970129713,0.03439596063988095,50.797045407738096,3052.257767874306,352.11690448037757,767.4428344592261,65.57871875
2026-02-08 01:00:00+00:00,1458.4783475,3503.2879949999997,557.4850025000001,0.065,45.83361,3377.25317,130.04683999999997,791.32658,40.0,1459.3175814251563,3625.9463748030857,512.4457847434039,0.04219058633021582,47.87571335548101,3767.532129485035,149.66629598884944,801.9136442341672,51.091091899536636,1055.4804793568949,3443.1931532427084,474.4991970129713,0.03439596063988095,50.797045407738096,3052.257767874306,352.11690448037757,767.4428344592261,65.57871875,1055.4804793568949,3443.1931532427084,474.4991970129713,0.03439596063988095,50.797045407738096,3052.257767874306,352.11690448037757,767.4428344592261,65.57871875
2026-02-08 02:00:00+00:00,1460.9358275,3499.445985,600.7725,0.0,45.83361,3363.9279075,129.38651,791.32658,40.0,1600.8410438846736,3613.374558315771,521.5536897118906,0.03250125828629233,48.25742763308257,3779.2836057380287,149.3717557513436,806.2806087504869,51.940787976164415,1055.4804793568949,3443.1931532427084,474.4991970129713,0.03439596063988095,50.797045407738096,3052.257767874306,352.11690448037757,767.4428344592261,65.57871875,1055.4804793568949,3443.1931532427084,474.4991970129713,0.03439596063988095,50.797045407738096,3052.257767874306,352.11690448037757,767.4428344592261,65.57871875
2026-02-08 03:00:00+00:00,1461.87333,3502.7964575,575.2591675,0.0,45.83361,3368.4474975000003,129.49293500000002,791.32658,40.0,1760.3602161816286,3663.343336474098,525.0484797555412,0.03255957995873214,48.0015762489935,3770.846673924705,192.88106239507445,802.4756327127847,49.977436216531466,1055.4804793568949,3443.1931532427084,474.4991970129713,0.03439596063988095,50.797045407738096,3052.257767874306,352.11690448037757,767.4428344592261,65.57871875,1055.4804793568949,3443.1931532427084,474.4991970129713,0.03439596063988095,50.797045407738096,3052.257767874306,352.11690448037757,767.4428344592261,65.57871875
2026-02-08 04:00:00+00:00,1468.374995,3497.622355,587.670835,0.035,45.83361,3364.4625875,138.21221,791.32658,40.0,1701.637640116137,3989.0522059697923,522.9103427995624,0.049259254013908696,48.1789120620977,3531.327270492233,208.24164987126804,806.5797874875778,50.386802999229495,1055.4804793568949,3443.1931532427084,474.4991970129713,0.03439596063988095,50.797045407738096,3052.257767874306,352.11690448037757,767.4428344592261,65.57871875,1055.4804793568949,3443.1931532427084,474.4991970129713,0.03439596063988095,50.797045407738096,3052.257767874306,352.11690448037757,767.4428344592261,65.57871875
2026-02-08 05:00:00+00:00,1476.2283325,3498.3192725,628.464165,0.0,45.83361,3347.6445,141.03370999999999,793.65408,40.25,1651.8108334252129,4054.1195209047087,508.35782957135814,0.08477940119741684,47.75221020110772,3393.5044779079894,199.2531002260999,799.0690648092113,53.11540283473735,1055.4804793568949,3443.1931532427084,474.4991970129713,0.03439596063988095,50.797045407738096,3052.257767874306,352.11690448037757,767.4428344592261,65.57871875,1055.4804793568949,3443.1931532427084,474.4991970129713,0.03439596063988095,50.797045407738096,3052.257767874306,352.11690448037757,767.4428344592261,65.57871875
2026-02-08 06:00:00+00:00,1540.6650025,3478.7465075,615.9166700000001,0.0333325,45.83361,3405.16016,141.108455,796.89208,41.0,1832.1916716438457,4183.531531660317,509.2754923379514,0.0336001128939177,47.85901716579494,3202.3685015017327,295.0462068281794,817.5901087430522,51.294427002190595,1055.4804793568949,3443.1931532427084,474.4991970129713,0.03439596063988095,50.797045407738096,3052.257767874306,352.11690448037757,767.4428344592261,65.57871875,1055.4804793568949,3443.1931532427084,474.4991970129713,0.03439596063988095,50.797045407738096,3052.257767874306,352.11690448037757,767.4428344592261,65.57871875
2026-02-08 07:00:00+00:00,1581.7524975000001,3485.568945,631.3958325,0.0316675,45.83361,3491.6714174999997,141.1832,798.792205,41.0,1954.8090348314731,4056.412572307633,502.6455807807761,0.04921340498489715,47.825368420727976,3773.9902924810344,256.2799720695813,813.6821868475474,48.725989385194225,1055.4804793568949,3443.1931532427084,474.4991970129713,0.03439596063988095,50.797045407738096,3052.257767874306,352.11690448037757,767.4428344592261,65.57871875,1055.4804793568949,3443.1931532427084,474.4991970129713,0.03439596063988095,50.797045407738096,3052.257767874306,352.11690448037757,767.4428344592261,65.57871875
2026-02-08 08:00:00+00:00,1611.3416825,3470.80358,616.4225025,0.0683325,45.83361,3473.914755,140.66690499999999,798.225455,41.0,1736.537052538948,3852.7953792949784,490.12398835605615,0.05823142734310481,47.67713778653826,4023.2661403888696,265.9618305223531,803.2552346955389,46.63934257056313,1055.4804793568949,3443.1931532427084,474.4991970129713,0.03439596063988095,50.797045407738096,3052.257767874306,352.11690448037757,767.4428344592261,65.57871875,1055.4804793568949,3443.1931532427084,474.4991970129713,0.03439596063988095,50.797045407738096,3052.257767874306,352.11690448037757,767.4428344592261,65.57871875
2026-02-08 09:00:00+00:00,1529.3849875,3470.7363450000003,574.9099975,0.098335,45.83361,3375.2793325,139.565035,798.48958,41.0,1956.1936143137189,3637.1563895967606,464.1147167514241,0.05797679045749149,47.25548674015176,3994.696046221823,178.57276438857002,800.4827065145519,47.08426939887687,1055.4804793568949,3443.1931532427084,474.4991970129713,0.03439596063988095,50.797045407738096,3052.257767874306,352.11690448037757,767.4428344592261,65.57871875,1055.4804793568949,3443.1931532427084,474.4991970129713,0.03439596063988095,50.797045407738096,3052.257767874306,352.11690448037757,767.4428344592261,65.57871875
2026-02-08 10:00:00+00:00,1585.63584,3478.6276374999998,555.499165,0.13333250000000002,45.83361,3396.684745,140.03677,798.48958,41.0,1897.5686640277036,3545.534833792501,468.5279897528248,0.0582900274648973,48.122755011183415,3716.12759989917,130.38234836219146,811.9574325013901,48.15924245488828,1055.4804793568949,3443.1931532427084,474.4991970129713,0.03439596063988095,50.797045407738096,3052.257767874306,352.11690448037757,767.4428344592261,65.57871875,1055.4804793568949,3443.1931532427084,474.4991970129713,0.03439596063988095,50.797045407738096,3052.257767874306,352.11690448037757,767.4428344592261,65.57871875
2026-02-08 11:00:00+00:00,1628.3866675,3469.7417925,583.781665,0.066665,45.83361,3386.7998374999997,140.10805,798.66983,41.0,1745.401947859993,3633.062046305543,423.3636412496837,0.05522313821049809,48.51731229725997,3371.9797291077903,132.4913082636622,797.2144214452485,53.47068869351962,1055.4804793568949,3443.1931532427084,474.4991970129713,0.03439596063988095,50.797045407738096,3052.257767874306,352.11690448037757,767.4428344592261,65.57871875,1055.4804793568949,3443.1931532427084,474.4991970129713,0.03439596063988095,50.797045407738096,3052.257767874306,352.11690448037757,767.4428344592261,65.57871875
2026-02-08 12:00:00+00:00,1648.4458300000001,3459.4905875,532.3925025,0.0,45.83361,3426.29984,141.38416000000004,798.85008,41.0,1647.5397491966505,3580.35233139674,494.8678681840265,0.054961684216183,49.79672469336566,3354.723668837641,131.13331644530996,802.9860844214611,46.92782717178096,1055.4804793568949,3443.1931532427084,474.4991970129713,0.03439596063988095,50.797045407738096,3052.257767874306,352.11690448037757,767.4428344592261,65.57871875,1055.4804793568949,3443.1931532427084,474.4991970129713,0.03439596063988095,50.797045407738096,3052.257767874306,352.11690448037757,767.4428344592261,65.57871875
2026-02-08 13:00:00+00:00,1644.7708324999999,3476.5500275,516.602505,0.0,45.83361,3754.6853425,142.14348999999999,798.85008,41.0,1702.5584989984245,3824.3061145697443,434.9906375657101,0.053684400388245825,47.12521778484411,3225.966081692363,148.95720362514845,803.6568736807817,45.53647094326412,1055.4804793568949,3443.1931532427084,474.4991970129713,0.03439596063988095,50.797045407738096,3052.257767874306,352.11690448037757,767.4428344592261,65.57871875,1055.4804793568949,3443.1931532427084,474.4991970129713,0.03439596063988095,50.797045407738096,3052.257767874306,352.11690448037757,767.4428344592261,65.57871875
2026-02-08 14:00:00+00:00,1601.127495,3542.3180325000003,543.95833,0.16499750000000002,45.83361,4869.289485,142.96618,798.85008,41.0,1600.2879191164652,4076.9104733194486,446.35227616046495,0.06677282411683635,45.63869797216325,3495.62112721782,198.53128112144722,806.0946970031392,50.38586335572882,1055.4804793568949,3443.1931532427084,474.4991970129713,0.03439596063988095,50.797045407738096,3052.257767874306,352.11690448037757,767.4428344592261,65.57871875,1055.4804793568949,3443.1931532427084,474.4991970129713,0.03439596063988095,50.797045407738096,3052.257767874306,352.11690448037757,767.4428344592261,65.57871875
2026-02-08 15:00:00+00:00,1698.30001,3576.023635,561.723335,0.07,45.83361,5919.4564025,146.04419499999997,799.42208,41.0,2128.386569274796,3907.3729333789997,462.5399249809934,0.05979354174150531,46.60407149654133,4164.928952278279,395.2327113341837,800.1057366873677,54.792598442751476,1055.4804793568949,3443.1931532427084,474.4991970129713,0.03439596063988095,50.797045407738096,3052.257767874306,352.11690448037757,767.4428344592261,65.57871875,1055.4804793568949,3443.1931532427084,474.4991970129713,0.03439596063988095,50.797045407738096,3052.257767874306,352.11690448037757,767.4428344592261,65.57871875
2026-02-08 16:00:00+00:00,1715.1958425,3578.9939425000002,551.8758325,0.0683325,45.83361,6181.1360825,149.1506725,800.31508,41.0,2186.498193688144,3997.133195168828,491.17524777117046,0.04313917281470739,46.89074466563094,4966.325043432564,811.1623639801406,804.3642642990872,57.261778301511356,1055.4804793568949,3443.1931532427084,474.4991970129713,0.03439596063988095,50.797045407738096,3052.257767874306,352.11690448037757,767.4428344592261,65.57871875,1055.4804793568949,3443.1931532427084,474.4991970129713,0.03439596063988095,50.797045407738096,3052.257767874306,352.11690448037757,767.4428344592261,65.57871875
2026-02-08 17:00:00+00:00,1893.7224775,3560.3434349999998,583.2275,0.0333325,45.83361,6301.2686925,452.05862,800.96058,41.0,2304.549149436665,3963.922835142699,477.5064088092532,0.018881650139734602,46.87658207638836,5686.717989228071,845.5777144855952,794.9581377403097,49.61738858273379,1055.4804793568949,3443.1931532427084,474.4991970129713,0.03439596063988095,50.797045407738096,3052.257767874306,352.11690448037757,767.4428344592261,65.57871875,1055.4804793568949,3443.1931532427084,474.4991970129713,0.03439596063988095,50.797045407738096,3052.257767874306,352.11690448037757,767.4428344592261,65.57871875
2026-02-08 18:00:00+00:00,2295.419155,3555.80044,575.09583,0.0,45.83361,6318.5807625,175.03249749999998,800.96058,41.0,2256.3549878745807,3882.8532320805466,469.2670458646811,0.033133093337629316,47.4928107736132,5662.716562077585,601.1621672214369,801.0808939902414,49.96591712380979,1055.4804793568949,3443.1931532427084,474.4991970129713,0.03439596063988095,50.797045407738096,3052.257767874306,352.11690448037757,767.4428344592261,65.57871875,1055.4804793568949,3443.1931532427084,474.4991970129713,0.03439596063988095,50.797045407738096,3052.257767874306,352.11690448037757,767.4428344592261,65.57871875
2026-02-08 19:00:00+00:00,2492.26166,3554.6870975,560.070835,0.0333325,45.83361,6149.42966,145.54612,800.873955,41.0,2258.200431283417,4055.1404128896834,509.61050888669007,0.05317436756229263,47.99036443389548,5502.472644890918,320.01911106788924,801.3748364937869,48.83921916260023,1055.4804793568949,3443.1931532427084,474.4991970129713,0.03439596063988095,50.797045407738096,3052.257767874306,352.11690448037757,767.4428344592261,65.57871875,1055.4804793568949,3443.1931532427084,474.4991970129713,0.03439596063988095,50.797045407738096,3052.257767874306,352.11690448037757,767.4428344592261,65.57871875
2026-02-08 20:00:00+00:00,2432.75584,3798.843955,539.7225025,0.065,45.83361,5963.063005,144.56502999999998,800.61408,41.0,2200.1283320560656,3946.5128294941237,487.3116390326068,0.05800999422383308,47.78026995999218,5018.149427514576,237.35077710539252,804.7957698390842,48.837569115408996,1055.4804793568949,3443.1931532427084,474.4991970129713,0.03439596063988095,50.797045407738096,3052.257767874306,352.11690448037757,767.4428344592261,65.57871875,1055.4804793568949,3443.1931532427084,474.4991970129713,0.03439596063988095,50.797045407738096,3052.257767874306,352.11690448037757,767.4428344592261,65.57871875
2026-02-08 21:00:00+00:00,2350.0716775,4189.972299999999,539.4825,0.131665,45.83361,6042.1265075,144.8602975,798.48508,41.0,2313.9832580014136,3959.0613237894004,501.6120953025321,0.0932171895792474,47.52437925235503,5083.127678645615,226.44649674761285,803.5305022424927,45.89236097936073,1055.4804793568949,3443.1931532427084,474.4991970129713,0.03439596063988095,50.797045407738096,3052.257767874306,352.11690448037757,767.4428344592261,65.57871875,1055.4804793568949,3443.1931532427084,474.4991970129713,0.03439596063988095,50.797045407738096,3052.257767874306,352.11690448037757,767.4428344592261,65.57871875
2026-02-08 22:00:00+00:00,2232.6325075,4338.8273025,476.1641675,0.1,45.83361,6017.92893,142.749865,797.24308,41.0,2073.954157215861,3975.300569127622,494.3956934837492,0.07487961128072394,47.20844750259169,4966.932961512488,161.3589256446405,802.9430183765274,44.8032529857124,1055.4804793568949,3443.1931532427084,474.4991970129713,0.03439596063988095,50.797045407738096,3052.257767874306,352.11690448037757,767.4428344592261,65.57871875,1055.4804793568949,3443.1931532427084,474.4991970129713,0.03439596063988095,50.797045407738096,3052.257767874306,352.11690448037757,767.4428344592261,65.57871875
2026-02-08 23:00:00+00:00,2174.64331,4379.9444125,512.1341675,0.0333325,45.83361,6264.5856425,133.40393,793.542955,41.0,2091.7755267927223,3885.4047944612007,517.6942129134376,0.0881296430019625,47.29398044248549,4539.649809447535,150.44933101274668,803.9866225362196,45.86606364793161,1055.4804793568949,3443.1931532427084,474.4991970129713,0.03439596063988095,50.797045407738096,3052.257767874306,352.11690448037757,767.4428344592261,65.57871875,1055.4804793568949,3443.1931532427084,474.4991970129713,0.03439596063988095,50.797045407738096,3052.257767874306,352.11690448037757,767.4428344592261,65.57871875
2026-02-09 00:00:00+00:00,2182.1599825000003,4613.44449,534.953335,0.066665,45.83361,6198.960085,133.3635875,790.47658,41.0,1657.2193595757087,3830.225313554907,477.4617524558622,0.059118049919487506,48.07463637930691,4261.323818316463,141.1465278141437,795.9386035701522,45.82454946684622,1055.4804793568949,3443.1931532427084,474.4991970129713,0.03439596063988095,50.797045407738096,3052.257767874306,352.11690448037757,767.4428344592261,65.57871875,1055.4804793568949,3443.1931532427084,474.4991970129713,0.03439596063988095,50.797045407738096,3052.257767874306,352.11690448037757,767.4428344592261,65.57871875
2026-02-09 01:00:00+00:00,2182.194995,4608.8201825,548.1199975,0.0,45.83361,6157.0530125,133.68806,790.19008,41.0,1759.356903787796,3977.52793822323,495.621234917789,0.04528636420982618,48.965141456684165,4343.47535421388,141.95428422361206,792.6084247892974,47.34177895990668,1055.4804793568949,3443.1931532427084,474.4991970129713,0.03439596063988095,50.797045407738096,3052.257767874306,352.11690448037757,767.4428344592261,65.57871875,1055.4804793568949,3443.1931532427084,474.4991970129713,0.03439596063988095,50.797045407738096,3052.257767874306,352.11690448037757,767.4428344592261,65.57871875
2026-02-09 02:00:00+00:00,2178.7775025,4639.61672,557.3116699999999,0.0333325,45.83361,6161.077835,132.50204,790.19008,41.0,1749.2285606068308,4053.6914057723957,497.5751784982613,0.026447859371594506,49.23124236797228,4284.725626098098,153.71434999410113,799.9522244516054,54.95863007863348,1055.4804793568949,3443.1931532427084,474.4991970129713,0.03439596063988095,50.797045407738096,3052.257767874306,352.11690448037757,767.4428344592261,65.57871875,1055.4804793568949,3443.1931532427084,474.4991970129713,0.03439596063988095,50.797045407738096,3052.257767874306,352.11690448037757,767.4428344592261,65.57871875
2026-02-09 03:00:00+00:00,2292.1166924999998,4632.9568075,545.0000025,0.0,45.83361,6382.86567,132.41096,790.19008,41.0,1802.8375122568018,4190.758488649494,494.24510343280275,0.03204300825276744,49.23404529401653,4409.07592584431,164.24915289756888,799.035944769946,55.84894228410745,1055.4804793568949,3443.1931532427084,474.4991970129713,0.03439596063988095,50.797045407738096,3052.257767874306,352.11690448037757,767.4428344592261,65.57871875,1055.4804793568949,3443.1931532427084,474.4991970129713,0.03439596063988095,50.797045407738096,3052.257767874306,352.11690448037757,767.4428344592261,65.57871875
2026-02-09 04:00:00+00:00,2368.695845,4633.8690575,549.5408325,0.098335,45.83361,6755.751345,132.58321999999995,790.19008,41.0,1608.6684548100143,4331.555054974647,480.47583196590375,0.06773975729133815,48.13175195051892,5643.8985440029755,196.9313009293723,801.614837918503,57.58847177199013,1055.4804793568949,3443.1931532427084,474.4991970129713,0.03439596063988095,50.797045407738096,3052.257767874306,352.11690448037757,767.4428344592261,65.57871875,1055.4804793568949,3443.1931532427084,474.4991970129713,0.03439596063988095,50.797045407738096,3052.257767874306,352.11690448037757,767.4428344592261,65.57871875
2026-02-09 05:00:00+00:00,2458.8799925,4813.4137325,524.100005,0.19833499999999998,45.83361,7356.728982499999,310.80354000000005,791.60508,41.0,1844.2210125269794,4719.973157949165,493.864562702721,0.15155071392806704,48.58462681827107,6857.622561774835,194.82205219030686,805.9535546431465,57.67946325608276,1055.4804793568949,3443.1931532427084,474.4991970129713,0.03439596063988095,50.797045407738096,3052.257767874306,352.11690448037757,767.4428344592261,65.57871875,1055.4804793568949,3443.1931532427084,474.4991970129713,0.03439596063988095,50.797045407738096,3052.257767874306,352.11690448037757,767.4428344592261,65.57871875
2026-02-09 06:00:00+00:00,2614.082495,4822.865075,525.1425,0.0333325,45.83361,7596.318482499999,659.4894199999999,794.84258,41.0,1696.358895489386,4495.784813823089,479.2751873642058,0.0046076408398398536,50.378512793397014,7247.706217304089,588.1205664105709,831.1285912390598,66.69720994616739,1055.4804793568949,3443.1931532427084,474.4991970129713,0.03439596063988095,50.797045407738096,3052.257767874306,352.11690448037757,767.4428344592261,65.57871875,1055.4804793568949,3443.1931532427084,474.4991970129713,0.03439596063988095,50.797045407738096,3052.257767874306,352.11690448037757,767.4428344592261,65.57871875
2026-02-09 07:00:00+00:00,2617.6016725,4797.894104999999,507.58916999999997,0.0,45.83361,7776.8730825,605.25748,796.28308,41.0,2062.821197143856,4267.738051203294,496.20937055516555,0.007468389938030319,49.66552570048205,7483.820117412395,992.9775968544614,828.0754611942137,60.24142726874441,1055.4804793568949,3443.1931532427084,474.4991970129713,0.03439596063988095,50.797045407738096,3052.257767874306,352.11690448037757,767.4428344592261,65.57871875,1055.4804793568949,3443.1931532427084,474.4991970129713,0.03439596063988095,50.797045407738096,3052.257767874306,352.11690448037757,767.4428344592261,65.57871875
2026-02-09 08:00:00+00:00,2613.296665,4807.6861025,554.836665,0.0,45.83361,7810.3704275,551.02554,796.28308,41.0,2315.7319269458712,4339.640819633053,505.9825337534667,0.03137214665238974,50.086051222633586,7193.435154454237,684.4195937407703,817.5645941037593,58.57952857058831,1055.4804793568949,3443.1931532427084,474.4991970129713,0.03439596063988095,50.797045407738096,3052.257767874306,352.11690448037757,767.4428344592261,65.57871875,1055.4804793568949,3443.1931532427084,474.4991970129713,0.03439596063988095,50.797045407738096,3052.257767874306,352.11690448037757,767.4428344592261,65.57871875
2026-02-09 09:00:00+00:00,2593.9647125,4813.8453075,508.2424975,0.101665,45.83361,7854.25186,155.06953999999996,795.69708,41.0,2233.927082012247,4666.402015870777,499.845626183452,0.04073372915752865,49.09710460227149,7064.492276767869,482.8916299333245,802.1876240448318,54.94615449029561,1055.4804793568949,3443.1931532427084,474.4991970129713,0.03439596063988095,50.797045407738096,3052.257767874306,352.11690448037757,767.4428344592261,65.57871875,1055.4804793568949,3443.1931532427084,474.4991970129713,0.03439596063988095,50.797045407738096,3052.257767874306,352.11690448037757,767.4428344592261,65.57871875
2026-02-09 10:00:00+00:00,2562.8133275,4809.444005,521.8341674999999,0.0333325,45.83361,7619.77066,158.73129,795.69708,41.0,2014.3893134557513,4634.107636078902,477.69297591964255,0.043910485725532314,49.75210917672487,6666.19339624038,285.40768772886844,802.5591478336281,54.44551776578196,1055.4804793568949,3443.1931532427084,474.4991970129713,0.03439596063988095,50.797045407738096,3052.257767874306,352.11690448037757,767.4428344592261,65.57871875,1055.4804793568949,3443.1931532427084,474.4991970129713,0.03439596063988095,50.797045407738096,3052.257767874306,352.11690448037757,767.4428344592261,65.57871875
2026-02-09 11:00:00+00:00,2559.580845,4788.8904475,538.0516675,0.0333325,45.83361,7546.0266675,143.0966,795.69708,41.0,1962.7843172379198,4796.118278393031,502.1203279709339,0.047673819314868596,50.688438927090225,6445.574119579637,248.65487211779663,803.1809600162358,59.21419287536223,1055.4804793568949,3443.1931532427084,474.4991970129713,0.03439596063988095,50.797045407738096,3052.257767874306,352.11690448037757,767.4428344592261,65.57871875,1055.4804793568949,3443.1931532427084,474.4991970129713,0.03439596063988095,50.797045407738096,3052.257767874306,352.11690448037757,767.4428344592261,65.57871875
2026-02-09 12:00:00+00:00,2578.788325,4766.26926,505.7425,0.0,45.83361,7900.164424999999,185.13132750000003,796.325205,41.0,1875.3602000796755,4790.620962553719,494.27055461141856,0.042590434390655116,50.3946429913045,6707.803447082634,259.6411183102607,801.1014777769285,58.01046727306691,1055.4804793568949,3443.1931532427084,474.4991970129713,0.03439596063988095,50.797045407738096,3052.257767874306,352.11690448037757,767.4428344592261,65.57871875,1055.4804793568949,3443.1931532427084,474.4991970129713,0.03439596063988095,50.797045407738096,3052.257767874306,352.11690448037757,767.4428344592261,65.57871875
2026-02-09 13:00:00+00:00,2584.955,4759.4231,554.2858325,0.035,45.83361,7730.046507499999,229.82641,796.89458,41.0,1843.5352603671658,4947.942685508349,489.0506951924662,0.03756517720254399,51.147891934464994,6702.194547764368,309.9458164127894,803.5694781024904,66.4811202377745,1055.4804793568949,3443.1931532427084,474.4991970129713,0.03439596063988095,50.797045407738096,3052.257767874306,352.11690448037757,767.4428344592261,65.57871875,1055.4804793568949,3443.1931532427084,474.4991970129713,0.03439596063988095,50.797045407738096,3052.257767874306,352.11690448037757,767.4428344592261,65.57871875
2026-02-09 14:00:00+00:00,2590.11,4726.8800725,566.0191675,0.0,45.83361,7867.472234999999,241.18641,797.37758,41.0,1995.391686640492,5052.208127741604,524.602967143124,0.025008157671960414,50.26597567170835,7013.4700811443745,290.74793145775493,805.9915424953243,62.49207753686363,1055.4804793568949,3443.1931532427084,474.4991970129713,0.03439596063988095,50.797045407738096,3052.257767874306,352.11690448037757,767.4428344592261,65.57871875,1055.4804793568949,3443.1931532427084,474.4991970129713,0.03439596063988095,50.797045407738096,3052.257767874306,352.11690448037757,767.4428344592261,65.57871875
2026-02-09 15:00:00+00:00,2599.5674875,4803.98861,557.061665,0.0333325,45.83361,7761.231912499999,924.77366,797.77608,41.0,2023.2575622405411,5180.922379966132,515.793298657896,0.026053958408103026,50.70998626793151,6871.912806770193,584.6015156226305,817.104576971348,65.3943131789488,1055.4804793568949,3443.1931532427084,474.4991970129713,0.03439596063988095,50.797045407738096,3052.257767874306,352.11690448037757,767.4428344592261,65.57871875,1055.4804793568949,3443.1931532427084,474.4991970129713,0.03439596063988095,50.797045407738096,3052.257767874306,352.11690448037757,767.4428344592261,65.57871875
2026-02-09 16:00:00+00:00,2604.9358225,4831.422435,594.2108325,0.035,45.83361,7856.877175,1424.746035,798.94908,41.0,2051.5237071532547,4932.225395251132,520.3866410591309,0.027860731360404803,50.568732692875514,6834.739891763577,1049.5400923628606,827.3665763576942,65.31088658648098,1055.4804793568949,3443.1931532427084,474.4991970129713,0.03439596063988095,50.797045407738096,3052.257767874306,352.11690448037757,767.4428344592261,65.57871875,1055.4804793568949,3443.1931532427084,474.4991970129713,0.03439596063988095,50.797045407738096,3052.257767874306,352.11690448037757,767.4428344592261,65.57871875
2026-02-09 17:00:00+00:00,2602.7316875,4883.0748375,555.7641625,0.0,45.83361,7855.9054125,1406.6766400000001,799.59458,41.0,2524.220355470745,4571.162938075126,517.4105036625409,0.047352055455369677,46.605329983909435,7468.313729047608,888.9586840487341,797.6922995110052,62.160787825597346,1055.4804793568949,3443.1931532427084,474.4991970129713,0.03439596063988095,50.797045407738096,3052.257767874306,352.11690448037757,767.4428344592261,65.57871875,1055.4804793568949,3443.1931532427084,474.4991970129713,0.03439596063988095,50.797045407738096,3052.257767874306,352.11690448037757,767.4428344592261,65.57871875
2026-02-09 18:00:00+00:00,2597.3675025000002,4887.811865,579.6233325000001,0.0333325,45.83361,7695.674315,916.46006,799.59458,41.0,2499.629081927251,4523.445263591788,537.871117754722,0.06858849533462397,45.80022384208904,7155.986522124842,573.2633213998627,793.0734540222561,59.56256145523851,1055.4804793568949,3443.1931532427084,474.4991970129713,0.03439596063988095,50.797045407738096,3052.257767874306,352.11690448037757,767.4428344592261,65.57871875,1055.4804793568949,3443.1931532427084,474.4991970129713,0.03439596063988095,50.797045407738096,3052.257767874306,352.11690448037757,767.4428344592261,65.57871875
2026-02-09 19:00:00+00:00,2480.642515,4856.3491349999995,571.6366675,0.1833325,45.83361,7675.354032499999,632.5076399999999,799.59458,41.0,2360.386850745439,4537.726876355009,513.6313540697855,0.07907309975555232,46.71855038407162,6963.338258234713,330.3468118810004,813.1036599119832,56.4557685615278,1055.4804793568949,3443.1931532427084,474.4991970129713,0.03439596063988095,50.797045407738096,3052.257767874306,352.11690448037757,767.4428344592261,65.57871875,1055.4804793568949,3443.1931532427084,474.4991970129713,0.03439596063988095,50.797045407738096,3052.257767874306,352.11690448037757,767.4428344592261,65.57871875
2026-02-09 20:00:00+00:00,2406.0425075000003,4714.5769825,634.425,0.0666675,45.83361,7322.129262500001,145.81513999999999,799.59458,41.0,2109.549031498845,4612.604647513157,504.9138515549161,0.08908297010332815,47.22059316450047,6442.5751958157925,238.6107422764292,801.8704653498082,55.3278473376014,1055.4804793568949,3443.1931532427084,474.4991970129713,0.03439596063988095,50.797045407738096,3052.257767874306,352.11690448037757,767.4428344592261,65.57871875,1055.4804793568949,3443.1931532427084,474.4991970129713,0.03439596063988095,50.797045407738096,3052.257767874306,352.11690448037757,767.4428344592261,65.57871875
2026-02-09 21:00:00+00:00,2401.562485,4656.3554425,623.7366675000001,0.21916750000000002,45.83361,6947.5816725,146.07056,798.28658,41.0,2007.5610086849747,4606.677835028015,485.9825858574669,0.1266877690678159,46.698172865392245,6025.892263620636,271.14555011834386,802.4900585053862,52.929345592618795,1055.4804793568949,3443.1931532427084,474.4991970129713,0.03439596063988095,50.797045407738096,3052.257767874306,352.11690448037757,767.4428344592261,65.57871875,1055.4804793568949,3443.1931532427084,474.4991970129713,0.03439596063988095,50.797045407738096,3052.257767874306,352.11690448037757,767.4428344592261,65.57871875
2026-02-09 22:00:00+00:00,2398.002505,4631.2286725,564.75333,0.265,45.83361,6473.580505,145.57582,797.49808,41.0,1874.6762582128467,4436.010300920384,484.2083365852734,0.09438731712154909,47.09075927239694,5318.885644634581,239.51094043426082,803.3460026412296,50.18427669344794,1055.4804793568949,3443.1931532427084,474.4991970129713,0.03439596063988095,50.797045407738096,3052.257767874306,352.11690448037757,767.4428344592261,65.57871875,1055.4804793568949,3443.1931532427084,474.4991970129713,0.03439596063988095,50.797045407738096,3052.257767874306,352.11690448037757,767.4428344592261,65.57871875
2026-02-09 23:00:00+00:00,2296.9958325,4478.6302175,582.9666675,0.1825,45.83361,6573.741645,140.22914,793.22958,41.0,1798.5237622168984,4275.340150917449,478.2372706062155,0.10787870376021155,47.430389420714725,4604.239893150829,161.05859766084237,801.4365273999707,51.532013157828146,1055.4804793568949,3443.1931532427084,474.4991970129713,0.03439596063988095,50.797045407738096,3052.257767874306,352.11690448037757,767.4428344592261,65.57871875,1055.4804793568949,3443.1931532427084,474.4991970129713,0.03439596063988095,50.797045407738096,3052.257767874306,352.11690448037757,767.4428344592261,65.57871875
2026-02-10 00:00:00+00:00,2282.354185,4441.2106875,599.90417,0.1,45.83361,6649.40548,136.50955999999996,792.83308,41.0,1743.8678693556926,4226.983280732096,456.1905857365152,0.04320544456107468,47.56627107423505,4557.019293551831,158.1229722330851,800.1838813659506,50.993031531052864,1055.4804793568949,3443.1931532427084,474.4991970129713,0.03439596063988095,50.797045407738096,3052.257767874306,352.11690448037757,767.4428344592261,65.57871875,1055.4804793568949,3443.1931532427084,474.4991970129713,0.03439596063988095,50.797045407738096,3052.257767874306,352.11690448037757,767.4428344592261,65.57871875
2026-02-10 01:00:00+00:00,2283.3558375000002,4469.0771925,650.85583,0.0,45.83361,6635.43026,135.10772000000003,792.54608,41.0,1670.6221529858062,4227.985008583892,432.49243182495195,0.03249911979150356,47.5366883581956,4339.223715613667,173.6137299404647,798.7348484557674,54.357160488888354,1055.4804793568949,3443.1931532427084,474.4991970129713,0.03439596063988095,50.797045407738096,3052.257767874306,352.11690448037757,767.4428344592261,65.57871875,1055.4804793568949,3443.1931532427084,474.4991970129713,0.03439596063988095,50.797045407738096,3052.257767874306,352.11690448037757,767.4428344592261,65.57871875
2026-02-10 02:00:00+00:00,2285.530825,4598.79684,661.5566699999999,0.035,45.83361,6603.51426,133.39303999999998,792.54608,41.0,1597.881295036726,4274.903028280438,462.0169184862078,0.031324313964962346,47.43731654338127,4434.076384375708,170.6769010288881,798.6460850835757,53.3218620059918,1055.4804793568949,3443.1931532427084,474.4991970129713,0.03439596063988095,50.797045407738096,3052.257767874306,352.11690448037757,767.4428344592261,65.57871875,1055.4804793568949,3443.1931532427084,474.4991970129713,0.03439596063988095,50.797045407738096,3052.257767874306,352.11690448037757,767.4428344592261,65.57871875
2026-02-10 03:00:00+00:00,2284.7950124999998,4570.95389,633.8250025,0.0,45.83361,6624.6134,133.5461,792.54608,41.0,1715.7511941766056,4060.9908954030197,457.30867592262405,0.03130730307501047,47.9508603648212,4561.882152414309,171.18649092691408,800.408702023407,51.786146919246136,1055.4804793568949,3443.1931532427084,474.4991970129713,0.03439596063988095,50.797045407738096,3052.257767874306,352.11690448037757,767.4428344592261,65.57871875,1055.4804793568949,3443.1931532427084,474.4991970129713,0.03439596063988095,50.797045407738096,3052.257767874306,352.11690448037757,767.4428344592261,65.57871875
2026-02-10 04:00:00+00:00,2397.550005,4573.446830000001,622.845,0.0,45.83361,6692.2518199999995,134.00528,792.54608,41.0,1677.8573163091273,4120.955539140297,448.7904843885582,0.06084497364072153,47.03034463398112,4797.806695005143,178.78754430554253,799.7804530710232,47.81822981487309,1055.4804793568949,3443.1931532427084,474.4991970129713,0.03439596063988095,50.797045407738096,3052.257767874306,352.11690448037757,767.4428344592261,65.57871875,1055.4804793568949,3443.1931532427084,474.4991970129713,0.03439596063988095,50.797045407738096,3052.257767874306,352.11690448037757,767.4428344592261,65.57871875
2026-02-10 05:00:00+00:00,2581.8341625000003,4603.4276375,610.424165,0.19833499999999998,45.83361,6694.9180825,153.58503999999996,793.96108,41.0,1669.5736954062759,4216.935284010376,472.81274817563116,0.10526713884774769,46.25277440943659,6033.937004528758,312.6425761107769,802.0906546259389,50.97693470589909,1055.4804793568949,3443.1931532427084,474.4991970129713,0.03439596063988095,50.797045407738096,3052.257767874306,352.11690448037757,767.4428344592261,65.57871875,1055.4804793568949,3443.1931532427084,474.4991970129713,0.03439596063988095,50.797045407738096,3052.257767874306,352.11690448037757,767.4428344592261,65.57871875
2026-02-10 06:00:00+00:00,2591.99168,4564.4829975,576.0383375,0.035,45.83361,6932.87399,807.0225399999999,796.52308,41.0,1803.7829173531236,4755.188738948887,481.6453340668499,0.01998835303298062,49.227262333518425,6560.530976885459,718.740781258924,824.5306183179143,53.7522611017059,1055.4804793568949,3443.1931532427084,474.4991970129713,0.03439596063988095,50.797045407738096,3052.257767874306,352.11690448037757,767.4428344592261,65.57871875,1055.4804793568949,3443.1931532427084,474.4991970129713,0.03439596063988095,50.797045407738096,3052.257767874306,352.11690448037757,767.4428344592261,65.57871875
2026-02-10 07:00:00+00:00,2562.6064125,4562.6595375,695.449165,0.0,45.83361,7042.16716,1361.36204,797.96358,41.0,1986.6803864387502,4902.673461051164,498.04354506228213,0.024334247694830474,49.02289437788576,6520.06152864517,778.5733637085151,814.0680811492927,48.14429239527212,1055.4804793568949,3443.1931532427084,474.4991970129713,0.03439596063988095,50.797045407738096,3052.257767874306,352.11690448037757,767.4428344592261,65.57871875,1055.4804793568949,3443.1931532427084,474.4991970129713,0.03439596063988095,50.797045407738096,3052.257767874306,352.11690448037757,767.4428344592261,65.57871875
2026-02-10 08:00:00+00:00,2466.76,4567.70843,662.1925025,0.2316675,45.83361,6999.59057,423.49650500000007,797.96358,41.0,1881.3668054746463,4205.274409400061,476.391393451309,0.03839696278070168,50.390470792573744,6333.708690354122,479.00451176397996,816.8177628977533,47.18574163593644,1055.4804793568949,3443.1931532427084,474.4991970129713,0.03439596063988095,50.797045407738096,3052.257767874306,352.11690448037757,767.4428344592261,65.57871875,1055.4804793568949,3443.1931532427084,474.4991970129713,0.03439596063988095,50.797045407738096,3052.257767874306,352.11690448037757,767.4428344592261,65.57871875
2026-02-10 09:00:00+00:00,2438.2783099999997,4572.79142,642.079165,0.0333325,45.83361,6788.0095775,141.941635,797.37758,41.0,1769.8808302119728,4152.768531764366,462.68689893577255,0.041435025523065744,50.625512794915906,5840.4635165337795,312.0351684543231,809.0354168670417,44.352481174516555,1055.4804793568949,3443.1931532427084,474.4991970129713,0.03439596063988095,50.797045407738096,3052.257767874306,352.11690448037757,767.4428344592261,65.57871875,1055.4804793568949,3443.1931532427084,474.4991970129713,0.03439596063988095,50.797045407738096,3052.257767874306,352.11690448037757,767.4428344592261,65.57871875
2026-02-10 10:00:00+00:00,2249.03834,4555.0862275,647.8925,0.131665,45.83361,6553.6257425,141.8653,797.37758,41.0,2002.8046774721001,3990.436570580988,466.1212407549589,0.04602488459237574,49.93631893435881,5628.648394570128,172.66196695657877,810.6882361834121,40.272035382321675,1055.4804793568949,3443.1931532427084,474.4991970129713,0.03439596063988095,50.797045407738096,3052.257767874306,352.11690448037757,767.4428344592261,65.57871875,1055.4804793568949,3443.1931532427084,474.4991970129713,0.03439596063988095,50.797045407738096,3052.257767874306,352.11690448037757,767.4428344592261,65.57871875
2026-02-10 11:00:00+00:00,2233.8708325,4517.854595,597.13833,0.20333249999999997,45.83361,6519.559905,142.061815,797.18658,41.0,1952.8309931925455,3962.241735386812,449.94828739380347,0.036938458838247645,48.10857590729971,5712.51806367988,154.19793568462936,806.436184049306,46.426077167236805,1055.4804793568949,3443.1931532427084,474.4991970129713,0.03439596063988095,50.797045407738096,3052.257767874306,352.11690448037757,767.4428344592261,65.57871875,1055.4804793568949,3443.1931532427084,474.4991970129713,0.03439596063988095,50.797045407738096,3052.257767874306,352.11690448037757,767.4428344592261,65.57871875
2026-02-10 12:00:00+00:00,2297.492515,4472.0591675,508.12667,0.0333325,45.83361,6456.4860575,141.82470999999998,796.997955,41.0,2233.287656465257,3945.2681654714897,465.91637496502165,0.058671387162795866,47.67101549480879,5740.321105065418,153.54409708381414,807.4143945258265,46.73245885434309,1055.4804793568949,3443.1931532427084,474.4991970129713,0.03439596063988095,50.797045407738096,3052.257767874306,352.11690448037757,767.4428344592261,65.57871875,1055.4804793568949,3443.1931532427084,474.4991970129713,0.03439596063988095,50.797045407738096,3052.257767874306,352.11690448037757,767.4428344592261,65.57871875
2026-02-10 13:00:00+00:00,2350.9511350000002,4508.063265,492.241285,0.0,45.83361,6357.72286,143.52479,797.00508,41.0,2001.3988529161816,4116.053970564321,467.5540147790576,0.05442135598826079,48.39901781348064,5769.681881214681,200.19743790980206,806.1223012561422,52.031947130632226,1055.4804793568949,3443.1931532427084,474.4991970129713,0.03439596063988095,50.797045407738096,3052.257767874306,352.11690448037757,767.4428344592261,65.57871875,1055.4804793568949,3443.1931532427084,474.4991970129713,0.03439596063988095,50.797045407738096,3052.257767874306,352.11690448037757,767.4428344592261,65.57871875
2026-02-10 14:00:00+00:00,2407.9483175,4512.469365,504.51276,0.0,45.83361,6564.4921475,497.27281,797.097955,41.0,2177.4203544676725,4555.586705571484,487.5946125867709,0.04101966875964067,46.2782198059156,6666.842900170034,272.6177235434575,804.1034129536581,60.02474379344985,1055.4804793568949,3443.1931532427084,474.4991970129713,0.03439596063988095,50.797045407738096,3052.257767874306,352.11690448037757,767.4428344592261,65.57871875,1055.4804793568949,3443.1931532427084,474.4991970129713,0.03439596063988095,50.797045407738096,3052.257767874306,352.11690448037757,767.4428344592261,65.57871875
2026-02-10 15:00:00+00:00,2596.2658325,4533.880695,494.6874625,0.0,45.83361,6774.02027,678.4078099999999,797.77508,41.0,2457.6802310659987,4919.923827058681,494.50916111145835,0.0379923380874433,46.99706425770554,6632.970223865892,553.4405380329961,815.2636311805034,61.07761495814856,1055.4804793568949,3443.1931532427084,474.4991970129713,0.03439596063988095,50.797045407738096,3052.257767874306,352.11690448037757,767.4428344592261,65.57871875,1055.4804793568949,3443.1931532427084,474.4991970129713,0.03439596063988095,50.797045407738096,3052.257767874306,352.11690448037757,767.4428344592261,65.57871875
2026-02-10 16:00:00+00:00,2585.53584,4595.5105575,484.7075,0.0333325,45.83361,6921.745075,810.3981675,798.94808,41.0,2277.4393857291802,4929.479976210921,498.5055205593211,0.032173870495725926,49.482435122374596,6360.904153602932,858.7737510047976,824.7070959761493,59.64203757501706,1055.4804793568949,3443.1931532427084,474.4991970129713,0.03439596063988095,50.797045407738096,3052.257767874306,352.11690448037757,767.4428344592261,65.57871875,1055.4804793568949,3443.1931532427084,474.4991970129713,0.03439596063988095,50.797045407738096,3052.257767874306,352.11690448037757,767.4428344592261,65.57871875
2026-02-10 17:00:00+00:00,2573.8808175,4592.024885,517.1049975,0.0,45.83361,6921.77431,1012.8864499999999,799.59408,41.0,2149.0833678829713,4508.643238519357,486.3090019716648,0.044141630264892706,46.405275728118006,6186.3552778976045,608.050411351138,790.4895861708485,54.71417753530297,1055.4804793568949,3443.1931532427084,474.4991970129713,0.03439596063988095,50.797045407738096,3052.257767874306,352.11690448037757,767.4428344592261,65.57871875,1055.4804793568949,3443.1931532427084,474.4991970129713,0.03439596063988095,50.797045407738096,3052.257767874306,352.11690448037757,767.4428344592261,65.57871875
2026-02-10 18:00:00+00:00,2519.6158450000003,4587.398387499999,533.2041624999999,0.065,45.83361,6921.4197575,679.2475999999999,799.59408,41.0,2202.7152594992726,4195.7415553229985,460.42617063745223,0.06047735846155932,46.06077745570419,5802.982704191603,326.5742201466363,795.0535663626889,57.41899959758576,1055.4804793568949,3443.1931532427084,474.4991970129713,0.03439596063988095,50.797045407738096,3052.257767874306,352.11690448037757,767.4428344592261,65.57871875,1055.4804793568949,3443.1931532427084,474.4991970129713,0.03439596063988095,50.797045407738096,3052.257767874306,352.11690448037757,767.4428344592261,65.57871875
2026-02-10 19:00:00+00:00,2469.73916,4559.63841,574.6091675,0.0683325,45.83361,6908.518405,319.64164,799.59408,41.0,2150.9760914383633,4135.485559843918,435.1500102592813,0.08930322508968458,46.063710753001466,5422.725858433096,212.03987370752304,803.5781184487196,54.09558610844005,1055.4804793568949,3443.1931532427084,474.4991970129713,0.03439596063988095,50.797045407738096,3052.257767874306,352.11690448037757,767.4428344592261,65.57871875,1055.4804793568949,3443.1931532427084,474.4991970129713,0.03439596063988095,50.797045407738096,3052.257767874306,352.11690448037757,767.4428344592261,65.57871875
2026-02-10 20:00:00+00:00,2428.86499,4552.63624,670.4075,0.0666675,45.83361,6854.35233,144.55413999999996,799.59408,41.0,2013.2227133916103,4097.624996369585,422.25772821024805,0.08895314677110633,45.9866920780266,4608.122057645068,252.59514932602494,797.7299528929749,54.234262150134306,1055.4804793568949,3443.1931532427084,474.4991970129713,0.03439596063988095,50.797045407738096,3052.257767874306,352.11690448037757,767.4428344592261,65.57871875,1055.4804793568949,3443.1931532427084,474.4991970129713,0.03439596063988095,50.797045407738096,3052.257767874306,352.11690448037757,767.4428344592261,65.57871875
2026-02-10 21:00:00+00:00,2327.81084,4543.96434,666.354995,0.2,45.83361,6640.37417,145.28430999999998,798.04458,41.0,1821.9009909896117,4129.097825648633,426.45478277366595,0.14088574007557703,46.839711989773974,4502.108186116871,250.3133531393127,802.7579719199134,54.19771321211702,1055.4804793568949,3443.1931532427084,474.4991970129713,0.03439596063988095,50.797045407738096,3052.257767874306,352.11690448037757,767.4428344592261,65.57871875,1055.4804793568949,3443.1931532427084,474.4991970129713,0.03439596063988095,50.797045407738096,3052.257767874306,352.11690448037757,767.4428344592261,65.57871875
2026-02-10 22:00:00+00:00,2263.9799825,4238.418115,645.8975,0.09833250000000002,45.83361,6211.1410825,146.20881999999997,796.59533,41.0,1792.1968263878425,4096.003111387436,421.29817688378455,0.14026728355025903,46.92882499364687,3918.806620113928,170.80957941235462,802.0784106629955,50.34777476229416,1055.4804793568949,3443.1931532427084,474.4991970129713,0.03439596063988095,50.797045407738096,3052.257767874306,352.11690448037757,767.4428344592261,65.57871875,1055.4804793568949,3443.1931532427084,474.4991970129713,0.03439596063988095,50.797045407738096,3052.257767874306,352.11690448037757,767.4428344592261,65.57871875
2026-02-10 23:00:00+00:00,2194.2616825,3889.0188924999998,591.9875025,0.1983325,45.83361,6066.7456825,136.25414,790.962205,41.0,1489.7211514607116,4069.691689771519,427.15821831597486,0.14353021257910506,47.323804326617896,3815.83203852374,187.2696634010041,799.3821337429652,49.894744730231736,1055.4804793568949,3443.1931532427084,474.4991970129713,0.03439596063988095,50.797045407738096,3052.257767874306,352.11690448037757,767.4428344592261,65.57871875,1055.4804793568949,3443.1931532427084,474.4991970129713,0.03439596063988095,50.797045407738096,3052.257767874306,352.11690448037757,767.4428344592261,65.57871875
2026-02-11 00:00:00+00:00,2149.6133525,4093.2978599999997,614.2766675,0.0333325,45.83361,6083.376685,136.50955999999996,790.55933,41.0,1425.436555842249,4043.482673691935,474.885593742847,0.09742429555993828,48.29966586066161,3417.7670053937463,163.84109975162463,782.4244327853949,51.68076946838967,1055.4804793568949,3443.1931532427084,474.4991970129713,0.03439596063988095,50.797045407738096,3052.257767874306,352.11690448037757,767.4428344592261,65.57871875,1055.4804793568949,3443.1931532427084,474.4991970129713,0.03439596063988095,50.797045407738096,3052.257767874306,352.11690448037757,767.4428344592261,65.57871875
2026-02-11 01:00:00+00:00,2266.93334,3987.8706075,605.2525,0.035,45.83361,6053.4443325,137.27582,789.87433,41.0,1305.0278234550165,3882.2138169370332,484.87795158347217,0.06740736977430492,47.939292328398096,3454.935800936217,156.34495979411767,783.3140338508705,49.37683965851372,1055.4804793568949,3443.1931532427084,474.4991970129713,0.03439596063988095,50.797045407738096,3052.257767874306,352.11690448037757,767.4428344592261,65.57871875,1055.4804793568949,3443.1931532427084,474.4991970129713,0.03439596063988095,50.797045407738096,3052.257767874306,352.11690448037757,767.4428344592261,65.57871875
2026-02-11 02:00:00+00:00,2133.7199925,3870.03864,632.4841675,0.0,45.83361,6007.7570875,137.32864,789.10708,41.0,1217.2493636798472,3878.655947804279,475.7917503339066,0.04525547723129012,47.23260803419568,3444.788228840287,157.73754788267829,785.2379912512862,53.05417973612046,1055.4804793568949,3443.1931532427084,474.4991970129713,0.03439596063988095,50.797045407738096,3052.257767874306,352.11690448037757,767.4428344592261,65.57871875,1055.4804793568949,3443.1931532427084,474.4991970129713,0.03439596063988095,50.797045407738096,3052.257767874306,352.11690448037757,767.4428344592261,65.57871875
2026-02-11 03:00:00+00:00,2218.6811975,3913.93975,584.7373024999999,0.0316675,45.83361,6017.2292825,138.65855999999997,789.10708,41.0,1069.381399939964,3984.0738570133394,429.62838513708857,0.04069526444037381,47.37764000277466,3451.9142300314966,190.16852833430306,786.0775249424573,50.3557099642132,1055.4804793568949,3443.1931532427084,474.4991970129713,0.03439596063988095,50.797045407738096,3052.257767874306,352.11690448037757,767.4428344592261,65.57871875,1055.4804793568949,3443.1931532427084,474.4991970129713,0.03439596063988095,50.797045407738096,3052.257767874306,352.11690448037757,767.4428344592261,65.57871875
2026-02-11 04:00:00+00:00,2264.7933275,3972.0554899999997,539.0300025,0.0316675,45.83361,6072.1288325,139.42482,789.10708,41.0,1449.5152147209667,4023.7372881313377,430.8647169251924,0.14412865930922647,46.44291407070605,3620.0309995955145,193.00452741691973,786.16339912693,52.599558434462935,1055.4804793568949,3443.1931532427084,474.4991970129713,0.03439596063988095,50.797045407738096,3052.257767874306,352.11690448037757,767.4428344592261,65.57871875,1055.4804793568949,3443.1931532427084,474.4991970129713,0.03439596063988095,50.797045407738096,3052.257767874306,352.11690448037757,767.4428344592261,65.57871875
2026-02-11 05:00:00+00:00,2460.4525025000003,4456.039662499999,517.02583,0.0333325,45.83361,6520.772335,147.70204999999999,791.43408,41.0,1718.0735216175374,4346.367219617697,491.4596398088702,0.1598743161423857,46.43329248759265,5007.6666685420005,261.6877760154938,789.8780106954611,52.252880329111605,1055.4804793568949,3443.1931532427084,474.4991970129713,0.03439596063988095,50.797045407738096,3052.257767874306,352.11690448037757,767.4428344592261,65.57871875,1055.4804793568949,3443.1931532427084,474.4991970129713,0.03439596063988095,50.797045407738096,3052.257767874306,352.11690448037757,767.4428344592261,65.57871875
2026-02-11 06:00:00+00:00,2571.007505,4659.2833675,529.1125025,0.0,45.83361,6542.1497375,308.03496,794.67208,41.0,1957.4391757865897,4758.291932914164,517.5556481103898,0.03858905133294303,48.07508382874898,6015.520676680352,682.0434837569976,810.8219782987767,65.66945140269848,1055.4804793568949,3443.1931532427084,474.4991970129713,0.03439596063988095,50.797045407738096,3052.257767874306,352.11690448037757,767.4428344592261,65.57871875,1055.4804793568949,3443.1931532427084,474.4991970129713,0.03439596063988095,50.797045407738096,3052.257767874306,352.11690448037757,767.4428344592261,65.57871875
2026-02-11 07:00:00+00:00,2563.35584,4576.613875,532.1966675,0.035,45.83361,6604.090485,691.2569599999998,796.11208,41.0,2120.4468522997795,4718.947180532503,502.8393828469741,0.03267865016003976,48.50542690789118,5829.529271423615,740.6125870163276,805.1082658971245,62.90822322425426,1055.4804793568949,3443.1931532427084,474.4991970129713,0.03439596063988095,50.797045407738096,3052.257767874306,352.11690448037757,767.4428344592261,65.57871875,1055.4804793568949,3443.1931532427084,474.4991970129713,0.03439596063988095,50.797045407738096,3052.257767874306,352.11690448037757,767.4428344592261,65.57871875
2026-02-11 08:00:00+00:00,2548.6641425,4569.8695725,549.1758375,0.0,45.83361,6545.3207475,357.93044000000003,796.11208,41.0,2352.991975787855,4720.058994180471,484.3584528925639,0.04857427260959577,47.206622585077184,5723.922512906556,403.3477933570118,797.3326880746943,59.11876898888494,1055.4804793568949,3443.1931532427084,474.4991970129713,0.03439596063988095,50.797045407738096,3052.257767874306,352.11690448037757,767.4428344592261,65.57871875,1055.4804793568949,3443.1931532427084,474.4991970129713,0.03439596063988095,50.797045407738096,3052.257767874306,352.11690448037757,767.4428344592261,65.57871875
2026-02-11 09:00:00+00:00,2544.8049825,4514.083465,547.05583,0.0666675,45.83361,6415.0501625,219.29504500000002,795.12408,41.0,2332.2764935820596,4407.397266758762,541.2785778520652,0.057243797727828734,47.02718765534334,5769.054464213964,288.1880356009748,784.4839596745236,61.46367670748619,1055.4804793568949,3443.1931532427084,474.4991970129713,0.03439596063988095,50.797045407738096,3052.257767874306,352.11690448037757,767.4428344592261,65.57871875,1055.4804793568949,3443.1931532427084,474.4991970129713,0.03439596063988095,50.797045407738096,3052.257767874306,352.11690448037757,767.4428344592261,65.57871875
2026-02-11 10:00:00+00:00,2446.3050175,4525.15577,494.3408375,0.0,45.83361,6245.4275099999995,373.39668750000004,794.39208,42.0,2156.25907720745,4703.727155857877,519.9456196574117,0.0429491212521978,45.08720306054006,6319.384698865744,221.98795487634374,781.1349021462294,57.22695085529934,1055.4804793568949,3443.1931532427084,474.4991970129713,0.03439596063988095,50.797045407738096,3052.257767874306,352.11690448037757,767.4428344592261,65.57871875,1055.4804793568949,3443.1931532427084,474.4991970129713,0.03439596063988095,50.797045407738096,3052.257767874306,352.11690448037757,767.4428344592261,65.57871875
2026-02-11 11:00:00+00:00,2446.9166649999997,4529.968175,515.263335,0.0316675,45.83361,6475.8596625,372.00723,794.39208,42.0,1678.7623682269773,4598.561039786554,490.95225141175825,0.05224146107333838,45.99054503467937,5754.091832467531,200.09089881787605,782.2784258633895,55.27086852003524,1055.4804793568949,3443.1931532427084,474.4991970129713,0.03439596063988095,50.797045407738096,3052.257767874306,352.11690448037757,767.4428344592261,65.57871875,1055.4804793568949,3443.1931532427084,474.4991970129713,0.03439596063988095,50.797045407738096,3052.257767874306,352.11690448037757,767.4428344592261,65.57871875
2026-02-11 12:00:00+00:00,2450.081655,4333.899835,596.0133275000001,0.0,45.83361,6274.1692299999995,162.381275,794.39208,41.75,1530.1919274479574,4468.250163076012,501.0460708794998,0.022505099684006498,47.877342502961,5483.5074895357575,180.68377234226105,792.4094294147493,57.658875230021806,1055.4804793568949,3443.1931532427084,474.4991970129713,0.03439596063988095,50.797045407738096,3052.257767874306,352.11690448037757,767.4428344592261,65.57871875,1055.4804793568949,3443.1931532427084,474.4991970129713,0.03439596063988095,50.797045407738096,3052.257767874306,352.11690448037757,767.4428344592261,65.57871875
2026-02-11 13:00:00+00:00,2449.939995,4502.4255075,570.7325000000001,0.0333325,45.83361,6435.901545,162.86192,794.39208,41.0,1513.162700974954,4682.117292879087,522.1988423356039,0.0444197660037732,48.85300695674437,5349.722348100875,206.2542098019495,797.2846278613918,59.308621647617855,1055.4804793568949,3443.1931532427084,474.4991970129713,0.03439596063988095,50.797045407738096,3052.257767874306,352.11690448037757,767.4428344592261,65.57871875,1055.4804793568949,3443.1931532427084,474.4991970129713,0.03439596063988095,50.797045407738096,3052.257767874306,352.11690448037757,767.4428344592261,65.57871875
2026-02-11 14:00:00+00:00,2453.0058225000002,4577.2779075,526.7191675,0.0333325,45.83361,6690.5042300000005,164.62313,794.39208,41.0,1458.4027876448843,4840.610022333079,487.4164836627798,0.02547709266112659,47.56583418577373,5609.231880126905,359.9372186487461,815.479844803885,63.93811616195708,1055.4804793568949,3443.1931532427084,474.4991970129713,0.03439596063988095,50.797045407738096,3052.257767874306,352.11690448037757,767.4428344592261,65.57871875,1055.4804793568949,3443.1931532427084,474.4991970129713,0.03439596063988095,50.797045407738096,3052.257767874306,352.11690448037757,767.4428344592261,65.57871875
2026-02-11 15:00:00+00:00,2460.0908425,4450.25955,532.2249975,0.0,45.83361,6757.99434,171.39573000000001,795.82108,41.0,1542.7895626407922,4708.553121960138,490.49487438300287,0.026035124126072815,49.00359902783569,5364.097414589934,658.4938475309158,832.8760714746938,63.31293342600989,1055.4804793568949,3443.1931532427084,474.4991970129713,0.03439596063988095,50.797045407738096,3052.257767874306,352.11690448037757,767.4428344592261,65.57871875,1055.4804793568949,3443.1931532427084,474.4991970129713,0.03439596063988095,50.797045407738096,3052.257767874306,352.11690448037757,767.4428344592261,65.57871875
2026-02-11 16:00:00+00:00,2576.0075,4145.9445975,500.575835,0.065,45.83361,6809.9607424999995,416.387465,796.99408,41.0,1795.3300516951015,4995.477384793753,499.40609485851587,-0.00015790074162257833,49.65441624866735,5267.205312313979,837.3740973382726,840.5693793280061,62.411691456397264,1055.4804793568949,3443.1931532427084,474.4991970129713,0.03439596063988095,50.797045407738096,3052.257767874306,352.11690448037757,767.4428344592261,65.57871875,1055.4804793568949,3443.1931532427084,474.4991970129713,0.03439596063988095,50.797045407738096,3052.257767874306,352.11690448037757,767.4428344592261,65.57871875
2026-02-11 17:00:00+00:00,2595.435,4136.6742875,511.93832999999995,0.0333325,45.83361,6829.4725100000005,243.1691525,797.1938299999999,41.0,1906.9173799977289,4768.933509729346,518.2302479290288,0.04831233746860608,46.16207189393095,6055.461165525865,681.3318348442627,794.5985055349397,58.13660148250426,1055.4804793568949,3443.1931532427084,474.4991970129713,0.03439596063988095,50.797045407738096,3052.257767874306,352.11690448037757,767.4428344592261,65.57871875,1055.4804793568949,3443.1931532427084,474.4991970129713,0.03439596063988095,50.797045407738096,3052.257767874306,352.11690448037757,767.4428344592261,65.57871875
2026-02-11 18:00:00+00:00,2581.125005,4141.8607425,516.4999975000001,0.0666675,45.83361,6824.614439999999,173.9194875,795.48308,41.0,2047.688426144262,4471.491120506651,496.74565275411976,0.05327466950778183,47.1566315333925,5556.589818141839,344.5771411207846,797.8287595950188,57.70496922606297,1055.4804793568949,3443.1931532427084,474.4991970129713,0.03439596063988095,50.797045407738096,3052.257767874306,352.11690448037757,767.4428344592261,65.57871875,1055.4804793568949,3443.1931532427084,474.4991970129713,0.03439596063988095,50.797045407738096,3052.257767874306,352.11690448037757,767.4428344592261,65.57871875
2026-02-11 19:00:00+00:00,2460.88083,4158.9974275,538.7291625,0.0316675,45.83361,6781.1720675,170.31662,795.48308,41.0,1650.1864707886332,4063.400804482133,471.38980745407554,0.08032034991202705,46.50326047922333,4703.997433146509,300.6878857760252,800.6341157762135,52.02744093245444,1055.4804793568949,3443.1931532427084,474.4991970129713,0.03439596063988095,50.797045407738096,3052.257767874306,352.11690448037757,767.4428344592261,65.57871875,1055.4804793568949,3443.1931532427084,474.4991970129713,0.03439596063988095,50.797045407738096,3052.257767874306,352.11690448037757,767.4428344592261,65.57871875
2026-02-11 20:00:00+00:00,2406.92083,4139.277195000001,565.344995,0.13333250000000002,45.83361,6630.8229225,170.74727,795.48308,41.0,1410.6871326580435,3873.643904861742,490.89910350022546,0.132863177868078,45.33468878293901,4618.536408880117,258.9833985083835,795.2662242328826,48.910521332168955,1055.4804793568949,3443.1931532427084,474.4991970129713,0.03439596063988095,50.797045407738096,3052.257767874306,352.11690448037757,767.4428344592261,65.57871875,1055.4804793568949,3443.1931532427084,474.4991970129713,0.03439596063988095,50.797045407738096,3052.257767874306,352.11690448037757,767.4428344592261,65.57871875
2026-02-11 21:00:00+00:00,2328.3775025,4160.210095,591.5625,0.065,45.83361,6341.0580875,170.671535,794.17558,41.25,1427.1561974050421,3809.81009293419,482.0024621052829,0.14960602689714272,45.77278379519207,4231.6717913906805,224.63764128093277,794.1235846125519,51.29975188252654,1055.4804793568949,3443.1931532427084,474.4991970129713,0.03439596063988095,50.797045407738096,3052.257767874306,352.11690448037757,767.4428344592261,65.57871875,1055.4804793568949,3443.1931532427084,474.4991970129713,0.03439596063988095,50.797045407738096,3052.257767874306,352.11690448037757,767.4428344592261,65.57871875
2026-02-11 22:00:00+00:00,2267.66252,3995.3047625,564.8016675,0.1683325,45.83361,4416.1570950000005,170.44433000000004,793.38658,41.0,1506.1931604648776,3498.283846115861,465.68514066345904,0.19642035988876405,45.53934541810312,3601.889058482138,171.453836728286,786.6047163580644,51.519032362382305,1055.4804793568949,3443.1931532427084,474.4991970129713,0.03439596063988095,50.797045407738096,3052.257767874306,352.11690448037757,767.4428344592261,65.57871875,1055.4804793568949,3443.1931532427084,474.4991970129713,0.03439596063988095,50.797045407738096,3052.257767874306,352.11690448037757,767.4428344592261,65.57871875
2026-02-11 23:00:00+00:00,2241.379985,3631.6860675,526.2991675000001,0.13666749999999997,45.83361,4302.8465025000005,160.49401999999998,788.65008,41.0,999.4990693216816,3114.5611408263244,444.0621977891444,0.1388274369880039,46.245554855575,3180.295832661419,153.12428871949436,793.5982987908523,53.511401442770165,1055.4804793568949,3443.1931532427084,474.4991970129713,0.03439596063988095,50.797045407738096,3052.257767874306,352.11690448037757,767.4428344592261,65.57871875,1055.4804793568949,3443.1931532427084,474.4991970129713,0.03439596063988095,50.797045407738096,3052.257767874306,352.11690448037757,767.4428344592261,65.57871875
2026-02-12 00:00:00+00:00,1964.45833,3644.1413549999997,563.3100025,0.1683325,45.83361,4277.251585,161.47564749999998,788.88558,41.5,1074.9307080109281,2864.189569037113,458.7255093429629,0.06590620232105346,46.9339901982217,3128.8590898717075,188.41206782733838,785.1877260522905,50.59729636429011,1055.4804793568949,3443.1931532427084,474.4991970129713,0.03439596063988095,50.797045407738096,3052.257767874306,352.11690448037757,767.4428344592261,65.57871875,1055.4804793568949,3443.1931532427084,474.4991970129713,0.03439596063988095,50.797045407738096,3052.257767874306,352.11690448037757,767.4428344592261,65.57871875
2026-02-12 01:00:00+00:00,1790.7291725,3624.4445975,534.0399975,0.09833250000000002,45.83361,4280.7264925,163.97502999999998,788.59858,41.0,812.4717033138686,2858.711503663503,469.5442443058208,0.05830728107457734,48.02976376977258,2730.2667268533028,154.7218034381223,793.1172035831748,48.99398260910674,1055.4804793568949,3443.1931532427084,474.4991970129713,0.03439596063988095,50.797045407738096,3052.257767874306,352.11690448037757,767.4428344592261,65.57871875,1055.4804793568949,3443.1931532427084,474.4991970129713,0.03439596063988095,50.797045407738096,3052.257767874306,352.11690448037757,767.4428344592261,65.57871875
2026-02-12 02:00:00+00:00,1718.73251,3611.2171575,482.46500000000003,0.0,45.83361,4336.7902625,162.97513,788.59858,40.0,761.047510098459,2601.0099911583306,503.69944688216333,0.033075079534435156,48.38956301944011,2874.0128273329,162.3546955307775,791.1369823617881,48.99688510979417,1055.4804793568949,3443.1931532427084,474.4991970129713,0.03439596063988095,50.797045407738096,3052.257767874306,352.11690448037757,767.4428344592261,65.57871875,1055.4804793568949,3443.1931532427084,474.4991970129713,0.03439596063988095,50.797045407738096,3052.257767874306,352.11690448037757,767.4428344592261,65.57871875
2026-02-12 03:00:00+00:00,1750.1149875,3629.0353175,489.3216625,0.0683325,45.83361,4379.059665,171.4189175,788.59858,39.0,711.1476191710054,2790.7558884036507,474.3243572454926,0.04552777092650499,47.84858147242734,2642.824868353868,212.92538484618225,794.4496964668228,47.684757442974345,1055.4804793568949,3443.1931532427084,474.4991970129713,0.03439596063988095,50.797045407738096,3052.257767874306,352.11690448037757,767.4428344592261,65.57871875,1055.4804793568949,3443.1931532427084,474.4991970129713,0.03439596063988095,50.797045407738096,3052.257767874306,352.11690448037757,767.4428344592261,65.57871875
2026-02-12 04:00:00+00:00,2245.6866675,3788.7013875000002,478.0949975,0.066665,45.83361,4663.58841,171.34739,788.59858,39.0,1295.5196250734984,3188.5864096761425,475.7106168610709,0.09788588855304386,47.283441707613214,2974.4176697153,231.17755324092394,792.7794056310836,51.1015249726042,1055.4804793568949,3443.1931532427084,474.4991970129713,0.03439596063988095,50.797045407738096,3052.257767874306,352.11690448037757,767.4428344592261,65.57871875,1055.4804793568949,3443.1931532427084,474.4991970129713,0.03439596063988095,50.797045407738096,3052.257767874306,352.11690448037757,767.4428344592261,65.57871875
2026-02-12 05:00:00+00:00,2395.0500025,4229.391955,478.304165,0.1,45.83361,5967.2945025,192.16317999999998,790.92558,39.0,1696.134520603175,3691.4326616598123,512.1658949812697,0.12881050842061428,48.84581222649916,3570.2982411438597,196.281232043107,791.8629194613893,51.42082648412108,1055.4804793568949,3443.1931532427084,474.4991970129713,0.03439596063988095,50.797045407738096,3052.257767874306,352.11690448037757,767.4428344592261,65.57871875,1055.4804793568949,3443.1931532427084,474.4991970129713,0.03439596063988095,50.797045407738096,3052.257767874306,352.11690448037757,767.4428344592261,65.57871875
2026-02-12 06:00:00+00:00,2401.9450125,4580.6339575,524.159165,0.0,45.83361,6800.061495,223.134545,794.16358,39.0,2066.596101016143,4535.374787979991,510.87456686276823,0.03219942709791255,47.199990329842834,5098.007486111757,732.0103712189716,809.2679934132262,60.74100018457501,1055.4804793568949,3443.1931532427084,474.4991970129713,0.03439596063988095,50.797045407738096,3052.257767874306,352.11690448037757,767.4428344592261,65.57871875,1055.4804793568949,3443.1931532427084,474.4991970129713,0.03439596063988095,50.797045407738096,3052.257767874306,352.11690448037757,767.4428344592261,65.57871875
2026-02-12 07:00:00+00:00,2398.75,4580.9270575,506.5233325,0.0333325,45.83361,6910.75075,317.09341,795.60408,39.0,2474.4129795554027,4448.3515887554495,501.03091808822006,0.0411142738405642,45.19025397100234,5457.882134988969,641.1680966807952,805.2795206934392,58.310484381543986,1055.4804793568949,3443.1931532427084,474.4991970129713,0.03439596063988095,50.797045407738096,3052.257767874306,352.11690448037757,767.4428344592261,65.57871875,1055.4804793568949,3443.1931532427084,474.4991970129713,0.03439596063988095,50.797045407738096,3052.257767874306,352.11690448037757,767.4428344592261,65.57871875
2026-02-12 08:00:00+00:00,2390.9300175,4580.154060000001,496.3783325,0.03345,45.83361,6654.78389,189.02653500000002,795.60408,39.0,2304.62074932784,4190.318267191042,481.7989671435985,0.05813690202394316,45.763587751802945,5112.901290793969,425.10960323734264,798.0831140116005,57.45618007508408,1055.4804793568949,3443.1931532427084,474.4991970129713,0.03439596063988095,50.797045407738096,3052.257767874306,352.11690448037757,767.4428344592261,65.57871875,1055.4804793568949,3443.1931532427084,474.4991970129713,0.03439596063988095,50.797045407738096,3052.257767874306,352.11690448037757,767.4428344592261,65.57871875
2026-02-12 09:00:00+00:00,2228.81418,4475.5994375,512.8808325,0.035,45.83361,5850.2499124999995,163.46650499999998,795.01808,39.0,2184.961902422958,3823.4925429923233,488.76824347298816,0.0515839568850103,45.30283181436351,4831.63364993729,293.5341847532731,796.5716170075559,45.79603394063409,1055.4804793568949,3443.1931532427084,474.4991970129713,0.03439596063988095,50.797045407738096,3052.257767874306,352.11690448037757,767.4428344592261,65.57871875,1055.4804793568949,3443.1931532427084,474.4991970129713,0.03439596063988095,50.797045407738096,3052.257767874306,352.11690448037757,767.4428344592261,65.57871875
2026-02-12 10:00:00+00:00,1937.693315,4407.3715624999995,517.1424975,0.1329975,45.83361,5856.67642,156.85784999999998,795.01808,40.0,1730.834463688436,3975.4901430289797,464.49346670500967,0.0490538271214119,46.64602432056662,4595.142600377898,283.11830825748086,788.5017924629758,48.76480493830984,1055.4804793568949,3443.1931532427084,474.4991970129713,0.03439596063988095,50.797045407738096,3052.257767874306,352.11690448037757,767.4428344592261,65.57871875,1055.4804793568949,3443.1931532427084,474.4991970129713,0.03439596063988095,50.797045407738096,3052.257767874306,352.11690448037757,767.4428344592261,65.57871875
2026-02-12 11:00:00+00:00,1933.32166,4398.6975,540.5949949999999,0.0,45.83361,5497.815265,160.02874,795.01808,39.75,1427.1552059032617,3942.6308626196087,476.9192252249173,0.047564028862159685,46.32251495869909,4108.107393020184,220.49732930566032,799.9629289756393,45.25684662255855,1055.4804793568949,3443.1931532427084,474.4991970129713,0.03439596063988095,50.797045407738096,3052.257767874306,352.11690448037757,767.4428344592261,65.57871875,1055.4804793568949,3443.1931532427084,474.4991970129713,0.03439596063988095,50.797045407738096,3052.257767874306,352.11690448037757,767.4428344592261,65.57871875
2026-02-12 12:00:00+00:00,1934.05583,4389.166695,506.18667,0.035,45.83361,5492.83718,163.68621000000002,795.01808,39.0,1330.5861762369618,3843.094005440179,471.5345261108062,0.030044633984803115,46.09524773871216,4013.533602297198,228.81950902990127,794.1962443379123,44.80057248451736,1055.4804793568949,3443.1931532427084,474.4991970129713,0.03439596063988095,50.797045407738096,3052.257767874306,352.11690448037757,767.4428344592261,65.57871875,1055.4804793568949,3443.1931532427084,474.4991970129713,0.03439596063988095,50.797045407738096,3052.257767874306,352.11690448037757,767.4428344592261,65.57871875
2026-02-12 13:00:00+00:00,1971.222505,4480.8483475,488.6716725,0.0,45.83361,5654.9371025,168.05202500000001,795.01808,39.5,1516.161526468575,4029.5917937904837,477.24150166291946,0.033057593493265244,45.998634829296016,3552.7274915714884,326.7757972653299,794.8860195995107,52.42733249101172,1055.4804793568949,3443.1931532427084,474.4991970129713,0.03439596063988095,50.797045407738096,3052.257767874306,352.11690448037757,767.4428344592261,65.57871875,1055.4804793568949,3443.1931532427084,474.4991970129713,0.03439596063988095,50.797045407738096,3052.257767874306,352.11690448037757,767.4428344592261,65.57871875
2026-02-12 14:00:00+00:00,1919.6691849999997,4575.246935,491.637495,0.0,45.83361,5488.1766625,168.31784000000002,795.01808,40.25,1670.6548771375396,4237.357118417225,492.69600718262336,0.026318703234976957,46.1231545525965,3886.77838045462,334.8353386845993,806.0366571795737,52.72821094093288,1055.4804793568949,3443.1931532427084,474.4991970129713,0.03439596063988095,50.797045407738096,3052.257767874306,352.11690448037757,767.4428344592261,65.57871875,1055.4804793568949,3443.1931532427084,474.4991970129713,0.03439596063988095,50.797045407738096,3052.257767874306,352.11690448037757,767.4428344592261,65.57871875
2026-02-12 15:00:00+00:00,2016.5741625,4571.7037025,563.1199975,0.063335,45.83361,5553.8264025,168.47525,795.01808,40.0,1884.8545891605067,4088.2303813574626,513.6505436966905,0.029926889504113586,47.35859704075935,4282.742149668725,529.7953606847987,810.8893577528721,54.534924538283555,1055.4804793568949,3443.1931532427084,474.4991970129713,0.03439596063988095,50.797045407738096,3052.257767874306,352.11690448037757,767.4428344592261,65.57871875,1055.4804793568949,3443.1931532427084,474.4991970129713,0.03439596063988095,50.797045407738096,3052.257767874306,352.11690448037757,767.4428344592261,65.57871875
2026-02-12 16:00:00+00:00,2351.3708375,4619.9013125,560.1475,0.19833250000000002,45.83361,5880.50259,169.5585575,796.19108,39.0,2096.7027950203956,4460.524443512596,496.5257531506342,0.03421619360811473,45.7318835715761,4485.9412001047385,678.3697282277129,815.7202955656246,60.580503910852144,1055.4804793568949,3443.1931532427084,474.4991970129713,0.03439596063988095,50.797045407738096,3052.257767874306,352.11690448037757,767.4428344592261,65.57871875,1055.4804793568949,3443.1931532427084,474.4991970129713,0.03439596063988095,50.797045407738096,3052.257767874306,352.11690448037757,767.4428344592261,65.57871875
2026-02-12 17:00:00+00:00,2439.15083,4620.857222500001,495.14,0.0316675,45.83361,6062.4852475,168.72572000000002,796.83658,39.0,2424.1729158464204,4252.63056314175,520.3149102248359,0.061465686227292746,45.372260777519536,4697.432292029038,693.2399019955521,792.967560955037,51.83283670517637,1055.4804793568949,3443.1931532427084,474.4991970129713,0.03439596063988095,50.797045407738096,3052.257767874306,352.11690448037757,767.4428344592261,65.57871875,1055.4804793568949,3443.1931532427084,474.4991970129713,0.03439596063988095,50.797045407738096,3052.257767874306,352.11690448037757,767.4428344592261,65.57871875
2026-02-12 18:00:00+00:00,2407.7716625000003,4516.3974425,513.774165,0.0316675,45.83361,5801.6151675,169.117265,796.83658,39.0,2002.381746273636,4326.443924363278,474.884833148284,0.05579152061611414,44.882400845680344,4496.808369579478,346.0056884479213,796.7263510709655,54.80415741720364,1055.4804793568949,3443.1931532427084,474.4991970129713,0.03439596063988095,50.797045407738096,3052.257767874306,352.11690448037757,767.4428344592261,65.57871875,1055.4804793568949,3443.1931532427084,474.4991970129713,0.03439596063988095,50.797045407738096,3052.257767874306,352.11690448037757,767.4428344592261,65.57871875
2026-02-12 19:00:00+00:00,2113.36919,4254.2113,508.1875,0.1316675,45.83361,5676.2617525,168.72572000000002,797.72808,39.0,1594.7629633845186,3656.6645992085873,438.9394039974175,0.11942525763831568,46.02798277910631,4045.926982031254,295.2314153614532,795.2195834097917,49.6271622914787,1055.4804793568949,3443.1931532427084,474.4991970129713,0.03439596063988095,50.797045407738096,3052.257767874306,352.11690448037757,767.4428344592261,65.57871875,1055.4804793568949,3443.1931532427084,474.4991970129713,0.03439596063988095,50.797045407738096,3052.257767874306,352.11690448037757,767.4428344592261,65.57871875
2026-02-12 20:00:00+00:00,1892.4433399999998,4233.34479,520.8699975,0.035,45.83361,5159.61884,168.72572000000002,796.83658,39.0,1253.259914552789,3308.31249511682,441.6782205218078,0.10794379975340201,46.0194311323027,3237.2059716072895,261.2280182538775,794.2230674130208,45.24263243875804,1055.4804793568949,3443.1931532427084,474.4991970129713,0.03439596063988095,50.797045407738096,3052.257767874306,352.11690448037757,767.4428344592261,65.57871875,1055.4804793568949,3443.1931532427084,474.4991970129713,0.03439596063988095,50.797045407738096,3052.257767874306,352.11690448037757,767.4428344592261,65.57871875
2026-02-12 21:00:00+00:00,1809.4566675,4236.0752175,604.76583,0.0683325,45.83361,5142.6743375,169.117265,795.52908,39.0,1057.2360912644483,3301.1076526076367,437.1639967979474,0.11190965970274999,46.72268370132355,2895.1488922982808,235.70742719869548,790.5742042331615,45.915540740798406,1055.4804793568949,3443.1931532427084,474.4991970129713,0.03439596063988095,50.797045407738096,3052.257767874306,352.11690448037757,767.4428344592261,65.57871875,1055.4804793568949,3443.1931532427084,474.4991970129713,0.03439596063988095,50.797045407738096,3052.257767874306,352.11690448037757,767.4428344592261,65.57871875
2026-02-12 22:00:00+00:00,1641.940815,4159.492235,628.3833324999999,0.0,45.83361,5032.67568,170.2919,794.74008,40.5,939.3775203585931,2994.102049569352,440.3311278992108,0.1260283007413839,45.71125875371835,2669.907712336402,219.85457689556762,789.7668756129948,44.580038716611114,1055.4804793568949,3443.1931532427084,474.4991970129713,0.03439596063988095,50.797045407738096,3052.257767874306,352.11690448037757,767.4428344592261,65.57871875,1055.4804793568949,3443.1931532427084,474.4991970129713,0.03439596063988095,50.797045407738096,3052.257767874306,352.11690448037757,767.4428344592261,65.57871875
2026-02-12 23:00:00+00:00,1435.7924950000001,4215.522855,590.8050025,0.0666675,45.83361,4860.997325,158.17946999999995,789.28208,41.25,867.3409495828655,2698.566530468416,445.558920970131,0.12065567454338305,45.30947703880295,2305.0864230000216,154.03280948441835,790.7054589951506,46.1144324789029,1055.4804793568949,3443.1931532427084,474.4991970129713,0.03439596063988095,50.797045407738096,3052.257767874306,352.11690448037757,767.4428344592261,65.57871875,1055.4804793568949,3443.1931532427084,474.4991970129713,0.03439596063988095,50.797045407738096,3052.257767874306,352.11690448037757,767.4428344592261,65.57871875
2026-02-13 00:00:00+00:00,1427.860835,4212.83929,597.7316675,0.0666675,45.83361,4660.1894175,158.6450175,791.10858,39.0,614.2785886291592,2378.161746831372,467.3731680133934,0.06253212380727999,44.81090066368094,1792.2397380539594,168.17102945202333,794.9611801049625,44.524666414300256,1055.4804793568949,3443.1931532427084,474.4991970129713,0.03439596063988095,50.797045407738096,3052.257767874306,352.11690448037757,767.4428344592261,65.57871875,1055.4804793568949,3443.1931532427084,474.4991970129713,0.03439596063988095,50.797045407738096,3052.257767874306,352.11690448037757,767.4428344592261,65.57871875
2026-02-13 01:00:00+00:00,1434.2591575000001,4166.1669225000005,589.07833,0.0,45.83361,4490.8311675,160.04165999999998,790.82158,39.0,583.7424033466463,2438.7180266234714,494.53607153875,0.04398983601755936,45.69923511325155,1285.92009158519,162.47417342425052,797.2774408950391,45.142097330256874,1055.4804793568949,3443.1931532427084,474.4991970129713,0.03439596063988095,50.797045407738096,3052.257767874306,352.11690448037757,767.4428344592261,65.57871875,1055.4804793568949,3443.1931532427084,474.4991970129713,0.03439596063988095,50.797045407738096,3052.257767874306,352.11690448037757,767.4428344592261,65.57871875
2026-02-13 02:00:00+00:00,1441.3775,4176.6572325,547.521665,0.0,45.83361,4445.4553225,158.17946999999995,790.82158,39.25,548.4802678672816,2659.374138885669,484.59530121115114,0.04628078190940084,45.17905381441829,1372.7987138164542,166.65243228276185,797.879699000105,43.12626003099318,1055.4804793568949,3443.1931532427084,474.4991970129713,0.03439596063988095,50.797045407738096,3052.257767874306,352.11690448037757,767.4428344592261,65.57871875,1055.4804793568949,3443.1931532427084,474.4991970129713,0.03439596063988095,50.797045407738096,3052.257767874306,352.11690448037757,767.4428344592261,65.57871875
2026-02-13 03:00:00+00:00,1447.9258275,4145.9423325,499.7708325,0.0333325,45.83361,4631.965945,166.84501749999998,790.82158,40.5,558.4224775833947,2524.2957192750705,496.9862697633342,0.03801023387936005,46.192200722174576,1462.908115838269,162.2784110956535,799.1600316216227,43.053532325968234,1055.4804793568949,3443.1931532427084,474.4991970129713,0.03439596063988095,50.797045407738096,3052.257767874306,352.11690448037757,767.4428344592261,65.57871875,1055.4804793568949,3443.1931532427084,474.4991970129713,0.03439596063988095,50.797045407738096,3052.257767874306,352.11690448037757,767.4428344592261,65.57871875
2026-02-13 04:00:00+00:00,1663.6658525,4373.6073175,484.6675,0.098335,45.83361,5557.6178375,170.42641,791.26758,40.0,852.8289384140396,3335.4919398314205,520.4602425382485,0.047046768773527606,48.82624760191631,2391.202364276579,181.23042921706292,802.0657291334376,44.263337699331714,1055.4804793568949,3443.1931532427084,474.4991970129713,0.03439596063988095,50.797045407738096,3052.257767874306,352.11690448037757,767.4428344592261,65.57871875,1055.4804793568949,3443.1931532427084,474.4991970129713,0.03439596063988095,50.797045407738096,3052.257767874306,352.11690448037757,767.4428344592261,65.57871875
2026-02-13 05:00:00+00:00,2226.2950075,4616.0897025,491.87333,0.23332999999999998,45.83361,6410.969075,169.29246999999998,794.04058,40.0,1683.1312262480244,4170.011286117367,503.1322119555133,0.08601218086822664,47.33397406297018,3524.6973333637775,225.60272989355133,803.0909099368616,43.95300668464027,1055.4804793568949,3443.1931532427084,474.4991970129713,0.03439596063988095,50.797045407738096,3052.257767874306,352.11690448037757,767.4428344592261,65.57871875,1055.4804793568949,3443.1931532427084,474.4991970129713,0.03439596063988095,50.797045407738096,3052.257767874306,352.11690448037757,767.4428344592261,65.57871875
2026-02-13 06:00:00+00:00,2311.70832,4598.15197,544.8983324999999,0.20333499999999996,45.83361,6798.50012,255.25747,797.27858,41.0,1957.4888200087958,4985.826444885733,509.48822675905564,0.042896270329879506,47.18473543608258,4772.488004193714,541.4069629651632,824.8007136965906,59.1303564547407,1055.4804793568949,3443.1931532427084,474.4991970129713,0.03439596063988095,50.797045407738096,3052.257767874306,352.11690448037757,767.4428344592261,65.57871875,1055.4804793568949,3443.1931532427084,474.4991970129713,0.03439596063988095,50.797045407738096,3052.257767874306,352.11690448037757,767.4428344592261,65.57871875
2026-02-13 07:00:00+00:00,2335.95082,4610.6927825,543.102495,0.0,45.83361,6931.087405,483.73247,799.46208,41.0,2241.783251805994,4977.911521008377,476.5138308120765,0.019352187297667967,48.84059562248078,5744.0327294952995,644.6214301131951,824.3252188300867,58.60367484482939,1055.4804793568949,3443.1931532427084,474.4991970129713,0.03439596063988095,50.797045407738096,3052.257767874306,352.11690448037757,767.4428344592261,65.57871875,1055.4804793568949,3443.1931532427084,474.4991970129713,0.03439596063988095,50.797045407738096,3052.257767874306,352.11690448037757,767.4428344592261,65.57871875
2026-02-13 08:00:00+00:00,2321.6791924999998,4638.56877,539.9899975,0.066665,45.83361,6886.406419999999,308.75747,799.570705,41.0,2253.2048531013515,4377.047145086275,483.1715751327532,0.033789113639497055,48.87695100195438,6232.137979725399,383.12400299669525,813.4076483321085,56.96771211794045,1055.4804793568949,3443.1931532427084,474.4991970129713,0.03439596063988095,50.797045407738096,3052.257767874306,352.11690448037757,767.4428344592261,65.57871875,1055.4804793568949,3443.1931532427084,474.4991970129713,0.03439596063988095,50.797045407738096,3052.257767874306,352.11690448037757,767.4428344592261,65.57871875
2026-02-13 09:00:00+00:00,2177.1108375000003,4583.145535,555.08167,0.1808325,45.83361,6462.34201,212.38246999999998,799.31058,41.0,2568.2087245122334,4930.274093754706,477.78781432548635,0.037746480689421505,47.30833261622068,6245.800263889692,209.5307858972061,800.9340051939648,53.985119429202086,1055.4804793568949,3443.1931532427084,474.4991970129713,0.03439596063988095,50.797045407738096,3052.257767874306,352.11690448037757,767.4428344592261,65.57871875,1055.4804793568949,3443.1931532427084,474.4991970129713,0.03439596063988095,50.797045407738096,3052.257767874306,352.11690448037757,767.4428344592261,65.57871875
2026-02-13 10:00:00+00:00,2179.5666625,4559.06125,483.8433325,0.0,45.83361,6398.984915,193.19217,799.31058,41.0,2073.8282612226276,4788.315416268184,474.64018561798775,0.03683708801722216,48.86139803883708,6137.337332443278,195.2468897602774,807.1010856799882,48.81671211677909,1055.4804793568949,3443.1931532427084,474.4991970129713,0.03439596063988095,50.797045407738096,3052.257767874306,352.11690448037757,767.4428344592261,65.57871875,1055.4804793568949,3443.1931532427084,474.4991970129713,0.03439596063988095,50.797045407738096,3052.257767874306,352.11690448037757,767.4428344592261,65.57871875
2026-02-13 11:00:00+00:00,2283.36415,4551.976015,497.49416999999994,0.066665,45.83361,6692.3280975,161.1234075,799.31058,41.0,2005.7535985493546,4359.397106092105,471.48988019127876,0.0231430108412563,49.851212924196446,6232.587000894884,223.34343360731802,825.8707152602897,51.39021365682621,1055.4804793568949,3443.1931532427084,474.4991970129713,0.03439596063988095,50.797045407738096,3052.257767874306,352.11690448037757,767.4428344592261,65.57871875,1055.4804793568949,3443.1931532427084,474.4991970129713,0.03439596063988095,50.797045407738096,3052.257767874306,352.11690448037757,767.4428344592261,65.57871875
2026-02-13 12:00:00+00:00,2300.1024975,4616.71991,486.374165,0.0333325,45.83361,6750.42042,165.86419,799.31058,41.0,1685.2406317286996,4449.5412217201665,454.01053246672745,0.010137659364658606,50.21339301515426,6554.7632114563785,177.9481076682979,825.2045986294213,48.74392116410861,1055.4804793568949,3443.1931532427084,474.4991970129713,0.03439596063988095,50.797045407738096,3052.257767874306,352.11690448037757,767.4428344592261,65.57871875,1055.4804793568949,3443.1931532427084,474.4991970129713,0.03439596063988095,50.797045407738096,3052.257767874306,352.11690448037757,767.4428344592261,65.57871875
2026-02-13 13:00:00+00:00,2344.6674875,4622.99996,486.83667,0.16666750000000002,45.83361,6823.24509,170.01418999999999,799.71308,44.0,1781.0651210864135,4801.050129909841,478.6557229284439,0.021323880656780085,50.24571878285932,6731.583214350987,190.90242694547865,829.6162585601195,61.62994671341276,1055.4804793568949,3443.1931532427084,474.4991970129713,0.03439596063988095,50.797045407738096,3052.257767874306,352.11690448037757,767.4428344592261,65.57871875,1055.4804793568949,3443.1931532427084,474.4991970129713,0.03439596063988095,50.797045407738096,3052.257767874306,352.11690448037757,767.4428344592261,65.57871875
2026-02-13 14:00:00+00:00,2388.55501,4675.50287,492.148335,0.0333325,45.83361,6962.962579999999,362.83169,799.71308,44.0,1574.9540464594984,4953.647036999587,477.07020343247035,0.02604565120924965,50.667158698623005,6814.293766596684,291.7506689045557,830.3768035332648,65.8054064349353,1055.4804793568949,3443.1931532427084,474.4991970129713,0.03439596063988095,50.797045407738096,3052.257767874306,352.11690448037757,767.4428344592261,65.57871875,1055.4804793568949,3443.1931532427084,474.4991970129713,0.03439596063988095,50.797045407738096,3052.257767874306,352.11690448037757,767.4428344592261,65.57871875
2026-02-13 15:00:00+00:00,2444.352495,4633.5012525,523.01416,0.0333325,45.83361,6998.8264175,1066.07919,799.71308,44.0,1621.9583202113092,5272.357374228392,483.6005357688493,0.014444418176664725,49.93703098643899,7031.038460308718,485.21656959126403,843.1621631216492,67.19056849041947,1055.4804793568949,3443.1931532427084,474.4991970129713,0.03439596063988095,50.797045407738096,3052.257767874306,352.11690448037757,767.4428344592261,65.57871875,1055.4804793568949,3443.1931532427084,474.4991970129713,0.03439596063988095,50.797045407738096,3052.257767874306,352.11690448037757,767.4428344592261,65.57871875
2026-02-13 16:00:00+00:00,2562.3808325,4623.1612975,563.5808375,0.096665,45.83361,6853.305985,884.0401674999998,800.43258,43.25,1728.3319080565245,5351.6582993703605,488.2951192391856,0.016225855522182496,50.58078586722187,6844.235115102787,1083.3364634504956,849.4664042200849,70.28271437276555,1055.4804793568949,3443.1931532427084,474.4991970129713,0.03439596063988095,50.797045407738096,3052.257767874306,352.11690448037757,767.4428344592261,65.57871875,1055.4804793568949,3443.1931532427084,474.4991970129713,0.03439596063988095,50.797045407738096,3052.257767874306,352.11690448037757,767.4428344592261,65.57871875
2026-02-13 17:00:00+00:00,2561.779165,4624.8248225,551.49,0.0650025,45.83361,6919.3915975,1366.9056899999998,801.07858,43.0,2021.7766434039547,4945.160128860866,495.1705396517441,0.021199230910028614,48.063822682404016,7342.3960016044,1144.7714129155484,807.4875127496143,65.7505946031438,1055.4804793568949,3443.1931532427084,474.4991970129713,0.03439596063988095,50.797045407738096,3052.257767874306,352.11690448037757,767.4428344592261,65.57871875,1055.4804793568949,3443.1931532427084,474.4991970129713,0.03439596063988095,50.797045407738096,3052.257767874306,352.11690448037757,767.4428344592261,65.57871875
2026-02-13 18:00:00+00:00,2559.61252,4636.143085,578.9508275000001,0.0666675,45.83361,6905.1938924999995,470.22293250000007,801.07858,43.0,2029.2290503177064,4743.667788833954,486.6988798740294,0.0334039771134738,47.40602996708318,7146.357321013513,907.3955196004271,805.4571848112932,65.58674167873507,1055.4804793568949,3443.1931532427084,474.4991970129713,0.03439596063988095,50.797045407738096,3052.257767874306,352.11690448037757,767.4428344592261,65.57871875,1055.4804793568949,3443.1931532427084,474.4991970129713,0.03439596063988095,50.797045407738096,3052.257767874306,352.11690448037757,767.4428344592261,65.57871875
2026-02-13 19:00:00+00:00,2562.0708525,4643.48787,562.4899975,0.25083500000000003,45.83361,6956.6363525,202.37319,801.07858,42.25,1987.1145125538483,4921.524700736018,483.87325324614966,0.06507011610062358,48.56592556103944,6705.414097779486,552.1353379437318,810.7848815145522,60.50323888174932,1055.4804793568949,3443.1931532427084,474.4991970129713,0.03439596063988095,50.797045407738096,3052.257767874306,352.11690448037757,767.4428344592261,65.57871875,1055.4804793568949,3443.1931532427084,474.4991970129713,0.03439596063988095,50.797045407738096,3052.257767874306,352.11690448037757,767.4428344592261,65.57871875
2026-02-13 20:00:00+00:00,2374.3091725,4645.362945,515.0591675,0.16499999999999998,45.83361,6751.219665,202.37319,801.07858,42.0,1824.3411284736424,4590.818036602511,491.93441177096736,0.05071992976000503,48.08270290597715,6710.719189557024,297.1645799186048,810.8251993649933,51.898056705143944,1055.4804793568949,3443.1931532427084,474.4991970129713,0.03439596063988095,50.797045407738096,3052.257767874306,352.11690448037757,767.4428344592261,65.57871875,1055.4804793568949,3443.1931532427084,474.4991970129713,0.03439596063988095,50.797045407738096,3052.257767874306,352.11690448037757,767.4428344592261,65.57871875
2026-02-13 21:00:00+00:00,2290.747335,4588.197685,501.8745175,0.1333325,45.83361,6701.6560375,202.3942275,800.0308299999999,42.0,1857.0354533122725,4359.382546444268,487.2622898921667,0.07297294833536815,48.02296150176978,5941.3261823640805,205.45413609885964,814.5807908084254,51.597610182649454,1055.4804793568949,3443.1931532427084,474.4991970129713,0.03439596063988095,50.797045407738096,3052.257767874306,352.11690448037757,767.4428344592261,65.57871875,1055.4804793568949,3443.1931532427084,474.4991970129713,0.03439596063988095,50.797045407738096,3052.257767874306,352.11690448037757,767.4428344592261,65.57871875
2026-02-13 22:00:00+00:00,2271.364165,4547.4425075,460.8816625,0.13333250000000002,45.83361,6493.85416,166.5420775,799.219955,42.0,1861.111810618534,4482.304311854951,487.45343916500246,0.07187044314764711,48.77106799179286,5232.753437270193,169.92658556359382,814.3175585142958,48.42796378088928,1055.4804793568949,3443.1931532427084,474.4991970129713,0.03439596063988095,50.797045407738096,3052.257767874306,352.11690448037757,767.4428344592261,65.57871875,1055.4804793568949,3443.1931532427084,474.4991970129713,0.03439596063988095,50.797045407738096,3052.257767874306,352.11690448037757,767.4428344592261,65.57871875
2026-02-13 23:00:00+00:00,2150.24834,4553.9869975,432.0508325,0.0333325,45.83361,6556.04626,167.20803999999998,794.3350800000001,41.0,1823.8458519078588,4614.761810472135,487.29039304430296,0.05723414814611029,48.28615852200027,4610.459666596249,157.9175570098393,816.6344540839629,46.63543374778561,1055.4804793568949,3443.1931532427084,474.4991970129713,0.03439596063988095,50.797045407738096,3052.257767874306,352.11690448037757,767.4428344592261,65.57871875,1055.4804793568949,3443.1931532427084,474.4991970129713,0.03439596063988095,50.797045407738096,3052.257767874306,352.11690448037757,767.4428344592261,65.57871875
2026-02-14 00:00:00+00:00,2155.114705,4556.873505,473.0224975,0.1,45.83361,6551.229325,163.55074750000003,795.5595800000001,42.0,1902.1161496553632,4243.651112902088,501.9269809151243,0.0501641525735989,48.73980898989479,4497.321713753534,169.1762793315663,805.3058711866366,43.73004017521204,1055.4804793568949,3443.1931532427084,474.4991970129713,0.03439596063988095,50.797045407738096,3052.257767874306,352.11690448037757,767.4428344592261,65.57871875,1055.4804793568949,3443.1931532427084,474.4991970129713,0.03439596063988095,50.797045407738096,3052.257767874306,352.11690448037757,767.4428344592261,65.57871875
2026-02-14 01:00:00+00:00,2109.5275149999998,4560.949165,457.26,0.0683325,45.83361,6485.174885,164.30587,795.73108,42.0,1638.3785257205536,4347.7398967604695,501.2676386989753,0.03643960922080513,49.06217935873251,4091.962218095616,165.87067136925228,804.4677145550978,45.3184665711793,1055.4804793568949,3443.1931532427084,474.4991970129713,0.03439596063988095,50.797045407738096,3052.257767874306,352.11690448037757,767.4428344592261,65.57871875,1055.4804793568949,3443.1931532427084,474.4991970129713,0.03439596063988095,50.797045407738096,3052.257767874306,352.11690448037757,767.4428344592261,65.57871875
2026-02-14 02:00:00+00:00,2165.969175,4575.264702500001,481.136665,0.0316675,45.83361,6473.804405,162.9701125,795.73108,41.0,1554.6280539395293,4255.74759832385,502.92165806938425,0.019566053134711485,48.7482862114093,3685.1598591857505,154.686570287105,804.7212330204013,45.288572835130424,1055.4804793568949,3443.1931532427084,474.4991970129713,0.03439596063988095,50.797045407738096,3052.257767874306,352.11690448037757,767.4428344592261,65.57871875,1055.4804793568949,3443.1931532427084,474.4991970129713,0.03439596063988095,50.797045407738096,3052.257767874306,352.11690448037757,767.4428344592261,65.57871875
2026-02-14 03:00:00+00:00,2132.671675,4579.5853775,494.9816675,0.0,45.83361,6457.570755,162.37462750000003,795.73108,38.25,1547.4312452756776,4289.1780356419495,503.60816254766513,0.01970369555683471,48.20866987261705,3528.0719412607887,164.88603667877075,805.2533655391572,45.38343278981655,1055.4804793568949,3443.1931532427084,474.4991970129713,0.03439596063988095,50.797045407738096,3052.257767874306,352.11690448037757,767.4428344592261,65.57871875,1055.4804793568949,3443.1931532427084,474.4991970129713,0.03439596063988095,50.797045407738096,3052.257767874306,352.11690448037757,767.4428344592261,65.57871875
2026-02-14 04:00:00+00:00,2131.166655,4563.6643075,507.141665,0.0316675,45.83361,6350.6430125,162.61297,796.1643300000001,38.0,1512.5374397913909,4020.9832834339422,503.6247939418904,0.03876406162243805,48.561428861403975,3432.569209778124,163.9378131619456,804.9125311092251,45.820738377513365,1055.4804793568949,3443.1931532427084,474.4991970129713,0.03439596063988095,50.797045407738096,3052.257767874306,352.11690448037757,767.4428344592261,65.57871875,1055.4804793568949,3443.1931532427084,474.4991970129713,0.03439596063988095,50.797045407738096,3052.257767874306,352.11690448037757,767.4428344592261,65.57871875
2026-02-14 05:00:00+00:00,2165.8341525,4492.5236125,488.0533325,0.0,45.83361,6484.113765,162.29518,798.01208,37.0,1602.7769554780025,4020.6001436216266,510.0264565999513,0.07354917966809701,48.274330101651806,3737.218424634052,178.7660166058012,805.3741724686791,46.62842137436691,1055.4804793568949,3443.1931532427084,474.4991970129713,0.03439596063988095,50.797045407738096,3052.257767874306,352.11690448037757,767.4428344592261,65.57871875,1055.4804793568949,3443.1931532427084,474.4991970129713,0.03439596063988095,50.797045407738096,3052.257767874306,352.11690448037757,767.4428344592261,65.57871875
2026-02-14 06:00:00+00:00,2185.5716725,4394.1580275,542.5000024999999,0.0333325,45.83361,6486.243155,164.37568,800.57458,36.25,1608.2235431423371,4314.079773164938,526.0662779440348,0.006018800844580719,52.61047314535827,3146.0211463837963,257.92616199097495,831.3142543208514,48.93299984913649,1055.4804793568949,3443.1931532427084,474.4991970129713,0.03439596063988095,50.797045407738096,3052.257767874306,352.11690448037757,767.4428344592261,65.57871875,1055.4804793568949,3443.1931532427084,474.4991970129713,0.03439596063988095,50.797045407738096,3052.257767874306,352.11690448037757,767.4428344592261,65.57871875
2026-02-14 07:00:00+00:00,2187.8666949999997,4357.9509025,527.45917,0.0,45.83361,6735.20717,165.06918,802.75858,36.0,1701.1067476208102,3976.5963288869298,562.4886272949531,0.010621852764269808,53.5040101689227,3997.0544923622447,339.0126716460598,838.8459435026283,50.667691980325465,1055.4804793568949,3443.1931532427084,474.4991970129713,0.03439596063988095,50.797045407738096,3052.257767874306,352.11690448037757,767.4428344592261,65.57871875,1055.4804793568949,3443.1931532427084,474.4991970129713,0.03439596063988095,50.797045407738096,3052.257767874306,352.11690448037757,767.4428344592261,65.57871875
2026-02-14 08:00:00+00:00,2226.110835,4382.8256725,463.8250025,0.0683325,45.83361,6846.7124925,218.71418,802.75858,36.0,1813.62754201415,3888.1860886022546,566.3799577396387,0.009661445311095317,54.101706437747424,5020.01610391003,338.79876885361523,845.5029713116287,50.460776747302695,1055.4804793568949,3443.1931532427084,474.4991970129713,0.03439596063988095,50.797045407738096,3052.257767874306,352.11690448037757,767.4428344592261,65.57871875,1055.4804793568949,3443.1931532427084,474.4991970129713,0.03439596063988095,50.797045407738096,3052.257767874306,352.11690448037757,767.4428344592261,65.57871875
2026-02-14 09:00:00+00:00,2225.3991575,4365.801655,490.921665,0.0316675,45.83361,6863.0063075,230.06918000000002,802.17258,35.0,2027.6296595084937,3977.203941039363,559.9787158392755,0.007957958914550277,54.24444337828312,5496.004206423351,279.3061178461521,843.2525517001889,48.808303657577525,1055.4804793568949,3443.1931532427084,474.4991970129713,0.03439596063988095,50.797045407738096,3052.257767874306,352.11690448037757,767.4428344592261,65.57871875,1055.4804793568949,3443.1931532427084,474.4991970129713,0.03439596063988095,50.797045407738096,3052.257767874306,352.11690448037757,767.4428344592261,65.57871875
2026-02-14 10:00:00+00:00,2228.512505,4354.529865,501.84833,0.0316675,45.83361,6829.630892499999,223.20168,802.72158,35.0,1936.4143436248962,4037.467704606267,554.0389651804174,0.012253059291515857,53.87997275313411,5737.007282698607,214.49495605750738,841.7299674931695,47.38993911345405,1055.4804793568949,3443.1931532427084,474.4991970129713,0.03439596063988095,50.797045407738096,3052.257767874306,352.11690448037757,767.4428344592261,65.57871875,1055.4804793568949,3443.1931532427084,474.4991970129713,0.03439596063988095,50.797045407738096,3052.257767874306,352.11690448037757,767.4428344592261,65.57871875
2026-02-14 11:00:00+00:00,2259.5408500000003,4365.5952425,520.8966625,0.0,45.83361,6839.723905,273.8299825,802.90458,35.0,1865.5506303540785,4063.229820635456,517.257268652825,0.01189293996663101,53.62087220126841,5432.362460759713,262.99069509489726,838.0106481628297,46.842654493668775,1055.4804793568949,3443.1931532427084,474.4991970129713,0.03439596063988095,50.797045407738096,3052.257767874306,352.11690448037757,767.4428344592261,65.57871875,1055.4804793568949,3443.1931532427084,474.4991970129713,0.03439596063988095,50.797045407738096,3052.257767874306,352.11690448037757,767.4428344592261,65.57871875
2026-02-14 12:00:00+00:00,2272.252505,4387.0618699999995,536.464165,0.0,45.83361,6797.3929275,223.50304,802.90458,35.0,1824.6933398330466,3838.7726172450584,535.5777234574983,0.019413581990937165,53.841164648670606,5608.397553033033,221.4399601085202,833.9329971696586,47.94637312735274,1055.4804793568949,3443.1931532427084,474.4991970129713,0.03439596063988095,50.797045407738096,3052.257767874306,352.11690448037757,767.4428344592261,65.57871875,1055.4804793568949,3443.1931532427084,474.4991970129713,0.03439596063988095,50.797045407738096,3052.257767874306,352.11690448037757,767.4428344592261,65.57871875
2026-02-14 13:00:00+00:00,2315.1491450000003,4395.9017675,561.3425050000001,0.035,45.83361,6790.7451625,533.4330400000001,802.90458,35.0,1805.2544113802912,3938.119221953952,535.5777234574983,0.02056927936876958,54.02792245773742,5559.0366888011995,225.76933406379203,835.420940001306,46.949986797908124,1055.4804793568949,3443.1931532427084,474.4991970129713,0.03439596063988095,50.797045407738096,3052.257767874306,352.11690448037757,767.4428344592261,65.57871875,1055.4804793568949,3443.1931532427084,474.4991970129713,0.03439596063988095,50.797045407738096,3052.257767874306,352.11690448037757,767.4428344592261,65.57871875
2026-02-14 14:00:00+00:00,2321.6541825,4400.18973,523.3999974999999,0.1016675,45.83361,6915.987745,648.43304,802.90458,35.0,1852.9081720020586,4005.4796428641043,515.609478789241,0.012483685914023934,53.82258570810106,4880.1603757541725,371.6186483755255,843.1045088501236,45.26637056125704,1055.4804793568949,3443.1931532427084,474.4991970129713,0.03439596063988095,50.797045407738096,3052.257767874306,352.11690448037757,767.4428344592261,65.57871875,1055.4804793568949,3443.1931532427084,474.4991970129713,0.03439596063988095,50.797045407738096,3052.257767874306,352.11690448037757,767.4428344592261,65.57871875
2026-02-14 15:00:00+00:00,2485.1658325,4447.2407425,529.06167,0.0316675,45.83361,6998.5839725000005,708.4330399999999,803.30258,35.0,1938.501012351485,4112.007253966445,526.2531302772413,0.010888257467553723,54.38500051986811,5314.130396470082,497.1807443785045,844.7719370816048,43.35713927798873,1055.4804793568949,3443.1931532427084,474.4991970129713,0.03439596063988095,50.797045407738096,3052.257767874306,352.11690448037757,767.4428344592261,65.57871875,1055.4804793568949,3443.1931532427084,474.4991970129713,0.03439596063988095,50.797045407738096,3052.257767874306,352.11690448037757,767.4428344592261,65.57871875
2026-02-14 16:00:00+00:00,2595.3741474999997,4502.4328625,476.2975025,0.0316675,45.83361,7175.0158225,1112.26565,803.65733,35.0,2014.566546928347,4108.5011658811545,541.19461162187,0.008753407760465657,54.92703081354879,6093.2825342583765,779.3419994801791,849.9177071957976,45.85391174066808,1055.4804793568949,3443.1931532427084,474.4991970129713,0.03439596063988095,50.797045407738096,3052.257767874306,352.11690448037757,767.4428344592261,65.57871875,1055.4804793568949,3443.1931532427084,474.4991970129713,0.03439596063988095,50.797045407738096,3052.257767874306,352.11690448037757,767.4428344592261,65.57871875
2026-02-14 17:00:00+00:00,2605.743325,4542.9041625,491.4541675,0.0,45.83361,7177.9468225,1144.7629816666667,803.4512050000001,34.75,2276.7740675689647,4068.0251897984444,557.689831332096,0.027434172761717193,48.705836914580026,6600.492639458927,793.608172278509,816.9829293797344,51.384927491117935,1055.4804793568949,3443.1931532427084,474.4991970129713,0.03439596063988095,50.797045407738096,3052.257767874306,352.11690448037757,767.4428344592261,65.57871875,1055.4804793568949,3443.1931532427084,474.4991970129713,0.03439596063988095,50.797045407738096,3052.257767874306,352.11690448037757,767.4428344592261,65.57871875
2026-02-14 18:00:00+00:00,2600.264145,4596.748585,538.6366674999999,0.035,45.83361,6759.0564175,1177.2603133333332,803.28908,34.0,1973.1690288123134,3767.0140332615942,548.4488471110969,0.02520747420619527,49.121869001692964,6572.175333165717,508.3806217567775,822.3386656099361,47.94015920348536,1055.4804793568949,3443.1931532427084,474.4991970129713,0.03439596063988095,50.797045407738096,3052.257767874306,352.11690448037757,767.4428344592261,65.57871875,1055.4804793568949,3443.1931532427084,474.4991970129713,0.03439596063988095,50.797045407738096,3052.257767874306,352.11690448037757,767.4428344592261,65.57871875
2026-02-14 19:00:00+00:00,2494.6149925,4603.18763,546.415835,0.0683325,45.83361,6616.08843,1209.757645,803.28908,34.0,1854.2144863052097,3595.0850295994924,539.6234620517278,0.04041475132923381,49.54018739640076,5938.912461411046,280.64350132558457,821.7673333986735,47.895005621832524,1055.4804793568949,3443.1931532427084,474.4991970129713,0.03439596063988095,50.797045407738096,3052.257767874306,352.11690448037757,767.4428344592261,65.57871875,1055.4804793568949,3443.1931532427084,474.4991970129713,0.03439596063988095,50.797045407738096,3052.257767874306,352.11690448037757,767.4428344592261,65.57871875
2026-02-14 20:00:00+00:00,2307.7983325,4557.350765,542.5091675,0.1683325,45.83361,6614.545255,893.0866799999999,803.28908,34.25,1894.2733269684861,3692.9000461219157,528.7411749631524,0.024011120343261007,49.78487860067551,5784.263819820211,226.54774623044156,820.944566774268,47.22561612676641,1055.4804793568949,3443.1931532427084,474.4991970129713,0.03439596063988095,50.797045407738096,3052.257767874306,352.11690448037757,767.4428344592261,65.57871875,1055.4804793568949,3443.1931532427084,474.4991970129713,0.03439596063988095,50.797045407738096,3052.257767874306,352.11690448037757,767.4428344592261,65.57871875
2026-02-14 21:00:00+00:00,2191.9450075,4557.2386675,556.0708275,0.09666749999999999,45.83361,6603.1122525,309.27362750000003,801.98108,34.0,1895.6050565712203,3536.067687285541,534.3366740278823,0.05701611544362836,50.38518959318917,5837.707083144192,199.0617014929694,822.9992402465647,43.774009892575776,1055.4804793568949,3443.1931532427084,474.4991970129713,0.03439596063988095,50.797045407738096,3052.257767874306,352.11690448037757,767.4428344592261,65.57871875,1055.4804793568949,3443.1931532427084,474.4991970129713,0.03439596063988095,50.797045407738096,3052.257767874306,352.11690448037757,767.4428344592261,65.57871875
2026-02-14 22:00:00+00:00,1871.3066724999999,4535.078635,499.83333,0.0333325,45.83361,6134.8290799999995,532.74697,801.19208,34.25,1890.9049791249438,3294.2530734893703,527.7000988076884,0.040264561925707994,49.987956082840384,5850.040271509587,157.1048510175296,819.5017997934674,43.56387016059525,1055.4804793568949,3443.1931532427084,474.4991970129713,0.03439596063988095,50.797045407738096,3052.257767874306,352.11690448037757,767.4428344592261,65.57871875,1055.4804793568949,3443.1931532427084,474.4991970129713,0.03439596063988095,50.797045407738096,3052.257767874306,352.11690448037757,767.4428344592261,65.57871875
2026-02-14 23:00:00+00:00,1448.08583,4445.38281,479.24249499999996,0.0333325,45.83361,5164.664505,409.94568000000004,796.63358,35.75,1789.5960779092384,3763.6759573082545,499.62227990130737,0.03709794125672068,50.4614311353015,4867.64252928749,139.91077515488496,817.5018616127268,44.075962345888506,1055.4804793568949,3443.1931532427084,474.4991970129713,0.03439596063988095,50.797045407738096,3052.257767874306,352.11690448037757,767.4428344592261,65.57871875,1055.4804793568949,3443.1931532427084,474.4991970129713,0.03439596063988095,50.797045407738096,3052.257767874306,352.11690448037757,767.4428344592261,65.57871875
2026-02-15 00:00:00+00:00,1461.74667,4450.403285,510.715,0.035,45.83361,4418.67226,319.27818,795.96108,34.75,1881.1639743175624,3853.681903095886,487.21584353569517,0.03695148638361979,49.43139857570743,4041.735695999073,115.6382726475226,814.7795642014661,49.281666759578385,1055.4804793568949,3443.1931532427084,474.4991970129713,0.03439596063988095,50.797045407738096,3052.257767874306,352.11690448037757,767.4428344592261,65.57871875,1055.4804793568949,3443.1931532427084,474.4991970129713,0.03439596063988095,50.797045407738096,3052.257767874306,352.11690448037757,767.4428344592261,65.57871875
2026-02-15 01:00:00+00:00,1479.6283349999999,4464.3813675,485.88166750000005,0.0683325,45.83361,3754.14133,246.72428749999997,795.67408,33.75,1570.7015920154606,3977.378529082561,473.8708238510763,0.021321884795062168,50.38972469717472,3733.5912734871263,115.16752937008178,817.680623972802,45.585684652083366,1055.4804793568949,3443.1931532427084,474.4991970129713,0.03439596063988095,50.797045407738096,3052.257767874306,352.11690448037757,767.4428344592261,65.57871875,1055.4804793568949,3443.1931532427084,474.4991970129713,0.03439596063988095,50.797045407738096,3052.257767874306,352.11690448037757,767.4428344592261,65.57871875
2026-02-15 02:00:00+00:00,1512.698325,4506.7907075,486.2058325,0.0,45.83361,3264.852665,217.612,795.67408,28.5,1458.6170626321455,3934.7080029937647,494.4528204990195,-0.003081338449503819,49.95920905944654,4033.3220006290558,115.16752937008178,815.6578788996159,40.25317824715985,1055.4804793568949,3443.1931532427084,474.4991970129713,0.03439596063988095,50.797045407738096,3052.257767874306,352.11690448037757,767.4428344592261,65.57871875,1055.4804793568949,3443.1931532427084,474.4991970129713,0.03439596063988095,50.797045407738096,3052.257767874306,352.11690448037757,767.4428344592261,65.57871875
2026-02-15 03:00:00+00:00,1516.048325,4498.1232925,505.86666249999996,0.0,45.83361,2790.7444225,360.3093725,795.67408,27.75,1509.4114325397015,3557.5938234678865,487.6223611984741,-0.00865737358892782,50.032478263165174,3970.435879807635,101.45013572878955,817.0184791828256,40.742612634283226,1055.4804793568949,3443.1931532427084,474.4991970129713,0.03439596063988095,50.797045407738096,3052.257767874306,352.11690448037757,767.4428344592261,65.57871875,1055.4804793568949,3443.1931532427084,474.4991970129713,0.03439596063988095,50.797045407738096,3052.257767874306,352.11690448037757,767.4428344592261,65.57871875
2026-02-15 04:00:00+00:00,1525.3408375,4509.6357499999995,497.584165,0.0,45.83361,2688.80216,167.47374000000002,795.67408,25.25,1466.2380641198977,3129.8827211936987,494.01769422897604,0.0085634462451929,49.93682747146909,3618.3411279659394,121.81280279872814,815.4938599158714,41.51465279318178,1055.4804793568949,3443.1931532427084,474.4991970129713,0.03439596063988095,50.797045407738096,3052.257767874306,352.11690448037757,767.4428344592261,65.57871875,1055.4804793568949,3443.1931532427084,474.4991970129713,0.03439596063988095,50.797045407738096,3052.257767874306,352.11690448037757,767.4428344592261,65.57871875
2026-02-15 05:00:00+00:00,1510.8166675,4516.2438775,506.55332999999996,0.09666749999999999,45.83361,2340.7348325000003,197.20499999999998,797.08908,23.0,1373.8283284737981,3217.3027954382924,452.98452027118543,0.021943610957221762,51.85397789764579,3784.700791398365,175.99006470046447,827.1249739970614,44.74970869485239,1055.4804793568949,3443.1931532427084,474.4991970129713,0.03439596063988095,50.797045407738096,3052.257767874306,352.11690448037757,767.4428344592261,65.57871875,1055.4804793568949,3443.1931532427084,474.4991970129713,0.03439596063988095,50.797045407738096,3052.257767874306,352.11690448037757,767.4428344592261,65.57871875
2026-02-15 06:00:00+00:00,1491.72002,4517.194832499999,490.52833499999997,0.065,45.83361,2350.10525,164.91249999999997,799.65158,23.0,1468.9916727788661,3210.712227897087,469.08951251873987,-0.011807632958400545,52.64173756043218,3557.2957005124945,197.52135664586208,835.9486928459646,47.075387031342004,1055.4804793568949,3443.1931532427084,474.4991970129713,0.03439596063988095,50.797045407738096,3052.257767874306,352.11690448037757,767.4428344592261,65.57871875,1055.4804793568949,3443.1931532427084,474.4991970129713,0.03439596063988095,50.797045407738096,3052.257767874306,352.11690448037757,767.4428344592261,65.57871875
2026-02-15 07:00:00+00:00,1513.5791625,4548.5587725,491.77167,0.0333325,45.83361,2322.11675,273.0175,802.3020799999999,23.0,1270.420434251135,3198.0462468333226,460.0238125120912,0.004459615647702742,50.29435591131777,3733.0612690082226,166.15566575608187,830.9447880071771,44.45472028738281,1055.4804793568949,3443.1931532427084,474.4991970129713,0.03439596063988095,50.797045407738096,3052.257767874306,352.11690448037757,767.4428344592261,65.57871875,1055.4804793568949,3443.1931532427084,474.4991970129713,0.03439596063988095,50.797045407738096,3052.257767874306,352.11690448037757,767.4428344592261,65.57871875
2026-02-15 08:00:00+00:00,1496.4458325,4366.003447499999,499.0,0.09666749999999999,45.83361,2367.1534175,271.7289099999999,802.76908,23.0,1391.0637129575446,3612.8601444027636,465.41581291731717,0.06273404324668555,49.12616470888657,3421.141958590094,187.29720455589762,806.837253280019,49.058230817481785,1055.4804793568949,3443.1931532427084,474.4991970129713,0.03439596063988095,50.797045407738096,3052.257767874306,352.11690448037757,767.4428344592261,65.57871875,1055.4804793568949,3443.1931532427084,474.4991970129713,0.03439596063988095,50.797045407738096,3052.257767874306,352.11690448037757,767.4428344592261,65.57871875
2026-02-15 09:00:00+00:00,1391.72331,4320.4804475,502.0783325,0.0,45.83361,2360.58275,161.70232,802.18308,24.0,1431.052706446938,3698.688052039198,472.48676369335556,0.03143469634155834,51.03677546189141,2927.672562259222,115.58749713215437,807.843266502825,49.67322792420099,1055.4804793568949,3443.1931532427084,474.4991970129713,0.03439596063988095,50.797045407738096,3052.257767874306,352.11690448037757,767.4428344592261,65.57871875,1055.4804793568949,3443.1931532427084,474.4991970129713,0.03439596063988095,50.797045407738096,3052.257767874306,352.11690448037757,767.4428344592261,65.57871875
2026-02-15 10:00:00+00:00,1147.1808350000001,3981.7816225,470.01333,0.066665,45.83361,2250.6210825,152.52617999999998,802.18308,24.0,968.7260386540065,3465.0514200744437,481.58022110150443,0.033368927592100237,49.964321117695604,2484.7605319391105,118.66702024314606,810.415879638737,44.85347884226969,1055.4804793568949,3443.1931532427084,474.4991970129713,0.03439596063988095,50.797045407738096,3052.257767874306,352.11690448037757,767.4428344592261,65.57871875,1055.4804793568949,3443.1931532427084,474.4991970129713,0.03439596063988095,50.797045407738096,3052.257767874306,352.11690448037757,767.4428344592261,65.57871875
2026-02-15 11:00:00+00:00,1073.3708325,3705.2498825,459.71416750000003,0.0,45.83361,2058.6955,152.5655325,801.81158,23.0,781.8252254783421,2769.5930883553574,503.8882844101182,0.025037674996460077,49.13742669344893,2018.6186252639488,124.01810398840769,802.8758363158812,50.283700736229136,1055.4804793568949,3443.1931532427084,474.4991970129713,0.03439596063988095,50.797045407738096,3052.257767874306,352.11690448037757,767.4428344592261,65.57871875,1055.4804793568949,3443.1931532427084,474.4991970129713,0.03439596063988095,50.797045407738096,3052.257767874306,352.11690448037757,767.4428344592261,65.57871875
2026-02-15 12:00:00+00:00,846.5425074999999,3476.16492,471.6358325,0.0,45.83361,2021.740085,156.62617999999998,801.81158,23.0,590.56908614293,1947.9152970115015,510.38402595756907,0.016691013917855272,49.51196458886785,1571.4115912082932,138.46877591837014,807.2740770290766,41.14278192626254,1055.4804793568949,3443.1931532427084,474.4991970129713,0.03439596063988095,50.797045407738096,3052.257767874306,352.11690448037757,767.4428344592261,65.57871875,1055.4804793568949,3443.1931532427084,474.4991970129713,0.03439596063988095,50.797045407738096,3052.257767874306,352.11690448037757,767.4428344592261,65.57871875
2026-02-15 13:00:00+00:00,869.424165,3246.7846475,476.675,0.065,45.83361,2065.6274175,160.72618,800.10308,23.0,444.44927268621905,1730.2479469811553,525.8875348702135,0.024151589541762296,48.726770623917155,1455.526840514155,163.5074820600261,809.1945704714439,48.943795252317756,1055.4804793568949,3443.1931532427084,474.4991970129713,0.03439596063988095,50.797045407738096,3052.257767874306,352.11690448037757,767.4428344592261,65.57871875,1055.4804793568949,3443.1931532427084,474.4991970129713,0.03439596063988095,50.797045407738096,3052.257767874306,352.11690448037757,767.4428344592261,65.57871875
2026-02-15 14:00:00+00:00,966.47167,3522.8949175,467.4891625,0.26500250000000003,45.83361,2375.0667475,160.72618,798.37808,23.5,778.9384008241918,2423.5772457245685,524.8480931075907,0.04483461084055399,50.22060812917875,1683.532241369857,186.01335801233688,815.7714510426598,44.77235453373848,1055.4804793568949,3443.1931532427084,474.4991970129713,0.03439596063988095,50.797045407738096,3052.257767874306,352.11690448037757,767.4428344592261,65.57871875,1055.4804793568949,3443.1931532427084,474.4991970129713,0.03439596063988095,50.797045407738096,3052.257767874306,352.11690448037757,767.4428344592261,65.57871875
2026-02-15 15:00:00+00:00,1146.7766625,3871.7404975,484.2875,0.1333325,45.83361,2409.2186675000003,230.83017999999998,798.77658,23.75,1000.9303274905701,2637.6797918053253,539.562112249151,0.026878489001166978,49.954598950203604,2958.529418006769,294.18191111403485,821.5443060702106,39.91867489112269,1055.4804793568949,3443.1931532427084,474.4991970129713,0.03439596063988095,50.797045407738096,3052.257767874306,352.11690448037757,767.4428344592261,65.57871875,1055.4804793568949,3443.1931532427084,474.4991970129713,0.03439596063988095,50.797045407738096,3052.257767874306,352.11690448037757,767.4428344592261,65.57871875
2026-02-15 16:00:00+00:00,1522.3754075,4161.8069175,480.6004175,0.0,45.83361,2552.4536625,743.7203725,799.49608,23.0,1286.9829060947925,3005.081215754209,531.2937492691383,0.021604351961500644,48.804485219085535,3347.460630253517,470.98956526681087,827.791657604003,45.39414561207689,1055.4804793568949,3443.1931532427084,474.4991970129713,0.03439596063988095,50.797045407738096,3052.257767874306,352.11690448037757,767.4428344592261,65.57871875,1055.4804793568949,3443.1931532427084,474.4991970129713,0.03439596063988095,50.797045407738096,3052.257767874306,352.11690448037757,767.4428344592261,65.57871875
2026-02-15 17:00:00+00:00,1218.7962425,3925.204035,462.3933325,0.0316675,45.83361,2528.629255,298.83872,800.14208,23.0,1379.6865346150867,3190.7334276517904,544.9128794431595,0.04969276224011817,46.948279169021625,3319.3606549532346,430.9022013508992,809.448532879417,40.9991959565078,1055.4804793568949,3443.1931532427084,474.4991970129713,0.03439596063988095,50.797045407738096,3052.257767874306,352.11690448037757,767.4428344592261,65.57871875,1055.4804793568949,3443.1931532427084,474.4991970129713,0.03439596063988095,50.797045407738096,3052.257767874306,352.11690448037757,767.4428344592261,65.57871875
2026-02-15 18:00:00+00:00,1188.107915,2895.9993775,462.74374750000004,0.0,45.83361,2994.1369999999997,235.6909375,800.14208,23.0,1338.6594912313562,3018.2631959694836,547.549498308477,0.07872139109343486,46.91616149698117,3183.373818280424,428.02991665223954,807.900639138989,39.52904193263734,1055.4804793568949,3443.1931532427084,474.4991970129713,0.03439596063988095,50.797045407738096,3052.257767874306,352.11690448037757,767.4428344592261,65.57871875,1055.4804793568949,3443.1931532427084,474.4991970129713,0.03439596063988095,50.797045407738096,3052.257767874306,352.11690448037757,767.4428344592261,65.57871875
2026-02-15 19:00:00+00:00,1203.2637525,2823.5843600000003,460.18875,0.03375,45.83361,3002.566165,162.58872,800.14208,23.0,1241.311063862988,3059.088834541707,534.0466066324383,0.0976994596685995,46.00780350329572,3330.9107212077906,314.9450243223008,805.5193997409809,39.75649548868756,1055.4804793568949,3443.1931532427084,474.4991970129713,0.03439596063988095,50.797045407738096,3052.257767874306,352.11690448037757,767.4428344592261,65.57871875,1055.4804793568949,3443.1931532427084,474.4991970129713,0.03439596063988095,50.797045407738096,3052.257767874306,352.11690448037757,767.4428344592261,65.57871875
2026-02-15 20:00:00+00:00,997.0574925000001,2746.0479925,457.8308325,0.0675,45.83361,2766.6116700000002,162.58872,799.90858,23.0,1030.7413149200802,2708.3099057129402,520.8544847360087,0.09012823410554922,46.1634362385393,3226.5187577388224,224.08648801381958,800.727520828847,40.82201212679841,1055.4804793568949,3443.1931532427084,474.4991970129713,0.03439596063988095,50.797045407738096,3052.257767874306,352.11690448037757,767.4428344592261,65.57871875,1055.4804793568949,3443.1931532427084,474.4991970129713,0.03439596063988095,50.797045407738096,3052.257767874306,352.11690448037757,767.4428344592261,65.57871875
2026-02-15 21:00:00+00:00,1025.0020749999999,2900.015265,478.2970775,0.18625000000000003,45.83361,2701.0055825,200.8334375,797.07908,23.0,1201.9795805399665,2840.094689775079,562.5572698442189,0.10877833951208951,46.94776695141577,3485.1328212760977,190.38890946118917,807.3757526038928,39.29799629020171,1055.4804793568949,3443.1931532427084,474.4991970129713,0.03439596063988095,50.797045407738096,3052.257767874306,352.11690448037757,767.4428344592261,65.57871875,1055.4804793568949,3443.1931532427084,474.4991970129713,0.03439596063988095,50.797045407738096,3052.257767874306,352.11690448037757,767.4428344592261,65.57871875
2026-02-15 22:00:00+00:00,823.194995,3110.9522850000003,470.224585,0.0,45.83361,2439.3094975,162.99759000000003,795.83708,23.0,975.6603536514989,2427.732091727855,563.0733031861204,0.10651626331902408,47.38454830533294,3228.8244184557666,142.5919878002291,805.5343228343062,39.64218924742403,1055.4804793568949,3443.1931532427084,474.4991970129713,0.03439596063988095,50.797045407738096,3052.257767874306,352.11690448037757,767.4428344592261,65.57871875,1055.4804793568949,3443.1931532427084,474.4991970129713,0.03439596063988095,50.797045407738096,3052.257767874306,352.11690448037757,767.4428344592261,65.57871875
2026-02-15 23:00:00+00:00,696.2766675,3292.021635,479.174585,0.0,45.83361,2582.17083,153.56778,792.55258,23.0,793.9926875393305,2277.7164429965933,564.2349598993882,0.14586906721692938,47.24262648430486,2991.2585560413454,126.54640207378145,801.7360643989674,40.58773758653076,1055.4804793568949,3443.1931532427084,474.4991970129713,0.03439596063988095,50.797045407738096,3052.257767874306,352.11690448037757,767.4428344592261,65.57871875,1055.4804793568949,3443.1931532427084,474.4991970129713,0.03439596063988095,50.797045407738096,3052.257767874306,352.11690448037757,767.4428344592261,65.57871875
2026-02-16 00:00:00+00:00,606.96625,3100.15823,498.53416749999997,0.0341675,45.83361,2517.925085,153.7105875,789.39958,23.0,725.783271617194,2485.851402240062,547.7889189803305,0.08737449294715846,46.14711892516506,2701.2217077600462,141.12823941786075,795.7545139150641,41.18772776422575,1055.4804793568949,3443.1931532427084,474.4991970129713,0.03439596063988095,50.797045407738096,3052.257767874306,352.11690448037757,767.4428344592261,65.57871875,1055.4804793568949,3443.1931532427084,474.4991970129713,0.03439596063988095,50.797045407738096,3052.257767874306,352.11690448037757,767.4428344592261,65.57871875
2026-02-16 01:00:00+00:00,512.6647525000001,3038.84438,519.1629350000001,0.0283325,45.83361,2616.007635,154.13900999999998,789.11258,23.0,749.8472831752016,2376.5544074353666,552.9534049986822,0.06352023154605685,46.49242695984264,2440.1963431471077,133.4975869191221,793.7558576514092,40.89383004991902,1055.4804793568949,3443.1931532427084,474.4991970129713,0.03439596063988095,50.797045407738096,3052.257767874306,352.11690448037757,767.4428344592261,65.57871875,1055.4804793568949,3443.1931532427084,474.4991970129713,0.03439596063988095,50.797045407738096,3052.257767874306,352.11690448037757,767.4428344592261,65.57871875
2026-02-16 02:00:00+00:00,522.1791675,3167.5202225000003,520.1775,0.0,45.83361,2674.80808,162.07864,789.11258,23.25,516.3775357695041,2207.163432388134,559.7145785200211,0.04094777582715448,46.77280465614963,2273.9568956543126,134.9362209679436,794.7707632295513,40.96681996828175,1055.4804793568949,3443.1931532427084,474.4991970129713,0.03439596063988095,50.797045407738096,3052.257767874306,352.11690448037757,767.4428344592261,65.57871875,1055.4804793568949,3443.1931532427084,474.4991970129713,0.03439596063988095,50.797045407738096,3052.257767874306,352.11690448037757,767.4428344592261,65.57871875
2026-02-16 03:00:00+00:00,646.0916675000001,3112.2219425000003,539.468335,0.0316675,45.83361,2331.6936650000002,162.1734325,789.11258,23.0,663.8455133562884,2073.2537386636714,577.8007401162635,0.06813742393432726,46.67480467055041,2458.431040462272,123.09526755894925,791.9447096504836,40.1769294150687,1055.4804793568949,3443.1931532427084,474.4991970129713,0.03439596063988095,50.797045407738096,3052.257767874306,352.11690448037757,767.4428344592261,65.57871875,1055.4804793568949,3443.1931532427084,474.4991970129713,0.03439596063988095,50.797045407738096,3052.257767874306,352.11690448037757,767.4428344592261,65.57871875
2026-02-16 04:00:00+00:00,889.302505,3339.0588175,518.175835,0.0316675,45.83361,2658.6515,162.45781,789.11258,23.0,942.2551164480295,2365.53612502532,567.6807467883111,0.04856972877640982,46.094462701366666,2809.7200633731986,145.76005530008388,793.0244559552082,39.168020399472596,1055.4804793568949,3443.1931532427084,474.4991970129713,0.03439596063988095,50.797045407738096,3052.257767874306,352.11690448037757,767.4428344592261,65.57871875,1055.4804793568949,3443.1931532427084,474.4991970129713,0.03439596063988095,50.797045407738096,3052.257767874306,352.11690448037757,767.4428344592261,65.57871875
2026-02-16 05:00:00+00:00,1363.165835,4213.4746675,522.0866625,0.09833250000000002,45.83361,3564.604085,162.07864,790.52758,23.25,1389.292164793268,3396.0525396416483,558.5875717427334,0.09136132569348836,45.70289779960488,3800.3169972564665,172.54790001296925,798.9891799043276,39.04220522992793,1055.4804793568949,3443.1931532427084,474.4991970129713,0.03439596063988095,50.797045407738096,3052.257767874306,352.11690448037757,767.4428344592261,65.57871875,1055.4804793568949,3443.1931532427084,474.4991970129713,0.03439596063988095,50.797045407738096,3052.257767874306,352.11690448037757,767.4428344592261,65.57871875
2026-02-16 06:00:00+00:00,1802.8433275,4586.003715,489.7216675,0.0683325,45.83361,4143.775835,210.79364,793.09008,24.0,1405.7869932666013,3989.0053567876057,556.5753553725549,0.033797716502282756,45.14707383547541,4255.887281817287,672.3203870196882,793.1870020990165,41.9706433437961,1055.4804793568949,3443.1931532427084,474.4991970129713,0.03439596063988095,50.797045407738096,3052.257767874306,352.11690448037757,767.4428344592261,65.57871875,1055.4804793568949,3443.1931532427084,474.4991970129713,0.03439596063988095,50.797045407738096,3052.257767874306,352.11690448037757,767.4428344592261,65.57871875
2026-02-16 07:00:00+00:00,2199.2933224999997,4611.815815,475.1241725,0.035,45.83361,4551.31334,186.23864,794.53008,33.0,1726.5421937822005,4564.9313738130895,560.3242692019664,0.030452713236604353,45.64514919835409,4818.739506931668,524.1222965946116,803.7086774925863,40.390725066446535,1055.4804793568949,3443.1931532427084,474.4991970129713,0.03439596063988095,50.797045407738096,3052.257767874306,352.11690448037757,767.4428344592261,65.57871875,1055.4804793568949,3443.1931532427084,474.4991970129713,0.03439596063988095,50.797045407738096,3052.257767874306,352.11690448037757,767.4428344592261,65.57871875
2026-02-16 08:00:00+00:00,2276.6691475000002,4630.835115,455.1425,0.101665,45.83361,4788.4743325,162.41524,794.53008,33.25,1875.9118297878135,4397.594329254299,539.1756015587429,0.035703559400191966,46.128029297911354,4625.140605730368,333.32344866462563,807.4802327091791,47.09599899145647,1055.4804793568949,3443.1931532427084,474.4991970129713,0.03439596063988095,50.797045407738096,3052.257767874306,352.11690448037757,767.4428344592261,65.57871875,1055.4804793568949,3443.1931532427084,474.4991970129713,0.03439596063988095,50.797045407738096,3052.257767874306,352.11690448037757,767.4428344592261,65.57871875
2026-02-16 09:00:00+00:00,2221.921655,4626.16151,477.6183375,0.0,45.83361,4678.466829999999,163.062205,795.007705,34.0,1758.3267259738466,4246.090139111597,546.1759731143098,0.05151288359173946,47.29725141024048,4764.462526305467,198.76621106931438,795.1457435742556,45.47812724704277,1055.4804793568949,3443.1931532427084,474.4991970129713,0.03439596063988095,50.797045407738096,3052.257767874306,352.11690448037757,767.4428344592261,65.57871875,1055.4804793568949,3443.1931532427084,474.4991970129713,0.03439596063988095,50.797045407738096,3052.257767874306,352.11690448037757,767.4428344592261,65.57871875
2026-02-16 10:00:00+00:00,1894.50751,4562.591655,494.3091675,0.0316675,45.83361,4347.3719175,160.62540499999997,796.90158,41.25,1854.469283458563,4719.183074603578,533.2919403983703,0.06614055568283163,45.86549519651803,4547.216549978462,130.54998672693574,787.4016610868442,44.23244380322626,1055.4804793568949,3443.1931532427084,474.4991970129713,0.03439596063988095,50.797045407738096,3052.257767874306,352.11690448037757,767.4428344592261,65.57871875,1055.4804793568949,3443.1931532427084,474.4991970129713,0.03439596063988095,50.797045407738096,3052.257767874306,352.11690448037757,767.4428344592261,65.57871875
2026-02-16 11:00:00+00:00,1867.5967,4580.4251375,522.164165,0.1,45.83361,4758.8260075,174.57050500000003,798.03558,42.25,1649.5789588998964,4757.097687447575,525.4235918609944,0.049082600784230344,46.60587680379363,4649.797720826426,133.65196215648476,790.3947778452205,44.108047579748245,1055.4804793568949,3443.1931532427084,474.4991970129713,0.03439596063988095,50.797045407738096,3052.257767874306,352.11690448037757,767.4428344592261,65.57871875,1055.4804793568949,3443.1931532427084,474.4991970129713,0.03439596063988095,50.797045407738096,3052.257767874306,352.11690448037757,767.4428344592261,65.57871875
2026-02-16 12:00:00+00:00,2175.06916,4641.0157725,522.365,0.0316675,45.83361,4688.0739175,168.66596,798.03558,42.0,1980.3440101315487,4740.971160509872,540.2891653963624,0.043003191615439806,47.793867901356066,4649.936554714501,151.22544881442928,788.7978022344657,45.0866528481362,1055.4804793568949,3443.1931532427084,474.4991970129713,0.03439596063988095,50.797045407738096,3052.257767874306,352.11690448037757,767.4428344592261,65.57871875,1055.4804793568949,3443.1931532427084,474.4991970129713,0.03439596063988095,50.797045407738096,3052.257767874306,352.11690448037757,767.4428344592261,65.57871875
2026-02-16 13:00:00+00:00,2314.0408225,4624.1496575,488.49833,0.035,45.83361,4920.9413275,179.56829999999997,798.03558,37.0,1872.713159764589,4758.980009738809,554.4891525339498,0.0373336277230607,47.55942090268461,4400.914484914987,172.21874011277401,793.7622635257728,46.611325205587576,1055.4804793568949,3443.1931532427084,474.4991970129713,0.03439596063988095,50.797045407738096,3052.257767874306,352.11690448037757,767.4428344592261,65.57871875,1055.4804793568949,3443.1931532427084,474.4991970129713,0.03439596063988095,50.797045407738096,3052.257767874306,352.11690448037757,767.4428344592261,65.57871875
2026-02-16 14:00:00+00:00,2348.58915,4630.6021075,543.915,0.0633325,45.83361,5831.0029325,213.9683,798.03558,33.75,1736.7759442457887,4800.5608290005375,543.3537413037991,0.040680571752300575,47.664789471633455,4539.301368954734,196.41304862995815,796.0732573653022,48.35500145389242,1055.4804793568949,3443.1931532427084,474.4991970129713,0.03439596063988095,50.797045407738096,3052.257767874306,352.11690448037757,767.4428344592261,65.57871875,1055.4804793568949,3443.1931532427084,474.4991970129713,0.03439596063988095,50.797045407738096,3052.257767874306,352.11690448037757,767.4428344592261,65.57871875
2026-02-16 15:00:00+00:00,2405.5683275,4623.6600025,580.245,0.0683325,45.83361,6386.7801,267.9683,798.80558,34.5,1742.5822518708374,4957.774333161326,540.8048563684382,0.030603724899061182,48.476914063755736,5898.980123832455,622.5009975027556,798.7845743448773,48.24241473774721,1055.4804793568949,3443.1931532427084,474.4991970129713,0.03439596063988095,50.797045407738096,3052.257767874306,352.11690448037757,767.4428344592261,65.57871875,1055.4804793568949,3443.1931532427084,474.4991970129713,0.03439596063988095,50.797045407738096,3052.257767874306,352.11690448037757,767.4428344592261,65.57871875
2026-02-16 16:00:00+00:00,2459.9149875,4638.5060675,594.8833325,0.135,45.83361,6528.348735,794.4849025,799.97858,33.0,2052.4691169199396,5071.091157773075,546.3908679689631,0.05677217626419705,47.30046330735717,6338.608868364005,849.0709283695105,800.2035896116221,50.227051571885966,1055.4804793568949,3443.1931532427084,474.4991970129713,0.03439596063988095,50.797045407738096,3052.257767874306,352.11690448037757,767.4428344592261,65.57871875,1055.4804793568949,3443.1931532427084,474.4991970129713,0.03439596063988095,50.797045407738096,3052.257767874306,352.11690448037757,767.4428344592261,65.57871875
2026-02-16 17:00:00+00:00,2479.531645,4631.08749,474.3350025,0.065,45.83361,6573.7860075,1161.7058,800.62408,33.0,2542.429451458388,4869.071678227365,527.8172774573314,0.046460412134170834,46.980595165670415,6756.0033745768515,783.4410627057047,796.7056560295806,48.964088097526854,1055.4804793568949,3443.1931532427084,474.4991970129713,0.03439596063988095,50.797045407738096,3052.257767874306,352.11690448037757,767.4428344592261,65.57871875,1055.4804793568949,3443.1931532427084,474.4991970129713,0.03439596063988095,50.797045407738096,3052.257767874306,352.11690448037757,767.4428344592261,65.57871875
2026-02-16 18:00:00+00:00,2472.9700000000003,4636.1627025,457.04,0.0683325,45.83361,6553.6015800000005,1062.6296674999999,800.62408,33.75,2528.8580192929294,4744.947143003571,535.6120479712204,0.04615574303778916,46.9957561316527,6968.6555838328695,516.5786005877194,797.9658524964182,50.067979865887104,1055.4804793568949,3443.1931532427084,474.4991970129713,0.03439596063988095,50.797045407738096,3052.257767874306,352.11690448037757,767.4428344592261,65.57871875,1055.4804793568949,3443.1931532427084,474.4991970129713,0.03439596063988095,50.797045407738096,3052.257767874306,352.11690448037757,767.4428344592261,65.57871875
2026-02-16 19:00:00+00:00,2449.1516775,4639.9811725,446.2541675,0.1,45.83361,6539.0249225,790.38338,800.62408,34.0,2217.3296841154106,4712.026549416404,527.9815293611466,0.07513067243581333,47.90530006663548,6363.511364881253,290.3381608833232,806.1396450560671,48.14285090495714,1055.4804793568949,3443.1931532427084,474.4991970129713,0.03439596063988095,50.797045407738096,3052.257767874306,352.11690448037757,767.4428344592261,65.57871875,1055.4804793568949,3443.1931532427084,474.4991970129713,0.03439596063988095,50.797045407738096,3052.257767874306,352.11690448037757,767.4428344592261,65.57871875
2026-02-16 20:00:00+00:00,2370.9941725,4636.5383225,422.8958325,0.035,45.83361,6509.508652500001,884.48088,800.62408,34.0,1896.805411522142,4754.448228763534,512.8335157411282,0.05332095387565991,48.16899246390068,5797.834003263658,165.42513986474745,810.6139314939717,48.090008376541576,1055.4804793568949,3443.1931532427084,474.4991970129713,0.03439596063988095,50.797045407738096,3052.257767874306,352.11690448037757,767.4428344592261,65.57871875,1055.4804793568949,3443.1931532427084,474.4991970129713,0.03439596063988095,50.797045407738096,3052.257767874306,352.11690448037757,767.4428344592261,65.57871875
2026-02-16 21:00:00+00:00,2208.0566975,4619.6162975,448.960005,0.098335,45.83361,6344.578665,254.46437249999997,799.31658,34.0,1738.5692483088396,4680.928908410848,492.09828125941965,0.07211768839672913,47.43591813184116,4737.561072206997,212.23623085331664,808.5421009222246,46.77435843861076,1055.4804793568949,3443.1931532427084,474.4991970129713,0.03439596063988095,50.797045407738096,3052.257767874306,352.11690448037757,767.4428344592261,65.57871875,1055.4804793568949,3443.1931532427084,474.4991970129713,0.03439596063988095,50.797045407738096,3052.257767874306,352.11690448037757,767.4428344592261,65.57871875
2026-02-16 22:00:00+00:00,2185.7616975,4476.3589675,438.0133325,0.16666750000000002,45.83361,5721.8145075,193.56735,798.52758,33.25,1718.0759722458886,4660.116033608918,488.5081105632307,0.08618708560910154,47.1366032097777,3833.832104230316,184.22730358659902,802.8392922105236,48.49922679727091,1055.4804793568949,3443.1931532427084,474.4991970129713,0.03439596063988095,50.797045407738096,3052.257767874306,352.11690448037757,767.4428344592261,65.57871875,1055.4804793568949,3443.1931532427084,474.4991970129713,0.03439596063988095,50.797045407738096,3052.257767874306,352.11690448037757,767.4428344592261,65.57871875
2026-02-16 23:00:00+00:00,2288.2149725,4625.445765,467.3816675,0.1,45.83361,5553.9308325,157.81548999999998,794.25908,33.0,1713.6322900096568,4342.680826604045,499.9675134565405,0.07330355921932474,46.25322302105472,3509.5004812813445,162.72879296425202,801.2083582579052,46.3280885444121,1055.4804793568949,3443.1931532427084,474.4991970129713,0.03439596063988095,50.797045407738096,3052.257767874306,352.11690448037757,767.4428344592261,65.57871875,1055.4804793568949,3443.1931532427084,474.4991970129713,0.03439596063988095,50.797045407738096,3052.257767874306,352.11690448037757,767.4428344592261,65.57871875
2026-02-17 00:00:00+00:00,2283.29083,4625.7745275,536.8975025,0.0666675,45.83361,5525.034825,157.740745,793.18658,33.0,1560.2772128469303,4419.946419673121,493.5011739289204,0.03541674779112042,47.32886354275417,3703.8991244265353,198.39332252104813,805.4219707638501,48.16187331285772,1055.4804793568949,3443.1931532427084,474.4991970129713,0.03439596063988095,50.797045407738096,3052.257767874306,352.11690448037757,767.4428344592261,65.57871875,1055.4804793568949,3443.1931532427084,474.4991970129713,0.03439596063988095,50.797045407738096,3052.257767874306,352.11690448037757,767.4428344592261,65.57871875
2026-02-17 01:00:00+00:00,2285.0625025,4639.21228,604.0924975,0.0333325,45.83361,5528.4969275,156.9235,792.90008,33.0,1420.1205055488342,4307.260733237348,503.56533488960014,0.05187852648562432,47.72552945449085,3658.389028675523,170.0110360141022,802.2109714259105,47.506861598825935,1055.4804793568949,3443.1931532427084,474.4991970129713,0.03439596063988095,50.797045407738096,3052.257767874306,352.11690448037757,767.4428344592261,65.57871875,1055.4804793568949,3443.1931532427084,474.4991970129713,0.03439596063988095,50.797045407738096,3052.257767874306,352.11690448037757,767.4428344592261,65.57871875
2026-02-17 02:00:00+00:00,2289.2550075,4628.4166425,583.8391675,0.0316675,45.83361,5532.2093225,153.91969999999998,792.53783,33.5,1521.9561002731878,4284.124361943907,501.77786233315373,0.030059370695767196,48.14445036601438,3897.917775471125,162.27274983120498,802.1075616846864,44.054147947851504,1055.4804793568949,3443.1931532427084,474.4991970129713,0.03439596063988095,50.797045407738096,3052.257767874306,352.11690448037757,767.4428344592261,65.57871875,1055.4804793568949,3443.1931532427084,474.4991970129713,0.03439596063988095,50.797045407738096,3052.257767874306,352.11690448037757,767.4428344592261,65.57871875
2026-02-17 03:00:00+00:00,2295.7616725000003,4622.180835,594.4233375,0.0,45.83361,5627.5314149999995,153.98899999999998,792.53783,34.0,1547.6212630960586,4228.842284006893,489.4206250469559,0.011954085830602559,47.402547515981176,4222.305411438027,228.4889881611096,804.4854163712278,47.32529019320904,1055.4804793568949,3443.1931532427084,474.4991970129713,0.03439596063988095,50.797045407738096,3052.257767874306,352.11690448037757,767.4428344592261,65.57871875,1055.4804793568949,3443.1931532427084,474.4991970129713,0.03439596063988095,50.797045407738096,3052.257767874306,352.11690448037757,767.4428344592261,65.57871875
2026-02-17 04:00:00+00:00,2346.1717925000003,4832.3849924999995,588.9031975,0.2285525,45.83361,5919.9012725,162.3969,792.90008,33.0,2014.9035814569238,4466.760274263611,520.7113361536758,0.04917239480598924,47.351531841761734,4972.619262545913,248.87044007199813,805.2286628933211,46.000957999559915,1055.4804793568949,3443.1931532427084,474.4991970129713,0.03439596063988095,50.797045407738096,3052.257767874306,352.11690448037757,767.4428344592261,65.57871875,1055.4804793568949,3443.1931532427084,474.4991970129713,0.03439596063988095,50.797045407738096,3052.257767874306,352.11690448037757,767.4428344592261,65.57871875
2026-02-17 05:00:00+00:00,2453.90167,4947.000062499999,578.16917,0.298335,45.83361,6527.9085025,379.6397,794.31508,33.75,2060.384657802441,4610.427411876508,524.849569487303,0.11491438832096645,46.40532711536616,6024.972625041362,288.4246954805939,812.4413609619198,46.75021605277691,1055.4804793568949,3443.1931532427084,474.4991970129713,0.03439596063988095,50.797045407738096,3052.257767874306,352.11690448037757,767.4428344592261,65.57871875,1055.4804793568949,3443.1931532427084,474.4991970129713,0.03439596063988095,50.797045407738096,3052.257767874306,352.11690448037757,767.4428344592261,65.57871875
2026-02-17 06:00:00+00:00,2478.34335,4925.18818,588.7541675,0.0333325,45.83361,6717.46094,418.80969999999996,797.55258,34.0,2101.7588107280717,5044.892848888092,528.5025808423117,0.04036065312942198,49.509712029148304,6150.193165721277,836.0775973296215,830.5971865151129,50.112775717288166,1055.4804793568949,3443.1931532427084,474.4991970129713,0.03439596063988095,50.797045407738096,3052.257767874306,352.11690448037757,767.4428344592261,65.57871875,1055.4804793568949,3443.1931532427084,474.4991970129713,0.03439596063988095,50.797045407738096,3052.257767874306,352.11690448037757,767.4428344592261,65.57871875
2026-02-17 07:00:00+00:00,2477.0233475,4943.8707775,589.771665,0.0333325,45.83361,6759.868254999999,519.31438,798.99308,33.5,2050.9689099918983,4960.746929057095,515.4134253862444,0.01887396316164633,49.344016373975855,6473.096386551738,943.5105799232178,831.2007350230184,53.210756749949034,1055.4804793568949,3443.1931532427084,474.4991970129713,0.03439596063988095,50.797045407738096,3052.257767874306,352.11690448037757,767.4428344592261,65.57871875,1055.4804793568949,3443.1931532427084,474.4991970129713,0.03439596063988095,50.797045407738096,3052.257767874306,352.11690448037757,767.4428344592261,65.57871875
2026-02-17 08:00:00+00:00,2481.7683275,4960.3718525,595.8908325,0.1858325,45.83361,6771.69865,697.83938,798.99308,34.0,2146.1577119101935,5015.574270940351,503.8656309833115,0.021745882881169142,49.666745198343676,6512.149045261721,528.1470873234302,818.9846640493637,48.72131186724755,1055.4804793568949,3443.1931532427084,474.4991970129713,0.03439596063988095,50.797045407738096,3052.257767874306,352.11690448037757,767.4428344592261,65.57871875,1055.4804793568949,3443.1931532427084,474.4991970129713,0.03439596063988095,50.797045407738096,3052.257767874306,352.11690448037757,767.4428344592261,65.57871875
2026-02-17 09:00:00+00:00,2406.04252,4933.0828275,609.304165,0.09833250000000002,45.83361,6721.4417425,557.0718800000001,798.40708,34.0,2050.611743490748,4749.478179601755,481.08013012396975,0.01925841943123191,51.255518761419566,6475.641083541559,542.4655031493764,811.8009886102958,48.35773001928598,1055.4804793568949,3443.1931532427084,474.4991970129713,0.03439596063988095,50.797045407738096,3052.257767874306,352.11690448037757,767.4428344592261,65.57871875,1055.4804793568949,3443.1931532427084,474.4991970129713,0.03439596063988095,50.797045407738096,3052.257767874306,352.11690448037757,767.4428344592261,65.57871875
2026-02-17 10:00:00+00:00,2374.6924974999997,4862.61701,603.765835,0.0333325,45.83361,6696.1626725,284.88437999999996,798.40708,34.0,1883.3364428257828,4419.292079106029,468.822527563978,0.016608536126402316,51.43987817511037,6036.949824527239,217.14945748469626,809.0873335064672,48.96290919560658,1055.4804793568949,3443.1931532427084,474.4991970129713,0.03439596063988095,50.797045407738096,3052.257767874306,352.11690448037757,767.4428344592261,65.57871875,1055.4804793568949,3443.1931532427084,474.4991970129713,0.03439596063988095,50.797045407738096,3052.257767874306,352.11690448037757,767.4428344592261,65.57871875
2026-02-17 11:00:00+00:00,2326.5408225,4798.984474999999,597.73166,0.035,45.83361,6715.5980225,553.0695625,798.40708,33.97,1722.791858170733,4527.735960574006,460.2065375475065,0.002671150265233395,49.361633691125604,5369.337325852648,172.22136177964862,809.2969030282884,48.233300784141385,1055.4804793568949,3443.1931532427084,474.4991970129713,0.03439596063988095,50.797045407738096,3052.257767874306,352.11690448037757,767.4428344592261,65.57871875,1055.4804793568949,3443.1931532427084,474.4991970129713,0.03439596063988095,50.797045407738096,3052.257767874306,352.11690448037757,767.4428344592261,65.57871875
2026-02-17 12:00:00+00:00,2313.6266775,4808.717305,623.31333,0.0683325,45.83361,6372.37441,186.75048999999999,798.40708,33.72,1677.6578675483242,4590.238591904956,495.90814944978024,0.013742594080382434,49.747124053542315,4554.787140706419,119.28985266980746,812.6179561301843,50.75906998004223,1055.4804793568949,3443.1931532427084,474.4991970129713,0.03439596063988095,50.797045407738096,3052.257767874306,352.11690448037757,767.4428344592261,65.57871875,1055.4804793568949,3443.1931532427084,474.4991970129713,0.03439596063988095,50.797045407738096,3052.257767874306,352.11690448037757,767.4428344592261,65.57871875
2026-02-17 13:00:00+00:00,2314.0841649999998,4821.5718775000005,601.2099975,0.035,45.83361,6187.256505,187.62124,798.40708,33.92,1553.8007603854562,4331.97223505638,487.2149433668138,0.034644066834533555,48.40563316061788,3927.1122671498765,150.82082218420194,820.3941033562185,50.924759392179965,1055.4804793568949,3443.1931532427084,474.4991970129713,0.03439596063988095,50.797045407738096,3052.257767874306,352.11690448037757,767.4428344592261,65.57871875,1055.4804793568949,3443.1931532427084,474.4991970129713,0.03439596063988095,50.797045407738096,3052.257767874306,352.11690448037757,767.4428344592261,65.57871875
2026-02-17 14:00:00+00:00,2381.8141625,5095.809535,596.8216675,0.16999750000000002,45.83361,6237.577675,195.9541475,798.03558,43.209999999999994,1491.4792125100619,4406.4816922728405,456.7076765151747,0.008647232140072278,52.38073999294936,3947.1141789426974,238.83280563944422,820.2266572523877,41.82056060794321,1055.4804793568949,3443.1931532427084,474.4991970129713,0.03439596063988095,50.797045407738096,3052.257767874306,352.11690448037757,767.4428344592261,65.57871875,1055.4804793568949,3443.1931532427084,474.4991970129713,0.03439596063988095,50.797045407738096,3052.257767874306,352.11690448037757,767.4428344592261,65.57871875
2026-02-17 15:00:00+00:00,2353.3375025,5275.220322499999,596.5983325,0.10333250000000002,45.83361,6609.5340875,174.98537000000002,798.43358,42.96,1583.6517732818188,4583.253370304934,460.907131740504,0.004984259563124108,52.13646839240602,4598.468478280109,466.22208716996596,838.1924406447127,45.25693567369092,1055.4804793568949,3443.1931532427084,474.4991970129713,0.03439596063988095,50.797045407738096,3052.257767874306,352.11690448037757,767.4428344592261,65.57871875,1055.4804793568949,3443.1931532427084,474.4991970129713,0.03439596063988095,50.797045407738096,3052.257767874306,352.11690448037757,767.4428344592261,65.57871875
2026-02-17 16:00:00+00:00,2479.2208275,5354.777529999999,580.495,0.2016675,45.83361,7014.5141725,168.1814025,799.60708,42.71,1858.663414999473,5071.742577474618,472.9420958587131,0.0032358579660134133,52.28779659583263,5208.2428226886595,951.3704733269386,840.7569746966286,55.903105394457775,1055.4804793568949,3443.1931532427084,474.4991970129713,0.03439596063988095,50.797045407738096,3052.257767874306,352.11690448037757,767.4428344592261,65.57871875,1055.4804793568949,3443.1931532427084,474.4991970129713,0.03439596063988095,50.797045407738096,3052.257767874306,352.11690448037757,767.4428344592261,65.57871875
2026-02-17 17:00:00+00:00,2591.784995,5395.4342175,501.1549975,0.0,45.83361,7045.147667499999,266.63437,800.0809549999999,42.46,1858.4725807738628,4771.68514302256,473.89473130659974,0.014471432825272898,48.898196326761564,5704.585773743749,789.4164736175494,811.2432192488031,50.212374003097096,1055.4804793568949,3443.1931532427084,474.4991970129713,0.03439596063988095,50.797045407738096,3052.257767874306,352.11690448037757,767.4428344592261,65.57871875,1055.4804793568949,3443.1931532427084,474.4991970129713,0.03439596063988095,50.797045407738096,3052.257767874306,352.11690448037757,767.4428344592261,65.57871875
2026-02-17 18:00:00+00:00,2595.915825,5415.29245,480.2916675,0.065,45.83361,6980.14044,301.00104749999997,799.59458,42.71,1863.614532498822,4609.140191685232,463.90735722288775,0.018143312856700743,47.29894799271155,5704.544326340791,455.553687431468,809.3610952120068,52.67410975335894,1055.4804793568949,3443.1931532427084,474.4991970129713,0.03439596063988095,50.797045407738096,3052.257767874306,352.11690448037757,767.4428344592261,65.57871875,1055.4804793568949,3443.1931532427084,474.4991970129713,0.03439596063988095,50.797045407738096,3052.257767874306,352.11690448037757,767.4428344592261,65.57871875
2026-02-17 19:00:00+00:00,2514.25583,5397.517875,487.0199975,0.098335,45.83361,7064.5658125,197.61237,799.59458,43.46,1732.4700001017543,4250.3149101377585,463.2498108724132,0.03628572827968522,48.37321237499174,4815.220347332066,268.02081685508165,813.9430253916034,43.60293584892714,1055.4804793568949,3443.1931532427084,474.4991970129713,0.03439596063988095,50.797045407738096,3052.257767874306,352.11690448037757,767.4428344592261,65.57871875,1055.4804793568949,3443.1931532427084,474.4991970129713,0.03439596063988095,50.797045407738096,3052.257767874306,352.11690448037757,767.4428344592261,65.57871875
2026-02-17 20:00:00+00:00,2440.8650125,5367.436685,464.03333,0.163335,45.83361,6869.547985,170.63905499999998,799.59458,43.96,1731.6259746496858,4285.030050876379,434.5855138081265,0.02422881000792561,47.87631404954332,4703.3384772746,279.62314711416604,807.9521769984324,38.37413857720449,1055.4804793568949,3443.1931532427084,474.4991970129713,0.03439596063988095,50.797045407738096,3052.257767874306,352.11690448037757,767.4428344592261,65.57871875,1055.4804793568949,3443.1931532427084,474.4991970129713,0.03439596063988095,50.797045407738096,3052.257767874306,352.11690448037757,767.4428344592261,65.57871875
2026-02-17 21:00:00+00:00,2235.86501,5385.64493,411.035835,0.1316675,45.83361,6962.691995,170.5214925,798.28658,44.21,1773.8392565347554,4209.03972382565,465.0947519847368,0.05454858074371309,48.337332888383976,4802.0243759058285,243.2070552371427,801.4049389919513,38.83171240845958,1055.4804793568949,3443.1931532427084,474.4991970129713,0.03439596063988095,50.797045407738096,3052.257767874306,352.11690448037757,767.4428344592261,65.57871875,1055.4804793568949,3443.1931532427084,474.4991970129713,0.03439596063988095,50.797045407738096,3052.257767874306,352.11690448037757,767.4428344592261,65.57871875
2026-02-17 22:00:00+00:00,2125.0333375,5353.3298025,429.60499749999997,0.065,45.83361,6454.3670775,170.96625,797.49808,45.21,1701.97573355318,4207.773256738678,479.8973639227107,0.061980650527177036,47.22533280668671,4442.865668389676,135.5931871930153,805.3396643704046,47.404311725520756,1055.4804793568949,3443.1931532427084,474.4991970129713,0.03439596063988095,50.797045407738096,3052.257767874306,352.11690448037757,767.4428344592261,65.57871875,1055.4804793568949,3443.1931532427084,474.4991970129713,0.03439596063988095,50.797045407738096,3052.257767874306,352.11690448037757,767.4428344592261,65.57871875
2026-02-17 23:00:00+00:00,2150.2924825,5391.586455000001,416.0191675,0.09833250000000002,45.83361,6652.9959149999995,164.67324,793.22958,45.5,1666.2355016530532,4311.034492974236,497.9060225747858,0.08606959108431017,47.28325473670777,4262.709237740082,138.21226994866657,804.9071619090249,47.78153850033381,1055.4804793568949,3443.1931532427084,474.4991970129713,0.03439596063988095,50.797045407738096,3052.257767874306,352.11690448037757,767.4428344592261,65.57871875,1055.4804793568949,3443.1931532427084,474.4991970129713,0.03439596063988095,50.797045407738096,3052.257767874306,352.11690448037757,767.4428344592261,65.57871875
2026-02-18 00:00:00+00:00,2233.3150125,5402.2668975,411.6183325,0.1333325,45.83361,6291.7191674999995,167.9234925,793.34208,44.39,1709.7910697273778,4265.1521378102025,436.19590526273976,0.059975106006812814,46.53288074211262,4737.984444922689,184.83262812514013,801.1553569981977,48.82429760704757,1055.4804793568949,3443.1931532427084,474.4991970129713,0.03439596063988095,50.797045407738096,3052.257767874306,352.11690448037757,767.4428344592261,65.57871875,1055.4804793568949,3443.1931532427084,474.4991970129713,0.03439596063988095,50.797045407738096,3052.257767874306,352.11690448037757,767.4428344592261,65.57871875
2026-02-18 01:00:00+00:00,2217.07333,5410.239955,408.222495,0.0,45.83361,6169.9099325,168.177125,793.05508,42.32,1806.4873057729242,4356.487161585703,439.2104686162977,0.048920424601760985,47.213260225874734,4716.273928160719,177.13618681312525,803.8140659477064,49.60278153370811,1055.4804793568949,3443.1931532427084,474.4991970129713,0.03439596063988095,50.797045407738096,3052.257767874306,352.11690448037757,767.4428344592261,65.57871875,1055.4804793568949,3443.1931532427084,474.4991970129713,0.03439596063988095,50.797045407738096,3052.257767874306,352.11690448037757,767.4428344592261,65.57871875
2026-02-18 02:00:00+00:00,2017.861665,5401.5305725,402.3349975,0.0316675,45.83361,6426.12958,167.80537999999999,793.05508,41.84,2035.4606405613208,4510.316178510375,445.3690461906063,0.0313703943637779,48.346091815569366,5600.003363573436,157.3582606145265,802.8658048260825,48.05037936413869,1055.4804793568949,3443.1931532427084,474.4991970129713,0.03439596063988095,50.797045407738096,3052.257767874306,352.11690448037757,767.4428344592261,65.57871875,1055.4804793568949,3443.1931532427084,474.4991970129713,0.03439596063988095,50.797045407738096,3052.257767874306,352.11690448037757,767.4428344592261,65.57871875
2026-02-18 03:00:00+00:00,2060.92918,5404.74415,418.8549975,0.0,45.83361,6918.791175,167.7813725,793.05508,39.47999999999999,2121.426737539789,4537.231123310338,461.4440650091609,0.023177501550862713,48.76813188334696,5609.364752370613,181.96228283075988,805.9674625310254,47.9825493899515,1055.4804793568949,3443.1931532427084,474.4991970129713,0.03439596063988095,50.797045407738096,3052.257767874306,352.11690448037757,767.4428344592261,65.57871875,1055.4804793568949,3443.1931532427084,474.4991970129713,0.03439596063988095,50.797045407738096,3052.257767874306,352.11690448037757,767.4428344592261,65.57871875
2026-02-18 04:00:00+00:00,2335.9341725,5401.487725,419.5833325,0.035,45.83361,7247.4635275,183.95935,793.05508,38.03,1999.7303284815462,4702.438708286422,484.05540629100227,0.03265229393426194,48.146048416224886,6374.88099153403,222.47667249799352,810.3304279316844,48.51401992971651,1055.4804793568949,3443.1931532427084,474.4991970129713,0.03439596063988095,50.797045407738096,3052.257767874306,352.11690448037757,767.4428344592261,65.57871875,1055.4804793568949,3443.1931532427084,474.4991970129713,0.03439596063988095,50.797045407738096,3052.257767874306,352.11690448037757,767.4428344592261,65.57871875
2026-02-18 05:00:00+00:00,2528.85752,5631.1346925,415.352505,0.2300025,45.83361,7472.3614075000005,368.86538,794.47008,45.48,2129.7077043891613,4321.4193415192185,489.3195565966396,0.07258696061401439,48.816662336344855,7320.63824781021,305.1500239352431,817.7907609406479,47.543899889852824,1055.4804793568949,3443.1931532427084,474.4991970129713,0.03439596063988095,50.797045407738096,3052.257767874306,352.11690448037757,767.4428344592261,65.57871875,1055.4804793568949,3443.1931532427084,474.4991970129713,0.03439596063988095,50.797045407738096,3052.257767874306,352.11690448037757,767.4428344592261,65.57871875
2026-02-18 06:00:00+00:00,2758.5141700000004,5742.8495425,417.6441625,0.0333325,45.83361,7827.6515899999995,1497.90538,797.03258,45.48,2218.0888221651003,4315.914392330424,564.916552792006,0.02777445750599547,51.485469015039584,7796.50219704858,554.6999232328034,846.0633346105375,50.15272494908989,1055.4804793568949,3443.1931532427084,474.4991970129713,0.03439596063988095,50.797045407738096,3052.257767874306,352.11690448037757,767.4428344592261,65.57871875,1055.4804793568949,3443.1931532427084,474.4991970129713,0.03439596063988095,50.797045407738096,3052.257767874306,352.11690448037757,767.4428344592261,65.57871875
2026-02-18 07:00:00+00:00,2851.6975200000006,5522.0125100000005,465.13167,0.0316675,45.83361,7847.651427499999,1106.7943349999998,798.47258,44.73,2832.7477215288736,4116.826988824395,577.0497208456208,0.02350816916148164,50.9007922244003,7932.607130866569,837.6147319140882,843.6005258249896,49.58107125730802,1055.4804793568949,3443.1931532427084,474.4991970129713,0.03439596063988095,50.797045407738096,3052.257767874306,352.11690448037757,767.4428344592261,65.57871875,1055.4804793568949,3443.1931532427084,474.4991970129713,0.03439596063988095,50.797045407738096,3052.257767874306,352.11690448037757,767.4428344592261,65.57871875
2026-02-18 08:00:00+00:00,2842.8816575,5500.0826875,406.06917,0.065,45.83361,7632.4588525,715.6832899999998,798.47258,44.48,2591.1002947372253,4268.229321052954,540.8987147264763,0.020866536789929405,50.84572422224562,7857.543188476297,380.25875924417227,834.7421611746939,47.86722235020345,1055.4804793568949,3443.1931532427084,474.4991970129713,0.03439596063988095,50.797045407738096,3052.257767874306,352.11690448037757,767.4428344592261,65.57871875,1055.4804793568949,3443.1931532427084,474.4991970129713,0.03439596063988095,50.797045407738096,3052.257767874306,352.11690448037757,767.4428344592261,65.57871875
2026-02-18 09:00:00+00:00,2641.9874975000002,5530.34632,411.889165,0.065,45.83361,7410.223334999999,244.51619999999997,797.88658,45.23,2229.9672473688333,4477.3976439914895,468.2953216023694,0.01617089364646412,49.51909720403791,7487.388659965563,209.02687485624443,813.3603627096687,49.658819898118104,1055.4804793568949,3443.1931532427084,474.4991970129713,0.03439596063988095,50.797045407738096,3052.257767874306,352.11690448037757,767.4428344592261,65.57871875,1055.4804793568949,3443.1931532427084,474.4991970129713,0.03439596063988095,50.797045407738096,3052.257767874306,352.11690448037757,767.4428344592261,65.57871875
2026-02-18 10:00:00+00:00,2566.876695,5399.6483124999995,412.52917249999996,0.0333325,45.83361,6284.7669875,299.7212,797.88658,45.48,2418.114982282832,4519.235967151963,447.0827655002262,0.06026413329660446,47.78431245497113,7306.340624891851,179.3216039957236,804.3637375576939,47.80232416066174,1055.4804793568949,3443.1931532427084,474.4991970129713,0.03439596063988095,50.797045407738096,3052.257767874306,352.11690448037757,767.4428344592261,65.57871875,1055.4804793568949,3443.1931532427084,474.4991970129713,0.03439596063988095,50.797045407738096,3052.257767874306,352.11690448037757,767.4428344592261,65.57871875
2026-02-18 11:00:00+00:00,2402.97498,5434.431485,406.0184375,0.0,45.83361,5754.9205825,161.9096425,797.0364549999999,45.23,2780.0714838778513,4350.51793796049,447.9920015492825,0.0316002616679271,48.78905344036953,7100.604848700299,192.1103501400757,805.3919648300799,50.888059468395454,1055.4804793568949,3443.1931532427084,474.4991970129713,0.03439596063988095,50.797045407738096,3052.257767874306,352.11690448037757,767.4428344592261,65.57871875,1055.4804793568949,3443.1931532427084,474.4991970129713,0.03439596063988095,50.797045407738096,3052.257767874306,352.11690448037757,767.4428344592261,65.57871875
2026-02-18 12:00:00+00:00,2415.2533475,5439.549895,423.74917,0.0,45.83361,6040.495395,164.03719999999998,796.75308,44.48,2316.155789616979,4546.350361832925,438.349768780146,0.007657825807681123,48.818658407041895,6468.976650527187,165.53289342032238,804.7070976400578,50.763285512954475,1055.4804793568949,3443.1931532427084,474.4991970129713,0.03439596063988095,50.797045407738096,3052.257767874306,352.11690448037757,767.4428344592261,65.57871875,1055.4804793568949,3443.1931532427084,474.4991970129713,0.03439596063988095,50.797045407738096,3052.257767874306,352.11690448037757,767.4428344592261,65.57871875
2026-02-18 13:00:00+00:00,2357.5024925,5398.076805000001,421.931665,0.0,45.83361,6489.8771575,161.85469999999995,796.75308,44.48,1993.3481020148351,4589.492197090158,454.4939126815312,0.02497513366645753,48.947729354126814,6014.178378458897,168.56420340416878,810.1339447724531,56.01399184211993,1055.4804793568949,3443.1931532427084,474.4991970129713,0.03439596063988095,50.797045407738096,3052.257767874306,352.11690448037757,767.4428344592261,65.57871875,1055.4804793568949,3443.1931532427084,474.4991970129713,0.03439596063988095,50.797045407738096,3052.257767874306,352.11690448037757,767.4428344592261,65.57871875
2026-02-18 14:00:00+00:00,2418.485015,5335.619845,424.6225,0.05083312499999999,45.83361,6544.571975,167.9722,796.75308,44.48,1829.9355649011254,4573.998617746344,476.2264115285604,0.03153980175506104,49.61251985219365,6205.146479708586,202.43496848415876,819.7700424985745,54.37932814892283,1055.4804793568949,3443.1931532427084,474.4991970129713,0.03439596063988095,50.797045407738096,3052.257767874306,352.11690448037757,767.4428344592261,65.57871875,1055.4804793568949,3443.1931532427084,474.4991970129713,0.03439596063988095,50.797045407738096,3052.257767874306,352.11690448037757,767.4428344592261,65.57871875
2026-02-18 15:00:00+00:00,2491.510005,5006.308335,425.5033325,0.10166624999999999,45.83361,6906.455825,488.51470000000006,797.15158,45.48,1889.7287406139294,4737.96380615537,476.24618323756863,0.004378416476352249,50.250596901290955,6696.081904660508,377.124096503661,826.7978183289488,51.5965981571238,1055.4804793568949,3443.1931532427084,474.4991970129713,0.03439596063988095,50.797045407738096,3052.257767874306,352.11690448037757,767.4428344592261,65.57871875,1055.4804793568949,3443.1931532427084,474.4991970129713,0.03439596063988095,50.797045407738096,3052.257767874306,352.11690448037757,767.4428344592261,65.57871875
2026-02-18 16:00:00+00:00,2585.517495,4986.7081450000005,420.6975,0.15249937499999996,45.83361,6942.40782,895.5597,798.32458,46.23,2029.4202317081558,4937.9695965032615,489.7374651797461,0.0027193905171150543,49.712240375704965,6995.610918847999,892.688783168781,827.3002351412753,42.73273381653058,1055.4804793568949,3443.1931532427084,474.4991970129713,0.03439596063988095,50.797045407738096,3052.257767874306,352.11690448037757,767.4428344592261,65.57871875,1055.4804793568949,3443.1931532427084,474.4991970129713,0.03439596063988095,50.797045407738096,3052.257767874306,352.11690448037757,767.4428344592261,65.57871875
2026-02-18 17:00:00+00:00,2590.558355,4903.1380874999995,431.5208325,0.20333249999999997,45.83361,7117.603317500001,1302.6046999999999,798.97008,46.48,2328.8972571462805,4880.528812735976,478.192944584932,0.02861255689291266,44.407173458412856,6966.103369886738,841.744512803296,800.2815856225366,44.8304115645705,1055.4804793568949,3443.1931532427084,474.4991970129713,0.03439596063988095,50.797045407738096,3052.257767874306,352.11690448037757,767.4428344592261,65.57871875,1055.4804793568949,3443.1931532427084,474.4991970129713,0.03439596063988095,50.797045407738096,3052.257767874306,352.11690448037757,767.4428344592261,65.57871875
2026-02-18 18:00:00+00:00,2509.2575075,4521.359765,436.25083,0.2183325,45.83361,6408.407735000001,226.7951425,798.97008,45.73,1929.5272540623293,4891.398040727996,472.39021453266315,0.03368625958565391,44.9398750025617,6206.316509104759,398.9916019940619,805.9720461754339,46.78701072548718,1055.4804793568949,3443.1931532427084,474.4991970129713,0.03439596063988095,50.797045407738096,3052.257767874306,352.11690448037757,767.4428344592261,65.57871875,1055.4804793568949,3443.1931532427084,474.4991970129713,0.03439596063988095,50.797045407738096,3052.257767874306,352.11690448037757,767.4428344592261,65.57871875
2026-02-18 19:00:00+00:00,2416.7383275,4671.0535,426.5599975,0.1683325,45.83361,5139.8739925,167.9722,798.97008,44.48,1976.9173364605208,4342.789920740809,497.77047389414685,0.03345363871166069,45.86176170571457,5127.001111182026,231.00949328438998,806.9568864988937,44.56389139484151,1055.4804793568949,3443.1931532427084,474.4991970129713,0.03439596063988095,50.797045407738096,3052.257767874306,352.11690448037757,767.4428344592261,65.57871875,1055.4804793568949,3443.1931532427084,474.4991970129713,0.03439596063988095,50.797045407738096,3052.257767874306,352.11690448037757,767.4428344592261,65.57871875
2026-02-18 20:00:00+00:00,1945.53668,4696.92901,429.70167,0.2016675,45.83361,4666.81042,167.9722,798.97008,44.48,1751.9413647955712,4021.362252265164,462.7045840526013,0.023958577930185403,46.110960927767174,4318.275215999014,209.3969906091238,803.355890216979,41.84216598775238,1055.4804793568949,3443.1931532427084,474.4991970129713,0.03439596063988095,50.797045407738096,3052.257767874306,352.11690448037757,767.4428344592261,65.57871875,1055.4804793568949,3443.1931532427084,474.4991970129713,0.03439596063988095,50.797045407738096,3052.257767874306,352.11690448037757,767.4428344592261,65.57871875
2026-02-18 21:00:00+00:00,1549.5333225,4578.707195,481.329165,0.13,45.83361,4291.982505,167.96997249999998,797.66258,40.68,1791.6523582138266,3910.0381303338913,468.82579944358275,0.03642043010199703,48.02354241279302,4175.22059116628,224.59432659553107,799.6339416917765,42.0340727251733,1055.4804793568949,3443.1931532427084,474.4991970129713,0.03439596063988095,50.797045407738096,3052.257767874306,352.11690448037757,767.4428344592261,65.57871875,1055.4804793568949,3443.1931532427084,474.4991970129713,0.03439596063988095,50.797045407738096,3052.257767874306,352.11690448037757,767.4428344592261,65.57871875
2026-02-18 22:00:00+00:00,1394.3933325,4386.0797325,479.5375025,0.0683325,45.83361,3573.41842,170.57728,796.87358,41.23,1528.9763257867935,3147.0246792087664,456.03274786630095,0.040986453472842084,45.84412433606779,3653.3826601755586,162.41663634090366,798.0770433930427,40.49584104710715,1055.4804793568949,3443.1931532427084,474.4991970129713,0.03439596063988095,50.797045407738096,3052.257767874306,352.11690448037757,767.4428344592261,65.57871875,1055.4804793568949,3443.1931532427084,474.4991970129713,0.03439596063988095,50.797045407738096,3052.257767874306,352.11690448037757,767.4428344592261,65.57871875
2026-02-18 23:00:00+00:00,1245.9150075,4655.8799725,474.759165,0.0,45.83361,3529.6120075,159.76244000000003,792.60508,36.98,1339.2212802892157,2578.50513418469,462.5686684774523,0.06645171551255746,47.495469588048536,3502.8159670977625,208.68586761863327,798.2208378738002,38.08237677930667,1055.4804793568949,3443.1931532427084,474.4991970129713,0.03439596063988095,50.797045407738096,3052.257767874306,352.11690448037757,767.4428344592261,65.57871875,1055.4804793568949,3443.1931532427084,474.4991970129713,0.03439596063988095,50.797045407738096,3052.257767874306,352.11690448037757,767.4428344592261,65.57871875
2026-02-19 00:00:00+00:00,1106.7124975,4777.7133699999995,539.9275025000001,0.0316675,45.83361,3499.6135025,161.6285725,792.657205,34.48,1293.2978880846485,2677.477832761025,502.8242767115209,0.038129711706004925,47.182628752153995,3522.2196396501286,254.80398435923732,795.222001783574,37.255092622574416,1055.4804793568949,3443.1931532427084,474.4991970129713,0.03439596063988095,50.797045407738096,3052.257767874306,352.11690448037757,767.4428344592261,65.57871875,1055.4804793568949,3443.1931532427084,474.4991970129713,0.03439596063988095,50.797045407738096,3052.257767874306,352.11690448037757,767.4428344592261,65.57871875
2026-02-19 01:00:00+00:00,1048.5708325,4516.1548975,568.1008274999999,0.01583375,45.83361,3180.8679975,160.58239,792.30908,34.48,1174.538950521424,2447.937587908908,521.7398321410943,0.023074156827342065,47.16315899287132,3354.7421504982494,133.68153877432542,801.0467860661412,37.489078324110295,1055.4804793568949,3443.1931532427084,474.4991970129713,0.03439596063988095,50.797045407738096,3052.257767874306,352.11690448037757,767.4428344592261,65.57871875,1055.4804793568949,3443.1931532427084,474.4991970129713,0.03439596063988095,50.797045407738096,3052.257767874306,352.11690448037757,767.4428344592261,65.57871875
2026-02-19 02:00:00+00:00,1040.761665,4474.718625,521.925,0.0,45.83361,3413.0443375,160.73583999999997,792.30908,35.230000000000004,1124.4533480201183,2432.9115378046254,533.4623069213017,0.028622493190930482,47.39484568141984,3265.7406305486306,154.46465605436072,802.6035975332858,37.96267116083975,1055.4804793568949,3443.1931532427084,474.4991970129713,0.03439596063988095,50.797045407738096,3052.257767874306,352.11690448037757,767.4428344592261,65.57871875,1055.4804793568949,3443.1931532427084,474.4991970129713,0.03439596063988095,50.797045407738096,3052.257767874306,352.11690448037757,767.4428344592261,65.57871875
2026-02-19 03:00:00+00:00,1078.31666,4225.431455,471.3875025,0.0333325,45.83361,3584.1877425000002,160.718515,792.30908,36.47999999999999,1560.069301960828,3032.8878170361522,520.3809355607414,0.033820257122106505,46.99876965172518,3687.7121481338736,157.6068600942408,799.9400371001001,37.30600408651619,1055.4804793568949,3443.1931532427084,474.4991970129713,0.03439596063988095,50.797045407738096,3052.257767874306,352.11690448037757,767.4428344592261,65.57871875,1055.4804793568949,3443.1931532427084,474.4991970129713,0.03439596063988095,50.797045407738096,3052.257767874306,352.11690448037757,767.4428344592261,65.57871875
2026-02-19 04:00:00+00:00,1150.6300075,4325.8912550000005,456.5108325,0.11500000000000002,45.83361,4340.75966,168.96653999999998,792.30908,36.47999999999999,1609.2543152813544,3256.2691096883323,509.9187478337769,0.056030927216322565,47.49874267433429,4107.308342963731,127.62306592714833,802.3406218566768,39.73699893686741,1055.4804793568949,3443.1931532427084,474.4991970129713,0.03439596063988095,50.797045407738096,3052.257767874306,352.11690448037757,767.4428344592261,65.57871875,1055.4804793568949,3443.1931532427084,474.4991970129713,0.03439596063988095,50.797045407738096,3052.257767874306,352.11690448037757,767.4428344592261,65.57871875
2026-02-19 05:00:00+00:00,1515.915005,4812.1987850000005,461.84417,0.2016675,45.83361,4841.1501575,169.11008999999999,793.72408,36.47999999999999,1822.2756188957014,3776.5376992436272,491.24256883448726,0.09241786738095652,47.194275271303916,4755.077088933217,141.1981989954331,807.8156923116169,41.134381286951594,1055.4804793568949,3443.1931532427084,474.4991970129713,0.03439596063988095,50.797045407738096,3052.257767874306,352.11690448037757,767.4428344592261,65.57871875,1055.4804793568949,3443.1931532427084,474.4991970129713,0.03439596063988095,50.797045407738096,3052.257767874306,352.11690448037757,767.4428344592261,65.57871875
2026-02-19 06:00:00+00:00,2069.7316775,5237.74523,451.9258375,0.0,45.83361,4667.143255,169.11008999999999,796.28658,43.23,1827.7419663412911,4590.878804170668,467.55865842474645,0.020157053183507218,48.575783533776374,5286.745588785328,469.4013293274792,815.2220190752972,52.17188375352293,1055.4804793568949,3443.1931532427084,474.4991970129713,0.03439596063988095,50.797045407738096,3052.257767874306,352.11690448037757,767.4428344592261,65.57871875,1055.4804793568949,3443.1931532427084,474.4991970129713,0.03439596063988095,50.797045407738096,3052.257767874306,352.11690448037757,767.4428344592261,65.57871875
2026-02-19 07:00:00+00:00,2262.8141725,4993.5961225,385.12,0.0,45.83361,4744.4364875,303.15259000000003,798.010455,45.48,2004.873745727792,4621.923357688496,472.6508556845847,0.03223153886854171,47.828657286885246,5707.750524053631,501.6220956063563,813.2712975753889,48.3153948032079,1055.4804793568949,3443.1931532427084,474.4991970129713,0.03439596063988095,50.797045407738096,3052.257767874306,352.11690448037757,767.4428344592261,65.57871875,1055.4804793568949,3443.1931532427084,474.4991970129713,0.03439596063988095,50.797045407738096,3052.257767874306,352.11690448037757,767.4428344592261,65.57871875
2026-02-19 08:00:00+00:00,2447.016675,5429.843844999999,374.584165,0.065,45.83361,4917.7292449999995,358.47013,798.86058,44.23,1945.0852327051753,4564.403521363626,495.3102519678656,0.03760109044644793,47.32744228975217,5563.636572073648,444.3592889777514,814.8240609535717,46.80731245750142,1055.4804793568949,3443.1931532427084,474.4991970129713,0.03439596063988095,50.797045407738096,3052.257767874306,352.11690448037757,767.4428344592261,65.57871875,1055.4804793568949,3443.1931532427084,474.4991970129713,0.03439596063988095,50.797045407738096,3052.257767874306,352.11690448037757,767.4428344592261,65.57871875
2026-02-19 09:00:00+00:00,2423.8950075000002,5460.585385,393.469415,0.0333325,45.83361,4884.231255,221.71169,798.27458,43.23,2020.0805648867793,4592.245412348169,482.5719589204169,0.03301334452093428,46.523614185701575,5386.923157098666,299.04175311252095,805.5588094578068,46.61809065172957,1055.4804793568949,3443.1931532427084,474.4991970129713,0.03439596063988095,50.797045407738096,3052.257767874306,352.11690448037757,767.4428344592261,65.57871875,1055.4804793568949,3443.1931532427084,474.4991970129713,0.03439596063988095,50.797045407738096,3052.257767874306,352.11690448037757,767.4428344592261,65.57871875
2026-02-19 10:00:00+00:00,2306.865025,5381.0972325,431.4350025,0.0333325,45.83361,4849.6705075,187.23267,798.27458,44.73,1945.1822230336488,4245.698866492355,479.13061659035606,0.03611850666970094,46.23070694437185,5313.497885143455,272.49406933636294,803.574213216221,49.74338374971082,1055.4804793568949,3443.1931532427084,474.4991970129713,0.03439596063988095,50.797045407738096,3052.257767874306,352.11690448037757,767.4428344592261,65.57871875,1055.4804793568949,3443.1931532427084,474.4991970129713,0.03439596063988095,50.797045407738096,3052.257767874306,352.11690448037757,767.4428344592261,65.57871875
2026-02-19 11:00:00+00:00,2006.254995,5410.63274,450.59666749999997,0.0333325,45.83361,4752.1825025,335.1363025,798.27458,49.73,1902.8794449155998,4077.513146942918,492.29349811689804,0.030185033587941584,47.253188360174185,5069.851905697212,183.29925975458713,805.3646330932704,47.49073406117952,1055.4804793568949,3443.1931532427084,474.4991970129713,0.03439596063988095,50.797045407738096,3052.257767874306,352.11690448037757,767.4428344592261,65.57871875,1055.4804793568949,3443.1931532427084,474.4991970129713,0.03439596063988095,50.797045407738096,3052.257767874306,352.11690448037757,767.4428344592261,65.57871875
2026-02-19 12:00:00+00:00,1838.2733524999999,5318.820877499999,438.9299925,0.1016675,45.83361,4470.5840100000005,170.59013999999996,798.64608,45.73,2019.3456561098562,3746.26478957994,491.52119932340986,0.03274034459615497,46.34138809631719,4997.734835774549,168.59809743269577,806.1717668457925,50.518198147275264,1055.4804793568949,3443.1931532427084,474.4991970129713,0.03439596063988095,50.797045407738096,3052.257767874306,352.11690448037757,767.4428344592261,65.57871875,1055.4804793568949,3443.1931532427084,474.4991970129713,0.03439596063988095,50.797045407738096,3052.257767874306,352.11690448037757,767.4428344592261,65.57871875
2026-02-19 13:00:00+00:00,1825.3658275,5230.7938325,461.4266675,0.3016675,45.83361,4305.5609075,172.689405,798.64608,43.47999999999999,1756.4971403847194,3825.6703271473957,493.15470806461013,0.03571367941848628,45.927932552993845,4588.076601965897,130.96325775690224,806.3920588234964,52.13035379469362,1055.4804793568949,3443.1931532427084,474.4991970129713,0.03439596063988095,50.797045407738096,3052.257767874306,352.11690448037757,767.4428344592261,65.57871875,1055.4804793568949,3443.1931532427084,474.4991970129713,0.03439596063988095,50.797045407738096,3052.257767874306,352.11690448037757,767.4428344592261,65.57871875
2026-02-19 14:00:00+00:00,2238.2316775,5297.370704999999,489.2666675,0.22999999999999998,45.83361,4835.278925,180.42667000000003,798.64608,43.73,1879.9378478447693,3754.631476113016,487.74477456534146,0.026920214162226515,47.08019145566772,4793.941252635983,234.12282337553262,806.8872919793961,50.97789285944366,1055.4804793568949,3443.1931532427084,474.4991970129713,0.03439596063988095,50.797045407738096,3052.257767874306,352.11690448037757,767.4428344592261,65.57871875,1055.4804793568949,3443.1931532427084,474.4991970129713,0.03439596063988095,50.797045407738096,3052.257767874306,352.11690448037757,767.4428344592261,65.57871875
2026-02-19 15:00:00+00:00,2513.9141775,5405.19362,469.685165,0.135,45.83361,5095.8522649999995,203.54917000000003,799.04458,42.98,2007.6396969476805,4032.165667646606,483.6200113725686,0.03015234135627945,47.42742916800266,5231.929773111308,354.58689274422636,814.4448264852134,52.71779810238932,1055.4804793568949,3443.1931532427084,474.4991970129713,0.03439596063988095,50.797045407738096,3052.257767874306,352.11690448037757,767.4428344592261,65.57871875,1055.4804793568949,3443.1931532427084,474.4991970129713,0.03439596063988095,50.797045407738096,3052.257767874306,352.11690448037757,767.4428344592261,65.57871875
2026-02-19 16:00:00+00:00,2523.4150075,5476.3622,438.4995025,0.200565,45.83361,5661.8588375,270.4029075,800.21758,43.47999999999999,2288.2076531411835,4500.349992098774,471.74301686996574,0.01672690928506542,47.760067548664516,6090.612542787905,372.1380515636238,819.0357552228525,51.37051231926358,1055.4804793568949,3443.1931532427084,474.4991970129713,0.03439596063988095,50.797045407738096,3052.257767874306,352.11690448037757,767.4428344592261,65.57871875,1055.4804793568949,3443.1931532427084,474.4991970129713,0.03439596063988095,50.797045407738096,3052.257767874306,352.11690448037757,767.4428344592261,65.57871875
2026-02-19 17:00:00+00:00,2524.3900025000003,5485.341147499999,421.0578325,0.0,45.83361,5926.497915,442.44998000000004,800.86308,43.47999999999999,2489.323492257465,4376.155424765234,486.9333995013907,0.024511263626698906,46.30749713567262,6207.335721108502,329.5114703258893,803.8407922282908,48.079998154530415,1055.4804793568949,3443.1931532427084,474.4991970129713,0.03439596063988095,50.797045407738096,3052.257767874306,352.11690448037757,767.4428344592261,65.57871875,1055.4804793568949,3443.1931532427084,474.4991970129713,0.03439596063988095,50.797045407738096,3052.257767874306,352.11690448037757,767.4428344592261,65.57871875
2026-02-19 18:00:00+00:00,2508.56193,5413.32416,433.277265,0.035,45.83361,5816.051625,319.27661250000006,800.86308,44.48,2385.1213831227074,4211.556960786419,489.6569058831013,0.028571660356379133,46.321056677367984,5806.811257380112,326.08408413351304,803.7153727761764,46.48719674501303,1055.4804793568949,3443.1931532427084,474.4991970129713,0.03439596063988095,50.797045407738096,3052.257767874306,352.11690448037757,767.4428344592261,65.57871875,1055.4804793568949,3443.1931532427084,474.4991970129713,0.03439596063988095,50.797045407738096,3052.257767874306,352.11690448037757,767.4428344592261,65.57871875
2026-02-19 19:00:00+00:00,2376.7241525,5412.30437,422.892835,0.0,45.83361,5702.6090975,180.63693999999998,800.86308,43.47999999999999,2258.704964842542,4069.5588454800495,517.8542015999345,0.05415298948923772,46.99285838460467,5728.51473532929,169.12941495996375,805.4652245073194,45.516872699062915,1055.4804793568949,3443.1931532427084,474.4991970129713,0.03439596063988095,50.797045407738096,3052.257767874306,352.11690448037757,767.4428344592261,65.57871875,1055.4804793568949,3443.1931532427084,474.4991970129713,0.03439596063988095,50.797045407738096,3052.257767874306,352.11690448037757,767.4428344592261,65.57871875
2026-02-19 20:00:00+00:00,2343.3233275,5428.973227500001,407.0661675,0.1,45.83361,5845.4258325,173.69697000000002,800.86308,43.47999999999999,1992.0555028419087,3741.994093741248,492.61812479620806,0.08280108187433274,46.6203869116823,5368.768161805507,126.78360120839253,803.5765351681353,44.96371549792112,1055.4804793568949,3443.1931532427084,474.4991970129713,0.03439596063988095,50.797045407738096,3052.257767874306,352.11690448037757,767.4428344592261,65.57871875,1055.4804793568949,3443.1931532427084,474.4991970129713,0.03439596063988095,50.797045407738096,3052.257767874306,352.11690448037757,767.4428344592261,65.57871875
2026-02-19 21:00:00+00:00,2280.0583325,5459.9893675,603.8095,0.1525,45.83361,5701.745095,173.21813749999998,799.55558,44.48,1939.4550463097748,3661.496204983904,493.87968095945854,0.12487049473428491,46.8720740191513,5056.002059828146,178.97898791359384,800.9511379801477,44.111961678266304,1055.4804793568949,3443.1931532427084,474.4991970129713,0.03439596063988095,50.797045407738096,3052.257767874306,352.11690448037757,767.4428344592261,65.57871875,1055.4804793568949,3443.1931532427084,474.4991970129713,0.03439596063988095,50.797045407738096,3052.257767874306,352.11690448037757,767.4428344592261,65.57871875
2026-02-19 22:00:00+00:00,1958.1149875,5424.0909775,586.122,0.1666675,45.83361,5192.3200099999995,174.98847750000002,798.76658,44.48,1938.448699084376,3498.8750515334627,502.79051312905017,0.1075765734272568,47.3133123362162,5037.403567637637,126.57762673790955,799.5284843055041,43.551299989352714,1055.4804793568949,3443.1931532427084,474.4991970129713,0.03439596063988095,50.797045407738096,3052.257767874306,352.11690448037757,767.4428344592261,65.57871875,1055.4804793568949,3443.1931532427084,474.4991970129713,0.03439596063988095,50.797045407738096,3052.257767874306,352.11690448037757,767.4428344592261,65.57871875
2026-02-19 23:00:00+00:00,1601.58916,5107.86238,431.404165,0.0333325,45.83361,4740.671324999999,168.51044000000002,794.49808,46.17,1907.5553395071283,3427.439762424962,500.3637100910958,0.14772107192817205,48.101403288012285,4896.608910580248,110.9040203554834,797.0094859651961,43.13741303996375,1055.4804793568949,3443.1931532427084,474.4991970129713,0.03439596063988095,50.797045407738096,3052.257767874306,352.11690448037757,767.4428344592261,65.57871875,1055.4804793568949,3443.1931532427084,474.4991970129713,0.03439596063988095,50.797045407738096,3052.257767874306,352.11690448037757,767.4428344592261,65.57871875
2026-02-20 00:00:00+00:00,1709.490835,4737.26812,427.8299975,0.0316675,45.83361,4489.4433375,173.79594250000002,795.99258,46.17,2137.121269721418,3341.4957837269967,487.9850407127758,0.05868290869146216,47.817348688957125,4248.838004226048,114.62520120031346,803.0546372399053,42.8662705769288,1055.4804793568949,3443.1931532427084,474.4991970129713,0.03439596063988095,50.797045407738096,3052.257767874306,352.11690448037757,767.4428344592261,65.57871875,1055.4804793568949,3443.1931532427084,474.4991970129713,0.03439596063988095,50.797045407738096,3052.257767874306,352.11690448037757,767.4428344592261,65.57871875
2026-02-20 01:00:00+00:00,1595.3149975000001,4718.7528975000005,412.9516675,0.0,45.83361,4457.585585,175.05745000000002,795.70608,46.17,2258.786840455182,3553.444693651835,475.0183961409751,0.06044026842893815,48.42353558837276,4439.330463624834,116.62831761375318,804.0651267852007,42.79909924221754,1055.4804793568949,3443.1931532427084,474.4991970129713,0.03439596063988095,50.797045407738096,3052.257767874306,352.11690448037757,767.4428344592261,65.57871875,1055.4804793568949,3443.1931532427084,474.4991970129713,0.03439596063988095,50.797045407738096,3052.257767874306,352.11690448037757,767.4428344592261,65.57871875
2026-02-20 02:00:00+00:00,1620.7675024999999,4643.66694,408.0725,0.0,45.83361,4415.1574025,173.82094,795.70608,45.17,2220.6893240535155,3446.169913022659,478.6055393956439,0.025220117035581555,48.3160099860688,4353.146730497652,136.93772763264437,804.1585875290472,42.425013235825475,1055.4804793568949,3443.1931532427084,474.4991970129713,0.03439596063988095,50.797045407738096,3052.257767874306,352.11690448037757,767.4428344592261,65.57871875,1055.4804793568949,3443.1931532427084,474.4991970129713,0.03439596063988095,50.797045407738096,3052.257767874306,352.11690448037757,767.4428344592261,65.57871875
2026-02-20 03:00:00+00:00,1655.7641675,4378.6608925,439.4524975,0.1,45.83361,4510.6342525,165.84862999999999,795.70608,44.42,1975.8536195174545,3380.1581895641343,469.489783315691,0.033085824425435444,47.83901094123555,4537.1342132533955,139.09682075281492,803.9692096392523,46.205691223331115,1055.4804793568949,3443.1931532427084,474.4991970129713,0.03439596063988095,50.797045407738096,3052.257767874306,352.11690448037757,767.4428344592261,65.57871875,1055.4804793568949,3443.1931532427084,474.4991970129713,0.03439596063988095,50.797045407738096,3052.257767874306,352.11690448037757,767.4428344592261,65.57871875
2026-02-20 04:00:00+00:00,1576.166665,4425.28357,440.88917000000004,0.16499999999999998,45.83361,5011.655415,166.83170000000004,795.70608,42.42,2360.196578350776,3327.8332164987123,473.8365559120267,0.07463987589101329,46.461690060075526,5054.6198302881585,144.74135693491587,806.1687672742352,47.04516410116997,1055.4804793568949,3443.1931532427084,474.4991970129713,0.03439596063988095,50.797045407738096,3052.257767874306,352.11690448037757,767.4428344592261,65.57871875,1055.4804793568949,3443.1931532427084,474.4991970129713,0.03439596063988095,50.797045407738096,3052.257767874306,352.11690448037757,767.4428344592261,65.57871875
2026-02-20 05:00:00+00:00,1964.385205,4670.43745,426.9119525,0.0683325,45.83361,5540.2285925,167.20592,797.12058,40.17,2421.2786508094628,3691.6677502815587,526.6006607967926,0.11926213919242587,44.72200758931978,6231.4616147142115,176.98677860895356,805.6145765012441,47.276851719403794,1055.4804793568949,3443.1931532427084,474.4991970129713,0.03439596063988095,50.797045407738096,3052.257767874306,352.11690448037757,767.4428344592261,65.57871875,1055.4804793568949,3443.1931532427084,474.4991970129713,0.03439596063988095,50.797045407738096,3052.257767874306,352.11690448037757,767.4428344592261,65.57871875
2026-02-20 06:00:00+00:00,2406.2074975,5307.09324,450.24333249999995,0.07,45.83361,5737.327915,375.95592000000005,799.68308,40.17,2437.096371314093,3882.878688935876,492.95787140101294,0.05354238227180729,48.02622811362394,6619.322860299837,708.2088112754581,818.1946605589019,48.268600897754666,1055.4804793568949,3443.1931532427084,474.4991970129713,0.03439596063988095,50.797045407738096,3052.257767874306,352.11690448037757,767.4428344592261,65.57871875,1055.4804793568949,3443.1931532427084,474.4991970129713,0.03439596063988095,50.797045407738096,3052.257767874306,352.11690448037757,767.4428344592261,65.57871875
2026-02-20 07:00:00+00:00,2446.55664,5500.675175,432.84667,0.0683325,45.83361,5925.574505,587.41057,801.86708,41.17,2353.8478047990397,4224.777143810017,457.4227194509605,0.0416920375952365,46.52002449813527,6467.458224539085,534.7786397180494,815.2402225277764,49.44877295355086,1055.4804793568949,3443.1931532427084,474.4991970129713,0.03439596063988095,50.797045407738096,3052.257767874306,352.11690448037757,767.4428344592261,65.57871875,1055.4804793568949,3443.1931532427084,474.4991970129713,0.03439596063988095,50.797045407738096,3052.257767874306,352.11690448037757,767.4428344592261,65.57871875
2026-02-20 08:00:00+00:00,2287.47917,5457.9707225,388.77916749999997,0.2,45.83361,6019.486865,798.8652199999999,801.86708,41.17,2294.9277369350784,3506.1436183228852,472.76146073962366,0.05435436709128823,49.1236339189186,6432.038779833814,480.24699336318423,807.494322049297,48.1506701827681,1055.4804793568949,3443.1931532427084,474.4991970129713,0.03439596063988095,50.797045407738096,3052.257767874306,352.11690448037757,767.4428344592261,65.57871875,1055.4804793568949,3443.1931532427084,474.4991970129713,0.03439596063988095,50.797045407738096,3052.257767874306,352.11690448037757,767.4428344592261,65.57871875
2026-02-20 09:00:00+00:00,1884.850895,5139.580707499999,375.7620175,0.066665,45.83361,4661.64124,441.41646999999995,801.28108,39.17,2231.7714394962286,3560.592438583815,503.076466983043,0.06990195239466013,50.145771596183614,5507.356364972417,313.991852285274,808.3756866086435,44.41753136263463,1055.4804793568949,3443.1931532427084,474.4991970129713,0.03439596063988095,50.797045407738096,3052.257767874306,352.11690448037757,767.4428344592261,65.57871875,1055.4804793568949,3443.1931532427084,474.4991970129713,0.03439596063988095,50.797045407738096,3052.257767874306,352.11690448037757,767.4428344592261,65.57871875
2026-02-20 10:00:00+00:00,1439.5058275000001,4975.0421774999995,363.456665,0.066665,45.83361,3517.072,497.60397,800.90908,37.17,1867.3295322228278,3259.4140343604795,506.4743483692446,0.0747191442350856,48.623496759133985,5814.834632707161,235.1247676041258,809.2375026953678,44.97808980893822,1055.4804793568949,3443.1931532427084,474.4991970129713,0.03439596063988095,50.797045407738096,3052.257767874306,352.11690448037757,767.4428344592261,65.57871875,1055.4804793568949,3443.1931532427084,474.4991970129713,0.03439596063988095,50.797045407738096,3052.257767874306,352.11690448037757,767.4428344592261,65.57871875
2026-02-20 11:00:00+00:00,1029.1841675,5281.9221525,367.9933325,0.31666500000000003,45.83361,2890.7054175,299.75256750000005,800.90908,38.17,2084.2222756619913,3232.8938829836916,480.8540918482213,0.05798610553265017,51.41108044527757,5556.304590254576,188.36227741407464,811.3607269500769,46.75655392056916,1055.4804793568949,3443.1931532427084,474.4991970129713,0.03439596063988095,50.797045407738096,3052.257767874306,352.11690448037757,767.4428344592261,65.57871875,1055.4804793568949,3443.1931532427084,474.4991970129713,0.03439596063988095,50.797045407738096,3052.257767874306,352.11690448037757,767.4428344592261,65.57871875
2026-02-20 12:00:00+00:00,893.6416675,5357.1658375,365.7466675,0.066665,45.83361,2742.85075,187.51372000000003,801.14258,37.92,2008.312572483845,3246.98059635442,467.7111251013355,0.045444005807575995,50.286830819060356,5442.444659752266,173.21193512671883,813.5998780062523,46.00788889877249,1055.4804793568949,3443.1931532427084,474.4991970129713,0.03439596063988095,50.797045407738096,3052.257767874306,352.11690448037757,767.4428344592261,65.57871875,1055.4804793568949,3443.1931532427084,474.4991970129713,0.03439596063988095,50.797045407738096,3052.257767874306,352.11690448037757,767.4428344592261,65.57871875
2026-02-20 13:00:00+00:00,913.47833,5169.703375,392.85583,0.066665,45.83361,2922.3765025000002,265.08343,801.84308,37.17,1934.9561232830015,3517.8956119298336,444.3942577001307,0.055251965041143006,48.03617997910599,5090.538334975122,175.41565642107716,807.5222568486598,53.25696382266216,1055.4804793568949,3443.1931532427084,474.4991970129713,0.03439596063988095,50.797045407738096,3052.257767874306,352.11690448037757,767.4428344592261,65.57871875,1055.4804793568949,3443.1931532427084,474.4991970129713,0.03439596063988095,50.797045407738096,3052.257767874306,352.11690448037757,767.4428344592261,65.57871875
2026-02-20 14:00:00+00:00,978.7333,5154.99517,445.44732,0.0316675,45.83361,3151.9960475,184.59225500000002,801.84308,37.17,1860.0767980937949,3675.0359259095617,442.5694749997591,0.06635695179228822,48.591538898821725,5301.433671945591,222.20646443051427,809.4302632888343,52.121408903928526,1055.4804793568949,3443.1931532427084,474.4991970129713,0.03439596063988095,50.797045407738096,3052.257767874306,352.11690448037757,767.4428344592261,65.57871875,1055.4804793568949,3443.1931532427084,474.4991970129713,0.03439596063988095,50.797045407738096,3052.257767874306,352.11690448037757,767.4428344592261,65.57871875
2026-02-20 15:00:00+00:00,1023.8716675000001,5297.87797,427.92917,0.0333325,45.83361,3769.48466,429.74887,802.24158,36.17,2065.0870259868234,4153.135947542981,490.5293451860609,0.024699509243171977,47.95715261078693,5301.741003102312,331.1440338267872,819.1491366373094,43.75473982626812,1055.4804793568949,3443.1931532427084,474.4991970129713,0.03439596063988095,50.797045407738096,3052.257767874306,352.11690448037757,767.4428344592261,65.57871875,1055.4804793568949,3443.1931532427084,474.4991970129713,0.03439596063988095,50.797045407738096,3052.257767874306,352.11690448037757,767.4428344592261,65.57871875
2026-02-20 16:00:00+00:00,1027.9175,5190.1091,447.85333249999996,0.0333325,45.83361,4365.100005,320.56059500000003,802.96108,36.17,2416.905181502765,4161.683774313132,479.06114276196166,0.051407299974617834,44.86298197821966,5271.933123955881,576.0528130983403,801.4715356005851,47.6790606797301,1055.4804793568949,3443.1931532427084,474.4991970129713,0.03439596063988095,50.797045407738096,3052.257767874306,352.11690448037757,767.4428344592261,65.57871875,1055.4804793568949,3443.1931532427084,474.4991970129713,0.03439596063988095,50.797045407738096,3052.257767874306,352.11690448037757,767.4428344592261,65.57871875
2026-02-20 17:00:00+00:00,1024.6308325,4816.727924999999,445.9266675,0.0,45.83361,4289.3080025,193.59095000000002,803.60708,36.17,2311.937311706085,3825.715293620189,469.15456201784707,0.03656003742406006,45.36533658123204,4949.076221499295,475.0239030169474,800.2836659523739,48.015231733561414,1055.4804793568949,3443.1931532427084,474.4991970129713,0.03439596063988095,50.797045407738096,3052.257767874306,352.11690448037757,767.4428344592261,65.57871875,1055.4804793568949,3443.1931532427084,474.4991970129713,0.03439596063988095,50.797045407738096,3052.257767874306,352.11690448037757,767.4428344592261,65.57871875
2026-02-20 18:00:00+00:00,1016.211665,3787.4827099999998,457.9599975,0.0333325,45.83361,3479.9783375,165.665005,803.60708,36.17,2031.4679844268703,3500.1726383232035,474.6494923689962,0.04079897599725952,46.112209767925535,4408.166954628558,298.3950888419716,801.8016045128655,40.646442815855835,1055.4804793568949,3443.1931532427084,474.4991970129713,0.03439596063988095,50.797045407738096,3052.257767874306,352.11690448037757,767.4428344592261,65.57871875,1055.4804793568949,3443.1931532427084,474.4991970129713,0.03439596063988095,50.797045407738096,3052.257767874306,352.11690448037757,767.4428344592261,65.57871875
2026-02-20 19:00:00+00:00,853.783335,2375.2228475,568.5266675,0.1,45.83361,3105.5796675,199.83195,803.60708,36.17,1328.9076639047992,3076.2954694657133,480.88606097492953,0.0752952153129692,46.80597582614544,3603.596702856366,196.47104756016404,798.0440859795635,40.455535982199514,1055.4804793568949,3443.1931532427084,474.4991970129713,0.03439596063988095,50.797045407738096,3052.257767874306,352.11690448037757,767.4428344592261,65.57871875,1055.4804793568949,3443.1931532427084,474.4991970129713,0.03439596063988095,50.797045407738096,3052.257767874306,352.11690448037757,767.4428344592261,65.57871875
2026-02-20 20:00:00+00:00,513.0025,1546.42587,543.3625,0.066665,45.83361,2222.681915,215.26945,803.60708,36.17,940.3847369628637,2384.807010521963,472.58795294974476,0.09025798831194237,45.997933722628886,3166.599787654356,219.6009924953077,794.89406275881,42.168580626217405,1055.4804793568949,3443.1931532427084,474.4991970129713,0.03439596063988095,50.797045407738096,3052.257767874306,352.11690448037757,767.4428344592261,65.57871875,1055.4804793568949,3443.1931532427084,474.4991970129713,0.03439596063988095,50.797045407738096,3052.257767874306,352.11690448037757,767.4428344592261,65.57871875
2026-02-20 21:00:00+00:00,365.68583,1141.3639775000001,539.4249975,0.28500000000000003,45.83361,1846.9580875,248.83774,802.29908,35.17,787.9620982744964,2023.5384000860593,478.06487125445665,0.16248325366132954,45.04634562309937,2623.1408617335633,228.2048487151227,797.7554360030343,41.2093787478044,1055.4804793568949,3443.1931532427084,474.4991970129713,0.03439596063988095,50.797045407738096,3052.257767874306,352.11690448037757,767.4428344592261,65.57871875,1055.4804793568949,3443.1931532427084,474.4991970129713,0.03439596063988095,50.797045407738096,3052.257767874306,352.11690448037757,767.4428344592261,65.57871875
2026-02-20 22:00:00+00:00,339.5200024999999,1146.458205,552.2374975,0.0333325,45.83361,1719.421165,175.14261,801.51008,33.17,594.8839873731426,1663.8876738154254,483.51785596194514,0.12835238515971847,45.42433223452431,2044.8307937392992,168.78470352838295,802.6381181122904,39.41700579553098,1055.4804793568949,3443.1931532427084,474.4991970129713,0.03439596063988095,50.797045407738096,3052.257767874306,352.11690448037757,767.4428344592261,65.57871875,1055.4804793568949,3443.1931532427084,474.4991970129713,0.03439596063988095,50.797045407738096,3052.257767874306,352.11690448037757,767.4428344592261,65.57871875
2026-02-20 23:00:00+00:00,332.46000000000004,1129.9494625000002,549.624165,0.231665,45.83361,1491.3985,172.48544999999996,796.95158,34.02,480.8075418644123,1613.1337989576116,470.37389856189543,0.1416263193224182,42.44578703178522,1829.5173010108867,169.1282024840699,789.2125551690148,42.763110228039736,1055.4804793568949,3443.1931532427084,474.4991970129713,0.03439596063988095,50.797045407738096,3052.257767874306,352.11690448037757,767.4428344592261,65.57871875,1055.4804793568949,3443.1931532427084,474.4991970129713,0.03439596063988095,50.797045407738096,3052.257767874306,352.11690448037757,767.4428344592261,65.57871875
2026-02-21 00:00:00+00:00,331.3316675,1119.217055,597.8941625,0.0333325,45.83361,1461.2627499999999,172.8024975,796.55508,33.73,191.92081505771193,1305.4526791270541,425.28480923925997,0.08936254660739179,42.46905125806548,1409.4543836999358,272.01513981749656,785.2643757492741,42.626327874489306,1055.4804793568949,3443.1931532427084,474.4991970129713,0.03439596063988095,50.797045407738096,3052.257767874306,352.11690448037757,767.4428344592261,65.57871875,1055.4804793568949,3443.1931532427084,474.4991970129713,0.03439596063988095,50.797045407738096,3052.257767874306,352.11690448037757,767.4428344592261,65.57871875
2026-02-21 01:00:00+00:00,330.689165,1123.7185075000002,533.6258325,0.0333325,45.83361,1403.3251675000001,173.75364,796.26808,33.07,137.92437410455216,1257.9100543969612,409.70296051840546,0.0727477199940731,42.244467904258606,1500.2755675150274,204.66180107110173,794.996938955608,39.7012954383368,1055.4804793568949,3443.1931532427084,474.4991970129713,0.03439596063988095,50.797045407738096,3052.257767874306,352.11690448037757,767.4428344592261,65.57871875,1055.4804793568949,3443.1931532427084,474.4991970129713,0.03439596063988095,50.797045407738096,3052.257767874306,352.11690448037757,767.4428344592261,65.57871875
2026-02-21 02:00:00+00:00,331.175835,1119.61663,510.52583000000004,0.0,45.83361,1358.4205825,172.88541,796.26808,31.5075,75.80749207257247,1273.4069393216473,413.5796792162174,0.055959154075515855,41.53459502301716,1330.1313185234458,245.14451087097234,791.0552728940029,40.16513664624554,1055.4804793568949,3443.1931532427084,474.4991970129713,0.03439596063988095,50.797045407738096,3052.257767874306,352.11690448037757,767.4428344592261,65.57871875,1055.4804793568949,3443.1931532427084,474.4991970129713,0.03439596063988095,50.797045407738096,3052.257767874306,352.11690448037757,767.4428344592261,65.57871875
2026-02-21 03:00:00+00:00,332.01666750000004,1126.1283475,554.937495,0.066665,45.83361,1305.42375,165.38359749999998,796.26808,31.15,149.68577131222128,1144.4304238854902,412.0626061341056,0.06104570367948752,42.46230265947534,1380.9087531557495,281.71590871071993,797.1558566523584,43.78554546046209,1055.4804793568949,3443.1931532427084,474.4991970129713,0.03439596063988095,50.797045407738096,3052.257767874306,352.11690448037757,767.4428344592261,65.57871875,1055.4804793568949,3443.1931532427084,474.4991970129713,0.03439596063988095,50.797045407738096,3052.257767874306,352.11690448037757,767.4428344592261,65.57871875
2026-02-21 04:00:00+00:00,336.45000000000005,1122.1466674999997,540.924995,0.0316675,45.83361,1286.9429175,168.68772249999998,796.26808,30.17,177.80064705806956,1493.155104108177,402.69673522667955,0.07694227843967114,43.85987574461939,1465.1250561800725,268.4608929029414,800.6621635142526,42.7788280129462,1055.4804793568949,3443.1931532427084,474.4991970129713,0.03439596063988095,50.797045407738096,3052.257767874306,352.11690448037757,767.4428344592261,65.57871875,1055.4804793568949,3443.1931532427084,474.4991970129713,0.03439596063988095,50.797045407738096,3052.257767874306,352.11690448037757,767.4428344592261,65.57871875
2026-02-21 05:00:00+00:00,337.1291675,1123.3451675000001,462.08250250000003,0.0683325,45.83361,1334.014165,175.13607,796.953955,30.17,165.658022152968,1641.672714524141,386.4772053690863,0.10494364935543737,44.39955928670018,1560.5456398256474,308.49662855200046,794.2119369163759,45.2661983291231,1055.4804793568949,3443.1931532427084,474.4991970129713,0.03439596063988095,50.797045407738096,3052.257767874306,352.11690448037757,767.4428344592261,65.57871875,1055.4804793568949,3443.1931532427084,474.4991970129713,0.03439596063988095,50.797045407738096,3052.257767874306,352.11690448037757,767.4428344592261,65.57871875
2026-02-21 06:00:00+00:00,337.82999500000005,1123.85628,498.64833250000004,0.066665,45.83361,1761.2759975,168.12738249999998,798.77383,30.17,283.06653803209304,1890.4401203190814,429.86980714584627,0.019628467316626305,43.9784163946782,1633.895133087815,334.6046503491199,812.3405283456159,49.429053071193884,1055.4804793568949,3443.1931532427084,474.4991970129713,0.03439596063988095,50.797045407738096,3052.257767874306,352.11690448037757,767.4428344592261,65.57871875,1055.4804793568949,3443.1931532427084,474.4991970129713,0.03439596063988095,50.797045407738096,3052.257767874306,352.11690448037757,767.4428344592261,65.57871875
2026-02-21 07:00:00+00:00,464.37249999999995,1124.0520524999997,561.631665,0.0333325,45.83361,1795.808425,176.86126999999996,800.6614549999999,30.17,429.72208297458906,2239.651328632223,459.2643171040884,0.13481775794976067,41.9758372593906,1842.010846242036,381.24614276158377,793.0090874048669,46.642712788908256,1055.4804793568949,3443.1931532427084,474.4991970129713,0.03439596063988095,50.797045407738096,3052.257767874306,352.11690448037757,767.4428344592261,65.57871875,1055.4804793568949,3443.1931532427084,474.4991970129713,0.03439596063988095,50.797045407738096,3052.257767874306,352.11690448037757,767.4428344592261,65.57871875
2026-02-21 08:00:00+00:00,402.20750250000003,1141.6470024999999,539.248335,0.0633325,45.83361,1819.859495,176.81127,800.57483,30.17,450.2881536220211,2422.820786465205,472.99556945167706,0.12671474802636284,40.264360673167694,1900.7651985828384,399.3162390318071,781.9464014717437,47.59657418736356,1055.4804793568949,3443.1931532427084,474.4991970129713,0.03439596063988095,50.797045407738096,3052.257767874306,352.11690448037757,767.4428344592261,65.57871875,1055.4804793568949,3443.1931532427084,474.4991970129713,0.03439596063988095,50.797045407738096,3052.257767874306,352.11690448037757,767.4428344592261,65.57871875
2026-02-21 09:00:00+00:00,335.00333249999994,1139.3493924999998,546.1641675,0.4533324999999999,45.83361,1692.37175,176.57415999999998,800.094205,30.17,437.4965287138008,2348.4298318999936,465.0344348133046,0.1222168749940607,39.35758931727485,1919.7446353920238,288.05177574652083,782.239409326971,50.256262218497696,1055.4804793568949,3443.1931532427084,474.4991970129713,0.03439596063988095,50.797045407738096,3052.257767874306,352.11690448037757,767.4428344592261,65.57871875,1055.4804793568949,3443.1931532427084,474.4991970129713,0.03439596063988095,50.797045407738096,3052.257767874306,352.11690448037757,767.4428344592261,65.57871875
2026-02-21 10:00:00+00:00,334.91916749999996,1142.90238,540.5458325,0.1333325,45.83361,1312.9052474999999,643.64346,800.18708,30.17,492.4547283883318,2292.6782376319165,473.0727926634697,0.11633848509268202,40.07040525853506,1943.6110117193748,269.8452237147837,790.2348873384993,51.91403628977655,1055.4804793568949,3443.1931532427084,474.4991970129713,0.03439596063988095,50.797045407738096,3052.257767874306,352.11690448037757,767.4428344592261,65.57871875,1055.4804793568949,3443.1931532427084,474.4991970129713,0.03439596063988095,50.797045407738096,3052.257767874306,352.11690448037757,767.4428344592261,65.57871875
2026-02-21 11:00:00+00:00,335.3642575,1145.7210799999998,552.90933,0.41505749999999997,45.83361,1526.4300825,454.809145,800.18708,30.17,348.59417150697334,2162.1081037800386,480.46189438311075,0.12614588734491042,42.45392621254286,1555.7820967000575,217.6848827275309,779.4759450704997,50.0834050764712,1055.4804793568949,3443.1931532427084,474.4991970129713,0.03439596063988095,50.797045407738096,3052.257767874306,352.11690448037757,767.4428344592261,65.57871875,1055.4804793568949,3443.1931532427084,474.4991970129713,0.03439596063988095,50.797045407738096,3052.257767874306,352.11690448037757,767.4428344592261,65.57871875
2026-02-21 12:00:00+00:00,335.14726999999993,1440.773545,527.2756525,0.033445,45.83361,1462.746085,170.17,800.18708,30.17,380.71134405432156,2035.0122191469193,486.1103489354604,0.1427224191976743,41.69585299797863,1585.652370594711,238.08483419744488,787.2339399874508,49.45316589120162,1055.4804793568949,3443.1931532427084,474.4991970129713,0.03439596063988095,50.797045407738096,3052.257767874306,352.11690448037757,767.4428344592261,65.57871875,1055.4804793568949,3443.1931532427084,474.4991970129713,0.03439596063988095,50.797045407738096,3052.257767874306,352.11690448037757,767.4428344592261,65.57871875
2026-02-21 13:00:00+00:00,485.29999999999995,2104.753595,524.48833,0.065,45.83361,1601.41175,170.927845,800.18708,31.17,403.60283660483867,2098.577989208713,489.5132380300342,0.13833888533898206,41.9644671271603,1599.1531440646804,203.0151104696206,789.3026140542237,49.104258764373185,1055.4804793568949,3443.1931532427084,474.4991970129713,0.03439596063988095,50.797045407738096,3052.257767874306,352.11690448037757,767.4428344592261,65.57871875,1055.4804793568949,3443.1931532427084,474.4991970129713,0.03439596063988095,50.797045407738096,3052.257767874306,352.11690448037757,767.4428344592261,65.57871875
2026-02-21 14:00:00+00:00,647.66587,2241.359335,549.0364075,0.1633325,45.83361,1669.86673,351.77344500000004,800.18708,33.67,486.16823609350433,2282.518734845213,485.71812824427263,0.1546887286407336,42.55549535502737,1717.4663115331878,261.95564319987267,798.8491893852618,48.92400570789631,1055.4804793568949,3443.1931532427084,474.4991970129713,0.03439596063988095,50.797045407738096,3052.257767874306,352.11690448037757,767.4428344592261,65.57871875,1055.4804793568949,3443.1931532427084,474.4991970129713,0.03439596063988095,50.797045407738096,3052.257767874306,352.11690448037757,767.4428344592261,65.57871875
2026-02-21 15:00:00+00:00,757.14,2490.8294775,554.9774975,0.1033325,45.83361,1869.14325,762.1972099999999,800.28408,34.17,665.015876748249,2847.9929704257734,489.59780172035363,0.09431325336853247,45.314886451740485,1991.3688383393987,404.70488241776195,807.8600222609315,51.4076004115773,1055.4804793568949,3443.1931532427084,474.4991970129713,0.03439596063988095,50.797045407738096,3052.257767874306,352.11690448037757,767.4428344592261,65.57871875,1055.4804793568949,3443.1931532427084,474.4991970129713,0.03439596063988095,50.797045407738096,3052.257767874306,352.11690448037757,767.4428344592261,65.57871875
2026-02-21 16:00:00+00:00,742.2954500000001,2473.424065,548.92678,0.0333325,45.83361,2210.87607,1124.929955,800.90308,34.17,1046.053665690166,3100.795455268005,477.95446554631656,0.09094000629598306,46.138766508434855,2174.916559248466,778.9364564567883,828.912649164448,50.64437448274518,1055.4804793568949,3443.1931532427084,474.4991970129713,0.03439596063988095,50.797045407738096,3052.257767874306,352.11690448037757,767.4428344592261,65.57871875,1055.4804793568949,3443.1931532427084,474.4991970129713,0.03439596063988095,50.797045407738096,3052.257767874306,352.11690448037757,767.4428344592261,65.57871875
2026-02-21 17:00:00+00:00,741.8236449999999,2535.371125,544.56457,0.0,45.83361,2261.66757,1487.6627,801.54858,34.78,1093.7120719967554,3026.121341478687,498.2178173005146,0.04960334875952345,46.773267161637335,2150.125515962261,957.5024907275972,801.0067736222176,50.03169069681395,1055.4804793568949,3443.1931532427084,474.4991970129713,0.03439596063988095,50.797045407738096,3052.257767874306,352.11690448037757,767.4428344592261,65.57871875,1055.4804793568949,3443.1931532427084,474.4991970129713,0.03439596063988095,50.797045407738096,3052.257767874306,352.11690448037757,767.4428344592261,65.57871875
2026-02-21 18:00:00+00:00,739.4925,2537.01916,508.644165,0.066665,45.83361,2228.05275,1496.6493550000002,800.65708,34.9,1151.1033055727748,3056.1590417880834,478.9966894169599,0.09428853194464576,45.62595496602901,2409.7441713926414,580.0140197169256,800.4723005491792,49.80156029039611,1055.4804793568949,3443.1931532427084,474.4991970129713,0.03439596063988095,50.797045407738096,3052.257767874306,352.11690448037757,767.4428344592261,65.57871875,1055.4804793568949,3443.1931532427084,474.4991970129713,0.03439596063988095,50.797045407738096,3052.257767874306,352.11690448037757,767.4428344592261,65.57871875
2026-02-21 19:00:00+00:00,739.231665,2536.32316,506.1808325,0.066665,45.83361,1954.9051675,1389.8002725000001,800.65708,34.72,978.3213842669824,2933.948225634831,492.090193995861,0.11960594328102689,47.245203902586454,2038.8304647434668,467.5538463234125,797.188573484644,47.221247429169395,1055.4804793568949,3443.1931532427084,474.4991970129713,0.03439596063988095,50.797045407738096,3052.257767874306,352.11690448037757,767.4428344592261,65.57871875,1055.4804793568949,3443.1931532427084,474.4991970129713,0.03439596063988095,50.797045407738096,3052.257767874306,352.11690448037757,767.4428344592261,65.57871875
2026-02-21 20:00:00+00:00,739.253335,2397.571715,492.8108275,0.335,45.83361,1856.4260825000001,265.97830999999996,800.65708,35.66,843.405804780452,2515.0456219830144,500.73940417759906,0.13193827766367525,45.90899763402234,1795.068855959993,367.6927976662876,794.2325158390684,48.837269542571946,1055.4804793568949,3443.1931532427084,474.4991970129713,0.03439596063988095,50.797045407738096,3052.257767874306,352.11690448037757,767.4428344592261,65.57871875,1055.4804793568949,3443.1931532427084,474.4991970129713,0.03439596063988095,50.797045407738096,3052.257767874306,352.11690448037757,767.4428344592261,65.57871875
2026-02-21 21:00:00+00:00,553.285835,1918.486785,511.6408275,0.25,45.83361,1790.93725,525.7084925,799.34958,35.9,477.3155549773936,2141.1934792678976,508.1695258875218,0.1501083781796326,47.208369921832585,1699.7270024757524,371.4986876694612,795.3603378515278,46.9308298799494,1055.4804793568949,3443.1931532427084,474.4991970129713,0.03439596063988095,50.797045407738096,3052.257767874306,352.11690448037757,767.4428344592261,65.57871875,1055.4804793568949,3443.1931532427084,474.4991970129713,0.03439596063988095,50.797045407738096,3052.257767874306,352.11690448037757,767.4428344592261,65.57871875
2026-02-21 22:00:00+00:00,85.89083500000004,1638.85764,490.02083,0.0333325,45.83361,1855.3579175,337.90154,797.87833,35.56,473.2980862725324,1825.359255501916,483.2210543660254,0.13025598427183688,47.362340978893116,1141.5837964725015,306.75850607874327,794.8015229859406,45.73124085186153,1055.4804793568949,3443.1931532427084,474.4991970129713,0.03439596063988095,50.797045407738096,3052.257767874306,352.11690448037757,767.4428344592261,65.57871875,1055.4804793568949,3443.1931532427084,474.4991970129713,0.03439596063988095,50.797045407738096,3052.257767874306,352.11690448037757,767.4428344592261,65.57871875
2026-02-21 23:00:00+00:00,73.91833250000002,1589.6515449999997,534.895835,0.268335,45.83361,1750.0379975,211.10351,790.81558,36.55,331.67270192492845,1467.4471318969352,481.66042182819746,0.0802272072161569,47.46467152105439,1083.8565797254646,209.00314434626958,776.2248741389946,47.97310156485993,1055.4804793568949,3443.1931532427084,474.4991970129713,0.03439596063988095,50.797045407738096,3052.257767874306,352.11690448037757,767.4428344592261,65.57871875,1055.4804793568949,3443.1931532427084,474.4991970129713,0.03439596063988095,50.797045407738096,3052.257767874306,352.11690448037757,767.4428344592261,65.57871875
2026-02-22 00:00:00+00:00,68.07499749999988,1213.127595,513.0791675,0.235,45.83361,1569.1467499999999,178.66093,790.14308,32.67,234.68895282723247,1352.4187163838392,478.13448595348933,0.07175499481299821,45.73029747865094,1102.0459533117014,210.81079677046296,779.7392141083426,44.89207242706691,1055.4804793568949,3443.1931532427084,474.4991970129713,0.03439596063988095,50.797045407738096,3052.257767874306,352.11690448037757,767.4428344592261,65.57871875,1055.4804793568949,3443.1931532427084,474.4991970129713,0.03439596063988095,50.797045407738096,3052.257767874306,352.11690448037757,767.4428344592261,65.57871875
2026-02-22 01:00:00+00:00,67.7641675000001,1205.304545,512.953335,0.066665,45.83361,1612.6030825,305.08069,789.85658,33.17,139.6163730760719,1342.0423800433641,488.04457884516773,0.03198615121478119,45.21382900217634,1126.9723967541752,192.37252411902017,769.5465419516743,47.249841839577755,1055.4804793568949,3443.1931532427084,474.4991970129713,0.03439596063988095,50.797045407738096,3052.257767874306,352.11690448037757,767.4428344592261,65.57871875,1055.4804793568949,3443.1931532427084,474.4991970129713,0.03439596063988095,50.797045407738096,3052.257767874306,352.11690448037757,767.4428344592261,65.57871875
2026-02-22 02:00:00+00:00,67.82000249999999,1203.6117100000001,521.4583325,0.0,45.83361,1509.3954175,179.53906,789.85658,30.67,199.09428831650575,1399.5840133947252,508.9751265147373,0.03365556674100175,44.896957189101975,1247.4165380003478,164.34206569087854,776.0313385794936,45.13685537042595,1055.4804793568949,3443.1931532427084,474.4991970129713,0.03439596063988095,50.797045407738096,3052.257767874306,352.11690448037757,767.4428344592261,65.57871875,1055.4804793568949,3443.1931532427084,474.4991970129713,0.03439596063988095,50.797045407738096,3052.257767874306,352.11690448037757,767.4428344592261,65.57871875
2026-02-22 03:00:00+00:00,69.15833250000003,1214.161095,553.0283325,0.0333325,45.83361,1623.0565,179.5323775,789.85658,29.17,232.94974276694938,1347.498713146194,499.3655021460624,0.04974376391809758,42.84265162100096,1224.6399477647099,184.30530187028137,780.1267664445436,43.84580264662925,1055.4804793568949,3443.1931532427084,474.4991970129713,0.03439596063988095,50.797045407738096,3052.257767874306,352.11690448037757,767.4428344592261,65.57871875,1055.4804793568949,3443.1931532427084,474.4991970129713,0.03439596063988095,50.797045407738096,3052.257767874306,352.11690448037757,767.4428344592261,65.57871875
2026-02-22 04:00:00+00:00,70.10083250000014,1204.0257500000002,583.1641625,0.0333325,45.83361,1608.8701675,179.51233,789.97858,29.17,241.0735546677961,1550.0275977264066,518.539558851937,0.04518447843292119,42.59316243341203,1148.9612522617676,169.79038039180674,783.7455348869246,43.9970519222459,1055.4804793568949,3443.1931532427084,474.4991970129713,0.03439596063988095,50.797045407738096,3052.257767874306,352.11690448037757,767.4428344592261,65.57871875,1055.4804793568949,3443.1931532427084,474.4991970129713,0.03439596063988095,50.797045407738096,3052.257767874306,352.11690448037757,767.4428344592261,65.57871875
2026-02-22 05:00:00+00:00,70.72583250000002,1205.7661199999998,549.99333,0.0,45.83361,1530.540415,178.72825,792.42808,29.17,207.7522920102358,1585.7701796112424,520.6077042968935,0.09028063638286034,39.04705155242625,1134.9792502186715,183.0956848462688,776.8148582757432,48.03943124892858,1055.4804793568949,3443.1931532427084,474.4991970129713,0.03439596063988095,50.797045407738096,3052.257767874306,352.11690448037757,767.4428344592261,65.57871875,1055.4804793568949,3443.1931532427084,474.4991970129713,0.03439596063988095,50.797045407738096,3052.257767874306,352.11690448037757,767.4428344592261,65.57871875
2026-02-22 06:00:00+00:00,74.17833250000012,1214.8984674999997,536.3566675,0.0,45.83361,1560.9844175,181.02000999999998,795.66558,29.17,87.44541963885354,1391.1592042806592,486.3682627459207,0.03319383914803542,41.95107840340584,908.85472342599,292.8517182062889,779.866985029793,54.44167421083028,1055.4804793568949,3443.1931532427084,474.4991970129713,0.03439596063988095,50.797045407738096,3052.257767874306,352.11690448037757,767.4428344592261,65.57871875,1055.4804793568949,3443.1931532427084,474.4991970129713,0.03439596063988095,50.797045407738096,3052.257767874306,352.11690448037757,767.4428344592261,65.57871875
2026-02-22 07:00:00+00:00,75.75560500000006,1203.8810049999997,545.34705,0.0,45.83361,1518.904595,181.69516,797.84958,29.17,80.11990677777317,1177.8903453812145,505.7350745700047,0.0682227461169087,44.05448862328645,888.0813703163562,324.95512691065267,782.3947961886121,52.55039791894251,1055.4804793568949,3443.1931532427084,474.4991970129713,0.03439596063988095,50.797045407738096,3052.257767874306,352.11690448037757,767.4428344592261,65.57871875,1055.4804793568949,3443.1931532427084,474.4991970129713,0.03439596063988095,50.797045407738096,3052.257767874306,352.11690448037757,767.4428344592261,65.57871875
2026-02-22 08:00:00+00:00,78.19083000000012,1200.4037600000001,501.056665,0.0333325,45.83361,1539.2059175,181.757035,797.84958,29.17,34.4956248197509,1153.727484982664,495.7350470879425,0.09718495432839636,44.956002228998045,944.4274535238333,329.0616315093103,783.4252953593933,50.376522902269016,1055.4804793568949,3443.1931532427084,474.4991970129713,0.03439596063988095,50.797045407738096,3052.257767874306,352.11690448037757,767.4428344592261,65.57871875,1055.4804793568949,3443.1931532427084,474.4991970129713,0.03439596063988095,50.797045407738096,3052.257767874306,352.11690448037757,767.4428344592261,65.57871875
2026-02-22 09:00:00+00:00,77.22000000000003,1202.0098825,520.139165,0.09999750000000002,45.83361,1555.5476675,182.402515,797.26358,29.17,39.57463663809676,1227.2686763249308,503.40665427762093,0.1030346103922217,44.495540877884125,848.5204035270153,315.42021213912784,766.8747308077984,53.86769933804794,1055.4804793568949,3443.1931532427084,474.4991970129713,0.03439596063988095,50.797045407738096,3052.257767874306,352.11690448037757,767.4428344592261,65.57871875,1055.4804793568949,3443.1931532427084,474.4991970129713,0.03439596063988095,50.797045407738096,3052.257767874306,352.11690448037757,767.4428344592261,65.57871875
2026-02-22 10:00:00+00:00,75.20000000000005,1207.0602724999999,490.229995,0.1333325,45.83361,1517.5130824999999,218.20036,797.26358,29.17,27.905313823080405,1246.5322532650089,505.5457182178378,0.12424888795699912,43.996064569336234,684.4068963584405,220.81744338676947,772.5558078880101,54.904429068004504,1055.4804793568949,3443.1931532427084,474.4991970129713,0.03439596063988095,50.797045407738096,3052.257767874306,352.11690448037757,767.4428344592261,65.57871875,1055.4804793568949,3443.1931532427084,474.4991970129713,0.03439596063988095,50.797045407738096,3052.257767874306,352.11690448037757,767.4428344592261,65.57871875
2026-02-22 11:00:00+00:00,75.40166750000003,1220.7164399999997,517.28417,0.0333325,45.83361,1395.054665,183.65239,796.98983,29.67,19.03506840167779,1165.0436611554092,490.7189700022027,0.14684959331296357,40.31690858975991,791.9840991615993,206.92967672282597,762.8621797592126,56.117952225151576,1055.4804793568949,3443.1931532427084,474.4991970129713,0.03439596063988095,50.797045407738096,3052.257767874306,352.11690448037757,767.4428344592261,65.57871875,1055.4804793568949,3443.1931532427084,474.4991970129713,0.03439596063988095,50.797045407738096,3052.257767874306,352.11690448037757,767.4428344592261,65.57871875
2026-02-22 12:00:00+00:00,73.26083500000004,1231.259615,539.0649975,0.15000000000000002,45.83361,1389.3683350000001,177.15246,796.16858,29.17,14.390391056917679,1059.8360038865994,485.9996637995834,0.14041040778890537,41.985239801790016,847.4462039820319,240.13402457946538,756.2384227301642,52.995655449340774,1055.4804793568949,3443.1931532427084,474.4991970129713,0.03439596063988095,50.797045407738096,3052.257767874306,352.11690448037757,767.4428344592261,65.57871875,1055.4804793568949,3443.1931532427084,474.4991970129713,0.03439596063988095,50.797045407738096,3052.257767874306,352.11690448037757,767.4428344592261,65.57871875
2026-02-22 13:00:00+00:00,71.86916499999995,1211.3235574999999,537.4583299999999,0.2666675,45.83361,1386.56325,176.83368,796.16858,29.17,10.348146802561132,1225.031454222822,407.7881892272802,0.19591353993522717,40.41513105695545,884.487025239755,239.93601233368904,756.7066378885804,53.02296786869013,1055.4804793568949,3443.1931532427084,474.4991970129713,0.03439596063988095,50.797045407738096,3052.257767874306,352.11690448037757,767.4428344592261,65.57871875,1055.4804793568949,3443.1931532427084,474.4991970129713,0.03439596063988095,50.797045407738096,3052.257767874306,352.11690448037757,767.4428344592261,65.57871875
2026-02-22 14:00:00+00:00,71.78167000000008,1174.8484924999998,525.4200050000001,0.13333250000000002,45.83361,1382.0346675,199.4389,796.16858,29.92,34.943440628113535,1279.6151189529296,404.26954714331947,0.1446466087008387,42.49118915263928,895.4289528531053,311.03169786050876,771.4925475463863,52.52125417014672,1055.4804793568949,3443.1931532427084,474.4991970129713,0.03439596063988095,50.797045407738096,3052.257767874306,352.11690448037757,767.4428344592261,65.57871875,1055.4804793568949,3443.1931532427084,474.4991970129713,0.03439596063988095,50.797045407738096,3052.257767874306,352.11690448037757,767.4428344592261,65.57871875
2026-02-22 15:00:00+00:00,72.493335,1176.7435975000003,488.83583250000004,0.1333325,45.83361,1420.0739174999999,198.68040000000002,796.16858,30.17,84.78489165394649,1293.9323581769527,433.3780635156359,0.10752016439913928,41.49171314194196,1205.3923263869247,469.84418229041137,774.3813407413611,52.64746408940698,1055.4804793568949,3443.1931532427084,474.4991970129713,0.03439596063988095,50.797045407738096,3052.257767874306,352.11690448037757,767.4428344592261,65.57871875,1055.4804793568949,3443.1931532427084,474.4991970129713,0.03439596063988095,50.797045407738096,3052.257767874306,352.11690448037757,767.4428344592261,65.57871875
2026-02-22 16:00:00+00:00,73.45666749999998,1179.2502625000002,487.95,0.13333250000000002,45.83361,1667.4225000000001,833.04738,796.88808,32.06,124.10129652514911,1560.723015442137,504.01315158662925,0.09780437864631356,42.0108495301471,1417.2202560975657,737.813149163843,785.2641106729636,51.75766115904113,1055.4804793568949,3443.1931532427084,474.4991970129713,0.03439596063988095,50.797045407738096,3052.257767874306,352.11690448037757,767.4428344592261,65.57871875,1055.4804793568949,3443.1931532427084,474.4991970129713,0.03439596063988095,50.797045407738096,3052.257767874306,352.11690448037757,767.4428344592261,65.57871875
2026-02-22 17:00:00+00:00,73.62666500000012,1172.0909275,473.4266725,0.0333325,45.83361,1831.999165,808.0328466666666,797.53358,32.35,162.58646701534622,1761.7723670136058,516.857259686418,0.0497793244087138,39.919627683498746,1578.5792606263956,823.2624686222581,782.8081168559692,47.87807176685679,1055.4804793568949,3443.1931532427084,474.4991970129713,0.03439596063988095,50.797045407738096,3052.257767874306,352.11690448037757,767.4428344592261,65.57871875,1055.4804793568949,3443.1931532427084,474.4991970129713,0.03439596063988095,50.797045407738096,3052.257767874306,352.11690448037757,767.4428344592261,65.57871875
2026-02-22 18:00:00+00:00,72.44083249999994,1160.6945675000002,505.79833499999995,0.0,45.83361,1669.980835,783.0183133333333,797.53358,32.17,249.21401133390714,2010.306183658087,528.0140358425085,0.0703328118042362,43.05756162834556,1669.3428590979906,605.1816534360473,788.6221276346648,47.63511246898834,1055.4804793568949,3443.1931532427084,474.4991970129713,0.03439596063988095,50.797045407738096,3052.257767874306,352.11690448037757,767.4428344592261,65.57871875,1055.4804793568949,3443.1931532427084,474.4991970129713,0.03439596063988095,50.797045407738096,3052.257767874306,352.11690448037757,767.4428344592261,65.57871875
2026-02-22 19:00:00+00:00,71.78750000000002,1170.14712,495.905,0.1516675,45.83361,1650.9476675,758.0037799999998,797.53358,31.5,215.76881043872595,1670.0082436826583,510.078016224969,0.1129854532048136,43.69263147382079,1539.2247672492242,277.8335814631542,790.4612764677527,49.13096898094659,1055.4804793568949,3443.1931532427084,474.4991970129713,0.03439596063988095,50.797045407738096,3052.257767874306,352.11690448037757,767.4428344592261,65.57871875,1055.4804793568949,3443.1931532427084,474.4991970129713,0.03439596063988095,50.797045407738096,3052.257767874306,352.11690448037757,767.4428344592261,65.57871875
2026-02-22 20:00:00+00:00,71.81583249999994,1152.8003000000003,532.6083325,0.065,45.83361,1667.988585,321.72203,797.53358,33.42,277.0073401001174,1954.5074845546167,511.15932283958125,0.1040487873502482,44.078983640976574,1512.3691692465381,201.94958096003052,777.2514581744272,48.63812109527814,1055.4804793568949,3443.1931532427084,474.4991970129713,0.03439596063988095,50.797045407738096,3052.257767874306,352.11690448037757,767.4428344592261,65.57871875,1055.4804793568949,3443.1931532427084,474.4991970129713,0.03439596063988095,50.797045407738096,3052.257767874306,352.11690448037757,767.4428344592261,65.57871875
2026-02-22 21:00:00+00:00,71.41379749999999,1147.8188175,542.8821075000001,0.16677750000000002,45.83361,1636.7095825000001,367.409395,795.40458,33.92,247.1068166850406,1632.4695557320788,507.1971552633831,0.12887959676738175,44.49432359275497,1445.7682629486044,200.71734624222992,785.9387146002108,49.31872758356765,1055.4804793568949,3443.1931532427084,474.4991970129713,0.03439596063988095,50.797045407738096,3052.257767874306,352.11690448037757,767.4428344592261,65.57871875,1055.4804793568949,3443.1931532427084,474.4991970129713,0.03439596063988095,50.797045407738096,3052.257767874306,352.11690448037757,767.4428344592261,65.57871875
2026-02-22 22:00:00+00:00,66.24667,1132.264685,531.0124975,0.25166499999999997,45.83361,1328.1478325,182.38423999999998,794.16258,35.17,151.97039591703538,1643.2662162353593,506.8112346385074,0.14631724148111436,43.70731272885664,1271.4414860018796,181.86570570845808,789.6960551353843,51.399899517663265,1055.4804793568949,3443.1931532427084,474.4991970129713,0.03439596063988095,50.797045407738096,3052.257767874306,352.11690448037757,767.4428344592261,65.57871875,1055.4804793568949,3443.1931532427084,474.4991970129713,0.03439596063988095,50.797045407738096,3052.257767874306,352.11690448037757,767.4428344592261,65.57871875
2026-02-22 23:00:00+00:00,102.2700000000001,1151.2203949999998,515.982495,0.0333325,45.83361,1261.0586675,214.79957500000003,789.68908,36.21,204.05829794694296,1393.5439483772857,496.48967111295156,0.10183114448849659,45.08585382311121,1366.8914654261985,148.41124762315926,779.5788613660601,48.17207435250807,1055.4804793568949,3443.1931532427084,474.4991970129713,0.03439596063988095,50.797045407738096,3052.257767874306,352.11690448037757,767.4428344592261,65.57871875,1055.4804793568949,3443.1931532427084,474.4991970129713,0.03439596063988095,50.797045407738096,3052.257767874306,352.11690448037757,767.4428344592261,65.57871875
2026-02-23 00:00:00+00:00,195.4698524999999,1128.91019,523.2482675,0.1017825,45.83361,1271.61661,253.7500175,786.20408,36.21,288.89711844088424,1313.2892794043632,506.1509002066548,0.08086346081296046,43.938358716170505,1219.8770061870623,148.85921872629999,768.7713568531678,46.21967645762984,1055.4804793568949,3443.1931532427084,474.4991970129713,0.03439596063988095,50.797045407738096,3052.257767874306,352.11690448037757,767.4428344592261,65.57871875,1055.4804793568949,3443.1931532427084,474.4991970129713,0.03439596063988095,50.797045407738096,3052.257767874306,352.11690448037757,767.4428344592261,65.57871875
2026-02-23 01:00:00+00:00,373.82416749999993,1152.5401350000002,527.0983349999999,0.101665,45.83361,1224.2845025,183.07771,785.91708,36.21,316.3758130638207,1327.8078062433246,496.5666614397892,0.0495952003681543,46.26635918801093,1301.7537609704295,213.5323720085706,762.6663821542355,50.16363657668764,1055.4804793568949,3443.1931532427084,474.4991970129713,0.03439596063988095,50.797045407738096,3052.257767874306,352.11690448037757,767.4428344592261,65.57871875,1055.4804793568949,3443.1931532427084,474.4991970129713,0.03439596063988095,50.797045407738096,3052.257767874306,352.11690448037757,767.4428344592261,65.57871875
2026-02-23 02:00:00+00:00,473.6174975,1143.1934649999998,563.3891625,0.1316675,45.83361,1222.077415,184.58803,785.91708,35.21,353.58081584865783,1287.625115736505,498.6227038809927,0.01200848678035981,46.578526190138206,1255.873199970233,174.15866234122262,775.4265102928339,46.296191848578665,1055.4804793568949,3443.1931532427084,474.4991970129713,0.03439596063988095,50.797045407738096,3052.257767874306,352.11690448037757,767.4428344592261,65.57871875,1055.4804793568949,3443.1931532427084,474.4991970129713,0.03439596063988095,50.797045407738096,3052.257767874306,352.11690448037757,767.4428344592261,65.57871875
2026-02-23 03:00:00+00:00,490.66858249999996,1141.1293675000002,579.2088475,0.035,45.83361,1232.9061725000001,194.42795,785.91708,38.04,322.1528192285498,1456.0089961766944,493.58389262596535,0.028698230070556822,46.43781327586844,1633.757179534269,162.52710087138598,778.923889151877,46.372077346292386,1055.4804793568949,3443.1931532427084,474.4991970129713,0.03439596063988095,50.797045407738096,3052.257767874306,352.11690448037757,767.4428344592261,65.57871875,1055.4804793568949,3443.1931532427084,474.4991970129713,0.03439596063988095,50.797045407738096,3052.257767874306,352.11690448037757,767.4428344592261,65.57871875
2026-02-23 04:00:00+00:00,490.7758325,1144.5882375,531.3158324999999,0.066665,45.83361,1394.5841675,196.31771,785.91708,39.13,317.57506659351645,1798.8796999784454,453.4624627174242,0.039418447880040106,46.48783264748565,1917.6462860862953,192.49868800234066,788.4693088474469,43.02295036721179,1055.4804793568949,3443.1931532427084,474.4991970129713,0.03439596063988095,50.797045407738096,3052.257767874306,352.11690448037757,767.4428344592261,65.57871875,1055.4804793568949,3443.1931532427084,474.4991970129713,0.03439596063988095,50.797045407738096,3052.257767874306,352.11690448037757,767.4428344592261,65.57871875
2026-02-23 05:00:00+00:00,670.545,1424.36783,507.02916500000003,0.3358325,45.83361,1799.4209150000002,183.93567,788.24408,40.9,544.5272351099127,2162.887771563181,460.56562258026474,0.1207089252218731,46.5342084993018,2395.37869461688,200.8149957078703,790.9688881286619,41.887316378503954,1055.4804793568949,3443.1931532427084,474.4991970129713,0.03439596063988095,50.797045407738096,3052.257767874306,352.11690448037757,767.4428344592261,65.57871875,1055.4804793568949,3443.1931532427084,474.4991970129713,0.03439596063988095,50.797045407738096,3052.257767874306,352.11690448037757,767.4428344592261,65.57871875
2026-02-23 06:00:00+00:00,844.18,1669.3948275,445.2316725,0.098335,45.83361,1959.7664175,576.80836,791.48208,40.22,752.1931990051646,2415.932346700213,446.1662856876114,0.04616162562060301,48.16192923374394,2882.3775026486396,565.4088414761987,809.9847927543523,42.65353554245754,1055.4804793568949,3443.1931532427084,474.4991970129713,0.03439596063988095,50.797045407738096,3052.257767874306,352.11690448037757,767.4428344592261,65.57871875,1055.4804793568949,3443.1931532427084,474.4991970129713,0.03439596063988095,50.797045407738096,3052.257767874306,352.11690448037757,767.4428344592261,65.57871875
2026-02-23 07:00:00+00:00,794.2249975,1921.1508625000001,450.1441675,0.035,45.83361,2048.7815,1323.53136,792.92258,42.19,640.3686929144255,2385.054341040377,456.0117814426463,0.04990920565093987,46.76871129610382,2646.3431730793604,544.429269633018,822.0957438064701,41.91715615043107,1055.4804793568949,3443.1931532427084,474.4991970129713,0.03439596063988095,50.797045407738096,3052.257767874306,352.11690448037757,767.4428344592261,65.57871875,1055.4804793568949,3443.1931532427084,474.4991970129713,0.03439596063988095,50.797045407738096,3052.257767874306,352.11690448037757,767.4428344592261,65.57871875
2026-02-23 08:00:00+00:00,735.2225025,1780.0952074999998,527.8720000000001,0.166665,45.83361,2028.8548349999999,941.0813599999999,792.92258,42.24,503.23647904750146,2148.9467966703387,468.657728068604,0.04858749699706562,45.30344423698607,2581.7572253198073,347.54559079840914,798.9996270664936,44.86926803398734,1055.4804793568949,3443.1931532427084,474.4991970129713,0.03439596063988095,50.797045407738096,3052.257767874306,352.11690448037757,767.4428344592261,65.57871875,1055.4804793568949,3443.1931532427084,474.4991970129713,0.03439596063988095,50.797045407738096,3052.257767874306,352.11690448037757,767.4428344592261,65.57871875
2026-02-23 09:00:00+00:00,435.55500000000006,1275.4114275000002,525.4179975,0.101665,45.83361,1728.8025,251.36886000000004,792.33658,42.32,507.43251125152597,2031.8543486069016,484.44975017585,0.12838041710935086,39.814018738843224,2451.2293691430527,253.69239671386046,762.887108467343,41.708419792720726,1055.4804793568949,3443.1931532427084,474.4991970129713,0.03439596063988095,50.797045407738096,3052.257767874306,352.11690448037757,767.4428344592261,65.57871875,1055.4804793568949,3443.1931532427084,474.4991970129713,0.03439596063988095,50.797045407738096,3052.257767874306,352.11690448037757,767.4428344592261,65.57871875
2026-02-23 10:00:00+00:00,342.978335,1181.2499325000003,467.05708500000003,0.065,45.83361,1518.81925,267.84992,792.33658,41.28999999999999,360.16128797738725,1491.1746503351892,461.4082378143106,0.10178141876233424,37.05168685227457,1927.814193806091,364.5786969089797,765.7992764901699,44.979651336293614,1055.4804793568949,3443.1931532427084,474.4991970129713,0.03439596063988095,50.797045407738096,3052.257767874306,352.11690448037757,767.4428344592261,65.57871875,1055.4804793568949,3443.1931532427084,474.4991970129713,0.03439596063988095,50.797045407738096,3052.257767874306,352.11690448037757,767.4428344592261,65.57871875
2026-02-23 11:00:00+00:00,340.2358325,1143.2442975,519.309415,0.0683325,45.83361,1497.128665,277.4195725,792.33658,41.04,321.84357803128455,1419.0260603588154,461.0837853074545,0.15310094053766735,37.4965860527529,1687.7104828930208,237.92851456353765,764.381741691971,46.25619885213005,1055.4804793568949,3443.1931532427084,474.4991970129713,0.03439596063988095,50.797045407738096,3052.257767874306,352.11690448037757,767.4428344592261,65.57871875,1055.4804793568949,3443.1931532427084,474.4991970129713,0.03439596063988095,50.797045407738096,3052.257767874306,352.11690448037757,767.4428344592261,65.57871875
2026-02-23 12:00:00+00:00,345.18916749999994,1182.04727,514.6434175,0.0333325,45.83361,1475.7631675,180.45486,792.33658,42.28999999999999,227.3319223735266,1371.805138876041,465.63074554275585,0.15694045738177972,34.410925464235476,1536.3576547253474,317.7657532717091,753.4261174812634,44.836609213530025,1055.4804793568949,3443.1931532427084,474.4991970129713,0.03439596063988095,50.797045407738096,3052.257767874306,352.11690448037757,767.4428344592261,65.57871875,1055.4804793568949,3443.1931532427084,474.4991970129713,0.03439596063988095,50.797045407738096,3052.257767874306,352.11690448037757,767.4428344592261,65.57871875
2026-02-23 13:00:00+00:00,363.96583499999997,1203.384955,492.082915,0.0,45.83361,1468.661415,180.45486,792.33658,42.04,305.02820880050547,1268.1745502339922,453.4470656211183,0.1077763727131679,34.61657472887674,1329.0676514715235,239.80724939662818,756.8787637526299,43.461325398794266,1055.4804793568949,3443.1931532427084,474.4991970129713,0.03439596063988095,50.797045407738096,3052.257767874306,352.11690448037757,767.4428344592261,65.57871875,1055.4804793568949,3443.1931532427084,474.4991970129713,0.03439596063988095,50.797045407738096,3052.257767874306,352.11690448037757,767.4428344592261,65.57871875
2026-02-23 14:00:00+00:00,421.37215749999996,1457.0501199999999,481.04706749999997,0.0333325,45.83361,1503.4144450000001,179.82200250000002,792.33658,42.05,273.45384017906133,1374.1928340644567,480.3000413020227,0.1537919559662372,40.8164660105987,1604.0447513381414,284.1391752711131,770.5412172955748,47.563465753784314,1055.4804793568949,3443.1931532427084,474.4991970129713,0.03439596063988095,50.797045407738096,3052.257767874306,352.11690448037757,767.4428344592261,65.57871875,1055.4804793568949,3443.1931532427084,474.4991970129713,0.03439596063988095,50.797045407738096,3052.257767874306,352.11690448037757,767.4428344592261,65.57871875
2026-02-23 15:00:00+00:00,581.8433325000001,2439.8660925,537.36725,0.1633325,45.83361,1845.0608325,184.66093,792.33658,43.61,493.2652436991001,2000.3035940270613,487.15929007673293,0.09167266753378485,49.35893667058225,2176.908190877038,500.1940076785637,790.6825156425282,46.54923330166871,1055.4804793568949,3443.1931532427084,474.4991970129713,0.03439596063988095,50.797045407738096,3052.257767874306,352.11690448037757,767.4428344592261,65.57871875,1055.4804793568949,3443.1931532427084,474.4991970129713,0.03439596063988095,50.797045407738096,3052.257767874306,352.11690448037757,767.4428344592261,65.57871875
2026-02-23 16:00:00+00:00,902.1333325,3195.63924,534.16725,0.2366675,45.83361,1926.4546675,196.55989499999998,793.50958,45.09,780.3537635718313,2869.571005858307,486.1824942395153,0.03496348283007071,47.495910998206725,2987.6170457786657,709.65247730427,823.9754885298865,48.56777670811988,1055.4804793568949,3443.1931532427084,474.4991970129713,0.03439596063988095,50.797045407738096,3052.257767874306,352.11690448037757,767.4428344592261,65.57871875,1055.4804793568949,3443.1931532427084,474.4991970129713,0.03439596063988095,50.797045407738096,3052.257767874306,352.11690448037757,767.4428344592261,65.57871875
2026-02-23 17:00:00+00:00,912.39583,3602.2933375000002,523.7764175,0.0316675,45.83361,2170.7204150000002,377.23298000000005,794.15508,48.04,786.9451877374964,2936.3700331834175,472.5131272167883,0.010396287780775008,46.63431667578284,3157.3939114339573,865.6550346303834,799.1105689831328,44.49427609619427,1055.4804793568949,3443.1931532427084,474.4991970129713,0.03439596063988095,50.797045407738096,3052.257767874306,352.11690448037757,767.4428344592261,65.57871875,1055.4804793568949,3443.1931532427084,474.4991970129713,0.03439596063988095,50.797045407738096,3052.257767874306,352.11690448037757,767.4428344592261,65.57871875
2026-02-23 18:00:00+00:00,912.8341625,3598.72402,521.8002524999999,0.0333325,45.83361,2232.7818325,210.0368775,794.15508,50.68,673.4895350035742,3034.2981846614375,482.8458973033938,0.05302604861158558,45.638119755134305,3329.686680883585,512.5565446015584,782.2202412889559,47.645986651445774,1055.4804793568949,3443.1931532427084,474.4991970129713,0.03439596063988095,50.797045407738096,3052.257767874306,352.11690448037757,767.4428344592261,65.57871875,1055.4804793568949,3443.1931532427084,474.4991970129713,0.03439596063988095,50.797045407738096,3052.257767874306,352.11690448037757,767.4428344592261,65.57871875
2026-02-23 19:00:00+00:00,845.12167,3414.5195675,565.2149975,0.065,45.83361,2024.6473325000002,190.12592,794.15508,49.44,681.494009575473,2576.4210724341274,487.8431746031167,0.08576686167404819,46.90549716361819,2727.8531807023746,372.0791896741843,790.6987826815928,44.82127928023291,1055.4804793568949,3443.1931532427084,474.4991970129713,0.03439596063988095,50.797045407738096,3052.257767874306,352.11690448037757,767.4428344592261,65.57871875,1055.4804793568949,3443.1931532427084,474.4991970129713,0.03439596063988095,50.797045407738096,3052.257767874306,352.11690448037757,767.4428344592261,65.57871875
2026-02-23 20:00:00+00:00,822.2641649999999,3343.26443,572.0135775,0.0333325,45.83361,2178.2894175,180.52841999999995,794.15508,47.6,678.5535473119546,2558.066428135822,490.3891649306694,0.08696689090067872,47.07338111121261,2654.9652918559423,232.28038586720675,787.122863985418,47.11653427110233,1055.4804793568949,3443.1931532427084,474.4991970129713,0.03439596063988095,50.797045407738096,3052.257767874306,352.11690448037757,767.4428344592261,65.57871875,1055.4804793568949,3443.1931532427084,474.4991970129713,0.03439596063988095,50.797045407738096,3052.257767874306,352.11690448037757,767.4428344592261,65.57871875
2026-02-23 21:00:00+00:00,817.1616675,3448.1050475,529.5296625,0.101665,45.83361,2155.57375,206.922815,792.84758,52.25,770.5732617033901,2942.323977334917,496.72574611177726,0.11730366637945083,46.70862024644964,2662.047553725798,217.0881891805363,784.8576381029147,46.98423803596374,1055.4804793568949,3443.1931532427084,474.4991970129713,0.03439596063988095,50.797045407738096,3052.257767874306,352.11690448037757,767.4428344592261,65.57871875,1055.4804793568949,3443.1931532427084,474.4991970129713,0.03439596063988095,50.797045407738096,3052.257767874306,352.11690448037757,767.4428344592261,65.57871875
2026-02-23 22:00:00+00:00,791.86667,3451.9153075,531.6577525,0.0666675,45.83361,2117.2501675,177.471,792.05858,52.68,736.2298257635393,2914.18711804765,504.7753002663133,0.12080766658273931,48.863947028973726,2354.0458194319435,179.50369053276194,800.6934175656178,44.17503215068519,1055.4804793568949,3443.1931532427084,474.4991970129713,0.03439596063988095,50.797045407738096,3052.257767874306,352.11690448037757,767.4428344592261,65.57871875,1055.4804793568949,3443.1931532427084,474.4991970129713,0.03439596063988095,50.797045407738096,3052.257767874306,352.11690448037757,767.4428344592261,65.57871875
2026-02-23 23:00:00+00:00,781.295835,3800.9449375,591.5226675,0.1666675,45.83361,2165.6568325,265.86392,786.926455,53.03,934.2697279494503,2948.8029966684235,499.46795086326586,0.12796196251718955,49.356541489479035,2452.6076645213047,182.6690412671201,797.9093748990211,46.912813154811644,1055.4804793568949,3443.1931532427084,474.4991970129713,0.03439596063988095,50.797045407738096,3052.257767874306,352.11690448037757,767.4428344592261,65.57871875,1055.4804793568949,3443.1931532427084,474.4991970129713,0.03439596063988095,50.797045407738096,3052.257767874306,352.11690448037757,767.4428344592261,65.57871875
2026-02-24 00:00:00+00:00,782.868415,3943.606605,556.683035,0.06521750000000001,45.83361,2262.739305,370.94081500000004,786.63858,52.03,889.0589908084548,3261.217030415351,472.6564988644546,0.057226192412335765,47.78188473796887,2364.092750594448,194.42823229838416,775.2951286260053,51.07088722972468,1055.4804793568949,3443.1931532427084,474.4991970129713,0.03439596063988095,50.797045407738096,3052.257767874306,352.11690448037757,767.4428344592261,65.57871875,1055.4804793568949,3443.1931532427084,474.4991970129713,0.03439596063988095,50.797045407738096,3052.257767874306,352.11690448037757,767.4428344592261,65.57871875
2026-02-24 01:00:00+00:00,775.582295,4099.5471325,544.248525,0.1016675,45.83361,2451.5522899999996,333.069,786.35158,52.03,1155.867232485616,3814.4128791297708,467.3609646926309,0.05106660834369675,47.95797702503967,2853.825021539065,207.15407656640986,774.7947901531619,52.35189644676918,1055.4804793568949,3443.1931532427084,474.4991970129713,0.03439596063988095,50.797045407738096,3052.257767874306,352.11690448037757,767.4428344592261,65.57871875,1055.4804793568949,3443.1931532427084,474.4991970129713,0.03439596063988095,50.797045407738096,3052.257767874306,352.11690448037757,767.4428344592261,65.57871875
2026-02-24 02:00:00+00:00,928.2592675000001,4114.22565,543.3785875,0.035,45.83361,2982.2193325,218.88142,786.35158,52.03,1436.4201268177349,4007.5567512609205,464.68417326876096,0.028689716585394053,48.54014118593965,3164.9438169011382,167.59543130870242,778.27495113675,52.03971149657376,1055.4804793568949,3443.1931532427084,474.4991970129713,0.03439596063988095,50.797045407738096,3052.257767874306,352.11690448037757,767.4428344592261,65.57871875,1055.4804793568949,3443.1931532427084,474.4991970129713,0.03439596063988095,50.797045407738096,3052.257767874306,352.11690448037757,767.4428344592261,65.57871875
2026-02-24 03:00:00+00:00,1135.87306,4115.6874,547.9140425,0.0333325,45.83361,4220.27687,218.69831500000004,786.35158,49.07,1544.5816252331156,4278.629161171297,486.37946361376123,0.03484444311135021,48.33038746795549,3266.163330895591,159.53766415423854,780.6300063945475,51.712792835796655,1055.4804793568949,3443.1931532427084,474.4991970129713,0.03439596063988095,50.797045407738096,3052.257767874306,352.11690448037757,767.4428344592261,65.57871875,1055.4804793568949,3443.1931532427084,474.4991970129713,0.03439596063988095,50.797045407738096,3052.257767874306,352.11690448037757,767.4428344592261,65.57871875
2026-02-24 04:00:00+00:00,1519.252595,4107.445885,560.0723725,0.066665,45.83361,4785.9590474999995,219.31900000000002,786.35158,51.57,1757.395210924565,4540.078183020731,495.8214835886816,0.08966683824556113,47.619199158237436,4041.3530072712015,195.96543998523947,781.9064180802893,57.19523785416903,1055.4804793568949,3443.1931532427084,474.4991970129713,0.03439596063988095,50.797045407738096,3052.257767874306,352.11690448037757,767.4428344592261,65.57871875,1055.4804793568949,3443.1931532427084,474.4991970129713,0.03439596063988095,50.797045407738096,3052.257767874306,352.11690448037757,767.4428344592261,65.57871875
2026-02-24 05:00:00+00:00,2082.92082,4615.329785,494.7595,0.066665,45.83361,6048.6503675,298.95642,788.67858,50.22,2121.024430849052,4439.402097925683,486.6204947125295,0.20067145518132845,48.15226011893283,6491.260229831749,413.0506172618324,783.3976482925844,52.816120700034844,1055.4804793568949,3443.1931532427084,474.4991970129713,0.03439596063988095,50.797045407738096,3052.257767874306,352.11690448037757,767.4428344592261,65.57871875,1055.4804793568949,3443.1931532427084,474.4991970129713,0.03439596063988095,50.797045407738096,3052.257767874306,352.11690448037757,767.4428344592261,65.57871875
2026-02-24 06:00:00+00:00,2364.6399925,5098.8040525,542.7210825,0.066665,45.83361,6670.697425,1190.9064199999998,791.91658,51.59,2116.2814523414763,4888.484761381829,487.2667180143387,0.03165255068120992,48.89386459867784,6523.3571941895525,734.055630133116,807.4464571659879,66.41689700807233,1055.4804793568949,3443.1931532427084,474.4991970129713,0.03439596063988095,50.797045407738096,3052.257767874306,352.11690448037757,767.4428344592261,65.57871875,1055.4804793568949,3443.1931532427084,474.4991970129713,0.03439596063988095,50.797045407738096,3052.257767874306,352.11690448037757,767.4428344592261,65.57871875
2026-02-24 07:00:00+00:00,2446.119185,5364.9104225,573.9945825,0.0,45.83361,6689.893005,970.2076549999999,793.35708,59.72,2177.529191698078,5047.423071470608,435.3933944702069,0.021999231702883912,49.16815625732752,7174.717710829233,806.8287218287172,815.4553995398928,69.35635417984375,1055.4804793568949,3443.1931532427084,474.4991970129713,0.03439596063988095,50.797045407738096,3052.257767874306,352.11690448037757,767.4428344592261,65.57871875,1055.4804793568949,3443.1931532427084,474.4991970129713,0.03439596063988095,50.797045407738096,3052.257767874306,352.11690448037757,767.4428344592261,65.57871875
2026-02-24 08:00:00+00:00,2432.1791475,5398.75851,524.856335,0.1316675,45.83361,6898.759814999999,749.5088900000001,793.35708,62.4,1980.3336778138791,4881.422418472405,426.18673811706765,0.06802759111146978,49.82521172628883,7095.972358731478,510.89143724428254,792.4811455916048,70.52026160804976,1055.4804793568949,3443.1931532427084,474.4991970129713,0.03439596063988095,50.797045407738096,3052.257767874306,352.11690448037757,767.4428344592261,65.57871875,1055.4804793568949,3443.1931532427084,474.4991970129713,0.03439596063988095,50.797045407738096,3052.257767874306,352.11690448037757,767.4428344592261,65.57871875
2026-02-24 09:00:00+00:00,2380.1025,5412.1092,513.82108,0.2,45.83361,6998.2584025,200.10136,792.77108,61.5,2254.2800736532154,4400.383326953697,474.0957133187695,0.05306831754915274,48.73313192474759,7363.089517203884,295.0294890824739,782.7405068423599,66.90566555323193,1055.4804793568949,3443.1931532427084,474.4991970129713,0.03439596063988095,50.797045407738096,3052.257767874306,352.11690448037757,767.4428344592261,65.57871875,1055.4804793568949,3443.1931532427084,474.4991970129713,0.03439596063988095,50.797045407738096,3052.257767874306,352.11690448037757,767.4428344592261,65.57871875
2026-02-24 10:00:00+00:00,2177.693365,5438.01432,431.863835,0.066665,45.83361,6707.7384925,289.26885999999996,792.77108,61.54,2247.4785665947156,4689.2498395137645,484.7297175996714,0.07170130511682907,47.67591193102842,6870.363366446549,277.1088865001636,784.1255361042868,68.62013744211481,1055.4804793568949,3443.1931532427084,474.4991970129713,0.03439596063988095,50.797045407738096,3052.257767874306,352.11690448037757,767.4428344592261,65.57871875,1055.4804793568949,3443.1931532427084,474.4991970129713,0.03439596063988095,50.797045407738096,3052.257767874306,352.11690448037757,767.4428344592261,65.57871875
2026-02-24 11:00:00+00:00,2037.1483425000001,5397.168212500001,429.0393325,0.0683325,45.83361,6508.9666625,180.64011,792.77108,60.7,2023.8466164570405,4737.071715057133,456.8575352306202,0.06762427355471103,45.719072565760314,6978.627423778673,227.19887614364268,776.4775991077984,67.68512219038303,1055.4804793568949,3443.1931532427084,474.4991970129713,0.03439596063988095,50.797045407738096,3052.257767874306,352.11690448037757,767.4428344592261,65.57871875,1055.4804793568949,3443.1931532427084,474.4991970129713,0.03439596063988095,50.797045407738096,3052.257767874306,352.11690448037757,767.4428344592261,65.57871875
2026-02-24 12:00:00+00:00,2146.38164,5385.0608925,448.0783225,0.0333325,45.83361,6601.714895,212.01636000000002,792.77108,50.76,1841.6558626241654,4734.916596696336,466.2060961020582,0.05062010748120143,43.37388118122949,6793.183916444772,223.99517368585458,771.7913104398185,67.52812527463632,1055.4804793568949,3443.1931532427084,474.4991970129713,0.03439596063988095,50.797045407738096,3052.257767874306,352.11690448037757,767.4428344592261,65.57871875,1055.4804793568949,3443.1931532427084,474.4991970129713,0.03439596063988095,50.797045407738096,3052.257767874306,352.11690448037757,767.4428344592261,65.57871875
2026-02-24 13:00:00+00:00,2161.862495,5385.366275,437.189505,0.09833250000000002,45.83361,6669.723515,180.51636000000002,792.77108,60.1,1795.9259089092816,4953.270837459799,452.1398479880869,0.06723550857313129,42.13702953077209,6471.418703161393,202.1592444025305,770.7632752131664,68.9648561974829,1055.4804793568949,3443.1931532427084,474.4991970129713,0.03439596063988095,50.797045407738096,3052.257767874306,352.11690448037757,767.4428344592261,65.57871875,1055.4804793568949,3443.1931532427084,474.4991970129713,0.03439596063988095,50.797045407738096,3052.257767874306,352.11690448037757,767.4428344592261,65.57871875
2026-02-24 14:00:00+00:00,2305.8466475,5409.676925,470.04825,0.09833250000000002,45.83361,6800.41467,368.64386,792.77108,63.34,1855.3810902438418,4875.977618620515,476.2794161566065,0.07221502163785398,43.58657074181453,6726.751121487565,359.7687611362077,786.0802025000472,68.53118084100616,1055.4804793568949,3443.1931532427084,474.4991970129713,0.03439596063988095,50.797045407738096,3052.257767874306,352.11690448037757,767.4428344592261,65.57871875,1055.4804793568949,3443.1931532427084,474.4991970129713,0.03439596063988095,50.797045407738096,3052.257767874306,352.11690448037757,767.4428344592261,65.57871875
2026-02-24 15:00:00+00:00,2437.850835,5733.149435,502.3375025,0.19833499999999998,45.83361,6872.702745,463.18636000000004,792.77108,54.1,1813.2262092671062,5106.84736099573,494.2924207925558,0.06443709456122848,44.26149986734497,7237.150259598162,686.3438872863088,792.095927053474,68.9259431823103,1055.4804793568949,3443.1931532427084,474.4991970129713,0.03439596063988095,50.797045407738096,3052.257767874306,352.11690448037757,767.4428344592261,65.57871875,1055.4804793568949,3443.1931532427084,474.4991970129713,0.03439596063988095,50.797045407738096,3052.257767874306,352.11690448037757,767.4428344592261,65.57871875
2026-02-24 16:00:00+00:00,2394.3500075,5793.4587125,508.064835,0.066665,45.83361,7406.99597,1367.9301099999998,793.94408,60.1,1781.0527959624026,5449.066578110783,533.4131285991065,0.044424062733623315,42.97514302650433,7542.44885859693,1114.2068901256243,819.9703761878171,73.26742841106554,1055.4804793568949,3443.1931532427084,474.4991970129713,0.03439596063988095,50.797045407738096,3052.257767874306,352.11690448037757,767.4428344592261,65.57871875,1055.4804793568949,3443.1931532427084,474.4991970129713,0.03439596063988095,50.797045407738096,3052.257767874306,352.11690448037757,767.4428344592261,65.57871875
2026-02-24 17:00:00+00:00,2426.449685,5787.2940425,555.189675,0.0333325,45.83361,7771.121859999999,1307.6201099999998,794.58958,60.6,1977.7659705548385,5169.166494259154,568.8427202472775,0.036816399100107845,44.12313480693536,7630.0836424065,1179.2938702311317,783.7118247975392,69.9789276462417,1055.4804793568949,3443.1931532427084,474.4991970129713,0.03439596063988095,50.797045407738096,3052.257767874306,352.11690448037757,767.4428344592261,65.57871875,1055.4804793568949,3443.1931532427084,474.4991970129713,0.03439596063988095,50.797045407738096,3052.257767874306,352.11690448037757,767.4428344592261,65.57871875
2026-02-24 18:00:00+00:00,2427.4333225,5799.7948275,529.7228299999999,0.0,45.83361,7352.690672499999,1247.31011,794.58958,60.1,2075.320829253162,5018.070190074405,552.2298950666017,0.09090728056227709,43.92385982242698,7767.588873586787,876.9974345196173,787.7434011166366,68.6309200354225,1055.4804793568949,3443.1931532427084,474.4991970129713,0.03439596063988095,50.797045407738096,3052.257767874306,352.11690448037757,767.4428344592261,65.57871875,1055.4804793568949,3443.1931532427084,474.4991970129713,0.03439596063988095,50.797045407738096,3052.257767874306,352.11690448037757,767.4428344592261,65.57871875
2026-02-24 19:00:00+00:00,2360.310835,5519.452789999999,539.2206675,0.19833,45.83361,6951.1702700000005,636.81136,794.58958,54.35,2160.845774324136,4841.53257044153,523.2024360317133,0.11991988552252686,46.78799210899022,7350.378654372958,675.9016995129157,789.664549098172,70.18633410582149,1055.4804793568949,3443.1931532427084,474.4991970129713,0.03439596063988095,50.797045407738096,3052.257767874306,352.11690448037757,767.4428344592261,65.57871875,1055.4804793568949,3443.1931532427084,474.4991970129713,0.03439596063988095,50.797045407738096,3052.257767874306,352.11690448037757,767.4428344592261,65.57871875
2026-02-24 20:00:00+00:00,2089.9808375000002,5063.9998125,530.0791675,0.098335,45.83361,6907.07524,516.86136,794.58958,51.85,1931.8540896110044,4728.206918170424,482.8939531243284,0.11740632775862417,48.68982501092672,6790.171220574838,492.46519579282244,787.0592549253205,67.64130858146808,1055.4804793568949,3443.1931532427084,474.4991970129713,0.03439596063988095,50.797045407738096,3052.257767874306,352.11690448037757,767.4428344592261,65.57871875,1055.4804793568949,3443.1931532427084,474.4991970129713,0.03439596063988095,50.797045407738096,3052.257767874306,352.11690448037757,767.4428344592261,65.57871875
2026-02-24 21:00:00+00:00,1876.984995,4790.2966475,523.8478325,0.065,45.83361,6838.15376,478.33757249999996,793.28208,51.6,1863.498160257378,4910.2748848931615,546.5313294972206,0.159067313689328,47.818052718777636,6305.303691859142,314.18197053342726,783.1671436800694,68.80594378322814,1055.4804793568949,3443.1931532427084,474.4991970129713,0.03439596063988095,50.797045407738096,3052.257767874306,352.11690448037757,767.4428344592261,65.57871875,1055.4804793568949,3443.1931532427084,474.4991970129713,0.03439596063988095,50.797045407738096,3052.257767874306,352.11690448037757,767.4428344592261,65.57871875
2026-02-24 22:00:00+00:00,1835.543345,4446.281815,487.586995,0.065,45.83361,6513.6516,368.94871,792.49308,51.6,1922.7971893093852,4824.982860080472,546.7186628632022,0.13359053273061916,48.481747700967475,5940.13216200391,198.34680825845592,785.1069646481014,66.24388120276438,1055.4804793568949,3443.1931532427084,474.4991970129713,0.03439596063988095,50.797045407738096,3052.257767874306,352.11690448037757,767.4428344592261,65.57871875,1055.4804793568949,3443.1931532427084,474.4991970129713,0.03439596063988095,50.797045407738096,3052.257767874306,352.11690448037757,767.4428344592261,65.57871875
2026-02-24 23:00:00+00:00,1834.0316524999998,4403.1192275,545.117665,0.19666749999999997,45.83361,5660.5056675,209.01886000000002,787.03508,55.6,1770.4176738282026,4616.496342373311,490.6848244048771,0.1352157133520892,48.38352264577995,5772.641181138236,157.19619237682772,783.3196133389775,68.14354982251433,1055.4804793568949,3443.1931532427084,474.4991970129713,0.03439596063988095,50.797045407738096,3052.257767874306,352.11690448037757,767.4428344592261,65.57871875,1055.4804793568949,3443.1931532427084,474.4991970129713,0.03439596063988095,50.797045407738096,3052.257767874306,352.11690448037757,767.4428344592261,65.57871875
2026-02-25 00:00:00+00:00,1829.6649975,4402.6976575,515.9048375,0.0,45.83361,5661.5533275,189.68507250000002,787.14758,55.6,1701.6225807496626,4469.549244726893,526.7921710262119,0.06223857404473825,49.24683182488006,5047.8563592658575,167.1237975326068,774.5717260924407,68.27336470872773,1055.4804793568949,3443.1931532427084,474.4991970129713,0.03439596063988095,50.797045407738096,3052.257767874306,352.11690448037757,767.4428344592261,65.57871875,1055.4804793568949,3443.1931532427084,474.4991970129713,0.03439596063988095,50.797045407738096,3052.257767874306,352.11690448037757,767.4428344592261,65.57871875
2026-02-25 01:00:00+00:00,1830.0816599999998,4395.281545,495.09208,0.231665,45.83361,5636.949007499999,180.64621,786.86058,55.6,1684.5802565207186,4545.0067466897635,518.3033877070023,0.05552016354337046,47.4373033171512,5178.511014235994,171.75863392632013,776.4740747066901,61.79496425231598,1055.4804793568949,3443.1931532427084,474.4991970129713,0.03439596063988095,50.797045407738096,3052.257767874306,352.11690448037757,767.4428344592261,65.57871875,1055.4804793568949,3443.1931532427084,474.4991970129713,0.03439596063988095,50.797045407738096,3052.257767874306,352.11690448037757,767.4428344592261,65.57871875
2026-02-25 02:00:00+00:00,1835.497495,4391.0630925,472.9084975,0.065,45.83361,5674.0976725,189.35317500000002,786.86058,55.6,1603.4868453029162,4591.149622905262,480.20844724593513,0.031615043495606,47.56760863648617,4937.456441795983,172.28015989329285,774.505528518331,64.42342084021848,1055.4804793568949,3443.1931532427084,474.4991970129713,0.03439596063988095,50.797045407738096,3052.257767874306,352.11690448037757,767.4428344592261,65.57871875,1055.4804793568949,3443.1931532427084,474.4991970129713,0.03439596063988095,50.797045407738096,3052.257767874306,352.11690448037757,767.4428344592261,65.57871875
2026-02-25 03:00:00+00:00,1836.2749925,4379.50512,509.29283250000003,0.0,45.83361,5684.5732525,241.1457875,786.86058,56.1,1543.7558175750842,4657.590471295077,536.3388071058845,0.06665634373527071,47.45674997163648,5200.654315726393,240.17479319180032,775.4004151107316,63.08931913099641,1055.4804793568949,3443.1931532427084,474.4991970129713,0.03439596063988095,50.797045407738096,3052.257767874306,352.11690448037757,767.4428344592261,65.57871875,1055.4804793568949,3443.1931532427084,474.4991970129713,0.03439596063988095,50.797045407738096,3052.257767874306,352.11690448037757,767.4428344592261,65.57871875
2026-02-25 04:00:00+00:00,1926.5133449999998,4327.0929025,513.2619125,0.066665,45.83361,5739.665315,408.76729,786.86058,57.6,1651.2417166318378,4749.954083041316,529.8214500473447,0.13684272737022699,46.03075704443772,5977.945390481897,240.57566956153624,774.6855618716312,62.69234184835392,1055.4804793568949,3443.1931532427084,474.4991970129713,0.03439596063988095,50.797045407738096,3052.257767874306,352.11690448037757,767.4428344592261,65.57871875,1055.4804793568949,3443.1931532427084,474.4991970129713,0.03439596063988095,50.797045407738096,3052.257767874306,352.11690448037757,767.4428344592261,65.57871875
2026-02-25 05:00:00+00:00,1892.4608349999999,4244.5103575,476.56942000000004,0.065,45.83361,6117.3881625,689.94362,789.18808,57.6,1959.1991211585562,4639.330866220331,523.2953551364412,0.18845671296129443,46.72748010351174,6749.151594088216,380.3283132798512,775.2822805509153,65.08579930139409,1055.4804793568949,3443.1931532427084,474.4991970129713,0.03439596063988095,50.797045407738096,3052.257767874306,352.11690448037757,767.4428344592261,65.57871875,1055.4804793568949,3443.1931532427084,474.4991970129713,0.03439596063988095,50.797045407738096,3052.257767874306,352.11690448037757,767.4428344592261,65.57871875
2026-02-25 06:00:00+00:00,1798.6574875000001,4262.93552,593.09075,0.0333325,45.83361,6182.893155,905.19612,792.42608,57.6,2130.6110509209566,5122.283869263265,517.7313916626881,0.05038039835848293,48.564439105475465,6811.890199371526,993.5840842747167,797.0419178867684,73.90657198377934,1055.4804793568949,3443.1931532427084,474.4991970129713,0.03439596063988095,50.797045407738096,3052.257767874306,352.11690448037757,767.4428344592261,65.57871875,1055.4804793568949,3443.1931532427084,474.4991970129713,0.03439596063988095,50.797045407738096,3052.257767874306,352.11690448037757,767.4428344592261,65.57871875
2026-02-25 07:00:00+00:00,1754.6658400000001,4302.9496775,489.143995,0.0333325,45.83361,5937.9796750000005,477.46112000000005,793.86608,57.6,2154.2323389088406,4929.953225090083,506.33072188577415,0.07291923411603123,47.90778607688189,6467.320659987717,687.9536308267088,790.1164108889559,72.92616831925427,1055.4804793568949,3443.1931532427084,474.4991970129713,0.03439596063988095,50.797045407738096,3052.257767874306,352.11690448037757,767.4428344592261,65.57871875,1055.4804793568949,3443.1931532427084,474.4991970129713,0.03439596063988095,50.797045407738096,3052.257767874306,352.11690448037757,767.4428344592261,65.57871875
2026-02-25 08:00:00+00:00,1372.0275,4313.5534375,437.31667,0.39583250000000003,45.83361,5782.8609075,246.08612,793.86608,57.6,2180.045340195677,4820.063604671238,487.1487190401692,0.10251518194709291,48.48388442679826,5782.9559338852705,322.27127192427827,785.9338998451167,62.525719321926154,1055.4804793568949,3443.1931532427084,474.4991970129713,0.03439596063988095,50.797045407738096,3052.257767874306,352.11690448037757,767.4428344592261,65.57871875,1055.4804793568949,3443.1931532427084,474.4991970129713,0.03439596063988095,50.797045407738096,3052.257767874306,352.11690448037757,767.4428344592261,65.57871875
2026-02-25 09:00:00+00:00,979.5416625,4254.406195,500.33283500000005,0.3,45.83361,5236.82625,246.08612,793.28008,53.6,1812.5318190222163,4666.94644329861,479.60803673507525,0.05247182695759142,48.69081924104227,4475.487072893516,185.05469919480544,789.4929414475146,60.13874268796211,1055.4804793568949,3443.1931532427084,474.4991970129713,0.03439596063988095,50.797045407738096,3052.257767874306,352.11690448037757,767.4428344592261,65.57871875,1055.4804793568949,3443.1931532427084,474.4991970129713,0.03439596063988095,50.797045407738096,3052.257767874306,352.11690448037757,767.4428344592261,65.57871875
2026-02-25 10:00:00+00:00,680.2366675000001,3652.920665,453.52741749999996,0.0683325,45.83361,4132.7542225,179.41861999999998,793.28008,46.1,1142.9028331350914,4410.8744206147385,476.42509076127317,0.06864887122051128,47.22069524856837,2666.9884716925603,139.4963910555086,779.090959451874,62.82420676051112,1055.4804793568949,3443.1931532427084,474.4991970129713,0.03439596063988095,50.797045407738096,3052.257767874306,352.11690448037757,767.4428344592261,65.57871875,1055.4804793568949,3443.1931532427084,474.4991970129713,0.03439596063988095,50.797045407738096,3052.257767874306,352.11690448037757,767.4428344592261,65.57871875
2026-02-25 11:00:00+00:00,455.4483325,3155.7922,511.2665825,0.066665,45.83361,3150.762165,179.5257875,790.99683,43.6,831.2163165606697,3833.133657160496,475.5985473098588,0.061046138259271326,47.646721535553404,1930.6621004082176,141.05081861175137,765.2781753502721,66.48312147924193,1055.4804793568949,3443.1931532427084,474.4991970129713,0.03439596063988095,50.797045407738096,3052.257767874306,352.11690448037757,767.4428344592261,65.57871875,1055.4804793568949,3443.1931532427084,474.4991970129713,0.03439596063988095,50.797045407738096,3052.257767874306,352.11690448037757,767.4428344592261,65.57871875
2026-02-25 12:00:00+00:00,411.6483324999999,3109.9909075,543.036415,0.0,45.83361,2808.286,179.41861999999998,789.84708,43.6,770.4853100345067,3223.2257930427177,453.037148258302,0.05778496523264586,48.58861170163808,1634.5568206083951,144.14250414105246,762.8670490769758,67.33742924474495,1055.4804793568949,3443.1931532427084,474.4991970129713,0.03439596063988095,50.797045407738096,3052.257767874306,352.11690448037757,767.4428344592261,65.57871875,1055.4804793568949,3443.1931532427084,474.4991970129713,0.03439596063988095,50.797045407738096,3052.257767874306,352.11690448037757,767.4428344592261,65.57871875
2026-02-25 13:00:00+00:00,547.0506775,3018.4483125,491.0091025,0.05,45.83361,3010.8385325,179.50178000000002,788.0572050000001,43.6,815.0173912671286,3498.9863172540363,472.70029641046557,0.03235705700647021,53.144396688095966,1390.5141976612813,171.11794881344832,764.479293741853,71.5679639187237,1055.4804793568949,3443.1931532427084,474.4991970129713,0.03439596063988095,50.797045407738096,3052.257767874306,352.11690448037757,767.4428344592261,65.57871875,1055.4804793568949,3443.1931532427084,474.4991970129713,0.03439596063988095,50.797045407738096,3052.257767874306,352.11690448037757,767.4428344592261,65.57871875
2026-02-25 14:00:00+00:00,889.5866675,3717.6072525,458.62025,0.1,45.83361,4357.6580975,180.18983,787.46058,41.6,1064.0856977370515,4208.149307179391,441.47884719861366,0.02732160167906643,52.5899462747152,2185.3193913234477,180.8681182283784,780.7720459126235,71.75794967787571,1055.4804793568949,3443.1931532427084,474.4991970129713,0.03439596063988095,50.797045407738096,3052.257767874306,352.11690448037757,767.4428344592261,65.57871875,1055.4804793568949,3443.1931532427084,474.4991970129713,0.03439596063988095,50.797045407738096,3052.257767874306,352.11690448037757,767.4428344592261,65.57871875
2026-02-25 15:00:00+00:00,947.5633325,4349.5407275,458.627915,0.3499975,45.83361,5472.4016625,359.12972,787.46058,43.6,1584.5353666664876,4637.206067452279,458.44477750045843,0.059520144246390766,53.739041830611626,4116.2629043125235,257.9117293888777,784.281344127363,67.59398449421815,1055.4804793568949,3443.1931532427084,474.4991970129713,0.03439596063988095,50.797045407738096,3052.257767874306,352.11690448037757,767.4428344592261,65.57871875,1055.4804793568949,3443.1931532427084,474.4991970129713,0.03439596063988095,50.797045407738096,3052.257767874306,352.11690448037757,767.4428344592261,65.57871875
2026-02-25 16:00:00+00:00,1075.7758375,4748.901115000001,425.669915,0.3,45.83361,5930.7177225,998.5464625,788.63358,43.6,2058.695208913223,4962.514688784415,488.6188921120671,0.07512513581654656,49.19292459636692,5731.837742879148,996.6806913534025,807.1997964246553,69.90293236602113,1055.4804793568949,3443.1931532427084,474.4991970129713,0.03439596063988095,50.797045407738096,3052.257767874306,352.11690448037757,767.4428344592261,65.57871875,1055.4804793568949,3443.1931532427084,474.4991970129713,0.03439596063988095,50.797045407738096,3052.257767874306,352.11690448037757,767.4428344592261,65.57871875
2026-02-25 17:00:00+00:00,1265.64167,4923.62057,428.4947475,0.0,45.83361,6352.0510125,805.8214099999999,789.27908,43.6,2123.4235949327194,4540.990150417883,476.76873383254235,0.04680706404645169,47.9575413916498,5693.566553369061,1043.7283241303412,781.4963843230067,64.38876501990633,1055.4804793568949,3443.1931532427084,474.4991970129713,0.03439596063988095,50.797045407738096,3052.257767874306,352.11690448037757,767.4428344592261,65.57871875,1055.4804793568949,3443.1931532427084,474.4991970129713,0.03439596063988095,50.797045407738096,3052.257767874306,352.11690448037757,767.4428344592261,65.57871875
2026-02-25 18:00:00+00:00,1334.2858350000001,4947.895885,447.6669175,0.16041625,45.83361,6423.958005,262.803545,789.27908,43.6,2269.2588379857534,4315.843533301884,477.07588256373424,0.1061164884263433,42.9236936633064,4883.935155967834,540.3198447508352,788.045213379598,67.8822034540968,1055.4804793568949,3443.1931532427084,474.4991970129713,0.03439596063988095,50.797045407738096,3052.257767874306,352.11690448037757,767.4428344592261,65.57871875,1055.4804793568949,3443.1931532427084,474.4991970129713,0.03439596063988095,50.797045407738096,3052.257767874306,352.11690448037757,767.4428344592261,65.57871875
2026-02-25 19:00:00+00:00,1364.4791675000001,4721.7574525,442.925,0.3208325,45.83361,5980.42707,190.58722,789.27908,43.6,1924.0269018494828,3591.143835661081,486.91327546141423,0.12890203149180915,43.92879038791976,4137.057365191591,239.0105738068287,791.6473262511138,63.261070613369604,1055.4804793568949,3443.1931532427084,474.4991970129713,0.03439596063988095,50.797045407738096,3052.257767874306,352.11690448037757,767.4428344592261,65.57871875,1055.4804793568949,3443.1931532427084,474.4991970129713,0.03439596063988095,50.797045407738096,3052.257767874306,352.11690448037757,767.4428344592261,65.57871875
2026-02-25 20:00:00+00:00,1302.063335,4603.6430574999995,477.153415,0.166665,45.83361,5527.6440875,180.79472,789.27908,43.6,1445.2133351769578,3380.155043013542,467.2672144069463,0.11739126988862553,45.931590576401895,3529.628680756308,285.9234397355821,791.8714363090661,65.00732741859976,1055.4804793568949,3443.1931532427084,474.4991970129713,0.03439596063988095,50.797045407738096,3052.257767874306,352.11690448037757,767.4428344592261,65.57871875,1055.4804793568949,3443.1931532427084,474.4991970129713,0.03439596063988095,50.797045407738096,3052.257767874306,352.11690448037757,767.4428344592261,65.57871875
2026-02-25 21:00:00+00:00,1181.2099925,4080.33601,438.585335,0.23332999999999998,45.83361,4752.43117,180.5717225,787.97108,39.85,1148.9508384578298,3197.468021865489,464.9131360089654,0.12151537412073651,47.8719202282523,3365.2658436822308,231.30271173689886,793.1777713322098,62.34777179840123,1055.4804793568949,3443.1931532427084,474.4991970129713,0.03439596063988095,50.797045407738096,3052.257767874306,352.11690448037757,767.4428344592261,65.57871875,1055.4804793568949,3443.1931532427084,474.4991970129713,0.03439596063988095,50.797045407738096,3052.257767874306,352.11690448037757,767.4428344592261,65.57871875
2026-02-25 22:00:00+00:00,1075.4366625,3316.895195,457.8721675,0.098335,45.83361,4478.45009,179.90272999999996,787.18208,33.35,1019.9492810479178,3038.66133852237,481.4197397062031,0.12346474196747778,46.686639124403,2917.9290830792593,197.47546479412597,784.3234230588058,61.80758656800877,1055.4804793568949,3443.1931532427084,474.4991970129713,0.03439596063988095,50.797045407738096,3052.257767874306,352.11690448037757,767.4428344592261,65.57871875,1055.4804793568949,3443.1931532427084,474.4991970129713,0.03439596063988095,50.797045407738096,3052.257767874306,352.11690448037757,767.4428344592261,65.57871875
2026-02-25 23:00:00+00:00,989.6508325,3278.314395,559.1101625,0.0,45.83361,3213.2990075,191.10472,781.72458,45.11,993.671508017499,2683.0783700063876,492.71195517336827,0.14472362442628936,45.45161287236763,2920.107673076208,183.58456463625123,779.1405857465122,57.520805256270506,1055.4804793568949,3443.1931532427084,474.4991970129713,0.03439596063988095,50.797045407738096,3052.257767874306,352.11690448037757,767.4428344592261,65.57871875,1055.4804793568949,3443.1931532427084,474.4991970129713,0.03439596063988095,50.797045407738096,3052.257767874306,352.11690448037757,767.4428344592261,65.57871875
2026-02-26 00:00:00+00:00,687.6124975,3292.841555,527.4445,0.23333250000000003,45.83361,2800.296335,180.17672249999998,781.96008,44.08,854.5301296523429,2590.8641526561505,454.1372150095065,0.05516420750715432,48.01906453441726,2853.465783929433,135.3258568346524,777.3011380009563,59.57352537904908,1055.4804793568949,3443.1931532427084,474.4991970129713,0.03439596063988095,50.797045407738096,3052.257767874306,352.11690448037757,767.4428344592261,65.57871875,1055.4804793568949,3443.1931532427084,474.4991970129713,0.03439596063988095,50.797045407738096,3052.257767874306,352.11690448037757,767.4428344592261,65.57871875
2026-02-26 01:00:00+00:00,573.770835,3281.8347325,455.4975825,0.066665,45.83361,2699.0101625,179.77700999999996,781.67308,43.07000000000001,801.1134606177781,2511.7810576714082,445.51619523367157,0.03857089847015417,47.47909113696551,2561.2236968353545,135.055150823334,775.2275484022741,56.67202262991798,1055.4804793568949,3443.1931532427084,474.4991970129713,0.03439596063988095,50.797045407738096,3052.257767874306,352.11690448037757,767.4428344592261,65.57871875,1055.4804793568949,3443.1931532427084,474.4991970129713,0.03439596063988095,50.797045407738096,3052.257767874306,352.11690448037757,767.4428344592261,65.57871875
2026-02-26 02:00:00+00:00,573.42083,3263.986695,483.82325,0.066665,45.83361,2917.6867575,183.04158999999999,781.67308,42.05,770.3480598565368,2572.7902923305946,498.54946397853314,0.056626017287725525,45.98123284458751,2604.4991200250242,191.79848815620554,779.3864413438555,51.84569358706237,1055.4804793568949,3443.1931532427084,474.4991970129713,0.03439596063988095,50.797045407738096,3052.257767874306,352.11690448037757,767.4428344592261,65.57871875,1055.4804793568949,3443.1931532427084,474.4991970129713,0.03439596063988095,50.797045407738096,3052.257767874306,352.11690448037757,767.4428344592261,65.57871875
2026-02-26 03:00:00+00:00,751.7391574999999,3198.5014575,517.30492,0.0,45.83361,3074.3725074999998,180.395265,781.67308,40.57,793.2904354256344,2632.0750246426815,485.73985428090134,0.06929454519258468,45.3891507922274,2545.7673899394917,180.058283292331,781.3306429885267,53.36981187076524,1055.4804793568949,3443.1931532427084,474.4991970129713,0.03439596063988095,50.797045407738096,3052.257767874306,352.11690448037757,767.4428344592261,65.57871875,1055.4804793568949,3443.1931532427084,474.4991970129713,0.03439596063988095,50.797045407738096,3052.257767874306,352.11690448037757,767.4428344592261,65.57871875
2026-02-26 04:00:00+00:00,1147.8558325,3202.0745425,529.6236675,0.0666675,45.83361,3955.8829975,180.04629,781.67308,37.28,1047.0001077371303,3161.688838064825,452.29111832952566,0.11698207341699626,47.640662896065976,2710.040204588669,162.3875737446478,780.5121607510303,54.1045896217601,1055.4804793568949,3443.1931532427084,474.4991970129713,0.03439596063988095,50.797045407738096,3052.257767874306,352.11690448037757,767.4428344592261,65.57871875,1055.4804793568949,3443.1931532427084,474.4991970129713,0.03439596063988095,50.797045407738096,3052.257767874306,352.11690448037757,767.4428344592261,65.57871875
2026-02-26 05:00:00+00:00,1271.1024925,3500.7126925000002,479.8480025,0.166665,45.83361,4280.53695,340.91159,784.00008,37.79,1283.5514657397473,3445.9951295656465,439.3089710959688,0.141141984639588,46.6347101880896,3559.503491269869,339.1406306175491,777.6517100771387,55.47664728983308,1055.4804793568949,3443.1931532427084,474.4991970129713,0.03439596063988095,50.797045407738096,3052.257767874306,352.11690448037757,767.4428344592261,65.57871875,1055.4804793568949,3443.1931532427084,474.4991970129713,0.03439596063988095,50.797045407738096,3052.257767874306,352.11690448037757,767.4428344592261,65.57871875
2026-02-26 06:00:00+00:00,1377.07667,3670.715585,480.7080025,0.0,45.83361,4255.689155,394.25077,787.23808,39.79,1598.2108834365308,3767.5119502836055,430.4395772393602,0.09017202075583174,44.84370324862718,4213.2319936403055,787.9767462729477,792.6198837843074,60.75149436707688,1055.4804793568949,3443.1931532427084,474.4991970129713,0.03439596063988095,50.797045407738096,3052.257767874306,352.11690448037757,767.4428344592261,65.57871875,1055.4804793568949,3443.1931532427084,474.4991970129713,0.03439596063988095,50.797045407738096,3052.257767874306,352.11690448037757,767.4428344592261,65.57871875
2026-02-26 07:00:00+00:00,1314.279165,3324.0881,485.11958,0.0333325,45.83361,3562.1771575000002,196.06995,788.67858,37.97,1700.0062506793445,3733.686924533447,420.339490384425,0.10318537652185783,45.812099001267,4469.867586017931,642.484027216434,790.427361508542,59.426103553049366,1055.4804793568949,3443.1931532427084,474.4991970129713,0.03439596063988095,50.797045407738096,3052.257767874306,352.11690448037757,767.4428344592261,65.57871875,1055.4804793568949,3443.1931532427084,474.4991970129713,0.03439596063988095,50.797045407738096,3052.257767874306,352.11690448037757,767.4428344592261,65.57871875
2026-02-26 08:00:00+00:00,987.1708375,2106.354905,509.7308375,0.4675,45.83361,2645.852295,181.06995,788.67858,39.84,1482.478910138373,3116.186982715244,433.1687449890667,0.14258150866664523,45.18193796746146,3963.7273256499175,316.2269928975508,775.8946835349882,62.905481392651204,1055.4804793568949,3443.1931532427084,474.4991970129713,0.03439596063988095,50.797045407738096,3052.257767874306,352.11690448037757,767.4428344592261,65.57871875,1055.4804793568949,3443.1931532427084,474.4991970129713,0.03439596063988095,50.797045407738096,3052.257767874306,352.11690448037757,767.4428344592261,65.57871875
2026-02-26 09:00:00+00:00,916.3783475,1841.9931675000003,454.5094675,0.23333250000000003,45.83361,2699.1486649999997,181.06995,788.09258,38.019999999999996,1164.913648101744,3123.8409527382137,430.4152454716907,0.11390728230086722,43.61281028249153,2299.6140357121653,181.80216267260843,778.5758277952185,65.98024756517671,1055.4804793568949,3443.1931532427084,474.4991970129713,0.03439596063988095,50.797045407738096,3052.257767874306,352.11690448037757,767.4428344592261,65.57871875,1055.4804793568949,3443.1931532427084,474.4991970129713,0.03439596063988095,50.797045407738096,3052.257767874306,352.11690448037757,767.4428344592261,65.57871875
2026-02-26 10:00:00+00:00,920.231305,1665.59054,430.9090025,0.0666675,45.83361,1743.6698325,181.16995,788.09258,35.82,716.6897374600496,2532.25723400874,427.69031719544546,0.07852265614363155,43.70702205445443,1694.214308366106,157.17504529409413,779.9226330337528,66.8155791269066,1055.4804793568949,3443.1931532427084,474.4991970129713,0.03439596063988095,50.797045407738096,3052.257767874306,352.11690448037757,767.4428344592261,65.57871875,1055.4804793568949,3443.1931532427084,474.4991970129713,0.03439596063988095,50.797045407738096,3052.257767874306,352.11690448037757,767.4428344592261,65.57871875
2026-02-26 11:00:00+00:00,707.7525,1548.21657,478.72249999999997,0.1333325,45.83361,1392.7581675000001,181.1551,788.09258,35.07000000000001,597.6186960276641,2566.5883516589915,401.9703596395816,0.05157785522923858,47.302947235102245,1322.2091954842092,158.16036449111485,774.6931087621681,64.43128568538572,1055.4804793568949,3443.1931532427084,474.4991970129713,0.03439596063988095,50.797045407738096,3052.257767874306,352.11690448037757,767.4428344592261,65.57871875,1055.4804793568949,3443.1931532427084,474.4991970129713,0.03439596063988095,50.797045407738096,3052.257767874306,352.11690448037757,767.4428344592261,65.57871875
2026-02-26 12:00:00+00:00,594.1501049999999,1534.860115,490.7803975,0.0666675,45.83361,1368.268605,181.16995,788.09258,34.82,465.52314428962836,2167.9531090187693,436.8366109802963,0.019214203078455054,49.24037447721915,1139.50225248222,161.86780595215876,788.4961662525888,64.70270375592885,1055.4804793568949,3443.1931532427084,474.4991970129713,0.03439596063988095,50.797045407738096,3052.257767874306,352.11690448037757,767.4428344592261,65.57871875,1055.4804793568949,3443.1931532427084,474.4991970129713,0.03439596063988095,50.797045407738096,3052.257767874306,352.11690448037757,767.4428344592261,65.57871875
2026-02-26 13:00:00+00:00,590.0266675,1545.5607275000002,450.408085,0.12583375,45.83361,1442.0313350000001,183.91995,788.09258,40.17,484.1056126665367,2218.4341267439263,442.25268887578716,0.02570674326956887,48.853806161036765,1234.020628104603,175.22442496707458,764.1975030089567,66.68260969713054,1055.4804793568949,3443.1931532427084,474.4991970129713,0.03439596063988095,50.797045407738096,3052.257767874306,352.11690448037757,767.4428344592261,65.57871875,1055.4804793568949,3443.1931532427084,474.4991970129713,0.03439596063988095,50.797045407738096,3052.257767874306,352.11690448037757,767.4428344592261,65.57871875
2026-02-26 14:00:00+00:00,735.1475,1914.6007925,440.86633,0.185,45.83361,1749.1964875,181.16995,788.7563299999999,28.6,544.4803491683629,2400.7968851498144,440.2913245165414,0.04244575926662847,43.514963508687615,1468.2099969626574,172.907683898853,756.4914941452292,64.54227090892178,1055.4804793568949,3443.1931532427084,474.4991970129713,0.03439596063988095,50.797045407738096,3052.257767874306,352.11690448037757,767.4428344592261,65.57871875,1055.4804793568949,3443.1931532427084,474.4991970129713,0.03439596063988095,50.797045407738096,3052.257767874306,352.11690448037757,767.4428344592261,65.57871875
2026-02-26 15:00:00+00:00,1201.920845,3263.5612975,476.38374999999996,0.2091675,45.83361,2623.660175,584.61995,789.42008,29.1,1070.4597357300715,3495.0205017353264,456.43068582384825,0.06996618864542067,46.24246892805203,2704.671250010536,246.11721492022355,765.29626290314,64.30190548599954,1055.4804793568949,3443.1931532427084,474.4991970129713,0.03439596063988095,50.797045407738096,3052.257767874306,352.11690448037757,767.4428344592261,65.57871875,1055.4804793568949,3443.1931532427084,474.4991970129713,0.03439596063988095,50.797045407738096,3052.257767874306,352.11690448037757,767.4428344592261,65.57871875
2026-02-26 16:00:00+00:00,1533.412505,3628.5114275,464.1859175,0.23333500000000001,45.83361,3351.298835,916.6312,790.59308,29.1,1630.5547252406498,3927.633722655623,477.5428225804735,0.05022166784620202,43.88109988037287,4206.395415061434,808.4285216699019,790.9755271827986,64.98705566554648,1055.4804793568949,3443.1931532427084,474.4991970129713,0.03439596063988095,50.797045407738096,3052.257767874306,352.11690448037757,767.4428344592261,65.57871875,1055.4804793568949,3443.1931532427084,474.4991970129713,0.03439596063988095,50.797045407738096,3052.257767874306,352.11690448037757,767.4428344592261,65.57871875
2026-02-26 17:00:00+00:00,1589.8141625,3637.6238125,475.653,0.09999750000000002,45.83361,3893.542085,1248.6424500000003,791.23858,28.6,1641.393844904802,4222.099655724878,475.68989688215873,0.01571448732195038,41.757630049568576,4258.028411171967,1018.8286482167151,772.0109890992316,64.14260108691575,1055.4804793568949,3443.1931532427084,474.4991970129713,0.03439596063988095,50.797045407738096,3052.257767874306,352.11690448037757,767.4428344592261,65.57871875,1055.4804793568949,3443.1931532427084,474.4991970129713,0.03439596063988095,50.797045407738096,3052.257767874306,352.11690448037757,767.4428344592261,65.57871875
2026-02-26 18:00:00+00:00,1591.0933375,3597.3254475,442.4035,0.0,45.83361,4104.6854925,527.4648000000001,791.23858,25.35,1322.5765572362143,3730.4831721042415,467.7339003100906,0.08573535974489566,40.53292901861739,3301.435186958063,498.9163251578169,781.7606804149603,66.61090722440615,1055.4804793568949,3443.1931532427084,474.4991970129713,0.03439596063988095,50.797045407738096,3052.257767874306,352.11690448037757,767.4428344592261,65.57871875,1055.4804793568949,3443.1931532427084,474.4991970129713,0.03439596063988095,50.797045407738096,3052.257767874306,352.11690448037757,767.4428344592261,65.57871875
2026-02-26 19:00:00+00:00,1549.0949925,3383.6163625,440.5355025,0.13333250000000002,45.83361,3545.995665,263.43245,791.1010799999999,23.6,914.758364907207,3056.928560893281,484.4964297230497,0.15668009859411372,41.262978328936846,2969.2345048949064,220.6834061868528,776.1547254294551,60.74232440682572,1055.4804793568949,3443.1931532427084,474.4991970129713,0.03439596063988095,50.797045407738096,3052.257767874306,352.11690448037757,767.4428344592261,65.57871875,1055.4804793568949,3443.1931532427084,474.4991970129713,0.03439596063988095,50.797045407738096,3052.257767874306,352.11690448037757,767.4428344592261,65.57871875
2026-02-26 20:00:00+00:00,1444.6308225,3175.8952225,438.1634175,0.0333325,45.83361,3135.28491,209.55623000000003,789.85708,24.6,822.2537426536169,2580.775972293237,483.3505031795427,0.16543944526023163,41.09468292266967,2726.299013956946,187.97007862975636,771.8575424896234,59.66043701317398,1055.4804793568949,3443.1931532427084,474.4991970129713,0.03439596063988095,50.797045407738096,3052.257767874306,352.11690448037757,767.4428344592261,65.57871875,1055.4804793568949,3443.1931532427084,474.4991970129713,0.03439596063988095,50.797045407738096,3052.257767874306,352.11690448037757,767.4428344592261,65.57871875
2026-02-26 21:00:00+00:00,1093.2283400000001,2761.3615875,479.26133,0.2,45.83361,2771.666675,185.91325999999998,789.04458,26.6,759.2234694472916,2429.27987323754,467.05386904319323,0.1305492048874559,43.47412786900885,2579.0174010764354,192.99771025230223,779.07012986437,58.576194280605456,1055.4804793568949,3443.1931532427084,474.4991970129713,0.03439596063988095,50.797045407738096,3052.257767874306,352.11690448037757,767.4428344592261,65.57871875,1055.4804793568949,3443.1931532427084,474.4991970129713,0.03439596063988095,50.797045407738096,3052.257767874306,352.11690448037757,767.4428344592261,65.57871875
2026-02-26 22:00:00+00:00,698.6791625,2325.0697075,456.20291,0.035,45.83361,2655.73824,187.01035000000002,788.50358,40.6,712.4848724522856,2314.212272865877,489.2693277605537,0.13579843023787364,44.25769105810523,2300.911532998074,174.02071832960925,786.6108827465961,57.65917735008949,1055.4804793568949,3443.1931532427084,474.4991970129713,0.03439596063988095,50.797045407738096,3052.257767874306,352.11690448037757,767.4428344592261,65.57871875,1055.4804793568949,3443.1931532427084,474.4991970129713,0.03439596063988095,50.797045407738096,3052.257767874306,352.11690448037757,767.4428344592261,65.57871875
2026-02-26 23:00:00+00:00,579.095005,2276.64591,586.2435,0.0683325,45.83361,2340.798505,181.73885500000003,783.26608,37.6,769.8221789463352,2245.7048053158187,489.56615536959805,0.15752364206029154,44.452518336131675,2413.828766410944,157.0291283778215,781.8740328490901,55.644510277405494,1055.4804793568949,3443.1931532427084,474.4991970129713,0.03439596063988095,50.797045407738096,3052.257767874306,352.11690448037757,767.4428344592261,65.57871875,1055.4804793568949,3443.1931532427084,474.4991970129713,0.03439596063988095,50.797045407738096,3052.257767874306,352.11690448037757,767.4428344592261,65.57871875
2026-02-27 00:00:00+00:00,582.0249975,2546.5195025000003,551.7692575,0.0316675,45.83361,2263.8595,189.694885,784.16858,36.6,484.7151982195261,1768.4276028315403,506.4859440564469,0.06532251298757984,43.847638526019026,2088.2200384906137,200.35430238192012,778.1587441904525,56.22906763245732,1055.4804793568949,3443.1931532427084,474.4991970129713,0.03439596063988095,50.797045407738096,3052.257767874306,352.11690448037757,767.4428344592261,65.57871875,1055.4804793568949,3443.1931532427084,474.4991970129713,0.03439596063988095,50.797045407738096,3052.257767874306,352.11690448037757,767.4428344592261,65.57871875
2026-02-27 01:00:00+00:00,577.9549975,2368.17243,483.06541500000003,0.0,45.83361,2200.6580050000002,189.79735,783.88158,36.6,401.520579424899,1920.7222545990624,495.6243040069094,0.05905675500748891,43.779050143958706,1812.795956159021,205.34734492421745,778.0730839978138,53.92390315059755,1055.4804793568949,3443.1931532427084,474.4991970129713,0.03439596063988095,50.797045407738096,3052.257767874306,352.11690448037757,767.4428344592261,65.57871875,1055.4804793568949,3443.1931532427084,474.4991970129713,0.03439596063988095,50.797045407738096,3052.257767874306,352.11690448037757,767.4428344592261,65.57871875
2026-02-27 02:00:00+00:00,578.2558349999999,2094.1106875,468.297415,0.0,45.83361,2027.85975,190.17652,783.88158,35.6,447.55480815555484,1790.700080824172,499.31861503006394,0.051400561034500455,43.65775331444473,1906.099951713663,201.2046956508586,781.3717935783724,52.42390716681531,1055.4804793568949,3443.1931532427084,474.4991970129713,0.03439596063988095,50.797045407738096,3052.257767874306,352.11690448037757,767.4428344592261,65.57871875,1055.4804793568949,3443.1931532427084,474.4991970129713,0.03439596063988095,50.797045407738096,3052.257767874306,352.11690448037757,767.4428344592261,65.57871875
2026-02-27 03:00:00+00:00,581.0330974999999,2013.773105,471.990635,0.0333325,45.83361,1975.7725875,190.088905,783.88158,33.6,595.0774389480199,1858.5652284455311,489.52201353927245,0.06618543201167043,44.452298236094634,2205.0931352312627,154.31221814964,785.9276960351493,51.78273889492232,1055.4804793568949,3443.1931532427084,474.4991970129713,0.03439596063988095,50.797045407738096,3052.257767874306,352.11690448037757,767.4428344592261,65.57871875,1055.4804793568949,3443.1931532427084,474.4991970129713,0.03439596063988095,50.797045407738096,3052.257767874306,352.11690448037757,767.4428344592261,65.57871875
2026-02-27 04:00:00+00:00,604.940835,2320.7365775,447.949,0.0333325,45.83361,2250.73749,189.6728575,783.88158,34.6,751.5003859551098,2290.8253822914808,468.02063503627824,0.12204445855093754,45.750445776014445,2384.0741589814106,167.51024703329603,786.3010408819673,51.19158991917019,1055.4804793568949,3443.1931532427084,474.4991970129713,0.03439596063988095,50.797045407738096,3052.257767874306,352.11690448037757,767.4428344592261,65.57871875,1055.4804793568949,3443.1931532427084,474.4991970129713,0.03439596063988095,50.797045407738096,3052.257767874306,352.11690448037757,767.4428344592261,65.57871875
2026-02-27 05:00:00+00:00,858.1875024999999,2801.8684375000003,452.6499125,0.1016675,45.83361,3119.1499925,331.12337,786.20858,35.6,727.1402322279955,2533.6355219217085,426.19300106964806,0.1821825436700757,45.026300014037155,3131.652294442381,189.21343253575014,778.2102675220195,54.49545369830436,1055.4804793568949,3443.1931532427084,474.4991970129713,0.03439596063988095,50.797045407738096,3052.257767874306,352.11690448037757,767.4428344592261,65.57871875,1055.4804793568949,3443.1931532427084,474.4991970129713,0.03439596063988095,50.797045407738096,3052.257767874306,352.11690448037757,767.4428344592261,65.57871875
2026-02-27 06:00:00+00:00,1368.3691525,2976.2532825,482.82266500000003,0.0683325,45.83361,3273.92008,594.99837,790.40208,39.6,1050.224857805744,3343.952888288172,412.1141958984135,0.09781539357426589,44.17110509901355,3167.8984566554927,667.5781682816846,780.8174927249956,52.514386419602616,1055.4804793568949,3443.1931532427084,474.4991970129713,0.03439596063988095,50.797045407738096,3052.257767874306,352.11690448037757,767.4428344592261,65.57871875,1055.4804793568949,3443.1931532427084,474.4991970129713,0.03439596063988095,50.797045407738096,3052.257767874306,352.11690448037757,767.4428344592261,65.57871875
2026-02-27 07:00:00+00:00,1426.6558300000002,2809.1578825,478.66333,0.0683325,45.83361,1990.76983,383.24837,791.88808,36.6,1066.4189975501972,2960.6884167004814,466.23836657803133,0.12096440418244508,44.83425305038066,3293.3370592853794,446.50377051982167,793.9388568582098,57.76112868067029,1055.4804793568949,3443.1931532427084,474.4991970129713,0.03439596063988095,50.797045407738096,3052.257767874306,352.11690448037757,767.4428344592261,65.57871875,1055.4804793568949,3443.1931532427084,474.4991970129713,0.03439596063988095,50.797045407738096,3052.257767874306,352.11690448037757,767.4428344592261,65.57871875
2026-02-27 08:00:00+00:00,1087.2500025,1728.4139574999997,486.15641500000004,0.10333250000000002,45.83361,1578.1053325,193.06087,789.06733,35.86,606.1970711408381,2510.8066740156314,463.57469653681557,0.11792820636705448,46.336821791009996,2126.762103137048,260.50985958837805,792.7031384650973,58.95012017768967,1055.4804793568949,3443.1931532427084,474.4991970129713,0.03439596063988095,50.797045407738096,3052.257767874306,352.11690448037757,767.4428344592261,65.57871875,1055.4804793568949,3443.1931532427084,474.4991970129713,0.03439596063988095,50.797045407738096,3052.257767874306,352.11690448037757,767.4428344592261,65.57871875
2026-02-27 09:00:00+00:00,919.2200075000001,1558.7074025,529.329415,0.2633325,45.83361,1433.781585,188.23315,787.54108,33.41,394.0494188543971,2074.658945279173,461.28580083976124,0.10819549251765753,44.45281064572878,1343.9720309003367,180.77261536062147,781.633448480665,61.60363978788049,1055.4804793568949,3443.1931532427084,474.4991970129713,0.03439596063988095,50.797045407738096,3052.257767874306,352.11690448037757,767.4428344592261,65.57871875,1055.4804793568949,3443.1931532427084,474.4991970129713,0.03439596063988095,50.797045407738096,3052.257767874306,352.11690448037757,767.4428344592261,65.57871875
2026-02-27 10:00:00+00:00,718.2583275,1547.58157,542.08325,0.18250000000000002,45.83361,1078.73825,188.23315,787.54108,33.41,232.52206044427464,1682.5448891543267,446.9397127436257,0.07302864980078158,43.07631849843345,1151.4202910066856,160.36240252884653,770.1150712746758,58.090720295367106,1055.4804793568949,3443.1931532427084,474.4991970129713,0.03439596063988095,50.797045407738096,3052.257767874306,352.11690448037757,767.4428344592261,65.57871875,1055.4804793568949,3443.1931532427084,474.4991970129713,0.03439596063988095,50.797045407738096,3052.257767874306,352.11690448037757,767.4428344592261,65.57871875
2026-02-27 11:00:00+00:00,713.4483299999999,1537.6133500000003,513.907085,0.10166750000000002,45.83361,1111.1912525,188.131675,787.54108,38.41,330.8318170170036,1655.0424477843599,474.97818110996707,0.046590386341062995,42.029225088891465,935.1553427008394,175.36605270692792,780.926183263414,61.00546182277655,1055.4804793568949,3443.1931532427084,474.4991970129713,0.03439596063988095,50.797045407738096,3052.257767874306,352.11690448037757,767.4428344592261,65.57871875,1055.4804793568949,3443.1931532427084,474.4991970129713,0.03439596063988095,50.797045407738096,3052.257767874306,352.11690448037757,767.4428344592261,65.57871875
2026-02-27 12:00:00+00:00,981.1808275,1526.57592,511.779835,0.0,45.83361,1106.60475,188.23315,787.60833,39.16,361.8866605166246,1512.7038757615544,447.58722110784555,0.015612395918920611,44.43705811535499,753.3850042231361,173.78981857813744,784.13222775911,53.42792166826608,1055.4804793568949,3443.1931532427084,474.4991970129713,0.03439596063988095,50.797045407738096,3052.257767874306,352.11690448037757,767.4428344592261,65.57871875,1055.4804793568949,3443.1931532427084,474.4991970129713,0.03439596063988095,50.797045407738096,3052.257767874306,352.11690448037757,767.4428344592261,65.57871875
2026-02-27 13:00:00+00:00,1000.1266825,1549.4293575,580.2109175,0.26999999999999996,45.83361,1118.5724175,213.23315,787.67558,40.41,354.77479753666285,1497.903501801958,475.0034417822011,0.012344946141819833,49.382780283126515,707.3294563109221,191.5903870722717,762.17099025738,56.993705053000156,1055.4804793568949,3443.1931532427084,474.4991970129713,0.03439596063988095,50.797045407738096,3052.257767874306,352.11690448037757,767.4428344592261,65.57871875,1055.4804793568949,3443.1931532427084,474.4991970129713,0.03439596063988095,50.797045407738096,3052.257767874306,352.11690448037757,767.4428344592261,65.57871875
2026-02-27 14:00:00+00:00,1060.09833,2000.063975,599.3347475,0.23166750000000005,45.83361,1273.5729175000001,238.22315,787.22858,42.41,425.21727163403307,1629.7484922661233,459.432041924909,0.024026497986741356,47.007800376621766,921.0015152007745,198.76478003803948,753.5183341805867,53.083922008271486,1055.4804793568949,3443.1931532427084,474.4991970129713,0.03439596063988095,50.797045407738096,3052.257767874306,352.11690448037757,767.4428344592261,65.57871875,1055.4804793568949,3443.1931532427084,474.4991970129713,0.03439596063988095,50.797045407738096,3052.257767874306,352.11690448037757,767.4428344592261,65.57871875
2026-02-27 15:00:00+00:00,1356.2925075,3366.7697275,610.06108,0.2983325,45.83361,1762.6730850000001,484.40065000000004,786.9783299999999,44.91,771.1968831105027,3295.884607187388,458.0273302503285,0.03520406967030489,49.68343463771673,1876.0982248163743,274.7763365418343,766.5533376583924,55.549312121167624,1055.4804793568949,3443.1931532427084,474.4991970129713,0.03439596063988095,50.797045407738096,3052.257767874306,352.11690448037757,767.4428344592261,65.57871875,1055.4804793568949,3443.1931532427084,474.4991970129713,0.03439596063988095,50.797045407738096,3052.257767874306,352.11690448037757,767.4428344592261,65.57871875
2026-02-27 16:00:00+00:00,1596.73832,3641.4556575,596.5769175,0.09666749999999999,45.83361,2607.152075,660.4718366666667,787.66458,42.66,1538.4883424545765,4207.925377042533,486.5540286234189,0.046587219695103904,45.54875706693922,3362.6461063302777,874.5208144036728,777.3387838870248,62.43749962100855,1055.4804793568949,3443.1931532427084,474.4991970129713,0.03439596063988095,50.797045407738096,3052.257767874306,352.11690448037757,767.4428344592261,65.57871875,1055.4804793568949,3443.1931532427084,474.4991970129713,0.03439596063988095,50.797045407738096,3052.257767874306,352.11690448037757,767.4428344592261,65.57871875
2026-02-27 17:00:00+00:00,1692.697505,3645.4026750000003,606.4550025,0.0,45.83361,2605.737,836.5430233333334,788.31008,41.41,2016.6049567691603,4054.608447583323,490.69885552107957,0.03243897254004178,42.17420772588164,4082.756662818509,990.2088983227515,754.7354323159329,58.77253801459153,1055.4804793568949,3443.1931532427084,474.4991970129713,0.03439596063988095,50.797045407738096,3052.257767874306,352.11690448037757,767.4428344592261,65.57871875,1055.4804793568949,3443.1931532427084,474.4991970129713,0.03439596063988095,50.797045407738096,3052.257767874306,352.11690448037757,767.4428344592261,65.57871875
2026-02-27 18:00:00+00:00,1577.25417,3645.9626825,589.197085,0.0333325,45.83361,2582.5164125,1012.61421,788.31008,42.66,1957.8133365104727,4058.3337383674325,550.1512976911479,0.10435436332356313,40.44615359673416,3653.4554406397956,609.7682059002364,770.1353136567483,63.17865195680742,1055.4804793568949,3443.1931532427084,474.4991970129713,0.03439596063988095,50.797045407738096,3052.257767874306,352.11690448037757,767.4428344592261,65.57871875,1055.4804793568949,3443.1931532427084,474.4991970129713,0.03439596063988095,50.797045407738096,3052.257767874306,352.11690448037757,767.4428344592261,65.57871875
2026-02-27 19:00:00+00:00,1438.689995,3631.471735,542.27075,0.0333325,45.83361,2511.2676,819.4378399999999,788.31008,42.41,1588.3127848325585,3619.768809447364,492.8588923799405,0.1362078995364884,41.03442101513991,3542.7613511452223,397.7412979466718,764.7679893027016,61.082517437944794,1055.4804793568949,3443.1931532427084,474.4991970129713,0.03439596063988095,50.797045407738096,3052.257767874306,352.11690448037757,767.4428344592261,65.57871875,1055.4804793568949,3443.1931532427084,474.4991970129713,0.03439596063988095,50.797045407738096,3052.257767874306,352.11690448037757,767.4428344592261,65.57871875
2026-02-27 20:00:00+00:00,1264.5791675,3619.168755,493.167835,0.0,45.83361,2393.0858399999997,970.39382,788.31008,38.41,1214.654491029846,3659.025394657098,466.84397559301453,0.12420945041020684,40.771572605547256,3101.0679685886794,320.69626113241765,764.8079778088273,59.702787687565085,1055.4804793568949,3443.1931532427084,474.4991970129713,0.03439596063988095,50.797045407738096,3052.257767874306,352.11690448037757,767.4428344592261,65.57871875,1055.4804793568949,3443.1931532427084,474.4991970129713,0.03439596063988095,50.797045407738096,3052.257767874306,352.11690448037757,767.4428344592261,65.57871875
2026-02-27 21:00:00+00:00,1065.25,3543.4227025,517.0561674999999,0.2175,45.83361,2032.233995,1143.2817650000002,787.00258,39.41,784.3537469322018,3648.1220157537673,466.54824723612626,0.1646469628961928,41.189522831511724,2710.0259405769875,287.8866313713546,774.838948602639,62.38479392634301,1055.4804793568949,3443.1931532427084,474.4991970129713,0.03439596063988095,50.797045407738096,3052.257767874306,352.11690448037757,767.4428344592261,65.57871875,1055.4804793568949,3443.1931532427084,474.4991970129713,0.03439596063988095,50.797045407738096,3052.257767874306,352.11690448037757,767.4428344592261,65.57871875
2026-02-27 22:00:00+00:00,843.28167,3497.412165,516.4305825,0.0683325,45.83361,1543.977,1166.25123,786.21358,40.41,700.4345952457379,3392.7137703837534,453.2891199225754,0.11906595622842558,42.90753552786951,2353.5794476560854,218.50238353009743,768.2806458093853,61.69860079593238,1055.4804793568949,3443.1931532427084,474.4991970129713,0.03439596063988095,50.797045407738096,3052.257767874306,352.11690448037757,767.4428344592261,65.57871875,1055.4804793568949,3443.1931532427084,474.4991970129713,0.03439596063988095,50.797045407738096,3052.257767874306,352.11690448037757,767.4428344592261,65.57871875
2026-02-27 23:00:00+00:00,672.63333,3529.177905,563.4626675,0.231665,45.83361,1490.402,857.11351,781.29858,41.68,852.5097054874941,3006.453472018628,469.57424721057356,0.06873379617680778,44.31472643588309,1796.756653697357,194.3351734136662,782.3395390278631,57.80483905300851,1055.4804793568949,3443.1931532427084,474.4991970129713,0.03439596063988095,50.797045407738096,3052.257767874306,352.11690448037757,767.4428344592261,65.57871875,1055.4804793568949,3443.1931532427084,474.4991970129713,0.03439596063988095,50.797045407738096,3052.257767874306,352.11690448037757,767.4428344592261,65.57871875
