date,hard_coal_ampr_actual,lignite_ampr_actual,coal_derived_gas_ampr_actual,oil_ampr_actual,other_fossil_ampr_actual,gas_ampr_actual,renewables_ampr_actual,biomass_ampr_actual,waste_ampr_actual,hard_coal_ampr_fitted,lignite_ampr_fitted,coal_derived_gas_ampr_fitted,oil_ampr_fitted,other_fossil_ampr_fitted,gas_ampr_fitted,renewables_ampr_fitted,biomass_ampr_fitted,waste_ampr_fitted,hard_coal_ampr_lower,lignite_ampr_lower,coal_derived_gas_ampr_lower,oil_ampr_lower,other_fossil_ampr_lower,gas_ampr_lower,renewables_ampr_lower,biomass_ampr_lower,waste_ampr_lower,hard_coal_ampr_upper,lignite_ampr_upper,coal_derived_gas_ampr_upper,oil_ampr_upper,other_fossil_ampr_upper,gas_ampr_upper,renewables_ampr_upper,biomass_ampr_upper,waste_ampr_upper
2026-01-24 00:00:00+00:00,1873.2933249999999,4063.9750775,442.149165,0.20166499999999998,43.44146,3562.992925,149.05129250000005,789.86459,45.24,2038.9071863612899,3960.8621158590176,507.6132837080293,0.07333996770015211,45.24359239426903,4265.621007910438,149.79041547638786,798.0790351834432,42.633427028458826,1055.4804793568949,3443.1931532427084,474.4991970129713,0.03439596063988095,50.797045407738096,3052.257767874306,352.11690448037757,767.4428344592261,65.57871875,1055.4804793568949,3443.1931532427084,474.4991970129713,0.03439596063988095,50.797045407738096,3052.257767874306,352.11690448037757,767.4428344592261,65.57871875
2026-01-24 01:00:00+00:00,2012.2399925,3778.3874875,424.483335,0.07,43.44146,4152.3274225000005,140.63965,789.57859,46.49,2018.359510723648,3610.1542287571897,494.7930443991791,0.050811602447515286,44.99891894555225,4173.599533723274,148.57111876188463,794.9024964363297,40.12140024956066,1055.4804793568949,3443.1931532427084,474.4991970129713,0.03439596063988095,50.797045407738096,3052.257767874306,352.11690448037757,767.4428344592261,65.57871875,1055.4804793568949,3443.1931532427084,474.4991970129713,0.03439596063988095,50.797045407738096,3052.257767874306,352.11690448037757,767.4428344592261,65.57871875
2026-01-24 02:00:00+00:00,2091.45414,3764.358565,474.1791625,0.0,43.44146,4162.264675,140.38225,789.57859,44.49,2216.102457424976,3862.9690030733714,501.10302718155117,0.03382765597221539,44.46934431357691,4431.05582554224,160.35767656811257,794.6997358087581,43.32895850464275,1055.4804793568949,3443.1931532427084,474.4991970129713,0.03439596063988095,50.797045407738096,3052.257767874306,352.11690448037757,767.4428344592261,65.57871875,1055.4804793568949,3443.1931532427084,474.4991970129713,0.03439596063988095,50.797045407738096,3052.257767874306,352.11690448037757,767.4428344592261,65.57871875
2026-01-24 03:00:00+00:00,2177.855005,3856.8238874999997,468.828335,0.0316675,43.44146,4215.682000000001,140.44660000000002,789.57859,42.24,2056.8476030307875,3971.6883356585254,494.5492342453507,0.03564119692408534,44.95520127952467,4542.995028206561,159.26402761596077,793.834135924552,45.729598613207116,1055.4804793568949,3443.1931532427084,474.4991970129713,0.03439596063988095,50.797045407738096,3052.257767874306,352.11690448037757,767.4428344592261,65.57871875,1055.4804793568949,3443.1931532427084,474.4991970129713,0.03439596063988095,50.797045407738096,3052.257767874306,352.11690448037757,767.4428344592261,65.57871875
2026-01-24 04:00:00+00:00,2005.40251,3989.5531375,478.6,0.0,43.44146,4434.9506575000005,140.63965,789.57859,42.49,1990.6857388771245,4206.036280782745,519.0788508229099,0.05644887365139384,44.79966089655899,4414.2433593005335,155.6382078664199,793.1060078555163,46.94125139757837,1055.4804793568949,3443.1931532427084,474.4991970129713,0.03439596063988095,50.797045407738096,3052.257767874306,352.11690448037757,767.4428344592261,65.57871875,1055.4804793568949,3443.1931532427084,474.4991970129713,0.03439596063988095,50.797045407738096,3052.257767874306,352.11690448037757,767.4428344592261,65.57871875
2026-01-24 05:00:00+00:00,1919.0066775,4086.2664975,481.5891625,0.035,43.44146,4538.1785,148.84265,790.98909,41.49,1994.7201734654393,4244.553125369179,524.220219733162,0.08501783403873295,45.327849527178955,4642.051767019113,207.10216262536943,797.4171215958147,44.13878818969755,1055.4804793568949,3443.1931532427084,474.4991970129713,0.03439596063988095,50.797045407738096,3052.257767874306,352.11690448037757,767.4428344592261,65.57871875,1055.4804793568949,3443.1931532427084,474.4991970129713,0.03439596063988095,50.797045407738096,3052.257767874306,352.11690448037757,767.4428344592261,65.57871875
2026-01-24 06:00:00+00:00,1931.5899725,4539.8577399999995,486.9233325,0.135,43.44146,4881.8170150000005,148.86245,793.54359,41.49,1957.991770904481,4422.5845486916,506.185733480461,0.041697734970241845,45.72712235635487,4753.4998969320495,198.14053461768597,798.4997038569393,44.73374147758193,1055.4804793568949,3443.1931532427084,474.4991970129713,0.03439596063988095,50.797045407738096,3052.257767874306,352.11690448037757,767.4428344592261,65.57871875,1055.4804793568949,3443.1931532427084,474.4991970129713,0.03439596063988095,50.797045407738096,3052.257767874306,352.11690448037757,767.4428344592261,65.57871875
2026-01-24 07:00:00+00:00,2079.936665,5046.644527500001,424.115,0.0316675,43.44146,5208.10475,210.44475,795.627465,46.49,2061.2077614109608,4840.297550650627,516.4064282707051,0.027834488089963055,45.74772659869402,4739.565397732351,277.36878406569014,817.2754205182575,47.93778796516679,1055.4804793568949,3443.1931532427084,474.4991970129713,0.03439596063988095,50.797045407738096,3052.257767874306,352.11690448037757,767.4428344592261,65.57871875,1055.4804793568949,3443.1931532427084,474.4991970129713,0.03439596063988095,50.797045407738096,3052.257767874306,352.11690448037757,767.4428344592261,65.57871875
2026-01-24 08:00:00+00:00,2287.1083200000003,5320.754035,438.5224975,0.065,43.44146,5279.9288325,290.69475,795.34959,46.49,2211.504998163651,4646.996987591713,490.761483096168,0.04312962725506162,46.273791961092876,5114.926527148065,235.71232293185497,805.3663556461531,45.877264554315474,1055.4804793568949,3443.1931532427084,474.4991970129713,0.03439596063988095,50.797045407738096,3052.257767874306,352.11690448037757,767.4428344592261,65.57871875,1055.4804793568949,3443.1931532427084,474.4991970129713,0.03439596063988095,50.797045407738096,3052.257767874306,352.11690448037757,767.4428344592261,65.57871875
2026-01-24 09:00:00+00:00,2163.4333374999997,5427.87813,455.20917,0.0666675,43.44146,4888.7911525,184.43225,794.76559,46.49,2139.71082279493,4691.777828389307,492.1044452131498,0.050103090145926746,46.96425066658033,4614.647731206402,168.2163448975776,806.2806512571706,45.176836644421414,1055.4804793568949,3443.1931532427084,474.4991970129713,0.03439596063988095,50.797045407738096,3052.257767874306,352.11690448037757,767.4428344592261,65.57871875,1055.4804793568949,3443.1931532427084,474.4991970129713,0.03439596063988095,50.797045407738096,3052.257767874306,352.11690448037757,767.4428344592261,65.57871875
2026-01-24 10:00:00+00:00,2083.8933150000003,5399.8711325,467.21916749999997,0.1516675,43.44146,4460.470995,140.38225,795.043465,46.49,2248.1691591754725,4659.293895228039,499.99370474976996,0.07845237022634127,46.96309263917633,4723.860311073652,142.309204125121,799.8932639851314,45.423333130136314,1055.4804793568949,3443.1931532427084,474.4991970129713,0.03439596063988095,50.797045407738096,3052.257767874306,352.11690448037757,767.4428344592261,65.57871875,1055.4804793568949,3443.1931532427084,474.4991970129713,0.03439596063988095,50.797045407738096,3052.257767874306,352.11690448037757,767.4428344592261,65.57871875
2026-01-24 11:00:00+00:00,2097.39416,5382.337765,465.7891675,0.15,43.44146,4098.2346225,152.29660000000004,795.13609,46.49,2125.716746634807,4873.012356785113,488.2860675125652,0.05079761501830739,46.514066150063584,4167.987309638253,128.0199596858074,803.6964508816684,44.13593743395805,1055.4804793568949,3443.1931532427084,474.4991970129713,0.03439596063988095,50.797045407738096,3052.257767874306,352.11690448037757,767.4428344592261,65.57871875,1055.4804793568949,3443.1931532427084,474.4991970129713,0.03439596063988095,50.797045407738096,3052.257767874306,352.11690448037757,767.4428344592261,65.57871875
2026-01-24 12:00:00+00:00,2092.446665,5402.6554275,521.8516675000001,0.1333325,43.44146,3783.697165,143.64725,795.13609,47.49,1962.0690671561606,5100.0774241659365,465.2341036418034,0.05602126201394164,46.284612032809896,3671.944790716845,153.91820613036683,800.1874140322155,44.5051764975948,1055.4804793568949,3443.1931532427084,474.4991970129713,0.03439596063988095,50.797045407738096,3052.257767874306,352.11690448037757,767.4428344592261,65.57871875,1055.4804793568949,3443.1931532427084,474.4991970129713,0.03439596063988095,50.797045407738096,3052.257767874306,352.11690448037757,767.4428344592261,65.57871875
2026-01-24 13:00:00+00:00,2100.9716774999997,5347.66248,509.59333000000004,0.0333325,43.44146,4245.200415,148.88225,795.13609,47.49,2060.456510037824,4900.022604699148,453.5915705253481,0.04733225419840526,46.99328548758377,4031.857660910433,156.80078851093734,805.2334652023517,46.21777072347392,1055.4804793568949,3443.1931532427084,474.4991970129713,0.03439596063988095,50.797045407738096,3052.257767874306,352.11690448037757,767.4428344592261,65.57871875,1055.4804793568949,3443.1931532427084,474.4991970129713,0.03439596063988095,50.797045407738096,3052.257767874306,352.11690448037757,767.4428344592261,65.57871875
2026-01-24 14:00:00+00:00,2363.9116774999998,5424.020465,488.0508325,0.0,43.44146,4592.7514125,172.58225,795.13609,47.49,2242.0663941536154,4887.276682841943,468.8656247667438,0.043798383788058975,46.437215572519605,4349.740576807753,202.93968880487304,804.3136811549747,48.70359240419759,1055.4804793568949,3443.1931532427084,474.4991970129713,0.03439596063988095,50.797045407738096,3052.257767874306,352.11690448037757,767.4428344592261,65.57871875,1055.4804793568949,3443.1931532427084,474.4991970129713,0.03439596063988095,50.797045407738096,3052.257767874306,352.11690448037757,767.4428344592261,65.57871875
2026-01-24 15:00:00+00:00,2614.2466825,5442.9244925,488.14,0.1,43.44146,4883.346079999999,230.621145,795.53309,47.49,2371.1377914166274,4416.129801787528,518.3312536631481,0.062343983759104125,46.40503625911656,5296.312155947976,330.09379798812677,808.0571194895738,43.11169539628532,1055.4804793568949,3443.1931532427084,474.4991970129713,0.03439596063988095,50.797045407738096,3052.257767874306,352.11690448037757,767.4428344592261,65.57871875,1055.4804793568949,3443.1931532427084,474.4991970129713,0.03439596063988095,50.797045407738096,3052.257767874306,352.11690448037757,767.4428344592261,65.57871875
2026-01-24 16:00:00+00:00,2620.5575125,5450.230680000001,477.636665,0.0333325,43.44146,5039.241755,608.6961924999999,796.25059,47.49,2180.5914924157305,4546.513975207851,516.1389132697475,0.04969875665041195,46.39562658800605,5492.44476736741,619.6303618831024,797.3221569602161,43.77803836999934,1055.4804793568949,3443.1931532427084,474.4991970129713,0.03439596063988095,50.797045407738096,3052.257767874306,352.11690448037757,767.4428344592261,65.57871875,1055.4804793568949,3443.1931532427084,474.4991970129713,0.03439596063988095,50.797045407738096,3052.257767874306,352.11690448037757,767.4428344592261,65.57871875
2026-01-24 17:00:00+00:00,2616.3191500000003,5446.5020925,486.5525025,0.0,43.44146,5058.6135825,541.7977999999999,796.89409,47.49,2431.267239542945,4555.4141684555825,508.62482897434484,0.03314613890010299,45.40894447159907,5654.533950976966,537.9517254885491,793.8154796647553,45.51720969452297,1055.4804793568949,3443.1931532427084,474.4991970129713,0.03439596063988095,50.797045407738096,3052.257767874306,352.11690448037757,767.4428344592261,65.57871875,1055.4804793568949,3443.1931532427084,474.4991970129713,0.03439596063988095,50.797045407738096,3052.257767874306,352.11690448037757,767.4428344592261,65.57871875
2026-01-24 18:00:00+00:00,2608.78752,5467.165385,521.4583325,0.0,43.44146,5072.65175,365.6180975,796.89409,47.49,2366.1064440079513,4628.122115863739,507.532345657766,0.03363931216906424,45.745787642756724,5103.132667752045,421.9684306794737,798.6091922523788,43.98315383403917,1055.4804793568949,3443.1931532427084,474.4991970129713,0.03439596063988095,50.797045407738096,3052.257767874306,352.11690448037757,767.4428344592261,65.57871875,1055.4804793568949,3443.1931532427084,474.4991970129713,0.03439596063988095,50.797045407738096,3052.257767874306,352.11690448037757,767.4428344592261,65.57871875
2026-01-24 19:00:00+00:00,2521.2391675,5451.193225,572.3316649999999,0.0683325,43.44146,4896.7522525,169.3378,796.89409,47.49,2271.2236147211433,4204.617334054392,517.9041543668759,0.04188582403208552,45.6515667508141,5103.002448041352,258.5540199139906,809.4166812766446,43.80444310823452,1055.4804793568949,3443.1931532427084,474.4991970129713,0.03439596063988095,50.797045407738096,3052.257767874306,352.11690448037757,767.4428344592261,65.57871875,1055.4804793568949,3443.1931532427084,474.4991970129713,0.03439596063988095,50.797045407738096,3052.257767874306,352.11690448037757,767.4428344592261,65.57871875
2026-01-24 20:00:00+00:00,2473.574995,5426.30164,542.94083,0.035,43.44146,4661.4798375,186.90372,796.89409,47.49,2068.985732986096,4502.105549465037,513.7297739564566,0.0642670829971366,45.03807508912109,4943.39134239646,193.04214353069025,799.0788875835323,43.065498508334684,1055.4804793568949,3443.1931532427084,474.4991970129713,0.03439596063988095,50.797045407738096,3052.257767874306,352.11690448037757,767.4428344592261,65.57871875,1055.4804793568949,3443.1931532427084,474.4991970129713,0.03439596063988095,50.797045407738096,3052.257767874306,352.11690448037757,767.4428344592261,65.57871875
2026-01-24 21:00:00+00:00,2415.117495,5385.411765,525.5174999999999,0.0316675,43.44146,4572.8687475,148.94660000000002,795.59059,45.49,2201.9327601348173,4417.043467114711,500.94889639962463,0.09671029246277801,44.9427154702728,4644.100616599417,156.6024391813347,799.3655437167828,44.075376318386375,1055.4804793568949,3443.1931532427084,474.4991970129713,0.03439596063988095,50.797045407738096,3052.257767874306,352.11690448037757,767.4428344592261,65.57871875,1055.4804793568949,3443.1931532427084,474.4991970129713,0.03439596063988095,50.797045407738096,3052.257767874306,352.11690448037757,767.4428344592261,65.57871875
2026-01-24 22:00:00+00:00,2305.13916,5355.643157500001,553.4850025000001,0.11666750000000001,43.44146,4134.1595825,149.13964999999996,794.80409,46.49,2138.902432638918,4400.789254283023,515.7827267600226,0.1115280517833406,45.00656575744435,4417.777590662258,124.77109811184934,796.7585026992393,44.17671311431205,1055.4804793568949,3443.1931532427084,474.4991970129713,0.03439596063988095,50.797045407738096,3052.257767874306,352.11690448037757,767.4428344592261,65.57871875,1055.4804793568949,3443.1931532427084,474.4991970129713,0.03439596063988095,50.797045407738096,3052.257767874306,352.11690448037757,767.4428344592261,65.57871875
2026-01-24 23:00:00+00:00,2247.582495,5319.025865,544.17583,0.1633325,43.44146,3769.204995,148.77525518134715,790.26009,50.49,2071.78947240394,4327.484806114243,521.2025027740711,0.11898213732554641,45.43837870624792,4057.304328935771,156.01933931909142,796.3602331669257,47.105409804366765,1055.4804793568949,3443.1931532427084,474.4991970129713,0.03439596063988095,50.797045407738096,3052.257767874306,352.11690448037757,767.4428344592261,65.57871875,1055.4804793568949,3443.1931532427084,474.4991970129713,0.03439596063988095,50.797045407738096,3052.257767874306,352.11690448037757,767.4428344592261,65.57871875
2026-01-25 00:00:00+00:00,2171.989135,5290.6110275,571.447505,0.235,43.44146,3451.34375,140.16841347150262,789.58959,50.49,2127.949596122151,4394.7205937952795,526.6902134859049,0.07631488158032204,45.41537606042071,3957.0289648701946,132.18325044734294,797.5579428800611,51.357040571636304,1055.4804793568949,3443.1931532427084,474.4991970129713,0.03439596063988095,50.797045407738096,3052.257767874306,352.11690448037757,767.4428344592261,65.57871875,1055.4804793568949,3443.1931532427084,474.4991970129713,0.03439596063988095,50.797045407738096,3052.257767874306,352.11690448037757,767.4428344592261,65.57871875
2026-01-25 01:00:00+00:00,2171.1541625,5366.3399850000005,562.293335,0.035,43.44146,3450.049,140.19027176165807,789.30359,49.99,2008.0634305042768,4419.86180197763,524.9407267874141,0.03301402929804956,45.30235416095323,3448.9833407635133,128.92443489731647,799.1744484069411,52.783884180477564,1055.4804793568949,3443.1931532427084,474.4991970129713,0.03439596063988095,50.797045407738096,3052.257767874306,352.11690448037757,767.4428344592261,65.57871875,1055.4804793568949,3443.1931532427084,474.4991970129713,0.03439596063988095,50.797045407738096,3052.257767874306,352.11690448037757,767.4428344592261,65.57871875
2026-01-25 02:00:00+00:00,2161.4741575,5147.4889075,561.226665,0.0,43.44146,3477.3006649999998,139.45601755181352,789.30359,49.49,2080.720642974313,4434.877267689661,534.3829275426311,0.019082785707648573,46.05599506315428,3667.5299872904866,131.11481478930776,793.2455819942213,51.627185811495515,1055.4804793568949,3443.1931532427084,474.4991970129713,0.03439596063988095,50.797045407738096,3052.257767874306,352.11690448037757,767.4428344592261,65.57871875,1055.4804793568949,3443.1931532427084,474.4991970129713,0.03439596063988095,50.797045407738096,3052.257767874306,352.11690448037757,767.4428344592261,65.57871875
2026-01-25 03:00:00+00:00,2145.5075150000002,4870.6598275,559.3808325,0.0333325,43.44146,3284.8009175,138.8749658419689,789.30359,48.49,2203.089853235574,4425.760614630524,507.0698443700127,0.025738858050388926,45.2008316680072,3713.5570684419204,121.36847232183513,796.1772301341288,48.13634720957283,1055.4804793568949,3443.1931532427084,474.4991970129713,0.03439596063988095,50.797045407738096,3052.257767874306,352.11690448037757,767.4428344592261,65.57871875,1055.4804793568949,3443.1931532427084,474.4991970129713,0.03439596063988095,50.797045407738096,3052.257767874306,352.11690448037757,767.4428344592261,65.57871875
2026-01-25 04:00:00+00:00,2180.0041625,4742.2519425,510.01917000000003,0.035,43.44146,3384.8087475,147.44508663212437,789.30359,46.49,2174.5614510932237,4502.5652732396675,521.0375810265261,0.03942530518197998,44.690228104299436,3496.5456838960904,130.74139473900374,796.0289806521383,50.08092152606745,1055.4804793568949,3443.1931532427084,474.4991970129713,0.03439596063988095,50.797045407738096,3052.257767874306,352.11690448037757,767.4428344592261,65.57871875,1055.4804793568949,3443.1931532427084,474.4991970129713,0.03439596063988095,50.797045407738096,3052.257767874306,352.11690448037757,767.4428344592261,65.57871875
2026-01-25 05:00:00+00:00,2225.2116525,4754.124495,444.9225,0.0,43.44146,3353.3993325,146.95214492227976,790.71409,48.49,2146.503047240781,4452.2630657069385,511.9439403728141,0.05357387229292621,44.75780236350193,3750.2665932157474,158.29967033709852,798.2970139708148,51.4842497517097,1055.4804793568949,3443.1931532427084,474.4991970129713,0.03439596063988095,50.797045407738096,3052.257767874306,352.11690448037757,767.4428344592261,65.57871875,1055.4804793568949,3443.1931532427084,474.4991970129713,0.03439596063988095,50.797045407738096,3052.257767874306,352.11690448037757,767.4428344592261,65.57871875
2026-01-25 06:00:00+00:00,2220.3608575,5051.99228,449.949995,0.0,43.44146,3491.143915,146.78095321243524,793.26809,47.49,1972.3829743359283,4594.4908128635025,487.9081937394313,0.019114221322637827,43.1681444898843,3580.667138538433,161.46474419599755,803.7007583965652,49.8058860859757,1055.4804793568949,3443.1931532427084,474.4991970129713,0.03439596063988095,50.797045407738096,3052.257767874306,352.11690448037757,767.4428344592261,65.57871875,1055.4804793568949,3443.1931532427084,474.4991970129713,0.03439596063988095,50.797045407738096,3052.257767874306,352.11690448037757,767.4428344592261,65.57871875
2026-01-25 07:00:00+00:00,2396.5608425,5349.44764,462.42416249999997,0.066665,43.44146,3793.34759,145.11684150259066,795.442715,47.49,1968.6994615386664,4535.917404551885,504.58703468798694,0.03676146228285173,45.594120028142136,3395.598326547928,250.48098000715356,815.4612817720844,48.77854886311681,1055.4804793568949,3443.1931532427084,474.4991970129713,0.03439596063988095,50.797045407738096,3052.257767874306,352.11690448037757,767.4428344592261,65.57871875,1055.4804793568949,3443.1931532427084,474.4991970129713,0.03439596063988095,50.797045407738096,3052.257767874306,352.11690448037757,767.4428344592261,65.57871875
2026-01-25 08:00:00+00:00,2432.536665,5427.950037500001,461.1316675,0.0,43.44146,3877.60558,144.9456497927461,795.4403400000001,47.49,2000.3905215964237,4613.411669560765,498.3796056928236,0.039333840706364,45.07281451289519,3987.571740434249,244.49667096631003,803.6746370985273,45.86704691216926,1055.4804793568949,3443.1931532427084,474.4991970129713,0.03439596063988095,50.797045407738096,3052.257767874306,352.11690448037757,767.4428344592261,65.57871875,1055.4804793568949,3443.1931532427084,474.4991970129713,0.03439596063988095,50.797045407738096,3052.257767874306,352.11690448037757,767.4428344592261,65.57871875
2026-01-25 09:00:00+00:00,2413.9666700000002,5254.27463,431.9066675,0.066665,43.44146,3676.31475,144.7744580829016,794.86109,48.49,2299.7028981099847,4605.217345109091,507.1758220123144,0.05231377252700642,45.30144093554298,4308.878098657548,155.1622702082956,800.1242497650787,44.87141531543132,1055.4804793568949,3443.1931532427084,474.4991970129713,0.03439596063988095,50.797045407738096,3052.257767874306,352.11690448037757,767.4428344592261,65.57871875,1055.4804793568949,3443.1931532427084,474.4991970129713,0.03439596063988095,50.797045407738096,3052.257767874306,352.11690448037757,767.4428344592261,65.57871875
2026-01-25 10:00:00+00:00,2381.67083,4963.02933,463.074165,0.0333325,43.44146,3612.613255,144.742856373057,794.86109,49.49,2431.6201169568194,4324.9096796191825,511.104059754899,0.056208742250972596,45.363342524271715,4518.996198207784,150.09331031558062,804.1447034532275,41.80061818193311,1055.4804793568949,3443.1931532427084,474.4991970129713,0.03439596063988095,50.797045407738096,3052.257767874306,352.11690448037757,767.4428344592261,65.57871875,1055.4804793568949,3443.1931532427084,474.4991970129713,0.03439596063988095,50.797045407738096,3052.257767874306,352.11690448037757,767.4428344592261,65.57871875
2026-01-25 11:00:00+00:00,2407.4083375,4937.749265,464.586665,0.066665,43.44146,3974.87642,136.32634216321242,794.76834,51.49,2246.8317458604697,4379.235558469558,510.19707469058847,0.05080176876540303,45.05264713417528,4240.1072344753065,148.32606432437146,801.0665670733081,43.416482922893024,1055.4804793568949,3443.1931532427084,474.4991970129713,0.03439596063988095,50.797045407738096,3052.257767874306,352.11690448037757,767.4428344592261,65.57871875,1055.4804793568949,3443.1931532427084,474.4991970129713,0.03439596063988095,50.797045407738096,3052.257767874306,352.11690448037757,767.4428344592261,65.57871875
2026-01-25 12:00:00+00:00,2319.3291449999997,4944.35178,458.41083000000003,0.066665,43.44146,3990.2228425000003,137.48571045336786,794.49009,51.49,2268.414090813315,4418.201963499589,511.1655389086314,0.046226827242068294,45.714044948600595,4094.4188684736387,149.4916041920187,804.4014123124354,46.063956338713524,1055.4804793568949,3443.1931532427084,474.4991970129713,0.03439596063988095,50.797045407738096,3052.257767874306,352.11690448037757,767.4428344592261,65.57871875,1055.4804793568949,3443.1931532427084,474.4991970129713,0.03439596063988095,50.797045407738096,3052.257767874306,352.11690448037757,767.4428344592261,65.57871875
2026-01-25 13:00:00+00:00,2354.5583275,4946.9972525,436.0075025,0.0,43.44146,3962.0863325,171.0539887435233,794.49009,50.74,2358.6972739368593,4314.0758907027985,502.15041581134386,0.03777726136005528,45.65618395749001,4058.753127239416,143.30013122518176,806.679331635666,49.58701109698383,1055.4804793568949,3443.1931532427084,474.4991970129713,0.03439596063988095,50.797045407738096,3052.257767874306,352.11690448037757,767.4428344592261,65.57871875,1055.4804793568949,3443.1931532427084,474.4991970129713,0.03439596063988095,50.797045407738096,3052.257767874306,352.11690448037757,767.4428344592261,65.57871875
2026-01-25 14:00:00+00:00,2355.282495,5181.6609025,500.4733275,0.0,43.44146,4134.726665,146.34696953367876,794.49009,48.49,2443.0910710774197,4387.874576899245,508.0327026721398,0.032337679899867945,45.63359714149151,4354.399460419954,192.38266449856343,808.0235428349228,46.445069173394714,1055.4804793568949,3443.1931532427084,474.4991970129713,0.03439596063988095,50.797045407738096,3052.257767874306,352.11690448037757,767.4428344592261,65.57871875,1055.4804793568949,3443.1931532427084,474.4991970129713,0.03439596063988095,50.797045407738096,3052.257767874306,352.11690448037757,767.4428344592261,65.57871875
2026-01-25 15:00:00+00:00,2477.84333,5403.6876775,580.625835,0.0333325,43.44146,4521.610500000001,267.2507778238342,795.25809,48.49,2159.116068721647,4597.251558534729,561.2065076706359,0.041191344486704216,45.40278710128086,4530.94011172943,281.85841158828725,813.9685948020493,41.96648610919662,1055.4804793568949,3443.1931532427084,474.4991970129713,0.03439596063988095,50.797045407738096,3052.257767874306,352.11690448037757,767.4428344592261,65.57871875,1055.4804793568949,3443.1931532427084,474.4991970129713,0.03439596063988095,50.797045407738096,3052.257767874306,352.11690448037757,767.4428344592261,65.57871875
2026-01-25 16:00:00+00:00,2546.8491575,5418.595365,569.2099975,0.0333325,43.44146,4659.088345,648.9079436139896,795.97559,48.49,2069.2005492235444,4293.836434506125,587.7403059941447,0.04117997930120817,44.56623464909475,4900.689787787265,445.8332378912444,800.977802560943,42.20129495968337,1055.4804793568949,3443.1931532427084,474.4991970129713,0.03439596063988095,50.797045407738096,3052.257767874306,352.11690448037757,767.4428344592261,65.57871875,1055.4804793568949,3443.1931532427084,474.4991970129713,0.03439596063988095,50.797045407738096,3052.257767874306,352.11690448037757,767.4428344592261,65.57871875
2026-01-25 17:00:00+00:00,2549.76749,5428.7161125,573.6800049999999,0.0,43.44146,4662.67226,768.0833944041451,796.61909,47.74,2392.239282101019,4521.812998082751,581.136700990235,0.03614790504060854,43.5342385925522,5415.392387943142,564.7258630020992,794.3405387487295,44.29564987145048,1055.4804793568949,3443.1931532427084,474.4991970129713,0.03439596063988095,50.797045407738096,3052.257767874306,352.11690448037757,767.4428344592261,65.57871875,1055.4804793568949,3443.1931532427084,474.4991970129713,0.03439596063988095,50.797045407738096,3052.257767874306,352.11690448037757,767.4428344592261,65.57871875
2026-01-25 18:00:00+00:00,2550.7808225,5424.7442625,579.2866725,0.0,43.44146,4641.82108,903.7191551943006,796.61909,47.49,2414.1488643801817,4853.212189429741,579.4403449122565,0.02504399151150799,43.396182566768736,5320.699921513202,403.2359691258399,793.3840934163406,43.13346527627537,1055.4804793568949,3443.1931532427084,474.4991970129713,0.03439596063988095,50.797045407738096,3052.257767874306,352.11690448037757,767.4428344592261,65.57871875,1055.4804793568949,3443.1931532427084,474.4991970129713,0.03439596063988095,50.797045407738096,3052.257767874306,352.11690448037757,767.4428344592261,65.57871875
2026-01-25 19:00:00+00:00,2597.3866550000002,5422.8636275,580.93417,0.0333325,43.44146,4657.0320875,288.35976098445593,796.61909,47.49,2454.9077448924954,4612.329611422219,576.2483870254878,0.06619263627750549,43.83242151808341,4981.406524739197,229.95551329098663,793.4064612995588,43.402976096605215,1055.4804793568949,3443.1931532427084,474.4991970129713,0.03439596063988095,50.797045407738096,3052.257767874306,352.11690448037757,767.4428344592261,65.57871875,1055.4804793568949,3443.1931532427084,474.4991970129713,0.03439596063988095,50.797045407738096,3052.257767874306,352.11690448037757,767.4428344592261,65.57871875
2026-01-25 20:00:00+00:00,2563.9833325,5417.0525675,573.978335,0.13333250000000002,43.44146,4552.9839825,144.9759017746114,796.61909,47.49,2424.883183765536,4746.438485239023,585.6978656344278,0.07333793165339286,43.88588523465114,5055.011301512057,208.41211382373234,794.1203911344913,44.300419670494435,1055.4804793568949,3443.1931532427084,474.4991970129713,0.03439596063988095,50.797045407738096,3052.257767874306,352.11690448037757,767.4428344592261,65.57871875,1055.4804793568949,3443.1931532427084,474.4991970129713,0.03439596063988095,50.797045407738096,3052.257767874306,352.11690448037757,767.4428344592261,65.57871875
2026-01-25 21:00:00+00:00,2432.681665,5408.2175050000005,543.0024975,0.066665,43.44146,4531.551835,166.88644756476685,794.49709,47.49,2463.392087088583,4797.774939534038,585.1852961389276,0.08735836361721622,43.91779607597958,4655.555792657212,155.15926676505188,795.2025681496914,45.26358291402221,1055.4804793568949,3443.1931532427084,474.4991970129713,0.03439596063988095,50.797045407738096,3052.257767874306,352.11690448037757,767.4428344592261,65.57871875,1055.4804793568949,3443.1931532427084,474.4991970129713,0.03439596063988095,50.797045407738096,3052.257767874306,352.11690448037757,767.4428344592261,65.57871875
2026-01-25 22:00:00+00:00,2373.31585,5422.33793,529.83,0.133335,43.44146,4412.68105,254.11071585492226,793.25909,46.49,2380.186449756726,4713.961014515253,561.3442911173255,0.09605201796588397,44.31843173921556,4708.3384487336725,139.28753442535165,796.1757035936367,45.331000171873185,1055.4804793568949,3443.1931532427084,474.4991970129713,0.03439596063988095,50.797045407738096,3052.257767874306,352.11690448037757,767.4428344592261,65.57871875,1055.4804793568949,3443.1931532427084,474.4991970129713,0.03439596063988095,50.797045407738096,3052.257767874306,352.11690448037757,767.4428344592261,65.57871875
2026-01-25 23:00:00+00:00,2292.476665,5398.825575000001,570.0075,0.0333325,43.44146,4358.7860025,162.5275141450777,789.98509,46.74,2252.739603887234,4595.7067674365135,561.5600022149267,0.08290125884259247,44.266477467400826,4487.420893304005,126.75658260625718,793.4827905143992,44.49636901618767,1055.4804793568949,3443.1931532427084,474.4991970129713,0.03439596063988095,50.797045407738096,3052.257767874306,352.11690448037757,767.4428344592261,65.57871875,1055.4804793568949,3443.1931532427084,474.4991970129713,0.03439596063988095,50.797045407738096,3052.257767874306,352.11690448037757,767.4428344592261,65.57871875
2026-01-26 00:00:00+00:00,2210.7941725,5178.83957,582.0225,0.0333325,43.44146,4342.90224,145.54494993523315,786.84209,46.49,2111.10527909358,4919.731634703618,558.7279771042547,0.04422293150627166,46.17303254622804,4215.065834296776,179.26544549560387,793.8524500329438,45.36125610937921,1055.4804793568949,3443.1931532427084,474.4991970129713,0.03439596063988095,50.797045407738096,3052.257767874306,352.11690448037757,767.4428344592261,65.57871875,1055.4804793568949,3443.1931532427084,474.4991970129713,0.03439596063988095,50.797045407738096,3052.257767874306,352.11690448037757,767.4428344592261,65.57871875
2026-01-26 01:00:00+00:00,2178.203335,5356.3606675,578.9225,0.1,43.44146,4396.53967,144.7646607253886,786.55609,45.49,2139.086123719311,4832.053937084862,575.8006234774408,0.03525812787991441,45.46731738718291,4431.075453161705,157.0744242452199,793.7378113681133,44.50602789872235,1055.4804793568949,3443.1931532427084,474.4991970129713,0.03439596063988095,50.797045407738096,3052.257767874306,352.11690448037757,767.4428344592261,65.57871875,1055.4804793568949,3443.1931532427084,474.4991970129713,0.03439596063988095,50.797045407738096,3052.257767874306,352.11690448037757,767.4428344592261,65.57871875
2026-01-26 02:00:00+00:00,2154.5850025,5253.42424,606.096665,0.0333325,43.44146,4440.69008,130.82979901554404,786.55609,44.24,2284.4923931344433,4841.041090275096,574.7243570958618,0.03587128489559989,44.98583439919675,4681.208984920541,140.69307088052048,793.8269540986962,45.069057661355586,1055.4804793568949,3443.1931532427084,474.4991970129713,0.03439596063988095,50.797045407738096,3052.257767874306,352.11690448037757,767.4428344592261,65.57871875,1055.4804793568949,3443.1931532427084,474.4991970129713,0.03439596063988095,50.797045407738096,3052.257767874306,352.11690448037757,767.4428344592261,65.57871875
2026-01-26 03:00:00+00:00,2229.5900025,5220.0771875,597.231665,0.0,43.44146,4809.448577499999,130.78755480569944,786.55609,43.49,2292.281898290463,4882.654369310852,586.6032339100392,0.03714187066603596,44.508901453932616,4910.865550656342,130.40309370795754,793.1855173485874,44.127426380310595,1055.4804793568949,3443.1931532427084,474.4991970129713,0.03439596063988095,50.797045407738096,3052.257767874306,352.11690448037757,767.4428344592261,65.57871875,1055.4804793568949,3443.1931532427084,474.4991970129713,0.03439596063988095,50.797045407738096,3052.257767874306,352.11690448037757,767.4428344592261,65.57871875
2026-01-26 04:00:00+00:00,2828.3233425,5415.397227500001,577.6125000000001,0.066665,43.44146,5376.2042475,159.0018155958549,786.55609,44.49,2541.282553467984,4897.600345833115,593.7140960593464,0.060322154247443485,44.06968512031615,5445.291188361414,147.75760486373179,787.2228194912863,43.75413172706726,1055.4804793568949,3443.1931532427084,474.4991970129713,0.03439596063988095,50.797045407738096,3052.257767874306,352.11690448037757,767.4428344592261,65.57871875,1055.4804793568949,3443.1931532427084,474.4991970129713,0.03439596063988095,50.797045407738096,3052.257767874306,352.11690448037757,767.4428344592261,65.57871875
2026-01-26 05:00:00+00:00,3210.7824899999996,5475.9467775,596.274165,0.166665,43.44146,7030.780255,163.91892888601035,787.96659,44.49,2738.9889222137135,4994.434324183331,608.406308198344,0.14696850371497414,44.54148464694024,6984.241840973049,159.32117750486418,793.1397593738261,48.04994617384919,1055.4804793568949,3443.1931532427084,474.4991970129713,0.03439596063988095,50.797045407738096,3052.257767874306,352.11690448037757,767.4428344592261,65.57871875,1055.4804793568949,3443.1931532427084,474.4991970129713,0.03439596063988095,50.797045407738096,3052.257767874306,352.11690448037757,767.4428344592261,65.57871875
2026-01-26 06:00:00+00:00,3240.3075099999996,5842.14021,628.8616625,0.133335,43.44146,8182.735172500001,162.2467721761658,790.52059,44.74,2714.074462731984,5198.221815343417,592.3604919197481,0.06551949482099417,44.76879380098002,7595.716111092726,197.6471665183827,793.149573186783,45.67253063043225,1055.4804793568949,3443.1931532427084,474.4991970129713,0.03439596063988095,50.797045407738096,3052.257767874306,352.11690448037757,767.4428344592261,65.57871875,1055.4804793568949,3443.1931532427084,474.4991970129713,0.03439596063988095,50.797045407738096,3052.257767874306,352.11690448037757,767.4428344592261,65.57871875
2026-01-26 07:00:00+00:00,3244.0316949999997,5867.243002499999,659.853335,0.0,43.44146,8286.252,308.1279804663212,791.95609,44.09,3202.8704234478337,5323.569867196593,638.0108578683214,0.03912373349197913,44.68128356154806,7963.732851255956,668.504039008058,789.1113711892152,41.43134336165832,1055.4804793568949,3443.1931532427084,474.4991970129713,0.03439596063988095,50.797045407738096,3052.257767874306,352.11690448037757,767.4428344592261,65.57871875,1055.4804793568949,3443.1931532427084,474.4991970129713,0.03439596063988095,50.797045407738096,3052.257767874306,352.11690448037757,767.4428344592261,65.57871875
2026-01-26 08:00:00+00:00,3315.645015,5877.136445,643.330125,0.0333325,43.44146,8370.69582,337.41903875647665,791.95609,43.09,3201.5393888203107,5473.404003959756,631.7720880547021,0.03239434982320814,43.808793965915264,8033.261534080912,713.6394853941179,791.6098898617498,44.323009462255456,1055.4804793568949,3443.1931532427084,474.4991970129713,0.03439596063988095,50.797045407738096,3052.257767874306,352.11690448037757,767.4428344592261,65.57871875,1055.4804793568949,3443.1931532427084,474.4991970129713,0.03439596063988095,50.797045407738096,3052.257767874306,352.11690448037757,767.4428344592261,65.57871875
2026-01-26 09:00:00+00:00,3309.0750149999994,5848.3947,629.6306824999999,0.0333325,43.44146,8772.0814825,602.5978470466321,791.37209,43.09,3214.511147414387,5545.044521241738,628.1684995123361,0.045389564173463924,43.98116195956465,8150.932149561648,528.5338086419061,790.5021702014774,41.25837207360058,1055.4804793568949,3443.1931532427084,474.4991970129713,0.03439596063988095,50.797045407738096,3052.257767874306,352.11690448037757,767.4428344592261,65.57871875,1055.4804793568949,3443.1931532427084,474.4991970129713,0.03439596063988095,50.797045407738096,3052.257767874306,352.11690448037757,767.4428344592261,65.57871875
2026-01-26 10:00:00+00:00,3175.4933375,5857.79886,650.589165,0.0333325,43.44146,8075.3461775,248.29836533678755,791.37209,43.09,3207.3219939756673,5543.025456427529,624.1269999322234,0.04506124452993069,43.59386357007481,7994.09086116915,353.6815921355622,788.7919156265241,39.95128116067884,1055.4804793568949,3443.1931532427084,474.4991970129713,0.03439596063988095,50.797045407738096,3052.257767874306,352.11690448037757,767.4428344592261,65.57871875,1055.4804793568949,3443.1931532427084,474.4991970129713,0.03439596063988095,50.797045407738096,3052.257767874306,352.11690448037757,767.4428344592261,65.57871875
2026-01-26 11:00:00+00:00,3229.65416,5827.19836,652.0933325,0.066665,43.44146,8205.7283275,176.801041126943,791.37209,43.09,3201.198893438548,5485.563214049955,611.9356758898808,0.0500740677573559,43.070927413668905,7900.231969457533,264.7030238154173,786.7703282815874,39.82967904552814,1055.4804793568949,3443.1931532427084,474.4991970129713,0.03439596063988095,50.797045407738096,3052.257767874306,352.11690448037757,767.4428344592261,65.57871875,1055.4804793568949,3443.1931532427084,474.4991970129713,0.03439596063988095,50.797045407738096,3052.257767874306,352.11690448037757,767.4428344592261,65.57871875
2026-01-26 12:00:00+00:00,3144.4358199999997,5826.3902925,658.4091675,0.0,43.44146,8088.198329999999,177.01075191709847,791.37209,43.09,3221.3275623414665,5466.187901414851,611.9356758898808,0.030659981373877012,42.882058909482865,7904.820606279798,228.73997519725032,788.0432856299299,40.62612711971386,1055.4804793568949,3443.1931532427084,474.4991970129713,0.03439596063988095,50.797045407738096,3052.257767874306,352.11690448037757,767.4428344592261,65.57871875,1055.4804793568949,3443.1931532427084,474.4991970129713,0.03439596063988095,50.797045407738096,3052.257767874306,352.11690448037757,767.4428344592261,65.57871875
2026-01-26 13:00:00+00:00,3144.07165,5823.95478,646.8066675,0.035,43.44146,7682.4509825000005,196.2828902072539,791.37209,43.09,2992.5294589522136,5333.9931689796085,598.3929034006453,0.034464447115191824,43.239550511409384,7815.525278622536,195.60997108347257,787.3219505216892,40.252551681740115,1055.4804793568949,3443.1931532427084,474.4991970129713,0.03439596063988095,50.797045407738096,3052.257767874306,352.11690448037757,767.4428344592261,65.57871875,1055.4804793568949,3443.1931532427084,474.4991970129713,0.03439596063988095,50.797045407738096,3052.257767874306,352.11690448037757,767.4428344592261,65.57871875
2026-01-26 14:00:00+00:00,3136.1183274999994,5832.6298449999995,587.1309175,0.0,43.44146,7491.9117575,189.44482349740935,791.37209,43.09,2952.112365264298,5230.054608564828,597.5886401325281,0.04377073042444432,43.32934779648671,7656.738670131865,231.3117351078779,787.0754423516361,40.199271162230104,1055.4804793568949,3443.1931532427084,474.4991970129713,0.03439596063988095,50.797045407738096,3052.257767874306,352.11690448037757,767.4428344592261,65.57871875,1055.4804793568949,3443.1931532427084,474.4991970129713,0.03439596063988095,50.797045407738096,3052.257767874306,352.11690448037757,767.4428344592261,65.57871875
2026-01-26 15:00:00+00:00,2844.798315,5832.3045575,587.0733325,0.0,43.44146,7339.391502499999,222.3434267875648,791.76959,43.09,3049.2758745067576,5398.52070071027,600.464796814851,0.033923484859399465,44.124150271475756,7614.833721188717,398.52045613504964,788.887299844615,44.82489868902097,1055.4804793568949,3443.1931532427084,474.4991970129713,0.03439596063988095,50.797045407738096,3052.257767874306,352.11690448037757,767.4428344592261,65.57871875,1055.4804793568949,3443.1931532427084,474.4991970129713,0.03439596063988095,50.797045407738096,3052.257767874306,352.11690448037757,767.4428344592261,65.57871875
2026-01-26 16:00:00+00:00,2876.015835,5841.019505,594.0758275,0.0,43.44146,7635.465502499999,1123.0034050777203,792.93859,45.49,2980.6310399433605,5303.56137698561,580.247276918473,0.031968803824091764,43.16374782156187,7684.366253895703,984.501536673641,794.4388691374087,43.758457646022094,1055.4804793568949,3443.1931532427084,474.4991970129713,0.03439596063988095,50.797045407738096,3052.257767874306,352.11690448037757,767.4428344592261,65.57871875,1055.4804793568949,3443.1931532427084,474.4991970129713,0.03439596063988095,50.797045407738096,3052.257767874306,352.11690448037757,767.4428344592261,65.57871875
2026-01-26 17:00:00+00:00,2873.9925075,5835.107385,526.518335,0.0,43.44146,7793.4246650000005,1173.8614533678758,793.58209,45.49,2955.9812360189626,5174.552270430278,569.2371969588835,0.028970535950689297,42.84248490593345,7842.6878212090505,921.3430248291816,789.2014082066426,44.55298131959732,1055.4804793568949,3443.1931532427084,474.4991970129713,0.03439596063988095,50.797045407738096,3052.257767874306,352.11690448037757,767.4428344592261,65.57871875,1055.4804793568949,3443.1931532427084,474.4991970129713,0.03439596063988095,50.797045407738096,3052.257767874306,352.11690448037757,767.4428344592261,65.57871875
2026-01-26 18:00:00+00:00,2872.349995,5735.322882500001,522.8858325,0.035,43.44146,7766.4220000000005,588.9355491580311,793.58209,45.49,2848.0971492659173,5178.433020653765,557.0886176896817,0.037488030989998616,43.40163439583945,7606.2170968477385,635.2077419501063,792.4240426380143,44.520424540437176,1055.4804793568949,3443.1931532427084,474.4991970129713,0.03439596063988095,50.797045407738096,3052.257767874306,352.11690448037757,767.4428344592261,65.57871875,1055.4804793568949,3443.1931532427084,474.4991970129713,0.03439596063988095,50.797045407738096,3052.257767874306,352.11690448037757,767.4428344592261,65.57871875
2026-01-26 19:00:00+00:00,2854.7875024999994,5784.940032500001,524.598335,0.265,43.44146,7362.06235,205.01906994818654,793.58209,45.49,2449.6816056029948,4776.926531927458,554.1039893166071,0.09199990575986589,46.3199208852539,7470.250121578367,349.61419296044073,804.6441231107802,44.21589345072445,1055.4804793568949,3443.1931532427084,474.4991970129713,0.03439596063988095,50.797045407738096,3052.257767874306,352.11690448037757,767.4428344592261,65.57871875,1055.4804793568949,3443.1931532427084,474.4991970129713,0.03439596063988095,50.797045407738096,3052.257767874306,352.11690448037757,767.4428344592261,65.57871875
2026-01-26 20:00:00+00:00,2586.0083475,5447.0921849999995,524.3525025,0.1333325,43.44146,7239.5400025,186.131468238342,793.58209,45.49,2367.1867067747025,4537.6275407011735,527.7412852593001,0.03940297967568251,47.74951779680783,6986.220854450326,213.6649449345531,816.0272888582496,47.07420562362505,1055.4804793568949,3443.1931532427084,474.4991970129713,0.03439596063988095,50.797045407738096,3052.257767874306,352.11690448037757,767.4428344592261,65.57871875,1055.4804793568949,3443.1931532427084,474.4991970129713,0.03439596063988095,50.797045407738096,3052.257767874306,352.11690448037757,767.4428344592261,65.57871875
2026-01-26 21:00:00+00:00,2562.1108525,5296.618245,524.9174975,0.216665,43.44146,6979.99366,150.46992402849742,792.27859,45.49,2216.5740955536157,4295.195521464855,530.3054842078417,0.053704079495386775,48.18226327040878,6744.903463401436,183.05784669111392,816.9155878683032,48.23528123875897,1055.4804793568949,3443.1931532427084,474.4991970129713,0.03439596063988095,50.797045407738096,3052.257767874306,352.11690448037757,767.4428344592261,65.57871875,1055.4804793568949,3443.1931532427084,474.4991970129713,0.03439596063988095,50.797045407738096,3052.257767874306,352.11690448037757,767.4428344592261,65.57871875
2026-01-26 22:00:00+00:00,2535.08501,5342.0664175,524.1424999999999,0.0333325,43.44146,6888.65808,138.76211481865283,791.49209,45.49,2229.108942384226,4553.233242778547,521.5678855675495,0.03290951287607766,48.03652486246231,6732.369295052651,158.62455375163265,813.163889533484,46.901238528112394,1055.4804793568949,3443.1931532427084,474.4991970129713,0.03439596063988095,50.797045407738096,3052.257767874306,352.11690448037757,767.4428344592261,65.57871875,1055.4804793568949,3443.1931532427084,474.4991970129713,0.03439596063988095,50.797045407738096,3052.257767874306,352.11690448037757,767.4428344592261,65.57871875
2026-01-26 23:00:00+00:00,2333.9516725,5359.1674475,573.5908325,0.066665,43.44146,7084.7501725,138.21061,787.23709,45.49,2240.7368452658184,4604.552479573855,520.9736512324968,0.04433116299626986,48.81592157301681,6369.87803610117,159.37225469927208,813.5737580561184,45.749113913498164,1055.4804793568949,3443.1931532427084,474.4991970129713,0.03439596063988095,50.797045407738096,3052.257767874306,352.11690448037757,767.4428344592261,65.57871875,1055.4804793568949,3443.1931532427084,474.4991970129713,0.03439596063988095,50.797045407738096,3052.257767874306,352.11690448037757,767.4428344592261,65.57871875
2026-01-27 00:00:00+00:00,2283.4416650000003,5340.6088875000005,630.378335,0.066665,43.44146,6999.0471,127.9367775,786.84209,45.49,2272.300562362705,4461.613243623524,535.8532981325627,0.01360348737142995,48.82114080618978,6272.318675546943,160.3380186710848,811.5730071706649,46.644784680217484,1055.4804793568949,3443.1931532427084,474.4991970129713,0.03439596063988095,50.797045407738096,3052.257767874306,352.11690448037757,767.4428344592261,65.57871875,1055.4804793568949,3443.1931532427084,474.4991970129713,0.03439596063988095,50.797045407738096,3052.257767874306,352.11690448037757,767.4428344592261,65.57871875
2026-01-27 01:00:00+00:00,2287.188335,5286.2116975,627.126665,0.0333325,43.44146,6946.50335,153.94016000000002,786.55609,45.49,2067.5729408320863,4253.39648702114,551.7126774283507,0.011234742662693965,48.148705516546315,6313.806323131228,160.360832073057,811.9030325973497,46.12761490563707,1055.4804793568949,3443.1931532427084,474.4991970129713,0.03439596063988095,50.797045407738096,3052.257767874306,352.11690448037757,767.4428344592261,65.57871875,1055.4804793568949,3443.1931532427084,474.4991970129713,0.03439596063988095,50.797045407738096,3052.257767874306,352.11690448037757,767.4428344592261,65.57871875
2026-01-27 02:00:00+00:00,2294.32751,5210.2184799999995,643.917495,0.0,43.44146,6709.48249,151.52564999999998,786.55609,45.49,2320.277272623775,4412.406083571153,543.536998546064,0.0030462918232699587,48.39748435399162,6077.896262252323,143.08207299576338,814.969908861279,47.08397352718625,1055.4804793568949,3443.1931532427084,474.4991970129713,0.03439596063988095,50.797045407738096,3052.257767874306,352.11690448037757,767.4428344592261,65.57871875,1055.4804793568949,3443.1931532427084,474.4991970129713,0.03439596063988095,50.797045407738096,3052.257767874306,352.11690448037757,767.4428344592261,65.57871875
2026-01-27 03:00:00+00:00,2264.5600025,4926.7114125,660.243335,0.0,43.44146,6734.5108475,127.9367775,786.55609,45.49,2126.404568772501,4255.687209189436,545.2254889799624,0.007520058539274472,48.969821993939334,5771.070589011944,139.87186250587706,811.1411158062068,47.55093123645894,1055.4804793568949,3443.1931532427084,474.4991970129713,0.03439596063988095,50.797045407738096,3052.257767874306,352.11690448037757,767.4428344592261,65.57871875,1055.4804793568949,3443.1931532427084,474.4991970129713,0.03439596063988095,50.797045407738096,3052.257767874306,352.11690448037757,767.4428344592261,65.57871875
2026-01-27 04:00:00+00:00,2059.3408425,4023.71866,648.65,0.0333325,43.44146,6664.46025,174.07516,786.55609,43.49,2145.9589534230327,3977.8755103699323,540.3001401891115,0.018960350971262117,48.351146350759095,6426.136954884792,149.80432223680629,814.6731562856959,45.23936579694109,1055.4804793568949,3443.1931532427084,474.4991970129713,0.03439596063988095,50.797045407738096,3052.257767874306,352.11690448037757,767.4428344592261,65.57871875,1055.4804793568949,3443.1931532427084,474.4991970129713,0.03439596063988095,50.797045407738096,3052.257767874306,352.11690448037757,767.4428344592261,65.57871875
2026-01-27 05:00:00+00:00,2185.968325,3928.510585,647.5191675,0.23666500000000001,43.44146,6880.47,1130.9122200000002,787.96659,45.49,2386.770980029623,3794.842023730659,530.5581818360214,0.15221460514156096,47.142891048761165,7028.278860040501,478.07521778029985,806.0906315983293,47.0014457297214,1055.4804793568949,3443.1931532427084,474.4991970129713,0.03439596063988095,50.797045407738096,3052.257767874306,352.11690448037757,767.4428344592261,65.57871875,1055.4804793568949,3443.1931532427084,474.4991970129713,0.03439596063988095,50.797045407738096,3052.257767874306,352.11690448037757,767.4428344592261,65.57871875
2026-01-27 06:00:00+00:00,2539.6375075,3845.74048,586.09917,0.066665,43.44146,7809.0595225,1328.07222,790.52059,45.49,2341.6674834956466,3968.1878352442513,537.8500426387336,0.016655394114602415,47.44786090692682,7646.438159756821,1040.4050891514294,807.1226752809541,41.99067595017365,1055.4804793568949,3443.1931532427084,474.4991970129713,0.03439596063988095,50.797045407738096,3052.257767874306,352.11690448037757,767.4428344592261,65.57871875,1055.4804793568949,3443.1931532427084,474.4991970129713,0.03439596063988095,50.797045407738096,3052.257767874306,352.11690448037757,767.4428344592261,65.57871875
2026-01-27 07:00:00+00:00,2831.6025,3575.056115,526.0703725,0.0,43.44146,8115.9027399999995,1137.6229050000002,791.95384,45.49,2711.8091903175837,4256.555060512497,537.2907042586254,0.021507427231003656,46.09686730010111,7744.031523243766,1255.9761472916043,813.8015445410529,39.92300834670732,1055.4804793568949,3443.1931532427084,474.4991970129713,0.03439596063988095,50.797045407738096,3052.257767874306,352.11690448037757,767.4428344592261,65.57871875,1055.4804793568949,3443.1931532427084,474.4991970129713,0.03439596063988095,50.797045407738096,3052.257767874306,352.11690448037757,767.4428344592261,65.57871875
2026-01-27 08:00:00+00:00,3000.26119,3736.765695,527.074145,0.0,43.44146,7804.7504174999995,947.1735900000001,791.95159,45.49,2849.676516013821,3920.399555813759,524.3992564020972,0.04170320497305284,45.21394653922509,7485.910303730236,824.2998675927688,796.8502804749204,39.377157143070384,1055.4804793568949,3443.1931532427084,474.4991970129713,0.03439596063988095,50.797045407738096,3052.257767874306,352.11690448037757,767.4428344592261,65.57871875,1055.4804793568949,3443.1931532427084,474.4991970129713,0.03439596063988095,50.797045407738096,3052.257767874306,352.11690448037757,767.4428344592261,65.57871875
2026-01-27 09:00:00+00:00,2979.6211975000006,3741.1620025,541.188335,0.0,43.44146,7259.536647499999,204.52455,791.36309,45.49,2784.709339025135,4248.909235355613,510.44180283113144,0.05175756391630254,45.49432199222492,7156.94327285,265.5363672903934,797.855342285373,37.36875695945178,1055.4804793568949,3443.1931532427084,474.4991970129713,0.03439596063988095,50.797045407738096,3052.257767874306,352.11690448037757,767.4428344592261,65.57871875,1055.4804793568949,3443.1931532427084,474.4991970129713,0.03439596063988095,50.797045407738096,3052.257767874306,352.11690448037757,767.4428344592261,65.57871875
2026-01-27 10:00:00+00:00,2752.5299975,3679.98414,549.7533325,0.280835,43.44146,6874.0123175,127.43955,791.36309,43.99,2752.4751584164233,4204.921768614588,523.4879331840614,0.12668395924426093,45.73282010164885,7091.742959930693,145.94407184943162,798.2518789679995,38.50017290158732,1055.4804793568949,3443.1931532427084,474.4991970129713,0.03439596063988095,50.797045407738096,3052.257767874306,352.11690448037757,767.4428344592261,65.57871875,1055.4804793568949,3443.1931532427084,474.4991970129713,0.03439596063988095,50.797045407738096,3052.257767874306,352.11690448037757,767.4428344592261,65.57871875
2026-01-27 11:00:00+00:00,2453.7016725,3654.347315,537.0924975,0.0333325,43.44146,6957.3827475,140.03335249999998,791.3675900000001,42.49,2757.426127118385,4136.00151639994,530.4741628207729,0.06750928067311635,45.01726645803246,6947.1034742928,134.94778478296396,791.6198380694531,35.424541587349836,1055.4804793568949,3443.1931532427084,474.4991970129713,0.03439596063988095,50.797045407738096,3052.257767874306,352.11690448037757,767.4428344592261,65.57871875,1055.4804793568949,3443.1931532427084,474.4991970129713,0.03439596063988095,50.797045407738096,3052.257767874306,352.11690448037757,767.4428344592261,65.57871875
2026-01-27 12:00:00+00:00,2465.098325,3585.710855,531.346665,0.0,43.44146,6996.6501499999995,139.17222000000004,791.37209,42.49,2615.920086300648,4110.855115689242,546.092202014779,0.05578547004631133,45.13620091304131,6364.350877154158,171.3948900290264,791.3049182277987,34.547898445201696,1055.4804793568949,3443.1931532427084,474.4991970129713,0.03439596063988095,50.797045407738096,3052.257767874306,352.11690448037757,767.4428344592261,65.57871875,1055.4804793568949,3443.1931532427084,474.4991970129713,0.03439596063988095,50.797045407738096,3052.257767874306,352.11690448037757,767.4428344592261,65.57871875
2026-01-27 13:00:00+00:00,2754.1372475,3536.831015,543.037855,0.0,43.44146,6944.9568175,158.79709,791.37209,43.49,2616.259003440222,4003.6214506837787,520.0885304653251,0.07610719804396973,45.40171154774282,6362.740542327379,157.58563049211233,797.9671626532371,39.00727276206033,1055.4804793568949,3443.1931532427084,474.4991970129713,0.03439596063988095,50.797045407738096,3052.257767874306,352.11690448037757,767.4428344592261,65.57871875,1055.4804793568949,3443.1931532427084,474.4991970129713,0.03439596063988095,50.797045407738096,3052.257767874306,352.11690448037757,767.4428344592261,65.57871875
2026-01-27 14:00:00+00:00,2279.9574975,3595.5018925,527.202005,0.19666750000000002,43.44146,7362.74784,137.13646,791.094215,44.49,2585.6415564664067,4228.509828611328,521.0539937483833,0.08940390009591498,45.45648123812283,6789.879218454341,192.10875368003673,797.5544598387792,36.66115055782501,1055.4804793568949,3443.1931532427084,474.4991970129713,0.03439596063988095,50.797045407738096,3052.257767874306,352.11690448037757,767.4428344592261,65.57871875,1055.4804793568949,3443.1931532427084,474.4991970129713,0.03439596063988095,50.797045407738096,3052.257767874306,352.11690448037757,767.4428344592261,65.57871875
2026-01-27 15:00:00+00:00,2321.0966525,3612.8390675,522.6508325,0.1633325,43.44146,7677.911007499999,138.17695,791.39859,44.99,2710.0921915226672,4057.5574280501014,533.6137022336433,0.09444566614142177,44.06417313162599,6836.65332444621,255.13054269013134,795.3768453844402,38.201660237630506,1055.4804793568949,3443.1931532427084,474.4991970129713,0.03439596063988095,50.797045407738096,3052.257767874306,352.11690448037757,767.4428344592261,65.57871875,1055.4804793568949,3443.1931532427084,474.4991970129713,0.03439596063988095,50.797045407738096,3052.257767874306,352.11690448037757,767.4428344592261,65.57871875
2026-01-27 16:00:00+00:00,2584.03751,3693.063815,522.935835,0.036665,43.44146,7918.7461,150.38557749999998,792.56809,51.47,2795.284526927773,4012.0281456965745,516.4636669127067,0.05658294921872149,44.91261857011442,7171.690307754079,429.03932587588935,803.6779513040601,39.18869113403351,1055.4804793568949,3443.1931532427084,474.4991970129713,0.03439596063988095,50.797045407738096,3052.257767874306,352.11690448037757,767.4428344592261,65.57871875,1055.4804793568949,3443.1931532427084,474.4991970129713,0.03439596063988095,50.797045407738096,3052.257767874306,352.11690448037757,767.4428344592261,65.57871875
2026-01-27 17:00:00+00:00,2512.7666600000002,3771.2616975,522.7550025,0.0316675,43.44146,8057.892014999999,173.74801000000002,793.21159,50.47,2724.6292891054886,3966.8682403616467,508.5299861080292,0.03671139816335433,43.961512019918885,7367.224967094047,320.72483297270225,794.3107424937053,43.03395758823824,1055.4804793568949,3443.1931532427084,474.4991970129713,0.03439596063988095,50.797045407738096,3052.257767874306,352.11690448037757,767.4428344592261,65.57871875,1055.4804793568949,3443.1931532427084,474.4991970129713,0.03439596063988095,50.797045407738096,3052.257767874306,352.11690448037757,767.4428344592261,65.57871875
2026-01-27 18:00:00+00:00,2327.7091775,3775.2237975,522.5608325000001,0.066665,43.44146,7844.6986875,162.0187675,793.21159,50.47,2614.910591410505,3993.7420745761274,513.6049097554192,0.057788870097298856,44.51671672145169,7330.531197938537,201.65745625836897,797.3156515232527,44.08397656809138,1055.4804793568949,3443.1931532427084,474.4991970129713,0.03439596063988095,50.797045407738096,3052.257767874306,352.11690448037757,767.4428344592261,65.57871875,1055.4804793568949,3443.1931532427084,474.4991970129713,0.03439596063988095,50.797045407738096,3052.257767874306,352.11690448037757,767.4428344592261,65.57871875
2026-01-27 19:00:00+00:00,2313.5933275,3780.71901,523.0941675,0.035,43.44146,7743.0760075,170.33247750000004,793.21159,51.47,2345.409323568105,4142.675340616106,526.4547834116938,0.06266506944224212,45.073517795244804,7182.466813662173,145.92132287953442,800.8716200631677,43.51602460595933,1055.4804793568949,3443.1931532427084,474.4991970129713,0.03439596063988095,50.797045407738096,3052.257767874306,352.11690448037757,767.4428344592261,65.57871875,1055.4804793568949,3443.1931532427084,474.4991970129713,0.03439596063988095,50.797045407738096,3052.257767874306,352.11690448037757,767.4428344592261,65.57871875
2026-01-27 20:00:00+00:00,2309.9408325,3775.1319475,521.2491675,0.035,43.44146,7332.3973425,150.37163,793.21159,50.47,2315.1901281458377,3965.0446883342565,507.9692340814529,0.08473515784123348,44.97398036388752,7060.028392073244,139.6562878788111,799.8936570370663,46.44316803533644,1055.4804793568949,3443.1931532427084,474.4991970129713,0.03439596063988095,50.797045407738096,3052.257767874306,352.11690448037757,767.4428344592261,65.57871875,1055.4804793568949,3443.1931532427084,474.4991970129713,0.03439596063988095,50.797045407738096,3052.257767874306,352.11690448037757,767.4428344592261,65.57871875
2026-01-27 21:00:00+00:00,2181.0600075,3779.7416025,521.8325024999999,0.1833325,43.44146,7043.396395,153.58577750000003,791.90809,51.47,2243.4846062429056,4059.723752038537,526.4585866359828,0.13872348792368722,45.29056356206004,6922.828457293617,193.54294083259236,798.0662739759878,46.54129246725049,1055.4804793568949,3443.1931532427084,474.4991970129713,0.03439596063988095,50.797045407738096,3052.257767874306,352.11690448037757,767.4428344592261,65.57871875,1055.4804793568949,3443.1931532427084,474.4991970129713,0.03439596063988095,50.797045407738096,3052.257767874306,352.11690448037757,767.4428344592261,65.57871875
2026-01-27 22:00:00+00:00,2163.8691725,3775.532165,522.8858299999999,0.101665,43.44146,6873.967512499999,184.86827,791.12159,51.47,2198.000481154999,4053.8902120583707,548.1916157736173,0.14199570140424686,45.805453783437166,6371.126290551652,195.52263568868344,798.983160288811,49.068323531701004,1055.4804793568949,3443.1931532427084,474.4991970129713,0.03439596063988095,50.797045407738096,3052.257767874306,352.11690448037757,767.4428344592261,65.57871875,1055.4804793568949,3443.1931532427084,474.4991970129713,0.03439596063988095,50.797045407738096,3052.257767874306,352.11690448037757,767.4428344592261,65.57871875
2026-01-27 23:00:00+00:00,2060.45082,3781.68999,603.905,0.30000000000000004,43.44146,6832.170175,125.88698249999999,786.86659,50.21,1964.4383001917508,3816.2568328944203,556.6846679943793,0.16758890096874832,45.9120466479091,6176.6056987454585,208.37252240167933,797.2945441349764,49.01782740684631,1055.4804793568949,3443.1931532427084,474.4991970129713,0.03439596063988095,50.797045407738096,3052.257767874306,352.11690448037757,767.4428344592261,65.57871875,1055.4804793568949,3443.1931532427084,474.4991970129713,0.03439596063988095,50.797045407738096,3052.257767874306,352.11690448037757,767.4428344592261,65.57871875
2026-01-28 00:00:00+00:00,2279.185015,3574.0874425,610.7666625,0.0316675,43.44146,6957.592165,142.41143999999997,786.97909,49.21,1930.8307919211488,3747.000032584314,586.5636825886071,0.07173624600718775,46.74257476289872,6089.684544382218,132.3448614816301,794.868637978664,49.28152538352063,1055.4804793568949,3443.1931532427084,474.4991970129713,0.03439596063988095,50.797045407738096,3052.257767874306,352.11690448037757,767.4428344592261,65.57871875,1055.4804793568949,3443.1931532427084,474.4991970129713,0.03439596063988095,50.797045407738096,3052.257767874306,352.11690448037757,767.4428344592261,65.57871875
2026-01-28 01:00:00+00:00,2301.2808175,3400.5772025,652.5816675,0.0333325,43.44146,7099.552432500001,142.35401999999996,786.69309,49.21,2183.971596817918,3841.2935932575383,564.7659647828953,0.05107357372020916,46.33556978130712,6242.380778639034,120.34595980941236,793.7387232736943,48.258270081245136,1055.4804793568949,3443.1931532427084,474.4991970129713,0.03439596063988095,50.797045407738096,3052.257767874306,352.11690448037757,767.4428344592261,65.57871875,1055.4804793568949,3443.1931532427084,474.4991970129713,0.03439596063988095,50.797045407738096,3052.257767874306,352.11690448037757,767.4428344592261,65.57871875
2026-01-28 02:00:00+00:00,2289.18914,3559.7715575,673.1250025,0.0,43.44146,6818.962175000001,129.96545999999998,786.69309,49.21,2261.930770011315,3920.2663023910964,570.0328549982604,0.038477288240333786,47.1398170736302,6176.72597696028,125.60944619847726,795.515833124466,45.838004125157596,1055.4804793568949,3443.1931532427084,474.4991970129713,0.03439596063988095,50.797045407738096,3052.257767874306,352.11690448037757,767.4428344592261,65.57871875,1055.4804793568949,3443.1931532427084,474.4991970129713,0.03439596063988095,50.797045407738096,3052.257767874306,352.11690448037757,767.4428344592261,65.57871875
2026-01-28 03:00:00+00:00,2387.7509275,3778.2428025,665.48734,0.0333325,43.44146,7101.64515,130.01372249999997,786.69309,49.21,2463.4838092646132,3997.8220492485375,588.3795708896735,0.034137127049528954,47.43123372157404,6222.0095697546685,148.63174431890442,797.5526707095033,47.99242220655435,1055.4804793568949,3443.1931532427084,474.4991970129713,0.03439596063988095,50.797045407738096,3052.257767874306,352.11690448037757,767.4428344592261,65.57871875,1055.4804793568949,3443.1931532427084,474.4991970129713,0.03439596063988095,50.797045407738096,3052.257767874306,352.11690448037757,767.4428344592261,65.57871875
2026-01-28 04:00:00+00:00,2503.7491625000002,3771.130025,663.28,0.0,43.44146,7116.2254875,138.65851000000004,786.69309,48.21,2705.495875633778,3947.4207524732046,580.1434633690251,0.05203534227820247,47.871562954107,6400.800549124489,141.96661152071485,793.9403772102667,46.50784618666936,1055.4804793568949,3443.1931532427084,474.4991970129713,0.03439596063988095,50.797045407738096,3052.257767874306,352.11690448037757,767.4428344592261,65.57871875,1055.4804793568949,3443.1931532427084,474.4991970129713,0.03439596063988095,50.797045407738096,3052.257767874306,352.11690448037757,767.4428344592261,65.57871875
2026-01-28 05:00:00+00:00,2782.4358225,3764.298495,653.342505,0.331665,43.44146,7386.431582499999,162.16546,788.10359,49.21,2701.1156073472753,4133.207384204834,572.4117832650262,0.17755562644769698,48.42165184148616,7667.458818994612,166.93736567090474,802.9671963331798,49.48328013156046,1055.4804793568949,3443.1931532427084,474.4991970129713,0.03439596063988095,50.797045407738096,3052.257767874306,352.11690448037757,767.4428344592261,65.57871875,1055.4804793568949,3443.1931532427084,474.4991970129713,0.03439596063988095,50.797045407738096,3052.257767874306,352.11690448037757,767.4428344592261,65.57871875
2026-01-28 06:00:00+00:00,2898.040845,4113.5402675000005,645.1125,0.3191675,43.44146,7836.9987575,437.0654349999999,790.65759,49.21,2775.896650279128,4154.578180414758,608.4003587041815,0.07990566586932837,48.58075756816727,7902.326129381649,437.81640433463804,806.0333713778605,50.19633373757898,1055.4804793568949,3443.1931532427084,474.4991970129713,0.03439596063988095,50.797045407738096,3052.257767874306,352.11690448037757,767.4428344592261,65.57871875,1055.4804793568949,3443.1931532427084,474.4991970129713,0.03439596063988095,50.797045407738096,3052.257767874306,352.11690448037757,767.4428344592261,65.57871875
2026-01-28 07:00:00+00:00,2934.64918,4173.32361,629.4691675,0.0,43.44146,7922.498734999999,1100.85278,792.09309,49.21,2995.432408390023,4343.8083346319,627.1326185770529,0.029797626694407987,47.48770254046124,7874.26270624258,1048.5975294040086,803.8353401368802,49.27127919237752,1055.4804793568949,3443.1931532427084,474.4991970129713,0.03439596063988095,50.797045407738096,3052.257767874306,352.11690448037757,767.4428344592261,65.57871875,1055.4804793568949,3443.1931532427084,474.4991970129713,0.03439596063988095,50.797045407738096,3052.257767874306,352.11690448037757,767.4428344592261,65.57871875
2026-01-28 08:00:00+00:00,2982.9700225,4176.5211725,660.1341675,0.0333325,43.44146,7811.91109,1303.6291375,792.09309,49.21,3068.8479527602913,4183.268190877226,669.9522147796463,0.06089272342423563,45.313213217071365,7854.88519897333,844.2163986409689,797.3235831130596,44.9723897283347,1055.4804793568949,3443.1931532427084,474.4991970129713,0.03439596063988095,50.797045407738096,3052.257767874306,352.11690448037757,767.4428344592261,65.57871875,1055.4804793568949,3443.1931532427084,474.4991970129713,0.03439596063988095,50.797045407738096,3052.257767874306,352.11690448037757,767.4428344592261,65.57871875
2026-01-28 09:00:00+00:00,3041.873125,4181.6014225,668.961501,0.1,43.44146,7929.278490000001,704.7381600000003,791.786965,49.21,3055.250079411107,4228.427901300559,610.6324940650491,0.06384877010172031,45.01612612341132,7809.50228242005,593.339480778953,794.4128964019404,45.90624397135208,1055.4804793568949,3443.1931532427084,474.4991970129713,0.03439596063988095,50.797045407738096,3052.257767874306,352.11690448037757,767.4428344592261,65.57871875,1055.4804793568949,3443.1931532427084,474.4991970129713,0.03439596063988095,50.797045407738096,3052.257767874306,352.11690448037757,767.4428344592261,65.57871875
2026-01-28 10:00:00+00:00,3044.777715,4179.8452175,677.7888345,0.0,43.44146,7752.909502499999,213.08321,791.87959,49.21,3133.261992049788,4036.6473558806742,604.4090942765209,0.04632844555929926,44.333793493723036,7854.548257148428,327.8515026621054,795.9456434129448,46.77430647952113,1055.4804793568949,3443.1931532427084,474.4991970129713,0.03439596063988095,50.797045407738096,3052.257767874306,352.11690448037757,767.4428344592261,65.57871875,1055.4804793568949,3443.1931532427084,474.4991970129713,0.03439596063988095,50.797045407738096,3052.257767874306,352.11690448037757,767.4428344592261,65.57871875
2026-01-28 11:00:00+00:00,3025.0575075,4178.81435,686.616168,0.035,43.44146,7848.6633425,555.4926075000001,791.87959,49.21,3230.7794416492816,3925.405927339172,647.4161220146626,0.04215977630703877,43.91285194544403,7871.396007724765,358.70080188485474,796.9042503336962,45.589484150346536,1055.4804793568949,3443.1931532427084,474.4991970129713,0.03439596063988095,50.797045407738096,3052.257767874306,352.11690448037757,767.4428344592261,65.57871875,1055.4804793568949,3443.1931532427084,474.4991970129713,0.03439596063988095,50.797045407738096,3052.257767874306,352.11690448037757,767.4428344592261,65.57871875
2026-01-28 12:00:00+00:00,2987.508315,4107.338635,695.4435015,0.0333325,43.44146,7771.828925,435.665845,791.87959,49.21,2972.9125698873677,4104.498733970138,648.1851071789703,0.04443103734005842,45.64345202282433,7779.1534997096005,448.9389439967565,794.7173132538171,47.39642112598882,1055.4804793568949,3443.1931532427084,474.4991970129713,0.03439596063988095,50.797045407738096,3052.257767874306,352.11690448037757,767.4428344592261,65.57871875,1055.4804793568949,3443.1931532427084,474.4991970129713,0.03439596063988095,50.797045407738096,3052.257767874306,352.11690448037757,767.4428344592261,65.57871875
2026-01-28 13:00:00+00:00,3064.8758500000004,3735.0413275,704.270835,0.07,43.44146,7848.3425050000005,642.4864575,791.87959,49.21,2936.4847910412586,4150.38229298773,631.4106193942923,0.046827774119545404,45.10030273517643,7459.9506952985685,515.9447872168104,801.5492037575485,46.38228339474372,1055.4804793568949,3443.1931532427084,474.4991970129713,0.03439596063988095,50.797045407738096,3052.257767874306,352.11690448037757,767.4428344592261,65.57871875,1055.4804793568949,3443.1931532427084,474.4991970129713,0.03439596063988095,50.797045407738096,3052.257767874306,352.11690448037757,767.4428344592261,65.57871875
2026-01-28 14:00:00+00:00,3053.3141575,3764.31741,668.05667,0.0,43.44146,7688.8746775,849.3070700000001,791.87959,49.21,2871.3097548355645,4493.309083911178,594.2837103505002,0.039561534851553656,46.00483594809302,7478.594271010041,611.4310180432385,806.211119285723,45.545106481738515,1055.4804793568949,3443.1931532427084,474.4991970129713,0.03439596063988095,50.797045407738096,3052.257767874306,352.11690448037757,767.4428344592261,65.57871875,1055.4804793568949,3443.1931532427084,474.4991970129713,0.03439596063988095,50.797045407738096,3052.257767874306,352.11690448037757,767.4428344592261,65.57871875
2026-01-28 15:00:00+00:00,3048.2450049999998,4106.0219175,653.7066675,0.066665,43.44146,8003.4393199999995,669.7998900000001,792.27709,49.21,2860.0785033730854,4600.740828169621,623.0307655931507,0.05207198196311441,45.22716924330455,7192.477802753048,729.6993919358603,789.2331512032226,42.7332954583887,1055.4804793568949,3443.1931532427084,474.4991970129713,0.03439596063988095,50.797045407738096,3052.257767874306,352.11690448037757,767.4428344592261,65.57871875,1055.4804793568949,3443.1931532427084,474.4991970129713,0.03439596063988095,50.797045407738096,3052.257767874306,352.11690448037757,767.4428344592261,65.57871875
2026-01-28 16:00:00+00:00,3051.228325,4174.5363725,658.0566650000001,0.0333325,43.44146,8178.0857975,644.4464175,793.44609,49.21,3070.2132961327848,4402.463663096497,632.4698444911979,0.026659908960274103,44.4248720341766,7614.175750428098,654.2611707515443,797.0236080506962,41.04034062950296,1055.4804793568949,3443.1931532427084,474.4991970129713,0.03439596063988095,50.797045407738096,3052.257767874306,352.11690448037757,767.4428344592261,65.57871875,1055.4804793568949,3443.1931532427084,474.4991970129713,0.03439596063988095,50.797045407738096,3052.257767874306,352.11690448037757,767.4428344592261,65.57871875
2026-01-28 17:00:00+00:00,2832.5933475,4186.5189924999995,653.6375,0.0,43.44146,7806.618675,1358.83189,794.08959,49.21,2854.3725667284903,4362.265517562612,609.2222048245632,0.028870940343410013,44.33201339261303,7578.600251604399,738.2622561914205,789.5397122217693,46.334751466794415,1055.4804793568949,3443.1931532427084,474.4991970129713,0.03439596063988095,50.797045407738096,3052.257767874306,352.11690448037757,767.4428344592261,65.57871875,1055.4804793568949,3443.1931532427084,474.4991970129713,0.03439596063988095,50.797045407738096,3052.257767874306,352.11690448037757,767.4428344592261,65.57871875
2026-01-28 18:00:00+00:00,2704.7800175,4183.26562,678.765,0.0333325,43.44146,7833.9299200000005,597.3469825000001,794.08959,49.21,2701.254052262645,4227.727290315438,629.2584893309614,0.03948777938323261,44.304253145892226,7191.2279109316405,497.81384240922034,789.4827472256876,45.5947895523845,1055.4804793568949,3443.1931532427084,474.4991970129713,0.03439596063988095,50.797045407738096,3052.257767874306,352.11690448037757,767.4428344592261,65.57871875,1055.4804793568949,3443.1931532427084,474.4991970129713,0.03439596063988095,50.797045407738096,3052.257767874306,352.11690448037757,767.4428344592261,65.57871875
2026-01-28 19:00:00+00:00,2977.1325025,3788.7234325,671.8275,0.25,43.44146,7654.1831325,359.84848,794.08959,49.21,2464.8782865796,4134.316980923688,594.0779997191005,0.10554738590575474,44.49428659361937,7251.998099026148,251.00601483937805,791.3194952758203,44.48933296187225,1055.4804793568949,3443.1931532427084,474.4991970129713,0.03439596063988095,50.797045407738096,3052.257767874306,352.11690448037757,767.4428344592261,65.57871875,1055.4804793568949,3443.1931532427084,474.4991970129713,0.03439596063988095,50.797045407738096,3052.257767874306,352.11690448037757,767.4428344592261,65.57871875
2026-01-28 20:00:00+00:00,2843.21667,3774.9919,652.345835,0.0,43.44146,7248.538334999999,173.36321,794.08959,49.21,2376.205328268861,4393.348729708104,545.8248330959278,0.09608635607942712,45.298894661729115,6625.936314083769,202.217557376129,794.7202915912803,43.45520435035201,1055.4804793568949,3443.1931532427084,474.4991970129713,0.03439596063988095,50.797045407738096,3052.257767874306,352.11690448037757,767.4428344592261,65.57871875,1055.4804793568949,3443.1931532427084,474.4991970129713,0.03439596063988095,50.797045407738096,3052.257767874306,352.11690448037757,767.4428344592261,65.57871875
2026-01-28 21:00:00+00:00,2387.1341675,3782.2588525,641.9908350000001,0.15,43.44146,6940.924887499999,141.4523575,792.78609,49.21,2214.338396841805,4058.04125988631,561.2178259782214,0.13388375553999968,45.528062270453994,6350.791296762545,228.83956234414882,797.7841959740049,44.238785316587844,1055.4804793568949,3443.1931532427084,474.4991970129713,0.03439596063988095,50.797045407738096,3052.257767874306,352.11690448037757,767.4428344592261,65.57871875,1055.4804793568949,3443.1931532427084,474.4991970129713,0.03439596063988095,50.797045407738096,3052.257767874306,352.11690448037757,767.4428344592261,65.57871875
2026-01-28 22:00:00+00:00,2281.9116599999998,3782.725385,587.1941625,0.16666750000000002,43.44146,6606.52243,164.84003,791.99959,49.21,2091.047265840173,4028.6776161744842,571.8166770048258,0.1293454226455417,45.528062270453994,5968.546924519088,133.39373113695748,796.8662092850254,45.88983120198567,1055.4804793568949,3443.1931532427084,474.4991970129713,0.03439596063988095,50.797045407738096,3052.257767874306,352.11690448037757,767.4428344592261,65.57871875,1055.4804793568949,3443.1931532427084,474.4991970129713,0.03439596063988095,50.797045407738096,3052.257767874306,352.11690448037757,767.4428344592261,65.57871875
2026-01-28 23:00:00+00:00,2258.4708075,3783.5621874999997,620.743335,0.25166750000000004,43.44146,6465.215485000001,138.9803,787.74509,51.58,2092.5434029284743,3790.7694918869342,586.6421725649648,0.1394366750045324,45.40000006813292,5887.9813301487575,151.65785964618757,794.0999987930892,46.06653153388042,1055.4804793568949,3443.1931532427084,474.4991970129713,0.03439596063988095,50.797045407738096,3052.257767874306,352.11690448037757,767.4428344592261,65.57871875,1055.4804793568949,3443.1931532427084,474.4991970129713,0.03439596063988095,50.797045407738096,3052.257767874306,352.11690448037757,767.4428344592261,65.57871875
2026-01-29 00:00:00+00:00,2255.6216925,3785.5917275,632.8558325,0.0333325,43.44146,6489.64591,130.26324249999996,787.97959,51.58,2006.4445695918698,3791.1457653114107,583.7686670444855,0.05388487202257355,45.48807906952391,5918.233207623034,114.7218932027346,794.4810604397916,45.28216877935269,1055.4804793568949,3443.1931532427084,474.4991970129713,0.03439596063988095,50.797045407738096,3052.257767874306,352.11690448037757,767.4428344592261,65.57871875,1055.4804793568949,3443.1931532427084,474.4991970129713,0.03439596063988095,50.797045407738096,3052.257767874306,352.11690448037757,767.4428344592261,65.57871875
2026-01-29 01:00:00+00:00,2253.7649925,3785.2673075000002,609.2566625,0.0,43.44146,6451.83601,130.18231,787.69359,51.58,1970.7794064730306,3705.9126043534084,586.9533573032152,0.03733829458518325,45.924890092500014,5789.006581044701,155.71734115686135,794.6503186969883,42.290406043683845,1055.4804793568949,3443.1931532427084,474.4991970129713,0.03439596063988095,50.797045407738096,3052.257767874306,352.11690448037757,767.4428344592261,65.57871875,1055.4804793568949,3443.1931532427084,474.4991970129713,0.03439596063988095,50.797045407738096,3052.257767874306,352.11690448037757,767.4428344592261,65.57871875
2026-01-29 02:00:00+00:00,2253.1441575,3762.975245,610.4933325,0.0666675,43.44146,6470.870075,129.079945,787.69359,50.08,2126.2006730070084,3682.7716995019814,592.5715844444622,0.0351126441652818,46.026770541400886,5788.956133596241,155.71734115686135,794.1977045061327,45.455518548538436,1055.4804793568949,3443.1931532427084,474.4991970129713,0.03439596063988095,50.797045407738096,3052.257767874306,352.11690448037757,767.4428344592261,65.57871875,1055.4804793568949,3443.1931532427084,474.4991970129713,0.03439596063988095,50.797045407738096,3052.257767874306,352.11690448037757,767.4428344592261,65.57871875
2026-01-29 03:00:00+00:00,2243.8508325,3787.1801375,630.1416624999999,0.066665,43.44146,6502.6954925,129.0544525,787.69359,48.58,2226.528540628642,3635.990995067505,589.9272109836244,0.04758414077099364,45.82890661313179,5713.400446216128,168.0338083347273,795.7890599621218,45.863134170911835,1055.4804793568949,3443.1931532427084,474.4991970129713,0.03439596063988095,50.797045407738096,3052.257767874306,352.11690448037757,767.4428344592261,65.57871875,1055.4804793568949,3443.1931532427084,474.4991970129713,0.03439596063988095,50.797045407738096,3052.257767874306,352.11690448037757,767.4428344592261,65.57871875
2026-01-29 04:00:00+00:00,2325.4116825,3790.051295,609.2341675,0.1,43.44146,6541.790435,130.36051,787.69359,47.58,2175.3816656273843,3759.949782211971,587.4993352590274,0.0656516686670344,45.22172324452273,6119.608795104574,126.69408547147833,794.3720788573776,45.59775879155694,1055.4804793568949,3443.1931532427084,474.4991970129713,0.03439596063988095,50.797045407738096,3052.257767874306,352.11690448037757,767.4428344592261,65.57871875,1055.4804793568949,3443.1931532427084,474.4991970129713,0.03439596063988095,50.797045407738096,3052.257767874306,352.11690448037757,767.4428344592261,65.57871875
2026-01-29 05:00:00+00:00,2503.1000025,3780.54792,639.7150025,0.1333325,43.44146,7101.528665,142.66495999999998,789.10409,47.58,2461.5125399550575,4039.604825483019,603.734531904887,0.1412823741259307,44.802009929588195,6950.296338692397,176.70700890395332,794.2421991911458,48.177114315299505,1055.4804793568949,3443.1931532427084,474.4991970129713,0.03439596063988095,50.797045407738096,3052.257767874306,352.11690448037757,767.4428344592261,65.57871875,1055.4804793568949,3443.1931532427084,474.4991970129713,0.03439596063988095,50.797045407738096,3052.257767874306,352.11690448037757,767.4428344592261,65.57871875
2026-01-29 06:00:00+00:00,3026.7549774999998,4076.4350325,601.6266674999999,0.0333325,43.44146,7851.072927499999,389.048345,791.65809,48.58,2930.8825943736565,4232.759938747192,628.113492582657,0.08281690428090865,44.437441572275326,7679.76361355703,420.0257802818735,792.8277290535887,44.77991322309144,1055.4804793568949,3443.1931532427084,474.4991970129713,0.03439596063988095,50.797045407738096,3052.257767874306,352.11690448037757,767.4428344592261,65.57871875,1055.4804793568949,3443.1931532427084,474.4991970129713,0.03439596063988095,50.797045407738096,3052.257767874306,352.11690448037757,767.4428344592261,65.57871875
2026-01-29 07:00:00+00:00,3176.8225,4190.7401025,632.20083,0.0,43.44146,8301.8998475,1363.6978875000002,793.09409,48.58,3343.8493226206656,4380.064627871408,662.4521666972665,0.044390959319717094,43.90290909532081,8017.103975631784,980.465264977963,791.379254834032,44.20814856367497,1055.4804793568949,3443.1931532427084,474.4991970129713,0.03439596063988095,50.797045407738096,3052.257767874306,352.11690448037757,767.4428344592261,65.57871875,1055.4804793568949,3443.1931532427084,474.4991970129713,0.03439596063988095,50.797045407738096,3052.257767874306,352.11690448037757,767.4428344592261,65.57871875
2026-01-29 08:00:00+00:00,3410.2766325000002,4188.2893875,699.71618,0.0,43.44146,8323.115495,1279.45229375,793.09409,48.58,3254.9387885904753,4310.8598476343395,674.005431456476,0.03263453462359278,44.07857751582318,7960.478915809581,964.5120886953154,791.6782606637732,44.39030481587698,1055.4804793568949,3443.1931532427084,474.4991970129713,0.03439596063988095,50.797045407738096,3052.257767874306,352.11690448037757,767.4428344592261,65.57871875,1055.4804793568949,3443.1931532427084,474.4991970129713,0.03439596063988095,50.797045407738096,3052.257767874306,352.11690448037757,767.4428344592261,65.57871875
2026-01-29 09:00:00+00:00,3407.4934679999997,4139.169185000001,706.862495,0.066665,43.44146,8415.0464275,1195.2067,792.50959,48.58,3124.095788390746,4281.856503498547,685.4238937235781,0.04005397122901923,44.08443421410394,8105.97948403609,920.7533411385914,791.6782606637732,44.17829911620268,1055.4804793568949,3443.1931532427084,474.4991970129713,0.03439596063988095,50.797045407738096,3052.257767874306,352.11690448037757,767.4428344592261,65.57871875,1055.4804793568949,3443.1931532427084,474.4991970129713,0.03439596063988095,50.797045407738096,3052.257767874306,352.11690448037757,767.4428344592261,65.57871875
2026-01-29 10:00:00+00:00,3404.7103035,3739.298775,704.5925025,0.135,43.44146,8528.694015000001,863.7267200000001,792.50959,48.58,3278.177953314648,4321.185878238584,657.6278517962363,0.04244607368933552,43.594666418884685,8152.148022646385,718.7506787394609,795.099373675461,42.37508752596867,1055.4804793568949,3443.1931532427084,474.4991970129713,0.03439596063988095,50.797045407738096,3052.257767874306,352.11690448037757,767.4428344592261,65.57871875,1055.4804793568949,3443.1931532427084,474.4991970129713,0.03439596063988095,50.797045407738096,3052.257767874306,352.11690448037757,767.4428344592261,65.57871875
2026-01-29 11:00:00+00:00,3401.9271390000004,3706.467245,704.5615304166666,0.0333325,43.44146,8357.022655,179.95995499999995,792.50959,48.58,3328.264085398384,4301.886328949701,679.2278015711795,0.0462276096851169,43.73790219394113,8156.1363119260095,377.4738091602837,793.401246296004,42.86116105263376,1055.4804793568949,3443.1931532427084,474.4991970129713,0.03439596063988095,50.797045407738096,3052.257767874306,352.11690448037757,767.4428344592261,65.57871875,1055.4804793568949,3443.1931532427084,474.4991970129713,0.03439596063988095,50.797045407738096,3052.257767874306,352.11690448037757,767.4428344592261,65.57871875
2026-01-29 12:00:00+00:00,3399.1439745,3967.5630075,704.5305583333334,0.10269250000000002,43.44146,8518.9609275,222.77209,792.50959,48.58,3276.940808421982,4335.130037046794,687.932100685157,0.033791890338142005,43.44311048402856,8036.501593555748,340.92325381251845,792.992245998315,43.996771697389114,1055.4804793568949,3443.1931532427084,474.4991970129713,0.03439596063988095,50.797045407738096,3052.257767874306,352.11690448037757,767.4428344592261,65.57871875,1055.4804793568949,3443.1931532427084,474.4991970129713,0.03439596063988095,50.797045407738096,3052.257767874306,352.11690448037757,767.4428344592261,65.57871875
2026-01-29 13:00:00+00:00,3396.36081,4099.756225,704.49958625,0.0666675,43.44146,8518.3219025,852.545415,792.50959,48.58,3377.6945981886265,4180.438431223174,681.8960992997454,0.03673166734508821,43.54551385371789,8073.218356456355,530.87785336118,792.9003280874488,44.25102268410174,1055.4804793568949,3443.1931532427084,474.4991970129713,0.03439596063988095,50.797045407738096,3052.257767874306,352.11690448037757,767.4428344592261,65.57871875,1055.4804793568949,3443.1931532427084,474.4991970129713,0.03439596063988095,50.797045407738096,3052.257767874306,352.11690448037757,767.4428344592261,65.57871875
2026-01-29 14:00:00+00:00,3393.5776454999996,4302.313935,704.4686141666666,0.0,43.44146,8540.0021325,175.41294499999995,792.50959,48.58,3383.9735195258036,4181.530361348487,676.3294022525733,0.03414695005686528,43.99573789014679,8086.84258758676,449.11741904880085,793.2014436206745,42.66816968294092,1055.4804793568949,3443.1931532427084,474.4991970129713,0.03439596063988095,50.797045407738096,3052.257767874306,352.11690448037757,767.4428344592261,65.57871875,1055.4804793568949,3443.1931532427084,474.4991970129713,0.03439596063988095,50.797045407738096,3052.257767874306,352.11690448037757,767.4428344592261,65.57871875
2026-01-29 15:00:00+00:00,3390.794481,4341.193827499999,704.4376420833333,0.0316675,43.44146,8411.422742499999,200.8429,792.90709,48.58,3489.884684224746,4266.793807744054,681.9105912987457,0.034063819612630636,44.172030549668975,8022.121813988224,557.4107504946089,791.3538614920124,43.643902422624464,1055.4804793568949,3443.1931532427084,474.4991970129713,0.03439596063988095,50.797045407738096,3052.257767874306,352.11690448037757,767.4428344592261,65.57871875,1055.4804793568949,3443.1931532427084,474.4991970129713,0.03439596063988095,50.797045407738096,3052.257767874306,352.11690448037757,767.4428344592261,65.57871875
2026-01-29 16:00:00+00:00,3388.0113165000002,4345.7325550000005,704.40667,0.0333325,43.44146,8396.627675,741.3928475,794.07609,48.58,3368.265698497048,4312.81430872873,681.7868051471778,0.021075192673888566,44.671785008495675,8017.282827049423,833.843504838476,801.9203268312788,45.21358076116674,1055.4804793568949,3443.1931532427084,474.4991970129713,0.03439596063988095,50.797045407738096,3052.257767874306,352.11690448037757,767.4428344592261,65.57871875,1055.4804793568949,3443.1931532427084,474.4991970129713,0.03439596063988095,50.797045407738096,3052.257767874306,352.11690448037757,767.4428344592261,65.57871875
2026-01-29 17:00:00+00:00,3385.2281519999997,4295.2844875,664.38417,0.0,43.44146,8498.500175,1058.2451500000002,794.71959,48.58,3365.639064314826,4381.01050978373,664.2852363165333,0.011781065642139266,44.569440864162495,8061.356782709463,876.5440361567039,793.6185282427359,47.12171985338157,1055.4804793568949,3443.1931532427084,474.4991970129713,0.03439596063988095,50.797045407738096,3052.257767874306,352.11690448037757,767.4428344592261,65.57871875,1055.4804793568949,3443.1931532427084,474.4991970129713,0.03439596063988095,50.797045407738096,3052.257767874306,352.11690448037757,767.4428344592261,65.57871875
2026-01-29 18:00:00+00:00,3382.4449875,4154.53092,629.9533375,0.0,43.44146,8421.881085,560.9572725,794.71959,48.58,3446.1967375844597,4313.816230578084,646.1247496993817,0.014069785338829563,44.141800662183506,8207.263748416646,634.5667754092085,797.240343354922,46.19550693245917,1055.4804793568949,3443.1931532427084,474.4991970129713,0.03439596063988095,50.797045407738096,3052.257767874306,352.11690448037757,767.4428344592261,65.57871875,1055.4804793568949,3443.1931532427084,474.4991970129713,0.03439596063988095,50.797045407738096,3052.257767874306,352.11690448037757,767.4428344592261,65.57871875
2026-01-29 19:00:00+00:00,3180.4166925,3835.8157075,552.0433350000001,0.0683325,43.44146,8250.317355,200.14359000000002,794.71959,48.58,3185.2629266170325,4241.1051054458085,624.0032628171243,0.07544036291573901,45.463792450514774,7946.9269412725935,303.6085856624886,797.9714864797319,45.634655197144184,1055.4804793568949,3443.1931532427084,474.4991970129713,0.03439596063988095,50.797045407738096,3052.257767874306,352.11690448037757,767.4428344592261,65.57871875,1055.4804793568949,3443.1931532427084,474.4991970129713,0.03439596063988095,50.797045407738096,3052.257767874306,352.11690448037757,767.4428344592261,65.57871875
2026-01-29 20:00:00+00:00,2985.6633300000003,3501.0551175,538.4125,0.1333325,43.44146,7508.067827499999,176.07377000000002,794.71959,48.58,2629.6056370773613,4023.662068525395,536.6689444434331,0.08780012990588726,45.439359424517804,7331.506924521791,201.1927628985475,801.627772420941,46.84324020040681,1055.4804793568949,3443.1931532427084,474.4991970129713,0.03439596063988095,50.797045407738096,3052.257767874306,352.11690448037757,767.4428344592261,65.57871875,1055.4804793568949,3443.1931532427084,474.4991970129713,0.03439596063988095,50.797045407738096,3052.257767874306,352.11690448037757,767.4428344592261,65.57871875
2026-01-29 21:00:00+00:00,2699.78084,3322.7716575,547.2108325,0.0666675,43.44146,6744.3787475,176.14975249999998,793.41609,48.58,2503.0693295741817,3889.248617148229,502.43378612607955,0.0959656577832001,44.97176829581285,6543.66452136509,178.63459827334768,799.6695587181201,46.219068468935745,1055.4804793568949,3443.1931532427084,474.4991970129713,0.03439596063988095,50.797045407738096,3052.257767874306,352.11690448037757,767.4428344592261,65.57871875,1055.4804793568949,3443.1931532427084,474.4991970129713,0.03439596063988095,50.797045407738096,3052.257767874306,352.11690448037757,767.4428344592261,65.57871875
2026-01-29 22:00:00+00:00,2574.34,3330.21227,530.0566675,0.0333325,43.44146,5856.0195075,157.01775,792.62959,48.58,2368.8411907184627,3808.3492207203535,526.2766699704132,0.09610205636658109,45.18107424868301,5748.759589911904,142.67898305566354,796.147195917073,45.12970490862702,1055.4804793568949,3443.1931532427084,474.4991970129713,0.03439596063988095,50.797045407738096,3052.257767874306,352.11690448037757,767.4428344592261,65.57871875,1055.4804793568949,3443.1931532427084,474.4991970129713,0.03439596063988095,50.797045407738096,3052.257767874306,352.11690448037757,767.4428344592261,65.57871875
2026-01-29 23:00:00+00:00,2294.2983425,3575.3891825,548.32417,0.13333250000000002,43.44146,5165.241915,132.2241,788.37509,50.0,2503.953692783245,3711.749068295252,524.8522714419005,0.11598886980916828,45.050574103844745,5606.303267469017,135.45366536063796,796.0961292164598,44.91089701179011,1055.4804793568949,3443.1931532427084,474.4991970129713,0.03439596063988095,50.797045407738096,3052.257767874306,352.11690448037757,767.4428344592261,65.57871875,1055.4804793568949,3443.1931532427084,474.4991970129713,0.03439596063988095,50.797045407738096,3052.257767874306,352.11690448037757,767.4428344592261,65.57871875
2026-01-30 00:00:00+00:00,2295.218305,3930.0545349999998,527.6641675,0.1,43.44146,5081.4302475,132.3139425,789.86459,50.0,2508.2174705028037,3870.726268111136,525.1062460576061,0.05604959793965249,45.54095576356607,5190.639051606347,156.94480568366478,796.9888914266904,44.1135871353017,1055.4804793568949,3443.1931532427084,474.4991970129713,0.03439596063988095,50.797045407738096,3052.257767874306,352.11690448037757,767.4428344592261,65.57871875,1055.4804793568949,3443.1931532427084,474.4991970129713,0.03439596063988095,50.797045407738096,3052.257767874306,352.11690448037757,767.4428344592261,65.57871875
2026-01-30 01:00:00+00:00,2302.5641525,4156.048445,504.26250000000005,0.0333325,43.44146,4999.8494175,132.58347,789.57859,50.0,2589.336061680655,4032.6899216765514,537.4189818276938,0.030400287427312232,44.710570455790986,5161.050171718542,149.9662602366297,795.1429077531474,44.062946253477264,1055.4804793568949,3443.1931532427084,474.4991970129713,0.03439596063988095,50.797045407738096,3052.257767874306,352.11690448037757,767.4428344592261,65.57871875,1055.4804793568949,3443.1931532427084,474.4991970129713,0.03439596063988095,50.797045407738096,3052.257767874306,352.11690448037757,767.4428344592261,65.57871875
2026-01-30 02:00:00+00:00,2299.3275000000003,4379.66542,491.210835,0.0,43.44146,4870.961085,132.64485000000002,789.57859,50.0,2421.005843244491,4171.270633592677,514.936694558541,0.021781379850508896,44.48399119550206,5182.867464539079,165.54440416003388,796.3906123693012,43.85357381348251,1055.4804793568949,3443.1931532427084,474.4991970129713,0.03439596063988095,50.797045407738096,3052.257767874306,352.11690448037757,767.4428344592261,65.57871875,1055.4804793568949,3443.1931532427084,474.4991970129713,0.03439596063988095,50.797045407738096,3052.257767874306,352.11690448037757,767.4428344592261,65.57871875
2026-01-30 03:00:00+00:00,2269.043345,4401.5928925,506.628335,0.0,43.44146,5156.4350775,132.08253,789.57859,50.0,2437.526310957539,4133.133459163384,513.5771730422489,0.025272650336624885,44.24920294066732,5054.652174917451,145.7504817798662,795.0429835941454,44.697127582295344,1055.4804793568949,3443.1931532427084,474.4991970129713,0.03439596063988095,50.797045407738096,3052.257767874306,352.11690448037757,767.4428344592261,65.57871875,1055.4804793568949,3443.1931532427084,474.4991970129713,0.03439596063988095,50.797045407738096,3052.257767874306,352.11690448037757,767.4428344592261,65.57871875
2026-01-30 04:00:00+00:00,2420.5691850000003,4170.2858625,502.62333,0.0683325,43.44146,5966.8817575,140.39245,789.57859,48.0,2280.243761064967,4166.565427475075,517.7384554690886,0.07794723802676926,45.184207378902094,5518.771866462802,154.20933656757964,797.7683903433594,44.49523527496058,1055.4804793568949,3443.1931532427084,474.4991970129713,0.03439596063988095,50.797045407738096,3052.257767874306,352.11690448037757,767.4428344592261,65.57871875,1055.4804793568949,3443.1931532427084,474.4991970129713,0.03439596063988095,50.797045407738096,3052.257767874306,352.11690448037757,767.4428344592261,65.57871875
2026-01-30 05:00:00+00:00,2207.2083549999998,3799.3284775,507.2475,0.3,43.44146,6895.7094875,267.62034,790.98909,49.0,2346.4778229714243,4393.036125761265,529.61548450157,0.16247451802491425,45.25316942122186,6440.360887192292,232.98169620865522,796.8842163996376,47.75979886368853,1055.4804793568949,3443.1931532427084,474.4991970129713,0.03439596063988095,50.797045407738096,3052.257767874306,352.11690448037757,767.4428344592261,65.57871875,1055.4804793568949,3443.1931532427084,474.4991970129713,0.03439596063988095,50.797045407738096,3052.257767874306,352.11690448037757,767.4428344592261,65.57871875
2026-01-30 06:00:00+00:00,2198.312495,3809.835815,508.4441675,0.0333325,43.44146,7062.8387625,778.1518825,793.54359,47.75,2499.6301208375276,4420.408293190477,496.5747421063613,0.04734672319306046,45.32811914419537,7260.016703724848,646.3941127503326,791.6086077852212,43.63810279561497,1055.4804793568949,3443.1931532427084,474.4991970129713,0.03439596063988095,50.797045407738096,3052.257767874306,352.11690448037757,767.4428344592261,65.57871875,1055.4804793568949,3443.1931532427084,474.4991970129713,0.03439596063988095,50.797045407738096,3052.257767874306,352.11690448037757,767.4428344592261,65.57871875
2026-01-30 07:00:00+00:00,2214.784995,3717.30859,501.6833325,0.0,43.44146,7100.179505,1224.4244999999999,795.72009,51.25,2628.299795385037,4255.058810415533,526.1804222100841,0.024279915162783234,45.34198554413802,7309.650330482005,933.2184956909991,794.9469039341341,43.92803734071103,1055.4804793568949,3443.1931532427084,474.4991970129713,0.03439596063988095,50.797045407738096,3052.257767874306,352.11690448037757,767.4428344592261,65.57871875,1055.4804793568949,3443.1931532427084,474.4991970129713,0.03439596063988095,50.797045407738096,3052.257767874306,352.11690448037757,767.4428344592261,65.57871875
2026-01-30 08:00:00+00:00,2307.3858275000002,3520.8559375,505.6758325,0.0,43.44146,7192.480347499999,1271.867705,795.72009,50.0,2679.626042523367,4109.136465765829,517.2955889577648,0.047962118555920995,44.31875713111921,7183.526084051617,837.301512459542,794.7988448584986,43.497517106625395,1055.4804793568949,3443.1931532427084,474.4991970129713,0.03439596063988095,50.797045407738096,3052.257767874306,352.11690448037757,767.4428344592261,65.57871875,1055.4804793568949,3443.1931532427084,474.4991970129713,0.03439596063988095,50.797045407738096,3052.257767874306,352.11690448037757,767.4428344592261,65.57871875
2026-01-30 09:00:00+00:00,2320.7725075,3677.696245,506.9283375,0.1,43.44146,7076.163995,442.90538,795.13609,46.0,2640.751336064637,4182.961290693407,534.0335033966049,0.05981665522553631,44.019294870848235,7262.315657380963,416.21718664704304,791.5953484879453,40.56524131351483,1055.4804793568949,3443.1931532427084,474.4991970129713,0.03439596063988095,50.797045407738096,3052.257767874306,352.11690448037757,767.4428344592261,65.57871875,1055.4804793568949,3443.1931532427084,474.4991970129713,0.03439596063988095,50.797045407738096,3052.257767874306,352.11690448037757,767.4428344592261,65.57871875
2026-01-30 10:00:00+00:00,2323.716675,3679.15976,505.1649975,0.0,43.44146,6845.241330000001,188.11915,795.13609,47.0,2667.322252880684,4219.968865090298,499.85736074744824,0.060184424261881475,44.56084364478003,7035.887943846374,178.95065070528628,791.5040419306295,40.74716569494181,1055.4804793568949,3443.1931532427084,474.4991970129713,0.03439596063988095,50.797045407738096,3052.257767874306,352.11690448037757,767.4428344592261,65.57871875,1055.4804793568949,3443.1931532427084,474.4991970129713,0.03439596063988095,50.797045407738096,3052.257767874306,352.11690448037757,767.4428344592261,65.57871875
2026-01-30 11:00:00+00:00,2330.5250075000004,3677.6623175,502.689165,0.0333325,43.44146,6382.1712325,137.9046625,795.13609,47.0,2784.087703199035,3971.5175318875017,501.5163818669634,0.03894685891893071,44.72055446182832,7105.466970498348,158.19506215657958,792.7725987604282,40.54580628069195,1055.4804793568949,3443.1931532427084,474.4991970129713,0.03439596063988095,50.797045407738096,3052.257767874306,352.11690448037757,767.4428344592261,65.57871875,1055.4804793568949,3443.1931532427084,474.4991970129713,0.03439596063988095,50.797045407738096,3052.257767874306,352.11690448037757,767.4428344592261,65.57871875
2026-01-30 12:00:00+00:00,2433.9975025000003,3673.9340875,519.9766675000001,0.066665,43.44146,6313.93633,136.19661000000002,795.043465,48.0,2740.4827718189954,4078.543475934148,516.646480944758,0.0362829637343461,46.09983086249305,6906.302489623144,135.94807514042535,793.4078689842714,38.508038153620824,1055.4804793568949,3443.1931532427084,474.4991970129713,0.03439596063988095,50.797045407738096,3052.257767874306,352.11690448037757,767.4428344592261,65.57871875,1055.4804793568949,3443.1931532427084,474.4991970129713,0.03439596063988095,50.797045407738096,3052.257767874306,352.11690448037757,767.4428344592261,65.57871875
2026-01-30 13:00:00+00:00,2465.3958425,3670.7172725,524.7508375,0.0,43.44146,6261.392519999999,136.19661000000002,794.76559,48.0,2582.3321456812746,4195.170712199952,527.3057099997343,0.0408402863819771,45.23531554140126,6874.105240301935,126.09869767767003,793.268026806142,40.46263133778891,1055.4804793568949,3443.1931532427084,474.4991970129713,0.03439596063988095,50.797045407738096,3052.257767874306,352.11690448037757,767.4428344592261,65.57871875,1055.4804793568949,3443.1931532427084,474.4991970129713,0.03439596063988095,50.797045407738096,3052.257767874306,352.11690448037757,767.4428344592261,65.57871875
2026-01-30 14:00:00+00:00,2538.9733275,3577.2497425,523.4525,0.0,43.44146,6399.8679274999995,136.19661000000002,794.76559,48.84,2478.495573907497,4106.112140301681,513.6320140780472,0.06066722259387035,45.57136900464432,6713.071378577746,198.3977598985201,790.1777778564241,40.566698843318235,1055.4804793568949,3443.1931532427084,474.4991970129713,0.03439596063988095,50.797045407738096,3052.257767874306,352.11690448037757,767.4428344592261,65.57871875,1055.4804793568949,3443.1931532427084,474.4991970129713,0.03439596063988095,50.797045407738096,3052.257767874306,352.11690448037757,767.4428344592261,65.57871875
2026-01-30 15:00:00+00:00,2847.8324975,3481.6398375,520.24583,0.0,43.44146,6448.3562725,139.62411,795.16259,37.3,2528.7545743187657,4082.0827387763434,503.476494751377,0.05831317780431006,45.800879463193255,6699.473801693533,275.3602636755786,789.9548828570428,38.68456869622612,1055.4804793568949,3443.1931532427084,474.4991970129713,0.03439596063988095,50.797045407738096,3052.257767874306,352.11690448037757,767.4428344592261,65.57871875,1055.4804793568949,3443.1931532427084,474.4991970129713,0.03439596063988095,50.797045407738096,3052.257767874306,352.11690448037757,767.4428344592261,65.57871875
2026-01-30 16:00:00+00:00,2753.6916650000003,3479.1087625,522.8566625,0.0,43.44146,6718.9675824999995,141.3197725,795.88009,32.31,2636.8123849112653,4150.78388470949,492.99778578240796,0.034836801738677106,44.59832968130341,6857.01870822901,295.6928874881572,798.8912028957867,41.36672718349443,1055.4804793568949,3443.1931532427084,474.4991970129713,0.03439596063988095,50.797045407738096,3052.257767874306,352.11690448037757,767.4428344592261,65.57871875,1055.4804793568949,3443.1931532427084,474.4991970129713,0.03439596063988095,50.797045407738096,3052.257767874306,352.11690448037757,767.4428344592261,65.57871875
2026-01-30 17:00:00+00:00,2816.2116724999996,3455.73106,510.9325025,0.19666749999999997,43.44146,7064.276174999999,140.76661000000001,796.52359,32.75,2665.6958239068626,3930.564983574054,512.1163339232639,0.06535767410953716,44.52813671334451,6912.358648189682,382.6030729674542,792.1925765370908,40.324063898598276,1055.4804793568949,3443.1931532427084,474.4991970129713,0.03439596063988095,50.797045407738096,3052.257767874306,352.11690448037757,767.4428344592261,65.57871875,1055.4804793568949,3443.1931532427084,474.4991970129713,0.03439596063988095,50.797045407738096,3052.257767874306,352.11690448037757,767.4428344592261,65.57871875
2026-01-30 18:00:00+00:00,2702.4116325,3287.74252,540.495,0.0666675,43.44146,7015.730005,140.10667999999998,796.52359,33.0,2471.2614587747735,3889.524111131137,528.1108732432283,0.06593365469399826,43.834311237254504,6758.186290079066,201.24499333347262,791.0099048228118,41.30618488047021,1055.4804793568949,3443.1931532427084,474.4991970129713,0.03439596063988095,50.797045407738096,3052.257767874306,352.11690448037757,767.4428344592261,65.57871875,1055.4804793568949,3443.1931532427084,474.4991970129713,0.03439596063988095,50.797045407738096,3052.257767874306,352.11690448037757,767.4428344592261,65.57871875
2026-01-30 19:00:00+00:00,2339.7900125,3303.33345,535.8558375,0.0333325,43.44146,6581.3594125,137.56655000000003,796.52359,32.5,2429.8135543703165,3891.9024582654756,527.9408702235588,0.09195904725101724,43.700106389868715,6132.993082642324,161.9059758897575,794.6016276232737,41.46006138230459,1055.4804793568949,3443.1931532427084,474.4991970129713,0.03439596063988095,50.797045407738096,3052.257767874306,352.11690448037757,767.4428344592261,65.57871875,1055.4804793568949,3443.1931532427084,474.4991970129713,0.03439596063988095,50.797045407738096,3052.257767874306,352.11690448037757,767.4428344592261,65.57871875
2026-01-30 20:00:00+00:00,2302.79334,3468.7693725,557.569995,0.1016675,43.44146,5682.77776,137.50446,796.52359,32.0,2348.7999722197246,3861.8144385314695,521.9930050456786,0.10761640459722696,44.39208970946041,5676.8953401040535,162.75114417292934,795.081870702698,38.52568998301014,1055.4804793568949,3443.1931532427084,474.4991970129713,0.03439596063988095,50.797045407738096,3052.257767874306,352.11690448037757,767.4428344592261,65.57871875,1055.4804793568949,3443.1931532427084,474.4991970129713,0.03439596063988095,50.797045407738096,3052.257767874306,352.11690448037757,767.4428344592261,65.57871875
2026-01-30 21:00:00+00:00,2198.1981725,3485.1924774999998,479.7188525,0.3166675,43.44146,5346.421275,151.89595250000002,795.22009,33.0,2167.0545434327014,3580.912494326702,522.4711200038629,0.16143535633894726,44.03990252569395,5127.627334131602,115.12640845180383,793.2393989811388,38.426439241114565,1055.4804793568949,3443.1931532427084,474.4991970129713,0.03439596063988095,50.797045407738096,3052.257767874306,352.11690448037757,767.4428344592261,65.57871875,1055.4804793568949,3443.1931532427084,474.4991970129713,0.03439596063988095,50.797045407738096,3052.257767874306,352.11690448037757,767.4428344592261,65.57871875
2026-01-30 22:00:00+00:00,2268.30415,3482.2728575,455.28,0.0333325,43.44146,4587.71842,162.33827999999997,794.43359,32.0,2023.8106343721388,3503.4098068390567,511.06808120969487,0.1124385796185165,44.67994599042401,4538.169504790504,123.67184713493387,791.9703660031779,39.402558553693765,1055.4804793568949,3443.1931532427084,474.4991970129713,0.03439596063988095,50.797045407738096,3052.257767874306,352.11690448037757,767.4428344592261,65.57871875,1055.4804793568949,3443.1931532427084,474.4991970129713,0.03439596063988095,50.797045407738096,3052.257767874306,352.11690448037757,767.4428344592261,65.57871875
2026-01-30 23:00:00+00:00,1770.8925225,3568.2442425,549.9108325,0.0,43.44146,4302.33533,140.97138750000002,789.88959,34.0,2012.5469687825473,3092.426405743199,528.1952899163235,0.11914284147251508,44.0656067325846,4099.836081702939,125.86711813180656,791.2695725725032,40.88595055960731,1055.4804793568949,3443.1931532427084,474.4991970129713,0.03439596063988095,50.797045407738096,3052.257767874306,352.11690448037757,767.4428344592261,65.57871875,1055.4804793568949,3443.1931532427084,474.4991970129713,0.03439596063988095,50.797045407738096,3052.257767874306,352.11690448037757,767.4428344592261,65.57871875
2026-01-31 00:00:00+00:00,1726.3733300000001,3566.3628200000003,593.2041675,0.0,43.44146,4133.0025000000005,127.88067000000004,789.49409,34.0,1727.7773018370299,3120.477707962603,552.640153697173,0.05680882992027543,43.309565572300016,4328.588493439691,114.10586952162876,791.8853875076655,36.86624357118899,1055.4804793568949,3443.1931532427084,474.4991970129713,0.03439596063988095,50.797045407738096,3052.257767874306,352.11690448037757,767.4428344592261,65.57871875,1055.4804793568949,3443.1931532427084,474.4991970129713,0.03439596063988095,50.797045407738096,3052.257767874306,352.11690448037757,767.4428344592261,65.57871875
2026-01-31 01:00:00+00:00,1778.2966675,3603.2004475,575.0475025000001,0.1316675,43.44146,3686.203245,127.96977000000001,789.20809,34.0,1595.87702009309,3109.081117414749,554.2826229153385,0.04797453896432249,43.400435813228825,3834.7016664114763,114.67924245692976,791.684483149704,36.22288059421513,1055.4804793568949,3443.1931532427084,474.4991970129713,0.03439596063988095,50.797045407738096,3052.257767874306,352.11690448037757,767.4428344592261,65.57871875,1055.4804793568949,3443.1931532427084,474.4991970129713,0.03439596063988095,50.797045407738096,3052.257767874306,352.11690448037757,767.4428344592261,65.57871875
2026-01-31 02:00:00+00:00,1729.5541825,3476.5552225,590.743335,0.0,43.44146,3725.9470025,127.91334,789.20809,32.5,1428.597984746516,3089.4036856060447,544.7208418956709,0.02323140325561334,44.40059394338085,3558.6395630744473,114.67924245692976,791.5942885836445,35.49153678813198,1055.4804793568949,3443.1931532427084,474.4991970129713,0.03439596063988095,50.797045407738096,3052.257767874306,352.11690448037757,767.4428344592261,65.57871875,1055.4804793568949,3443.1931532427084,474.4991970129713,0.03439596063988095,50.797045407738096,3052.257767874306,352.11690448037757,767.4428344592261,65.57871875
2026-01-31 03:00:00+00:00,1787.081665,3271.3560925,570.5424975,0.0,43.44146,3595.199335,127.9274475,789.20809,31.0,1450.2925049445641,3070.206105200584,541.0057077218978,0.02279060768304602,43.30656504008343,3646.2072834117516,136.3444477197112,790.39697241237,36.06842557625768,1055.4804793568949,3443.1931532427084,474.4991970129713,0.03439596063988095,50.797045407738096,3052.257767874306,352.11690448037757,767.4428344592261,65.57871875,1055.4804793568949,3443.1931532427084,474.4991970129713,0.03439596063988095,50.797045407738096,3052.257767874306,352.11690448037757,767.4428344592261,65.57871875
2026-01-31 04:00:00+00:00,2049.1508325,3253.9113925,599.4216675,0.0,43.44146,3565.5660875,138.94127,789.20809,30.25,1390.9022887046308,2987.5506310088517,544.9183499287083,0.04527685502889908,43.055363178273495,3691.502230582792,146.3767296802966,789.7043770520545,36.685297617192305,1055.4804793568949,3443.1931532427084,474.4991970129713,0.03439596063988095,50.797045407738096,3052.257767874306,352.11690448037757,767.4428344592261,65.57871875,1055.4804793568949,3443.1931532427084,474.4991970129713,0.03439596063988095,50.797045407738096,3052.257767874306,352.11690448037757,767.4428344592261,65.57871875
2026-01-31 05:00:00+00:00,1935.5308324999999,3221.2418775,563.0908375,0.0333325,43.44146,3832.6854974999997,141.88599,790.61859,30.0,1503.2964967973717,3144.4646867988267,542.6537845216199,0.0766205042197973,43.28530572082011,3970.958428879939,189.01097413457074,784.8605278210623,37.333215556738764,1055.4804793568949,3443.1931532427084,474.4991970129713,0.03439596063988095,50.797045407738096,3052.257767874306,352.11690448037757,767.4428344592261,65.57871875,1055.4804793568949,3443.1931532427084,474.4991970129713,0.03439596063988095,50.797045407738096,3052.257767874306,352.11690448037757,767.4428344592261,65.57871875
2026-01-31 06:00:00+00:00,1994.5675175000001,3222.819305,520.9208325,0.065,43.44146,4216.9373350000005,142.27976250000003,793.17259,30.0,1490.6076887081922,3614.764656327904,546.8131829219826,0.038715216817283925,43.756720813003035,4208.301171550465,203.5208797235574,786.2945427552849,34.659954983010536,1055.4804793568949,3443.1931532427084,474.4991970129713,0.03439596063988095,50.797045407738096,3052.257767874306,352.11690448037757,767.4428344592261,65.57871875,1055.4804793568949,3443.1931532427084,474.4991970129713,0.03439596063988095,50.797045407738096,3052.257767874306,352.11690448037757,767.4428344592261,65.57871875
2026-01-31 07:00:00+00:00,1829.474165,3207.9402475,549.0066675,0.0,43.44146,5116.87601,143.35416,795.06709,30.0,1652.336968047875,3615.663188709589,544.6419562118059,0.041196672625149824,43.66293474762277,4541.797123454879,239.26778301804148,789.7062698922914,36.98218782148636,1055.4804793568949,3443.1931532427084,474.4991970129713,0.03439596063988095,50.797045407738096,3052.257767874306,352.11690448037757,767.4428344592261,65.57871875,1055.4804793568949,3443.1931532427084,474.4991970129713,0.03439596063988095,50.797045407738096,3052.257767874306,352.11690448037757,767.4428344592261,65.57871875
2026-01-31 08:00:00+00:00,1894.7133375,3207.3697625,559.4575,0.066665,43.44146,5636.143995,143.43732,794.21959,30.0,1911.635362703143,3543.483578969862,545.0736562636034,0.05388598971193026,44.30886215631624,5063.456530619784,203.4179860955624,793.3945571082182,37.90069647674913,1055.4804793568949,3443.1931532427084,474.4991970129713,0.03439596063988095,50.797045407738096,3052.257767874306,352.11690448037757,767.4428344592261,65.57871875,1055.4804793568949,3443.1931532427084,474.4991970129713,0.03439596063988095,50.797045407738096,3052.257767874306,352.11690448037757,767.4428344592261,65.57871875
2026-01-31 09:00:00+00:00,1866.8458375,3281.44045,626.575835,0.0,43.44146,5908.32241,143.750655,794.76559,30.0,1783.7241187868435,3529.606889562658,557.3399552691827,0.05423736227386117,44.478461697961045,5146.694538698543,157.65193963468363,793.9943670191184,37.29524769328167,1055.4804793568949,3443.1931532427084,474.4991970129713,0.03439596063988095,50.797045407738096,3052.257767874306,352.11690448037757,767.4428344592261,65.57871875,1055.4804793568949,3443.1931532427084,474.4991970129713,0.03439596063988095,50.797045407738096,3052.257767874306,352.11690448037757,767.4428344592261,65.57871875
2026-01-31 10:00:00+00:00,1861.9775025,3373.7714,593.934165,0.09833250000000002,43.44146,6009.74092,143.72343000000004,794.76559,29.75,1804.0257260706458,3551.163383146396,545.7168138426707,0.058802300462110935,44.396072531639504,5128.771237446212,147.12862067568562,793.3068417741438,36.74623914408208,1055.4804793568949,3443.1931532427084,474.4991970129713,0.03439596063988095,50.797045407738096,3052.257767874306,352.11690448037757,767.4428344592261,65.57871875,1055.4804793568949,3443.1931532427084,474.4991970129713,0.03439596063988095,50.797045407738096,3052.257767874306,352.11690448037757,767.4428344592261,65.57871875
2026-01-31 11:00:00+00:00,1856.6641525,3402.770875,575.856665,0.0658325,43.44146,5957.0374175,147.22242499999996,794.76559,29.75,1793.5257039050714,3747.3819237948624,530.0771784177987,0.06169791073954618,44.3738381081488,4813.883540319055,138.27709838599887,787.2574968996348,35.738825964119826,1055.4804793568949,3443.1931532427084,474.4991970129713,0.03439596063988095,50.797045407738096,3052.257767874306,352.11690448037757,767.4428344592261,65.57871875,1055.4804793568949,3443.1931532427084,474.4991970129713,0.03439596063988095,50.797045407738096,3052.257767874306,352.11690448037757,767.4428344592261,65.57871875
2026-01-31 12:00:00+00:00,1853.770845,3380.2916299999997,566.345,0.0333325,43.44146,5318.25534,135.38603750000001,794.76559,29.0,1888.0480195972932,3772.8093461720027,551.720260811768,0.0526404320274006,44.114770298537294,4943.874618485164,128.85044646138738,788.5510875236273,34.99361765573182,1055.4804793568949,3443.1931532427084,474.4991970129713,0.03439596063988095,50.797045407738096,3052.257767874306,352.11690448037757,767.4428344592261,65.57871875,1055.4804793568949,3443.1931532427084,474.4991970129713,0.03439596063988095,50.797045407738096,3052.257767874306,352.11690448037757,767.4428344592261,65.57871875
2026-01-31 13:00:00+00:00,1853.9691725,3338.9056675,594.5525,0.035,43.44146,5626.59715,133.815335,794.858215,29.0,1954.0092438923514,3595.5302133052705,557.7185938712912,0.06014302579683287,43.54369854038314,5046.4333525696875,137.14265071072697,786.3562720579332,39.93263234847666,1055.4804793568949,3443.1931532427084,474.4991970129713,0.03439596063988095,50.797045407738096,3052.257767874306,352.11690448037757,767.4428344592261,65.57871875,1055.4804793568949,3443.1931532427084,474.4991970129713,0.03439596063988095,50.797045407738096,3052.257767874306,352.11690448037757,767.4428344592261,65.57871875
2026-01-31 14:00:00+00:00,2215.72084,3481.1504925,588.8774975,0.0683325,43.44146,5947.415735,140.48748000000003,795.13609,29.0,2194.779923756168,3486.09139905363,555.8018286844723,0.06783567676819577,44.15540795605331,5631.92379403992,176.89512579646453,787.355351124781,40.816117456370506,1055.4804793568949,3443.1931532427084,474.4991970129713,0.03439596063988095,50.797045407738096,3052.257767874306,352.11690448037757,767.4428344592261,65.57871875,1055.4804793568949,3443.1931532427084,474.4991970129713,0.03439596063988095,50.797045407738096,3052.257767874306,352.11690448037757,767.4428344592261,65.57871875
2026-01-31 15:00:00+00:00,2432.0975125,3589.1587799999998,567.7366675,0.0,43.44146,5951.797735,186.6969,795.53309,29.0,2267.8511243762036,3625.3434007028136,556.1911731018344,0.05734580539712068,44.353468942883964,5854.166421092268,285.5872489503706,791.3888966337325,41.43331576611849,1055.4804793568949,3443.1931532427084,474.4991970129713,0.03439596063988095,50.797045407738096,3052.257767874306,352.11690448037757,767.4428344592261,65.57871875,1055.4804793568949,3443.1931532427084,474.4991970129713,0.03439596063988095,50.797045407738096,3052.257767874306,352.11690448037757,767.4428344592261,65.57871875
2026-01-31 16:00:00+00:00,2406.984165,3665.10524,561.950835,0.1,43.44146,5745.26166,354.27804249999997,796.25059,29.0,2101.5781908528666,4025.044106921563,526.8251353308787,0.07321362490598085,45.126881296700454,6287.510655751017,358.74916948205856,793.6678968404202,43.88087116995354,1055.4804793568949,3443.1931532427084,474.4991970129713,0.03439596063988095,50.797045407738096,3052.257767874306,352.11690448037757,767.4428344592261,65.57871875,1055.4804793568949,3443.1931532427084,474.4991970129713,0.03439596063988095,50.797045407738096,3052.257767874306,352.11690448037757,767.4428344592261,65.57871875
2026-01-31 17:00:00+00:00,2603.4174975,3671.2447975,541.4333325,0.0333325,43.44146,6028.6120175,576.41662,796.89409,29.0,2330.518676395329,3825.0208580682606,538.390844653601,0.05240215321614859,43.6946735628625,6317.033886382771,481.5695443846365,792.3945792116714,39.79050611245174,1055.4804793568949,3443.1931532427084,474.4991970129713,0.03439596063988095,50.797045407738096,3052.257767874306,352.11690448037757,767.4428344592261,65.57871875,1055.4804793568949,3443.1931532427084,474.4991970129713,0.03439596063988095,50.797045407738096,3052.257767874306,352.11690448037757,767.4428344592261,65.57871875
2026-01-31 18:00:00+00:00,2491.5216675,3657.6368725,569.2049999999999,0.0683325,43.44146,6126.7041675,305.38433999999995,796.89409,29.0,2083.5588328995914,3628.911598383982,537.7854464514467,0.05403812517156187,44.033080053310826,6135.515772657474,265.4232053345263,793.1197512700338,38.31588314906078,1055.4804793568949,3443.1931532427084,474.4991970129713,0.03439596063988095,50.797045407738096,3052.257767874306,352.11690448037757,767.4428344592261,65.57871875,1055.4804793568949,3443.1931532427084,474.4991970129713,0.03439596063988095,50.797045407738096,3052.257767874306,352.11690448037757,767.4428344592261,65.57871875
2026-01-31 19:00:00+00:00,1992.9866625,3651.497055,582.3383325,0.09833250000000002,43.44146,6253.86668,140.30235,796.88734,29.0,2073.983197726011,3909.9328638363004,529.489362931476,0.10203566376840753,44.21653063105792,5719.387775710829,175.39162164020624,796.2529908538468,36.96237324015053,1055.4804793568949,3443.1931532427084,474.4991970129713,0.03439596063988095,50.797045407738096,3052.257767874306,352.11690448037757,767.4428344592261,65.57871875,1055.4804793568949,3443.1931532427084,474.4991970129713,0.03439596063988095,50.797045407738096,3052.257767874306,352.11690448037757,767.4428344592261,65.57871875
2026-01-31 20:00:00+00:00,1890.6525025,3666.0957475,603.841665,0.0333325,43.44146,5785.0239225000005,306.41621,796.980215,29.0,2001.8108365748876,3534.522545198666,549.8055808482932,0.10882874894430927,43.93491939621841,5429.5939696338955,166.61867868307698,797.8848334374658,34.774273108981006,1055.4804793568949,3443.1931532427084,474.4991970129713,0.03439596063988095,50.797045407738096,3052.257767874306,352.11690448037757,767.4428344592261,65.57871875,1055.4804793568949,3443.1931532427084,474.4991970129713,0.03439596063988095,50.797045407738096,3052.257767874306,352.11690448037757,767.4428344592261,65.57871875
2026-01-31 21:00:00+00:00,1818.4408250000001,3657.2496775,605.5366624999999,0.3166675,43.44146,5884.3105,159.12621750000002,795.96209,29.0,2007.935169609603,3513.938671603795,550.4242114211887,0.18728059184833254,44.823177163511346,5253.446727043218,147.09638511998355,798.7718013621524,36.555851502086014,1055.4804793568949,3443.1931532427084,474.4991970129713,0.03439596063988095,50.797045407738096,3052.257767874306,352.11690448037757,767.4428344592261,65.57871875,1055.4804793568949,3443.1931532427084,474.4991970129713,0.03439596063988095,50.797045407738096,3052.257767874306,352.11690448037757,767.4428344592261,65.57871875
2026-01-31 22:00:00+00:00,2056.4458275,3655.0774175,555.485835,0.0,43.44146,5362.0288325,140.13702000000004,795.17559,29.0,2002.3491953730704,3542.6884342982885,546.974200039939,0.11832721770390933,44.27279052221424,5008.147198832299,131.65386492032724,791.1246432957363,38.33301007928078,1055.4804793568949,3443.1931532427084,474.4991970129713,0.03439596063988095,50.797045407738096,3052.257767874306,352.11690448037757,767.4428344592261,65.57871875,1055.4804793568949,3443.1931532427084,474.4991970129713,0.03439596063988095,50.797045407738096,3052.257767874306,352.11690448037757,767.4428344592261,65.57871875
2026-01-31 23:00:00+00:00,2032.882505,3500.868895,537.1291675,0.20333249999999997,45.83361,4771.8616600000005,125.1204525,795.13708,29.0,1818.6201371242153,3449.7342415617213,537.3872210257157,0.1603835708567974,43.7774948377104,4486.014069261766,156.1689589976532,793.5746513285115,37.84530893933223,1055.4804793568949,3443.1931532427084,474.4991970129713,0.03439596063988095,50.797045407738096,3052.257767874306,352.11690448037757,767.4428344592261,65.57871875,1055.4804793568949,3443.1931532427084,474.4991970129713,0.03439596063988095,50.797045407738096,3052.257767874306,352.11690448037757,767.4428344592261,65.57871875
2026-02-01 00:00:00+00:00,2164.4533375,3400.0441849999997,573.8400025,0.1333325,45.83361,4388.3549125,125.88251499999998,795.71658,29.0,1846.8552391789478,3305.251326698256,547.2088801234045,0.09789152597055997,45.10536972120244,4412.846988593727,127.42961518111684,789.7882615221839,40.15561245603083,1055.4804793568949,3443.1931532427084,474.4991970129713,0.03439596063988095,50.797045407738096,3052.257767874306,352.11690448037757,767.4428344592261,65.57871875,1055.4804793568949,3443.1931532427084,474.4991970129713,0.03439596063988095,50.797045407738096,3052.257767874306,352.11690448037757,767.4428344592261,65.57871875
2026-02-01 01:00:00+00:00,2082.759165,3351.83802,595.7633324999999,0.0316675,45.83361,4335.90108,123.71688,795.42958,29.0,1896.2425672824447,3328.387337838233,546.0855697219322,0.06904813293839038,45.22383723172806,4394.858023832172,130.99590530533692,788.6125807165344,39.374554352383555,1055.4804793568949,3443.1931532427084,474.4991970129713,0.03439596063988095,50.797045407738096,3052.257767874306,352.11690448037757,767.4428344592261,65.57871875,1055.4804793568949,3443.1931532427084,474.4991970129713,0.03439596063988095,50.797045407738096,3052.257767874306,352.11690448037757,767.4428344592261,65.57871875
2026-02-01 02:00:00+00:00,2090.96333,3594.6162225,575.3408325,0.13666749999999997,45.83361,4251.652925,123.45848999999995,795.42958,28.5,1825.2002201364921,3158.621323554034,550.240720691886,0.05058541617538498,46.26116995267651,4081.227222352542,133.18668211925714,788.9511165968579,37.889699956881024,1055.4804793568949,3443.1931532427084,474.4991970129713,0.03439596063988095,50.797045407738096,3052.257767874306,352.11690448037757,767.4428344592261,65.57871875,1055.4804793568949,3443.1931532427084,474.4991970129713,0.03439596063988095,50.797045407738096,3052.257767874306,352.11690448037757,767.4428344592261,65.57871875
2026-02-01 03:00:00+00:00,2172.273335,3637.2083625,584.8625,0.0,45.83361,4526.58008,135.3730875,795.42958,28.0,1786.1926963445626,3280.893578826844,556.1395020005261,0.04352448112820034,45.31431622777218,3656.2968474196973,133.43615581528368,790.2475514557879,41.31204261706458,1055.4804793568949,3443.1931532427084,474.4991970129713,0.03439596063988095,50.797045407738096,3052.257767874306,352.11690448037757,767.4428344592261,65.57871875,1055.4804793568949,3443.1931532427084,474.4991970129713,0.03439596063988095,50.797045407738096,3052.257767874306,352.11690448037757,767.4428344592261,65.57871875
2026-02-01 04:00:00+00:00,2146.505,3600.19355,566.3658375,0.035,45.83361,4541.58475,132.21687999999997,795.42958,28.0,1784.649422982564,3180.758277225501,551.6601882762077,0.06668517869933444,44.84365513122767,3878.9317976737757,132.61271948080605,789.7632684230381,40.17764521256272,1055.4804793568949,3443.1931532427084,474.4991970129713,0.03439596063988095,50.797045407738096,3052.257767874306,352.11690448037757,767.4428344592261,65.57871875,1055.4804793568949,3443.1931532427084,474.4991970129713,0.03439596063988095,50.797045407738096,3052.257767874306,352.11690448037757,767.4428344592261,65.57871875
2026-02-01 05:00:00+00:00,1879.8974900000003,3546.7165800000002,592.14,0.0333325,45.83361,4134.73766,132.01888,796.84458,27.25,1800.6841994074125,3284.4233348510156,539.6911295042502,0.06962464727536322,46.45534281252486,3844.9063085339612,151.34666522883472,788.41466640869,39.44754451905965,1055.4804793568949,3443.1931532427084,474.4991970129713,0.03439596063988095,50.797045407738096,3052.257767874306,352.11690448037757,767.4428344592261,65.57871875,1055.4804793568949,3443.1931532427084,474.4991970129713,0.03439596063988095,50.797045407738096,3052.257767874306,352.11690448037757,767.4428344592261,65.57871875
2026-02-01 06:00:00+00:00,1938.6399975,3582.9749825,586.3416675,0.0,45.83361,4240.30067,132.01888,799.40708,27.0,1422.4831691597315,3432.622071208804,584.3404541217196,0.03212968250534513,45.41718771974663,4005.381523983863,198.91321037036255,790.388384919824,39.5144526081063,1055.4804793568949,3443.1931532427084,474.4991970129713,0.03439596063988095,50.797045407738096,3052.257767874306,352.11690448037757,767.4428344592261,65.57871875,1055.4804793568949,3443.1931532427084,474.4991970129713,0.03439596063988095,50.797045407738096,3052.257767874306,352.11690448037757,767.4428344592261,65.57871875
2026-02-01 07:00:00+00:00,2044.54833,3669.26667,579.3449975,0.0,45.83361,4459.8932525,155.85352,801.59108,27.0,1770.7992174658184,3556.451159309171,543.3945085623038,0.04417360382401594,45.222049677053946,4121.728318754082,192.6026065055381,794.0095449450343,39.476062076672946,1055.4804793568949,3443.1931532427084,474.4991970129713,0.03439596063988095,50.797045407738096,3052.257767874306,352.11690448037757,767.4428344592261,65.57871875,1055.4804793568949,3443.1931532427084,474.4991970129713,0.03439596063988095,50.797045407738096,3052.257767874306,352.11690448037757,767.4428344592261,65.57871875
2026-02-01 08:00:00+00:00,2205.87834,3692.8482175,581.2141675,0.0333325,45.83361,4434.66308,133.15352,801.59108,27.0,1891.4528004455715,3873.404626420235,544.3179861650586,0.0513713815155165,44.90636693989176,3961.5281296028406,215.14348117296785,794.7170261608738,38.484648664978465,1055.4804793568949,3443.1931532427084,474.4991970129713,0.03439596063988095,50.797045407738096,3052.257767874306,352.11690448037757,767.4428344592261,65.57871875,1055.4804793568949,3443.1931532427084,474.4991970129713,0.03439596063988095,50.797045407738096,3052.257767874306,352.11690448037757,767.4428344592261,65.57871875
2026-02-01 09:00:00+00:00,2086.4408325,3636.01834,598.926665,0.0683325,45.83361,4349.78358,228.612655,801.00508,27.0,1849.5650201893532,3628.198172458757,543.2971791080482,0.08049670075802862,45.1122507062574,4179.790454493787,156.11791068184377,793.2587278086132,36.76430488575511,1055.4804793568949,3443.1931532427084,474.4991970129713,0.03439596063988095,50.797045407738096,3052.257767874306,352.11690448037757,767.4428344592261,65.57871875,1055.4804793568949,3443.1931532427084,474.4991970129713,0.03439596063988095,50.797045407738096,3052.257767874306,352.11690448037757,767.4428344592261,65.57871875
2026-02-01 10:00:00+00:00,2243.391665,3664.76016,579.6024975,0.165,45.83361,4082.324255,134.97739499999997,801.00508,27.0,1909.2769373229066,3854.496815098895,542.8343432557024,0.08758516484542203,44.734347701084545,3861.8153451338476,143.78810077730583,794.656831090421,32.64459405157181,1055.4804793568949,3443.1931532427084,474.4991970129713,0.03439596063988095,50.797045407738096,3052.257767874306,352.11690448037757,767.4428344592261,65.57871875,1055.4804793568949,3443.1931532427084,474.4991970129713,0.03439596063988095,50.797045407738096,3052.257767874306,352.11690448037757,767.4428344592261,65.57871875
2026-02-01 11:00:00+00:00,2218.7416725,3679.58425,571.09083,0.13333250000000002,45.83361,3837.44859,126.54912250000004,801.00508,27.0,1908.1215118635619,3561.3956569804755,542.3284066918753,0.07894207630338118,45.21416284725774,3732.424603884174,133.40572355395443,794.0485637248413,38.958593829325864,1055.4804793568949,3443.1931532427084,474.4991970129713,0.03439596063988095,50.797045407738096,3052.257767874306,352.11690448037757,767.4428344592261,65.57871875,1055.4804793568949,3443.1931532427084,474.4991970129713,0.03439596063988095,50.797045407738096,3052.257767874306,352.11690448037757,767.4428344592261,65.57871875
2026-02-01 12:00:00+00:00,2199.6358475,3614.6516825,581.51,0.0333325,45.83361,3621.7860825,126.662725,801.00508,28.0,1869.8488183435452,3323.0155522737405,549.1693450364029,0.0447194313513755,45.13321557170279,4082.0939949567573,139.52807642475977,789.8779331134608,37.3510318068792,1055.4804793568949,3443.1931532427084,474.4991970129713,0.03439596063988095,50.797045407738096,3052.257767874306,352.11690448037757,767.4428344592261,65.57871875,1055.4804793568949,3443.1931532427084,474.4991970129713,0.03439596063988095,50.797045407738096,3052.257767874306,352.11690448037757,767.4428344592261,65.57871875
2026-02-01 13:00:00+00:00,2163.9666775,3376.9836275,510.396665,0.0,45.83361,3694.7148375,126.97210000000001,801.00508,28.0,1712.2169773135884,3534.4978538213704,528.4430273981576,0.05867593187942059,44.675439732930464,3741.5181357121196,140.76976265939598,794.5240559178808,37.79112713014929,1055.4804793568949,3443.1931532427084,474.4991970129713,0.03439596063988095,50.797045407738096,3052.257767874306,352.11690448037757,767.4428344592261,65.57871875,1055.4804793568949,3443.1931532427084,474.4991970129713,0.03439596063988095,50.797045407738096,3052.257767874306,352.11690448037757,767.4428344592261,65.57871875
2026-02-01 14:00:00+00:00,2100.8341725,3295.1299550000003,462.601665,0.0333325,45.83361,4377.2451675,137.60675,801.00508,28.0,1807.3192696040946,3447.381089486099,528.8470135275226,0.06162536379930164,45.38184382280559,3705.742584804441,176.90638760874037,793.6126255070224,40.95902104361319,1055.4804793568949,3443.1931532427084,474.4991970129713,0.03439596063988095,50.797045407738096,3052.257767874306,352.11690448037757,767.4428344592261,65.57871875,1055.4804793568949,3443.1931532427084,474.4991970129713,0.03439596063988095,50.797045407738096,3052.257767874306,352.11690448037757,767.4428344592261,65.57871875
2026-02-01 15:00:00+00:00,2271.19166,3404.8561,467.89583749999997,0.0333325,45.83361,5011.8080725,139.64240000000004,801.03158,28.0,1987.3618369214073,3497.4918178989524,523.2702504054955,0.06482157314125947,44.42465108457934,4232.65600088705,289.7421106521976,794.3167054990861,40.23192774110902,1055.4804793568949,3443.1931532427084,474.4991970129713,0.03439596063988095,50.797045407738096,3052.257767874306,352.11690448037757,767.4428344592261,65.57871875,1055.4804793568949,3443.1931532427084,474.4991970129713,0.03439596063988095,50.797045407738096,3052.257767874306,352.11690448037757,767.4428344592261,65.57871875
2026-02-01 16:00:00+00:00,2380.7274875,3561.97201,466.28916250000003,0.1316675,45.83361,5562.4972425,144.436685,801.75108,27.0,1710.7733545663114,3795.6959311891646,514.7181937826148,0.057937485277317013,45.95549350653057,4748.364251448233,428.23300030935576,800.6311530837984,41.49350294444393,1055.4804793568949,3443.1931532427084,474.4991970129713,0.03439596063988095,50.797045407738096,3052.257767874306,352.11690448037757,767.4428344592261,65.57871875,1055.4804793568949,3443.1931532427084,474.4991970129713,0.03439596063988095,50.797045407738096,3052.257767874306,352.11690448037757,767.4428344592261,65.57871875
2026-02-01 17:00:00+00:00,2516.8516624999997,3583.39825,476.379165,0.0,45.83361,5929.5848525,810.3174999999999,802.39708,27.0,2210.8503508360145,3846.849500419573,510.88457983323036,0.046660256241049664,44.60276013360074,5696.576153815173,474.9479532849939,798.1787025139153,42.86695830165413,1055.4804793568949,3443.1931532427084,474.4991970129713,0.03439596063988095,50.797045407738096,3052.257767874306,352.11690448037757,767.4428344592261,65.57871875,1055.4804793568949,3443.1931532427084,474.4991970129713,0.03439596063988095,50.797045407738096,3052.257767874306,352.11690448037757,767.4428344592261,65.57871875
2026-02-01 18:00:00+00:00,2506.040015,3589.2665125,483.46000000000004,0.1333325,45.83361,5872.87951,245.8215275,802.39708,27.0,2229.343206117248,3718.504635699682,509.15865814185423,0.07307149881730078,43.72567787037174,5794.276962491061,285.76558393677254,796.7533285354139,37.29607435498464,1055.4804793568949,3443.1931532427084,474.4991970129713,0.03439596063988095,50.797045407738096,3052.257767874306,352.11690448037757,767.4428344592261,65.57871875,1055.4804793568949,3443.1931532427084,474.4991970129713,0.03439596063988095,50.797045407738096,3052.257767874306,352.11690448037757,767.4428344592261,65.57871875
2026-02-01 19:00:00+00:00,2372.12084,3619.0290425,462.37083,0.13333250000000002,45.83361,6041.7704,223.63461,802.39708,27.0,2110.7981693213897,3712.4933719443034,514.9415233775572,0.11860069980977903,44.6561201860053,5481.194650916823,178.9106231928345,798.9378335651126,44.33615414545581,1055.4804793568949,3443.1931532427084,474.4991970129713,0.03439596063988095,50.797045407738096,3052.257767874306,352.11690448037757,767.4428344592261,65.57871875,1055.4804793568949,3443.1931532427084,474.4991970129713,0.03439596063988095,50.797045407738096,3052.257767874306,352.11690448037757,767.4428344592261,65.57871875
2026-02-01 20:00:00+00:00,2318.425015,3583.2907475,475.619165,0.065,45.83361,5646.9410775,140.319065,802.39708,27.0,1972.7181258663236,3632.4625661269065,520.7117490932926,0.1050388358995126,44.46346176933514,5043.548340850797,174.3580371878799,795.1518149278033,39.34577340973418,1055.4804793568949,3443.1931532427084,474.4991970129713,0.03439596063988095,50.797045407738096,3052.257767874306,352.11690448037757,767.4428344592261,65.57871875,1055.4804793568949,3443.1931532427084,474.4991970129713,0.03439596063988095,50.797045407738096,3052.257767874306,352.11690448037757,767.4428344592261,65.57871875
2026-02-01 21:00:00+00:00,2296.45582,3598.08856,465.774165,0.1,45.83361,5509.6449125,198.08504499999998,800.26808,27.0,2094.7913583078744,3621.4008341266017,511.0928908633704,0.1489217353397156,44.10485486844902,4785.663734333735,170.54458970254626,795.782279968749,36.94067639730883,1055.4804793568949,3443.1931532427084,474.4991970129713,0.03439596063988095,50.797045407738096,3052.257767874306,352.11690448037757,767.4428344592261,65.57871875,1055.4804793568949,3443.1931532427084,474.4991970129713,0.03439596063988095,50.797045407738096,3052.257767874306,352.11690448037757,767.4428344592261,65.57871875
2026-02-01 22:00:00+00:00,2145.02,3562.9691625,450.03,0.13333250000000002,45.83361,4852.201585,138.18312,799.02608,27.0,2025.7828358736767,3445.9482907973515,510.0850801338423,0.1321681421121381,44.248449676501366,4260.902365866386,141.9685628654825,794.9207389143344,37.7290386604047,1055.4804793568949,3443.1931532427084,474.4991970129713,0.03439596063988095,50.797045407738096,3052.257767874306,352.11690448037757,767.4428344592261,65.57871875,1055.4804793568949,3443.1931532427084,474.4991970129713,0.03439596063988095,50.797045407738096,3052.257767874306,352.11690448037757,767.4428344592261,65.57871875
2026-02-01 23:00:00+00:00,2226.5333325,3308.463025,433.6016625,0.30166499999999996,45.83361,4080.1178325,130.7314025,795.74158,34.0,1758.5765425151235,3119.429649259234,518.6868203954546,0.1498544928071287,44.731353906448675,3495.91901795751,141.52162213324323,791.4703570574209,40.9060651471084,1055.4804793568949,3443.1931532427084,474.4991970129713,0.03439596063988095,50.797045407738096,3052.257767874306,352.11690448037757,767.4428344592261,65.57871875,1055.4804793568949,3443.1931532427084,474.4991970129713,0.03439596063988095,50.797045407738096,3052.257767874306,352.11690448037757,767.4428344592261,65.57871875
2026-02-02 00:00:00+00:00,2180.5016825000002,3143.2210625,441.746665,0.0,45.83361,3828.0384175,127.67320499999997,792.58858,34.0,1747.8445672782561,3185.685423354057,518.8895646873943,0.04929831272426432,44.12871335072474,3608.690678975633,150.66958514908652,788.8914635964301,38.53297667523712,1055.4804793568949,3443.1931532427084,474.4991970129713,0.03439596063988095,50.797045407738096,3052.257767874306,352.11690448037757,767.4428344592261,65.57871875,1055.4804793568949,3443.1931532427084,474.4991970129713,0.03439596063988095,50.797045407738096,3052.257767874306,352.11690448037757,767.4428344592261,65.57871875
2026-02-02 01:00:00+00:00,2176.21003,3341.0615875,442.443335,0.0,45.83361,3906.867085,127.75166250000001,792.30158,34.0,1511.6085933789068,3180.601569737534,509.03499160477315,0.0421174735033209,44.59657696913031,3431.842623442344,148.63571573805478,788.4754695588953,38.1526222784334,1055.4804793568949,3443.1931532427084,474.4991970129713,0.03439596063988095,50.797045407738096,3052.257767874306,352.11690448037757,767.4428344592261,65.57871875,1055.4804793568949,3443.1931532427084,474.4991970129713,0.03439596063988095,50.797045407738096,3052.257767874306,352.11690448037757,767.4428344592261,65.57871875
2026-02-02 02:00:00+00:00,2164.40999,3377.08772,461.8025025,0.0666675,45.83361,3777.3774125,127.1094,792.30158,34.0,1494.6517101690083,3220.6524883036755,506.5116515629929,0.03843504906333553,44.785652660462866,3570.2255797757666,179.80296403410924,788.5418398317091,38.07654855668146,1055.4804793568949,3443.1931532427084,474.4991970129713,0.03439596063988095,50.797045407738096,3052.257767874306,352.11690448037757,767.4428344592261,65.57871875,1055.4804793568949,3443.1931532427084,474.4991970129713,0.03439596063988095,50.797045407738096,3052.257767874306,352.11690448037757,767.4428344592261,65.57871875
2026-02-02 03:00:00+00:00,2243.3775125,3397.5818825,434.96667,0.0,45.83361,4017.620585,127.15617750000001,792.30158,34.0,1668.242074677469,3131.7069866841207,509.96269846575495,0.02937943284110213,44.660272883783094,3561.712311632956,180.7763265886904,788.9566891386909,38.42562126971275,1055.4804793568949,3443.1931532427084,474.4991970129713,0.03439596063988095,50.797045407738096,3052.257767874306,352.11690448037757,767.4428344592261,65.57871875,1055.4804793568949,3443.1931532427084,474.4991970129713,0.03439596063988095,50.797045407738096,3052.257767874306,352.11690448037757,767.4428344592261,65.57871875
2026-02-02 04:00:00+00:00,2283.470835,3642.82125,409.6058325,0.063335,45.83361,4422.08858,135.69651000000002,792.30158,34.0,1798.496692923094,3269.6397757036652,517.2926703934887,0.056960606787922516,44.58915840704047,4184.948445861162,145.23177887955558,790.6364327000912,37.800127376004426,1055.4804793568949,3443.1931532427084,474.4991970129713,0.03439596063988095,50.797045407738096,3052.257767874306,352.11690448037757,767.4428344592261,65.57871875,1055.4804793568949,3443.1931532427084,474.4991970129713,0.03439596063988095,50.797045407738096,3052.257767874306,352.11690448037757,767.4428344592261,65.57871875
2026-02-02 05:00:00+00:00,2384.9641524999997,3948.7963025,402.9283325,0.1,45.83361,5504.4564924999995,216.18189999999998,793.71658,34.0,2225.179496968109,3886.05000005093,509.24889691704465,0.10401587906874038,43.95887117289501,5208.934016612402,183.0541631940102,790.8424670282044,39.434553694146096,1055.4804793568949,3443.1931532427084,474.4991970129713,0.03439596063988095,50.797045407738096,3052.257767874306,352.11690448037757,767.4428344592261,65.57871875,1055.4804793568949,3443.1931532427084,474.4991970129713,0.03439596063988095,50.797045407738096,3052.257767874306,352.11690448037757,767.4428344592261,65.57871875
2026-02-02 06:00:00+00:00,2493.6383475000002,4401.930815,419.086665,0.035,45.83361,6600.214735,577.8745125,796.27908,34.25,2342.627129490113,4290.578124869161,503.6514790102391,0.0491947573931547,44.842855527526346,6096.093341100392,385.1414988475359,789.6327687498718,38.665726791731984,1055.4804793568949,3443.1931532427084,474.4991970129713,0.03439596063988095,50.797045407738096,3052.257767874306,352.11690448037757,767.4428344592261,65.57871875,1055.4804793568949,3443.1931532427084,474.4991970129713,0.03439596063988095,50.797045407738096,3052.257767874306,352.11690448037757,767.4428344592261,65.57871875
2026-02-02 07:00:00+00:00,2491.320825,4562.3495825,438.03417,0.0333325,45.83361,6737.3253375,972.3389,797.8120799999999,35.0,2663.683818795428,4125.059082539654,501.21092192105,0.03976187351321159,44.21211394850806,6737.885277666674,748.468736923727,797.0918239643402,41.22733793465805,1055.4804793568949,3443.1931532427084,474.4991970129713,0.03439596063988095,50.797045407738096,3052.257767874306,352.11690448037757,767.4428344592261,65.57871875,1055.4804793568949,3443.1931532427084,474.4991970129713,0.03439596063988095,50.797045407738096,3052.257767874306,352.11690448037757,767.4428344592261,65.57871875
2026-02-02 08:00:00+00:00,2520.2649775,4602.0937825,539.3019075,0.0333325,45.83361,6618.5971775,1287.1784,798.09108,35.0,2651.373000615752,4112.551492987668,523.7693780291424,0.04996772920100981,44.28722926526279,6358.420566834233,673.3912424580697,794.2765983109044,40.166327664862166,1055.4804793568949,3443.1931532427084,474.4991970129713,0.03439596063988095,50.797045407738096,3052.257767874306,352.11690448037757,767.4428344592261,65.57871875,1055.4804793568949,3443.1931532427084,474.4991970129713,0.03439596063988095,50.797045407738096,3052.257767874306,352.11690448037757,767.4428344592261,65.57871875
2026-02-02 09:00:00+00:00,2443.55832,4609.3743375,539.1389275,0.09833250000000002,45.83361,6534.6295125,517.3338999999999,797.50508,35.0,2544.78363244072,3894.1967312119814,539.9539581537204,0.07499918765893909,44.842961567636664,6011.730628360902,396.1497500191949,792.7093446450995,37.63565208226494,1055.4804793568949,3443.1931532427084,474.4991970129713,0.03439596063988095,50.797045407738096,3052.257767874306,352.11690448037757,767.4428344592261,65.57871875,1055.4804793568949,3443.1931532427084,474.4991970129713,0.03439596063988095,50.797045407738096,3052.257767874306,352.11690448037757,767.4428344592261,65.57871875
2026-02-02 10:00:00+00:00,2197.0633275,4593.7242925,503.739165,0.0666675,45.83361,6179.1220675,430.97691999999995,797.50508,35.0,1978.919075435906,3933.8750283355225,530.1724911717087,0.07222504755313888,44.32484399256794,6063.966961711336,360.4308176801171,788.9967559765387,40.12224027229921,1055.4804793568949,3443.1931532427084,474.4991970129713,0.03439596063988095,50.797045407738096,3052.257767874306,352.11690448037757,767.4428344592261,65.57871875,1055.4804793568949,3443.1931532427084,474.4991970129713,0.03439596063988095,50.797045407738096,3052.257767874306,352.11690448037757,767.4428344592261,65.57871875
2026-02-02 11:00:00+00:00,2188.928305,4593.0538025000005,544.2658349999999,0.2183325,45.83361,6098.741417499999,258.71688750000004,797.50508,35.0,1895.7916065302313,4179.854626512533,520.6906195442407,0.08947961828502357,44.30130145954227,5791.1243260754745,230.8777007152088,786.8788908567452,38.65505885992667,1055.4804793568949,3443.1931532427084,474.4991970129713,0.03439596063988095,50.797045407738096,3052.257767874306,352.11690448037757,767.4428344592261,65.57871875,1055.4804793568949,3443.1931532427084,474.4991970129713,0.03439596063988095,50.797045407738096,3052.257767874306,352.11690448037757,767.4428344592261,65.57871875
2026-02-02 12:00:00+00:00,2155.55251,4549.1542925,576.18583,0.0333325,45.83361,5786.60375,123.59290249999998,797.50508,33.25,2229.810431921316,3998.3186030221577,556.0829473615368,0.03637700506295678,45.05382226341115,5509.150798473983,206.6412470211962,795.1781692634304,36.05994289431547,1055.4804793568949,3443.1931532427084,474.4991970129713,0.03439596063988095,50.797045407738096,3052.257767874306,352.11690448037757,767.4428344592261,65.57871875,1055.4804793568949,3443.1931532427084,474.4991970129713,0.03439596063988095,50.797045407738096,3052.257767874306,352.11690448037757,767.4428344592261,65.57871875
2026-02-02 13:00:00+00:00,2175.899185,4517.1854674999995,610.8241725,0.0,45.83361,5761.558595,241.792845,797.50508,32.0,2146.663642829339,4173.665038168806,542.6248049970134,0.03982706502410626,45.71001671637931,5369.304264941521,188.6644308603937,795.3506216893728,37.65664804224333,1055.4804793568949,3443.1931532427084,474.4991970129713,0.03439596063988095,50.797045407738096,3052.257767874306,352.11690448037757,767.4428344592261,65.57871875,1055.4804793568949,3443.1931532427084,474.4991970129713,0.03439596063988095,50.797045407738096,3052.257767874306,352.11690448037757,767.4428344592261,65.57871875
2026-02-02 14:00:00+00:00,2037.687495,4487.68036,596.940835,0.0333325,45.83361,6039.482995,174.43167000000003,797.50508,34.0,2174.193104499571,4164.631689426427,540.6252319218248,0.048700030239796105,45.4463636295938,5404.201607213646,222.56425963386502,793.1822923767426,39.68202337760326,1055.4804793568949,3443.1931532427084,474.4991970129713,0.03439596063988095,50.797045407738096,3052.257767874306,352.11690448037757,767.4428344592261,65.57871875,1055.4804793568949,3443.1931532427084,474.4991970129713,0.03439596063988095,50.797045407738096,3052.257767874306,352.11690448037757,767.4428344592261,65.57871875
2026-02-02 15:00:00+00:00,2372.0241775,4506.7172075,601.6174975,0.0,45.83361,6110.5446625,148.80819250000002,797.90358,33.0,2220.706379133481,4353.457474282154,554.7005846926843,0.034950418095126994,46.41394125680583,5677.927319945654,269.5029277842148,793.5090952525561,38.400439811738025,1055.4804793568949,3443.1931532427084,474.4991970129713,0.03439596063988095,50.797045407738096,3052.257767874306,352.11690448037757,767.4428344592261,65.57871875,1055.4804793568949,3443.1931532427084,474.4991970129713,0.03439596063988095,50.797045407738096,3052.257767874306,352.11690448037757,767.4428344592261,65.57871875
2026-02-02 16:00:00+00:00,2465.0283275,4532.33003,579.611875,0.0,45.83361,6327.62969,180.4367075,799.07658,33.0,2187.0861564052384,4180.682852614072,546.8778385636887,0.0285656964674476,45.57792311830558,5878.639675414331,264.4384308282589,797.4352459053671,40.75068833115681,1055.4804793568949,3443.1931532427084,474.4991970129713,0.03439596063988095,50.797045407738096,3052.257767874306,352.11690448037757,767.4428344592261,65.57871875,1055.4804793568949,3443.1931532427084,474.4991970129713,0.03439596063988095,50.797045407738096,3052.257767874306,352.11690448037757,767.4428344592261,65.57871875
2026-02-02 17:00:00+00:00,2476.50666,4459.74402,574.8158324999999,0.0,45.83361,6468.3797525,208.20646,799.72208,34.0,2450.879950208723,4006.5959402447183,554.9169148792956,0.03646034139397596,45.050191806561294,5966.23149765644,305.47635150896576,795.0261250449125,38.96794377196258,1055.4804793568949,3443.1931532427084,474.4991970129713,0.03439596063988095,50.797045407738096,3052.257767874306,352.11690448037757,767.4428344592261,65.57871875,1055.4804793568949,3443.1931532427084,474.4991970129713,0.03439596063988095,50.797045407738096,3052.257767874306,352.11690448037757,767.4428344592261,65.57871875
2026-02-02 18:00:00+00:00,2472.2024975,3622.6113775,593.073335,0.035,45.83361,6167.4225925,208.40421249999997,799.72208,34.0,2440.456320998005,3898.358510894325,570.0302354974325,0.04487520913414421,46.4623599243675,5832.688028796123,175.1383200457393,793.0405615899305,38.38958912672159,1055.4804793568949,3443.1931532427084,474.4991970129713,0.03439596063988095,50.797045407738096,3052.257767874306,352.11690448037757,767.4428344592261,65.57871875,1055.4804793568949,3443.1931532427084,474.4991970129713,0.03439596063988095,50.797045407738096,3052.257767874306,352.11690448037757,767.4428344592261,65.57871875
2026-02-02 19:00:00+00:00,2242.13751,3197.8125025,557.830835,0.035,45.83361,5698.2376825,164.35483,799.72208,24.0,2153.046960736951,3450.7113172019795,573.3270947880735,0.06852891350852797,47.06778938088598,5254.271711913505,210.89686654516566,793.680778501015,38.1371411003323,1055.4804793568949,3443.1931532427084,474.4991970129713,0.03439596063988095,50.797045407738096,3052.257767874306,352.11690448037757,767.4428344592261,65.57871875,1055.4804793568949,3443.1931532427084,474.4991970129713,0.03439596063988095,50.797045407738096,3052.257767874306,352.11690448037757,767.4428344592261,65.57871875
2026-02-02 20:00:00+00:00,1827.9108350000001,2969.855995,617.1474975,0.035,45.83361,4935.240265,192.39483,799.72208,24.0,1796.1368349264371,3480.2502463391065,580.5882082729136,0.05870052924497225,46.15609042081685,4702.808476996665,180.516345259317,797.3941114641897,37.03167762664796,1055.4804793568949,3443.1931532427084,474.4991970129713,0.03439596063988095,50.797045407738096,3052.257767874306,352.11690448037757,767.4428344592261,65.57871875,1055.4804793568949,3443.1931532427084,474.4991970129713,0.03439596063988095,50.797045407738096,3052.257767874306,352.11690448037757,767.4428344592261,65.57871875
2026-02-02 21:00:00+00:00,1505.402515,3050.8768025,636.6516675,0.10166750000000002,45.83361,4611.981405,141.466575,798.41408,24.0,1668.8967778904957,3479.9089449200496,568.21544979276,0.09856941751614962,45.922517398692236,4259.129381130585,163.10877112385432,800.0501780473545,38.12138519866572,1055.4804793568949,3443.1931532427084,474.4991970129713,0.03439596063988095,50.797045407738096,3052.257767874306,352.11690448037757,767.4428344592261,65.57871875,1055.4804793568949,3443.1931532427084,474.4991970129713,0.03439596063988095,50.797045407738096,3052.257767874306,352.11690448037757,767.4428344592261,65.57871875
2026-02-02 22:00:00+00:00,1474.3324975,2977.849505,538.7025,0.035,45.83361,3632.2192425,132.1629,797.62508,24.0,1465.1418045402636,3076.396721757403,576.1146304555953,0.09033963554629221,46.617585730517405,3589.6354869223605,116.86822138692128,802.0149847308628,34.82172060674705,1055.4804793568949,3443.1931532427084,474.4991970129713,0.03439596063988095,50.797045407738096,3052.257767874306,352.11690448037757,767.4428344592261,65.57871875,1055.4804793568949,3443.1931532427084,474.4991970129713,0.03439596063988095,50.797045407738096,3052.257767874306,352.11690448037757,767.4428344592261,65.57871875
2026-02-02 23:00:00+00:00,1219.4966775,2754.902825,575.4458325,0.2833325,45.83361,2839.3769975,125.16225,793.35708,24.0,1163.1473069625144,2957.8514545450503,579.1567228121302,0.14421747988775835,45.92251505839526,3050.5863786266927,115.09036737046156,790.0371022110301,35.93328511382104,1055.4804793568949,3443.1931532427084,474.4991970129713,0.03439596063988095,50.797045407738096,3052.257767874306,352.11690448037757,767.4428344592261,65.57871875,1055.4804793568949,3443.1931532427084,474.4991970129713,0.03439596063988095,50.797045407738096,3052.257767874306,352.11690448037757,767.4428344592261,65.57871875
2026-02-03 00:00:00+00:00,1207.8858300000002,2593.6568775,573.131665,0.135,45.83361,2667.9498375000003,120.88216249999999,792.96008,24.0,1142.6850533536176,2936.4866436945304,550.404040189771,0.06505509624924577,44.39207961266194,2919.4076622055345,123.62403970320204,790.5374522634343,33.724057723632356,1055.4804793568949,3443.1931532427084,474.4991970129713,0.03439596063988095,50.797045407738096,3052.257767874306,352.11690448037757,767.4428344592261,65.57871875,1055.4804793568949,3443.1931532427084,474.4991970129713,0.03439596063988095,50.797045407738096,3052.257767874306,352.11690448037757,767.4428344592261,65.57871875
2026-02-03 01:00:00+00:00,1189.877505,2578.5379199999998,580.136665,0.0333325,45.83361,2488.685665,122.84804,792.67358,24.0,950.1286985274162,2676.0805925360996,565.637642968624,0.04048214755457576,46.069155456756185,2755.8590725263034,124.31931758424346,792.9370468495836,33.06832492933531,1055.4804793568949,3443.1931532427084,474.4991970129713,0.03439596063988095,50.797045407738096,3052.257767874306,352.11690448037757,767.4428344592261,65.57871875,1055.4804793568949,3443.1931532427084,474.4991970129713,0.03439596063988095,50.797045407738096,3052.257767874306,352.11690448037757,767.4428344592261,65.57871875
2026-02-03 02:00:00+00:00,1120.5225,2590.4038725,577.9883325,0.0,45.83361,2477.0280825,121.936905,792.67358,24.0,1010.1214393712461,2814.2487406832315,563.8383377706882,0.03596295568401981,45.08187158410584,2829.412218077804,150.24611136941127,792.9370468495836,32.57033267077303,1055.4804793568949,3443.1931532427084,474.4991970129713,0.03439596063988095,50.797045407738096,3052.257767874306,352.11690448037757,767.4428344592261,65.57871875,1055.4804793568949,3443.1931532427084,474.4991970129713,0.03439596063988095,50.797045407738096,3052.257767874306,352.11690448037757,767.4428344592261,65.57871875
2026-02-03 03:00:00+00:00,1249.179995,2616.25925,561.1300024999999,0.0,45.83361,2749.7096675000003,121.61564999999999,792.67358,24.0,1005.3927027152965,2758.6312742463233,562.2790400215059,0.0285411591257253,44.90932695573675,2861.3352405863266,129.13447861644477,794.779750522582,33.490311192205716,1055.4804793568949,3443.1931532427084,474.4991970129713,0.03439596063988095,50.797045407738096,3052.257767874306,352.11690448037757,767.4428344592261,65.57871875,1055.4804793568949,3443.1931532427084,474.4991970129713,0.03439596063988095,50.797045407738096,3052.257767874306,352.11690448037757,767.4428344592261,65.57871875
2026-02-03 04:00:00+00:00,1207.093335,2584.390425,556.0041675,0.0333325,45.83361,2832.0725775,130.43937000000003,792.67358,24.0,1012.3169996849483,2771.472156800203,532.0714763800994,0.05688043610795607,44.4282337705757,3263.435651627472,105.37020762026486,798.2571181319461,32.82000560555942,1055.4804793568949,3443.1931532427084,474.4991970129713,0.03439596063988095,50.797045407738096,3052.257767874306,352.11690448037757,767.4428344592261,65.57871875,1055.4804793568949,3443.1931532427084,474.4991970129713,0.03439596063988095,50.797045407738096,3052.257767874306,352.11690448037757,767.4428344592261,65.57871875
2026-02-03 05:00:00+00:00,1093.9216700000002,2729.6194,578.0175025,0.035,45.83361,3539.6047550000003,130.7187975,794.08808,24.0,1507.6753859168605,3503.8778786295907,525.2041118020284,0.0931914599680547,44.86286508042486,3742.4834137157227,135.66819383711453,794.5653070269942,33.477917900032374,1055.4804793568949,3443.1931532427084,474.4991970129713,0.03439596063988095,50.797045407738096,3052.257767874306,352.11690448037757,767.4428344592261,65.57871875,1055.4804793568949,3443.1931532427084,474.4991970129713,0.03439596063988095,50.797045407738096,3052.257767874306,352.11690448037757,767.4428344592261,65.57871875
2026-02-03 06:00:00+00:00,1754.5399875,2957.253845,584.5416625,0.0,45.83361,4431.344505,131.28977999999998,796.45983,24.0,1790.1746491895124,3619.646835497714,520.7068004464292,0.030650004130055267,44.471554219598275,4528.280406497378,257.83508828339865,790.2592311796632,34.45439863855917,1055.4804793568949,3443.1931532427084,474.4991970129713,0.03439596063988095,50.797045407738096,3052.257767874306,352.11690448037757,767.4428344592261,65.57871875,1055.4804793568949,3443.1931532427084,474.4991970129713,0.03439596063988095,50.797045407738096,3052.257767874306,352.11690448037757,767.4428344592261,65.57871875
2026-02-03 07:00:00+00:00,1989.840005,2973.021975,535.105,0.0,45.83361,4532.2698199999995,131.28977999999998,797.616205,30.5,2086.8838941476515,3313.861659729337,498.24141946685387,0.04817342404639702,43.8320635863691,4953.546899091018,422.0004769940473,794.7859799172977,34.57473174744979,1055.4804793568949,3443.1931532427084,474.4991970129713,0.03439596063988095,50.797045407738096,3052.257767874306,352.11690448037757,767.4428344592261,65.57871875,1055.4804793568949,3443.1931532427084,474.4991970129713,0.03439596063988095,50.797045407738096,3052.257767874306,352.11690448037757,767.4428344592261,65.57871875
2026-02-03 08:00:00+00:00,1963.1850050000003,2974.81993,489.67166749999996,0.0683325,45.83361,4528.94346,418.30228,797.33983,31.0,2375.4736421456573,3534.9935458464583,497.6244655815176,0.05305101973927099,43.85054825228037,5019.022372914996,362.7730545404396,792.5931634574148,32.6355259533883,1055.4804793568949,3443.1931532427084,474.4991970129713,0.03439596063988095,50.797045407738096,3052.257767874306,352.11690448037757,767.4428344592261,65.57871875,1055.4804793568949,3443.1931532427084,474.4991970129713,0.03439596063988095,50.797045407738096,3052.257767874306,352.11690448037757,767.4428344592261,65.57871875
2026-02-03 09:00:00+00:00,1498.6928425,2919.01492,470.9006875,0.1,45.83361,4750.4726125,131.41006500000003,796.76058,28.25,2101.1478969881846,3528.8056574023963,501.212363284083,0.06256044181297096,43.700430863552455,4907.207298320473,224.93278164091583,791.0481369168793,32.29776417986727,1055.4804793568949,3443.1931532427084,474.4991970129713,0.03439596063988095,50.797045407738096,3052.257767874306,352.11690448037757,767.4428344592261,65.57871875,1055.4804793568949,3443.1931532427084,474.4991970129713,0.03439596063988095,50.797045407738096,3052.257767874306,352.11690448037757,767.4428344592261,65.57871875
2026-02-03 10:00:00+00:00,1492.6004050000001,3055.2343175,450.75167,0.1341675,45.83361,4499.042425,131.73924,796.76058,30.0,1861.0962608084988,3307.9761789123186,498.95624659398135,0.07074009569116313,43.82825215034167,5009.330626450268,177.0444433797163,792.2476099970416,30.96917119919854,1055.4804793568949,3443.1931532427084,474.4991970129713,0.03439596063988095,50.797045407738096,3052.257767874306,352.11690448037757,767.4428344592261,65.57871875,1055.4804793568949,3443.1931532427084,474.4991970129713,0.03439596063988095,50.797045407738096,3052.257767874306,352.11690448037757,767.4428344592261,65.57871875
2026-02-03 11:00:00+00:00,1786.4549975,3254.5360275,466.25917,0.0333325,45.83361,4555.5726675,123.5780775,796.76058,34.0,2118.762386948469,3282.1065624528983,456.27941014453853,0.06422565812433574,43.43429455216011,5083.4598352432295,191.312819489407,790.144120812081,29.052830847980786,1055.4804793568949,3443.1931532427084,474.4991970129713,0.03439596063988095,50.797045407738096,3052.257767874306,352.11690448037757,767.4428344592261,65.57871875,1055.4804793568949,3443.1931532427084,474.4991970129713,0.03439596063988095,50.797045407738096,3052.257767874306,352.11690448037757,767.4428344592261,65.57871875
2026-02-03 12:00:00+00:00,1907.6195925,3164.7500775,424.7154175,0.0341675,45.83361,4312.7019975,123.66742500000001,797.13258,34.0,2092.1958334764563,3201.468716186152,455.5249663969656,0.03195237190300947,43.383259519227984,4906.577415722295,137.36914924020897,792.5583900188793,33.740685769630815,1055.4804793568949,3443.1931532427084,474.4991970129713,0.03439596063988095,50.797045407738096,3052.257767874306,352.11690448037757,767.4428344592261,65.57871875,1055.4804793568949,3443.1931532427084,474.4991970129713,0.03439596063988095,50.797045407738096,3052.257767874306,352.11690448037757,767.4428344592261,65.57871875
2026-02-03 13:00:00+00:00,2106.0116774999997,2992.659685,422.1175025,0.0,45.83361,4699.7500875,183.36880250000002,797.13258,34.0,2074.8562054066406,3151.2478793291293,466.8436513980083,0.027824617602899532,43.51959185573708,4804.426188128076,141.1111710678528,791.5054120693618,35.15240363366123,1055.4804793568949,3443.1931532427084,474.4991970129713,0.03439596063988095,50.797045407738096,3052.257767874306,352.11690448037757,767.4428344592261,65.57871875,1055.4804793568949,3443.1931532427084,474.4991970129713,0.03439596063988095,50.797045407738096,3052.257767874306,352.11690448037757,767.4428344592261,65.57871875
2026-02-03 14:00:00+00:00,2317.0420775000002,3168.0968275,426.8279175,0.0,45.83361,4919.0377075,133.66083,797.13258,34.0,2147.583237435573,3158.3216947783435,455.23583749503604,0.04025944758998685,43.645466604778996,4896.4015940367835,218.53340575676705,789.6233800240576,37.5113809941888,1055.4804793568949,3443.1931532427084,474.4991970129713,0.03439596063988095,50.797045407738096,3052.257767874306,352.11690448037757,767.4428344592261,65.57871875,1055.4804793568949,3443.1931532427084,474.4991970129713,0.03439596063988095,50.797045407738096,3052.257767874306,352.11690448037757,767.4428344592261,65.57871875
2026-02-03 15:00:00+00:00,2276.2008299999998,3255.8209025,433.0866625,0.0341675,45.83361,4711.8251275,149.41083,797.53108,34.0,2349.4521735975295,3598.775549913859,434.78846967269254,0.038042053053632285,43.81599424393299,5071.517399888148,242.67580486642876,789.0700874336761,34.723790383135025,1055.4804793568949,3443.1931532427084,474.4991970129713,0.03439596063988095,50.797045407738096,3052.257767874306,352.11690448037757,767.4428344592261,65.57871875,1055.4804793568949,3443.1931532427084,474.4991970129713,0.03439596063988095,50.797045407738096,3052.257767874306,352.11690448037757,767.4428344592261,65.57871875
2026-02-03 16:00:00+00:00,2440.78783,3305.3254825,427.3952125,0.0,45.83361,5016.0595125,354.94124250000004,798.70408,34.0,2386.662836719615,3558.6846984510316,439.4160592887822,0.03990771103937396,43.606975463441266,5032.385197838364,329.9951219407403,798.5952888093035,36.990253860170704,1055.4804793568949,3443.1931532427084,474.4991970129713,0.03439596063988095,50.797045407738096,3052.257767874306,352.11690448037757,767.4428344592261,65.57871875,1055.4804793568949,3443.1931532427084,474.4991970129713,0.03439596063988095,50.797045407738096,3052.257767874306,352.11690448037757,767.4428344592261,65.57871875
2026-02-03 17:00:00+00:00,2482.136105,3336.019295,415.63444499999997,0.0,45.83361,5106.635385,867.4959,799.34958,34.0,2557.016093222088,3737.8884067510107,440.0778750797692,0.027978382082321927,44.2518905391352,5143.413022897983,409.3411474576946,793.601345245286,37.455878313547956,1055.4804793568949,3443.1931532427084,474.4991970129713,0.03439596063988095,50.797045407738096,3052.257767874306,352.11690448037757,767.4428344592261,65.57871875,1055.4804793568949,3443.1931532427084,474.4991970129713,0.03439596063988095,50.797045407738096,3052.257767874306,352.11690448037757,767.4428344592261,65.57871875
2026-02-03 18:00:00+00:00,2084.7102925,3410.69004,423.9097175,0.0,45.83361,5190.183495,238.8949725,799.34958,34.0,2416.702624421258,3409.887845811831,436.91658498285375,0.026128332742574537,44.81792087262982,5111.279412025547,344.22534279287424,794.3503079022914,38.62123400844018,1055.4804793568949,3443.1931532427084,474.4991970129713,0.03439596063988095,50.797045407738096,3052.257767874306,352.11690448037757,767.4428344592261,65.57871875,1055.4804793568949,3443.1931532427084,474.4991970129713,0.03439596063988095,50.797045407738096,3052.257767874306,352.11690448037757,767.4428344592261,65.57871875
2026-02-03 19:00:00+00:00,1721.4449925,3309.5966125,429.5413875,0.066665,45.83361,4822.0608375,262.540285,799.34958,34.0,2122.0369062554155,3698.2877730350942,450.13272368654617,0.08621762407836556,44.300544966108106,4949.105933210028,184.10938305431011,789.6660910782501,40.55878923052845,1055.4804793568949,3443.1931532427084,474.4991970129713,0.03439596063988095,50.797045407738096,3052.257767874306,352.11690448037757,767.4428344592261,65.57871875,1055.4804793568949,3443.1931532427084,474.4991970129713,0.03439596063988095,50.797045407738096,3052.257767874306,352.11690448037757,767.4428344592261,65.57871875
2026-02-03 20:00:00+00:00,1721.3107125000001,3215.1243400000003,431.0168225,0.063475,45.83361,4326.9558799999995,209.41854,799.34958,34.0,1913.1299806246338,3229.898518767761,469.6957894344628,0.08948717049854582,44.65179820639337,4713.787753232002,210.7260563726168,794.4927919707783,34.951461199724044,1055.4804793568949,3443.1931532427084,474.4991970129713,0.03439596063988095,50.797045407738096,3052.257767874306,352.11690448037757,767.4428344592261,65.57871875,1055.4804793568949,3443.1931532427084,474.4991970129713,0.03439596063988095,50.797045407738096,3052.257767874306,352.11690448037757,767.4428344592261,65.57871875
2026-02-03 21:00:00+00:00,1623.2385975,3221.6684175,425.2313875,0.15724499999999997,45.83361,4419.6617275,131.9869875,798.04158,34.0,1944.8683790660448,3391.070258111429,489.6992851003018,0.1246438281628138,44.80471680771309,4758.958713163698,228.41942468762818,795.7547080968923,41.549777018461,1055.4804793568949,3443.1931532427084,474.4991970129713,0.03439596063988095,50.797045407738096,3052.257767874306,352.11690448037757,767.4428344592261,65.57871875,1055.4804793568949,3443.1931532427084,474.4991970129713,0.03439596063988095,50.797045407738096,3052.257767874306,352.11690448037757,767.4428344592261,65.57871875
2026-02-03 22:00:00+00:00,1585.43139,3171.7464725,429.745275,0.0697325,45.83361,3925.876,131.58183000000002,797.25258,34.0,1783.7618091240138,3140.0270335994974,493.9508210940611,0.13246809769158033,44.83831565248272,4425.6727894448995,177.77535405360308,797.3540616321105,40.04767492886113,1055.4804793568949,3443.1931532427084,474.4991970129713,0.03439596063988095,50.797045407738096,3052.257767874306,352.11690448037757,767.4428344592261,65.57871875,1055.4804793568949,3443.1931532427084,474.4991970129713,0.03439596063988095,50.797045407738096,3052.257767874306,352.11690448037757,767.4428344592261,65.57871875
2026-02-03 23:00:00+00:00,1576.055465,3216.8099925,506.92194500000005,0.065,45.83361,3676.438555,123.63538500000001,792.98408,34.0,1594.7228368464134,3187.302308310069,507.8975837955216,0.1257560233880986,45.23522243127187,4187.875763368706,166.6815444427719,790.0845177064145,40.648012592245635,1055.4804793568949,3443.1931532427084,474.4991970129713,0.03439596063988095,50.797045407738096,3052.257767874306,352.11690448037757,767.4428344592261,65.57871875,1055.4804793568949,3443.1931532427084,474.4991970129713,0.03439596063988095,50.797045407738096,3052.257767874306,352.11690448037757,767.4428344592261,65.57871875
2026-02-04 00:00:00+00:00,1570.67834,3326.705905,520.4116675,0.033445,45.83361,3988.6324125,122.29386,793.09708,34.0,1598.3234970692706,3325.6450983501877,470.68322878033086,0.0531272754833804,44.979017374242915,4223.925266810928,165.1340083190013,789.6512532539722,37.81488183857762,1055.4804793568949,3443.1931532427084,474.4991970129713,0.03439596063988095,50.797045407738096,3052.257767874306,352.11690448037757,767.4428344592261,65.57871875,1055.4804793568949,3443.1931532427084,474.4991970129713,0.03439596063988095,50.797045407738096,3052.257767874306,352.11690448037757,767.4428344592261,65.57871875
2026-02-04 01:00:00+00:00,1405.1483175,3544.6382974999997,541.7541650000001,0.0333325,45.83361,3520.0296675,122.66274999999996,792.81008,34.0,1758.9125074666701,3356.1263149142283,476.4012407452795,0.03870264874400547,45.04262074976538,4368.82268167016,163.0120239414203,790.0099354733089,39.61390267615017,1055.4804793568949,3443.1931532427084,474.4991970129713,0.03439596063988095,50.797045407738096,3052.257767874306,352.11690448037757,767.4428344592261,65.57871875,1055.4804793568949,3443.1931532427084,474.4991970129713,0.03439596063988095,50.797045407738096,3052.257767874306,352.11690448037757,767.4428344592261,65.57871875
2026-02-04 02:00:00+00:00,1564.269175,3748.0377399999998,432.2516675,0.0,45.83361,3526.2386675,121.95391000000001,792.81008,34.0,1846.015925035617,3523.9946447313887,473.8166317519858,0.03282098791770502,45.04262074976538,4265.019667620356,163.0120239414203,791.0249968918854,39.4134944788183,1055.4804793568949,3443.1931532427084,474.4991970129713,0.03439596063988095,50.797045407738096,3052.257767874306,352.11690448037757,767.4428344592261,65.57871875,1055.4804793568949,3443.1931532427084,474.4991970129713,0.03439596063988095,50.797045407738096,3052.257767874306,352.11690448037757,767.4428344592261,65.57871875
2026-02-04 03:00:00+00:00,1562.8550175,3706.6915875,398.334165,0.0333325,45.83361,4003.2327575,140.72976749999998,792.81008,34.0,1921.068135382709,3565.410937802014,419.27720695798644,0.03966243400569562,44.67104245132101,4692.023625787267,159.01096042934012,793.8213078977308,40.892251189876376,1055.4804793568949,3443.1931532427084,474.4991970129713,0.03439596063988095,50.797045407738096,3052.257767874306,352.11690448037757,767.4428344592261,65.57871875,1055.4804793568949,3443.1931532427084,474.4991970129713,0.03439596063988095,50.797045407738096,3052.257767874306,352.11690448037757,767.4428344592261,65.57871875
2026-02-04 04:00:00+00:00,1629.3275174999999,4124.414235,402.3775025,0.0666675,45.83361,4703.9800875,130.70733999999996,792.81008,34.0,2147.8090022905244,4131.621636871261,403.15933670067443,0.08719642484418627,45.252641053770525,5170.507491037304,145.04102752863116,798.4565710821437,41.66031335109152,1055.4804793568949,3443.1931532427084,474.4991970129713,0.03439596063988095,50.797045407738096,3052.257767874306,352.11690448037757,767.4428344592261,65.57871875,1055.4804793568949,3443.1931532427084,474.4991970129713,0.03439596063988095,50.797045407738096,3052.257767874306,352.11690448037757,767.4428344592261,65.57871875
2026-02-04 05:00:00+00:00,1979.7441574999998,4964.0706575,389.6166675,0.0333325,45.83361,5838.4782275,130.20145,794.22508,34.0,2085.8493146033434,4163.675032311594,412.14505789363676,0.14496504501782662,46.80556914759913,6178.810694357245,206.47477332890355,794.9009531619521,40.298828853584624,1055.4804793568949,3443.1931532427084,474.4991970129713,0.03439596063988095,50.797045407738096,3052.257767874306,352.11690448037757,767.4428344592261,65.57871875,1055.4804793568949,3443.1931532427084,474.4991970129713,0.03439596063988095,50.797045407738096,3052.257767874306,352.11690448037757,767.4428344592261,65.57871875
2026-02-04 06:00:00+00:00,2194.3849975,5073.659485,391.1108325,0.0,45.83361,6386.286012500001,901.5380399999999,796.78708,34.0,2386.3844886402767,4649.963359656538,413.12989284248374,0.037226584093053613,45.92226443845749,6973.00384558355,678.6673515116053,792.0995065374673,38.443166315415695,1055.4804793568949,3443.1931532427084,474.4991970129713,0.03439596063988095,50.797045407738096,3052.257767874306,352.11690448037757,767.4428344592261,65.57871875,1055.4804793568949,3443.1931532427084,474.4991970129713,0.03439596063988095,50.797045407738096,3052.257767874306,352.11690448037757,767.4428344592261,65.57871875
2026-02-04 07:00:00+00:00,2545.72083,4996.6269425,386.0583325,0.035,45.83361,6471.940025,1181.22305,798.22758,34.0,2603.6679410899687,4832.638662141149,399.5467487512371,0.04528512855600662,46.47805878525032,6881.443917136108,876.3528515860078,795.7514460116467,37.01278277405285,1055.4804793568949,3443.1931532427084,474.4991970129713,0.03439596063988095,50.797045407738096,3052.257767874306,352.11690448037757,767.4428344592261,65.57871875,1055.4804793568949,3443.1931532427084,474.4991970129713,0.03439596063988095,50.797045407738096,3052.257767874306,352.11690448037757,767.4428344592261,65.57871875
2026-02-04 08:00:00+00:00,2542.834185,5070.295585,410.37083,0.2950025,45.83361,6250.9508125,427.11305,798.22758,34.0,2516.627154129146,4589.551994261514,409.0998920034235,0.06488887242859992,46.2182932305466,6591.7913658368325,510.782597998266,796.7918467135809,39.119876888604274,1055.4804793568949,3443.1931532427084,474.4991970129713,0.03439596063988095,50.797045407738096,3052.257767874306,352.11690448037757,767.4428344592261,65.57871875,1055.4804793568949,3443.1931532427084,474.4991970129713,0.03439596063988095,50.797045407738096,3052.257767874306,352.11690448037757,767.4428344592261,65.57871875
2026-02-04 09:00:00+00:00,2404.6591625,4916.9707925,410.0875,0.0,45.83361,6221.359420000001,184.692615,797.64158,34.0,2632.153680791159,4533.28685778142,407.8767311138447,0.060984206961935405,45.68702710476411,6319.321693610247,221.62043218681592,799.3415836619995,38.53777951414433,1055.4804793568949,3443.1931532427084,474.4991970129713,0.03439596063988095,50.797045407738096,3052.257767874306,352.11690448037757,767.4428344592261,65.57871875,1055.4804793568949,3443.1931532427084,474.4991970129713,0.03439596063988095,50.797045407738096,3052.257767874306,352.11690448037757,767.4428344592261,65.57871875
2026-02-04 10:00:00+00:00,2291.389975,4690.6434150000005,421.1358325,0.0316675,45.83361,6259.297175,278.63267,797.36258,31.75,2506.321502304304,4297.141671193523,412.9754359842869,0.06063468205794441,45.51641450879042,6187.390856802789,140.96177261477484,797.0939465316375,38.861702118943704,1055.4804793568949,3443.1931532427084,474.4991970129713,0.03439596063988095,50.797045407738096,3052.257767874306,352.11690448037757,767.4428344592261,65.57871875,1055.4804793568949,3443.1931532427084,474.4991970129713,0.03439596063988095,50.797045407738096,3052.257767874306,352.11690448037757,767.4428344592261,65.57871875
2026-02-04 11:00:00+00:00,2254.9691675,4868.389085,407.629165,0.0316675,45.83361,6014.5250825,118.50814250000002,797.26958,32.0,2520.5405665089047,4522.456781865348,389.8482586163468,0.04305818854113148,46.01649421849548,6076.791910515452,145.4834336322076,792.9287230758823,41.619424989178455,1055.4804793568949,3443.1931532427084,474.4991970129713,0.03439596063988095,50.797045407738096,3052.257767874306,352.11690448037757,767.4428344592261,65.57871875,1055.4804793568949,3443.1931532427084,474.4991970129713,0.03439596063988095,50.797045407738096,3052.257767874306,352.11690448037757,767.4428344592261,65.57871875
2026-02-04 12:00:00+00:00,2106.7116725,4866.466165,436.5708325,0.0,45.83361,5721.5219125,118.56655249999997,797.26958,32.25,2608.0914912595717,4309.794567172939,434.77409581480447,0.04425154555486623,47.458335448326224,6015.957425283741,175.09522602246903,796.8318768450159,46.00693557203344,1055.4804793568949,3443.1931532427084,474.4991970129713,0.03439596063988095,50.797045407738096,3052.257767874306,352.11690448037757,767.4428344592261,65.57871875,1055.4804793568949,3443.1931532427084,474.4991970129713,0.03439596063988095,50.797045407738096,3052.257767874306,352.11690448037757,767.4428344592261,65.57871875
2026-02-04 13:00:00+00:00,2331.699165,4838.01159,476.966665,0.16499999999999998,45.83361,5941.20699,222.341115,797.26958,35.75,2513.4149029520813,4144.135944435352,444.55438631958606,0.060018938471353964,47.52354856841336,6122.164913873897,206.9720919285974,795.1046672157885,47.629321160199225,1055.4804793568949,3443.1931532427084,474.4991970129713,0.03439596063988095,50.797045407738096,3052.257767874306,352.11690448037757,767.4428344592261,65.57871875,1055.4804793568949,3443.1931532427084,474.4991970129713,0.03439596063988095,50.797045407738096,3052.257767874306,352.11690448037757,767.4428344592261,65.57871875
2026-02-04 14:00:00+00:00,2376.59082,4885.572945,471.04499999999996,0.0,45.83361,5920.717947499999,267.39945,796.13608,41.0,2462.009069653638,4345.958074802278,454.762533396747,0.05389211113030286,46.27739412671311,6437.616944009775,258.8531488517684,798.4338765896108,46.41022291208961,1055.4804793568949,3443.1931532427084,474.4991970129713,0.03439596063988095,50.797045407738096,3052.257767874306,352.11690448037757,767.4428344592261,65.57871875,1055.4804793568949,3443.1931532427084,474.4991970129713,0.03439596063988095,50.797045407738096,3052.257767874306,352.11690448037757,767.4428344592261,65.57871875
2026-02-04 15:00:00+00:00,2485.0583325,4938.62183,469.2641675,0.1316675,45.83361,6066.70484,130.25904000000003,796.53458,41.0,2510.8008686934445,4635.240996139266,429.21994074361396,0.06857514513579996,46.10758078227302,6176.585405801679,298.0501222480105,795.4517055705751,43.481119800509205,1055.4804793568949,3443.1931532427084,474.4991970129713,0.03439596063988095,50.797045407738096,3052.257767874306,352.11690448037757,767.4428344592261,65.57871875,1055.4804793568949,3443.1931532427084,474.4991970129713,0.03439596063988095,50.797045407738096,3052.257767874306,352.11690448037757,767.4428344592261,65.57871875
2026-02-04 16:00:00+00:00,2497.7433425,4961.375615,429.6441675,0.0016675000000000023,45.83361,6093.9207175,132.1380275,797.70758,40.0,2462.032349828458,4997.49475866279,447.66565502980103,0.04565338328959844,45.238562767002584,6147.131421140442,308.26862007512153,794.9658924294065,42.70714845263673,1055.4804793568949,3443.1931532427084,474.4991970129713,0.03439596063988095,50.797045407738096,3052.257767874306,352.11690448037757,767.4428344592261,65.57871875,1055.4804793568949,3443.1931532427084,474.4991970129713,0.03439596063988095,50.797045407738096,3052.257767874306,352.11690448037757,767.4428344592261,65.57871875
2026-02-04 17:00:00+00:00,2511.7450049999998,5045.8625225,442.1816675,0.035,45.83361,6179.26453,131.55169999999998,798.35308,40.0,2362.065871490117,4676.385277817828,449.8056741172639,0.03379797476963492,44.23920079333458,6190.226337949462,291.51422741233114,794.3886161248305,40.138115824131646,1055.4804793568949,3443.1931532427084,474.4991970129713,0.03439596063988095,50.797045407738096,3052.257767874306,352.11690448037757,767.4428344592261,65.57871875,1055.4804793568949,3443.1931532427084,474.4991970129713,0.03439596063988095,50.797045407738096,3052.257767874306,352.11690448037757,767.4428344592261,65.57871875
2026-02-04 18:00:00+00:00,2350.739155,4933.7174575,438.0933325,0.0791675,45.83361,5986.3308375,131.93235500000003,798.35308,40.0,2425.266498587153,4614.895297493487,464.1340794733005,0.0476125069450232,43.97428841010088,6031.498049140966,231.63430889209803,793.9114760411816,41.19312127376662,1055.4804793568949,3443.1931532427084,474.4991970129713,0.03439596063988095,50.797045407738096,3052.257767874306,352.11690448037757,767.4428344592261,65.57871875,1055.4804793568949,3443.1931532427084,474.4991970129713,0.03439596063988095,50.797045407738096,3052.257767874306,352.11690448037757,767.4428344592261,65.57871875
2026-02-04 19:00:00+00:00,2211.376675,4690.5532275000005,419.5575025,0.165,45.83361,5717.6684725,129.45170000000002,798.35308,40.0,2159.6983714491344,4470.0308813896645,456.8506518665596,0.09009606915342692,44.310415103114124,5573.327129315917,246.81444022941812,792.7952359695254,41.961897426413174,1055.4804793568949,3443.1931532427084,474.4991970129713,0.03439596063988095,50.797045407738096,3052.257767874306,352.11690448037757,767.4428344592261,65.57871875,1055.4804793568949,3443.1931532427084,474.4991970129713,0.03439596063988095,50.797045407738096,3052.257767874306,352.11690448037757,767.4428344592261,65.57871875
2026-02-04 20:00:00+00:00,1947.698355,4860.407632500001,433.2533275,0.0333325,45.83361,5520.4425125,129.45170000000002,798.35308,40.0,2112.7672498690963,4414.185930353787,457.7557454326402,0.0768138020267973,44.23552345854917,4926.33142806032,200.75224977649006,794.5324093204275,39.17188661653843,1055.4804793568949,3443.1931532427084,474.4991970129713,0.03439596063988095,50.797045407738096,3052.257767874306,352.11690448037757,767.4428344592261,65.57871875,1055.4804793568949,3443.1931532427084,474.4991970129713,0.03439596063988095,50.797045407738096,3052.257767874306,352.11690448037757,767.4428344592261,65.57871875
2026-02-04 21:00:00+00:00,1751.95166,4878.071765000001,467.97,0.0316675,45.83361,3971.705,129.4633325,797.04558,40.0,1904.9109345619217,4386.816236480945,475.56450326407753,0.11585808845739809,44.658317907792664,4567.065485171983,177.1377012739104,794.9351127926415,43.0646378629136,1055.4804793568949,3443.1931532427084,474.4991970129713,0.03439596063988095,50.797045407738096,3052.257767874306,352.11690448037757,767.4428344592261,65.57871875,1055.4804793568949,3443.1931532427084,474.4991970129713,0.03439596063988095,50.797045407738096,3052.257767874306,352.11690448037757,767.4428344592261,65.57871875
2026-02-04 22:00:00+00:00,1461.5725075,4450.9382525,502.0916625,0.135,45.83361,3406.8286675,129.41556500000004,796.25658,39.0,1873.9648531328694,3939.7480785595562,492.0956788738408,0.12964222642951376,44.18598484229272,4075.4750334456494,130.57181568488568,799.2649454822762,41.760314394869056,1055.4804793568949,3443.1931532427084,474.4991970129713,0.03439596063988095,50.797045407738096,3052.257767874306,352.11690448037757,767.4428344592261,65.57871875,1055.4804793568949,3443.1931532427084,474.4991970129713,0.03439596063988095,50.797045407738096,3052.257767874306,352.11690448037757,767.4428344592261,65.57871875
2026-02-04 23:00:00+00:00,1530.64168,3883.597795,481.7816675,0.1666675,45.83361,3527.980915,124.53449999999998,791.98808,40.0,1885.3299508538846,3669.8539819423013,483.32078360505983,0.1367695875308131,44.337329557134055,3933.3766078916155,139.9215852981351,792.8912947385891,42.66467674814639,1055.4804793568949,3443.1931532427084,474.4991970129713,0.03439596063988095,50.797045407738096,3052.257767874306,352.11690448037757,767.4428344592261,65.57871875,1055.4804793568949,3443.1931532427084,474.4991970129713,0.03439596063988095,50.797045407738096,3052.257767874306,352.11690448037757,767.4428344592261,65.57871875
2026-02-05 00:00:00+00:00,1808.15249,3787.220805,506.8741675,0.065,45.83361,3105.9651675,121.06927250000001,792.22358,40.0,1835.4429596976634,3640.643579160758,475.8521303276124,0.06238961549281262,44.29898939352114,3978.3866898280844,121.78976050658139,793.0358247823546,41.3135140321146,1055.4804793568949,3443.1931532427084,474.4991970129713,0.03439596063988095,50.797045407738096,3052.257767874306,352.11690448037757,767.4428344592261,65.57871875,1055.4804793568949,3443.1931532427084,474.4991970129713,0.03439596063988095,50.797045407738096,3052.257767874306,352.11690448037757,767.4428344592261,65.57871875
2026-02-05 01:00:00+00:00,1875.5899925,3787.013015,515.0758325,0.0333325,45.83361,3205.60877,120.87844999999996,791.93658,37.0,1878.6226698635055,3689.375005338193,484.53544601647775,0.050906422284020064,44.43056870328532,4046.087529827809,125.72154699518762,792.8692241283604,40.60949966269836,1055.4804793568949,3443.1931532427084,474.4991970129713,0.03439596063988095,50.797045407738096,3052.257767874306,352.11690448037757,767.4428344592261,65.57871875,1055.4804793568949,3443.1931532427084,474.4991970129713,0.03439596063988095,50.797045407738096,3052.257767874306,352.11690448037757,767.4428344592261,65.57871875
2026-02-05 02:00:00+00:00,2037.5274950000003,3785.63691,502.2658375,0.0,45.83361,3135.5777525000003,120.54878,791.93658,35.0,1996.0277968538467,3750.588471812538,474.4684934506042,0.03693258197589947,44.54823196122695,4472.017015307925,122.72903575440412,791.9744913884351,40.30086310686463,1055.4804793568949,3443.1931532427084,474.4991970129713,0.03439596063988095,50.797045407738096,3052.257767874306,352.11690448037757,767.4428344592261,65.57871875,1055.4804793568949,3443.1931532427084,474.4991970129713,0.03439596063988095,50.797045407738096,3052.257767874306,352.11690448037757,767.4428344592261,65.57871875
2026-02-05 03:00:00+00:00,2279.56084,4119.5702975,481.938335,0.066665,45.83361,3452.0640825,120.58021250000002,791.93658,36.5,1929.05547990615,3919.5608643894725,482.2886499121535,0.03506422750462833,44.499650136030326,4618.5070077367,131.99324282718692,793.2344785781008,41.498428276472794,1055.4804793568949,3443.1931532427084,474.4991970129713,0.03439596063988095,50.797045407738096,3052.257767874306,352.11690448037757,767.4428344592261,65.57871875,1055.4804793568949,3443.1931532427084,474.4991970129713,0.03439596063988095,50.797045407738096,3052.257767874306,352.11690448037757,767.4428344592261,65.57871875
2026-02-05 04:00:00+00:00,2590.87499,4466.288275,380.0074975,0.0316675,45.83361,4130.0698375,129.24083000000002,791.93658,38.0,2349.912988023352,4102.604129934322,451.5239072574561,0.09171262434609667,44.340628719909105,5106.128154146388,126.53834492936517,797.7141760947949,41.30043273364362,1055.4804793568949,3443.1931532427084,474.4991970129713,0.03439596063988095,50.797045407738096,3052.257767874306,352.11690448037757,767.4428344592261,65.57871875,1055.4804793568949,3443.1931532427084,474.4991970129713,0.03439596063988095,50.797045407738096,3052.257767874306,352.11690448037757,767.4428344592261,65.57871875
2026-02-05 05:00:00+00:00,2789.7575175,5023.842395,351.7249975,0.10333250000000002,45.83361,5469.647085,129.39823999999996,793.35158,35.0,2524.6763733818634,4318.518316106729,452.02907097432427,0.16029410320467205,43.973821678997055,6340.122019149232,207.87052602679955,793.003862885224,39.796839462282776,1055.4804793568949,3443.1931532427084,474.4991970129713,0.03439596063988095,50.797045407738096,3052.257767874306,352.11690448037757,767.4428344592261,65.57871875,1055.4804793568949,3443.1931532427084,474.4991970129713,0.03439596063988095,50.797045407738096,3052.257767874306,352.11690448037757,767.4428344592261,65.57871875
2026-02-05 06:00:00+00:00,2994.4858425,5117.60006,351.6875025,0.09833250000000002,45.83361,6730.751985,217.08574000000002,795.91408,35.0,2760.3337689661457,4777.765912709962,440.93826456854805,0.0496909002734907,44.36114685331569,7326.211608007972,519.1957621049178,786.6767135478111,40.27691218359578,1055.4804793568949,3443.1931532427084,474.4991970129713,0.03439596063988095,50.797045407738096,3052.257767874306,352.11690448037757,767.4428344592261,65.57871875,1055.4804793568949,3443.1931532427084,474.4991970129713,0.03439596063988095,50.797045407738096,3052.257767874306,352.11690448037757,767.4428344592261,65.57871875
2026-02-05 07:00:00+00:00,2906.6924975,5104.6191725,358.6399975,0.0333325,45.83361,7057.68746,820.49799,797.35408,33.0,2797.864194507035,4780.380047580013,422.8894350394827,0.04645428467024704,43.56770701577891,7479.3841694107105,822.9695297280134,788.8615412334752,39.196983630421315,1055.4804793568949,3443.1931532427084,474.4991970129713,0.03439596063988095,50.797045407738096,3052.257767874306,352.11690448037757,767.4428344592261,65.57871875,1055.4804793568949,3443.1931532427084,474.4991970129713,0.03439596063988095,50.797045407738096,3052.257767874306,352.11690448037757,767.4428344592261,65.57871875
2026-02-05 08:00:00+00:00,2883.069165,5107.7051375,358.46,0.0333325,45.83361,7068.215595,645.233885,797.35408,39.0,2772.5418838493297,4745.966743517372,415.6624811236043,0.053852466473020486,43.5501049321035,7347.104146405747,665.4991442430946,790.6178748318309,39.63232328129621,1055.4804793568949,3443.1931532427084,474.4991970129713,0.03439596063988095,50.797045407738096,3052.257767874306,352.11690448037757,767.4428344592261,65.57871875,1055.4804793568949,3443.1931532427084,474.4991970129713,0.03439596063988095,50.797045407738096,3052.257767874306,352.11690448037757,767.4428344592261,65.57871875
2026-02-05 09:00:00+00:00,2533.8999975,5088.5684550000005,351.7175,0.135,45.83361,7395.976965,419.04703,796.76858,40.0,2650.3842578392923,4870.0643140132,416.43094284108196,0.07804328203280997,43.83784199609422,7164.147432953392,337.8523802172202,790.6062528278607,38.87657832409515,1055.4804793568949,3443.1931532427084,474.4991970129713,0.03439596063988095,50.797045407738096,3052.257767874306,352.11690448037757,767.4428344592261,65.57871875,1055.4804793568949,3443.1931532427084,474.4991970129713,0.03439596063988095,50.797045407738096,3052.257767874306,352.11690448037757,767.4428344592261,65.57871875
2026-02-05 10:00:00+00:00,2572.7333275,5115.483595,370.1750025,0.131665,45.83361,7315.6080975,151.05703,797.051955,40.0,2433.94324782626,4711.357448698131,408.007135939783,0.09086708728276569,44.030273429459314,7098.643528256898,156.1613026736717,787.9625062187956,38.76370181388464,1055.4804793568949,3443.1931532427084,474.4991970129713,0.03439596063988095,50.797045407738096,3052.257767874306,352.11690448037757,767.4428344592261,65.57871875,1055.4804793568949,3443.1931532427084,474.4991970129713,0.03439596063988095,50.797045407738096,3052.257767874306,352.11690448037757,767.4428344592261,65.57871875
2026-02-05 11:00:00+00:00,2397.6741549999997,5021.1815575,412.28666999999996,0.0333325,45.83361,7204.5146724999995,129.615545,797.90208,40.0,2407.2326678769996,4493.386182994169,405.6647912724333,0.0671137924799553,43.96201180452845,6953.940410640076,156.8539960992595,790.5175795844418,39.5627552286645,1055.4804793568949,3443.1931532427084,474.4991970129713,0.03439596063988095,50.797045407738096,3052.257767874306,352.11690448037757,767.4428344592261,65.57871875,1055.4804793568949,3443.1931532427084,474.4991970129713,0.03439596063988095,50.797045407738096,3052.257767874306,352.11690448037757,767.4428344592261,65.57871875
2026-02-05 12:00:00+00:00,2381.2774950000003,4982.191965,408.41667,0.0,45.83361,7029.14244,129.51902,797.90208,40.0,2264.268122658602,4475.357298599451,407.3398792389253,0.05526802001817529,43.24218922388754,6836.629933473171,147.90406582285397,788.9436810251448,40.94515596658406,1055.4804793568949,3443.1931532427084,474.4991970129713,0.03439596063988095,50.797045407738096,3052.257767874306,352.11690448037757,767.4428344592261,65.57871875,1055.4804793568949,3443.1931532427084,474.4991970129713,0.03439596063988095,50.797045407738096,3052.257767874306,352.11690448037757,767.4428344592261,65.57871875
2026-02-05 13:00:00+00:00,2461.7433275000003,5098.56685,403.40999999999997,0.066665,45.83361,7061.7848075,129.51902,797.90208,40.0,2470.053260965474,4723.344218740978,430.0638964267852,0.058199718045178025,45.66666895547067,6857.494865165667,131.54561273588953,789.7555274463168,38.39512303533916,1055.4804793568949,3443.1931532427084,474.4991970129713,0.03439596063988095,50.797045407738096,3052.257767874306,352.11690448037757,767.4428344592261,65.57871875,1055.4804793568949,3443.1931532427084,474.4991970129713,0.03439596063988095,50.797045407738096,3052.257767874306,352.11690448037757,767.4428344592261,65.57871875
2026-02-05 14:00:00+00:00,2509.5783275,5092.8195775,369.904165,0.0,45.83361,7202.7326775,145.71208749999997,797.90208,40.0,2642.678516488332,4740.272675933943,420.44574635370776,0.06692975470584275,45.086185405298295,6966.8698589260375,170.04692356272705,791.7492285738061,40.900012214088754,1055.4804793568949,3443.1931532427084,474.4991970129713,0.03439596063988095,50.797045407738096,3052.257767874306,352.11690448037757,767.4428344592261,65.57871875,1055.4804793568949,3443.1931532427084,474.4991970129713,0.03439596063988095,50.797045407738096,3052.257767874306,352.11690448037757,767.4428344592261,65.57871875
2026-02-05 15:00:00+00:00,2600.2933350000003,5247.835735000001,387.7550025,0.1,45.83361,7241.942772499999,280.60386000000005,798.30008,40.0,2608.5930047147667,5160.512746823115,434.7690788298863,0.08973357078990427,45.108046475970696,7068.544282646339,358.03244844130177,789.1095327933425,38.27277622669965,1055.4804793568949,3443.1931532427084,474.4991970129713,0.03439596063988095,50.797045407738096,3052.257767874306,352.11690448037757,767.4428344592261,65.57871875,1055.4804793568949,3443.1931532427084,474.4991970129713,0.03439596063988095,50.797045407738096,3052.257767874306,352.11690448037757,767.4428344592261,65.57871875
2026-02-05 16:00:00+00:00,2606.4024975,5307.7628925,379.5133325,0.0683325,45.83361,7288.611667499999,994.9824849999999,799.47358,40.0,2704.364278290079,4938.503946023045,439.19657844409454,0.0644807137212242,43.76443619758015,7374.391275432668,674.5413067461066,791.1746962047885,43.05375306380766,1055.4804793568949,3443.1931532427084,474.4991970129713,0.03439596063988095,50.797045407738096,3052.257767874306,352.11690448037757,767.4428344592261,65.57871875,1055.4804793568949,3443.1931532427084,474.4991970129713,0.03439596063988095,50.797045407738096,3052.257767874306,352.11690448037757,767.4428344592261,65.57871875
2026-02-05 17:00:00+00:00,2607.7600025,5219.719875000001,386.2366675,0.0,45.83361,7405.5411625,1146.4022499999999,800.11908,40.0,2860.556810793114,4741.634884883226,460.1569806124466,0.05164190197919628,43.30723607655845,7606.918218687102,836.773916831717,790.7949005762354,41.261505278990484,1055.4804793568949,3443.1931532427084,474.4991970129713,0.03439596063988095,50.797045407738096,3052.257767874306,352.11690448037757,767.4428344592261,65.57871875,1055.4804793568949,3443.1931532427084,474.4991970129713,0.03439596063988095,50.797045407738096,3052.257767874306,352.11690448037757,767.4428344592261,65.57871875
2026-02-05 18:00:00+00:00,2602.577485,5163.829315,389.2641675,0.0333325,45.83361,7410.468255,870.021715,800.11908,40.0,2774.420550701784,4788.712686860194,433.00115680234563,0.04690883840265322,43.688971257103994,7585.805045363071,540.757890246823,792.0165572509259,42.35790536029005,1055.4804793568949,3443.1931532427084,474.4991970129713,0.03439596063988095,50.797045407738096,3052.257767874306,352.11690448037757,767.4428344592261,65.57871875,1055.4804793568949,3443.1931532427084,474.4991970129713,0.03439596063988095,50.797045407738096,3052.257767874306,352.11690448037757,767.4428344592261,65.57871875
2026-02-05 19:00:00+00:00,2514.24417,5189.507635,402.44,0.265,45.83361,7347.229079999999,446.17975,800.11908,40.0,2489.011235554203,4719.200495866067,424.9276236939576,0.08788435116511775,46.45617150878306,7228.075311929804,338.87283515919404,795.0172060714078,38.40117915181776,1055.4804793568949,3443.1931532427084,474.4991970129713,0.03439596063988095,50.797045407738096,3052.257767874306,352.11690448037757,767.4428344592261,65.57871875,1055.4804793568949,3443.1931532427084,474.4991970129713,0.03439596063988095,50.797045407738096,3052.257767874306,352.11690448037757,767.4428344592261,65.57871875
2026-02-05 20:00:00+00:00,2449.273315,5161.1558475,394.597505,0.0333325,45.83361,6817.3832649999995,166.93975,800.11908,40.0,2424.654686100159,4635.262006059985,424.7712824432357,0.06342359373903257,46.89607496190205,6870.953168581761,172.35715085557055,804.1922498750495,41.40478083753705,1055.4804793568949,3443.1931532427084,474.4991970129713,0.03439596063988095,50.797045407738096,3052.257767874306,352.11690448037757,767.4428344592261,65.57871875,1055.4804793568949,3443.1931532427084,474.4991970129713,0.03439596063988095,50.797045407738096,3052.257767874306,352.11690448037757,767.4428344592261,65.57871875
2026-02-05 21:00:00+00:00,2362.035825,5144.3947325,385.9983325,0.13333250000000002,45.83361,6654.580855,131.182715,798.81108,40.0,2436.157176531811,4507.25695888451,464.49143733016535,0.0996209990622898,46.55658248306385,6598.795815309359,180.81023106891712,803.0644563809526,39.72104790157435,1055.4804793568949,3443.1931532427084,474.4991970129713,0.03439596063988095,50.797045407738096,3052.257767874306,352.11690448037757,767.4428344592261,65.57871875,1055.4804793568949,3443.1931532427084,474.4991970129713,0.03439596063988095,50.797045407738096,3052.257767874306,352.11690448037757,767.4428344592261,65.57871875
2026-02-05 22:00:00+00:00,2301.48917,5146.4595174999995,391.6216675,0.19666749999999997,45.83361,6444.9855824999995,131.34161,798.02208,40.0,2324.778963864793,4413.734265433392,439.63204971563766,0.1215682523258512,46.34159829380088,6215.208116547118,126.68696624857921,802.2008757063015,40.7163075922529,1055.4804793568949,3443.1931532427084,474.4991970129713,0.03439596063988095,50.797045407738096,3052.257767874306,352.11690448037757,767.4428344592261,65.57871875,1055.4804793568949,3443.1931532427084,474.4991970129713,0.03439596063988095,50.797045407738096,3052.257767874306,352.11690448037757,767.4428344592261,65.57871875
2026-02-05 23:00:00+00:00,2288.382485,5138.8206875,465.1125025,0.2016675,45.83361,6254.9375275,121.31504000000001,793.75358,41.0,2343.311003889712,4579.669933171068,467.0050290667768,0.12448969063049398,47.10217753061724,6264.280287591175,141.04206593985828,802.6446762201429,40.835674598244346,1055.4804793568949,3443.1931532427084,474.4991970129713,0.03439596063988095,50.797045407738096,3052.257767874306,352.11690448037757,767.4428344592261,65.57871875,1055.4804793568949,3443.1931532427084,474.4991970129713,0.03439596063988095,50.797045407738096,3052.257767874306,352.11690448037757,767.4428344592261,65.57871875
2026-02-06 00:00:00+00:00,2284.6808125,5150.5920175,491.467505,0.265,45.83361,6228.4873575,121.36255999999995,795.24858,41.0,2259.7771659496984,4554.349539353104,477.4405313970205,0.10607820153428338,47.22566175815202,6517.802569369798,135.32424537901528,799.2546070471595,40.09181159898264,1055.4804793568949,3443.1931532427084,474.4991970129713,0.03439596063988095,50.797045407738096,3052.257767874306,352.11690448037757,767.4428344592261,65.57871875,1055.4804793568949,3443.1931532427084,474.4991970129713,0.03439596063988095,50.797045407738096,3052.257767874306,352.11690448037757,767.4428344592261,65.57871875
2026-02-06 01:00:00+00:00,2283.655835,5144.2928875,509.844165,0.09833250000000002,45.83361,6330.4402549999995,121.50511999999998,794.96158,41.0,2191.0988697718467,4488.349584629173,497.79535824029483,0.069397006695886,47.7614696704299,6380.239633647996,117.18166164425503,801.7071871901164,41.360005883537475,1055.4804793568949,3443.1931532427084,474.4991970129713,0.03439596063988095,50.797045407738096,3052.257767874306,352.11690448037757,767.4428344592261,65.57871875,1055.4804793568949,3443.1931532427084,474.4991970129713,0.03439596063988095,50.797045407738096,3052.257767874306,352.11690448037757,767.4428344592261,65.57871875
2026-02-06 02:00:00+00:00,2285.0516475,5143.6531675,544.0966675,0.0,45.83361,6361.4801525,121.07298500000002,794.96158,41.0,2193.5648187081606,4587.322152811107,507.150456746418,0.038735693721841005,47.91379532342619,6273.24963816137,130.38220147511984,802.2387171638983,47.8567895346314,1055.4804793568949,3443.1931532427084,474.4991970129713,0.03439596063988095,50.797045407738096,3052.257767874306,352.11690448037757,767.4428344592261,65.57871875,1055.4804793568949,3443.1931532427084,474.4991970129713,0.03439596063988095,50.797045407738096,3052.257767874306,352.11690448037757,767.4428344592261,65.57871875
2026-02-06 03:00:00+00:00,2306.45098,5125.6412225,542.308005,0.0,45.83361,6644.772695,129.4836275,794.96158,40.0,2302.9974303497456,4575.749758051747,524.8492275191517,0.031354273229700934,47.39293729854038,6316.591346531028,137.76073821129344,799.6241123470138,45.34563325780868,1055.4804793568949,3443.1931532427084,474.4991970129713,0.03439596063988095,50.797045407738096,3052.257767874306,352.11690448037757,767.4428344592261,65.57871875,1055.4804793568949,3443.1931532427084,474.4991970129713,0.03439596063988095,50.797045407738096,3052.257767874306,352.11690448037757,767.4428344592261,65.57871875
2026-02-06 04:00:00+00:00,2434.7625075,4937.50156,530.1008325,0.0666675,45.83361,6566.163595,129.73979,794.96158,38.0,2277.568007052477,4472.889433996454,527.3634042742614,0.09689030434227622,47.538898163180065,6686.719206717371,106.4231768281534,803.2229696655816,44.45829634136082,1055.4804793568949,3443.1931532427084,474.4991970129713,0.03439596063988095,50.797045407738096,3052.257767874306,352.11690448037757,767.4428344592261,65.57871875,1055.4804793568949,3443.1931532427084,474.4991970129713,0.03439596063988095,50.797045407738096,3052.257767874306,352.11690448037757,767.4428344592261,65.57871875
2026-02-06 05:00:00+00:00,2511.4700125,4855.8844975,540.5891675,0.2475,45.83361,6748.04684,251.60343,796.37658,40.0,2495.279755756003,4359.160083648425,499.50144530882886,0.14925562796496583,47.538855834277705,7181.7969235228375,211.26533932109044,803.4343272319435,40.74133477456036,1055.4804793568949,3443.1931532427084,474.4991970129713,0.03439596063988095,50.797045407738096,3052.257767874306,352.11690448037757,767.4428344592261,65.57871875,1055.4804793568949,3443.1931532427084,474.4991970129713,0.03439596063988095,50.797045407738096,3052.257767874306,352.11690448037757,767.4428344592261,65.57871875
2026-02-06 06:00:00+00:00,2610.9358549999997,4961.427412499999,529.12,0.0333325,45.83361,7238.10125,679.468525,798.93858,40.0,2378.9913225146183,4456.2839820441395,509.1064154149547,0.03150218966288731,47.46375194719257,7487.197351988871,707.1738259483922,811.6852383949469,39.42223639217957,1055.4804793568949,3443.1931532427084,474.4991970129713,0.03439596063988095,50.797045407738096,3052.257767874306,352.11690448037757,767.4428344592261,65.57871875,1055.4804793568949,3443.1931532427084,474.4991970129713,0.03439596063988095,50.797045407738096,3052.257767874306,352.11690448037757,767.4428344592261,65.57871875
2026-02-06 07:00:00+00:00,2614.8066625,5150.3668575,526.2308325,0.0,45.83361,7231.0236,1499.77917,801.12258,40.0,2658.572417531357,4713.997350816013,536.5080538189767,0.017309664985296933,46.83265774299938,7562.01890202371,1167.980382302453,808.7303131565518,41.092335298209996,1055.4804793568949,3443.1931532427084,474.4991970129713,0.03439596063988095,50.797045407738096,3052.257767874306,352.11690448037757,767.4428344592261,65.57871875,1055.4804793568949,3443.1931532427084,474.4991970129713,0.03439596063988095,50.797045407738096,3052.257767874306,352.11690448037757,767.4428344592261,65.57871875
2026-02-06 08:00:00+00:00,2596.3566575,5173.48847,529.0875025,0.13333250000000002,45.83361,7169.985257499999,888.1072499999999,800.55583,40.0,2789.0858563013653,4964.985891468884,534.7189289231512,0.06316747396589187,46.11477479465552,7455.033752701647,886.08764687551,793.6855460869301,42.8211217655644,1055.4804793568949,3443.1931532427084,474.4991970129713,0.03439596063988095,50.797045407738096,3052.257767874306,352.11690448037757,767.4428344592261,65.57871875,1055.4804793568949,3443.1931532427084,474.4991970129713,0.03439596063988095,50.797045407738096,3052.257767874306,352.11690448037757,767.4428344592261,65.57871875
2026-02-06 09:00:00+00:00,2615.22585,5170.654845,550.1916675,0.1875,45.83361,6786.210097499999,602.3883500000001,800.53658,40.0,2698.520650911578,4946.742667361378,515.4215291182796,0.0997232933402491,46.041184615315274,7334.88861576895,667.7528351678639,800.0585833805442,46.02324061956283,1055.4804793568949,3443.1931532427084,474.4991970129713,0.03439596063988095,50.797045407738096,3052.257767874306,352.11690448037757,767.4428344592261,65.57871875,1055.4804793568949,3443.1931532427084,474.4991970129713,0.03439596063988095,50.797045407738096,3052.257767874306,352.11690448037757,767.4428344592261,65.57871875
2026-02-06 10:00:00+00:00,2612.1708325,5162.960552500001,543.829165,0.1633325,45.83361,6436.6116275,392.0836,800.53658,40.0,2560.826409627702,5034.008120849449,525.3775131683451,0.09330199349125164,46.235577349355246,7046.269954593817,266.32811490672344,798.1003658081571,44.68747203484702,1055.4804793568949,3443.1931532427084,474.4991970129713,0.03439596063988095,50.797045407738096,3052.257767874306,352.11690448037757,767.4428344592261,65.57871875,1055.4804793568949,3443.1931532427084,474.4991970129713,0.03439596063988095,50.797045407738096,3052.257767874306,352.11690448037757,767.4428344592261,65.57871875
2026-02-06 11:00:00+00:00,2600.54251,5140.5785175,551.1675,0.0333325,45.83361,6404.939755,174.20398749999998,800.53658,40.0,2564.917730836747,4797.961727084594,522.409419701606,0.0512994412656501,47.01000494643899,6984.955465669387,191.58625063704682,802.6433430196892,41.38901079480398,1055.4804793568949,3443.1931532427084,474.4991970129713,0.03439596063988095,50.797045407738096,3052.257767874306,352.11690448037757,767.4428344592261,65.57871875,1055.4804793568949,3443.1931532427084,474.4991970129713,0.03439596063988095,50.797045407738096,3052.257767874306,352.11690448037757,767.4428344592261,65.57871875
2026-02-06 12:00:00+00:00,2582.0074925,5142.60049,504.08833,0.0333325,45.83361,6410.7429875,131.05550000000002,800.81558,40.0,2586.293434048015,4595.004097092993,504.59753494127136,0.027812713255675723,46.83832686640626,6929.261336724313,162.7803924509283,808.9143640252761,43.86886626121309,1055.4804793568949,3443.1931532427084,474.4991970129713,0.03439596063988095,50.797045407738096,3052.257767874306,352.11690448037757,767.4428344592261,65.57871875,1055.4804793568949,3443.1931532427084,474.4991970129713,0.03439596063988095,50.797045407738096,3052.257767874306,352.11690448037757,767.4428344592261,65.57871875
2026-02-06 13:00:00+00:00,2584.53,5128.24539,510.11,0.0316675,45.83361,6442.817685,131.05550000000002,800.90858,40.0,2364.599952555896,4764.621498502909,499.8348171827989,0.034411857422804955,47.46541593539208,6875.570273123472,150.2360585969712,808.980013976782,46.20629535204824,1055.4804793568949,3443.1931532427084,474.4991970129713,0.03439596063988095,50.797045407738096,3052.257767874306,352.11690448037757,767.4428344592261,65.57871875,1055.4804793568949,3443.1931532427084,474.4991970129713,0.03439596063988095,50.797045407738096,3052.257767874306,352.11690448037757,767.4428344592261,65.57871875
2026-02-06 14:00:00+00:00,2603.1858349999998,5134.1042675,517.534165,0.0333325,45.83361,6614.6868374999995,132.89492,800.90858,40.0,2417.9506168750404,4920.240791620868,499.11672865585166,0.046149186046726215,47.986608925244326,7172.874368533638,202.6234829653917,817.6974198086627,52.69318962877182,1055.4804793568949,3443.1931532427084,474.4991970129713,0.03439596063988095,50.797045407738096,3052.257767874306,352.11690448037757,767.4428344592261,65.57871875,1055.4804793568949,3443.1931532427084,474.4991970129713,0.03439596063988095,50.797045407738096,3052.257767874306,352.11690448037757,767.4428344592261,65.57871875
2026-02-06 15:00:00+00:00,2619.3083425,5159.12058,491.0550025,0.066665,45.83361,6732.40553,244.47432999999998,801.30658,40.0,2367.2260684623225,4861.336811030064,490.5476277786401,0.04276635158576347,47.38835477440915,7072.839467227463,353.4945443750048,814.1057069401404,48.92085268554483,1055.4804793568949,3443.1931532427084,474.4991970129713,0.03439596063988095,50.797045407738096,3052.257767874306,352.11690448037757,767.4428344592261,65.57871875,1055.4804793568949,3443.1931532427084,474.4991970129713,0.03439596063988095,50.797045407738096,3052.257767874306,352.11690448037757,767.4428344592261,65.57871875
2026-02-06 16:00:00+00:00,2623.0116675,5095.000410000001,451.6575,0.0,45.83361,6611.6758475,537.09844,802.02658,40.0,2505.426682150729,5013.423483152114,489.8117567967002,0.03366287307541911,47.91679803613849,7231.90843583923,617.4933171829161,810.635330528685,44.3482245625417,1055.4804793568949,3443.1931532427084,474.4991970129713,0.03439596063988095,50.797045407738096,3052.257767874306,352.11690448037757,767.4428344592261,65.57871875,1055.4804793568949,3443.1931532427084,474.4991970129713,0.03439596063988095,50.797045407738096,3052.257767874306,352.11690448037757,767.4428344592261,65.57871875
2026-02-06 17:00:00+00:00,2623.3541674999997,4576.2836975,507.1816675,0.035,45.83361,6765.2417399999995,361.36407999999994,802.67208,40.0,2633.775879800726,4812.13622230142,494.5634851484064,0.040910798245887434,45.33208513357506,7328.884031781659,597.8844325966679,791.2620369906429,43.47680755173644,1055.4804793568949,3443.1931532427084,474.4991970129713,0.03439596063988095,50.797045407738096,3052.257767874306,352.11690448037757,767.4428344592261,65.57871875,1055.4804793568949,3443.1931532427084,474.4991970129713,0.03439596063988095,50.797045407738096,3052.257767874306,352.11690448037757,767.4428344592261,65.57871875
2026-02-06 18:00:00+00:00,2620.5274875,4074.5657899999997,494.2266675,0.0,45.83361,6751.377930000001,133.4117,802.67208,40.0,2410.829940559252,4683.478966344843,488.39035318727156,0.058172210017023565,45.648090390501615,7304.046414964199,226.19255248429891,799.3166976964391,40.467379423320125,1055.4804793568949,3443.1931532427084,474.4991970129713,0.03439596063988095,50.797045407738096,3052.257767874306,352.11690448037757,767.4428344592261,65.57871875,1055.4804793568949,3443.1931532427084,474.4991970129713,0.03439596063988095,50.797045407738096,3052.257767874306,352.11690448037757,767.4428344592261,65.57871875
2026-02-06 19:00:00+00:00,2520.83751,4063.5112225000003,494.0475025,0.101665,45.83361,6731.9381025,133.47803,802.67208,40.0,2299.0321973330138,4472.550528224756,491.2820060433147,0.09181052882044843,47.19382500361777,6776.7242164821355,177.2954066960316,803.1345361252364,40.43417724436119,1055.4804793568949,3443.1931532427084,474.4991970129713,0.03439596063988095,50.797045407738096,3052.257767874306,352.11690448037757,767.4428344592261,65.57871875,1055.4804793568949,3443.1931532427084,474.4991970129713,0.03439596063988095,50.797045407738096,3052.257767874306,352.11690448037757,767.4428344592261,65.57871875
2026-02-06 20:00:00+00:00,2477.0991525,4077.17307,501.6350025,0.063335,45.83361,6705.681155,132.32146249999997,802.67208,40.25,2138.9966879222557,4374.556228094045,490.1095464744206,0.08059547980013365,47.105210709982465,6344.008302490629,169.66928609308542,802.4474857429589,39.986993008756855,1055.4804793568949,3443.1931532427084,474.4991970129713,0.03439596063988095,50.797045407738096,3052.257767874306,352.11690448037757,767.4428344592261,65.57871875,1055.4804793568949,3443.1931532427084,474.4991970129713,0.03439596063988095,50.797045407738096,3052.257767874306,352.11690448037757,767.4428344592261,65.57871875
2026-02-06 21:00:00+00:00,2384.939165,4095.1359724999998,460.108335,0.0333325,45.83361,6210.71776,131.1270275,801.36408,41.0,2061.4723096665484,4259.339885903634,468.55858932743683,0.10565746701048406,48.17403779279494,5944.352107559937,192.21559378287174,804.4906775975815,41.09612142535612,1055.4804793568949,3443.1931532427084,474.4991970129713,0.03439596063988095,50.797045407738096,3052.257767874306,352.11690448037757,767.4428344592261,65.57871875,1055.4804793568949,3443.1931532427084,474.4991970129713,0.03439596063988095,50.797045407738096,3052.257767874306,352.11690448037757,767.4428344592261,65.57871875
2026-02-06 22:00:00+00:00,2294.04502,4061.3235375,447.4875,0.1666675,45.83361,5937.0500925,131.34161,800.57558,41.0,1914.1634197115782,4182.449269760053,472.1724740479732,0.11512732910403844,48.38141164309705,5796.458097700222,164.68510447082483,803.4932224956832,43.60304090331617,1055.4804793568949,3443.1931532427084,474.4991970129713,0.03439596063988095,50.797045407738096,3052.257767874306,352.11690448037757,767.4428344592261,65.57871875,1055.4804793568949,3443.1931532427084,474.4991970129713,0.03439596063988095,50.797045407738096,3052.257767874306,352.11690448037757,767.4428344592261,65.57871875
2026-02-06 23:00:00+00:00,2197.6991525,4094.9579774999997,426.36583,0.066665,45.83361,5858.69234,122.78519000000003,796.01658,41.0,1942.8303730985508,4026.905901467609,463.72899934068374,0.13475293211527317,48.31328455070213,5324.93524536341,155.48045809976742,802.3035021677084,44.436460379476046,1055.4804793568949,3443.1931532427084,474.4991970129713,0.03439596063988095,50.797045407738096,3052.257767874306,352.11690448037757,767.4428344592261,65.57871875,1055.4804793568949,3443.1931532427084,474.4991970129713,0.03439596063988095,50.797045407738096,3052.257767874306,352.11690448037757,767.4428344592261,65.57871875
2026-02-07 00:00:00+00:00,2164.478345,4128.7582025,454.769165,0.066665,45.83361,5782.8560775000005,121.46255000000002,794.992705,41.0,1953.2419880488974,3704.8836985940893,495.50257318915556,0.10651919874704666,48.49091139276495,5409.257554813216,155.22165328541024,792.1241734049041,47.15112834763896,1055.4804793568949,3443.1931532427084,474.4991970129713,0.03439596063988095,50.797045407738096,3052.257767874306,352.11690448037757,767.4428344592261,65.57871875,1055.4804793568949,3443.1931532427084,474.4991970129713,0.03439596063988095,50.797045407738096,3052.257767874306,352.11690448037757,767.4428344592261,65.57871875
2026-02-07 01:00:00+00:00,2162.41582,4073.1252,452.811665,0.19833250000000002,45.83361,5831.032585,121.9229,794.17458,41.0,1816.3061533334735,4062.6630823402193,476.3981648457554,0.08618142060055681,47.37447014342486,5415.661036937057,136.43416473664675,794.3989610371144,43.04463911602022,1055.4804793568949,3443.1931532427084,474.4991970129713,0.03439596063988095,50.797045407738096,3052.257767874306,352.11690448037757,767.4428344592261,65.57871875,1055.4804793568949,3443.1931532427084,474.4991970129713,0.03439596063988095,50.797045407738096,3052.257767874306,352.11690448037757,767.4428344592261,65.57871875
2026-02-07 02:00:00+00:00,2168.49831,4084.815905,457.701665,0.1,45.83361,5770.3714275,121.18039999999999,793.33758,40.0,1713.484063979298,3877.7240690210415,492.69443350888986,0.03703499921959186,47.01434022848024,5325.392845715221,143.1028464776305,794.202508233099,39.8457069860317,1055.4804793568949,3443.1931532427084,474.4991970129713,0.03439596063988095,50.797045407738096,3052.257767874306,352.11690448037757,767.4428344592261,65.57871875,1055.4804793568949,3443.1931532427084,474.4991970129713,0.03439596063988095,50.797045407738096,3052.257767874306,352.11690448037757,767.4428344592261,65.57871875
2026-02-07 03:00:00+00:00,2167.8440275000003,4089.39495,466.858105,0.0683325,45.83361,5699.2242750000005,121.26158000000001,793.33758,39.0,1892.338586296788,3816.0167145905825,496.34423113356036,0.047549395392083006,46.99642496510017,5198.743119990015,140.2998192058823,794.9623817954725,40.35450969129655,1055.4804793568949,3443.1931532427084,474.4991970129713,0.03439596063988095,50.797045407738096,3052.257767874306,352.11690448037757,767.4428344592261,65.57871875,1055.4804793568949,3443.1931532427084,474.4991970129713,0.03439596063988095,50.797045407738096,3052.257767874306,352.11690448037757,767.4428344592261,65.57871875
2026-02-07 04:00:00+00:00,2226.01249,4087.8979675,466.5800025,0.0,45.83361,5714.4149975,129.90511999999998,793.33758,39.0,1963.454519252367,3850.190641315394,492.1055360089839,0.06375084645274498,47.06490911499259,4791.796960891221,153.99416857908724,798.0405035511657,41.42182770434558,1055.4804793568949,3443.1931532427084,474.4991970129713,0.03439596063988095,50.797045407738096,3052.257767874306,352.11690448037757,767.4428344592261,65.57871875,1055.4804793568949,3443.1931532427084,474.4991970129713,0.03439596063988095,50.797045407738096,3052.257767874306,352.11690448037757,767.4428344592261,65.57871875
2026-02-07 05:00:00+00:00,2327.3058225,4034.062435,459.0608325,0.13000250000000002,45.83361,5781.0510075,130.447145,794.75208,39.0,1989.0781935747732,3806.5723127170095,488.27605394262025,0.07456043463725051,47.18284911946906,5123.082308593375,173.34844081193498,801.702748044306,46.2998067449509,1055.4804793568949,3443.1931532427084,474.4991970129713,0.03439596063988095,50.797045407738096,3052.257767874306,352.11690448037757,767.4428344592261,65.57871875,1055.4804793568949,3443.1931532427084,474.4991970129713,0.03439596063988095,50.797045407738096,3052.257767874306,352.11690448037757,767.4428344592261,65.57871875
2026-02-07 06:00:00+00:00,2354.556655,4042.3633474999997,440.9408325,0.063335,45.83361,5967.0984725,131.120345,797.64358,35.75,1740.8897794153686,4042.8364053162154,497.20441704223737,0.012402075692330237,48.98605899820363,4684.732385408555,206.51818371688995,821.3186503249556,52.98560272393985,1055.4804793568949,3443.1931532427084,474.4991970129713,0.03439596063988095,50.797045407738096,3052.257767874306,352.11690448037757,767.4428344592261,65.57871875,1055.4804793568949,3443.1931532427084,474.4991970129713,0.03439596063988095,50.797045407738096,3052.257767874306,352.11690448037757,767.4428344592261,65.57871875
2026-02-07 07:00:00+00:00,2382.98749,4048.29883,444.85749749999997,0.101665,45.83361,6149.659925,131.05550000000002,799.91383,35.0,1776.4155737934743,3848.556603715032,501.82662596826793,0.0347346382148251,48.31293804481404,4760.340927959593,291.05809231402986,818.5067185302846,52.98701687342568,1055.4804793568949,3443.1931532427084,474.4991970129713,0.03439596063988095,50.797045407738096,3052.257767874306,352.11690448037757,767.4428344592261,65.57871875,1055.4804793568949,3443.1931532427084,474.4991970129713,0.03439596063988095,50.797045407738096,3052.257767874306,352.11690448037757,767.4428344592261,65.57871875
2026-02-07 08:00:00+00:00,2382.6291575,4047.945465,477.61249499999997,0.0,45.83361,6077.8273925,131.123315,800.0873300000001,35.0,1823.6010123589585,3791.4080763324655,497.45043854775093,0.0242690596497177,48.41204974560256,4934.976052269572,191.74382098882762,811.4886458426643,53.117273672996774,1055.4804793568949,3443.1931532427084,474.4991970129713,0.03439596063988095,50.797045407738096,3052.257767874306,352.11690448037757,767.4428344592261,65.57871875,1055.4804793568949,3443.1931532427084,474.4991970129713,0.03439596063988095,50.797045407738096,3052.257767874306,352.11690448037757,767.4428344592261,65.57871875
2026-02-07 09:00:00+00:00,2302.1241725,3995.919465,442.6925025,0.2175,45.83361,6026.7658425,132.307355,799.24108,35.0,1749.0054872612013,3732.3100922419244,481.7253074083088,0.1087515076482665,47.951701306817476,5357.887363584087,171.16394083952338,813.5451418496848,48.22345679914914,1055.4804793568949,3443.1931532427084,474.4991970129713,0.03439596063988095,50.797045407738096,3052.257767874306,352.11690448037757,767.4428344592261,65.57871875,1055.4804793568949,3443.1931532427084,474.4991970129713,0.03439596063988095,50.797045407738096,3052.257767874306,352.11690448037757,767.4428344592261,65.57871875
2026-02-07 10:00:00+00:00,2153.6024875000003,4013.33898,457.37583,0.1,45.83361,5955.485325,134.3351225,799.24108,35.0,1885.9182588535373,4026.0099596353625,447.9639583905521,0.10588222917991147,47.61330363342479,5338.032837843171,130.32039764363225,807.5162619899311,49.7065404275506,1055.4804793568949,3443.1931532427084,474.4991970129713,0.03439596063988095,50.797045407738096,3052.257767874306,352.11690448037757,767.4428344592261,65.57871875,1055.4804793568949,3443.1931532427084,474.4991970129713,0.03439596063988095,50.797045407738096,3052.257767874306,352.11690448037757,767.4428344592261,65.57871875
2026-02-07 11:00:00+00:00,2329.6674900000003,4003.6142250000003,495.363335,0.2983325,45.83361,6026.687805,135.658505,799.24108,35.0,1709.0271110157598,3764.2836955334606,467.28147811877784,0.15085219872224417,46.556877964518115,5025.717222708631,143.89245129688092,799.1365067458172,48.02727453603916,1055.4804793568949,3443.1931532427084,474.4991970129713,0.03439596063988095,50.797045407738096,3052.257767874306,352.11690448037757,767.4428344592261,65.57871875,1055.4804793568949,3443.1931532427084,474.4991970129713,0.03439596063988095,50.797045407738096,3052.257767874306,352.11690448037757,767.4428344592261,65.57871875
2026-02-07 12:00:00+00:00,2332.9575075000002,4014.6180475,574.342495,0.131665,45.83361,6000.978590000001,136.439615,798.88058,35.0,1557.337083702231,4062.7463369817533,474.084222233947,0.07058120257942992,47.63161913486932,4406.427286009366,155.43792676670398,799.2678221002031,47.388474345090536,1055.4804793568949,3443.1931532427084,474.4991970129713,0.03439596063988095,50.797045407738096,3052.257767874306,352.11690448037757,767.4428344592261,65.57871875,1055.4804793568949,3443.1931532427084,474.4991970129713,0.03439596063988095,50.797045407738096,3052.257767874306,352.11690448037757,767.4428344592261,65.57871875
2026-02-07 13:00:00+00:00,2331.0108175,3903.7529575,526.0583325,0.2350025,45.83361,6020.7657500000005,137.77067,798.69483,35.0,1691.478992007826,4191.8471611693785,469.3267652149156,0.12379210263139506,47.66152574281993,4601.833261386011,139.0838775052866,790.4561827733252,51.55005885123974,1055.4804793568949,3443.1931532427084,474.4991970129713,0.03439596063988095,50.797045407738096,3052.257767874306,352.11690448037757,767.4428344592261,65.57871875,1055.4804793568949,3443.1931532427084,474.4991970129713,0.03439596063988095,50.797045407738096,3052.257767874306,352.11690448037757,767.4428344592261,65.57871875
2026-02-07 14:00:00+00:00,2317.4300125,3550.8783425,539.1624999999999,0.035,45.83361,6006.975565,138.6488,798.50908,35.0,1900.2596887729737,4527.2552508633835,479.46722472816566,0.09008808349142487,50.42328831403381,5355.29872185383,145.31399441437927,804.2534583237589,56.98721596487092,1055.4804793568949,3443.1931532427084,474.4991970129713,0.03439596063988095,50.797045407738096,3052.257767874306,352.11690448037757,767.4428344592261,65.57871875,1055.4804793568949,3443.1931532427084,474.4991970129713,0.03439596063988095,50.797045407738096,3052.257767874306,352.11690448037757,767.4428344592261,65.57871875
2026-02-07 15:00:00+00:00,2379.0408424999996,3576.6920800000003,554.5991675,0.371665,45.83361,6097.980935,170.56383000000002,798.90708,35.75,1900.1439971783695,4239.735359950245,492.321390850845,0.15029326297471257,47.811618786307605,5904.289721586335,344.56267511070536,814.3435239020141,56.86314148510331,1055.4804793568949,3443.1931532427084,474.4991970129713,0.03439596063988095,50.797045407738096,3052.257767874306,352.11690448037757,767.4428344592261,65.57871875,1055.4804793568949,3443.1931532427084,474.4991970129713,0.03439596063988095,50.797045407738096,3052.257767874306,352.11690448037757,767.4428344592261,65.57871875
2026-02-07 16:00:00+00:00,2566.979985,3587.1920600000003,575.579165,0.135,45.83361,6157.5137725,446.1157975,799.62708,36.0,2116.4424421309886,3847.244451460829,505.72430987722095,0.0913025580621111,48.26962922053824,5953.99918309088,797.2093066777917,823.0878717578652,55.94377790891086,1055.4804793568949,3443.1931532427084,474.4991970129713,0.03439596063988095,50.797045407738096,3052.257767874306,352.11690448037757,767.4428344592261,65.57871875,1055.4804793568949,3443.1931532427084,474.4991970129713,0.03439596063988095,50.797045407738096,3052.257767874306,352.11690448037757,767.4428344592261,65.57871875
2026-02-07 17:00:00+00:00,2580.05586,3581.6441675,577.925,0.0316675,45.83361,6334.990345,379.1697125,800.27258,36.0,2303.3903289205364,3676.2747988168094,500.3637384884047,0.024864541396779655,47.46966332759446,6186.491287828174,787.0126371187027,802.0410955680416,50.490016685157904,1055.4804793568949,3443.1931532427084,474.4991970129713,0.03439596063988095,50.797045407738096,3052.257767874306,352.11690448037757,767.4428344592261,65.57871875,1055.4804793568949,3443.1931532427084,474.4991970129713,0.03439596063988095,50.797045407738096,3052.257767874306,352.11690448037757,767.4428344592261,65.57871875
2026-02-07 18:00:00+00:00,2583.96333,3589.40239,495.175835,0.13333250000000002,45.83361,6325.0729225,771.5479374999999,800.27258,37.0,2223.3806571870373,3701.671746349823,498.395437480997,0.06410950841373876,46.8356397505097,6496.9498300906125,561.750475226894,799.9576465005024,55.74669712591357,1055.4804793568949,3443.1931532427084,474.4991970129713,0.03439596063988095,50.797045407738096,3052.257767874306,352.11690448037757,767.4428344592261,65.57871875,1055.4804793568949,3443.1931532427084,474.4991970129713,0.03439596063988095,50.797045407738096,3052.257767874306,352.11690448037757,767.4428344592261,65.57871875
2026-02-07 19:00:00+00:00,2379.9033275,3612.394705,559.9366675,0.23166499999999998,45.83361,6184.713075,139.50416,800.27033,40.0,2127.231197878121,3722.4006689264893,502.98546527105543,0.09500460504238636,47.70430011095614,5823.00497264037,264.5905470672744,802.8904241298582,51.015171102238995,1055.4804793568949,3443.1931532427084,474.4991970129713,0.03439596063988095,50.797045407738096,3052.257767874306,352.11690448037757,767.4428344592261,65.57871875,1055.4804793568949,3443.1931532427084,474.4991970129713,0.03439596063988095,50.797045407738096,3052.257767874306,352.11690448037757,767.4428344592261,65.57871875
2026-02-07 20:00:00+00:00,2304.21752,3571.5212175,577.445835,0.065,45.83361,6135.0207675,139.50416,800.27433,40.0,1957.5806373467835,3841.6465485528324,507.2339763724991,0.08656323649957878,47.17947099654056,5513.9134285719365,193.8257940951618,798.5148019368862,51.87577575973138,1055.4804793568949,3443.1931532427084,474.4991970129713,0.03439596063988095,50.797045407738096,3052.257767874306,352.11690448037757,767.4428344592261,65.57871875,1055.4804793568949,3443.1931532427084,474.4991970129713,0.03439596063988095,50.797045407738096,3052.257767874306,352.11690448037757,767.4428344592261,65.57871875
2026-02-07 21:00:00+00:00,2245.836655,3486.9574775,575.938335,0.23749999999999996,45.83361,5351.1570025,139.3004675,799.22158,40.0,1904.5566188435937,3838.2645546992558,525.5792333391929,0.14355817023868833,46.55726151323566,5790.738999090043,168.82326511656984,798.3733839523766,52.21045885947806,1055.4804793568949,3443.1931532427084,474.4991970129713,0.03439596063988095,50.797045407738096,3052.257767874306,352.11690448037757,767.4428344592261,65.57871875,1055.4804793568949,3443.1931532427084,474.4991970129713,0.03439596063988095,50.797045407738096,3052.257767874306,352.11690448037757,767.4428344592261,65.57871875
2026-02-07 22:00:00+00:00,1935.183325,3494.7581775,587.4999975000001,0.1,45.83361,4753.3645725,138.96955,798.43258,40.0,1908.2734192660728,3894.8928885038945,511.9921076348232,0.12492760808778008,47.92194835438751,5247.050480160158,168.41555685099988,798.1577771725764,52.889952633562864,1055.4804793568949,3443.1931532427084,474.4991970129713,0.03439596063988095,50.797045407738096,3052.257767874306,352.11690448037757,767.4428344592261,65.57871875,1055.4804793568949,3443.1931532427084,474.4991970129713,0.03439596063988095,50.797045407738096,3052.257767874306,352.11690448037757,767.4428344592261,65.57871875
2026-02-07 23:00:00+00:00,1444.8050050000002,3508.097465,583.4208325,0.09666749999999999,45.83361,4230.71319,130.37156,792.28608,40.0,1745.379925651619,3915.574783407619,515.2045202623113,0.07275229879167691,47.24301981490606,4465.047457252156,153.59289160581272,800.4485178555144,52.47444471496706,1055.4804793568949,3443.1931532427084,474.4991970129713,0.03439596063988095,50.797045407738096,3052.257767874306,352.11690448037757,767.4428344592261,65.57871875,1055.4804793568949,3443.1931532427084,474.4991970129713,0.03439596063988095,50.797045407738096,3052.257767874306,352.11690448037757,767.4428344592261,65.57871875
2026-02-08 00:00:00+00:00,1453.6508375,3492.7228649999997,572.3966674999999,0.065,45.83361,3517.8696675,130.4460575,791.61358,40.0,1565.2134286231599,3948.939302735605,532.4521994833079,0.061506757853529104,46.18179273084857,4003.7295348844946,149.2541882025509,797.481089957445,49.424120217134266,1055.4804793568949,3443.1931532427084,474.4991970129713,0.03439596063988095,50.797045407738096,3052.257767874306,352.11690448037757,767.4428344592261,65.57871875,1055.4804793568949,3443.1931532427084,474.4991970129713,0.03439596063988095,50.797045407738096,3052.257767874306,352.11690448037757,767.4428344592261,65.57871875
2026-02-08 01:00:00+00:00,1458.4783475,3503.2879949999997,557.4850025000001,0.065,45.83361,3377.25317,130.04683999999997,791.32658,40.0,1610.9056000569365,3930.9402653461243,544.105799239851,0.045677240663253946,46.36994351220851,3784.435140701975,149.2541882025509,794.2018618617103,41.73226846267163,1055.4804793568949,3443.1931532427084,474.4991970129713,0.03439596063988095,50.797045407738096,3052.257767874306,352.11690448037757,767.4428344592261,65.57871875,1055.4804793568949,3443.1931532427084,474.4991970129713,0.03439596063988095,50.797045407738096,3052.257767874306,352.11690448037757,767.4428344592261,65.57871875
2026-02-08 02:00:00+00:00,1460.9358275,3499.445985,600.7725,0.0,45.83361,3363.9279075,129.38651,791.32658,40.0,1457.1665327814512,3891.7714888697947,550.5546238441034,0.028369609677791795,46.11710050978472,3714.1969010956836,148.88630829034534,797.7889257617795,40.737770823383656,1055.4804793568949,3443.1931532427084,474.4991970129713,0.03439596063988095,50.797045407738096,3052.257767874306,352.11690448037757,767.4428344592261,65.57871875,1055.4804793568949,3443.1931532427084,474.4991970129713,0.03439596063988095,50.797045407738096,3052.257767874306,352.11690448037757,767.4428344592261,65.57871875
2026-02-08 03:00:00+00:00,1461.87333,3502.7964575,575.2591675,0.0,45.83361,3368.4474975000003,129.49293500000002,791.32658,40.0,1573.8953391181913,3873.423471476392,551.672719810396,0.023838875058460527,46.122665615476464,3752.8456783632078,139.64053187756923,797.7218037393385,42.000079400442004,1055.4804793568949,3443.1931532427084,474.4991970129713,0.03439596063988095,50.797045407738096,3052.257767874306,352.11690448037757,767.4428344592261,65.57871875,1055.4804793568949,3443.1931532427084,474.4991970129713,0.03439596063988095,50.797045407738096,3052.257767874306,352.11690448037757,767.4428344592261,65.57871875
2026-02-08 04:00:00+00:00,1468.374995,3497.622355,587.670835,0.035,45.83361,3364.4625875,138.21221,791.32658,40.0,1674.2334666333704,3910.7536268380063,558.8352298188887,0.05374376762708596,46.693339821810675,3473.9863944123495,156.89711254142023,794.2388187811434,41.69243770696586,1055.4804793568949,3443.1931532427084,474.4991970129713,0.03439596063988095,50.797045407738096,3052.257767874306,352.11690448037757,767.4428344592261,65.57871875,1055.4804793568949,3443.1931532427084,474.4991970129713,0.03439596063988095,50.797045407738096,3052.257767874306,352.11690448037757,767.4428344592261,65.57871875
2026-02-08 05:00:00+00:00,1476.2283325,3498.3192725,628.464165,0.0,45.83361,3347.6445,141.03370999999999,793.65408,40.25,1722.389029467664,3974.1861443872344,556.9784283199672,0.07068499186846448,46.225327385351214,3552.502258457448,160.9341635978692,795.4087026549112,42.906980811642725,1055.4804793568949,3443.1931532427084,474.4991970129713,0.03439596063988095,50.797045407738096,3052.257767874306,352.11690448037757,767.4428344592261,65.57871875,1055.4804793568949,3443.1931532427084,474.4991970129713,0.03439596063988095,50.797045407738096,3052.257767874306,352.11690448037757,767.4428344592261,65.57871875
2026-02-08 06:00:00+00:00,1540.6650025,3478.7465075,615.9166700000001,0.0333325,45.83361,3405.16016,141.108455,796.89208,41.0,1598.4580644563798,3923.98890844116,531.618212890285,0.022511671920883693,47.03500987231536,2929.6681696008327,183.1511678971764,810.7808493951005,43.70625114545971,1055.4804793568949,3443.1931532427084,474.4991970129713,0.03439596063988095,50.797045407738096,3052.257767874306,352.11690448037757,767.4428344592261,65.57871875,1055.4804793568949,3443.1931532427084,474.4991970129713,0.03439596063988095,50.797045407738096,3052.257767874306,352.11690448037757,767.4428344592261,65.57871875
2026-02-08 07:00:00+00:00,1581.7524975000001,3485.568945,631.3958325,0.0316675,45.83361,3491.6714174999997,141.1832,798.792205,41.0,1778.2197959366263,3816.533473430455,519.5451495256136,0.04292568047159112,47.51971038195948,3603.0211273205377,223.154284543705,811.4039427436634,41.157637318791984,1055.4804793568949,3443.1931532427084,474.4991970129713,0.03439596063988095,50.797045407738096,3052.257767874306,352.11690448037757,767.4428344592261,65.57871875,1055.4804793568949,3443.1931532427084,474.4991970129713,0.03439596063988095,50.797045407738096,3052.257767874306,352.11690448037757,767.4428344592261,65.57871875
2026-02-08 08:00:00+00:00,1611.3416825,3470.80358,616.4225025,0.0683325,45.83361,3473.914755,140.66690499999999,798.225455,41.0,1621.7988020968335,3659.8124442888384,516.6356644947965,0.0584096384193478,46.776015742502864,3724.025872555215,209.3169684005433,803.2033828154617,42.0171296067809,1055.4804793568949,3443.1931532427084,474.4991970129713,0.03439596063988095,50.797045407738096,3052.257767874306,352.11690448037757,767.4428344592261,65.57871875,1055.4804793568949,3443.1931532427084,474.4991970129713,0.03439596063988095,50.797045407738096,3052.257767874306,352.11690448037757,767.4428344592261,65.57871875
2026-02-08 09:00:00+00:00,1529.3849875,3470.7363450000003,574.9099975,0.098335,45.83361,3375.2793325,139.565035,798.48958,41.0,1816.6847758986073,3680.1806987352415,508.1522955135505,0.0680357504152115,46.04032351432522,3832.7457908277147,130.28366487311536,804.5881005715073,39.3317133696676,1055.4804793568949,3443.1931532427084,474.4991970129713,0.03439596063988095,50.797045407738096,3052.257767874306,352.11690448037757,767.4428344592261,65.57871875,1055.4804793568949,3443.1931532427084,474.4991970129713,0.03439596063988095,50.797045407738096,3052.257767874306,352.11690448037757,767.4428344592261,65.57871875
2026-02-08 10:00:00+00:00,1585.63584,3478.6276374999998,555.499165,0.13333250000000002,45.83361,3396.684745,140.03677,798.48958,41.0,1842.4767223555564,3708.230015376591,496.61925667518386,0.07361901937747345,47.83338986435196,3963.2065520262404,133.74802004377014,811.0273288787314,38.988390692748624,1055.4804793568949,3443.1931532427084,474.4991970129713,0.03439596063988095,50.797045407738096,3052.257767874306,352.11690448037757,767.4428344592261,65.57871875,1055.4804793568949,3443.1931532427084,474.4991970129713,0.03439596063988095,50.797045407738096,3052.257767874306,352.11690448037757,767.4428344592261,65.57871875
2026-02-08 11:00:00+00:00,1628.3866675,3469.7417925,583.781665,0.066665,45.83361,3386.7998374999997,140.10805,798.66983,41.0,1812.3123974514872,3831.078608596849,492.127348648096,0.049663136729510796,48.49978412636281,3542.0528957799424,139.13924008114932,796.8205810522508,41.91319673442305,1055.4804793568949,3443.1931532427084,474.4991970129713,0.03439596063988095,50.797045407738096,3052.257767874306,352.11690448037757,767.4428344592261,65.57871875,1055.4804793568949,3443.1931532427084,474.4991970129713,0.03439596063988095,50.797045407738096,3052.257767874306,352.11690448037757,767.4428344592261,65.57871875
2026-02-08 12:00:00+00:00,1648.4458300000001,3459.4905875,532.3925025,0.0,45.83361,3426.29984,141.38416000000004,798.85008,41.0,1703.4914003593929,3520.8925727574333,524.0677296028177,0.028557718354359808,48.05866759130959,3607.206447842112,117.41189896834709,798.8685713192971,42.293187910755485,1055.4804793568949,3443.1931532427084,474.4991970129713,0.03439596063988095,50.797045407738096,3052.257767874306,352.11690448037757,767.4428344592261,65.57871875,1055.4804793568949,3443.1931532427084,474.4991970129713,0.03439596063988095,50.797045407738096,3052.257767874306,352.11690448037757,767.4428344592261,65.57871875
2026-02-08 13:00:00+00:00,1644.7708324999999,3476.5500275,516.602505,0.0,45.83361,3754.6853425,142.14348999999999,798.85008,41.0,1582.662686605711,3556.0080897272273,535.0775324750414,0.03602582352826723,46.51937356715216,3614.8701442249635,166.04595385554651,792.6686272277584,45.304372658301034,1055.4804793568949,3443.1931532427084,474.4991970129713,0.03439596063988095,50.797045407738096,3052.257767874306,352.11690448037757,767.4428344592261,65.57871875,1055.4804793568949,3443.1931532427084,474.4991970129713,0.03439596063988095,50.797045407738096,3052.257767874306,352.11690448037757,767.4428344592261,65.57871875
2026-02-08 14:00:00+00:00,1601.127495,3542.3180325000003,543.95833,0.16499750000000002,45.83361,4869.289485,142.96618,798.85008,41.0,1626.3135237365077,3750.028949621222,508.2201408558736,0.0788460243322406,45.34906852899463,4229.724811286258,166.59320770276707,794.9048165697326,45.72229024254921,1055.4804793568949,3443.1931532427084,474.4991970129713,0.03439596063988095,50.797045407738096,3052.257767874306,352.11690448037757,767.4428344592261,65.57871875,1055.4804793568949,3443.1931532427084,474.4991970129713,0.03439596063988095,50.797045407738096,3052.257767874306,352.11690448037757,767.4428344592261,65.57871875
2026-02-08 15:00:00+00:00,1698.30001,3576.023635,561.723335,0.07,45.83361,5919.4564025,146.04419499999997,799.42208,41.0,1964.577300915787,3674.516207231114,554.3872615408952,0.05494891299998214,45.945935057065405,4969.602864776721,299.6940394668266,797.8942512450228,47.28394365347601,1055.4804793568949,3443.1931532427084,474.4991970129713,0.03439596063988095,50.797045407738096,3052.257767874306,352.11690448037757,767.4428344592261,65.57871875,1055.4804793568949,3443.1931532427084,474.4991970129713,0.03439596063988095,50.797045407738096,3052.257767874306,352.11690448037757,767.4428344592261,65.57871875
2026-02-08 16:00:00+00:00,1715.1958425,3578.9939425000002,551.8758325,0.0683325,45.83361,6181.1360825,149.1506725,800.31508,41.0,2135.4454322381607,3642.8982501614933,597.9525777565344,0.05327668597297691,44.78448806849751,5470.0132188231655,515.0224275432342,807.814256522269,47.256843625907564,1055.4804793568949,3443.1931532427084,474.4991970129713,0.03439596063988095,50.797045407738096,3052.257767874306,352.11690448037757,767.4428344592261,65.57871875,1055.4804793568949,3443.1931532427084,474.4991970129713,0.03439596063988095,50.797045407738096,3052.257767874306,352.11690448037757,767.4428344592261,65.57871875
2026-02-08 17:00:00+00:00,1893.7224775,3560.3434349999998,583.2275,0.0333325,45.83361,6301.2686925,452.05862,800.96058,41.0,2184.2427270941207,3830.0936973117487,545.02999138578,0.03121782736045981,46.25408709738142,5926.56913828431,667.4139656317006,791.8385994303673,42.63830232065097,1055.4804793568949,3443.1931532427084,474.4991970129713,0.03439596063988095,50.797045407738096,3052.257767874306,352.11690448037757,767.4428344592261,65.57871875,1055.4804793568949,3443.1931532427084,474.4991970129713,0.03439596063988095,50.797045407738096,3052.257767874306,352.11690448037757,767.4428344592261,65.57871875
2026-02-08 18:00:00+00:00,2295.419155,3555.80044,575.09583,0.0,45.83361,6318.5807625,175.03249749999998,800.96058,41.0,2360.5783546403927,3816.1237371067896,537.9063370629474,0.027053081109957477,47.34934794107148,6086.073397244468,369.718551854825,800.0229000179439,43.704316838529905,1055.4804793568949,3443.1931532427084,474.4991970129713,0.03439596063988095,50.797045407738096,3052.257767874306,352.11690448037757,767.4428344592261,65.57871875,1055.4804793568949,3443.1931532427084,474.4991970129713,0.03439596063988095,50.797045407738096,3052.257767874306,352.11690448037757,767.4428344592261,65.57871875
2026-02-08 19:00:00+00:00,2492.26166,3554.6870975,560.070835,0.0333325,45.83361,6149.42966,145.54612,800.873955,41.0,2221.212970167534,3724.7124385488623,563.9774312104798,0.06693749710770926,48.022569435222415,5948.020856827192,235.37237525284542,805.4895869630932,45.45550315072216,1055.4804793568949,3443.1931532427084,474.4991970129713,0.03439596063988095,50.797045407738096,3052.257767874306,352.11690448037757,767.4428344592261,65.57871875,1055.4804793568949,3443.1931532427084,474.4991970129713,0.03439596063988095,50.797045407738096,3052.257767874306,352.11690448037757,767.4428344592261,65.57871875
2026-02-08 20:00:00+00:00,2432.75584,3798.843955,539.7225025,0.065,45.83361,5963.063005,144.56502999999998,800.61408,41.0,2276.679581502179,3801.1179938753853,533.4623845510469,0.06181256511377275,47.76541717129265,5793.4111688364,214.6578723611956,806.2836487699533,45.45295756771013,1055.4804793568949,3443.1931532427084,474.4991970129713,0.03439596063988095,50.797045407738096,3052.257767874306,352.11690448037757,767.4428344592261,65.57871875,1055.4804793568949,3443.1931532427084,474.4991970129713,0.03439596063988095,50.797045407738096,3052.257767874306,352.11690448037757,767.4428344592261,65.57871875
2026-02-08 21:00:00+00:00,2350.0716775,4189.972299999999,539.4825,0.131665,45.83361,6042.1265075,144.8602975,798.48508,41.0,2327.306678123058,3815.9177796512104,530.218668989412,0.10644228662400401,47.462841152001296,5513.396401552131,186.41892487425594,804.6994208714648,44.880153069050486,1055.4804793568949,3443.1931532427084,474.4991970129713,0.03439596063988095,50.797045407738096,3052.257767874306,352.11690448037757,767.4428344592261,65.57871875,1055.4804793568949,3443.1931532427084,474.4991970129713,0.03439596063988095,50.797045407738096,3052.257767874306,352.11690448037757,767.4428344592261,65.57871875
2026-02-08 22:00:00+00:00,2232.6325075,4338.8273025,476.1641675,0.1,45.83361,6017.92893,142.749865,797.24308,41.0,2207.1546395514165,4101.884957573988,507.3496223755939,0.09974962381473465,46.924336100203305,5277.133687863016,157.7913415407158,806.1265801522927,42.628881164442106,1055.4804793568949,3443.1931532427084,474.4991970129713,0.03439596063988095,50.797045407738096,3052.257767874306,352.11690448037757,767.4428344592261,65.57871875,1055.4804793568949,3443.1931532427084,474.4991970129713,0.03439596063988095,50.797045407738096,3052.257767874306,352.11690448037757,767.4428344592261,65.57871875
2026-02-08 23:00:00+00:00,2174.64331,4379.9444125,512.1341675,0.0333325,45.83361,6264.5856425,133.40393,793.542955,41.0,2161.022271152058,4184.027530839264,516.5684081594177,0.10566438648308113,46.64183350629686,4960.587896662944,132.23525134495196,800.4073680295954,42.46241440178969,1055.4804793568949,3443.1931532427084,474.4991970129713,0.03439596063988095,50.797045407738096,3052.257767874306,352.11690448037757,767.4428344592261,65.57871875,1055.4804793568949,3443.1931532427084,474.4991970129713,0.03439596063988095,50.797045407738096,3052.257767874306,352.11690448037757,767.4428344592261,65.57871875
2026-02-09 00:00:00+00:00,2182.1599825000003,4613.44449,534.953335,0.066665,45.83361,6198.960085,133.3635875,790.47658,41.0,2077.2765464676677,4248.737115396551,507.1879401600208,0.05048210673644313,47.372407638100974,5751.89335909741,138.5233251544023,790.6680245739268,45.20871128342583,1055.4804793568949,3443.1931532427084,474.4991970129713,0.03439596063988095,50.797045407738096,3052.257767874306,352.11690448037757,767.4428344592261,65.57871875,1055.4804793568949,3443.1931532427084,474.4991970129713,0.03439596063988095,50.797045407738096,3052.257767874306,352.11690448037757,767.4428344592261,65.57871875
2026-02-09 01:00:00+00:00,2182.194995,4608.8201825,548.1199975,0.0,45.83361,6157.0530125,133.68806,790.19008,41.0,2067.32326030937,4256.143250945915,525.6829665561111,0.0312473835818572,47.21345198142704,5931.8049379643835,148.0775055604588,793.0767676856001,45.777533929347754,1055.4804793568949,3443.1931532427084,474.4991970129713,0.03439596063988095,50.797045407738096,3052.257767874306,352.11690448037757,767.4428344592261,65.57871875,1055.4804793568949,3443.1931532427084,474.4991970129713,0.03439596063988095,50.797045407738096,3052.257767874306,352.11690448037757,767.4428344592261,65.57871875
2026-02-09 02:00:00+00:00,2178.7775025,4639.61672,557.3116699999999,0.0333325,45.83361,6161.077835,132.50204,790.19008,41.0,2147.8336745555152,4428.727625713998,538.0982767124488,0.020756310877925087,48.46114844874292,5664.544404724642,153.23273061339304,794.2108731312596,50.76028544475157,1055.4804793568949,3443.1931532427084,474.4991970129713,0.03439596063988095,50.797045407738096,3052.257767874306,352.11690448037757,767.4428344592261,65.57871875,1055.4804793568949,3443.1931532427084,474.4991970129713,0.03439596063988095,50.797045407738096,3052.257767874306,352.11690448037757,767.4428344592261,65.57871875
2026-02-09 03:00:00+00:00,2292.1166924999998,4632.9568075,545.0000025,0.0,45.83361,6382.86567,132.41096,790.19008,41.0,2162.33001965117,4433.6386091190025,541.1937005519155,0.018465125173322557,48.22236494914473,5755.457050553824,172.22045022020046,797.4857332235385,51.4810634686306,1055.4804793568949,3443.1931532427084,474.4991970129713,0.03439596063988095,50.797045407738096,3052.257767874306,352.11690448037757,767.4428344592261,65.57871875,1055.4804793568949,3443.1931532427084,474.4991970129713,0.03439596063988095,50.797045407738096,3052.257767874306,352.11690448037757,767.4428344592261,65.57871875
2026-02-09 04:00:00+00:00,2368.695845,4633.8690575,549.5408325,0.098335,45.83361,6755.751345,132.58321999999995,790.19008,41.0,2206.1017684689186,4646.639007914805,541.8072465262605,0.06566365993910941,48.239270787920525,6227.616824348846,191.74401216914745,797.7600621818744,51.60961545661942,1055.4804793568949,3443.1931532427084,474.4991970129713,0.03439596063988095,50.797045407738096,3052.257767874306,352.11690448037757,767.4428344592261,65.57871875,1055.4804793568949,3443.1931532427084,474.4991970129713,0.03439596063988095,50.797045407738096,3052.257767874306,352.11690448037757,767.4428344592261,65.57871875
2026-02-09 05:00:00+00:00,2458.8799925,4813.4137325,524.100005,0.19833499999999998,45.83361,7356.728982499999,310.80354000000005,791.60508,41.0,2312.4488137359967,4840.242461302582,529.2683193640735,0.16826643498680216,47.63450784063714,7066.682526658144,326.1505076894575,799.8462486434673,50.79964366474006,1055.4804793568949,3443.1931532427084,474.4991970129713,0.03439596063988095,50.797045407738096,3052.257767874306,352.11690448037757,767.4428344592261,65.57871875,1055.4804793568949,3443.1931532427084,474.4991970129713,0.03439596063988095,50.797045407738096,3052.257767874306,352.11690448037757,767.4428344592261,65.57871875
2026-02-09 06:00:00+00:00,2614.082495,4822.865075,525.1425,0.0333325,45.83361,7596.318482499999,659.4894199999999,794.84258,41.0,2055.463069925864,4649.533177102797,504.2164383570574,0.016803290220170585,49.143175932154996,7360.579925705897,556.572818682817,828.9917344401416,53.025052255758105,1055.4804793568949,3443.1931532427084,474.4991970129713,0.03439596063988095,50.797045407738096,3052.257767874306,352.11690448037757,767.4428344592261,65.57871875,1055.4804793568949,3443.1931532427084,474.4991970129713,0.03439596063988095,50.797045407738096,3052.257767874306,352.11690448037757,767.4428344592261,65.57871875
2026-02-09 07:00:00+00:00,2617.6016725,4797.894104999999,507.58916999999997,0.0,45.83361,7776.8730825,605.25748,796.28308,41.0,2388.873512280268,4329.233413223714,513.9193451769322,0.012449790125242211,48.8734184987981,7583.2090907539805,821.7501618249705,825.9119728189896,49.154972805139046,1055.4804793568949,3443.1931532427084,474.4991970129713,0.03439596063988095,50.797045407738096,3052.257767874306,352.11690448037757,767.4428344592261,65.57871875,1055.4804793568949,3443.1931532427084,474.4991970129713,0.03439596063988095,50.797045407738096,3052.257767874306,352.11690448037757,767.4428344592261,65.57871875
2026-02-09 08:00:00+00:00,2613.296665,4807.6861025,554.836665,0.0,45.83361,7810.3704275,551.02554,796.28308,41.0,2427.0860062858537,4648.4861354050045,523.2950851342734,0.019880391061927485,49.04863710448319,7344.864927127008,557.9129162277904,811.3266037497218,53.03189104969642,1055.4804793568949,3443.1931532427084,474.4991970129713,0.03439596063988095,50.797045407738096,3052.257767874306,352.11690448037757,767.4428344592261,65.57871875,1055.4804793568949,3443.1931532427084,474.4991970129713,0.03439596063988095,50.797045407738096,3052.257767874306,352.11690448037757,767.4428344592261,65.57871875
2026-02-09 09:00:00+00:00,2593.9647125,4813.8453075,508.2424975,0.101665,45.83361,7854.25186,155.06953999999996,795.69708,41.0,2587.1078945620034,4647.255543898999,511.50461061907225,0.07613737732219236,48.55217590441252,7294.200172620953,379.0036593691876,801.500395050902,48.30168535125935,1055.4804793568949,3443.1931532427084,474.4991970129713,0.03439596063988095,50.797045407738096,3052.257767874306,352.11690448037757,767.4428344592261,65.57871875,1055.4804793568949,3443.1931532427084,474.4991970129713,0.03439596063988095,50.797045407738096,3052.257767874306,352.11690448037757,767.4428344592261,65.57871875
2026-02-09 10:00:00+00:00,2562.8133275,4809.444005,521.8341674999999,0.0333325,45.83361,7619.77066,158.73129,795.69708,41.0,2494.826327416608,4598.82516045332,518.9090252842725,0.035740762522197184,47.833178542606625,7053.461667000218,209.8803784313231,798.5112859893029,48.41157795097942,1055.4804793568949,3443.1931532427084,474.4991970129713,0.03439596063988095,50.797045407738096,3052.257767874306,352.11690448037757,767.4428344592261,65.57871875,1055.4804793568949,3443.1931532427084,474.4991970129713,0.03439596063988095,50.797045407738096,3052.257767874306,352.11690448037757,767.4428344592261,65.57871875
2026-02-09 11:00:00+00:00,2559.580845,4788.8904475,538.0516675,0.0333325,45.83361,7546.0266675,143.0966,795.69708,41.0,2374.3692613604553,4770.262239615557,527.0455107674885,0.042393433495062395,48.94561812583203,6951.307861911788,203.6778150408609,799.338051409944,49.23238252640523,1055.4804793568949,3443.1931532427084,474.4991970129713,0.03439596063988095,50.797045407738096,3052.257767874306,352.11690448037757,767.4428344592261,65.57871875,1055.4804793568949,3443.1931532427084,474.4991970129713,0.03439596063988095,50.797045407738096,3052.257767874306,352.11690448037757,767.4428344592261,65.57871875
2026-02-09 12:00:00+00:00,2578.788325,4766.26926,505.7425,0.0,45.83361,7900.164424999999,185.13132750000003,796.325205,41.0,2232.1777728907955,4823.885268896584,519.9446923342858,0.024227775618043346,48.79920029655592,7014.11501459427,228.1629346154005,798.7026077355989,50.65184001872038,1055.4804793568949,3443.1931532427084,474.4991970129713,0.03439596063988095,50.797045407738096,3052.257767874306,352.11690448037757,767.4428344592261,65.57871875,1055.4804793568949,3443.1931532427084,474.4991970129713,0.03439596063988095,50.797045407738096,3052.257767874306,352.11690448037757,767.4428344592261,65.57871875
2026-02-09 13:00:00+00:00,2584.955,4759.4231,554.2858325,0.035,45.83361,7730.046507499999,229.82641,796.89458,41.0,2284.1038731147555,4972.610337720288,527.2397531670802,0.02443664497410676,49.173270075909215,7101.818134147712,257.66347463620247,805.5040268280809,55.291198794973894,1055.4804793568949,3443.1931532427084,474.4991970129713,0.03439596063988095,50.797045407738096,3052.257767874306,352.11690448037757,767.4428344592261,65.57871875,1055.4804793568949,3443.1931532427084,474.4991970129713,0.03439596063988095,50.797045407738096,3052.257767874306,352.11690448037757,767.4428344592261,65.57871875
2026-02-09 14:00:00+00:00,2590.11,4726.8800725,566.0191675,0.0,45.83361,7867.472234999999,241.18641,797.37758,41.0,2249.4419872044627,5137.141755990265,541.5495657350591,0.02557757697851138,48.54421150247872,7169.657302565083,334.60222300669193,807.7508638241977,54.15968065717652,1055.4804793568949,3443.1931532427084,474.4991970129713,0.03439596063988095,50.797045407738096,3052.257767874306,352.11690448037757,767.4428344592261,65.57871875,1055.4804793568949,3443.1931532427084,474.4991970129713,0.03439596063988095,50.797045407738096,3052.257767874306,352.11690448037757,767.4428344592261,65.57871875
2026-02-09 15:00:00+00:00,2599.5674875,4803.98861,557.061665,0.0333325,45.83361,7761.231912499999,924.77366,797.77608,41.0,2159.2991512894505,5156.193947518646,547.5103881330475,0.029590294063842122,49.142860851021595,7042.547161054265,701.6075743679809,818.0481052198741,58.67386385886209,1055.4804793568949,3443.1931532427084,474.4991970129713,0.03439596063988095,50.797045407738096,3052.257767874306,352.11690448037757,767.4428344592261,65.57871875,1055.4804793568949,3443.1931532427084,474.4991970129713,0.03439596063988095,50.797045407738096,3052.257767874306,352.11690448037757,767.4428344592261,65.57871875
2026-02-09 16:00:00+00:00,2604.9358225,4831.422435,594.2108325,0.035,45.83361,7856.877175,1424.746035,798.94908,41.0,2236.2083824476967,5100.328734738297,542.3254076483398,0.035928337629172864,48.41483164801199,7107.224671157548,1228.751479792413,809.6393612509967,59.17923785970975,1055.4804793568949,3443.1931532427084,474.4991970129713,0.03439596063988095,50.797045407738096,3052.257767874306,352.11690448037757,767.4428344592261,65.57871875,1055.4804793568949,3443.1931532427084,474.4991970129713,0.03439596063988095,50.797045407738096,3052.257767874306,352.11690448037757,767.4428344592261,65.57871875
2026-02-09 17:00:00+00:00,2602.7316875,4883.0748375,555.7641625,0.0,45.83361,7855.9054125,1406.6766400000001,799.59458,41.0,2765.2379487509934,4794.3094112171375,553.6942242413292,0.03820082717086001,45.86623383663966,7692.302356980592,1102.6113479450082,793.8164896727013,54.2352102781998,1055.4804793568949,3443.1931532427084,474.4991970129713,0.03439596063988095,50.797045407738096,3052.257767874306,352.11690448037757,767.4428344592261,65.57871875,1055.4804793568949,3443.1931532427084,474.4991970129713,0.03439596063988095,50.797045407738096,3052.257767874306,352.11690448037757,767.4428344592261,65.57871875
2026-02-09 18:00:00+00:00,2597.3675025000002,4887.811865,579.6233325000001,0.0333325,45.83361,7695.674315,916.46006,799.59458,41.0,2534.854210313582,4702.856854918224,561.1939037273524,0.048380728248380106,45.252021289033436,7159.024301117761,743.765490219142,795.827224903924,51.02056606829113,1055.4804793568949,3443.1931532427084,474.4991970129713,0.03439596063988095,50.797045407738096,3052.257767874306,352.11690448037757,767.4428344592261,65.57871875,1055.4804793568949,3443.1931532427084,474.4991970129713,0.03439596063988095,50.797045407738096,3052.257767874306,352.11690448037757,767.4428344592261,65.57871875
2026-02-09 19:00:00+00:00,2480.642515,4856.3491349999995,571.6366675,0.1833325,45.83361,7675.354032499999,632.5076399999999,799.59458,41.0,2504.171090603789,4736.829215295751,538.193749017918,0.12693232236098748,46.15701807714851,7299.245510365932,409.8809825471147,804.0699177395189,50.78638360124339,1055.4804793568949,3443.1931532427084,474.4991970129713,0.03439596063988095,50.797045407738096,3052.257767874306,352.11690448037757,767.4428344592261,65.57871875,1055.4804793568949,3443.1931532427084,474.4991970129713,0.03439596063988095,50.797045407738096,3052.257767874306,352.11690448037757,767.4428344592261,65.57871875
2026-02-09 20:00:00+00:00,2406.0425075000003,4714.5769825,634.425,0.0666675,45.83361,7322.129262500001,145.81513999999999,799.59458,41.0,2391.5114191112443,4766.139583133254,545.166004349406,0.10818350609008873,46.18424349159389,6773.830271447281,264.57601916525425,802.3795615438671,49.4957109019098,1055.4804793568949,3443.1931532427084,474.4991970129713,0.03439596063988095,50.797045407738096,3052.257767874306,352.11690448037757,767.4428344592261,65.57871875,1055.4804793568949,3443.1931532427084,474.4991970129713,0.03439596063988095,50.797045407738096,3052.257767874306,352.11690448037757,767.4428344592261,65.57871875
2026-02-09 21:00:00+00:00,2401.562485,4656.3554425,623.7366675000001,0.21916750000000002,45.83361,6947.5816725,146.07056,798.28658,41.0,2333.335898073744,4647.038895428278,537.5628091123792,0.15741882030574567,46.38953164626059,6604.577289311778,193.54837822025019,802.763297341197,48.72177141067077,1055.4804793568949,3443.1931532427084,474.4991970129713,0.03439596063988095,50.797045407738096,3052.257767874306,352.11690448037757,767.4428344592261,65.57871875,1055.4804793568949,3443.1931532427084,474.4991970129713,0.03439596063988095,50.797045407738096,3052.257767874306,352.11690448037757,767.4428344592261,65.57871875
2026-02-09 22:00:00+00:00,2398.002505,4631.2286725,564.75333,0.265,45.83361,6473.580505,145.57582,797.49808,41.0,2185.966638033775,4593.397495231594,531.5797931404333,0.13198657818531898,46.52063906620644,5890.718142524909,194.22052866270303,801.7312799804045,45.777189641980115,1055.4804793568949,3443.1931532427084,474.4991970129713,0.03439596063988095,50.797045407738096,3052.257767874306,352.11690448037757,767.4428344592261,65.57871875,1055.4804793568949,3443.1931532427084,474.4991970129713,0.03439596063988095,50.797045407738096,3052.257767874306,352.11690448037757,767.4428344592261,65.57871875
2026-02-09 23:00:00+00:00,2296.9958325,4478.6302175,582.9666675,0.1825,45.83361,6573.741645,140.22914,793.22958,41.0,2095.3352977732493,4518.773177449276,530.8575293855987,0.12085035517220452,47.04398269168108,5982.294890208017,138.73144189660738,800.4067160546497,48.97875310282062,1055.4804793568949,3443.1931532427084,474.4991970129713,0.03439596063988095,50.797045407738096,3052.257767874306,352.11690448037757,767.4428344592261,65.57871875,1055.4804793568949,3443.1931532427084,474.4991970129713,0.03439596063988095,50.797045407738096,3052.257767874306,352.11690448037757,767.4428344592261,65.57871875
2026-02-10 00:00:00+00:00,2282.354185,4441.2106875,599.90417,0.1,45.83361,6649.40548,136.50955999999996,792.83308,41.0,2087.4432923958775,4515.945415775968,532.4833822764376,0.053113485944495414,47.010877144360954,5826.200488677241,156.87057117087605,798.6363565368845,53.87291523834024,1055.4804793568949,3443.1931532427084,474.4991970129713,0.03439596063988095,50.797045407738096,3052.257767874306,352.11690448037757,767.4428344592261,65.57871875,1055.4804793568949,3443.1931532427084,474.4991970129713,0.03439596063988095,50.797045407738096,3052.257767874306,352.11690448037757,767.4428344592261,65.57871875
2026-02-10 01:00:00+00:00,2283.3558375000002,4469.0771925,650.85583,0.0,45.83361,6635.43026,135.10772000000003,792.54608,41.0,2012.695497581325,4334.848529046875,542.9336785465849,0.03791146723408787,47.39743319705261,5957.396714537776,140.14998640582905,797.1498391726412,55.06531302932281,1055.4804793568949,3443.1931532427084,474.4991970129713,0.03439596063988095,50.797045407738096,3052.257767874306,352.11690448037757,767.4428344592261,65.57871875,1055.4804793568949,3443.1931532427084,474.4991970129713,0.03439596063988095,50.797045407738096,3052.257767874306,352.11690448037757,767.4428344592261,65.57871875
2026-02-10 02:00:00+00:00,2285.530825,4598.79684,661.5566699999999,0.035,45.83361,6603.51426,133.39303999999998,792.54608,41.0,1949.921289359174,4280.636959954432,549.9106141379367,0.029714958063839874,46.51364269664178,6045.880550144802,137.23417551801967,796.3295120166304,51.33402059328794,1055.4804793568949,3443.1931532427084,474.4991970129713,0.03439596063988095,50.797045407738096,3052.257767874306,352.11690448037757,767.4428344592261,65.57871875,1055.4804793568949,3443.1931532427084,474.4991970129713,0.03439596063988095,50.797045407738096,3052.257767874306,352.11690448037757,767.4428344592261,65.57871875
2026-02-10 03:00:00+00:00,2284.7950124999998,4570.95389,633.8250025,0.0,45.83361,6624.6134,133.5461,792.54608,41.0,1999.525114771358,4122.267880588253,548.5708441589886,0.03719928930464678,46.69891266209149,6065.060579356081,140.14998640582905,796.9834395263417,49.55371248395744,1055.4804793568949,3443.1931532427084,474.4991970129713,0.03439596063988095,50.797045407738096,3052.257767874306,352.11690448037757,767.4428344592261,65.57871875,1055.4804793568949,3443.1931532427084,474.4991970129713,0.03439596063988095,50.797045407738096,3052.257767874306,352.11690448037757,767.4428344592261,65.57871875
2026-02-10 04:00:00+00:00,2397.550005,4573.446830000001,622.845,0.0,45.83361,6692.2518199999995,134.00528,792.54608,41.0,1956.1276346253578,4146.192560304728,542.9737943258821,0.06415389198160838,46.431503334433145,5823.123896005416,165.22517773570385,794.9608072529327,46.8178605061874,1055.4804793568949,3443.1931532427084,474.4991970129713,0.03439596063988095,50.797045407738096,3052.257767874306,352.11690448037757,767.4428344592261,65.57871875,1055.4804793568949,3443.1931532427084,474.4991970129713,0.03439596063988095,50.797045407738096,3052.257767874306,352.11690448037757,767.4428344592261,65.57871875
2026-02-10 05:00:00+00:00,2581.8341625000003,4603.4276375,610.424165,0.19833499999999998,45.83361,6694.9180825,153.58503999999996,793.96108,41.0,2142.1842923272616,4378.678818978414,538.2702102831931,0.13356095757124942,46.090972609070356,6529.820654175488,221.93090046285977,795.1667019666622,48.01370893647885,1055.4804793568949,3443.1931532427084,474.4991970129713,0.03439596063988095,50.797045407738096,3052.257767874306,352.11690448037757,767.4428344592261,65.57871875,1055.4804793568949,3443.1931532427084,474.4991970129713,0.03439596063988095,50.797045407738096,3052.257767874306,352.11690448037757,767.4428344592261,65.57871875
2026-02-10 06:00:00+00:00,2591.99168,4564.4829975,576.0383375,0.035,45.83361,6932.87399,807.0225399999999,796.52308,41.0,2178.026300798697,4677.250392970904,544.3348046499812,0.03873693934000774,48.06423147385355,6931.0248668398635,569.1600396930861,815.2386903435867,49.486122361614036,1055.4804793568949,3443.1931532427084,474.4991970129713,0.03439596063988095,50.797045407738096,3052.257767874306,352.11690448037757,767.4428344592261,65.57871875,1055.4804793568949,3443.1931532427084,474.4991970129713,0.03439596063988095,50.797045407738096,3052.257767874306,352.11690448037757,767.4428344592261,65.57871875
2026-02-10 07:00:00+00:00,2562.6064125,4562.6595375,695.449165,0.0,45.83361,7042.16716,1361.36204,797.96358,41.0,2285.96065511947,4702.757605040718,579.1900721989471,0.034230032934705466,47.343582278298314,7029.1111412082155,1075.4120680912797,808.7053041276697,45.851620379208,1055.4804793568949,3443.1931532427084,474.4991970129713,0.03439596063988095,50.797045407738096,3052.257767874306,352.11690448037757,767.4428344592261,65.57871875,1055.4804793568949,3443.1931532427084,474.4991970129713,0.03439596063988095,50.797045407738096,3052.257767874306,352.11690448037757,767.4428344592261,65.57871875
2026-02-10 08:00:00+00:00,2466.76,4567.70843,662.1925025,0.2316675,45.83361,6999.59057,423.49650500000007,797.96358,41.0,2090.4259499126883,4401.561946720224,565.9428203114352,0.09163327255406872,47.425398571893446,6745.236168900464,509.0751966679545,806.1739375116899,47.85636658257688,1055.4804793568949,3443.1931532427084,474.4991970129713,0.03439596063988095,50.797045407738096,3052.257767874306,352.11690448037757,767.4428344592261,65.57871875,1055.4804793568949,3443.1931532427084,474.4991970129713,0.03439596063988095,50.797045407738096,3052.257767874306,352.11690448037757,767.4428344592261,65.57871875
2026-02-10 09:00:00+00:00,2438.2783099999997,4572.79142,642.079165,0.0333325,45.83361,6788.0095775,141.941635,797.37758,41.0,2115.8479436336347,4226.141894426676,553.4828678904705,0.06260928300869004,47.80240605223596,5935.349644524042,347.1657544713519,802.4644665857352,46.76809402102867,1055.4804793568949,3443.1931532427084,474.4991970129713,0.03439596063988095,50.797045407738096,3052.257767874306,352.11690448037757,767.4428344592261,65.57871875,1055.4804793568949,3443.1931532427084,474.4991970129713,0.03439596063988095,50.797045407738096,3052.257767874306,352.11690448037757,767.4428344592261,65.57871875
2026-02-10 10:00:00+00:00,2249.03834,4555.0862275,647.8925,0.131665,45.83361,6553.6257425,141.8653,797.37758,41.0,2112.046823808392,3944.6857259590206,545.9182964149082,0.07547162384374365,48.03395534293261,6120.772840313874,217.3651108634616,805.1773470144427,44.16961754295906,1055.4804793568949,3443.1931532427084,474.4991970129713,0.03439596063988095,50.797045407738096,3052.257767874306,352.11690448037757,767.4428344592261,65.57871875,1055.4804793568949,3443.1931532427084,474.4991970129713,0.03439596063988095,50.797045407738096,3052.257767874306,352.11690448037757,767.4428344592261,65.57871875
2026-02-10 11:00:00+00:00,2233.8708325,4517.854595,597.13833,0.20333249999999997,45.83361,6519.559905,142.061815,797.18658,41.0,1956.114046148975,4336.75210211313,530.6524027229756,0.09397836541802787,47.83537782191336,6039.003774760864,200.00771893586568,806.571313203767,43.837844507007496,1055.4804793568949,3443.1931532427084,474.4991970129713,0.03439596063988095,50.797045407738096,3052.257767874306,352.11690448037757,767.4428344592261,65.57871875,1055.4804793568949,3443.1931532427084,474.4991970129713,0.03439596063988095,50.797045407738096,3052.257767874306,352.11690448037757,767.4428344592261,65.57871875
2026-02-10 12:00:00+00:00,2297.492515,4472.0591675,508.12667,0.0333325,45.83361,6456.4860575,141.82470999999998,796.997955,41.0,2394.6544898090433,4169.815601770435,516.604324722842,0.040681375570003585,46.86925836913495,5800.774910255894,150.81523379232198,807.2782560189627,42.82863320708901,1055.4804793568949,3443.1931532427084,474.4991970129713,0.03439596063988095,50.797045407738096,3052.257767874306,352.11690448037757,767.4428344592261,65.57871875,1055.4804793568949,3443.1931532427084,474.4991970129713,0.03439596063988095,50.797045407738096,3052.257767874306,352.11690448037757,767.4428344592261,65.57871875
2026-02-10 13:00:00+00:00,2350.9511350000002,4508.063265,492.241285,0.0,45.83361,6357.72286,143.52479,797.00508,41.0,2216.789412064736,4312.179428288661,494.9930855281915,0.03661052909355917,47.23785031819802,5779.241974757066,206.1724173711696,801.7299265990622,51.51517085561332,1055.4804793568949,3443.1931532427084,474.4991970129713,0.03439596063988095,50.797045407738096,3052.257767874306,352.11690448037757,767.4428344592261,65.57871875,1055.4804793568949,3443.1931532427084,474.4991970129713,0.03439596063988095,50.797045407738096,3052.257767874306,352.11690448037757,767.4428344592261,65.57871875
2026-02-10 14:00:00+00:00,2407.9483175,4512.469365,504.51276,0.0,45.83361,6564.4921475,497.27281,797.097955,41.0,2292.5473910489427,4566.0174903796415,504.27255160760166,0.03538086905171083,45.69473560218288,6661.2908907827095,377.82905021125197,798.8484211000289,54.227946216997196,1055.4804793568949,3443.1931532427084,474.4991970129713,0.03439596063988095,50.797045407738096,3052.257767874306,352.11690448037757,767.4428344592261,65.57871875,1055.4804793568949,3443.1931532427084,474.4991970129713,0.03439596063988095,50.797045407738096,3052.257767874306,352.11690448037757,767.4428344592261,65.57871875
2026-02-10 15:00:00+00:00,2596.2658325,4533.880695,494.6874625,0.0,45.83361,6774.02027,678.4078099999999,797.77508,41.0,2262.1982793760044,4915.647889910361,483.2700483746381,0.040758709869618576,47.295605281328015,6615.937868562882,653.3271388274597,808.2844616069875,53.44781467742992,1055.4804793568949,3443.1931532427084,474.4991970129713,0.03439596063988095,50.797045407738096,3052.257767874306,352.11690448037757,767.4428344592261,65.57871875,1055.4804793568949,3443.1931532427084,474.4991970129713,0.03439596063988095,50.797045407738096,3052.257767874306,352.11690448037757,767.4428344592261,65.57871875
2026-02-10 16:00:00+00:00,2585.53584,4595.5105575,484.7075,0.0333325,45.83361,6921.745075,810.3981675,798.94808,41.0,2381.590708203348,4843.448680453539,501.1545782597037,0.03556150288885795,47.57343408271045,6635.791532914163,816.4523804696696,808.8581398091496,55.83093899784775,1055.4804793568949,3443.1931532427084,474.4991970129713,0.03439596063988095,50.797045407738096,3052.257767874306,352.11690448037757,767.4428344592261,65.57871875,1055.4804793568949,3443.1931532427084,474.4991970129713,0.03439596063988095,50.797045407738096,3052.257767874306,352.11690448037757,767.4428344592261,65.57871875
2026-02-10 17:00:00+00:00,2573.8808175,4592.024885,517.1049975,0.0,45.83361,6921.77431,1012.8864499999999,799.59408,41.0,2175.5287001896495,4675.0218158977,488.41673789430445,0.02951293847235,45.63166019865281,6282.468429383473,767.6723733160261,791.3039391253617,53.72249588495018,1055.4804793568949,3443.1931532427084,474.4991970129713,0.03439596063988095,50.797045407738096,3052.257767874306,352.11690448037757,767.4428344592261,65.57871875,1055.4804793568949,3443.1931532427084,474.4991970129713,0.03439596063988095,50.797045407738096,3052.257767874306,352.11690448037757,767.4428344592261,65.57871875
2026-02-10 18:00:00+00:00,2519.6158450000003,4587.398387499999,533.2041624999999,0.065,45.83361,6921.4197575,679.2475999999999,799.59408,41.0,2271.1418881304385,4425.453543897924,485.41201716839214,0.07453644729318665,45.40998978102877,6238.178703096768,483.24436244711194,796.3118312167018,49.97186187721617,1055.4804793568949,3443.1931532427084,474.4991970129713,0.03439596063988095,50.797045407738096,3052.257767874306,352.11690448037757,767.4428344592261,65.57871875,1055.4804793568949,3443.1931532427084,474.4991970129713,0.03439596063988095,50.797045407738096,3052.257767874306,352.11690448037757,767.4428344592261,65.57871875
2026-02-10 19:00:00+00:00,2469.73916,4559.63841,574.6091675,0.0683325,45.83361,6908.518405,319.64164,799.59408,41.0,2351.4482207738347,4253.466950260533,486.52824301783807,0.09036194653355198,45.64558976623138,6162.687716247757,291.9146907148082,804.2909435498178,51.850742544521665,1055.4804793568949,3443.1931532427084,474.4991970129713,0.03439596063988095,50.797045407738096,3052.257767874306,352.11690448037757,767.4428344592261,65.57871875,1055.4804793568949,3443.1931532427084,474.4991970129713,0.03439596063988095,50.797045407738096,3052.257767874306,352.11690448037757,767.4428344592261,65.57871875
2026-02-10 20:00:00+00:00,2428.86499,4552.63624,670.4075,0.0666675,45.83361,6854.35233,144.55413999999996,799.59408,41.0,2137.5497618308036,4201.816009963944,490.5319314168523,0.09078881747840852,45.59486759289871,5287.0807268253375,204.2189119340796,798.0828777476352,50.26735889279503,1055.4804793568949,3443.1931532427084,474.4991970129713,0.03439596063988095,50.797045407738096,3052.257767874306,352.11690448037757,767.4428344592261,65.57871875,1055.4804793568949,3443.1931532427084,474.4991970129713,0.03439596063988095,50.797045407738096,3052.257767874306,352.11690448037757,767.4428344592261,65.57871875
2026-02-10 21:00:00+00:00,2327.81084,4543.96434,666.354995,0.2,45.83361,6640.37417,145.28430999999998,798.04458,41.0,2002.6000087531208,4149.511835526432,490.01277651693806,0.15125510854754703,46.50989240246753,5084.176719041863,186.4185174021913,797.9914951760242,53.386037644260185,1055.4804793568949,3443.1931532427084,474.4991970129713,0.03439596063988095,50.797045407738096,3052.257767874306,352.11690448037757,767.4428344592261,65.57871875,1055.4804793568949,3443.1931532427084,474.4991970129713,0.03439596063988095,50.797045407738096,3052.257767874306,352.11690448037757,767.4428344592261,65.57871875
2026-02-10 22:00:00+00:00,2263.9799825,4238.418115,645.8975,0.09833250000000002,45.83361,6211.1410825,146.20881999999997,796.59533,41.0,1940.549216675472,4162.719605627306,492.33281403637943,0.14313917864415635,45.540869066940985,4773.987228634868,198.07607920721316,797.1519313732732,49.76977731698377,1055.4804793568949,3443.1931532427084,474.4991970129713,0.03439596063988095,50.797045407738096,3052.257767874306,352.11690448037757,767.4428344592261,65.57871875,1055.4804793568949,3443.1931532427084,474.4991970129713,0.03439596063988095,50.797045407738096,3052.257767874306,352.11690448037757,767.4428344592261,65.57871875
2026-02-10 23:00:00+00:00,2194.2616825,3889.0188924999998,591.9875025,0.1983325,45.83361,6066.7456825,136.25414,790.962205,41.0,1921.662668961514,4241.191832934732,493.70109058802365,0.15690393338243752,47.227623914049,4907.3072247607915,164.87428625828895,796.3278631344334,47.446643881437204,1055.4804793568949,3443.1931532427084,474.4991970129713,0.03439596063988095,50.797045407738096,3052.257767874306,352.11690448037757,767.4428344592261,65.57871875,1055.4804793568949,3443.1931532427084,474.4991970129713,0.03439596063988095,50.797045407738096,3052.257767874306,352.11690448037757,767.4428344592261,65.57871875
2026-02-11 00:00:00+00:00,2149.6133525,4093.2978599999997,614.2766675,0.0333325,45.83361,6083.376685,136.50955999999996,790.55933,41.0,1876.2485316706693,4179.659503679136,512.3509308686428,0.05679969356817685,47.2889221757971,5211.985076037766,169.95600558113782,785.9116093513811,46.77304156910533,1055.4804793568949,3443.1931532427084,474.4991970129713,0.03439596063988095,50.797045407738096,3052.257767874306,352.11690448037757,767.4428344592261,65.57871875,1055.4804793568949,3443.1931532427084,474.4991970129713,0.03439596063988095,50.797045407738096,3052.257767874306,352.11690448037757,767.4428344592261,65.57871875
2026-02-11 01:00:00+00:00,2266.93334,3987.8706075,605.2525,0.035,45.83361,6053.4443325,137.27582,789.87433,41.0,1891.6990879516366,4125.422132558583,518.2112907062021,0.04865353630748874,47.18229380287972,5371.245133205599,167.64133405965205,787.3172606538632,45.29617104600018,1055.4804793568949,3443.1931532427084,474.4991970129713,0.03439596063988095,50.797045407738096,3052.257767874306,352.11690448037757,767.4428344592261,65.57871875,1055.4804793568949,3443.1931532427084,474.4991970129713,0.03439596063988095,50.797045407738096,3052.257767874306,352.11690448037757,767.4428344592261,65.57871875
2026-02-11 02:00:00+00:00,2133.7199925,3870.03864,632.4841675,0.0,45.83361,6007.7570875,137.32864,789.10708,41.0,1759.6786220088297,4113.387954154123,522.1618464720119,0.03313562998511717,47.47556458066784,5344.340571280892,169.95600558113782,785.5579657278238,46.78755723775494,1055.4804793568949,3443.1931532427084,474.4991970129713,0.03439596063988095,50.797045407738096,3052.257767874306,352.11690448037757,767.4428344592261,65.57871875,1055.4804793568949,3443.1931532427084,474.4991970129713,0.03439596063988095,50.797045407738096,3052.257767874306,352.11690448037757,767.4428344592261,65.57871875
2026-02-11 03:00:00+00:00,2218.6811975,3913.93975,584.7373024999999,0.0316675,45.83361,6017.2292825,138.65855999999997,789.10708,41.0,1630.033545058056,3974.161808715122,496.8680066450769,0.03181846322495741,46.85082234938428,4928.516648461524,162.81717245003122,788.1269088200107,48.23852734306447,1055.4804793568949,3443.1931532427084,474.4991970129713,0.03439596063988095,50.797045407738096,3052.257767874306,352.11690448037757,767.4428344592261,65.57871875,1055.4804793568949,3443.1931532427084,474.4991970129713,0.03439596063988095,50.797045407738096,3052.257767874306,352.11690448037757,767.4428344592261,65.57871875
2026-02-11 04:00:00+00:00,2264.7933275,3972.0554899999997,539.0300025,0.0316675,45.83361,6072.1288325,139.42482,789.10708,41.0,1838.3587667602023,4066.3562225069068,501.788217063374,0.09540469413122028,44.79992329825466,5068.627870416392,167.80031038482554,785.9759908956872,47.61724913269102,1055.4804793568949,3443.1931532427084,474.4991970129713,0.03439596063988095,50.797045407738096,3052.257767874306,352.11690448037757,767.4428344592261,65.57871875,1055.4804793568949,3443.1931532427084,474.4991970129713,0.03439596063988095,50.797045407738096,3052.257767874306,352.11690448037757,767.4428344592261,65.57871875
2026-02-11 05:00:00+00:00,2460.4525025000003,4456.039662499999,517.02583,0.0333325,45.83361,6520.772335,147.70204999999999,791.43408,41.0,1964.6438742343148,4359.216953230208,508.151819468949,0.13046040497472416,46.37272151069386,5982.91695800754,176.8822583141561,794.1628301832322,48.947592405224455,1055.4804793568949,3443.1931532427084,474.4991970129713,0.03439596063988095,50.797045407738096,3052.257767874306,352.11690448037757,767.4428344592261,65.57871875,1055.4804793568949,3443.1931532427084,474.4991970129713,0.03439596063988095,50.797045407738096,3052.257767874306,352.11690448037757,767.4428344592261,65.57871875
2026-02-11 06:00:00+00:00,2571.007505,4659.2833675,529.1125025,0.0,45.83361,6542.1497375,308.03496,794.67208,41.0,2369.582545932478,4887.62480875224,502.8757497009141,0.02433169556104079,47.003347636208396,6541.81350076448,454.88183086791486,808.3847397498332,52.60835872885319,1055.4804793568949,3443.1931532427084,474.4991970129713,0.03439596063988095,50.797045407738096,3052.257767874306,352.11690448037757,767.4428344592261,65.57871875,1055.4804793568949,3443.1931532427084,474.4991970129713,0.03439596063988095,50.797045407738096,3052.257767874306,352.11690448037757,767.4428344592261,65.57871875
2026-02-11 07:00:00+00:00,2563.35584,4576.613875,532.1966675,0.035,45.83361,6604.090485,691.2569599999998,796.11208,41.0,2596.7403537410355,4783.386552619246,512.8839735139627,0.020125968628381362,46.873740266881185,6635.919784814481,631.5342612064801,803.3662603109336,53.077891595035645,1055.4804793568949,3443.1931532427084,474.4991970129713,0.03439596063988095,50.797045407738096,3052.257767874306,352.11690448037757,767.4428344592261,65.57871875,1055.4804793568949,3443.1931532427084,474.4991970129713,0.03439596063988095,50.797045407738096,3052.257767874306,352.11690448037757,767.4428344592261,65.57871875
2026-02-11 08:00:00+00:00,2548.6641425,4569.8695725,549.1758375,0.0,45.83361,6545.3207475,357.93044000000003,796.11208,41.0,2529.796388176653,4824.061671810497,503.79561013616353,0.031589950784080674,46.93044441478458,6308.361702455142,409.348501117753,792.0360507965386,48.80266312471266,1055.4804793568949,3443.1931532427084,474.4991970129713,0.03439596063988095,50.797045407738096,3052.257767874306,352.11690448037757,767.4428344592261,65.57871875,1055.4804793568949,3443.1931532427084,474.4991970129713,0.03439596063988095,50.797045407738096,3052.257767874306,352.11690448037757,767.4428344592261,65.57871875
2026-02-11 09:00:00+00:00,2544.8049825,4514.083465,547.05583,0.0666675,45.83361,6415.0501625,219.29504500000002,795.12408,41.0,2581.1934494591196,4709.963167996313,530.2464225327149,0.054088243964438704,45.666699371426375,6326.107413223168,234.47271314828777,788.7489665322532,49.20070661858162,1055.4804793568949,3443.1931532427084,474.4991970129713,0.03439596063988095,50.797045407738096,3052.257767874306,352.11690448037757,767.4428344592261,65.57871875,1055.4804793568949,3443.1931532427084,474.4991970129713,0.03439596063988095,50.797045407738096,3052.257767874306,352.11690448037757,767.4428344592261,65.57871875
2026-02-11 10:00:00+00:00,2446.3050175,4525.15577,494.3408375,0.0,45.83361,6245.4275099999995,373.39668750000004,794.39208,42.0,2677.579375633133,4739.720112135085,518.3357603472082,0.04058136815128095,45.23565128141335,6545.603023879712,233.3538604423097,784.1090435781565,49.887447818131584,1055.4804793568949,3443.1931532427084,474.4991970129713,0.03439596063988095,50.797045407738096,3052.257767874306,352.11690448037757,767.4428344592261,65.57871875,1055.4804793568949,3443.1931532427084,474.4991970129713,0.03439596063988095,50.797045407738096,3052.257767874306,352.11690448037757,767.4428344592261,65.57871875
2026-02-11 11:00:00+00:00,2446.9166649999997,4529.968175,515.263335,0.0316675,45.83361,6475.8596625,372.00723,794.39208,42.0,2210.472198489272,4607.509350297214,516.3880137011811,0.05029753628342884,45.32792376394819,5921.243955191765,215.23736672948115,789.6603959332743,47.47886585516044,1055.4804793568949,3443.1931532427084,474.4991970129713,0.03439596063988095,50.797045407738096,3052.257767874306,352.11690448037757,767.4428344592261,65.57871875,1055.4804793568949,3443.1931532427084,474.4991970129713,0.03439596063988095,50.797045407738096,3052.257767874306,352.11690448037757,767.4428344592261,65.57871875
2026-02-11 12:00:00+00:00,2450.081655,4333.899835,596.0133275000001,0.0,45.83361,6274.1692299999995,162.381275,794.39208,41.75,2056.408271297217,4639.712328210883,530.5302238266538,0.026800152466915597,46.40407880831891,6407.311064292704,214.1310733294938,789.1072645193531,43.34766471229446,1055.4804793568949,3443.1931532427084,474.4991970129713,0.03439596063988095,50.797045407738096,3052.257767874306,352.11690448037757,767.4428344592261,65.57871875,1055.4804793568949,3443.1931532427084,474.4991970129713,0.03439596063988095,50.797045407738096,3052.257767874306,352.11690448037757,767.4428344592261,65.57871875
2026-02-11 13:00:00+00:00,2449.939995,4502.4255075,570.7325000000001,0.0333325,45.83361,6435.901545,162.86192,794.39208,41.0,2085.8753412127917,4672.401281772936,531.4699407261611,0.028681475066544164,48.25827702794625,6276.56687196747,220.73186850184635,791.5664875385414,46.85918732622295,1055.4804793568949,3443.1931532427084,474.4991970129713,0.03439596063988095,50.797045407738096,3052.257767874306,352.11690448037757,767.4428344592261,65.57871875,1055.4804793568949,3443.1931532427084,474.4991970129713,0.03439596063988095,50.797045407738096,3052.257767874306,352.11690448037757,767.4428344592261,65.57871875
2026-02-11 14:00:00+00:00,2453.0058225000002,4577.2779075,526.7191675,0.0333325,45.83361,6690.5042300000005,164.62313,794.39208,41.0,2023.0909646225446,4827.340176509414,541.6813107146417,0.02255664859552877,47.58663880659885,6294.433305224999,263.4089638692105,798.2368565231155,47.786619013884746,1055.4804793568949,3443.1931532427084,474.4991970129713,0.03439596063988095,50.797045407738096,3052.257767874306,352.11690448037757,767.4428344592261,65.57871875,1055.4804793568949,3443.1931532427084,474.4991970129713,0.03439596063988095,50.797045407738096,3052.257767874306,352.11690448037757,767.4428344592261,65.57871875
2026-02-11 15:00:00+00:00,2460.0908425,4450.25955,532.2249975,0.0,45.83361,6757.99434,171.39573000000001,795.82108,41.0,2089.21912960392,4817.112013684267,511.089193669511,0.018056182660651284,47.18996989360086,6279.2713866281965,398.3601678629662,809.590396035396,48.30013939222209,1055.4804793568949,3443.1931532427084,474.4991970129713,0.03439596063988095,50.797045407738096,3052.257767874306,352.11690448037757,767.4428344592261,65.57871875,1055.4804793568949,3443.1931532427084,474.4991970129713,0.03439596063988095,50.797045407738096,3052.257767874306,352.11690448037757,767.4428344592261,65.57871875
2026-02-11 16:00:00+00:00,2576.0075,4145.9445975,500.575835,0.065,45.83361,6809.9607424999995,416.387465,796.99408,41.0,2330.452977926645,4960.608047573071,501.89919920771797,0.03993447822609181,47.76805408265345,6515.862200471041,605.1390955934199,821.103327049971,49.535820417934346,1055.4804793568949,3443.1931532427084,474.4991970129713,0.03439596063988095,50.797045407738096,3052.257767874306,352.11690448037757,767.4428344592261,65.57871875,1055.4804793568949,3443.1931532427084,474.4991970129713,0.03439596063988095,50.797045407738096,3052.257767874306,352.11690448037757,767.4428344592261,65.57871875
2026-02-11 17:00:00+00:00,2595.435,4136.6742875,511.93832999999995,0.0333325,45.83361,6829.4725100000005,243.1691525,797.1938299999999,41.0,2356.8355718865596,4653.000770531569,491.33166571057245,0.04179039322937308,46.10505796576706,6571.546743599809,404.3488511221112,790.254103929247,48.220774090246394,1055.4804793568949,3443.1931532427084,474.4991970129713,0.03439596063988095,50.797045407738096,3052.257767874306,352.11690448037757,767.4428344592261,65.57871875,1055.4804793568949,3443.1931532427084,474.4991970129713,0.03439596063988095,50.797045407738096,3052.257767874306,352.11690448037757,767.4428344592261,65.57871875
2026-02-11 18:00:00+00:00,2581.125005,4141.8607425,516.4999975000001,0.0666675,45.83361,6824.614439999999,173.9194875,795.48308,41.0,2242.082553249723,4450.4802535406825,519.4154367891093,0.056324051512342495,46.31760206330492,6586.405276252427,275.0011327723573,791.2827665327393,47.722426201992064,1055.4804793568949,3443.1931532427084,474.4991970129713,0.03439596063988095,50.797045407738096,3052.257767874306,352.11690448037757,767.4428344592261,65.57871875,1055.4804793568949,3443.1931532427084,474.4991970129713,0.03439596063988095,50.797045407738096,3052.257767874306,352.11690448037757,767.4428344592261,65.57871875
2026-02-11 19:00:00+00:00,2460.88083,4158.9974275,538.7291625,0.0316675,45.83361,6781.1720675,170.31662,795.48308,41.0,2193.8839326586603,4209.670201732911,497.29494057778163,0.0672252522622499,46.447517193390404,6234.319477473646,235.52794712985025,793.0924395113033,45.03754789120788,1055.4804793568949,3443.1931532427084,474.4991970129713,0.03439596063988095,50.797045407738096,3052.257767874306,352.11690448037757,767.4428344592261,65.57871875,1055.4804793568949,3443.1931532427084,474.4991970129713,0.03439596063988095,50.797045407738096,3052.257767874306,352.11690448037757,767.4428344592261,65.57871875
2026-02-11 20:00:00+00:00,2406.92083,4139.277195000001,565.344995,0.13333250000000002,45.83361,6630.8229225,170.74727,795.48308,41.0,2022.6111325456131,4139.5248390113675,509.33240155484634,0.1029849896824794,45.30481127665652,5692.039022724672,220.86805048606692,794.1525125617297,46.25747433907168,1055.4804793568949,3443.1931532427084,474.4991970129713,0.03439596063988095,50.797045407738096,3052.257767874306,352.11690448037757,767.4428344592261,65.57871875,1055.4804793568949,3443.1931532427084,474.4991970129713,0.03439596063988095,50.797045407738096,3052.257767874306,352.11690448037757,767.4428344592261,65.57871875
2026-02-11 21:00:00+00:00,2328.3775025,4160.210095,591.5625,0.065,45.83361,6341.0580875,170.671535,794.17558,41.25,1774.2895285304576,4147.699565859224,493.68046795052544,0.10763806042562082,45.385001025670206,4670.374739804234,214.70423213859166,791.5644686169209,47.42130647803403,1055.4804793568949,3443.1931532427084,474.4991970129713,0.03439596063988095,50.797045407738096,3052.257767874306,352.11690448037757,767.4428344592261,65.57871875,1055.4804793568949,3443.1931532427084,474.4991970129713,0.03439596063988095,50.797045407738096,3052.257767874306,352.11690448037757,767.4428344592261,65.57871875
2026-02-11 22:00:00+00:00,2267.66252,3995.3047625,564.8016675,0.1683325,45.83361,4416.1570950000005,170.44433000000004,793.38658,41.0,1720.5869116980675,3592.523592606726,487.585790984975,0.14287148119728044,44.540714544245475,3823.3242217400957,184.09614986824818,791.4935931333803,47.80577646928068,1055.4804793568949,3443.1931532427084,474.4991970129713,0.03439596063988095,50.797045407738096,3052.257767874306,352.11690448037757,767.4428344592261,65.57871875,1055.4804793568949,3443.1931532427084,474.4991970129713,0.03439596063988095,50.797045407738096,3052.257767874306,352.11690448037757,767.4428344592261,65.57871875
2026-02-11 23:00:00+00:00,2241.379985,3631.6860675,526.2991675000001,0.13666749999999997,45.83361,4302.8465025000005,160.49401999999998,788.65008,41.0,1412.2996118885926,3339.1120275849635,482.97097868086627,0.1357009098009066,45.79138510124116,3504.3588389332363,168.44481213777553,790.9779381258509,48.86752496791091,1055.4804793568949,3443.1931532427084,474.4991970129713,0.03439596063988095,50.797045407738096,3052.257767874306,352.11690448037757,767.4428344592261,65.57871875,1055.4804793568949,3443.1931532427084,474.4991970129713,0.03439596063988095,50.797045407738096,3052.257767874306,352.11690448037757,767.4428344592261,65.57871875
2026-02-12 00:00:00+00:00,1964.45833,3644.1413549999997,563.3100025,0.1683325,45.83361,4277.251585,161.47564749999998,788.88558,41.5,1354.3108807332674,3388.8099623146068,477.8754432771143,0.07810440244617772,46.10631423987758,3622.9688795138754,181.65157538524898,786.0137970465495,49.03100181237051,1055.4804793568949,3443.1931532427084,474.4991970129713,0.03439596063988095,50.797045407738096,3052.257767874306,352.11690448037757,767.4428344592261,65.57871875,1055.4804793568949,3443.1931532427084,474.4991970129713,0.03439596063988095,50.797045407738096,3052.257767874306,352.11690448037757,767.4428344592261,65.57871875
2026-02-12 01:00:00+00:00,1790.7291725,3624.4445975,534.0399975,0.09833250000000002,45.83361,4280.7264925,163.97502999999998,788.59858,41.0,1246.4580281125154,3336.5200094477286,493.88896762278205,0.05245147829160943,46.3266775484184,3456.90388857803,167.3258985854223,785.5353357993251,42.22162958997343,1055.4804793568949,3443.1931532427084,474.4991970129713,0.03439596063988095,50.797045407738096,3052.257767874306,352.11690448037757,767.4428344592261,65.57871875,1055.4804793568949,3443.1931532427084,474.4991970129713,0.03439596063988095,50.797045407738096,3052.257767874306,352.11690448037757,767.4428344592261,65.57871875
2026-02-12 02:00:00+00:00,1718.73251,3611.2171575,482.46500000000003,0.0,45.83361,4336.7902625,162.97513,788.59858,40.0,1116.7875465903155,3373.9653805271405,506.15315432915816,0.01645761388933652,46.49277747707026,3925.06589763318,150.99301102380153,782.6900401690069,41.61312310519352,1055.4804793568949,3443.1931532427084,474.4991970129713,0.03439596063988095,50.797045407738096,3052.257767874306,352.11690448037757,767.4428344592261,65.57871875,1055.4804793568949,3443.1931532427084,474.4991970129713,0.03439596063988095,50.797045407738096,3052.257767874306,352.11690448037757,767.4428344592261,65.57871875
2026-02-12 03:00:00+00:00,1750.1149875,3629.0353175,489.3216625,0.0683325,45.83361,4379.059665,171.4189175,788.59858,39.0,1268.7053676203677,3239.950205918361,493.6787867913489,0.02713024008643137,46.9049125083542,4056.496973588133,171.09968017979384,787.6007963439783,41.3351867858122,1055.4804793568949,3443.1931532427084,474.4991970129713,0.03439596063988095,50.797045407738096,3052.257767874306,352.11690448037757,767.4428344592261,65.57871875,1055.4804793568949,3443.1931532427084,474.4991970129713,0.03439596063988095,50.797045407738096,3052.257767874306,352.11690448037757,767.4428344592261,65.57871875
2026-02-12 04:00:00+00:00,2245.6866675,3788.7013875000002,478.0949975,0.066665,45.83361,4663.58841,171.34739,788.59858,39.0,1730.6568866521402,3671.0710987447483,491.60473352489,0.06488888620912621,45.87910545534457,4587.121289919034,203.24971196926964,786.5266564483688,43.10383661139875,1055.4804793568949,3443.1931532427084,474.4991970129713,0.03439596063988095,50.797045407738096,3052.257767874306,352.11690448037757,767.4428344592261,65.57871875,1055.4804793568949,3443.1931532427084,474.4991970129713,0.03439596063988095,50.797045407738096,3052.257767874306,352.11690448037757,767.4428344592261,65.57871875
2026-02-12 05:00:00+00:00,2395.0500025,4229.391955,478.304165,0.1,45.83361,5967.2945025,192.16317999999998,790.92558,39.0,2031.7847552428195,4089.6772087185873,494.42351560194356,0.11625921735458153,48.0047554117344,5369.024418207335,210.64780745919924,795.2231526674381,43.795639998641036,1055.4804793568949,3443.1931532427084,474.4991970129713,0.03439596063988095,50.797045407738096,3052.257767874306,352.11690448037757,767.4428344592261,65.57871875,1055.4804793568949,3443.1931532427084,474.4991970129713,0.03439596063988095,50.797045407738096,3052.257767874306,352.11690448037757,767.4428344592261,65.57871875
2026-02-12 06:00:00+00:00,2401.9450125,4580.6339575,524.159165,0.0,45.83361,6800.061495,223.134545,794.16358,39.0,2220.0295698775826,4484.427596522498,515.4291309167801,0.04553118717788452,46.91980062489304,5830.912092924486,366.42147078005775,804.8201362292568,46.160014683078884,1055.4804793568949,3443.1931532427084,474.4991970129713,0.03439596063988095,50.797045407738096,3052.257767874306,352.11690448037757,767.4428344592261,65.57871875,1055.4804793568949,3443.1931532427084,474.4991970129713,0.03439596063988095,50.797045407738096,3052.257767874306,352.11690448037757,767.4428344592261,65.57871875
2026-02-12 07:00:00+00:00,2398.75,4580.9270575,506.5233325,0.0333325,45.83361,6910.75075,317.09341,795.60408,39.0,2367.8956243098532,4460.628311960433,499.45163090927434,0.032430599745393765,45.25283390669178,6249.394780903888,415.19332153344686,798.341441442824,44.75482280095406,1055.4804793568949,3443.1931532427084,474.4991970129713,0.03439596063988095,50.797045407738096,3052.257767874306,352.11690448037757,767.4428344592261,65.57871875,1055.4804793568949,3443.1931532427084,474.4991970129713,0.03439596063988095,50.797045407738096,3052.257767874306,352.11690448037757,767.4428344592261,65.57871875
2026-02-12 08:00:00+00:00,2390.9300175,4580.154060000001,496.3783325,0.03345,45.83361,6654.78389,189.02653500000002,795.60408,39.0,2278.659731815109,4399.829589354686,491.1717687590801,0.046642049444139744,46.128764417038305,5941.767211475992,292.5500680651904,788.6557196900502,47.797860957654265,1055.4804793568949,3443.1931532427084,474.4991970129713,0.03439596063988095,50.797045407738096,3052.257767874306,352.11690448037757,767.4428344592261,65.57871875,1055.4804793568949,3443.1931532427084,474.4991970129713,0.03439596063988095,50.797045407738096,3052.257767874306,352.11690448037757,767.4428344592261,65.57871875
2026-02-12 09:00:00+00:00,2228.81418,4475.5994375,512.8808325,0.035,45.83361,5850.2499124999995,163.46650499999998,795.01808,39.0,2135.877981416345,4335.142329200352,489.1207887193224,0.04886057077152522,45.49972351804931,5545.872135833379,198.93769861753017,782.8206878839101,43.68826023522467,1055.4804793568949,3443.1931532427084,474.4991970129713,0.03439596063988095,50.797045407738096,3052.257767874306,352.11690448037757,767.4428344592261,65.57871875,1055.4804793568949,3443.1931532427084,474.4991970129713,0.03439596063988095,50.797045407738096,3052.257767874306,352.11690448037757,767.4428344592261,65.57871875
2026-02-12 10:00:00+00:00,1937.693315,4407.3715624999995,517.1424975,0.1329975,45.83361,5856.67642,156.85784999999998,795.01808,40.0,1775.8850684147274,4417.320351963929,485.74960018699255,0.06912094413030016,45.392700789452086,5260.870183105715,242.44595364119684,785.7496899031275,42.40682515530848,1055.4804793568949,3443.1931532427084,474.4991970129713,0.03439596063988095,50.797045407738096,3052.257767874306,352.11690448037757,767.4428344592261,65.57871875,1055.4804793568949,3443.1931532427084,474.4991970129713,0.03439596063988095,50.797045407738096,3052.257767874306,352.11690448037757,767.4428344592261,65.57871875
2026-02-12 11:00:00+00:00,1933.32166,4398.6975,540.5949949999999,0.0,45.83361,5497.815265,160.02874,795.01808,39.75,1636.0566092904783,4317.469543458062,518.5791403534824,0.028885982864390196,45.80673062111289,4947.4617079328755,167.95645716939256,794.120589073407,42.59844489136962,1055.4804793568949,3443.1931532427084,474.4991970129713,0.03439596063988095,50.797045407738096,3052.257767874306,352.11690448037757,767.4428344592261,65.57871875,1055.4804793568949,3443.1931532427084,474.4991970129713,0.03439596063988095,50.797045407738096,3052.257767874306,352.11690448037757,767.4428344592261,65.57871875
2026-02-12 12:00:00+00:00,1934.05583,4389.166695,506.18667,0.035,45.83361,5492.83718,163.68621000000002,795.01808,39.0,1683.6530395652685,4340.195397734689,500.2946257941938,0.02394479554778249,45.90652195896402,4895.577270321512,172.2722581876305,791.189807040976,38.22761533128464,1055.4804793568949,3443.1931532427084,474.4991970129713,0.03439596063988095,50.797045407738096,3052.257767874306,352.11690448037757,767.4428344592261,65.57871875,1055.4804793568949,3443.1931532427084,474.4991970129713,0.03439596063988095,50.797045407738096,3052.257767874306,352.11690448037757,767.4428344592261,65.57871875
2026-02-12 13:00:00+00:00,1971.222505,4480.8483475,488.6716725,0.0,45.83361,5654.9371025,168.05202500000001,795.01808,39.5,1762.3941661360072,4233.140305438918,505.628883897972,0.02797665257691271,46.41866485144827,5054.23412434403,182.44680023786964,791.4197420093382,42.60658671914364,1055.4804793568949,3443.1931532427084,474.4991970129713,0.03439596063988095,50.797045407738096,3052.257767874306,352.11690448037757,767.4428344592261,65.57871875,1055.4804793568949,3443.1931532427084,474.4991970129713,0.03439596063988095,50.797045407738096,3052.257767874306,352.11690448037757,767.4428344592261,65.57871875
2026-02-12 14:00:00+00:00,1919.6691849999997,4575.246935,491.637495,0.0,45.83361,5488.1766625,168.31784000000002,795.01808,40.25,1856.2430695758358,4262.861270464384,505.8444043753457,0.04598709587354212,47.003364412820154,5043.662843316702,264.67924081298025,794.5219483928912,40.89339375988516,1055.4804793568949,3443.1931532427084,474.4991970129713,0.03439596063988095,50.797045407738096,3052.257767874306,352.11690448037757,767.4428344592261,65.57871875,1055.4804793568949,3443.1931532427084,474.4991970129713,0.03439596063988095,50.797045407738096,3052.257767874306,352.11690448037757,767.4428344592261,65.57871875
2026-02-12 15:00:00+00:00,2016.5741625,4571.7037025,563.1199975,0.063335,45.83361,5553.8264025,168.47525,795.01808,40.0,1959.0882011373453,4351.68032593217,505.2363499517874,0.05075674573976233,46.17454106864664,5167.631838300024,354.0614177109789,795.5605187403464,47.53334073124181,1055.4804793568949,3443.1931532427084,474.4991970129713,0.03439596063988095,50.797045407738096,3052.257767874306,352.11690448037757,767.4428344592261,65.57871875,1055.4804793568949,3443.1931532427084,474.4991970129713,0.03439596063988095,50.797045407738096,3052.257767874306,352.11690448037757,767.4428344592261,65.57871875
2026-02-12 16:00:00+00:00,2351.3708375,4619.9013125,560.1475,0.19833250000000002,45.83361,5880.50259,169.5585575,796.19108,39.0,2333.8976406431484,4600.229552124482,527.015320015531,0.07094837287397947,46.44054550169422,5619.101529238542,338.09362203264874,805.5892053687678,46.12540945066073,1055.4804793568949,3443.1931532427084,474.4991970129713,0.03439596063988095,50.797045407738096,3052.257767874306,352.11690448037757,767.4428344592261,65.57871875,1055.4804793568949,3443.1931532427084,474.4991970129713,0.03439596063988095,50.797045407738096,3052.257767874306,352.11690448037757,767.4428344592261,65.57871875
2026-02-12 17:00:00+00:00,2439.15083,4620.857222500001,495.14,0.0316675,45.83361,6062.4852475,168.72572000000002,796.83658,39.0,2540.169527935393,4481.959867036944,507.2021766471837,0.03564465080875798,44.65743362052694,5890.399351061447,341.39560310494204,793.41228765297,43.87937570568902,1055.4804793568949,3443.1931532427084,474.4991970129713,0.03439596063988095,50.797045407738096,3052.257767874306,352.11690448037757,767.4428344592261,65.57871875,1055.4804793568949,3443.1931532427084,474.4991970129713,0.03439596063988095,50.797045407738096,3052.257767874306,352.11690448037757,767.4428344592261,65.57871875
2026-02-12 18:00:00+00:00,2407.7716625000003,4516.3974425,513.774165,0.0316675,45.83361,5801.6151675,169.117265,796.83658,39.0,2259.4785421496163,4257.982551771438,490.1649090326037,0.06315867740861782,45.58417870349872,5818.329747903321,202.1518415793846,793.1707348007801,40.538954549790944,1055.4804793568949,3443.1931532427084,474.4991970129713,0.03439596063988095,50.797045407738096,3052.257767874306,352.11690448037757,767.4428344592261,65.57871875,1055.4804793568949,3443.1931532427084,474.4991970129713,0.03439596063988095,50.797045407738096,3052.257767874306,352.11690448037757,767.4428344592261,65.57871875
2026-02-12 19:00:00+00:00,2113.36919,4254.2113,508.1875,0.1316675,45.83361,5676.2617525,168.72572000000002,797.72808,39.0,1986.0850462597232,4009.499105823349,495.2286551989839,0.12209032615312104,45.894198408185375,5247.676761722374,245.72019569781565,791.2231978840758,41.97054520771681,1055.4804793568949,3443.1931532427084,474.4991970129713,0.03439596063988095,50.797045407738096,3052.257767874306,352.11690448037757,767.4428344592261,65.57871875,1055.4804793568949,3443.1931532427084,474.4991970129713,0.03439596063988095,50.797045407738096,3052.257767874306,352.11690448037757,767.4428344592261,65.57871875
2026-02-12 20:00:00+00:00,1892.4433399999998,4233.34479,520.8699975,0.035,45.83361,5159.61884,168.72572000000002,796.83658,39.0,1492.9362302336613,3694.6475727868624,505.29621388421504,0.10107676130633753,45.6591188508084,4500.990304249796,215.5360704416702,790.9344885858324,40.30772849666805,1055.4804793568949,3443.1931532427084,474.4991970129713,0.03439596063988095,50.797045407738096,3052.257767874306,352.11690448037757,767.4428344592261,65.57871875,1055.4804793568949,3443.1931532427084,474.4991970129713,0.03439596063988095,50.797045407738096,3052.257767874306,352.11690448037757,767.4428344592261,65.57871875
2026-02-12 21:00:00+00:00,1809.4566675,4236.0752175,604.76583,0.0683325,45.83361,5142.6743375,169.117265,795.52908,39.0,1417.654004429885,3732.135042704476,522.2186617200954,0.10695909937500983,45.49402308259329,4156.54655392498,198.1802374036737,788.9027098629236,40.95696599152805,1055.4804793568949,3443.1931532427084,474.4991970129713,0.03439596063988095,50.797045407738096,3052.257767874306,352.11690448037757,767.4428344592261,65.57871875,1055.4804793568949,3443.1931532427084,474.4991970129713,0.03439596063988095,50.797045407738096,3052.257767874306,352.11690448037757,767.4428344592261,65.57871875
2026-02-12 22:00:00+00:00,1641.940815,4159.492235,628.3833324999999,0.0,45.83361,5032.67568,170.2919,794.74008,40.5,1174.543970778352,3491.536993980648,512.391754247496,0.10429404145123328,45.75549221551247,3790.6167622190287,141.29995864433036,789.0092742523657,40.61558658684888,1055.4804793568949,3443.1931532427084,474.4991970129713,0.03439596063988095,50.797045407738096,3052.257767874306,352.11690448037757,767.4428344592261,65.57871875,1055.4804793568949,3443.1931532427084,474.4991970129713,0.03439596063988095,50.797045407738096,3052.257767874306,352.11690448037757,767.4428344592261,65.57871875
2026-02-12 23:00:00+00:00,1435.7924950000001,4215.522855,590.8050025,0.0666675,45.83361,4860.997325,158.17946999999995,789.28208,41.25,1069.395653171165,3209.548743969801,528.9540506231481,0.12514205404401513,45.20421121750941,3766.139217106274,139.47802651501686,790.2139564733822,40.58371992017811,1055.4804793568949,3443.1931532427084,474.4991970129713,0.03439596063988095,50.797045407738096,3052.257767874306,352.11690448037757,767.4428344592261,65.57871875,1055.4804793568949,3443.1931532427084,474.4991970129713,0.03439596063988095,50.797045407738096,3052.257767874306,352.11690448037757,767.4428344592261,65.57871875
2026-02-13 00:00:00+00:00,1427.860835,4212.83929,597.7316675,0.0666675,45.83361,4660.1894175,158.6450175,791.10858,39.0,826.4462352893357,2976.10395614773,526.3856613030233,0.06169204973454366,45.466349115210605,3346.2041919081607,189.69377010194302,790.2818161297477,39.245110743876054,1055.4804793568949,3443.1931532427084,474.4991970129713,0.03439596063988095,50.797045407738096,3052.257767874306,352.11690448037757,767.4428344592261,65.57871875,1055.4804793568949,3443.1931532427084,474.4991970129713,0.03439596063988095,50.797045407738096,3052.257767874306,352.11690448037757,767.4428344592261,65.57871875
2026-02-13 01:00:00+00:00,1434.2591575000001,4166.1669225000005,589.07833,0.0,45.83361,4490.8311675,160.04165999999998,790.82158,39.0,785.9329273980707,3189.007843621106,529.7040056051865,0.04260942320727645,46.10422310253036,2906.845599646406,183.24513698554588,792.5138546328254,40.071380442790655,1055.4804793568949,3443.1931532427084,474.4991970129713,0.03439596063988095,50.797045407738096,3052.257767874306,352.11690448037757,767.4428344592261,65.57871875,1055.4804793568949,3443.1931532427084,474.4991970129713,0.03439596063988095,50.797045407738096,3052.257767874306,352.11690448037757,767.4428344592261,65.57871875
2026-02-13 02:00:00+00:00,1441.3775,4176.6572325,547.521665,0.0,45.83361,4445.4553225,158.17946999999995,790.82158,39.25,812.6059878636033,3303.8784871127637,528.8153704330849,0.031947224573328326,45.308767640914,2529.38748046928,165.7180890662963,793.7759922238993,43.31766290870213,1055.4804793568949,3443.1931532427084,474.4991970129713,0.03439596063988095,50.797045407738096,3052.257767874306,352.11690448037757,767.4428344592261,65.57871875,1055.4804793568949,3443.1931532427084,474.4991970129713,0.03439596063988095,50.797045407738096,3052.257767874306,352.11690448037757,767.4428344592261,65.57871875
2026-02-13 03:00:00+00:00,1447.9258275,4145.9423325,499.7708325,0.0333325,45.83361,4631.965945,166.84501749999998,790.82158,40.5,781.796608861031,3149.5215241467913,517.745448607661,0.030972294129222457,46.61827883342473,2753.6175058913514,168.6531636997572,793.9244855880772,42.463941715525486,1055.4804793568949,3443.1931532427084,474.4991970129713,0.03439596063988095,50.797045407738096,3052.257767874306,352.11690448037757,767.4428344592261,65.57871875,1055.4804793568949,3443.1931532427084,474.4991970129713,0.03439596063988095,50.797045407738096,3052.257767874306,352.11690448037757,767.4428344592261,65.57871875
2026-02-13 04:00:00+00:00,1663.6658525,4373.6073175,484.6675,0.098335,45.83361,5557.6178375,170.42641,791.26758,40.0,1058.124549611094,3710.7990294353517,522.632293554279,0.06299541687358988,47.43052693634542,3609.2984985584803,181.1089679613618,796.2323822702866,44.46769473247421,1055.4804793568949,3443.1931532427084,474.4991970129713,0.03439596063988095,50.797045407738096,3052.257767874306,352.11690448037757,767.4428344592261,65.57871875,1055.4804793568949,3443.1931532427084,474.4991970129713,0.03439596063988095,50.797045407738096,3052.257767874306,352.11690448037757,767.4428344592261,65.57871875
2026-02-13 05:00:00+00:00,2226.2950075,4616.0897025,491.87333,0.23332999999999998,45.83361,6410.969075,169.29246999999998,794.04058,40.0,1845.3005637319116,4332.785881786556,503.2921461654061,0.14975384458280888,47.44215224936086,4877.489173191461,296.34548923368726,796.8787272158397,45.07333481611907,1055.4804793568949,3443.1931532427084,474.4991970129713,0.03439596063988095,50.797045407738096,3052.257767874306,352.11690448037757,767.4428344592261,65.57871875,1055.4804793568949,3443.1931532427084,474.4991970129713,0.03439596063988095,50.797045407738096,3052.257767874306,352.11690448037757,767.4428344592261,65.57871875
2026-02-13 06:00:00+00:00,2311.70832,4598.15197,544.8983324999999,0.20333499999999996,45.83361,6798.50012,255.25747,797.27858,41.0,2000.6163210647928,4860.37679187166,520.0265448048832,0.0640665934745007,47.00204492555462,5777.380063249753,548.0138673317681,809.9680064244199,47.811105521194875,1055.4804793568949,3443.1931532427084,474.4991970129713,0.03439596063988095,50.797045407738096,3052.257767874306,352.11690448037757,767.4428344592261,65.57871875,1055.4804793568949,3443.1931532427084,474.4991970129713,0.03439596063988095,50.797045407738096,3052.257767874306,352.11690448037757,767.4428344592261,65.57871875
2026-02-13 07:00:00+00:00,2335.95082,4610.6927825,543.102495,0.0,45.83361,6931.087405,483.73247,799.46208,41.0,2027.8890977180977,4973.428431585342,505.5333083752924,0.023990986122705525,48.28653375148196,6613.313765570625,593.4504138387806,824.8952900423537,47.26617981675,1055.4804793568949,3443.1931532427084,474.4991970129713,0.03439596063988095,50.797045407738096,3052.257767874306,352.11690448037757,767.4428344592261,65.57871875,1055.4804793568949,3443.1931532427084,474.4991970129713,0.03439596063988095,50.797045407738096,3052.257767874306,352.11690448037757,767.4428344592261,65.57871875
2026-02-13 08:00:00+00:00,2321.6791924999998,4638.56877,539.9899975,0.066665,45.83361,6886.406419999999,308.75747,799.570705,41.0,2259.857659541218,4503.107550001938,492.9432157068521,0.06173929357182914,48.27206536609254,6577.8099132265315,352.4335435523859,813.4996392413915,48.49283370901568,1055.4804793568949,3443.1931532427084,474.4991970129713,0.03439596063988095,50.797045407738096,3052.257767874306,352.11690448037757,767.4428344592261,65.57871875,1055.4804793568949,3443.1931532427084,474.4991970129713,0.03439596063988095,50.797045407738096,3052.257767874306,352.11690448037757,767.4428344592261,65.57871875
2026-02-13 09:00:00+00:00,2177.1108375000003,4583.145535,555.08167,0.1808325,45.83361,6462.34201,212.38246999999998,799.31058,41.0,2421.837825677241,4652.046605463351,497.6223909313982,0.06809795697589849,47.74564792657112,6575.455977359621,205.72337724584958,802.8474899183766,46.27725317632209,1055.4804793568949,3443.1931532427084,474.4991970129713,0.03439596063988095,50.797045407738096,3052.257767874306,352.11690448037757,767.4428344592261,65.57871875,1055.4804793568949,3443.1931532427084,474.4991970129713,0.03439596063988095,50.797045407738096,3052.257767874306,352.11690448037757,767.4428344592261,65.57871875
2026-02-13 10:00:00+00:00,2179.5666625,4559.06125,483.8433325,0.0,45.83361,6398.984915,193.19217,799.31058,41.0,2532.291369762439,4713.648729622606,490.2452294345786,0.033059595318811814,47.907019360105735,6327.22464231233,146.8989191021081,810.5032412003454,46.418039009044605,1055.4804793568949,3443.1931532427084,474.4991970129713,0.03439596063988095,50.797045407738096,3052.257767874306,352.11690448037757,767.4428344592261,65.57871875,1055.4804793568949,3443.1931532427084,474.4991970129713,0.03439596063988095,50.797045407738096,3052.257767874306,352.11690448037757,767.4428344592261,65.57871875
2026-02-13 11:00:00+00:00,2283.36415,4551.976015,497.49416999999994,0.066665,45.83361,6692.3280975,161.1234075,799.31058,41.0,2268.6661940113245,4342.147170237451,494.07603575223243,0.024831013906206567,48.97910561951782,6572.202441491263,151.58193104973125,811.5989436405905,47.514070432883464,1055.4804793568949,3443.1931532427084,474.4991970129713,0.03439596063988095,50.797045407738096,3052.257767874306,352.11690448037757,767.4428344592261,65.57871875,1055.4804793568949,3443.1931532427084,474.4991970129713,0.03439596063988095,50.797045407738096,3052.257767874306,352.11690448037757,767.4428344592261,65.57871875
2026-02-13 12:00:00+00:00,2300.1024975,4616.71991,486.374165,0.0333325,45.83361,6750.42042,165.86419,799.31058,41.0,1963.4038481223988,4552.9738121836535,475.8455032696681,0.028997059353597268,49.096094540951526,6337.9866082006465,168.70909811416234,811.9947884806437,48.67494174211656,1055.4804793568949,3443.1931532427084,474.4991970129713,0.03439596063988095,50.797045407738096,3052.257767874306,352.11690448037757,767.4428344592261,65.57871875,1055.4804793568949,3443.1931532427084,474.4991970129713,0.03439596063988095,50.797045407738096,3052.257767874306,352.11690448037757,767.4428344592261,65.57871875
2026-02-13 13:00:00+00:00,2344.6674875,4622.99996,486.83667,0.16666750000000002,45.83361,6823.24509,170.01418999999999,799.71308,44.0,2027.5325844028762,4703.78149920656,486.1784721647742,0.04702212989084722,49.0030893025986,6605.524107261108,177.23815277557807,814.7169486672893,57.730121484664615,1055.4804793568949,3443.1931532427084,474.4991970129713,0.03439596063988095,50.797045407738096,3052.257767874306,352.11690448037757,767.4428344592261,65.57871875,1055.4804793568949,3443.1931532427084,474.4991970129713,0.03439596063988095,50.797045407738096,3052.257767874306,352.11690448037757,767.4428344592261,65.57871875
2026-02-13 14:00:00+00:00,2388.55501,4675.50287,492.148335,0.0333325,45.83361,6962.962579999999,362.83169,799.71308,44.0,1894.630360375265,5036.535937470865,483.2056599531588,0.028994386601010627,49.247055696228806,6678.201241135004,289.604820125058,814.5476688043752,64.11341208074582,1055.4804793568949,3443.1931532427084,474.4991970129713,0.03439596063988095,50.797045407738096,3052.257767874306,352.11690448037757,767.4428344592261,65.57871875,1055.4804793568949,3443.1931532427084,474.4991970129713,0.03439596063988095,50.797045407738096,3052.257767874306,352.11690448037757,767.4428344592261,65.57871875
2026-02-13 15:00:00+00:00,2444.352495,4633.5012525,523.01416,0.0333325,45.83361,6998.8264175,1066.07919,799.71308,44.0,1868.3597982941003,5301.092778039843,500.2696080175348,0.027384283598037507,49.23875794915763,7128.553708554746,490.63253903930934,825.6836597563101,64.30787436971279,1055.4804793568949,3443.1931532427084,474.4991970129713,0.03439596063988095,50.797045407738096,3052.257767874306,352.11690448037757,767.4428344592261,65.57871875,1055.4804793568949,3443.1931532427084,474.4991970129713,0.03439596063988095,50.797045407738096,3052.257767874306,352.11690448037757,767.4428344592261,65.57871875
2026-02-13 16:00:00+00:00,2562.3808325,4623.1612975,563.5808375,0.096665,45.83361,6853.305985,884.0401674999998,800.43258,43.25,2123.2964154387973,5193.857146348917,509.22366243354145,0.0467197831939898,49.284270591750946,7169.690419994495,1006.614866936393,826.9487924690468,64.33333799595495,1055.4804793568949,3443.1931532427084,474.4991970129713,0.03439596063988095,50.797045407738096,3052.257767874306,352.11690448037757,767.4428344592261,65.57871875,1055.4804793568949,3443.1931532427084,474.4991970129713,0.03439596063988095,50.797045407738096,3052.257767874306,352.11690448037757,767.4428344592261,65.57871875
2026-02-13 17:00:00+00:00,2561.779165,4624.8248225,551.49,0.0650025,45.83361,6919.3915975,1366.9056899999998,801.07858,43.0,2228.5976682640053,4730.436667760935,527.1807363885682,0.031738828581384895,46.64191223647853,7299.4541362631535,1170.9549313827074,804.4474831976207,59.86839133587602,1055.4804793568949,3443.1931532427084,474.4991970129713,0.03439596063988095,50.797045407738096,3052.257767874306,352.11690448037757,767.4428344592261,65.57871875,1055.4804793568949,3443.1931532427084,474.4991970129713,0.03439596063988095,50.797045407738096,3052.257767874306,352.11690448037757,767.4428344592261,65.57871875
2026-02-13 18:00:00+00:00,2559.61252,4636.143085,578.9508275000001,0.0666675,45.83361,6905.1938924999995,470.22293250000007,801.07858,43.0,2273.3732973153046,4897.700032887153,528.6583980581934,0.05227727042621523,46.36180995634461,7196.65774391537,726.4680408485006,804.7055392385598,60.8915353839208,1055.4804793568949,3443.1931532427084,474.4991970129713,0.03439596063988095,50.797045407738096,3052.257767874306,352.11690448037757,767.4428344592261,65.57871875,1055.4804793568949,3443.1931532427084,474.4991970129713,0.03439596063988095,50.797045407738096,3052.257767874306,352.11690448037757,767.4428344592261,65.57871875
2026-02-13 19:00:00+00:00,2562.0708525,4643.48787,562.4899975,0.25083500000000003,45.83361,6956.6363525,202.37319,801.07858,42.25,2358.658526022376,4851.397170625723,535.1140473663553,0.1197717897166568,47.275906401672266,6731.914051778712,343.46142290410427,809.0430619268952,55.20153445683576,1055.4804793568949,3443.1931532427084,474.4991970129713,0.03439596063988095,50.797045407738096,3052.257767874306,352.11690448037757,767.4428344592261,65.57871875,1055.4804793568949,3443.1931532427084,474.4991970129713,0.03439596063988095,50.797045407738096,3052.257767874306,352.11690448037757,767.4428344592261,65.57871875
2026-02-13 20:00:00+00:00,2374.3091725,4645.362945,515.0591675,0.16499999999999998,45.83361,6751.219665,202.37319,801.07858,42.0,1998.4050454781132,4485.8599503111,523.2018012927508,0.09440845472306701,47.55955962810278,6605.239924902106,239.61727419620055,806.4836497513088,48.9039168656395,1055.4804793568949,3443.1931532427084,474.4991970129713,0.03439596063988095,50.797045407738096,3052.257767874306,352.11690448037757,767.4428344592261,65.57871875,1055.4804793568949,3443.1931532427084,474.4991970129713,0.03439596063988095,50.797045407738096,3052.257767874306,352.11690448037757,767.4428344592261,65.57871875
2026-02-13 21:00:00+00:00,2290.747335,4588.197685,501.8745175,0.1333325,45.83361,6701.6560375,202.3942275,800.0308299999999,42.0,2103.9853131574814,4307.176928171504,511.3710020219774,0.12671391924873504,47.551110903223396,6299.4191509163065,203.87925093070604,808.1248139332778,49.290958400032906,1055.4804793568949,3443.1931532427084,474.4991970129713,0.03439596063988095,50.797045407738096,3052.257767874306,352.11690448037757,767.4428344592261,65.57871875,1055.4804793568949,3443.1931532427084,474.4991970129713,0.03439596063988095,50.797045407738096,3052.257767874306,352.11690448037757,767.4428344592261,65.57871875
2026-02-13 22:00:00+00:00,2271.364165,4547.4425075,460.8816625,0.13333250000000002,45.83361,6493.85416,166.5420775,799.219955,42.0,2083.204815678365,4472.338476752577,489.1717223967686,0.10960194654178701,47.69314636736733,5561.3848326184925,181.89777929452669,808.3357004166039,47.57965498571836,1055.4804793568949,3443.1931532427084,474.4991970129713,0.03439596063988095,50.797045407738096,3052.257767874306,352.11690448037757,767.4428344592261,65.57871875,1055.4804793568949,3443.1931532427084,474.4991970129713,0.03439596063988095,50.797045407738096,3052.257767874306,352.11690448037757,767.4428344592261,65.57871875
2026-02-13 23:00:00+00:00,2150.24834,4553.9869975,432.0508325,0.0333325,45.83361,6556.04626,167.20803999999998,794.3350800000001,41.0,2110.1691730798493,4640.474001324217,491.6173243260923,0.08416189662583207,47.73118523461229,5634.793560761471,162.68823097412863,808.918235058472,46.10697956440444,1055.4804793568949,3443.1931532427084,474.4991970129713,0.03439596063988095,50.797045407738096,3052.257767874306,352.11690448037757,767.4428344592261,65.57871875,1055.4804793568949,3443.1931532427084,474.4991970129713,0.03439596063988095,50.797045407738096,3052.257767874306,352.11690448037757,767.4428344592261,65.57871875
2026-02-14 00:00:00+00:00,2155.114705,4556.873505,473.0224975,0.1,45.83361,6551.229325,163.55074750000003,795.5595800000001,42.0,2179.6809979147847,4523.381119324478,495.63392843715906,0.03948623912318463,47.807395278741936,5735.982524096477,158.91345000036526,807.606639737495,44.369221624045004,1055.4804793568949,3443.1931532427084,474.4991970129713,0.03439596063988095,50.797045407738096,3052.257767874306,352.11690448037757,767.4428344592261,65.57871875,1055.4804793568949,3443.1931532427084,474.4991970129713,0.03439596063988095,50.797045407738096,3052.257767874306,352.11690448037757,767.4428344592261,65.57871875
2026-02-14 01:00:00+00:00,2109.5275149999998,4560.949165,457.26,0.0683325,45.83361,6485.174885,164.30587,795.73108,42.0,1931.2566861876714,4519.518222564951,491.3021363282479,0.03145372409680963,47.65195065607263,5311.652234117373,157.84538547318496,805.4434357335684,44.46538013702145,1055.4804793568949,3443.1931532427084,474.4991970129713,0.03439596063988095,50.797045407738096,3052.257767874306,352.11690448037757,767.4428344592261,65.57871875,1055.4804793568949,3443.1931532427084,474.4991970129713,0.03439596063988095,50.797045407738096,3052.257767874306,352.11690448037757,767.4428344592261,65.57871875
2026-02-14 02:00:00+00:00,2165.969175,4575.264702500001,481.136665,0.0316675,45.83361,6473.804405,162.9701125,795.73108,41.0,1980.9011451575207,4414.238101485014,514.1333081788728,0.01875596068864515,47.098976911037894,5138.748394933691,157.84538547318496,806.4688769479113,44.67208595326965,1055.4804793568949,3443.1931532427084,474.4991970129713,0.03439596063988095,50.797045407738096,3052.257767874306,352.11690448037757,767.4428344592261,65.57871875,1055.4804793568949,3443.1931532427084,474.4991970129713,0.03439596063988095,50.797045407738096,3052.257767874306,352.11690448037757,767.4428344592261,65.57871875
2026-02-14 03:00:00+00:00,2132.671675,4579.5853775,494.9816675,0.0,45.83361,6457.570755,162.37462750000003,795.73108,38.25,1941.528252056668,4462.681824967744,510.71311989047285,0.01699391313667355,47.098976911037894,4861.524490799648,157.84538547318496,805.711999672721,43.707031334634564,1055.4804793568949,3443.1931532427084,474.4991970129713,0.03439596063988095,50.797045407738096,3052.257767874306,352.11690448037757,767.4428344592261,65.57871875,1055.4804793568949,3443.1931532427084,474.4991970129713,0.03439596063988095,50.797045407738096,3052.257767874306,352.11690448037757,767.4428344592261,65.57871875
2026-02-14 04:00:00+00:00,2131.166655,4563.6643075,507.141665,0.0316675,45.83361,6350.6430125,162.61297,796.1643300000001,38.0,1920.8868088077093,4404.671375558506,512.6705933956382,0.0408988478802483,47.462730844672805,4671.178073237842,153.3619094515459,807.7553568942737,43.38887488742992,1055.4804793568949,3443.1931532427084,474.4991970129713,0.03439596063988095,50.797045407738096,3052.257767874306,352.11690448037757,767.4428344592261,65.57871875,1055.4804793568949,3443.1931532427084,474.4991970129713,0.03439596063988095,50.797045407738096,3052.257767874306,352.11690448037757,767.4428344592261,65.57871875
2026-02-14 05:00:00+00:00,2165.8341525,4492.5236125,488.0533325,0.0,45.83361,6484.113765,162.29518,798.01208,37.0,2002.5528729944713,4352.446621526483,514.5678318851878,0.05147453989129089,47.50039449949095,5081.166118292537,178.28163147011708,807.4934035188378,43.82205747756588,1055.4804793568949,3443.1931532427084,474.4991970129713,0.03439596063988095,50.797045407738096,3052.257767874306,352.11690448037757,767.4428344592261,65.57871875,1055.4804793568949,3443.1931532427084,474.4991970129713,0.03439596063988095,50.797045407738096,3052.257767874306,352.11690448037757,767.4428344592261,65.57871875
2026-02-14 06:00:00+00:00,2185.5716725,4394.1580275,542.5000024999999,0.0333325,45.83361,6486.243155,164.37568,800.57458,36.25,1909.5844880389996,4405.948654791384,526.7224525096193,0.009591367635204556,51.171576589489995,4114.433767618924,260.5032432439378,828.3974817413301,46.34822876425872,1055.4804793568949,3443.1931532427084,474.4991970129713,0.03439596063988095,50.797045407738096,3052.257767874306,352.11690448037757,767.4428344592261,65.57871875,1055.4804793568949,3443.1931532427084,474.4991970129713,0.03439596063988095,50.797045407738096,3052.257767874306,352.11690448037757,767.4428344592261,65.57871875
2026-02-14 07:00:00+00:00,2187.8666949999997,4357.9509025,527.45917,0.0,45.83361,6735.20717,165.06918,802.75858,36.0,1984.346137829521,4355.05425659862,535.2504337978186,0.014407728020582575,50.42140060465718,5242.744237327064,284.6592240380191,825.9210534768835,47.16769990527555,1055.4804793568949,3443.1931532427084,474.4991970129713,0.03439596063988095,50.797045407738096,3052.257767874306,352.11690448037757,767.4428344592261,65.57871875,1055.4804793568949,3443.1931532427084,474.4991970129713,0.03439596063988095,50.797045407738096,3052.257767874306,352.11690448037757,767.4428344592261,65.57871875
2026-02-14 08:00:00+00:00,2226.110835,4382.8256725,463.8250025,0.0683325,45.83361,6846.7124925,218.71418,802.75858,36.0,2120.509879395203,4314.934554997832,531.5912756745179,0.02174227630898705,50.61412411775242,5966.354343615078,252.78072123908316,817.8553977410191,46.217898213465816,1055.4804793568949,3443.1931532427084,474.4991970129713,0.03439596063988095,50.797045407738096,3052.257767874306,352.11690448037757,767.4428344592261,65.57871875,1055.4804793568949,3443.1931532427084,474.4991970129713,0.03439596063988095,50.797045407738096,3052.257767874306,352.11690448037757,767.4428344592261,65.57871875
2026-02-14 09:00:00+00:00,2225.3991575,4365.801655,490.921665,0.0316675,45.83361,6863.0063075,230.06918000000002,802.17258,35.0,2183.2474513445986,4406.503220493513,525.7982834650613,0.015067198281327143,50.23554563353666,6460.7428437776325,217.02157997854562,814.6748053702487,43.254834586726524,1055.4804793568949,3443.1931532427084,474.4991970129713,0.03439596063988095,50.797045407738096,3052.257767874306,352.11690448037757,767.4428344592261,65.57871875,1055.4804793568949,3443.1931532427084,474.4991970129713,0.03439596063988095,50.797045407738096,3052.257767874306,352.11690448037757,767.4428344592261,65.57871875
2026-02-14 10:00:00+00:00,2228.512505,4354.529865,501.84833,0.0316675,45.83361,6829.630892499999,223.20168,802.72158,35.0,2142.892509313181,4385.93005781234,526.1149720455186,0.013622717778624019,50.020410187351885,6702.161641984665,221.95178074186964,815.9924031168086,40.747831337855196,1055.4804793568949,3443.1931532427084,474.4991970129713,0.03439596063988095,50.797045407738096,3052.257767874306,352.11690448037757,767.4428344592261,65.57871875,1055.4804793568949,3443.1931532427084,474.4991970129713,0.03439596063988095,50.797045407738096,3052.257767874306,352.11690448037757,767.4428344592261,65.57871875
2026-02-14 11:00:00+00:00,2259.5408500000003,4365.5952425,520.8966625,0.0,45.83361,6839.723905,273.8299825,802.90458,35.0,2229.7646084823027,4441.36356874932,522.6479590126526,0.010480806600487908,49.773602955292496,6588.466024871723,230.41224126412385,814.4844577343806,42.02275159221814,1055.4804793568949,3443.1931532427084,474.4991970129713,0.03439596063988095,50.797045407738096,3052.257767874306,352.11690448037757,767.4428344592261,65.57871875,1055.4804793568949,3443.1931532427084,474.4991970129713,0.03439596063988095,50.797045407738096,3052.257767874306,352.11690448037757,767.4428344592261,65.57871875
2026-02-14 12:00:00+00:00,2272.252505,4387.0618699999995,536.464165,0.0,45.83361,6797.3929275,223.50304,802.90458,35.0,2209.196713193399,4207.586399599672,530.0249558321633,0.012705217255608345,49.559075678441005,6735.36869220179,250.02431842382853,817.5758299902475,43.00309183915115,1055.4804793568949,3443.1931532427084,474.4991970129713,0.03439596063988095,50.797045407738096,3052.257767874306,352.11690448037757,767.4428344592261,65.57871875,1055.4804793568949,3443.1931532427084,474.4991970129713,0.03439596063988095,50.797045407738096,3052.257767874306,352.11690448037757,767.4428344592261,65.57871875
2026-02-14 13:00:00+00:00,2315.1491450000003,4395.9017675,561.3425050000001,0.035,45.83361,6790.7451625,533.4330400000001,802.90458,35.0,2070.624560779979,4206.501234831873,536.5305523022553,0.01493496426214403,49.64124512459515,6776.610259458204,302.8249171859109,822.152226875181,44.33045854255526,1055.4804793568949,3443.1931532427084,474.4991970129713,0.03439596063988095,50.797045407738096,3052.257767874306,352.11690448037757,767.4428344592261,65.57871875,1055.4804793568949,3443.1931532427084,474.4991970129713,0.03439596063988095,50.797045407738096,3052.257767874306,352.11690448037757,767.4428344592261,65.57871875
2026-02-14 14:00:00+00:00,2321.6541825,4400.18973,523.3999974999999,0.1016675,45.83361,6915.987745,648.43304,802.90458,35.0,2107.8801802605776,4253.82143254902,536.4220588463705,0.020009325577986396,49.59699166772714,6331.542980644541,463.79091818072783,834.1386824723331,42.38817151121883,1055.4804793568949,3443.1931532427084,474.4991970129713,0.03439596063988095,50.797045407738096,3052.257767874306,352.11690448037757,767.4428344592261,65.57871875,1055.4804793568949,3443.1931532427084,474.4991970129713,0.03439596063988095,50.797045407738096,3052.257767874306,352.11690448037757,767.4428344592261,65.57871875
2026-02-14 15:00:00+00:00,2485.1658325,4447.2407425,529.06167,0.0316675,45.83361,6998.5839725000005,708.4330399999999,803.30258,35.0,2217.6343565298175,4328.876538607136,516.027693936419,0.016875330984848537,49.86651665159702,6532.952705896489,681.4002764826505,833.0618266597098,43.81554401677181,1055.4804793568949,3443.1931532427084,474.4991970129713,0.03439596063988095,50.797045407738096,3052.257767874306,352.11690448037757,767.4428344592261,65.57871875,1055.4804793568949,3443.1931532427084,474.4991970129713,0.03439596063988095,50.797045407738096,3052.257767874306,352.11690448037757,767.4428344592261,65.57871875
2026-02-14 16:00:00+00:00,2595.3741474999997,4502.4328625,476.2975025,0.0316675,45.83361,7175.0158225,1112.26565,803.65733,35.0,2201.3931731478624,4272.468484542339,520.1371339246034,0.01578119838641493,51.21828447702503,6894.564472829366,886.2469590178466,822.9204722971289,46.73320304331699,1055.4804793568949,3443.1931532427084,474.4991970129713,0.03439596063988095,50.797045407738096,3052.257767874306,352.11690448037757,767.4428344592261,65.57871875,1055.4804793568949,3443.1931532427084,474.4991970129713,0.03439596063988095,50.797045407738096,3052.257767874306,352.11690448037757,767.4428344592261,65.57871875
2026-02-14 17:00:00+00:00,2605.743325,4542.9041625,491.4541675,0.0,45.83361,7177.9468225,1144.7629816666667,803.4512050000001,34.75,2432.9637754805035,4106.715889852418,545.0952463943581,0.022519308003639632,47.06868765171077,7031.812740300268,1018.9942553038178,809.8399197026192,44.81461219551629,1055.4804793568949,3443.1931532427084,474.4991970129713,0.03439596063988095,50.797045407738096,3052.257767874306,352.11690448037757,767.4428344592261,65.57871875,1055.4804793568949,3443.1931532427084,474.4991970129713,0.03439596063988095,50.797045407738096,3052.257767874306,352.11690448037757,767.4428344592261,65.57871875
2026-02-14 18:00:00+00:00,2600.264145,4596.748585,538.6366674999999,0.035,45.83361,6759.0564175,1177.2603133333332,803.28908,34.0,2317.2094541525416,4152.253481614934,557.6486984343484,0.02367539076254095,46.73287990412789,7083.350657496222,698.1913042138725,813.5520931821036,46.319562855174254,1055.4804793568949,3443.1931532427084,474.4991970129713,0.03439596063988095,50.797045407738096,3052.257767874306,352.11690448037757,767.4428344592261,65.57871875,1055.4804793568949,3443.1931532427084,474.4991970129713,0.03439596063988095,50.797045407738096,3052.257767874306,352.11690448037757,767.4428344592261,65.57871875
2026-02-14 19:00:00+00:00,2494.6149925,4603.18763,546.415835,0.0683325,45.83361,6616.08843,1209.757645,803.28908,34.0,2201.4285776680445,4260.689877781751,549.2866179022781,0.06859326161860371,47.135970062023446,6724.875827852634,475.4599537582569,815.747471544749,44.05953665616764,1055.4804793568949,3443.1931532427084,474.4991970129713,0.03439596063988095,50.797045407738096,3052.257767874306,352.11690448037757,767.4428344592261,65.57871875,1055.4804793568949,3443.1931532427084,474.4991970129713,0.03439596063988095,50.797045407738096,3052.257767874306,352.11690448037757,767.4428344592261,65.57871875
2026-02-14 20:00:00+00:00,2307.7983325,4557.350765,542.5091675,0.1683325,45.83361,6614.545255,893.0866799999999,803.28908,34.25,2058.843610712337,4081.69839980399,526.3297516095538,0.06325215735417747,47.915201505490046,6357.254360743726,390.74736641190873,816.0474340163786,43.472919949507514,1055.4804793568949,3443.1931532427084,474.4991970129713,0.03439596063988095,50.797045407738096,3052.257767874306,352.11690448037757,767.4428344592261,65.57871875,1055.4804793568949,3443.1931532427084,474.4991970129713,0.03439596063988095,50.797045407738096,3052.257767874306,352.11690448037757,767.4428344592261,65.57871875
2026-02-14 21:00:00+00:00,2191.9450075,4557.2386675,556.0708275,0.09666749999999999,45.83361,6603.1122525,309.27362750000003,801.98108,34.0,1955.9576314418425,4000.3546968629153,520.5814085548606,0.05821115691517647,49.054248487027195,6213.923938836137,314.85586188951476,817.0787952734593,43.351498458381556,1055.4804793568949,3443.1931532427084,474.4991970129713,0.03439596063988095,50.797045407738096,3052.257767874306,352.11690448037757,767.4428344592261,65.57871875,1055.4804793568949,3443.1931532427084,474.4991970129713,0.03439596063988095,50.797045407738096,3052.257767874306,352.11690448037757,767.4428344592261,65.57871875
2026-02-14 22:00:00+00:00,1871.3066724999999,4535.078635,499.83333,0.0333325,45.83361,6134.8290799999995,532.74697,801.19208,34.25,1887.935610179401,4029.4239087699643,518.2013369602056,0.025158973714180376,49.06107759905101,6169.461987444112,239.56399701263177,815.7395793946964,43.27732194669535,1055.4804793568949,3443.1931532427084,474.4991970129713,0.03439596063988095,50.797045407738096,3052.257767874306,352.11690448037757,767.4428344592261,65.57871875,1055.4804793568949,3443.1931532427084,474.4991970129713,0.03439596063988095,50.797045407738096,3052.257767874306,352.11690448037757,767.4428344592261,65.57871875
2026-02-14 23:00:00+00:00,1448.08583,4445.38281,479.24249499999996,0.0333325,45.83361,5164.664505,409.94568000000004,796.63358,35.75,1656.5468859312614,4138.977420572031,496.9604737735705,0.021494449278973673,49.11068076680627,4991.744940210592,218.32036462021725,814.7356819199836,43.80649186067268,1055.4804793568949,3443.1931532427084,474.4991970129713,0.03439596063988095,50.797045407738096,3052.257767874306,352.11690448037757,767.4428344592261,65.57871875,1055.4804793568949,3443.1931532427084,474.4991970129713,0.03439596063988095,50.797045407738096,3052.257767874306,352.11690448037757,767.4428344592261,65.57871875
2026-02-15 00:00:00+00:00,1461.74667,4450.403285,510.715,0.035,45.83361,4418.67226,319.27818,795.96108,34.75,1629.6504310098808,4325.808614369977,505.99514757140946,0.0215908608189768,48.22303106001489,4046.1025266900506,154.38821661660566,812.7729593188382,47.009213235495295,1055.4804793568949,3443.1931532427084,474.4991970129713,0.03439596063988095,50.797045407738096,3052.257767874306,352.11690448037757,767.4428344592261,65.57871875,1055.4804793568949,3443.1931532427084,474.4991970129713,0.03439596063988095,50.797045407738096,3052.257767874306,352.11690448037757,767.4428344592261,65.57871875
2026-02-15 01:00:00+00:00,1479.6283349999999,4464.3813675,485.88166750000005,0.0683325,45.83361,3754.14133,246.72428749999997,795.67408,33.75,1545.5692277309352,4290.69380306633,490.20698399983746,0.017768890687613895,48.85795719454026,3513.955502090627,164.08669377571545,809.015198936763,41.38341171171622,1055.4804793568949,3443.1931532427084,474.4991970129713,0.03439596063988095,50.797045407738096,3052.257767874306,352.11690448037757,767.4428344592261,65.57871875,1055.4804793568949,3443.1931532427084,474.4991970129713,0.03439596063988095,50.797045407738096,3052.257767874306,352.11690448037757,767.4428344592261,65.57871875
2026-02-15 02:00:00+00:00,1512.698325,4506.7907075,486.2058325,0.0,45.83361,3264.852665,217.612,795.67408,28.5,1376.6568050748792,4273.627004266889,486.75689999337305,0.0038168751619745457,48.893446304841355,3389.3170135055493,150.04412067975275,807.3397921729087,40.84496015908886,1055.4804793568949,3443.1931532427084,474.4991970129713,0.03439596063988095,50.797045407738096,3052.257767874306,352.11690448037757,767.4428344592261,65.57871875,1055.4804793568949,3443.1931532427084,474.4991970129713,0.03439596063988095,50.797045407738096,3052.257767874306,352.11690448037757,767.4428344592261,65.57871875
2026-02-15 03:00:00+00:00,1516.048325,4498.1232925,505.86666249999996,0.0,45.83361,2790.7444225,360.3093725,795.67408,27.75,1443.2012392782726,4256.642633129442,475.49737861788094,0.005432227545138595,49.25294239244375,3510.0210882545766,145.25669034946688,809.308573740367,41.0918845860727,1055.4804793568949,3443.1931532427084,474.4991970129713,0.03439596063988095,50.797045407738096,3052.257767874306,352.11690448037757,767.4428344592261,65.57871875,1055.4804793568949,3443.1931532427084,474.4991970129713,0.03439596063988095,50.797045407738096,3052.257767874306,352.11690448037757,767.4428344592261,65.57871875
2026-02-15 04:00:00+00:00,1525.3408375,4509.6357499999995,497.584165,0.0,45.83361,2688.80216,167.47374000000002,795.67408,25.25,1582.0474846310922,4095.1961488438255,486.9690448395629,0.014526547498697553,49.04032403640288,3046.9709992949124,143.5714700031612,805.2302811596154,37.220188809373084,1055.4804793568949,3443.1931532427084,474.4991970129713,0.03439596063988095,50.797045407738096,3052.257767874306,352.11690448037757,767.4428344592261,65.57871875,1055.4804793568949,3443.1931532427084,474.4991970129713,0.03439596063988095,50.797045407738096,3052.257767874306,352.11690448037757,767.4428344592261,65.57871875
2026-02-15 05:00:00+00:00,1510.8166675,4516.2438775,506.55332999999996,0.09666749999999999,45.83361,2340.7348325000003,197.20499999999998,797.08908,23.0,1517.1518522607826,4039.134162955931,482.823545568499,0.025508427722775055,50.36753377354762,2952.345517547071,151.01666494014734,810.7136081595793,39.772387176439146,1055.4804793568949,3443.1931532427084,474.4991970129713,0.03439596063988095,50.797045407738096,3052.257767874306,352.11690448037757,767.4428344592261,65.57871875,1055.4804793568949,3443.1931532427084,474.4991970129713,0.03439596063988095,50.797045407738096,3052.257767874306,352.11690448037757,767.4428344592261,65.57871875
2026-02-15 06:00:00+00:00,1491.72002,4517.194832499999,490.52833499999997,0.065,45.83361,2350.10525,164.91249999999997,799.65158,23.0,1414.2422845686676,3577.121720533066,466.42422687893804,0.007869101137190544,49.40266791476722,2644.2963765768422,171.75813473869033,829.7695921706439,38.56094986260186,1055.4804793568949,3443.1931532427084,474.4991970129713,0.03439596063988095,50.797045407738096,3052.257767874306,352.11690448037757,767.4428344592261,65.57871875,1055.4804793568949,3443.1931532427084,474.4991970129713,0.03439596063988095,50.797045407738096,3052.257767874306,352.11690448037757,767.4428344592261,65.57871875
2026-02-15 07:00:00+00:00,1513.5791625,4548.5587725,491.77167,0.0333325,45.83361,2322.11675,273.0175,802.3020799999999,23.0,1332.2052050067189,3821.8799608649815,476.3860462789748,0.01071285276478056,49.03775189933392,3097.098929307155,189.3441534714199,828.451158115247,36.08515200435162,1055.4804793568949,3443.1931532427084,474.4991970129713,0.03439596063988095,50.797045407738096,3052.257767874306,352.11690448037757,767.4428344592261,65.57871875,1055.4804793568949,3443.1931532427084,474.4991970129713,0.03439596063988095,50.797045407738096,3052.257767874306,352.11690448037757,767.4428344592261,65.57871875
2026-02-15 08:00:00+00:00,1496.4458325,4366.003447499999,499.0,0.09666749999999999,45.83361,2367.1534175,271.7289099999999,802.76908,23.0,1358.0457615332903,3838.94951112481,484.7867001479836,0.05537755080074057,46.925949718723174,2933.2832345818056,189.1696384704497,803.2546918181737,35.70685328205179,1055.4804793568949,3443.1931532427084,474.4991970129713,0.03439596063988095,50.797045407738096,3052.257767874306,352.11690448037757,767.4428344592261,65.57871875,1055.4804793568949,3443.1931532427084,474.4991970129713,0.03439596063988095,50.797045407738096,3052.257767874306,352.11690448037757,767.4428344592261,65.57871875
2026-02-15 09:00:00+00:00,1391.72331,4320.4804475,502.0783325,0.0,45.83361,2360.58275,161.70232,802.18308,24.0,1309.8019989887466,3828.3062507485633,497.294659948643,0.026976272069805556,48.449674750423924,2616.4256134773605,125.96168815863649,800.5828982402834,34.0780132976478,1055.4804793568949,3443.1931532427084,474.4991970129713,0.03439596063988095,50.797045407738096,3052.257767874306,352.11690448037757,767.4428344592261,65.57871875,1055.4804793568949,3443.1931532427084,474.4991970129713,0.03439596063988095,50.797045407738096,3052.257767874306,352.11690448037757,767.4428344592261,65.57871875
2026-02-15 10:00:00+00:00,1147.1808350000001,3981.7816225,470.01333,0.066665,45.83361,2250.6210825,152.52617999999998,802.18308,24.0,1065.9905734982485,3904.116558798664,499.12625905386136,0.04521738008571673,47.63927236695985,2418.3131509632435,123.44281359789039,807.7531716918323,39.501553543499554,1055.4804793568949,3443.1931532427084,474.4991970129713,0.03439596063988095,50.797045407738096,3052.257767874306,352.11690448037757,767.4428344592261,65.57871875,1055.4804793568949,3443.1931532427084,474.4991970129713,0.03439596063988095,50.797045407738096,3052.257767874306,352.11690448037757,767.4428344592261,65.57871875
2026-02-15 11:00:00+00:00,1073.3708325,3705.2498825,459.71416750000003,0.0,45.83361,2058.6955,152.5655325,801.81158,23.0,1204.6588210353948,3204.2794325908785,489.4655102500117,0.017560005959513528,47.02751262870918,2096.574458073297,121.46069502611306,799.1843675257238,39.676325988437284,1055.4804793568949,3443.1931532427084,474.4991970129713,0.03439596063988095,50.797045407738096,3052.257767874306,352.11690448037757,767.4428344592261,65.57871875,1055.4804793568949,3443.1931532427084,474.4991970129713,0.03439596063988095,50.797045407738096,3052.257767874306,352.11690448037757,767.4428344592261,65.57871875
2026-02-15 12:00:00+00:00,846.5425074999999,3476.16492,471.6358325,0.0,45.83361,2021.740085,156.62617999999998,801.81158,23.0,615.0024627369912,2706.6475394456897,489.2469723478372,0.036919588230939104,49.538548824520184,1707.8836810660382,131.61737969756422,804.7966947647459,35.21254886611129,1055.4804793568949,3443.1931532427084,474.4991970129713,0.03439596063988095,50.797045407738096,3052.257767874306,352.11690448037757,767.4428344592261,65.57871875,1055.4804793568949,3443.1931532427084,474.4991970129713,0.03439596063988095,50.797045407738096,3052.257767874306,352.11690448037757,767.4428344592261,65.57871875
2026-02-15 13:00:00+00:00,869.424165,3246.7846475,476.675,0.065,45.83361,2065.6274175,160.72618,800.10308,23.0,630.4436672930144,2506.97199766464,519.579347812616,0.061364227490780826,48.27922861588696,1602.7523855626252,147.80295021085638,802.7139608275153,38.74357692411865,1055.4804793568949,3443.1931532427084,474.4991970129713,0.03439596063988095,50.797045407738096,3052.257767874306,352.11690448037757,767.4428344592261,65.57871875,1055.4804793568949,3443.1931532427084,474.4991970129713,0.03439596063988095,50.797045407738096,3052.257767874306,352.11690448037757,767.4428344592261,65.57871875
2026-02-15 14:00:00+00:00,966.47167,3522.8949175,467.4891625,0.26500250000000003,45.83361,2375.0667475,160.72618,798.37808,23.5,826.7721146978802,3207.2605541045987,520.2279645445807,0.1258231208262421,49.49215803767119,1866.1093436871731,170.8062925219364,802.2902189982057,32.777510410035894,1055.4804793568949,3443.1931532427084,474.4991970129713,0.03439596063988095,50.797045407738096,3052.257767874306,352.11690448037757,767.4428344592261,65.57871875,1055.4804793568949,3443.1931532427084,474.4991970129713,0.03439596063988095,50.797045407738096,3052.257767874306,352.11690448037757,767.4428344592261,65.57871875
2026-02-15 15:00:00+00:00,1146.7766625,3871.7404975,484.2875,0.1333325,45.83361,2409.2186675000003,230.83017999999998,798.77658,23.75,1049.5973035814256,2962.9856085046817,517.671009154639,0.06205050309923661,49.43284352022685,2658.1815786624943,317.4600503189822,811.7047854077902,32.45341121332325,1055.4804793568949,3443.1931532427084,474.4991970129713,0.03439596063988095,50.797045407738096,3052.257767874306,352.11690448037757,767.4428344592261,65.57871875,1055.4804793568949,3443.1931532427084,474.4991970129713,0.03439596063988095,50.797045407738096,3052.257767874306,352.11690448037757,767.4428344592261,65.57871875
2026-02-15 16:00:00+00:00,1522.3754075,4161.8069175,480.6004175,0.0,45.83361,2552.4536625,743.7203725,799.49608,23.0,1328.4402950814926,3107.6569738661938,507.89510142801976,0.033122931045574816,46.7910973271205,2846.530758911147,481.08349054950065,818.8013345726993,37.70815301270806,1055.4804793568949,3443.1931532427084,474.4991970129713,0.03439596063988095,50.797045407738096,3052.257767874306,352.11690448037757,767.4428344592261,65.57871875,1055.4804793568949,3443.1931532427084,474.4991970129713,0.03439596063988095,50.797045407738096,3052.257767874306,352.11690448037757,767.4428344592261,65.57871875
2026-02-15 17:00:00+00:00,1218.7962425,3925.204035,462.3933325,0.0316675,45.83361,2528.629255,298.83872,800.14208,23.0,1296.88438890706,3053.243017955103,500.51142348019215,0.01703490532417786,45.67809813708459,3197.1223301912955,437.24409992165243,806.0319253385509,35.84968723571879,1055.4804793568949,3443.1931532427084,474.4991970129713,0.03439596063988095,50.797045407738096,3052.257767874306,352.11690448037757,767.4428344592261,65.57871875,1055.4804793568949,3443.1931532427084,474.4991970129713,0.03439596063988095,50.797045407738096,3052.257767874306,352.11690448037757,767.4428344592261,65.57871875
2026-02-15 18:00:00+00:00,1188.107915,2895.9993775,462.74374750000004,0.0,45.83361,2994.1369999999997,235.6909375,800.14208,23.0,1181.309085244832,2919.223209603094,482.9150250269871,0.021823895471990404,46.101076001488224,3171.4658374086566,363.9938496824113,803.1162357762626,34.640129215036794,1055.4804793568949,3443.1931532427084,474.4991970129713,0.03439596063988095,50.797045407738096,3052.257767874306,352.11690448037757,767.4428344592261,65.57871875,1055.4804793568949,3443.1931532427084,474.4991970129713,0.03439596063988095,50.797045407738096,3052.257767874306,352.11690448037757,767.4428344592261,65.57871875
2026-02-15 19:00:00+00:00,1203.2637525,2823.5843600000003,460.18875,0.03375,45.83361,3002.566165,162.58872,800.14208,23.0,956.9045730733917,3180.516890324381,487.17633586962916,0.04689525091387181,45.812102976027454,3317.6991101208364,258.50355096952666,799.175219645065,33.8890219083753,1055.4804793568949,3443.1931532427084,474.4991970129713,0.03439596063988095,50.797045407738096,3052.257767874306,352.11690448037757,767.4428344592261,65.57871875,1055.4804793568949,3443.1931532427084,474.4991970129713,0.03439596063988095,50.797045407738096,3052.257767874306,352.11690448037757,767.4428344592261,65.57871875
2026-02-15 20:00:00+00:00,997.0574925000001,2746.0479925,457.8308325,0.0675,45.83361,2766.6116700000002,162.58872,799.90858,23.0,953.930886203259,2977.4988894797725,485.18209005909597,0.05748604346579957,45.64355550185838,3164.548931793654,159.62640661941816,798.7360877694043,34.40331463514911,1055.4804793568949,3443.1931532427084,474.4991970129713,0.03439596063988095,50.797045407738096,3052.257767874306,352.11690448037757,767.4428344592261,65.57871875,1055.4804793568949,3443.1931532427084,474.4991970129713,0.03439596063988095,50.797045407738096,3052.257767874306,352.11690448037757,767.4428344592261,65.57871875
2026-02-15 21:00:00+00:00,1025.0020749999999,2900.015265,478.2970775,0.18625000000000003,45.83361,2701.0055825,200.8334375,797.07908,23.0,1130.7022933370447,3274.084919217147,523.8387297698828,0.08701121610408394,46.22363241391539,3333.358356052601,149.5171904423176,803.6663620133411,32.03089452644202,1055.4804793568949,3443.1931532427084,474.4991970129713,0.03439596063988095,50.797045407738096,3052.257767874306,352.11690448037757,767.4428344592261,65.57871875,1055.4804793568949,3443.1931532427084,474.4991970129713,0.03439596063988095,50.797045407738096,3052.257767874306,352.11690448037757,767.4428344592261,65.57871875
2026-02-15 22:00:00+00:00,823.194995,3110.9522850000003,470.224585,0.0,45.83361,2439.3094975,162.99759000000003,795.83708,23.0,957.9901683276158,2990.8855336949823,531.0457868887079,0.05128062002042178,46.321082272813676,2788.7883735758305,125.87134008414353,800.7792275832463,33.35293333447371,1055.4804793568949,3443.1931532427084,474.4991970129713,0.03439596063988095,50.797045407738096,3052.257767874306,352.11690448037757,767.4428344592261,65.57871875,1055.4804793568949,3443.1931532427084,474.4991970129713,0.03439596063988095,50.797045407738096,3052.257767874306,352.11690448037757,767.4428344592261,65.57871875
2026-02-15 23:00:00+00:00,696.2766675,3292.021635,479.174585,0.0,45.83361,2582.17083,153.56778,792.55258,23.0,715.5177495728709,2470.1043718305973,526.9249865227116,0.07501064287144073,46.59466492222817,2663.192492979032,130.57304315468014,801.3318886171834,33.24531766492545,1055.4804793568949,3443.1931532427084,474.4991970129713,0.03439596063988095,50.797045407738096,3052.257767874306,352.11690448037757,767.4428344592261,65.57871875,1055.4804793568949,3443.1931532427084,474.4991970129713,0.03439596063988095,50.797045407738096,3052.257767874306,352.11690448037757,767.4428344592261,65.57871875
2026-02-16 00:00:00+00:00,606.96625,3100.15823,498.53416749999997,0.0341675,45.83361,2517.925085,153.7105875,789.39958,23.0,553.7274841061865,2565.508403700741,536.0780752971632,0.028191170918920833,46.10664174591713,2572.973589296323,124.1315651935385,794.086656766312,32.05057334366325,1055.4804793568949,3443.1931532427084,474.4991970129713,0.03439596063988095,50.797045407738096,3052.257767874306,352.11690448037757,767.4428344592261,65.57871875,1055.4804793568949,3443.1931532427084,474.4991970129713,0.03439596063988095,50.797045407738096,3052.257767874306,352.11690448037757,767.4428344592261,65.57871875
2026-02-16 01:00:00+00:00,512.6647525000001,3038.84438,519.1629350000001,0.0283325,45.83361,2616.007635,154.13900999999998,789.11258,23.0,623.1664937662733,2553.1551486879384,538.7067861638774,0.049514825359295786,46.50503957458251,2530.0112581576955,116.82901533843958,794.1293291903169,32.245648171556,1055.4804793568949,3443.1931532427084,474.4991970129713,0.03439596063988095,50.797045407738096,3052.257767874306,352.11690448037757,767.4428344592261,65.57871875,1055.4804793568949,3443.1931532427084,474.4991970129713,0.03439596063988095,50.797045407738096,3052.257767874306,352.11690448037757,767.4428344592261,65.57871875
2026-02-16 02:00:00+00:00,522.1791675,3167.5202225000003,520.1775,0.0,45.83361,2674.80808,162.07864,789.11258,23.25,565.4087376034522,2518.8433526384674,536.7131053149708,0.02681160120701595,46.92234351583535,2628.979616042241,114.33131675242652,795.1192470451641,32.637591360843096,1055.4804793568949,3443.1931532427084,474.4991970129713,0.03439596063988095,50.797045407738096,3052.257767874306,352.11690448037757,767.4428344592261,65.57871875,1055.4804793568949,3443.1931532427084,474.4991970129713,0.03439596063988095,50.797045407738096,3052.257767874306,352.11690448037757,767.4428344592261,65.57871875
2026-02-16 03:00:00+00:00,646.0916675000001,3112.2219425000003,539.468335,0.0316675,45.83361,2331.6936650000002,162.1734325,789.11258,23.0,669.153742396869,2572.262256933527,548.3339513954445,0.04184645148708858,45.570801571288406,2515.2861044404876,112.21250216921729,791.5557616806562,33.038422836381635,1055.4804793568949,3443.1931532427084,474.4991970129713,0.03439596063988095,50.797045407738096,3052.257767874306,352.11690448037757,767.4428344592261,65.57871875,1055.4804793568949,3443.1931532427084,474.4991970129713,0.03439596063988095,50.797045407738096,3052.257767874306,352.11690448037757,767.4428344592261,65.57871875
2026-02-16 04:00:00+00:00,889.302505,3339.0588175,518.175835,0.0316675,45.83361,2658.6515,162.45781,789.11258,23.0,936.9473321210307,2738.005808810894,528.744562741579,0.04512746771412347,45.680417314921705,2819.3748192508374,136.26094816854004,791.2702686488458,37.382972729287665,1055.4804793568949,3443.1931532427084,474.4991970129713,0.03439596063988095,50.797045407738096,3052.257767874306,352.11690448037757,767.4428344592261,65.57871875,1055.4804793568949,3443.1931532427084,474.4991970129713,0.03439596063988095,50.797045407738096,3052.257767874306,352.11690448037757,767.4428344592261,65.57871875
2026-02-16 05:00:00+00:00,1363.165835,4213.4746675,522.0866625,0.09833250000000002,45.83361,3564.604085,162.07864,790.52758,23.25,1525.8418399242819,3462.527467088063,530.2783765990246,0.09673073085866457,45.62756829956921,3808.651203705918,161.16864535841765,790.2729684440252,38.51069805080485,1055.4804793568949,3443.1931532427084,474.4991970129713,0.03439596063988095,50.797045407738096,3052.257767874306,352.11690448037757,767.4428344592261,65.57871875,1055.4804793568949,3443.1931532427084,474.4991970129713,0.03439596063988095,50.797045407738096,3052.257767874306,352.11690448037757,767.4428344592261,65.57871875
2026-02-16 06:00:00+00:00,1802.8433275,4586.003715,489.7216675,0.0683325,45.83361,4143.775835,210.79364,793.09008,24.0,1529.7697460520446,4248.3019175925465,522.6015993382413,0.04340102322018359,45.37101975464851,3971.9965078600467,441.1622375254491,793.2003810113392,37.25250941101537,1055.4804793568949,3443.1931532427084,474.4991970129713,0.03439596063988095,50.797045407738096,3052.257767874306,352.11690448037757,767.4428344592261,65.57871875,1055.4804793568949,3443.1931532427084,474.4991970129713,0.03439596063988095,50.797045407738096,3052.257767874306,352.11690448037757,767.4428344592261,65.57871875
2026-02-16 07:00:00+00:00,2199.2933224999997,4611.815815,475.1241725,0.035,45.83361,4551.31334,186.23864,794.53008,33.0,2015.0963057876468,4575.562835412402,518.5737234893471,0.03903353698880674,45.947067706507184,4766.768968441082,347.228237741941,800.8276921719988,36.99387785334216,1055.4804793568949,3443.1931532427084,474.4991970129713,0.03439596063988095,50.797045407738096,3052.257767874306,352.11690448037757,767.4428344592261,65.57871875,1055.4804793568949,3443.1931532427084,474.4991970129713,0.03439596063988095,50.797045407738096,3052.257767874306,352.11690448037757,767.4428344592261,65.57871875
2026-02-16 08:00:00+00:00,2276.6691475000002,4630.835115,455.1425,0.101665,45.83361,4788.4743325,162.41524,794.53008,33.25,2195.106771403276,4659.779461992906,501.5230738701159,0.04777148739459233,45.72401848875809,4805.2775389569115,337.2789951843917,808.0054046249828,39.04372274019171,1055.4804793568949,3443.1931532427084,474.4991970129713,0.03439596063988095,50.797045407738096,3052.257767874306,352.11690448037757,767.4428344592261,65.57871875,1055.4804793568949,3443.1931532427084,474.4991970129713,0.03439596063988095,50.797045407738096,3052.257767874306,352.11690448037757,767.4428344592261,65.57871875
2026-02-16 09:00:00+00:00,2221.921655,4626.16151,477.6183375,0.0,45.83361,4678.466829999999,163.062205,795.007705,34.0,1951.2302841661312,4453.401597283505,514.3329013034227,0.05656082492814876,46.935568324921995,4757.686002955047,193.46317751975306,797.3912467748761,39.56439879731817,1055.4804793568949,3443.1931532427084,474.4991970129713,0.03439596063988095,50.797045407738096,3052.257767874306,352.11690448037757,767.4428344592261,65.57871875,1055.4804793568949,3443.1931532427084,474.4991970129713,0.03439596063988095,50.797045407738096,3052.257767874306,352.11690448037757,767.4428344592261,65.57871875
2026-02-16 10:00:00+00:00,1894.50751,4562.591655,494.3091675,0.0316675,45.83361,4347.3719175,160.62540499999997,796.90158,41.25,2048.95193020281,4499.547729874173,501.32526382562196,0.06775786699022188,46.472012761985035,4725.8975017509365,139.64880030687732,797.1825762915836,42.81782290399809,1055.4804793568949,3443.1931532427084,474.4991970129713,0.03439596063988095,50.797045407738096,3052.257767874306,352.11690448037757,767.4428344592261,65.57871875,1055.4804793568949,3443.1931532427084,474.4991970129713,0.03439596063988095,50.797045407738096,3052.257767874306,352.11690448037757,767.4428344592261,65.57871875
2026-02-16 11:00:00+00:00,1867.5967,4580.4251375,522.164165,0.1,45.83361,4758.8260075,174.57050500000003,798.03558,42.25,1918.0017011041314,4619.064663704099,518.935176975809,0.07663379814973525,47.45908219838712,4436.194361017281,166.2307359251842,798.6994129101759,48.11573646477203,1055.4804793568949,3443.1931532427084,474.4991970129713,0.03439596063988095,50.797045407738096,3052.257767874306,352.11690448037757,767.4428344592261,65.57871875,1055.4804793568949,3443.1931532427084,474.4991970129713,0.03439596063988095,50.797045407738096,3052.257767874306,352.11690448037757,767.4428344592261,65.57871875
2026-02-16 12:00:00+00:00,2175.06916,4641.0157725,522.365,0.0316675,45.83361,4688.0739175,168.66596,798.03558,42.0,2154.3474195322697,4577.883025245304,523.0831511974812,0.05490259585821396,47.34802257040603,4502.969823476941,160.44541764751983,796.1702629699204,47.60458720376547,1055.4804793568949,3443.1931532427084,474.4991970129713,0.03439596063988095,50.797045407738096,3052.257767874306,352.11690448037757,767.4428344592261,65.57871875,1055.4804793568949,3443.1931532427084,474.4991970129713,0.03439596063988095,50.797045407738096,3052.257767874306,352.11690448037757,767.4428344592261,65.57871875
2026-02-16 13:00:00+00:00,2314.0408225,4624.1496575,488.49833,0.035,45.83361,4920.9413275,179.56829999999997,798.03558,37.0,2185.3301918790316,4379.257924547908,529.6130230430293,0.04923188628126961,47.51880432587278,4690.014458843306,160.4261252913571,798.6914884243578,46.11582495374947,1055.4804793568949,3443.1931532427084,474.4991970129713,0.03439596063988095,50.797045407738096,3052.257767874306,352.11690448037757,767.4428344592261,65.57871875,1055.4804793568949,3443.1931532427084,474.4991970129713,0.03439596063988095,50.797045407738096,3052.257767874306,352.11690448037757,767.4428344592261,65.57871875
2026-02-16 14:00:00+00:00,2348.58915,4630.6021075,543.915,0.0633325,45.83361,5831.0029325,213.9683,798.03558,33.75,2023.1016581026379,4674.359914114286,533.840232841533,0.04969332117810933,47.420764305022445,5566.448440186028,201.8649635471746,797.479928578074,42.67369786787813,1055.4804793568949,3443.1931532427084,474.4991970129713,0.03439596063988095,50.797045407738096,3052.257767874306,352.11690448037757,767.4428344592261,65.57871875,1055.4804793568949,3443.1931532427084,474.4991970129713,0.03439596063988095,50.797045407738096,3052.257767874306,352.11690448037757,767.4428344592261,65.57871875
2026-02-16 15:00:00+00:00,2405.5683275,4623.6600025,580.245,0.0683325,45.83361,6386.7801,267.9683,798.80558,34.5,1987.324601302285,5188.891651695538,552.3249387088621,0.0648668716720326,47.115586404717035,6400.754191779541,405.3169037662465,799.2520508784504,39.338850432460276,1055.4804793568949,3443.1931532427084,474.4991970129713,0.03439596063988095,50.797045407738096,3052.257767874306,352.11690448037757,767.4428344592261,65.57871875,1055.4804793568949,3443.1931532427084,474.4991970129713,0.03439596063988095,50.797045407738096,3052.257767874306,352.11690448037757,767.4428344592261,65.57871875
2026-02-16 16:00:00+00:00,2459.9149875,4638.5060675,594.8833325,0.135,45.83361,6528.348735,794.4849025,799.97858,33.0,2243.4905697939294,5198.749851068826,544.0620668656844,0.07773295886830422,48.22365354922189,6479.86472906589,744.6734090109733,799.2249330320092,42.758564642002966,1055.4804793568949,3443.1931532427084,474.4991970129713,0.03439596063988095,50.797045407738096,3052.257767874306,352.11690448037757,767.4428344592261,65.57871875,1055.4804793568949,3443.1931532427084,474.4991970129713,0.03439596063988095,50.797045407738096,3052.257767874306,352.11690448037757,767.4428344592261,65.57871875
2026-02-16 17:00:00+00:00,2479.531645,4631.08749,474.3350025,0.065,45.83361,6573.7860075,1161.7058,800.62408,33.0,2419.193763260744,4885.9624666347745,524.0775615154895,0.04331171503305074,46.37689456296322,6844.919330180353,999.027909783079,794.1064527508759,43.27112584464072,1055.4804793568949,3443.1931532427084,474.4991970129713,0.03439596063988095,50.797045407738096,3052.257767874306,352.11690448037757,767.4428344592261,65.57871875,1055.4804793568949,3443.1931532427084,474.4991970129713,0.03439596063988095,50.797045407738096,3052.257767874306,352.11690448037757,767.4428344592261,65.57871875
2026-02-16 18:00:00+00:00,2472.9700000000003,4636.1627025,457.04,0.0683325,45.83361,6553.6015800000005,1062.6296674999999,800.62408,33.75,2487.217218844783,4883.92414074738,510.5359272463618,0.06014851443825135,46.036475617522186,6993.178061103802,698.6330873129377,795.4841418517982,43.158520815674876,1055.4804793568949,3443.1931532427084,474.4991970129713,0.03439596063988095,50.797045407738096,3052.257767874306,352.11690448037757,767.4428344592261,65.57871875,1055.4804793568949,3443.1931532427084,474.4991970129713,0.03439596063988095,50.797045407738096,3052.257767874306,352.11690448037757,767.4428344592261,65.57871875
2026-02-16 19:00:00+00:00,2449.1516775,4639.9811725,446.2541675,0.1,45.83361,6539.0249225,790.38338,800.62408,34.0,2394.217945990712,4941.644247704053,512.7567678922208,0.09988007288276082,46.526129419073136,6689.552051822282,613.9009556899568,804.2236446522954,43.407131443192505,1055.4804793568949,3443.1931532427084,474.4991970129713,0.03439596063988095,50.797045407738096,3052.257767874306,352.11690448037757,767.4428344592261,65.57871875,1055.4804793568949,3443.1931532427084,474.4991970129713,0.03439596063988095,50.797045407738096,3052.257767874306,352.11690448037757,767.4428344592261,65.57871875
2026-02-16 20:00:00+00:00,2370.9941725,4636.5383225,422.8958325,0.035,45.83361,6509.508652500001,884.48088,800.62408,34.0,2194.244710535974,4817.234488894928,488.4851650391512,0.08227155158634664,46.86035675224711,6326.800107267636,410.4567989827877,809.0045506922766,44.23518750915096,1055.4804793568949,3443.1931532427084,474.4991970129713,0.03439596063988095,50.797045407738096,3052.257767874306,352.11690448037757,767.4428344592261,65.57871875,1055.4804793568949,3443.1931532427084,474.4991970129713,0.03439596063988095,50.797045407738096,3052.257767874306,352.11690448037757,767.4428344592261,65.57871875
2026-02-16 21:00:00+00:00,2208.0566975,4619.6162975,448.960005,0.098335,45.83361,6344.578665,254.46437249999997,799.31658,34.0,2019.5836326500475,4780.5952246973775,480.2679042035322,0.06750695259312264,46.4790746828137,5186.685133017024,260.3681250993176,810.6548169210178,45.61317489678362,1055.4804793568949,3443.1931532427084,474.4991970129713,0.03439596063988095,50.797045407738096,3052.257767874306,352.11690448037757,767.4428344592261,65.57871875,1055.4804793568949,3443.1931532427084,474.4991970129713,0.03439596063988095,50.797045407738096,3052.257767874306,352.11690448037757,767.4428344592261,65.57871875
2026-02-16 22:00:00+00:00,2185.7616975,4476.3589675,438.0133325,0.16666750000000002,45.83361,5721.8145075,193.56735,798.52758,33.25,2010.5557655404095,4643.25296922233,492.35632345988336,0.13780374148735813,45.94565478858957,4993.171379723469,135.85156023974383,801.0834074326579,46.03107593630445,1055.4804793568949,3443.1931532427084,474.4991970129713,0.03439596063988095,50.797045407738096,3052.257767874306,352.11690448037757,767.4428344592261,65.57871875,1055.4804793568949,3443.1931532427084,474.4991970129713,0.03439596063988095,50.797045407738096,3052.257767874306,352.11690448037757,767.4428344592261,65.57871875
2026-02-16 23:00:00+00:00,2288.2149725,4625.445765,467.3816675,0.1,45.83361,5553.9308325,157.81548999999998,794.25908,33.0,1968.3664717562892,4512.47374621366,489.83452510544436,0.09034635251980458,46.13648069110525,4828.931703990784,153.50678777379466,802.5856511427281,45.3050970376693,1055.4804793568949,3443.1931532427084,474.4991970129713,0.03439596063988095,50.797045407738096,3052.257767874306,352.11690448037757,767.4428344592261,65.57871875,1055.4804793568949,3443.1931532427084,474.4991970129713,0.03439596063988095,50.797045407738096,3052.257767874306,352.11690448037757,767.4428344592261,65.57871875
2026-02-17 00:00:00+00:00,2283.29083,4625.7745275,536.8975025,0.0666675,45.83361,5525.034825,157.740745,793.18658,33.0,1932.07961383644,4558.409194231719,507.86747071510376,0.05118222523554291,47.29898701301293,4831.284846314389,160.625529557734,798.8733392403354,44.65841690416496,1055.4804793568949,3443.1931532427084,474.4991970129713,0.03439596063988095,50.797045407738096,3052.257767874306,352.11690448037757,767.4428344592261,65.57871875,1055.4804793568949,3443.1931532427084,474.4991970129713,0.03439596063988095,50.797045407738096,3052.257767874306,352.11690448037757,767.4428344592261,65.57871875
2026-02-17 01:00:00+00:00,2285.0625025,4639.21228,604.0924975,0.0333325,45.83361,5528.4969275,156.9235,792.90008,33.0,1877.102240885462,4568.954876537653,547.0866718417581,0.037392931680634955,47.73938325814132,4793.077651111443,158.69284868574604,799.928195180964,43.495511681087564,1055.4804793568949,3443.1931532427084,474.4991970129713,0.03439596063988095,50.797045407738096,3052.257767874306,352.11690448037757,767.4428344592261,65.57871875,1055.4804793568949,3443.1931532427084,474.4991970129713,0.03439596063988095,50.797045407738096,3052.257767874306,352.11690448037757,767.4428344592261,65.57871875
2026-02-17 02:00:00+00:00,2289.2550075,4628.4166425,583.8391675,0.0316675,45.83361,5532.2093225,153.91969999999998,792.53783,33.5,2018.7260208816303,4511.49434510123,553.3375290637584,0.030174148190928972,47.27490876457198,4911.916610923768,138.4356830612926,799.7183958554975,43.35880287021543,1055.4804793568949,3443.1931532427084,474.4991970129713,0.03439596063988095,50.797045407738096,3052.257767874306,352.11690448037757,767.4428344592261,65.57871875,1055.4804793568949,3443.1931532427084,474.4991970129713,0.03439596063988095,50.797045407738096,3052.257767874306,352.11690448037757,767.4428344592261,65.57871875
2026-02-17 03:00:00+00:00,2295.7616725000003,4622.180835,594.4233375,0.0,45.83361,5627.5314149999995,153.98899999999998,792.53783,34.0,1852.318585781521,4426.6792577461165,537.707802899661,0.025909117755341205,46.459778487028615,5340.522891443152,164.44101759174663,798.5812128760119,44.14630404783996,1055.4804793568949,3443.1931532427084,474.4991970129713,0.03439596063988095,50.797045407738096,3052.257767874306,352.11690448037757,767.4428344592261,65.57871875,1055.4804793568949,3443.1931532427084,474.4991970129713,0.03439596063988095,50.797045407738096,3052.257767874306,352.11690448037757,767.4428344592261,65.57871875
2026-02-17 04:00:00+00:00,2346.1717925000003,4832.3849924999995,588.9031975,0.2285525,45.83361,5919.9012725,162.3969,792.90008,33.0,2158.3302046006715,4640.256878951641,548.720141662425,0.11875835176323768,46.42688368354915,5335.383446303593,179.39383250876443,800.4437882372993,44.86451502786048,1055.4804793568949,3443.1931532427084,474.4991970129713,0.03439596063988095,50.797045407738096,3052.257767874306,352.11690448037757,767.4428344592261,65.57871875,1055.4804793568949,3443.1931532427084,474.4991970129713,0.03439596063988095,50.797045407738096,3052.257767874306,352.11690448037757,767.4428344592261,65.57871875
2026-02-17 05:00:00+00:00,2453.90167,4947.000062499999,578.16917,0.298335,45.83361,6527.9085025,379.6397,794.31508,33.75,2084.902496437133,4773.470398787176,538.7778024544003,0.1893707202700288,46.10784829423226,6448.765392339081,240.25715998699047,803.8054415096929,46.403662728495476,1055.4804793568949,3443.1931532427084,474.4991970129713,0.03439596063988095,50.797045407738096,3052.257767874306,352.11690448037757,767.4428344592261,65.57871875,1055.4804793568949,3443.1931532427084,474.4991970129713,0.03439596063988095,50.797045407738096,3052.257767874306,352.11690448037757,767.4428344592261,65.57871875
2026-02-17 06:00:00+00:00,2478.34335,4925.18818,588.7541675,0.0333325,45.83361,6717.46094,418.80969999999996,797.55258,34.0,2122.414500840535,5185.116993422946,563.9797767980805,0.03373324727254042,47.850951206723266,6454.705622140986,616.1284722232914,821.1289880456728,46.07068805300251,1055.4804793568949,3443.1931532427084,474.4991970129713,0.03439596063988095,50.797045407738096,3052.257767874306,352.11690448037757,767.4428344592261,65.57871875,1055.4804793568949,3443.1931532427084,474.4991970129713,0.03439596063988095,50.797045407738096,3052.257767874306,352.11690448037757,767.4428344592261,65.57871875
2026-02-17 07:00:00+00:00,2477.0233475,4943.8707775,589.771665,0.0333325,45.83361,6759.868254999999,519.31438,798.99308,33.5,2393.9754361158275,5058.922445534928,563.2845058400236,0.02750542586287006,48.45939586494482,6582.221934513054,654.6790627200673,826.4798442987853,46.528149564371,1055.4804793568949,3443.1931532427084,474.4991970129713,0.03439596063988095,50.797045407738096,3052.257767874306,352.11690448037757,767.4428344592261,65.57871875,1055.4804793568949,3443.1931532427084,474.4991970129713,0.03439596063988095,50.797045407738096,3052.257767874306,352.11690448037757,767.4428344592261,65.57871875
2026-02-17 08:00:00+00:00,2481.7683275,4960.3718525,595.8908325,0.1858325,45.83361,6771.69865,697.83938,798.99308,34.0,2405.953640871609,5128.937254093003,568.6234944768337,0.09421477674563444,48.626549914837,6777.0339804386485,527.4731127675857,810.1998992492075,46.413848461656585,1055.4804793568949,3443.1931532427084,474.4991970129713,0.03439596063988095,50.797045407738096,3052.257767874306,352.11690448037757,767.4428344592261,65.57871875,1055.4804793568949,3443.1931532427084,474.4991970129713,0.03439596063988095,50.797045407738096,3052.257767874306,352.11690448037757,767.4428344592261,65.57871875
2026-02-17 09:00:00+00:00,2406.04252,4933.0828275,609.304165,0.09833250000000002,45.83361,6721.4417425,557.0718800000001,798.40708,34.0,2486.5966390074436,5081.640445076086,553.6643666907391,0.05250956596515609,49.4910551941341,6828.68909540449,433.3354414407589,803.4004253505911,40.09453754103457,1055.4804793568949,3443.1931532427084,474.4991970129713,0.03439596063988095,50.797045407738096,3052.257767874306,352.11690448037757,767.4428344592261,65.57871875,1055.4804793568949,3443.1931532427084,474.4991970129713,0.03439596063988095,50.797045407738096,3052.257767874306,352.11690448037757,767.4428344592261,65.57871875
2026-02-17 10:00:00+00:00,2374.6924974999997,4862.61701,603.765835,0.0333325,45.83361,6696.1626725,284.88437999999996,798.40708,34.0,2312.639127475508,4916.068603078081,562.5087011094881,0.02255331299870681,48.74574590626342,6722.453525531117,270.33700402308114,804.0658344721905,41.82916604224967,1055.4804793568949,3443.1931532427084,474.4991970129713,0.03439596063988095,50.797045407738096,3052.257767874306,352.11690448037757,767.4428344592261,65.57871875,1055.4804793568949,3443.1931532427084,474.4991970129713,0.03439596063988095,50.797045407738096,3052.257767874306,352.11690448037757,767.4428344592261,65.57871875
2026-02-17 11:00:00+00:00,2326.5408225,4798.984474999999,597.73166,0.035,45.83361,6715.5980225,553.0695625,798.40708,33.97,2073.8618653174167,4954.305996399433,548.6562687983308,0.024673216096893658,48.35258878153606,6123.739339190595,284.7194259435216,803.5181960806106,39.97287641901909,1055.4804793568949,3443.1931532427084,474.4991970129713,0.03439596063988095,50.797045407738096,3052.257767874306,352.11690448037757,767.4428344592261,65.57871875,1055.4804793568949,3443.1931532427084,474.4991970129713,0.03439596063988095,50.797045407738096,3052.257767874306,352.11690448037757,767.4428344592261,65.57871875
2026-02-17 12:00:00+00:00,2313.6266775,4808.717305,623.31333,0.0683325,45.83361,6372.37441,186.75048999999999,798.40708,33.72,2059.117428440974,4909.930009648256,538.1385903925501,0.03167247188739761,48.19441461508148,5624.991985182236,191.92287128273588,807.7167606429028,45.39186039034496,1055.4804793568949,3443.1931532427084,474.4991970129713,0.03439596063988095,50.797045407738096,3052.257767874306,352.11690448037757,767.4428344592261,65.57871875,1055.4804793568949,3443.1931532427084,474.4991970129713,0.03439596063988095,50.797045407738096,3052.257767874306,352.11690448037757,767.4428344592261,65.57871875
2026-02-17 13:00:00+00:00,2314.0841649999998,4821.5718775000005,601.2099975,0.035,45.83361,6187.256505,187.62124,798.40708,33.92,1904.7297144836111,4708.097490726102,535.5553733692749,0.043709775260515935,47.99125959169731,4513.639421755387,193.52776079369332,806.6953686537192,42.41890666250957,1055.4804793568949,3443.1931532427084,474.4991970129713,0.03439596063988095,50.797045407738096,3052.257767874306,352.11690448037757,767.4428344592261,65.57871875,1055.4804793568949,3443.1931532427084,474.4991970129713,0.03439596063988095,50.797045407738096,3052.257767874306,352.11690448037757,767.4428344592261,65.57871875
2026-02-17 14:00:00+00:00,2381.8141625,5095.809535,596.8216675,0.16999750000000002,45.83361,6237.577675,195.9541475,798.03558,43.209999999999994,1793.2255760900794,4669.572491906234,524.0795134765503,0.035657160718142025,49.265862600654835,5246.527412151467,236.8853194021637,814.8220132779408,41.17319303942726,1055.4804793568949,3443.1931532427084,474.4991970129713,0.03439596063988095,50.797045407738096,3052.257767874306,352.11690448037757,767.4428344592261,65.57871875,1055.4804793568949,3443.1931532427084,474.4991970129713,0.03439596063988095,50.797045407738096,3052.257767874306,352.11690448037757,767.4428344592261,65.57871875
2026-02-17 15:00:00+00:00,2353.3375025,5275.220322499999,596.5983325,0.10333250000000002,45.83361,6609.5340875,174.98537000000002,798.43358,42.96,1926.885453362631,5240.651288971282,526.0870836904891,0.029546685047628446,50.76401533340899,5881.846166866431,279.76514510912534,821.0529841048109,40.601271534848294,1055.4804793568949,3443.1931532427084,474.4991970129713,0.03439596063988095,50.797045407738096,3052.257767874306,352.11690448037757,767.4428344592261,65.57871875,1055.4804793568949,3443.1931532427084,474.4991970129713,0.03439596063988095,50.797045407738096,3052.257767874306,352.11690448037757,767.4428344592261,65.57871875
2026-02-17 16:00:00+00:00,2479.2208275,5354.777529999999,580.495,0.2016675,45.83361,7014.5141725,168.1814025,799.60708,42.71,2162.957613500852,5525.475480766954,531.3907313615642,0.05258153633425646,50.56691051021139,6122.882698212288,611.3803087440353,825.6571713187648,44.652179661137154,1055.4804793568949,3443.1931532427084,474.4991970129713,0.03439596063988095,50.797045407738096,3052.257767874306,352.11690448037757,767.4428344592261,65.57871875,1055.4804793568949,3443.1931532427084,474.4991970129713,0.03439596063988095,50.797045407738096,3052.257767874306,352.11690448037757,767.4428344592261,65.57871875
2026-02-17 17:00:00+00:00,2591.784995,5395.4342175,501.1549975,0.0,45.83361,7045.147667499999,266.63437,800.0809549999999,42.46,2161.0946293428296,5367.749173644352,525.370752572493,0.04624700852308379,47.444807934842316,6843.215883885825,555.815246247799,800.8297993508169,42.49026682302707,1055.4804793568949,3443.1931532427084,474.4991970129713,0.03439596063988095,50.797045407738096,3052.257767874306,352.11690448037757,767.4428344592261,65.57871875,1055.4804793568949,3443.1931532427084,474.4991970129713,0.03439596063988095,50.797045407738096,3052.257767874306,352.11690448037757,767.4428344592261,65.57871875
2026-02-17 18:00:00+00:00,2595.915825,5415.29245,480.2916675,0.065,45.83361,6980.14044,301.00104749999997,799.59458,42.71,2182.764647044419,5275.319913904765,478.2610406287442,0.06277039073704409,46.57339701978837,6546.143086700397,295.9345074967381,804.3137274189746,41.53993256792023,1055.4804793568949,3443.1931532427084,474.4991970129713,0.03439596063988095,50.797045407738096,3052.257767874306,352.11690448037757,767.4428344592261,65.57871875,1055.4804793568949,3443.1931532427084,474.4991970129713,0.03439596063988095,50.797045407738096,3052.257767874306,352.11690448037757,767.4428344592261,65.57871875
2026-02-17 19:00:00+00:00,2514.25583,5397.517875,487.0199975,0.098335,45.83361,7064.5658125,197.61237,799.59458,43.46,2059.1055875297197,4606.102031114625,482.6289661509976,0.08335375340775869,47.03853781512001,5657.571609202907,233.82837381273887,808.6669888233594,42.83383253361196,1055.4804793568949,3443.1931532427084,474.4991970129713,0.03439596063988095,50.797045407738096,3052.257767874306,352.11690448037757,767.4428344592261,65.57871875,1055.4804793568949,3443.1931532427084,474.4991970129713,0.03439596063988095,50.797045407738096,3052.257767874306,352.11690448037757,767.4428344592261,65.57871875
2026-02-17 20:00:00+00:00,2440.8650125,5367.436685,464.03333,0.163335,45.83361,6869.547985,170.63905499999998,799.59458,43.96,2093.1013891025104,4559.839148343042,454.3501738916088,0.06781177606988795,46.261776381206815,5548.394726332535,196.82416959406885,803.0978202658588,40.28170097608724,1055.4804793568949,3443.1931532427084,474.4991970129713,0.03439596063988095,50.797045407738096,3052.257767874306,352.11690448037757,767.4428344592261,65.57871875,1055.4804793568949,3443.1931532427084,474.4991970129713,0.03439596063988095,50.797045407738096,3052.257767874306,352.11690448037757,767.4428344592261,65.57871875
2026-02-17 21:00:00+00:00,2235.86501,5385.64493,411.035835,0.1316675,45.83361,6962.691995,170.5214925,798.28658,44.21,2013.7220464637053,4646.467235800421,464.252956015835,0.0825233952189112,46.9318817848728,5449.307849353821,157.50183396717188,804.1190564587946,41.502425870580176,1055.4804793568949,3443.1931532427084,474.4991970129713,0.03439596063988095,50.797045407738096,3052.257767874306,352.11690448037757,767.4428344592261,65.57871875,1055.4804793568949,3443.1931532427084,474.4991970129713,0.03439596063988095,50.797045407738096,3052.257767874306,352.11690448037757,767.4428344592261,65.57871875
2026-02-17 22:00:00+00:00,2125.0333375,5353.3298025,429.60499749999997,0.065,45.83361,6454.3670775,170.96625,797.49808,45.21,1876.5674602386496,4419.7115379431525,463.9503005783303,0.08218150319545275,47.083452771468,5248.80615422468,133.91957477148793,804.4493897862983,46.57200342297475,1055.4804793568949,3443.1931532427084,474.4991970129713,0.03439596063988095,50.797045407738096,3052.257767874306,352.11690448037757,767.4428344592261,65.57871875,1055.4804793568949,3443.1931532427084,474.4991970129713,0.03439596063988095,50.797045407738096,3052.257767874306,352.11690448037757,767.4428344592261,65.57871875
2026-02-17 23:00:00+00:00,2150.2924825,5391.586455000001,416.0191675,0.09833250000000002,45.83361,6652.9959149999995,164.67324,793.22958,45.5,1884.039201490973,4550.936097904304,479.9417082943393,0.09925460171508396,46.71934610554142,5282.392898186769,142.7711990799182,802.8956027347048,46.13418703608899,1055.4804793568949,3443.1931532427084,474.4991970129713,0.03439596063988095,50.797045407738096,3052.257767874306,352.11690448037757,767.4428344592261,65.57871875,1055.4804793568949,3443.1931532427084,474.4991970129713,0.03439596063988095,50.797045407738096,3052.257767874306,352.11690448037757,767.4428344592261,65.57871875
2026-02-18 00:00:00+00:00,2233.3150125,5402.2668975,411.6183325,0.1333325,45.83361,6291.7191674999995,167.9234925,793.34208,44.39,2012.3381537797668,4596.937939665928,433.7758163639571,0.0632367746795055,47.09416744185125,5689.1631267812845,152.16881576558177,800.0891186030102,47.88497555437742,1055.4804793568949,3443.1931532427084,474.4991970129713,0.03439596063988095,50.797045407738096,3052.257767874306,352.11690448037757,767.4428344592261,65.57871875,1055.4804793568949,3443.1931532427084,474.4991970129713,0.03439596063988095,50.797045407738096,3052.257767874306,352.11690448037757,767.4428344592261,65.57871875
2026-02-18 01:00:00+00:00,2217.07333,5410.239955,408.222495,0.0,45.83361,6169.9099325,168.177125,793.05508,42.32,2024.6512362135368,4722.423428365762,430.2476082682037,0.046657950187769075,47.235459005372284,5777.06581185341,172.59663878761378,801.4644503958581,47.73493444369423,1055.4804793568949,3443.1931532427084,474.4991970129713,0.03439596063988095,50.797045407738096,3052.257767874306,352.11690448037757,767.4428344592261,65.57871875,1055.4804793568949,3443.1931532427084,474.4991970129713,0.03439596063988095,50.797045407738096,3052.257767874306,352.11690448037757,767.4428344592261,65.57871875
2026-02-18 02:00:00+00:00,2017.861665,5401.5305725,402.3349975,0.0316675,45.83361,6426.12958,167.80537999999999,793.05508,41.84,2129.7067288089393,4628.331726801088,435.42900560271426,0.0452642026811748,47.69830668476879,5987.152276343175,156.23768637785048,801.6341141665197,45.78522627334216,1055.4804793568949,3443.1931532427084,474.4991970129713,0.03439596063988095,50.797045407738096,3052.257767874306,352.11690448037757,767.4428344592261,65.57871875,1055.4804793568949,3443.1931532427084,474.4991970129713,0.03439596063988095,50.797045407738096,3052.257767874306,352.11690448037757,767.4428344592261,65.57871875
2026-02-18 03:00:00+00:00,2060.92918,5404.74415,418.8549975,0.0,45.83361,6918.791175,167.7813725,793.05508,39.47999999999999,2164.2128398262103,4747.751639801143,462.36669430219774,0.027866331240321087,47.76542857734221,5516.334316591892,183.31057565066436,803.3309370955326,46.80464765440611,1055.4804793568949,3443.1931532427084,474.4991970129713,0.03439596063988095,50.797045407738096,3052.257767874306,352.11690448037757,767.4428344592261,65.57871875,1055.4804793568949,3443.1931532427084,474.4991970129713,0.03439596063988095,50.797045407738096,3052.257767874306,352.11690448037757,767.4428344592261,65.57871875
2026-02-18 04:00:00+00:00,2335.9341725,5401.487725,419.5833325,0.035,45.83361,7247.4635275,183.95935,793.05508,38.03,2146.7124691532044,4877.051722403896,472.6970362421098,0.042535165037241376,47.10649699091474,6520.184673614578,177.76386382148146,811.4186459379018,46.53520564472922,1055.4804793568949,3443.1931532427084,474.4991970129713,0.03439596063988095,50.797045407738096,3052.257767874306,352.11690448037757,767.4428344592261,65.57871875,1055.4804793568949,3443.1931532427084,474.4991970129713,0.03439596063988095,50.797045407738096,3052.257767874306,352.11690448037757,767.4428344592261,65.57871875
2026-02-18 05:00:00+00:00,2528.85752,5631.1346925,415.352505,0.2300025,45.83361,7472.3614075000005,368.86538,794.47008,45.48,2189.177964989588,4714.09635957261,442.33416124393244,0.13316184313624432,48.07049375711783,7231.755438265785,294.5540339732953,813.8628559539699,48.117445476880235,1055.4804793568949,3443.1931532427084,474.4991970129713,0.03439596063988095,50.797045407738096,3052.257767874306,352.11690448037757,767.4428344592261,65.57871875,1055.4804793568949,3443.1931532427084,474.4991970129713,0.03439596063988095,50.797045407738096,3052.257767874306,352.11690448037757,767.4428344592261,65.57871875
2026-02-18 06:00:00+00:00,2758.5141700000004,5742.8495425,417.6441625,0.0333325,45.83361,7827.6515899999995,1497.90538,797.03258,45.48,2256.927495236331,4873.72492656606,547.8108799824025,0.008402665810461108,49.47203106037997,7754.867271826784,1006.1274561802411,837.7063196557965,49.579202936724805,1055.4804793568949,3443.1931532427084,474.4991970129713,0.03439596063988095,50.797045407738096,3052.257767874306,352.11690448037757,767.4428344592261,65.57871875,1055.4804793568949,3443.1931532427084,474.4991970129713,0.03439596063988095,50.797045407738096,3052.257767874306,352.11690448037757,767.4428344592261,65.57871875
2026-02-18 07:00:00+00:00,2851.6975200000006,5522.0125100000005,465.13167,0.0316675,45.83361,7847.651427499999,1106.7943349999998,798.47258,44.73,2785.271273149022,4648.350621433476,536.0989338527673,0.020989171212425797,48.67288240872459,7897.746684544525,971.9711695828612,833.9595266401141,46.438214893365505,1055.4804793568949,3443.1931532427084,474.4991970129713,0.03439596063988095,50.797045407738096,3052.257767874306,352.11690448037757,767.4428344592261,65.57871875,1055.4804793568949,3443.1931532427084,474.4991970129713,0.03439596063988095,50.797045407738096,3052.257767874306,352.11690448037757,767.4428344592261,65.57871875
2026-02-18 08:00:00+00:00,2842.8816575,5500.0826875,406.06917,0.065,45.83361,7632.4588525,715.6832899999998,798.47258,44.48,2532.7169831890874,4522.739273200171,491.957663647421,0.016139596126320422,49.60725555327981,7859.07512759479,564.9023312503253,824.1687660408978,45.641628552872675,1055.4804793568949,3443.1931532427084,474.4991970129713,0.03439596063988095,50.797045407738096,3052.257767874306,352.11690448037757,767.4428344592261,65.57871875,1055.4804793568949,3443.1931532427084,474.4991970129713,0.03439596063988095,50.797045407738096,3052.257767874306,352.11690448037757,767.4428344592261,65.57871875
2026-02-18 09:00:00+00:00,2641.9874975000002,5530.34632,411.889165,0.065,45.83361,7410.223334999999,244.51619999999997,797.88658,45.23,2436.5124045613184,4830.9769579282,443.4196668096063,0.055849585646003494,48.23988846034507,7272.884492742418,231.04708684827096,809.1000079996004,46.28189355140456,1055.4804793568949,3443.1931532427084,474.4991970129713,0.03439596063988095,50.797045407738096,3052.257767874306,352.11690448037757,767.4428344592261,65.57871875,1055.4804793568949,3443.1931532427084,474.4991970129713,0.03439596063988095,50.797045407738096,3052.257767874306,352.11690448037757,767.4428344592261,65.57871875
2026-02-18 10:00:00+00:00,2566.876695,5399.6483124999995,412.52917249999996,0.0333325,45.83361,6284.7669875,299.7212,797.88658,45.48,2326.7970555856964,4781.793086141746,435.8285906944037,0.06180656674519026,47.11757360642536,7089.686375032081,229.96145195010857,797.3110356594943,45.94562100976563,1055.4804793568949,3443.1931532427084,474.4991970129713,0.03439596063988095,50.797045407738096,3052.257767874306,352.11690448037757,767.4428344592261,65.57871875,1055.4804793568949,3443.1931532427084,474.4991970129713,0.03439596063988095,50.797045407738096,3052.257767874306,352.11690448037757,767.4428344592261,65.57871875
2026-02-18 11:00:00+00:00,2402.97498,5434.431485,406.0184375,0.0,45.83361,5754.9205825,161.9096425,797.0364549999999,45.23,2610.364602172096,4637.844733298389,422.6451962681481,0.03444363986334602,47.34090895658083,6840.726565480677,218.05880385410944,804.5266708389175,48.755622295545734,1055.4804793568949,3443.1931532427084,474.4991970129713,0.03439596063988095,50.797045407738096,3052.257767874306,352.11690448037757,767.4428344592261,65.57871875,1055.4804793568949,3443.1931532427084,474.4991970129713,0.03439596063988095,50.797045407738096,3052.257767874306,352.11690448037757,767.4428344592261,65.57871875
2026-02-18 12:00:00+00:00,2415.2533475,5439.549895,423.74917,0.0,45.83361,6040.495395,164.03719999999998,796.75308,44.48,2441.377551077966,4870.492590560526,426.2791881971022,0.017352024360641018,47.9117818042339,6631.43326902343,209.23720154804724,806.1310691146933,49.506453501630254,1055.4804793568949,3443.1931532427084,474.4991970129713,0.03439596063988095,50.797045407738096,3052.257767874306,352.11690448037757,767.4428344592261,65.57871875,1055.4804793568949,3443.1931532427084,474.4991970129713,0.03439596063988095,50.797045407738096,3052.257767874306,352.11690448037757,767.4428344592261,65.57871875
2026-02-18 13:00:00+00:00,2357.5024925,5398.076805000001,421.931665,0.0,45.83361,6489.8771575,161.85469999999995,796.75308,44.48,2380.7635205046145,4837.685630936699,435.9469238252811,0.026590487341473956,48.75035482298604,6615.062630558623,177.52589883108766,811.123636777417,52.12315388439423,1055.4804793568949,3443.1931532427084,474.4991970129713,0.03439596063988095,50.797045407738096,3052.257767874306,352.11690448037757,767.4428344592261,65.57871875,1055.4804793568949,3443.1931532427084,474.4991970129713,0.03439596063988095,50.797045407738096,3052.257767874306,352.11690448037757,767.4428344592261,65.57871875
2026-02-18 14:00:00+00:00,2418.485015,5335.619845,424.6225,0.05083312499999999,45.83361,6544.571975,167.9722,796.75308,44.48,2124.3269682507544,4775.965514682349,471.46308045879124,0.04111662145644446,49.12460750080587,6580.47213190187,277.450644729651,810.5515825265362,51.06619451237514,1055.4804793568949,3443.1931532427084,474.4991970129713,0.03439596063988095,50.797045407738096,3052.257767874306,352.11690448037757,767.4428344592261,65.57871875,1055.4804793568949,3443.1931532427084,474.4991970129713,0.03439596063988095,50.797045407738096,3052.257767874306,352.11690448037757,767.4428344592261,65.57871875
2026-02-18 15:00:00+00:00,2491.510005,5006.308335,425.5033325,0.10166624999999999,45.83361,6906.455825,488.51470000000006,797.15158,45.48,2051.8594331253607,5040.371445881832,470.6017884869506,0.055784169017142796,49.33768065195761,6825.900490264003,408.93008166196074,815.4159833303727,51.92734632346831,1055.4804793568949,3443.1931532427084,474.4991970129713,0.03439596063988095,50.797045407738096,3052.257767874306,352.11690448037757,767.4428344592261,65.57871875,1055.4804793568949,3443.1931532427084,474.4991970129713,0.03439596063988095,50.797045407738096,3052.257767874306,352.11690448037757,767.4428344592261,65.57871875
2026-02-18 16:00:00+00:00,2585.517495,4986.7081450000005,420.6975,0.15249937499999996,45.83361,6942.40782,895.5597,798.32458,46.23,2423.457442359971,5012.879601973595,511.07123968030504,0.061146393352935584,49.162414597462316,6902.892057520703,897.020548111036,819.473913856761,47.20440146615526,1055.4804793568949,3443.1931532427084,474.4991970129713,0.03439596063988095,50.797045407738096,3052.257767874306,352.11690448037757,767.4428344592261,65.57871875,1055.4804793568949,3443.1931532427084,474.4991970129713,0.03439596063988095,50.797045407738096,3052.257767874306,352.11690448037757,767.4428344592261,65.57871875
2026-02-18 17:00:00+00:00,2590.558355,4903.1380874999995,431.5208325,0.20333249999999997,45.83361,7117.603317500001,1302.6046999999999,798.97008,46.48,2562.738478830375,4828.726229569151,478.0255722636253,0.08741902472406271,44.593157432007864,6746.236942730055,992.5844877164673,798.2216550738456,42.4990772047731,1055.4804793568949,3443.1931532427084,474.4991970129713,0.03439596063988095,50.797045407738096,3052.257767874306,352.11690448037757,767.4428344592261,65.57871875,1055.4804793568949,3443.1931532427084,474.4991970129713,0.03439596063988095,50.797045407738096,3052.257767874306,352.11690448037757,767.4428344592261,65.57871875
2026-02-18 18:00:00+00:00,2509.2575075,4521.359765,436.25083,0.2183325,45.83361,6408.407735000001,226.7951425,798.97008,45.73,2321.8719786595148,5110.045635823073,466.8463154733466,0.09725722454609351,44.65905673424882,6698.776096647411,350.53521659537705,798.9660869138233,43.070433435037266,1055.4804793568949,3443.1931532427084,474.4991970129713,0.03439596063988095,50.797045407738096,3052.257767874306,352.11690448037757,767.4428344592261,65.57871875,1055.4804793568949,3443.1931532427084,474.4991970129713,0.03439596063988095,50.797045407738096,3052.257767874306,352.11690448037757,767.4428344592261,65.57871875
2026-02-18 19:00:00+00:00,2416.7383275,4671.0535,426.5599975,0.1683325,45.83361,5139.8739925,167.9722,798.97008,44.48,2163.34309097487,4906.275297161614,482.56683486870827,0.1065999767365351,45.19335316857791,5737.619122794075,202.51632328165286,805.0709880286213,43.450646446805166,1055.4804793568949,3443.1931532427084,474.4991970129713,0.03439596063988095,50.797045407738096,3052.257767874306,352.11690448037757,767.4428344592261,65.57871875,1055.4804793568949,3443.1931532427084,474.4991970129713,0.03439596063988095,50.797045407738096,3052.257767874306,352.11690448037757,767.4428344592261,65.57871875
2026-02-18 20:00:00+00:00,1945.53668,4696.92901,429.70167,0.2016675,45.83361,4666.81042,167.9722,798.97008,44.48,1946.3689027926243,4449.504040745858,468.7791249680923,0.10763743495859976,44.93044339448988,4729.94862729016,177.35547864550296,804.970565943636,40.48453190537725,1055.4804793568949,3443.1931532427084,474.4991970129713,0.03439596063988095,50.797045407738096,3052.257767874306,352.11690448037757,767.4428344592261,65.57871875,1055.4804793568949,3443.1931532427084,474.4991970129713,0.03439596063988095,50.797045407738096,3052.257767874306,352.11690448037757,767.4428344592261,65.57871875
2026-02-18 21:00:00+00:00,1549.5333225,4578.707195,481.329165,0.13,45.83361,4291.982505,167.96997249999998,797.66258,40.68,1884.8445710897904,4524.205302849018,472.928600359757,0.10150981168774922,46.32892320674946,4571.812993981213,197.70107988400045,804.6899656804346,41.35615871471559,1055.4804793568949,3443.1931532427084,474.4991970129713,0.03439596063988095,50.797045407738096,3052.257767874306,352.11690448037757,767.4428344592261,65.57871875,1055.4804793568949,3443.1931532427084,474.4991970129713,0.03439596063988095,50.797045407738096,3052.257767874306,352.11690448037757,767.4428344592261,65.57871875
2026-02-18 22:00:00+00:00,1394.3933325,4386.0797325,479.5375025,0.0683325,45.83361,3573.41842,170.57728,796.87358,41.23,1599.1643545915408,4340.557044050338,457.57904491339923,0.07579671701574481,46.04266790168205,3668.339236387589,142.7157856147176,801.0312595899927,40.01059844318381,1055.4804793568949,3443.1931532427084,474.4991970129713,0.03439596063988095,50.797045407738096,3052.257767874306,352.11690448037757,767.4428344592261,65.57871875,1055.4804793568949,3443.1931532427084,474.4991970129713,0.03439596063988095,50.797045407738096,3052.257767874306,352.11690448037757,767.4428344592261,65.57871875
2026-02-18 23:00:00+00:00,1245.9150075,4655.8799725,474.759165,0.0,45.83361,3529.6120075,159.76244000000003,792.60508,36.98,1440.9333074186338,3724.4493012651096,462.6957808885819,0.07244260412413692,45.8942663270206,3713.7960931734674,142.6452057057983,799.3315545838083,40.9752078330949,1055.4804793568949,3443.1931532427084,474.4991970129713,0.03439596063988095,50.797045407738096,3052.257767874306,352.11690448037757,767.4428344592261,65.57871875,1055.4804793568949,3443.1931532427084,474.4991970129713,0.03439596063988095,50.797045407738096,3052.257767874306,352.11690448037757,767.4428344592261,65.57871875
2026-02-19 00:00:00+00:00,1106.7124975,4777.7133699999995,539.9275025000001,0.0316675,45.83361,3499.6135025,161.6285725,792.657205,34.48,1164.498004960348,3617.4990201205537,514.4097461982512,0.038529724074316665,45.76610559317534,3491.7172577685947,128.92109246498532,797.7211771547635,37.60434170134738,1055.4804793568949,3443.1931532427084,474.4991970129713,0.03439596063988095,50.797045407738096,3052.257767874306,352.11690448037757,767.4428344592261,65.57871875,1055.4804793568949,3443.1931532427084,474.4991970129713,0.03439596063988095,50.797045407738096,3052.257767874306,352.11690448037757,767.4428344592261,65.57871875
2026-02-19 01:00:00+00:00,1048.5708325,4516.1548975,568.1008274999999,0.01583375,45.83361,3180.8679975,160.58239,792.30908,34.48,1126.0239485280722,3585.772755781322,503.6979987385886,0.011430667699375296,45.84013777454443,3410.2634331203,112.89539654922555,793.9172536293645,35.0149434284276,1055.4804793568949,3443.1931532427084,474.4991970129713,0.03439596063988095,50.797045407738096,3052.257767874306,352.11690448037757,767.4428344592261,65.57871875,1055.4804793568949,3443.1931532427084,474.4991970129713,0.03439596063988095,50.797045407738096,3052.257767874306,352.11690448037757,767.4428344592261,65.57871875
2026-02-19 02:00:00+00:00,1040.761665,4474.718625,521.925,0.0,45.83361,3413.0443375,160.73583999999997,792.30908,35.230000000000004,1082.6273328233458,3606.3649677177445,490.14624690078256,0.013547978832846603,46.36461440947209,3539.840262977982,120.01774954350975,793.9172536293645,34.56445488112681,1055.4804793568949,3443.1931532427084,474.4991970129713,0.03439596063988095,50.797045407738096,3052.257767874306,352.11690448037757,767.4428344592261,65.57871875,1055.4804793568949,3443.1931532427084,474.4991970129713,0.03439596063988095,50.797045407738096,3052.257767874306,352.11690448037757,767.4428344592261,65.57871875
2026-02-19 03:00:00+00:00,1078.31666,4225.431455,471.3875025,0.0333325,45.83361,3584.1877425000002,160.718515,792.30908,36.47999999999999,1422.2138255186735,3838.389787197593,494.9619425771776,0.031051934963201144,46.526005257261765,3797.2727085585043,137.9359370106547,796.5960015939185,35.590262094455895,1055.4804793568949,3443.1931532427084,474.4991970129713,0.03439596063988095,50.797045407738096,3052.257767874306,352.11690448037757,767.4428344592261,65.57871875,1055.4804793568949,3443.1931532427084,474.4991970129713,0.03439596063988095,50.797045407738096,3052.257767874306,352.11690448037757,767.4428344592261,65.57871875
2026-02-19 04:00:00+00:00,1150.6300075,4325.8912550000005,456.5108325,0.11500000000000002,45.83361,4340.75966,168.96653999999998,792.30908,36.47999999999999,1607.3942197414322,3945.9128026197177,482.20236490567333,0.055071719019512654,46.63350403886974,4432.478705862233,137.06364447214273,796.5843426551744,38.0461013727478,1055.4804793568949,3443.1931532427084,474.4991970129713,0.03439596063988095,50.797045407738096,3052.257767874306,352.11690448037757,767.4428344592261,65.57871875,1055.4804793568949,3443.1931532427084,474.4991970129713,0.03439596063988095,50.797045407738096,3052.257767874306,352.11690448037757,767.4428344592261,65.57871875
2026-02-19 05:00:00+00:00,1515.915005,4812.1987850000005,461.84417,0.2016675,45.83361,4841.1501575,169.11008999999999,793.72408,36.47999999999999,1706.9811963598506,4549.42637455508,458.3767303181113,0.12303722101607373,46.50295213490929,4561.733379011675,111.32516937576324,798.9663424102647,42.698122114313904,1055.4804793568949,3443.1931532427084,474.4991970129713,0.03439596063988095,50.797045407738096,3052.257767874306,352.11690448037757,767.4428344592261,65.57871875,1055.4804793568949,3443.1931532427084,474.4991970129713,0.03439596063988095,50.797045407738096,3052.257767874306,352.11690448037757,767.4428344592261,65.57871875
2026-02-19 06:00:00+00:00,2069.7316775,5237.74523,451.9258375,0.0,45.83361,4667.143255,169.11008999999999,796.28658,43.23,1966.3485775778777,5448.498800515094,424.7044763266823,0.02537046254025286,47.621940849221936,4985.4516821867655,241.73244547912884,803.842743426708,49.22202137555034,1055.4804793568949,3443.1931532427084,474.4991970129713,0.03439596063988095,50.797045407738096,3052.257767874306,352.11690448037757,767.4428344592261,65.57871875,1055.4804793568949,3443.1931532427084,474.4991970129713,0.03439596063988095,50.797045407738096,3052.257767874306,352.11690448037757,767.4428344592261,65.57871875
2026-02-19 07:00:00+00:00,2262.8141725,4993.5961225,385.12,0.0,45.83361,4744.4364875,303.15259000000003,798.010455,45.48,2145.9859966291315,5455.947052864852,431.6854866722681,0.028643548296317916,46.64016075247336,5294.545172781083,314.1544988527928,805.3973737027887,47.30785306862329,1055.4804793568949,3443.1931532427084,474.4991970129713,0.03439596063988095,50.797045407738096,3052.257767874306,352.11690448037757,767.4428344592261,65.57871875,1055.4804793568949,3443.1931532427084,474.4991970129713,0.03439596063988095,50.797045407738096,3052.257767874306,352.11690448037757,767.4428344592261,65.57871875
2026-02-19 08:00:00+00:00,2447.016675,5429.843844999999,374.584165,0.065,45.83361,4917.7292449999995,358.47013,798.86058,44.23,2170.977729584313,5497.544726467906,430.78427812911207,0.03935638852746404,46.83148147487031,5351.7697864375195,344.08476467200524,807.0884379093285,45.604334878923446,1055.4804793568949,3443.1931532427084,474.4991970129713,0.03439596063988095,50.797045407738096,3052.257767874306,352.11690448037757,767.4428344592261,65.57871875,1055.4804793568949,3443.1931532427084,474.4991970129713,0.03439596063988095,50.797045407738096,3052.257767874306,352.11690448037757,767.4428344592261,65.57871875
2026-02-19 09:00:00+00:00,2423.8950075000002,5460.585385,393.469415,0.0333325,45.83361,4884.231255,221.71169,798.27458,43.23,2167.341725673344,5179.455349421128,419.263426100873,0.04632756925503008,47.01476827635799,5181.015069452724,281.1609601036808,799.1636341140348,45.540751419142545,1055.4804793568949,3443.1931532427084,474.4991970129713,0.03439596063988095,50.797045407738096,3052.257767874306,352.11690448037757,767.4428344592261,65.57871875,1055.4804793568949,3443.1931532427084,474.4991970129713,0.03439596063988095,50.797045407738096,3052.257767874306,352.11690448037757,767.4428344592261,65.57871875
2026-02-19 10:00:00+00:00,2306.865025,5381.0972325,431.4350025,0.0333325,45.83361,4849.6705075,187.23267,798.27458,44.73,2049.3108269116874,5066.7951226010155,434.43569131568125,0.05970781599331487,45.77534280687553,5142.013258949563,230.11449528083037,796.8292540359739,46.972767689433326,1055.4804793568949,3443.1931532427084,474.4991970129713,0.03439596063988095,50.797045407738096,3052.257767874306,352.11690448037757,767.4428344592261,65.57871875,1055.4804793568949,3443.1931532427084,474.4991970129713,0.03439596063988095,50.797045407738096,3052.257767874306,352.11690448037757,767.4428344592261,65.57871875
2026-02-19 11:00:00+00:00,2006.254995,5410.63274,450.59666749999997,0.0333325,45.83361,4752.1825025,335.1363025,798.27458,49.73,2095.808937267586,5033.190961764711,436.4513186257966,0.038997107616294935,46.05111630432272,5106.70399726754,189.19891440364148,802.7237046298139,46.156917527380315,1055.4804793568949,3443.1931532427084,474.4991970129713,0.03439596063988095,50.797045407738096,3052.257767874306,352.11690448037757,767.4428344592261,65.57871875,1055.4804793568949,3443.1931532427084,474.4991970129713,0.03439596063988095,50.797045407738096,3052.257767874306,352.11690448037757,767.4428344592261,65.57871875
2026-02-19 12:00:00+00:00,1838.2733524999999,5318.820877499999,438.9299925,0.1016675,45.83361,4470.5840100000005,170.59013999999996,798.64608,45.73,2048.581125120253,4866.297578457013,458.08056636257885,0.11362158093188404,45.21153788428773,5108.179822321854,157.39098081575233,798.630189965398,46.65496903564163,1055.4804793568949,3443.1931532427084,474.4991970129713,0.03439596063988095,50.797045407738096,3052.257767874306,352.11690448037757,767.4428344592261,65.57871875,1055.4804793568949,3443.1931532427084,474.4991970129713,0.03439596063988095,50.797045407738096,3052.257767874306,352.11690448037757,767.4428344592261,65.57871875
2026-02-19 13:00:00+00:00,1825.3658275,5230.7938325,461.4266675,0.3016675,45.83361,4305.5609075,172.689405,798.64608,43.47999999999999,1828.2436584292645,5004.510832021349,461.0641155486858,0.16901249357824413,46.705086463810126,4613.1862891327,123.17436805940426,799.9432516039212,44.328517203258016,1055.4804793568949,3443.1931532427084,474.4991970129713,0.03439596063988095,50.797045407738096,3052.257767874306,352.11690448037757,767.4428344592261,65.57871875,1055.4804793568949,3443.1931532427084,474.4991970129713,0.03439596063988095,50.797045407738096,3052.257767874306,352.11690448037757,767.4428344592261,65.57871875
2026-02-19 14:00:00+00:00,2238.2316775,5297.370704999999,489.2666675,0.22999999999999998,45.83361,4835.278925,180.42667000000003,798.64608,43.73,1996.8749125797679,4804.0854375853505,464.9535417389426,0.13365478692879368,46.944246778763045,4804.774082230538,147.8034034724919,801.5788374433587,47.89571942146319,1055.4804793568949,3443.1931532427084,474.4991970129713,0.03439596063988095,50.797045407738096,3052.257767874306,352.11690448037757,767.4428344592261,65.57871875,1055.4804793568949,3443.1931532427084,474.4991970129713,0.03439596063988095,50.797045407738096,3052.257767874306,352.11690448037757,767.4428344592261,65.57871875
2026-02-19 15:00:00+00:00,2513.9141775,5405.19362,469.685165,0.135,45.83361,5095.8522649999995,203.54917000000003,799.04458,42.98,2044.3173618282362,5301.8997088412425,454.8038936519729,0.08194947346120504,46.92937756126831,4991.686260247858,273.01913380954807,810.6691324837036,50.33889594610124,1055.4804793568949,3443.1931532427084,474.4991970129713,0.03439596063988095,50.797045407738096,3052.257767874306,352.11690448037757,767.4428344592261,65.57871875,1055.4804793568949,3443.1931532427084,474.4991970129713,0.03439596063988095,50.797045407738096,3052.257767874306,352.11690448037757,767.4428344592261,65.57871875
2026-02-19 16:00:00+00:00,2523.4150075,5476.3622,438.4995025,0.200565,45.83361,5661.8588375,270.4029075,800.21758,43.47999999999999,2354.8969538823253,5291.096650251804,440.56977844850576,0.09549959114804082,46.865461502945074,5786.520801566026,241.3634246711759,809.5043885362874,46.29795284423449,1055.4804793568949,3443.1931532427084,474.4991970129713,0.03439596063988095,50.797045407738096,3052.257767874306,352.11690448037757,767.4428344592261,65.57871875,1055.4804793568949,3443.1931532427084,474.4991970129713,0.03439596063988095,50.797045407738096,3052.257767874306,352.11690448037757,767.4428344592261,65.57871875
2026-02-19 17:00:00+00:00,2524.3900025000003,5485.341147499999,421.0578325,0.0,45.83361,5926.497915,442.44998000000004,800.86308,43.47999999999999,2489.787392248645,4963.913285311235,450.22183276493314,0.04493306902619703,45.759786184626265,5986.189868303132,361.11491095472104,799.7617004584082,45.06525578963111,1055.4804793568949,3443.1931532427084,474.4991970129713,0.03439596063988095,50.797045407738096,3052.257767874306,352.11690448037757,767.4428344592261,65.57871875,1055.4804793568949,3443.1931532427084,474.4991970129713,0.03439596063988095,50.797045407738096,3052.257767874306,352.11690448037757,767.4428344592261,65.57871875
2026-02-19 18:00:00+00:00,2508.56193,5413.32416,433.277265,0.035,45.83361,5816.051625,319.27661250000006,800.86308,44.48,2412.6282087929185,4971.528000555254,454.9713133418022,0.05338553926800217,45.43791111657898,5745.884059391185,249.6838829566235,800.5175323521528,44.92433502852444,1055.4804793568949,3443.1931532427084,474.4991970129713,0.03439596063988095,50.797045407738096,3052.257767874306,352.11690448037757,767.4428344592261,65.57871875,1055.4804793568949,3443.1931532427084,474.4991970129713,0.03439596063988095,50.797045407738096,3052.257767874306,352.11690448037757,767.4428344592261,65.57871875
2026-02-19 19:00:00+00:00,2376.7241525,5412.30437,422.892835,0.0,45.83361,5702.6090975,180.63693999999998,800.86308,43.47999999999999,2136.1326515776123,4869.465667970604,468.61245810737324,0.06965001890913633,45.81487731849744,5688.5825055603345,110.79955870908515,804.9764071467428,43.96907556963981,1055.4804793568949,3443.1931532427084,474.4991970129713,0.03439596063988095,50.797045407738096,3052.257767874306,352.11690448037757,767.4428344592261,65.57871875,1055.4804793568949,3443.1931532427084,474.4991970129713,0.03439596063988095,50.797045407738096,3052.257767874306,352.11690448037757,767.4428344592261,65.57871875
2026-02-19 20:00:00+00:00,2343.3233275,5428.973227500001,407.0661675,0.1,45.83361,5845.4258325,173.69697000000002,800.86308,43.47999999999999,1986.5687811629912,4931.741402362002,456.429998444993,0.08914428042356032,45.73792638126105,5137.988077356086,152.01816634974261,803.5529352561186,42.0622823875827,1055.4804793568949,3443.1931532427084,474.4991970129713,0.03439596063988095,50.797045407738096,3052.257767874306,352.11690448037757,767.4428344592261,65.57871875,1055.4804793568949,3443.1931532427084,474.4991970129713,0.03439596063988095,50.797045407738096,3052.257767874306,352.11690448037757,767.4428344592261,65.57871875
2026-02-19 21:00:00+00:00,2280.0583325,5459.9893675,603.8095,0.1525,45.83361,5701.745095,173.21813749999998,799.55558,44.48,1932.7179587209087,4818.274997547665,492.71197254285687,0.11563515156615845,45.923904559042526,5226.052669026731,134.68657785452504,803.7714961349833,42.346464416518344,1055.4804793568949,3443.1931532427084,474.4991970129713,0.03439596063988095,50.797045407738096,3052.257767874306,352.11690448037757,767.4428344592261,65.57871875,1055.4804793568949,3443.1931532427084,474.4991970129713,0.03439596063988095,50.797045407738096,3052.257767874306,352.11690448037757,767.4428344592261,65.57871875
2026-02-19 22:00:00+00:00,1958.1149875,5424.0909775,586.122,0.1666675,45.83361,5192.3200099999995,174.98847750000002,798.76658,44.48,1967.7227018956023,4665.512256238523,510.0821159834114,0.12411955427020063,46.523566859108136,4990.5785799291625,104.38418911187895,802.6360054708249,41.93861585168582,1055.4804793568949,3443.1931532427084,474.4991970129713,0.03439596063988095,50.797045407738096,3052.257767874306,352.11690448037757,767.4428344592261,65.57871875,1055.4804793568949,3443.1931532427084,474.4991970129713,0.03439596063988095,50.797045407738096,3052.257767874306,352.11690448037757,767.4428344592261,65.57871875
2026-02-19 23:00:00+00:00,1601.58916,5107.86238,431.404165,0.0333325,45.83361,4740.671324999999,168.51044000000002,794.49808,46.17,1861.4200855574377,4398.890295785759,508.282953909796,0.10266711002329212,46.991066261203784,4626.283598453181,118.92273220409157,798.442507185167,38.63616469533146,1055.4804793568949,3443.1931532427084,474.4991970129713,0.03439596063988095,50.797045407738096,3052.257767874306,352.11690448037757,767.4428344592261,65.57871875,1055.4804793568949,3443.1931532427084,474.4991970129713,0.03439596063988095,50.797045407738096,3052.257767874306,352.11690448037757,767.4428344592261,65.57871875
2026-02-20 00:00:00+00:00,1709.490835,4737.26812,427.8299975,0.0316675,45.83361,4489.4433375,173.79594250000002,795.99258,46.17,1881.5896485262583,4481.890545657968,477.3954252654759,0.030916523790832533,46.87936677024628,4502.235891095091,101.41776405637822,798.3433721789764,41.883736910932484,1055.4804793568949,3443.1931532427084,474.4991970129713,0.03439596063988095,50.797045407738096,3052.257767874306,352.11690448037757,767.4428344592261,65.57871875,1055.4804793568949,3443.1931532427084,474.4991970129713,0.03439596063988095,50.797045407738096,3052.257767874306,352.11690448037757,767.4428344592261,65.57871875
2026-02-20 01:00:00+00:00,1595.3149975000001,4718.7528975000005,412.9516675,0.0,45.83361,4457.585585,175.05745000000002,795.70608,46.17,1917.3897023916472,4246.628631187703,451.9314838495661,0.02916222551033207,47.11625285105546,4683.987950374333,121.58415436085167,800.04589489081,42.6029855887074,1055.4804793568949,3443.1931532427084,474.4991970129713,0.03439596063988095,50.797045407738096,3052.257767874306,352.11690448037757,767.4428344592261,65.57871875,1055.4804793568949,3443.1931532427084,474.4991970129713,0.03439596063988095,50.797045407738096,3052.257767874306,352.11690448037757,767.4428344592261,65.57871875
2026-02-20 02:00:00+00:00,1620.7675024999999,4643.66694,408.0725,0.0,45.83361,4415.1574025,173.82094,795.70608,45.17,1787.7602767064454,4328.160600369588,452.6704622412298,0.01903016057437889,47.21972646594112,4673.612502464821,124.85273630198708,799.6344897306731,44.28019557478197,1055.4804793568949,3443.1931532427084,474.4991970129713,0.03439596063988095,50.797045407738096,3052.257767874306,352.11690448037757,767.4428344592261,65.57871875,1055.4804793568949,3443.1931532427084,474.4991970129713,0.03439596063988095,50.797045407738096,3052.257767874306,352.11690448037757,767.4428344592261,65.57871875
2026-02-20 03:00:00+00:00,1655.7641675,4378.6608925,439.4524975,0.1,45.83361,4510.6342525,165.84862999999999,795.70608,44.42,1646.4295554849518,4180.1852540361215,446.25934900424727,0.036133405896595576,47.47759621917451,4726.460213278078,121.3828689078799,801.1298871442164,46.385243533481905,1055.4804793568949,3443.1931532427084,474.4991970129713,0.03439596063988095,50.797045407738096,3052.257767874306,352.11690448037757,767.4428344592261,65.57871875,1055.4804793568949,3443.1931532427084,474.4991970129713,0.03439596063988095,50.797045407738096,3052.257767874306,352.11690448037757,767.4428344592261,65.57871875
2026-02-20 04:00:00+00:00,1576.166665,4425.28357,440.88917000000004,0.16499999999999998,45.83361,5011.655415,166.83170000000004,795.70608,42.42,2131.1623553318886,4336.073453626075,450.25221467479224,0.11668817539411871,45.60002542105151,5137.990731192864,160.84024935980523,804.3605385468536,45.79030360169374,1055.4804793568949,3443.1931532427084,474.4991970129713,0.03439596063988095,50.797045407738096,3052.257767874306,352.11690448037757,767.4428344592261,65.57871875,1055.4804793568949,3443.1931532427084,474.4991970129713,0.03439596063988095,50.797045407738096,3052.257767874306,352.11690448037757,767.4428344592261,65.57871875
2026-02-20 05:00:00+00:00,1964.385205,4670.43745,426.9119525,0.0683325,45.83361,5540.2285925,167.20592,797.12058,40.17,2220.7872637306627,4217.924297983055,456.99876364492553,0.11466238876664123,45.1530522287975,5739.735715152763,165.0842299008622,800.7966534689349,47.004459895653916,1055.4804793568949,3443.1931532427084,474.4991970129713,0.03439596063988095,50.797045407738096,3052.257767874306,352.11690448037757,767.4428344592261,65.57871875,1055.4804793568949,3443.1931532427084,474.4991970129713,0.03439596063988095,50.797045407738096,3052.257767874306,352.11690448037757,767.4428344592261,65.57871875
2026-02-20 06:00:00+00:00,2406.2074975,5307.09324,450.24333249999995,0.07,45.83361,5737.327915,375.95592000000005,799.68308,40.17,2332.334733013855,4611.964589700028,452.8003144348988,0.022988882391029995,45.96528916774481,6300.399253595731,460.6538361480789,799.5748790225381,45.49560234866021,1055.4804793568949,3443.1931532427084,474.4991970129713,0.03439596063988095,50.797045407738096,3052.257767874306,352.11690448037757,767.4428344592261,65.57871875,1055.4804793568949,3443.1931532427084,474.4991970129713,0.03439596063988095,50.797045407738096,3052.257767874306,352.11690448037757,767.4428344592261,65.57871875
2026-02-20 07:00:00+00:00,2446.55664,5500.675175,432.84667,0.0683325,45.83361,5925.574505,587.41057,801.86708,41.17,2413.3992072757173,4761.283635478431,442.6056273883587,0.07378535833628361,45.29178763024263,5946.9306826392585,537.6566775332038,810.5399583303756,45.08993912239463,1055.4804793568949,3443.1931532427084,474.4991970129713,0.03439596063988095,50.797045407738096,3052.257767874306,352.11690448037757,767.4428344592261,65.57871875,1055.4804793568949,3443.1931532427084,474.4991970129713,0.03439596063988095,50.797045407738096,3052.257767874306,352.11690448037757,767.4428344592261,65.57871875
2026-02-20 08:00:00+00:00,2287.47917,5457.9707225,388.77916749999997,0.2,45.83361,6019.486865,798.8652199999999,801.86708,41.17,2336.815846608344,4222.775716297357,441.12714397146937,0.10686351340244885,46.93459996970048,5729.961717978371,528.1255023454901,802.9441205349705,43.46645699618059,1055.4804793568949,3443.1931532427084,474.4991970129713,0.03439596063988095,50.797045407738096,3052.257767874306,352.11690448037757,767.4428344592261,65.57871875,1055.4804793568949,3443.1931532427084,474.4991970129713,0.03439596063988095,50.797045407738096,3052.257767874306,352.11690448037757,767.4428344592261,65.57871875
2026-02-20 09:00:00+00:00,1884.850895,5139.580707499999,375.7620175,0.066665,45.83361,4661.64124,441.41646999999995,801.28108,39.17,1918.8595595107204,4029.2424399963584,431.33811237561883,0.09042994773217539,48.19237345194101,4760.222886853784,349.78698978806904,805.3400015117754,41.64877004495939,1055.4804793568949,3443.1931532427084,474.4991970129713,0.03439596063988095,50.797045407738096,3052.257767874306,352.11690448037757,767.4428344592261,65.57871875,1055.4804793568949,3443.1931532427084,474.4991970129713,0.03439596063988095,50.797045407738096,3052.257767874306,352.11690448037757,767.4428344592261,65.57871875
2026-02-20 10:00:00+00:00,1439.5058275000001,4975.0421774999995,363.456665,0.066665,45.83361,3517.072,497.60397,800.90908,37.17,1666.8748269239347,3924.2399261638125,415.04740535921667,0.07744100646218538,46.623775991132206,4662.385663399853,222.27721496884837,807.3849575281079,38.13949973397792,1055.4804793568949,3443.1931532427084,474.4991970129713,0.03439596063988095,50.797045407738096,3052.257767874306,352.11690448037757,767.4428344592261,65.57871875,1055.4804793568949,3443.1931532427084,474.4991970129713,0.03439596063988095,50.797045407738096,3052.257767874306,352.11690448037757,767.4428344592261,65.57871875
2026-02-20 11:00:00+00:00,1029.1841675,5281.9221525,367.9933325,0.31666500000000003,45.83361,2890.7054175,299.75256750000005,800.90908,38.17,1668.372458185363,3693.728028627912,426.37950796550035,0.1036770670412566,47.310632824187124,4146.39466375347,204.129875613321,807.6541496819078,39.6143389182846,1055.4804793568949,3443.1931532427084,474.4991970129713,0.03439596063988095,50.797045407738096,3052.257767874306,352.11690448037757,767.4428344592261,65.57871875,1055.4804793568949,3443.1931532427084,474.4991970129713,0.03439596063988095,50.797045407738096,3052.257767874306,352.11690448037757,767.4428344592261,65.57871875
2026-02-20 12:00:00+00:00,893.6416675,5357.1658375,365.7466675,0.066665,45.83361,2742.85075,187.51372000000003,801.14258,37.92,1520.1932091712245,3977.7171150438626,412.14332037223795,0.0758169984529303,48.03950814157731,4062.3931472729555,188.87582181073287,805.858727285156,44.27860960907708,1055.4804793568949,3443.1931532427084,474.4991970129713,0.03439596063988095,50.797045407738096,3052.257767874306,352.11690448037757,767.4428344592261,65.57871875,1055.4804793568949,3443.1931532427084,474.4991970129713,0.03439596063988095,50.797045407738096,3052.257767874306,352.11690448037757,767.4428344592261,65.57871875
2026-02-20 13:00:00+00:00,913.47833,5169.703375,392.85583,0.066665,45.83361,2922.3765025000002,265.08343,801.84308,37.17,1518.6854004883562,4046.9515705777762,440.3904990710147,0.07744102645643836,48.15289892378984,3904.018202688927,201.99514949193363,804.8014958427825,47.075855742778465,1055.4804793568949,3443.1931532427084,474.4991970129713,0.03439596063988095,50.797045407738096,3052.257767874306,352.11690448037757,767.4428344592261,65.57871875,1055.4804793568949,3443.1931532427084,474.4991970129713,0.03439596063988095,50.797045407738096,3052.257767874306,352.11690448037757,767.4428344592261,65.57871875
2026-02-20 14:00:00+00:00,978.7333,5154.99517,445.44732,0.0316675,45.83361,3151.9960475,184.59225500000002,801.84308,37.17,1400.8842612636329,3899.7054829086937,423.9037195967906,0.05832464108992094,48.07853706310337,4152.396711096538,281.8782945779191,808.3792001605829,47.37866275382336,1055.4804793568949,3443.1931532427084,474.4991970129713,0.03439596063988095,50.797045407738096,3052.257767874306,352.11690448037757,767.4428344592261,65.57871875,1055.4804793568949,3443.1931532427084,474.4991970129713,0.03439596063988095,50.797045407738096,3052.257767874306,352.11690448037757,767.4428344592261,65.57871875
2026-02-20 15:00:00+00:00,1023.8716675000001,5297.87797,427.92917,0.0333325,45.83361,3769.48466,429.74887,802.24158,36.17,1778.6825009959716,4440.982045849243,471.8917288234517,0.034487535295779095,47.770341460429755,4438.291270397871,352.21262831559574,809.3108433862351,45.83890172884211,1055.4804793568949,3443.1931532427084,474.4991970129713,0.03439596063988095,50.797045407738096,3052.257767874306,352.11690448037757,767.4428344592261,65.57871875,1055.4804793568949,3443.1931532427084,474.4991970129713,0.03439596063988095,50.797045407738096,3052.257767874306,352.11690448037757,767.4428344592261,65.57871875
2026-02-20 16:00:00+00:00,1027.9175,5190.1091,447.85333249999996,0.0333325,45.83361,4365.100005,320.56059500000003,802.96108,36.17,1745.970727439215,4450.6360571263995,483.71885042560353,0.05001753506668908,44.23160522344921,4622.015572372231,509.9421375485739,801.5806027866677,48.016726246039795,1055.4804793568949,3443.1931532427084,474.4991970129713,0.03439596063988095,50.797045407738096,3052.257767874306,352.11690448037757,767.4428344592261,65.57871875,1055.4804793568949,3443.1931532427084,474.4991970129713,0.03439596063988095,50.797045407738096,3052.257767874306,352.11690448037757,767.4428344592261,65.57871875
2026-02-20 17:00:00+00:00,1024.6308325,4816.727924999999,445.9266675,0.0,45.83361,4289.3080025,193.59095000000002,803.60708,36.17,1712.4882557918322,3928.0873160930696,460.1698512856311,0.04046236390035261,46.10250718998449,4341.12511320954,405.5279178454439,801.0539487374932,44.08489038733956,1055.4804793568949,3443.1931532427084,474.4991970129713,0.03439596063988095,50.797045407738096,3052.257767874306,352.11690448037757,767.4428344592261,65.57871875,1055.4804793568949,3443.1931532427084,474.4991970129713,0.03439596063988095,50.797045407738096,3052.257767874306,352.11690448037757,767.4428344592261,65.57871875
2026-02-20 18:00:00+00:00,1016.211665,3787.4827099999998,457.9599975,0.0333325,45.83361,3479.9783375,165.665005,803.60708,36.17,1547.9817151224106,3659.2949065951757,488.3668124678145,0.04057673664268309,45.62855941722356,3926.5078132429057,331.4620276263987,801.5560632330771,38.37148992363756,1055.4804793568949,3443.1931532427084,474.4991970129713,0.03439596063988095,50.797045407738096,3052.257767874306,352.11690448037757,767.4428344592261,65.57871875,1055.4804793568949,3443.1931532427084,474.4991970129713,0.03439596063988095,50.797045407738096,3052.257767874306,352.11690448037757,767.4428344592261,65.57871875
2026-02-20 19:00:00+00:00,853.783335,2375.2228475,568.5266675,0.1,45.83361,3105.5796675,199.83195,803.60708,36.17,1122.5391654101345,3080.9530122797933,506.64071220857954,0.08793723069556306,46.05706666808554,3265.4149912064618,219.30748306774043,803.6379997451746,36.284571724635896,1055.4804793568949,3443.1931532427084,474.4991970129713,0.03439596063988095,50.797045407738096,3052.257767874306,352.11690448037757,767.4428344592261,65.57871875,1055.4804793568949,3443.1931532427084,474.4991970129713,0.03439596063988095,50.797045407738096,3052.257767874306,352.11690448037757,767.4428344592261,65.57871875
2026-02-20 20:00:00+00:00,513.0025,1546.42587,543.3625,0.066665,45.83361,2222.681915,215.26945,803.60708,36.17,754.3183377966947,2380.4842907902066,492.6768542541221,0.10365366423717981,45.7318634949347,2923.514689011273,196.2143347510136,795.9562042020741,39.641133968897094,1055.4804793568949,3443.1931532427084,474.4991970129713,0.03439596063988095,50.797045407738096,3052.257767874306,352.11690448037757,767.4428344592261,65.57871875,1055.4804793568949,3443.1931532427084,474.4991970129713,0.03439596063988095,50.797045407738096,3052.257767874306,352.11690448037757,767.4428344592261,65.57871875
2026-02-20 21:00:00+00:00,365.68583,1141.3639775000001,539.4249975,0.28500000000000003,45.83361,1846.9580875,248.83774,802.29908,35.17,559.8880079683013,1946.3495968827156,503.5868132455938,0.20029374340961,44.922812862216766,2305.327319525305,220.69602053332326,798.4053782290893,39.391629641907215,1055.4804793568949,3443.1931532427084,474.4991970129713,0.03439596063988095,50.797045407738096,3052.257767874306,352.11690448037757,767.4428344592261,65.57871875,1055.4804793568949,3443.1931532427084,474.4991970129713,0.03439596063988095,50.797045407738096,3052.257767874306,352.11690448037757,767.4428344592261,65.57871875
2026-02-20 22:00:00+00:00,339.5200024999999,1146.458205,552.2374975,0.0333325,45.83361,1719.421165,175.14261,801.51008,33.17,402.27772431491553,1542.641816767891,506.836668759756,0.12033419970352463,43.56204286478424,1902.5429124564998,181.04906639630806,798.124737925445,38.21408189830278,1055.4804793568949,3443.1931532427084,474.4991970129713,0.03439596063988095,50.797045407738096,3052.257767874306,352.11690448037757,767.4428344592261,65.57871875,1055.4804793568949,3443.1931532427084,474.4991970129713,0.03439596063988095,50.797045407738096,3052.257767874306,352.11690448037757,767.4428344592261,65.57871875
2026-02-20 23:00:00+00:00,332.46000000000004,1129.9494625000002,549.624165,0.231665,45.83361,1491.3985,172.48544999999996,796.95158,34.02,347.86880331988743,1457.8876933919814,486.8222069026841,0.17208682983350654,43.06059438127422,1518.0317755144263,188.6043612239887,787.6213291752042,39.83833487482575,1055.4804793568949,3443.1931532427084,474.4991970129713,0.03439596063988095,50.797045407738096,3052.257767874306,352.11690448037757,767.4428344592261,65.57871875,1055.4804793568949,3443.1931532427084,474.4991970129713,0.03439596063988095,50.797045407738096,3052.257767874306,352.11690448037757,767.4428344592261,65.57871875
2026-02-21 00:00:00+00:00,331.3316675,1119.217055,597.8941625,0.0333325,45.83361,1461.2627499999999,172.8024975,796.55508,33.73,191.92081505771193,1305.4526791270541,425.28480923925997,0.08936254660739179,42.46905125806548,1409.4543836999358,272.01513981749656,785.2643757492741,42.626327874489306,1055.4804793568949,3443.1931532427084,474.4991970129713,0.03439596063988095,50.797045407738096,3052.257767874306,352.11690448037757,767.4428344592261,65.57871875,1055.4804793568949,3443.1931532427084,474.4991970129713,0.03439596063988095,50.797045407738096,3052.257767874306,352.11690448037757,767.4428344592261,65.57871875
2026-02-21 01:00:00+00:00,330.689165,1123.7185075000002,533.6258325,0.0333325,45.83361,1403.3251675000001,173.75364,796.26808,33.07,137.92437410455216,1257.9100543969612,409.70296051840546,0.0727477199940731,42.244467904258606,1500.2755675150274,204.66180107110173,794.996938955608,39.7012954383368,1055.4804793568949,3443.1931532427084,474.4991970129713,0.03439596063988095,50.797045407738096,3052.257767874306,352.11690448037757,767.4428344592261,65.57871875,1055.4804793568949,3443.1931532427084,474.4991970129713,0.03439596063988095,50.797045407738096,3052.257767874306,352.11690448037757,767.4428344592261,65.57871875
2026-02-21 02:00:00+00:00,331.175835,1119.61663,510.52583000000004,0.0,45.83361,1358.4205825,172.88541,796.26808,31.5075,75.80749207257247,1273.4069393216473,413.5796792162174,0.055959154075515855,41.53459502301716,1330.1313185234458,245.14451087097234,791.0552728940029,40.16513664624554,1055.4804793568949,3443.1931532427084,474.4991970129713,0.03439596063988095,50.797045407738096,3052.257767874306,352.11690448037757,767.4428344592261,65.57871875,1055.4804793568949,3443.1931532427084,474.4991970129713,0.03439596063988095,50.797045407738096,3052.257767874306,352.11690448037757,767.4428344592261,65.57871875
2026-02-21 03:00:00+00:00,332.01666750000004,1126.1283475,554.937495,0.066665,45.83361,1305.42375,165.38359749999998,796.26808,31.15,149.68577131222128,1144.4304238854902,412.0626061341056,0.06104570367948752,42.46230265947534,1380.9087531557495,281.71590871071993,797.1558566523584,43.78554546046209,1055.4804793568949,3443.1931532427084,474.4991970129713,0.03439596063988095,50.797045407738096,3052.257767874306,352.11690448037757,767.4428344592261,65.57871875,1055.4804793568949,3443.1931532427084,474.4991970129713,0.03439596063988095,50.797045407738096,3052.257767874306,352.11690448037757,767.4428344592261,65.57871875
2026-02-21 04:00:00+00:00,336.45000000000005,1122.1466674999997,540.924995,0.0316675,45.83361,1286.9429175,168.68772249999998,796.26808,30.17,177.80064705806956,1493.155104108177,402.69673522667955,0.07694227843967114,43.85987574461939,1465.1250561800725,268.4608929029414,800.6621635142526,42.7788280129462,1055.4804793568949,3443.1931532427084,474.4991970129713,0.03439596063988095,50.797045407738096,3052.257767874306,352.11690448037757,767.4428344592261,65.57871875,1055.4804793568949,3443.1931532427084,474.4991970129713,0.03439596063988095,50.797045407738096,3052.257767874306,352.11690448037757,767.4428344592261,65.57871875
2026-02-21 05:00:00+00:00,337.1291675,1123.3451675000001,462.08250250000003,0.0683325,45.83361,1334.014165,175.13607,796.953955,30.17,165.658022152968,1641.672714524141,386.4772053690863,0.10494364935543737,44.39955928670018,1560.5456398256474,308.49662855200046,794.2119369163759,45.2661983291231,1055.4804793568949,3443.1931532427084,474.4991970129713,0.03439596063988095,50.797045407738096,3052.257767874306,352.11690448037757,767.4428344592261,65.57871875,1055.4804793568949,3443.1931532427084,474.4991970129713,0.03439596063988095,50.797045407738096,3052.257767874306,352.11690448037757,767.4428344592261,65.57871875
2026-02-21 06:00:00+00:00,337.82999500000005,1123.85628,498.64833250000004,0.066665,45.83361,1761.2759975,168.12738249999998,798.77383,30.17,283.06653803209304,1890.4401203190814,429.86980714584627,0.019628467316626305,43.9784163946782,1633.895133087815,334.6046503491199,812.3405283456159,49.429053071193884,1055.4804793568949,3443.1931532427084,474.4991970129713,0.03439596063988095,50.797045407738096,3052.257767874306,352.11690448037757,767.4428344592261,65.57871875,1055.4804793568949,3443.1931532427084,474.4991970129713,0.03439596063988095,50.797045407738096,3052.257767874306,352.11690448037757,767.4428344592261,65.57871875
2026-02-21 07:00:00+00:00,464.37249999999995,1124.0520524999997,561.631665,0.0333325,45.83361,1795.808425,176.86126999999996,800.6614549999999,30.17,429.72208297458906,2239.651328632223,459.2643171040884,0.13481775794976067,41.9758372593906,1842.010846242036,381.24614276158377,793.0090874048669,46.642712788908256,1055.4804793568949,3443.1931532427084,474.4991970129713,0.03439596063988095,50.797045407738096,3052.257767874306,352.11690448037757,767.4428344592261,65.57871875,1055.4804793568949,3443.1931532427084,474.4991970129713,0.03439596063988095,50.797045407738096,3052.257767874306,352.11690448037757,767.4428344592261,65.57871875
2026-02-21 08:00:00+00:00,402.20750250000003,1141.6470024999999,539.248335,0.0633325,45.83361,1819.859495,176.81127,800.57483,30.17,450.2881536220211,2422.820786465205,472.99556945167706,0.12671474802636284,40.264360673167694,1900.7651985828384,399.3162390318071,781.9464014717437,47.59657418736356,1055.4804793568949,3443.1931532427084,474.4991970129713,0.03439596063988095,50.797045407738096,3052.257767874306,352.11690448037757,767.4428344592261,65.57871875,1055.4804793568949,3443.1931532427084,474.4991970129713,0.03439596063988095,50.797045407738096,3052.257767874306,352.11690448037757,767.4428344592261,65.57871875
2026-02-21 09:00:00+00:00,335.00333249999994,1139.3493924999998,546.1641675,0.4533324999999999,45.83361,1692.37175,176.57415999999998,800.094205,30.17,437.4965287138008,2348.4298318999936,465.0344348133046,0.1222168749940607,39.35758931727485,1919.7446353920238,288.05177574652083,782.239409326971,50.256262218497696,1055.4804793568949,3443.1931532427084,474.4991970129713,0.03439596063988095,50.797045407738096,3052.257767874306,352.11690448037757,767.4428344592261,65.57871875,1055.4804793568949,3443.1931532427084,474.4991970129713,0.03439596063988095,50.797045407738096,3052.257767874306,352.11690448037757,767.4428344592261,65.57871875
2026-02-21 10:00:00+00:00,334.91916749999996,1142.90238,540.5458325,0.1333325,45.83361,1312.9052474999999,643.64346,800.18708,30.17,492.4547283883318,2292.6782376319165,473.0727926634697,0.11633848509268202,40.07040525853506,1943.6110117193748,269.8452237147837,790.2348873384993,51.91403628977655,1055.4804793568949,3443.1931532427084,474.4991970129713,0.03439596063988095,50.797045407738096,3052.257767874306,352.11690448037757,767.4428344592261,65.57871875,1055.4804793568949,3443.1931532427084,474.4991970129713,0.03439596063988095,50.797045407738096,3052.257767874306,352.11690448037757,767.4428344592261,65.57871875
2026-02-21 11:00:00+00:00,335.3642575,1145.7210799999998,552.90933,0.41505749999999997,45.83361,1526.4300825,454.809145,800.18708,30.17,348.59417150697334,2162.1081037800386,480.46189438311075,0.12614588734491042,42.45392621254286,1555.7820967000575,217.6848827275309,779.4759450704997,50.0834050764712,1055.4804793568949,3443.1931532427084,474.4991970129713,0.03439596063988095,50.797045407738096,3052.257767874306,352.11690448037757,767.4428344592261,65.57871875,1055.4804793568949,3443.1931532427084,474.4991970129713,0.03439596063988095,50.797045407738096,3052.257767874306,352.11690448037757,767.4428344592261,65.57871875
2026-02-21 12:00:00+00:00,335.14726999999993,1440.773545,527.2756525,0.033445,45.83361,1462.746085,170.17,800.18708,30.17,380.71134405432156,2035.0122191469193,486.1103489354604,0.1427224191976743,41.69585299797863,1585.652370594711,238.08483419744488,787.2339399874508,49.45316589120162,1055.4804793568949,3443.1931532427084,474.4991970129713,0.03439596063988095,50.797045407738096,3052.257767874306,352.11690448037757,767.4428344592261,65.57871875,1055.4804793568949,3443.1931532427084,474.4991970129713,0.03439596063988095,50.797045407738096,3052.257767874306,352.11690448037757,767.4428344592261,65.57871875
2026-02-21 13:00:00+00:00,485.29999999999995,2104.753595,524.48833,0.065,45.83361,1601.41175,170.927845,800.18708,31.17,403.60283660483867,2098.577989208713,489.5132380300342,0.13833888533898206,41.9644671271603,1599.1531440646804,203.0151104696206,789.3026140542237,49.104258764373185,1055.4804793568949,3443.1931532427084,474.4991970129713,0.03439596063988095,50.797045407738096,3052.257767874306,352.11690448037757,767.4428344592261,65.57871875,1055.4804793568949,3443.1931532427084,474.4991970129713,0.03439596063988095,50.797045407738096,3052.257767874306,352.11690448037757,767.4428344592261,65.57871875
2026-02-21 14:00:00+00:00,647.66587,2241.359335,549.0364075,0.1633325,45.83361,1669.86673,351.77344500000004,800.18708,33.67,486.16823609350433,2282.518734845213,485.71812824427263,0.1546887286407336,42.55549535502737,1717.4663115331878,261.95564319987267,798.8491893852618,48.92400570789631,1055.4804793568949,3443.1931532427084,474.4991970129713,0.03439596063988095,50.797045407738096,3052.257767874306,352.11690448037757,767.4428344592261,65.57871875,1055.4804793568949,3443.1931532427084,474.4991970129713,0.03439596063988095,50.797045407738096,3052.257767874306,352.11690448037757,767.4428344592261,65.57871875
2026-02-21 15:00:00+00:00,757.14,2490.8294775,554.9774975,0.1033325,45.83361,1869.14325,762.1972099999999,800.28408,34.17,665.015876748249,2847.9929704257734,489.59780172035363,0.09431325336853247,45.314886451740485,1991.3688383393987,404.70488241776195,807.8600222609315,51.4076004115773,1055.4804793568949,3443.1931532427084,474.4991970129713,0.03439596063988095,50.797045407738096,3052.257767874306,352.11690448037757,767.4428344592261,65.57871875,1055.4804793568949,3443.1931532427084,474.4991970129713,0.03439596063988095,50.797045407738096,3052.257767874306,352.11690448037757,767.4428344592261,65.57871875
2026-02-21 16:00:00+00:00,742.2954500000001,2473.424065,548.92678,0.0333325,45.83361,2210.87607,1124.929955,800.90308,34.17,1046.053665690166,3100.795455268005,477.95446554631656,0.09094000629598306,46.138766508434855,2174.916559248466,778.9364564567883,828.912649164448,50.64437448274518,1055.4804793568949,3443.1931532427084,474.4991970129713,0.03439596063988095,50.797045407738096,3052.257767874306,352.11690448037757,767.4428344592261,65.57871875,1055.4804793568949,3443.1931532427084,474.4991970129713,0.03439596063988095,50.797045407738096,3052.257767874306,352.11690448037757,767.4428344592261,65.57871875
2026-02-21 17:00:00+00:00,741.8236449999999,2535.371125,544.56457,0.0,45.83361,2261.66757,1487.6627,801.54858,34.78,1093.7120719967554,3026.121341478687,498.2178173005146,0.04960334875952345,46.773267161637335,2150.125515962261,957.5024907275972,801.0067736222176,50.03169069681395,1055.4804793568949,3443.1931532427084,474.4991970129713,0.03439596063988095,50.797045407738096,3052.257767874306,352.11690448037757,767.4428344592261,65.57871875,1055.4804793568949,3443.1931532427084,474.4991970129713,0.03439596063988095,50.797045407738096,3052.257767874306,352.11690448037757,767.4428344592261,65.57871875
2026-02-21 18:00:00+00:00,739.4925,2537.01916,508.644165,0.066665,45.83361,2228.05275,1496.6493550000002,800.65708,34.9,1151.1033055727748,3056.1590417880834,478.9966894169599,0.09428853194464576,45.62595496602901,2409.7441713926414,580.0140197169256,800.4723005491792,49.80156029039611,1055.4804793568949,3443.1931532427084,474.4991970129713,0.03439596063988095,50.797045407738096,3052.257767874306,352.11690448037757,767.4428344592261,65.57871875,1055.4804793568949,3443.1931532427084,474.4991970129713,0.03439596063988095,50.797045407738096,3052.257767874306,352.11690448037757,767.4428344592261,65.57871875
2026-02-21 19:00:00+00:00,739.231665,2536.32316,506.1808325,0.066665,45.83361,1954.9051675,1389.8002725000001,800.65708,34.72,978.3213842669824,2933.948225634831,492.090193995861,0.11960594328102689,47.245203902586454,2038.8304647434668,467.5538463234125,797.188573484644,47.221247429169395,1055.4804793568949,3443.1931532427084,474.4991970129713,0.03439596063988095,50.797045407738096,3052.257767874306,352.11690448037757,767.4428344592261,65.57871875,1055.4804793568949,3443.1931532427084,474.4991970129713,0.03439596063988095,50.797045407738096,3052.257767874306,352.11690448037757,767.4428344592261,65.57871875
2026-02-21 20:00:00+00:00,739.253335,2397.571715,492.8108275,0.335,45.83361,1856.4260825000001,265.97830999999996,800.65708,35.66,843.405804780452,2515.0456219830144,500.73940417759906,0.13193827766367525,45.90899763402234,1795.068855959993,367.6927976662876,794.2325158390684,48.837269542571946,1055.4804793568949,3443.1931532427084,474.4991970129713,0.03439596063988095,50.797045407738096,3052.257767874306,352.11690448037757,767.4428344592261,65.57871875,1055.4804793568949,3443.1931532427084,474.4991970129713,0.03439596063988095,50.797045407738096,3052.257767874306,352.11690448037757,767.4428344592261,65.57871875
2026-02-21 21:00:00+00:00,553.285835,1918.486785,511.6408275,0.25,45.83361,1790.93725,525.7084925,799.34958,35.9,477.3155549773936,2141.1934792678976,508.1695258875218,0.1501083781796326,47.208369921832585,1699.7270024757524,371.4986876694612,795.3603378515278,46.9308298799494,1055.4804793568949,3443.1931532427084,474.4991970129713,0.03439596063988095,50.797045407738096,3052.257767874306,352.11690448037757,767.4428344592261,65.57871875,1055.4804793568949,3443.1931532427084,474.4991970129713,0.03439596063988095,50.797045407738096,3052.257767874306,352.11690448037757,767.4428344592261,65.57871875
2026-02-21 22:00:00+00:00,85.89083500000004,1638.85764,490.02083,0.0333325,45.83361,1855.3579175,337.90154,797.87833,35.56,473.2980862725324,1825.359255501916,483.2210543660254,0.13025598427183688,47.362340978893116,1141.5837964725015,306.75850607874327,794.8015229859406,45.73124085186153,1055.4804793568949,3443.1931532427084,474.4991970129713,0.03439596063988095,50.797045407738096,3052.257767874306,352.11690448037757,767.4428344592261,65.57871875,1055.4804793568949,3443.1931532427084,474.4991970129713,0.03439596063988095,50.797045407738096,3052.257767874306,352.11690448037757,767.4428344592261,65.57871875
2026-02-21 23:00:00+00:00,73.91833250000002,1589.6515449999997,534.895835,0.268335,45.83361,1750.0379975,211.10351,790.81558,36.55,331.67270192492845,1467.4471318969352,481.66042182819746,0.0802272072161569,47.46467152105439,1083.8565797254646,209.00314434626958,776.2248741389946,47.97310156485993,1055.4804793568949,3443.1931532427084,474.4991970129713,0.03439596063988095,50.797045407738096,3052.257767874306,352.11690448037757,767.4428344592261,65.57871875,1055.4804793568949,3443.1931532427084,474.4991970129713,0.03439596063988095,50.797045407738096,3052.257767874306,352.11690448037757,767.4428344592261,65.57871875
2026-02-22 00:00:00+00:00,68.07499749999988,1213.127595,513.0791675,0.235,45.83361,1569.1467499999999,178.66093,790.14308,32.67,234.68895282723247,1352.4187163838392,478.13448595348933,0.07175499481299821,45.73029747865094,1102.0459533117014,210.81079677046296,779.7392141083426,44.89207242706691,1055.4804793568949,3443.1931532427084,474.4991970129713,0.03439596063988095,50.797045407738096,3052.257767874306,352.11690448037757,767.4428344592261,65.57871875,1055.4804793568949,3443.1931532427084,474.4991970129713,0.03439596063988095,50.797045407738096,3052.257767874306,352.11690448037757,767.4428344592261,65.57871875
2026-02-22 01:00:00+00:00,67.7641675000001,1205.304545,512.953335,0.066665,45.83361,1612.6030825,305.08069,789.85658,33.17,139.6163730760719,1342.0423800433641,488.04457884516773,0.03198615121478119,45.21382900217634,1126.9723967541752,192.37252411902017,769.5465419516743,47.249841839577755,1055.4804793568949,3443.1931532427084,474.4991970129713,0.03439596063988095,50.797045407738096,3052.257767874306,352.11690448037757,767.4428344592261,65.57871875,1055.4804793568949,3443.1931532427084,474.4991970129713,0.03439596063988095,50.797045407738096,3052.257767874306,352.11690448037757,767.4428344592261,65.57871875
2026-02-22 02:00:00+00:00,67.82000249999999,1203.6117100000001,521.4583325,0.0,45.83361,1509.3954175,179.53906,789.85658,30.67,199.09428831650575,1399.5840133947252,508.9751265147373,0.03365556674100175,44.896957189101975,1247.4165380003478,164.34206569087854,776.0313385794936,45.13685537042595,1055.4804793568949,3443.1931532427084,474.4991970129713,0.03439596063988095,50.797045407738096,3052.257767874306,352.11690448037757,767.4428344592261,65.57871875,1055.4804793568949,3443.1931532427084,474.4991970129713,0.03439596063988095,50.797045407738096,3052.257767874306,352.11690448037757,767.4428344592261,65.57871875
2026-02-22 03:00:00+00:00,69.15833250000003,1214.161095,553.0283325,0.0333325,45.83361,1623.0565,179.5323775,789.85658,29.17,232.94974276694938,1347.498713146194,499.3655021460624,0.04974376391809758,42.84265162100096,1224.6399477647099,184.30530187028137,780.1267664445436,43.84580264662925,1055.4804793568949,3443.1931532427084,474.4991970129713,0.03439596063988095,50.797045407738096,3052.257767874306,352.11690448037757,767.4428344592261,65.57871875,1055.4804793568949,3443.1931532427084,474.4991970129713,0.03439596063988095,50.797045407738096,3052.257767874306,352.11690448037757,767.4428344592261,65.57871875
2026-02-22 04:00:00+00:00,70.10083250000014,1204.0257500000002,583.1641625,0.0333325,45.83361,1608.8701675,179.51233,789.97858,29.17,241.0735546677961,1550.0275977264066,518.539558851937,0.04518447843292119,42.59316243341203,1148.9612522617676,169.79038039180674,783.7455348869246,43.9970519222459,1055.4804793568949,3443.1931532427084,474.4991970129713,0.03439596063988095,50.797045407738096,3052.257767874306,352.11690448037757,767.4428344592261,65.57871875,1055.4804793568949,3443.1931532427084,474.4991970129713,0.03439596063988095,50.797045407738096,3052.257767874306,352.11690448037757,767.4428344592261,65.57871875
2026-02-22 05:00:00+00:00,70.72583250000002,1205.7661199999998,549.99333,0.0,45.83361,1530.540415,178.72825,792.42808,29.17,207.7522920102358,1585.7701796112424,520.6077042968935,0.09028063638286034,39.04705155242625,1134.9792502186715,183.0956848462688,776.8148582757432,48.03943124892858,1055.4804793568949,3443.1931532427084,474.4991970129713,0.03439596063988095,50.797045407738096,3052.257767874306,352.11690448037757,767.4428344592261,65.57871875,1055.4804793568949,3443.1931532427084,474.4991970129713,0.03439596063988095,50.797045407738096,3052.257767874306,352.11690448037757,767.4428344592261,65.57871875
2026-02-22 06:00:00+00:00,74.17833250000012,1214.8984674999997,536.3566675,0.0,45.83361,1560.9844175,181.02000999999998,795.66558,29.17,87.44541963885354,1391.1592042806592,486.3682627459207,0.03319383914803542,41.95107840340584,908.85472342599,292.8517182062889,779.866985029793,54.44167421083028,1055.4804793568949,3443.1931532427084,474.4991970129713,0.03439596063988095,50.797045407738096,3052.257767874306,352.11690448037757,767.4428344592261,65.57871875,1055.4804793568949,3443.1931532427084,474.4991970129713,0.03439596063988095,50.797045407738096,3052.257767874306,352.11690448037757,767.4428344592261,65.57871875
2026-02-22 07:00:00+00:00,75.75560500000006,1203.8810049999997,545.34705,0.0,45.83361,1518.904595,181.69516,797.84958,29.17,80.11990677777317,1177.8903453812145,505.7350745700047,0.0682227461169087,44.05448862328645,888.0813703163562,324.95512691065267,782.3947961886121,52.55039791894251,1055.4804793568949,3443.1931532427084,474.4991970129713,0.03439596063988095,50.797045407738096,3052.257767874306,352.11690448037757,767.4428344592261,65.57871875,1055.4804793568949,3443.1931532427084,474.4991970129713,0.03439596063988095,50.797045407738096,3052.257767874306,352.11690448037757,767.4428344592261,65.57871875
2026-02-22 08:00:00+00:00,78.19083000000012,1200.4037600000001,501.056665,0.0333325,45.83361,1539.2059175,181.757035,797.84958,29.17,34.4956248197509,1153.727484982664,495.7350470879425,0.09718495432839636,44.956002228998045,944.4274535238333,329.0616315093103,783.4252953593933,50.376522902269016,1055.4804793568949,3443.1931532427084,474.4991970129713,0.03439596063988095,50.797045407738096,3052.257767874306,352.11690448037757,767.4428344592261,65.57871875,1055.4804793568949,3443.1931532427084,474.4991970129713,0.03439596063988095,50.797045407738096,3052.257767874306,352.11690448037757,767.4428344592261,65.57871875
2026-02-22 09:00:00+00:00,77.22000000000003,1202.0098825,520.139165,0.09999750000000002,45.83361,1555.5476675,182.402515,797.26358,29.17,39.57463663809676,1227.2686763249308,503.40665427762093,0.1030346103922217,44.495540877884125,848.5204035270153,315.42021213912784,766.8747308077984,53.86769933804794,1055.4804793568949,3443.1931532427084,474.4991970129713,0.03439596063988095,50.797045407738096,3052.257767874306,352.11690448037757,767.4428344592261,65.57871875,1055.4804793568949,3443.1931532427084,474.4991970129713,0.03439596063988095,50.797045407738096,3052.257767874306,352.11690448037757,767.4428344592261,65.57871875
2026-02-22 10:00:00+00:00,75.20000000000005,1207.0602724999999,490.229995,0.1333325,45.83361,1517.5130824999999,218.20036,797.26358,29.17,27.905313823080405,1246.5322532650089,505.5457182178378,0.12424888795699912,43.996064569336234,684.4068963584405,220.81744338676947,772.5558078880101,54.904429068004504,1055.4804793568949,3443.1931532427084,474.4991970129713,0.03439596063988095,50.797045407738096,3052.257767874306,352.11690448037757,767.4428344592261,65.57871875,1055.4804793568949,3443.1931532427084,474.4991970129713,0.03439596063988095,50.797045407738096,3052.257767874306,352.11690448037757,767.4428344592261,65.57871875
2026-02-22 11:00:00+00:00,75.40166750000003,1220.7164399999997,517.28417,0.0333325,45.83361,1395.054665,183.65239,796.98983,29.67,19.03506840167779,1165.0436611554092,490.7189700022027,0.14684959331296357,40.31690858975991,791.9840991615993,206.92967672282597,762.8621797592126,56.117952225151576,1055.4804793568949,3443.1931532427084,474.4991970129713,0.03439596063988095,50.797045407738096,3052.257767874306,352.11690448037757,767.4428344592261,65.57871875,1055.4804793568949,3443.1931532427084,474.4991970129713,0.03439596063988095,50.797045407738096,3052.257767874306,352.11690448037757,767.4428344592261,65.57871875
2026-02-22 12:00:00+00:00,73.26083500000004,1231.259615,539.0649975,0.15000000000000002,45.83361,1389.3683350000001,177.15246,796.16858,29.17,14.390391056917679,1059.8360038865994,485.9996637995834,0.14041040778890537,41.985239801790016,847.4462039820319,240.13402457946538,756.2384227301642,52.995655449340774,1055.4804793568949,3443.1931532427084,474.4991970129713,0.03439596063988095,50.797045407738096,3052.257767874306,352.11690448037757,767.4428344592261,65.57871875,1055.4804793568949,3443.1931532427084,474.4991970129713,0.03439596063988095,50.797045407738096,3052.257767874306,352.11690448037757,767.4428344592261,65.57871875
2026-02-22 13:00:00+00:00,71.86916499999995,1211.3235574999999,537.4583299999999,0.2666675,45.83361,1386.56325,176.83368,796.16858,29.17,10.348146802561132,1225.031454222822,407.7881892272802,0.19591353993522717,40.41513105695545,884.487025239755,239.93601233368904,756.7066378885804,53.02296786869013,1055.4804793568949,3443.1931532427084,474.4991970129713,0.03439596063988095,50.797045407738096,3052.257767874306,352.11690448037757,767.4428344592261,65.57871875,1055.4804793568949,3443.1931532427084,474.4991970129713,0.03439596063988095,50.797045407738096,3052.257767874306,352.11690448037757,767.4428344592261,65.57871875
2026-02-22 14:00:00+00:00,71.78167000000008,1174.8484924999998,525.4200050000001,0.13333250000000002,45.83361,1382.0346675,199.4389,796.16858,29.92,34.943440628113535,1279.6151189529296,404.26954714331947,0.1446466087008387,42.49118915263928,895.4289528531053,311.03169786050876,771.4925475463863,52.52125417014672,1055.4804793568949,3443.1931532427084,474.4991970129713,0.03439596063988095,50.797045407738096,3052.257767874306,352.11690448037757,767.4428344592261,65.57871875,1055.4804793568949,3443.1931532427084,474.4991970129713,0.03439596063988095,50.797045407738096,3052.257767874306,352.11690448037757,767.4428344592261,65.57871875
2026-02-22 15:00:00+00:00,72.493335,1176.7435975000003,488.83583250000004,0.1333325,45.83361,1420.0739174999999,198.68040000000002,796.16858,30.17,84.78489165394649,1293.9323581769527,433.3780635156359,0.10752016439913928,41.49171314194196,1205.3923263869247,469.84418229041137,774.3813407413611,52.64746408940698,1055.4804793568949,3443.1931532427084,474.4991970129713,0.03439596063988095,50.797045407738096,3052.257767874306,352.11690448037757,767.4428344592261,65.57871875,1055.4804793568949,3443.1931532427084,474.4991970129713,0.03439596063988095,50.797045407738096,3052.257767874306,352.11690448037757,767.4428344592261,65.57871875
2026-02-22 16:00:00+00:00,73.45666749999998,1179.2502625000002,487.95,0.13333250000000002,45.83361,1667.4225000000001,833.04738,796.88808,32.06,124.10129652514911,1560.723015442137,504.01315158662925,0.09780437864631356,42.0108495301471,1417.2202560975657,737.813149163843,785.2641106729636,51.75766115904113,1055.4804793568949,3443.1931532427084,474.4991970129713,0.03439596063988095,50.797045407738096,3052.257767874306,352.11690448037757,767.4428344592261,65.57871875,1055.4804793568949,3443.1931532427084,474.4991970129713,0.03439596063988095,50.797045407738096,3052.257767874306,352.11690448037757,767.4428344592261,65.57871875
2026-02-22 17:00:00+00:00,73.62666500000012,1172.0909275,473.4266725,0.0333325,45.83361,1831.999165,808.0328466666666,797.53358,32.35,162.58646701534622,1761.7723670136058,516.857259686418,0.0497793244087138,39.919627683498746,1578.5792606263956,823.2624686222581,782.8081168559692,47.87807176685679,1055.4804793568949,3443.1931532427084,474.4991970129713,0.03439596063988095,50.797045407738096,3052.257767874306,352.11690448037757,767.4428344592261,65.57871875,1055.4804793568949,3443.1931532427084,474.4991970129713,0.03439596063988095,50.797045407738096,3052.257767874306,352.11690448037757,767.4428344592261,65.57871875
2026-02-22 18:00:00+00:00,72.44083249999994,1160.6945675000002,505.79833499999995,0.0,45.83361,1669.980835,783.0183133333333,797.53358,32.17,249.21401133390714,2010.306183658087,528.0140358425085,0.0703328118042362,43.05756162834556,1669.3428590979906,605.1816534360473,788.6221276346648,47.63511246898834,1055.4804793568949,3443.1931532427084,474.4991970129713,0.03439596063988095,50.797045407738096,3052.257767874306,352.11690448037757,767.4428344592261,65.57871875,1055.4804793568949,3443.1931532427084,474.4991970129713,0.03439596063988095,50.797045407738096,3052.257767874306,352.11690448037757,767.4428344592261,65.57871875
2026-02-22 19:00:00+00:00,71.78750000000002,1170.14712,495.905,0.1516675,45.83361,1650.9476675,758.0037799999998,797.53358,31.5,215.76881043872595,1670.0082436826583,510.078016224969,0.1129854532048136,43.69263147382079,1539.2247672492242,277.8335814631542,790.4612764677527,49.13096898094659,1055.4804793568949,3443.1931532427084,474.4991970129713,0.03439596063988095,50.797045407738096,3052.257767874306,352.11690448037757,767.4428344592261,65.57871875,1055.4804793568949,3443.1931532427084,474.4991970129713,0.03439596063988095,50.797045407738096,3052.257767874306,352.11690448037757,767.4428344592261,65.57871875
2026-02-22 20:00:00+00:00,71.81583249999994,1152.8003000000003,532.6083325,0.065,45.83361,1667.988585,321.72203,797.53358,33.42,277.0073401001174,1954.5074845546167,511.15932283958125,0.1040487873502482,44.078983640976574,1512.3691692465381,201.94958096003052,777.2514581744272,48.63812109527814,1055.4804793568949,3443.1931532427084,474.4991970129713,0.03439596063988095,50.797045407738096,3052.257767874306,352.11690448037757,767.4428344592261,65.57871875,1055.4804793568949,3443.1931532427084,474.4991970129713,0.03439596063988095,50.797045407738096,3052.257767874306,352.11690448037757,767.4428344592261,65.57871875
2026-02-22 21:00:00+00:00,71.41379749999999,1147.8188175,542.8821075000001,0.16677750000000002,45.83361,1636.7095825000001,367.409395,795.40458,33.92,247.1068166850406,1632.4695557320788,507.1971552633831,0.12887959676738175,44.49432359275497,1445.7682629486044,200.71734624222992,785.9387146002108,49.31872758356765,1055.4804793568949,3443.1931532427084,474.4991970129713,0.03439596063988095,50.797045407738096,3052.257767874306,352.11690448037757,767.4428344592261,65.57871875,1055.4804793568949,3443.1931532427084,474.4991970129713,0.03439596063988095,50.797045407738096,3052.257767874306,352.11690448037757,767.4428344592261,65.57871875
2026-02-22 22:00:00+00:00,66.24667,1132.264685,531.0124975,0.25166499999999997,45.83361,1328.1478325,182.38423999999998,794.16258,35.17,151.97039591703538,1643.2662162353593,506.8112346385074,0.14631724148111436,43.70731272885664,1271.4414860018796,181.86570570845808,789.6960551353843,51.399899517663265,1055.4804793568949,3443.1931532427084,474.4991970129713,0.03439596063988095,50.797045407738096,3052.257767874306,352.11690448037757,767.4428344592261,65.57871875,1055.4804793568949,3443.1931532427084,474.4991970129713,0.03439596063988095,50.797045407738096,3052.257767874306,352.11690448037757,767.4428344592261,65.57871875
2026-02-22 23:00:00+00:00,102.2700000000001,1151.2203949999998,515.982495,0.0333325,45.83361,1261.0586675,214.79957500000003,789.68908,36.21,204.05829794694296,1393.5439483772857,496.48967111295156,0.10183114448849659,45.08585382311121,1366.8914654261985,148.41124762315926,779.5788613660601,48.17207435250807,1055.4804793568949,3443.1931532427084,474.4991970129713,0.03439596063988095,50.797045407738096,3052.257767874306,352.11690448037757,767.4428344592261,65.57871875,1055.4804793568949,3443.1931532427084,474.4991970129713,0.03439596063988095,50.797045407738096,3052.257767874306,352.11690448037757,767.4428344592261,65.57871875
2026-02-23 00:00:00+00:00,195.4698524999999,1128.91019,523.2482675,0.1017825,45.83361,1271.61661,253.7500175,786.20408,36.21,288.89711844088424,1313.2892794043632,506.1509002066548,0.08086346081296046,43.938358716170505,1219.8770061870623,148.85921872629999,768.7713568531678,46.21967645762984,1055.4804793568949,3443.1931532427084,474.4991970129713,0.03439596063988095,50.797045407738096,3052.257767874306,352.11690448037757,767.4428344592261,65.57871875,1055.4804793568949,3443.1931532427084,474.4991970129713,0.03439596063988095,50.797045407738096,3052.257767874306,352.11690448037757,767.4428344592261,65.57871875
2026-02-23 01:00:00+00:00,373.82416749999993,1152.5401350000002,527.0983349999999,0.101665,45.83361,1224.2845025,183.07771,785.91708,36.21,316.3758130638207,1327.8078062433246,496.5666614397892,0.0495952003681543,46.26635918801093,1301.7537609704295,213.5323720085706,762.6663821542355,50.16363657668764,1055.4804793568949,3443.1931532427084,474.4991970129713,0.03439596063988095,50.797045407738096,3052.257767874306,352.11690448037757,767.4428344592261,65.57871875,1055.4804793568949,3443.1931532427084,474.4991970129713,0.03439596063988095,50.797045407738096,3052.257767874306,352.11690448037757,767.4428344592261,65.57871875
2026-02-23 02:00:00+00:00,473.6174975,1143.1934649999998,563.3891625,0.1316675,45.83361,1222.077415,184.58803,785.91708,35.21,353.58081584865783,1287.625115736505,498.6227038809927,0.01200848678035981,46.578526190138206,1255.873199970233,174.15866234122262,775.4265102928339,46.296191848578665,1055.4804793568949,3443.1931532427084,474.4991970129713,0.03439596063988095,50.797045407738096,3052.257767874306,352.11690448037757,767.4428344592261,65.57871875,1055.4804793568949,3443.1931532427084,474.4991970129713,0.03439596063988095,50.797045407738096,3052.257767874306,352.11690448037757,767.4428344592261,65.57871875
2026-02-23 03:00:00+00:00,490.66858249999996,1141.1293675000002,579.2088475,0.035,45.83361,1232.9061725000001,194.42795,785.91708,38.04,322.1528192285498,1456.0089961766944,493.58389262596535,0.028698230070556822,46.43781327586844,1633.757179534269,162.52710087138598,778.923889151877,46.372077346292386,1055.4804793568949,3443.1931532427084,474.4991970129713,0.03439596063988095,50.797045407738096,3052.257767874306,352.11690448037757,767.4428344592261,65.57871875,1055.4804793568949,3443.1931532427084,474.4991970129713,0.03439596063988095,50.797045407738096,3052.257767874306,352.11690448037757,767.4428344592261,65.57871875
2026-02-23 04:00:00+00:00,490.7758325,1144.5882375,531.3158324999999,0.066665,45.83361,1394.5841675,196.31771,785.91708,39.13,317.57506659351645,1798.8796999784454,453.4624627174242,0.039418447880040106,46.48783264748565,1917.6462860862953,192.49868800234066,788.4693088474469,43.02295036721179,1055.4804793568949,3443.1931532427084,474.4991970129713,0.03439596063988095,50.797045407738096,3052.257767874306,352.11690448037757,767.4428344592261,65.57871875,1055.4804793568949,3443.1931532427084,474.4991970129713,0.03439596063988095,50.797045407738096,3052.257767874306,352.11690448037757,767.4428344592261,65.57871875
2026-02-23 05:00:00+00:00,670.545,1424.36783,507.02916500000003,0.3358325,45.83361,1799.4209150000002,183.93567,788.24408,40.9,544.5272351099127,2162.887771563181,460.56562258026474,0.1207089252218731,46.5342084993018,2395.37869461688,200.8149957078703,790.9688881286619,41.887316378503954,1055.4804793568949,3443.1931532427084,474.4991970129713,0.03439596063988095,50.797045407738096,3052.257767874306,352.11690448037757,767.4428344592261,65.57871875,1055.4804793568949,3443.1931532427084,474.4991970129713,0.03439596063988095,50.797045407738096,3052.257767874306,352.11690448037757,767.4428344592261,65.57871875
2026-02-23 06:00:00+00:00,844.18,1669.3948275,445.2316725,0.098335,45.83361,1959.7664175,576.80836,791.48208,40.22,752.1931990051646,2415.932346700213,446.1662856876114,0.04616162562060301,48.16192923374394,2882.3775026486396,565.4088414761987,809.9847927543523,42.65353554245754,1055.4804793568949,3443.1931532427084,474.4991970129713,0.03439596063988095,50.797045407738096,3052.257767874306,352.11690448037757,767.4428344592261,65.57871875,1055.4804793568949,3443.1931532427084,474.4991970129713,0.03439596063988095,50.797045407738096,3052.257767874306,352.11690448037757,767.4428344592261,65.57871875
2026-02-23 07:00:00+00:00,794.2249975,1921.1508625000001,450.1441675,0.035,45.83361,2048.7815,1323.53136,792.92258,42.19,640.3686929144255,2385.054341040377,456.0117814426463,0.04990920565093987,46.76871129610382,2646.3431730793604,544.429269633018,822.0957438064701,41.91715615043107,1055.4804793568949,3443.1931532427084,474.4991970129713,0.03439596063988095,50.797045407738096,3052.257767874306,352.11690448037757,767.4428344592261,65.57871875,1055.4804793568949,3443.1931532427084,474.4991970129713,0.03439596063988095,50.797045407738096,3052.257767874306,352.11690448037757,767.4428344592261,65.57871875
2026-02-23 08:00:00+00:00,735.2225025,1780.0952074999998,527.8720000000001,0.166665,45.83361,2028.8548349999999,941.0813599999999,792.92258,42.24,503.23647904750146,2148.9467966703387,468.657728068604,0.04858749699706562,45.30344423698607,2581.7572253198073,347.54559079840914,798.9996270664936,44.86926803398734,1055.4804793568949,3443.1931532427084,474.4991970129713,0.03439596063988095,50.797045407738096,3052.257767874306,352.11690448037757,767.4428344592261,65.57871875,1055.4804793568949,3443.1931532427084,474.4991970129713,0.03439596063988095,50.797045407738096,3052.257767874306,352.11690448037757,767.4428344592261,65.57871875
2026-02-23 09:00:00+00:00,435.55500000000006,1275.4114275000002,525.4179975,0.101665,45.83361,1728.8025,251.36886000000004,792.33658,42.32,507.43251125152597,2031.8543486069016,484.44975017585,0.12838041710935086,39.814018738843224,2451.2293691430527,253.69239671386046,762.887108467343,41.708419792720726,1055.4804793568949,3443.1931532427084,474.4991970129713,0.03439596063988095,50.797045407738096,3052.257767874306,352.11690448037757,767.4428344592261,65.57871875,1055.4804793568949,3443.1931532427084,474.4991970129713,0.03439596063988095,50.797045407738096,3052.257767874306,352.11690448037757,767.4428344592261,65.57871875
2026-02-23 10:00:00+00:00,342.978335,1181.2499325000003,467.05708500000003,0.065,45.83361,1518.81925,267.84992,792.33658,41.28999999999999,360.16128797738725,1491.1746503351892,461.4082378143106,0.10178141876233424,37.05168685227457,1927.814193806091,364.5786969089797,765.7992764901699,44.979651336293614,1055.4804793568949,3443.1931532427084,474.4991970129713,0.03439596063988095,50.797045407738096,3052.257767874306,352.11690448037757,767.4428344592261,65.57871875,1055.4804793568949,3443.1931532427084,474.4991970129713,0.03439596063988095,50.797045407738096,3052.257767874306,352.11690448037757,767.4428344592261,65.57871875
2026-02-23 11:00:00+00:00,340.2358325,1143.2442975,519.309415,0.0683325,45.83361,1497.128665,277.4195725,792.33658,41.04,321.84357803128455,1419.0260603588154,461.0837853074545,0.15310094053766735,37.4965860527529,1687.7104828930208,237.92851456353765,764.381741691971,46.25619885213005,1055.4804793568949,3443.1931532427084,474.4991970129713,0.03439596063988095,50.797045407738096,3052.257767874306,352.11690448037757,767.4428344592261,65.57871875,1055.4804793568949,3443.1931532427084,474.4991970129713,0.03439596063988095,50.797045407738096,3052.257767874306,352.11690448037757,767.4428344592261,65.57871875
2026-02-23 12:00:00+00:00,345.18916749999994,1182.04727,514.6434175,0.0333325,45.83361,1475.7631675,180.45486,792.33658,42.28999999999999,227.3319223735266,1371.805138876041,465.63074554275585,0.15694045738177972,34.410925464235476,1536.3576547253474,317.7657532717091,753.4261174812634,44.836609213530025,1055.4804793568949,3443.1931532427084,474.4991970129713,0.03439596063988095,50.797045407738096,3052.257767874306,352.11690448037757,767.4428344592261,65.57871875,1055.4804793568949,3443.1931532427084,474.4991970129713,0.03439596063988095,50.797045407738096,3052.257767874306,352.11690448037757,767.4428344592261,65.57871875
2026-02-23 13:00:00+00:00,363.96583499999997,1203.384955,492.082915,0.0,45.83361,1468.661415,180.45486,792.33658,42.04,305.02820880050547,1268.1745502339922,453.4470656211183,0.1077763727131679,34.61657472887674,1329.0676514715235,239.80724939662818,756.8787637526299,43.461325398794266,1055.4804793568949,3443.1931532427084,474.4991970129713,0.03439596063988095,50.797045407738096,3052.257767874306,352.11690448037757,767.4428344592261,65.57871875,1055.4804793568949,3443.1931532427084,474.4991970129713,0.03439596063988095,50.797045407738096,3052.257767874306,352.11690448037757,767.4428344592261,65.57871875
2026-02-23 14:00:00+00:00,421.37215749999996,1457.0501199999999,481.04706749999997,0.0333325,45.83361,1503.4144450000001,179.82200250000002,792.33658,42.05,273.45384017906133,1374.1928340644567,480.3000413020227,0.1537919559662372,40.8164660105987,1604.0447513381414,284.1391752711131,770.5412172955748,47.563465753784314,1055.4804793568949,3443.1931532427084,474.4991970129713,0.03439596063988095,50.797045407738096,3052.257767874306,352.11690448037757,767.4428344592261,65.57871875,1055.4804793568949,3443.1931532427084,474.4991970129713,0.03439596063988095,50.797045407738096,3052.257767874306,352.11690448037757,767.4428344592261,65.57871875
2026-02-23 15:00:00+00:00,581.8433325000001,2439.8660925,537.36725,0.1633325,45.83361,1845.0608325,184.66093,792.33658,43.61,493.2652436991001,2000.3035940270613,487.15929007673293,0.09167266753378485,49.35893667058225,2176.908190877038,500.1940076785637,790.6825156425282,46.54923330166871,1055.4804793568949,3443.1931532427084,474.4991970129713,0.03439596063988095,50.797045407738096,3052.257767874306,352.11690448037757,767.4428344592261,65.57871875,1055.4804793568949,3443.1931532427084,474.4991970129713,0.03439596063988095,50.797045407738096,3052.257767874306,352.11690448037757,767.4428344592261,65.57871875
2026-02-23 16:00:00+00:00,902.1333325,3195.63924,534.16725,0.2366675,45.83361,1926.4546675,196.55989499999998,793.50958,45.09,780.3537635718313,2869.571005858307,486.1824942395153,0.03496348283007071,47.495910998206725,2987.6170457786657,709.65247730427,823.9754885298865,48.56777670811988,1055.4804793568949,3443.1931532427084,474.4991970129713,0.03439596063988095,50.797045407738096,3052.257767874306,352.11690448037757,767.4428344592261,65.57871875,1055.4804793568949,3443.1931532427084,474.4991970129713,0.03439596063988095,50.797045407738096,3052.257767874306,352.11690448037757,767.4428344592261,65.57871875
2026-02-23 17:00:00+00:00,912.39583,3602.2933375000002,523.7764175,0.0316675,45.83361,2170.7204150000002,377.23298000000005,794.15508,48.04,786.9451877374964,2936.3700331834175,472.5131272167883,0.010396287780775008,46.63431667578284,3157.3939114339573,865.6550346303834,799.1105689831328,44.49427609619427,1055.4804793568949,3443.1931532427084,474.4991970129713,0.03439596063988095,50.797045407738096,3052.257767874306,352.11690448037757,767.4428344592261,65.57871875,1055.4804793568949,3443.1931532427084,474.4991970129713,0.03439596063988095,50.797045407738096,3052.257767874306,352.11690448037757,767.4428344592261,65.57871875
2026-02-23 18:00:00+00:00,912.8341625,3598.72402,521.8002524999999,0.0333325,45.83361,2232.7818325,210.0368775,794.15508,50.68,673.4895350035742,3034.2981846614375,482.8458973033938,0.05302604861158558,45.638119755134305,3329.686680883585,512.5565446015584,782.2202412889559,47.645986651445774,1055.4804793568949,3443.1931532427084,474.4991970129713,0.03439596063988095,50.797045407738096,3052.257767874306,352.11690448037757,767.4428344592261,65.57871875,1055.4804793568949,3443.1931532427084,474.4991970129713,0.03439596063988095,50.797045407738096,3052.257767874306,352.11690448037757,767.4428344592261,65.57871875
2026-02-23 19:00:00+00:00,845.12167,3414.5195675,565.2149975,0.065,45.83361,2024.6473325000002,190.12592,794.15508,49.44,681.494009575473,2576.4210724341274,487.8431746031167,0.08576686167404819,46.90549716361819,2727.8531807023746,372.0791896741843,790.6987826815928,44.82127928023291,1055.4804793568949,3443.1931532427084,474.4991970129713,0.03439596063988095,50.797045407738096,3052.257767874306,352.11690448037757,767.4428344592261,65.57871875,1055.4804793568949,3443.1931532427084,474.4991970129713,0.03439596063988095,50.797045407738096,3052.257767874306,352.11690448037757,767.4428344592261,65.57871875
2026-02-23 20:00:00+00:00,822.2641649999999,3343.26443,572.0135775,0.0333325,45.83361,2178.2894175,180.52841999999995,794.15508,47.6,678.5535473119546,2558.066428135822,490.3891649306694,0.08696689090067872,47.07338111121261,2654.9652918559423,232.28038586720675,787.122863985418,47.11653427110233,1055.4804793568949,3443.1931532427084,474.4991970129713,0.03439596063988095,50.797045407738096,3052.257767874306,352.11690448037757,767.4428344592261,65.57871875,1055.4804793568949,3443.1931532427084,474.4991970129713,0.03439596063988095,50.797045407738096,3052.257767874306,352.11690448037757,767.4428344592261,65.57871875
2026-02-23 21:00:00+00:00,817.1616675,3448.1050475,529.5296625,0.101665,45.83361,2155.57375,206.922815,792.84758,52.25,770.5732617033901,2942.323977334917,496.72574611177726,0.11730366637945083,46.70862024644964,2662.047553725798,217.0881891805363,784.8576381029147,46.98423803596374,1055.4804793568949,3443.1931532427084,474.4991970129713,0.03439596063988095,50.797045407738096,3052.257767874306,352.11690448037757,767.4428344592261,65.57871875,1055.4804793568949,3443.1931532427084,474.4991970129713,0.03439596063988095,50.797045407738096,3052.257767874306,352.11690448037757,767.4428344592261,65.57871875
2026-02-23 22:00:00+00:00,791.86667,3451.9153075,531.6577525,0.0666675,45.83361,2117.2501675,177.471,792.05858,52.68,736.2298257635393,2914.18711804765,504.7753002663133,0.12080766658273931,48.863947028973726,2354.0458194319435,179.50369053276194,800.6934175656178,44.17503215068519,1055.4804793568949,3443.1931532427084,474.4991970129713,0.03439596063988095,50.797045407738096,3052.257767874306,352.11690448037757,767.4428344592261,65.57871875,1055.4804793568949,3443.1931532427084,474.4991970129713,0.03439596063988095,50.797045407738096,3052.257767874306,352.11690448037757,767.4428344592261,65.57871875
2026-02-23 23:00:00+00:00,781.295835,3800.9449375,591.5226675,0.1666675,45.83361,2165.6568325,265.86392,786.926455,53.03,934.2697279494503,2948.8029966684235,499.46795086326586,0.12796196251718955,49.356541489479035,2452.6076645213047,182.6690412671201,797.9093748990211,46.912813154811644,1055.4804793568949,3443.1931532427084,474.4991970129713,0.03439596063988095,50.797045407738096,3052.257767874306,352.11690448037757,767.4428344592261,65.57871875,1055.4804793568949,3443.1931532427084,474.4991970129713,0.03439596063988095,50.797045407738096,3052.257767874306,352.11690448037757,767.4428344592261,65.57871875
2026-02-24 00:00:00+00:00,782.868415,3943.606605,556.683035,0.06521750000000001,45.83361,2262.739305,370.94081500000004,786.63858,52.03,889.0589908084548,3261.217030415351,472.6564988644546,0.057226192412335765,47.78188473796887,2364.092750594448,194.42823229838416,775.2951286260053,51.07088722972468,1055.4804793568949,3443.1931532427084,474.4991970129713,0.03439596063988095,50.797045407738096,3052.257767874306,352.11690448037757,767.4428344592261,65.57871875,1055.4804793568949,3443.1931532427084,474.4991970129713,0.03439596063988095,50.797045407738096,3052.257767874306,352.11690448037757,767.4428344592261,65.57871875
2026-02-24 01:00:00+00:00,775.582295,4099.5471325,544.248525,0.1016675,45.83361,2451.5522899999996,333.069,786.35158,52.03,1155.867232485616,3814.4128791297708,467.3609646926309,0.05106660834369675,47.95797702503967,2853.825021539065,207.15407656640986,774.7947901531619,52.35189644676918,1055.4804793568949,3443.1931532427084,474.4991970129713,0.03439596063988095,50.797045407738096,3052.257767874306,352.11690448037757,767.4428344592261,65.57871875,1055.4804793568949,3443.1931532427084,474.4991970129713,0.03439596063988095,50.797045407738096,3052.257767874306,352.11690448037757,767.4428344592261,65.57871875
2026-02-24 02:00:00+00:00,928.2592675000001,4114.22565,543.3785875,0.035,45.83361,2982.2193325,218.88142,786.35158,52.03,1436.4201268177349,4007.5567512609205,464.68417326876096,0.028689716585394053,48.54014118593965,3164.9438169011382,167.59543130870242,778.27495113675,52.03971149657376,1055.4804793568949,3443.1931532427084,474.4991970129713,0.03439596063988095,50.797045407738096,3052.257767874306,352.11690448037757,767.4428344592261,65.57871875,1055.4804793568949,3443.1931532427084,474.4991970129713,0.03439596063988095,50.797045407738096,3052.257767874306,352.11690448037757,767.4428344592261,65.57871875
2026-02-24 03:00:00+00:00,1135.87306,4115.6874,547.9140425,0.0333325,45.83361,4220.27687,218.69831500000004,786.35158,49.07,1544.5816252331156,4278.629161171297,486.37946361376123,0.03484444311135021,48.33038746795549,3266.163330895591,159.53766415423854,780.6300063945475,51.712792835796655,1055.4804793568949,3443.1931532427084,474.4991970129713,0.03439596063988095,50.797045407738096,3052.257767874306,352.11690448037757,767.4428344592261,65.57871875,1055.4804793568949,3443.1931532427084,474.4991970129713,0.03439596063988095,50.797045407738096,3052.257767874306,352.11690448037757,767.4428344592261,65.57871875
2026-02-24 04:00:00+00:00,1519.252595,4107.445885,560.0723725,0.066665,45.83361,4785.9590474999995,219.31900000000002,786.35158,51.57,1757.395210924565,4540.078183020731,495.8214835886816,0.08966683824556113,47.619199158237436,4041.3530072712015,195.96543998523947,781.9064180802893,57.19523785416903,1055.4804793568949,3443.1931532427084,474.4991970129713,0.03439596063988095,50.797045407738096,3052.257767874306,352.11690448037757,767.4428344592261,65.57871875,1055.4804793568949,3443.1931532427084,474.4991970129713,0.03439596063988095,50.797045407738096,3052.257767874306,352.11690448037757,767.4428344592261,65.57871875
2026-02-24 05:00:00+00:00,2082.92082,4615.329785,494.7595,0.066665,45.83361,6048.6503675,298.95642,788.67858,50.22,2121.024430849052,4439.402097925683,486.6204947125295,0.20067145518132845,48.15226011893283,6491.260229831749,413.0506172618324,783.3976482925844,52.816120700034844,1055.4804793568949,3443.1931532427084,474.4991970129713,0.03439596063988095,50.797045407738096,3052.257767874306,352.11690448037757,767.4428344592261,65.57871875,1055.4804793568949,3443.1931532427084,474.4991970129713,0.03439596063988095,50.797045407738096,3052.257767874306,352.11690448037757,767.4428344592261,65.57871875
2026-02-24 06:00:00+00:00,2364.6399925,5098.8040525,542.7210825,0.066665,45.83361,6670.697425,1190.9064199999998,791.91658,51.59,2116.2814523414763,4888.484761381829,487.2667180143387,0.03165255068120992,48.89386459867784,6523.3571941895525,734.055630133116,807.4464571659879,66.41689700807233,1055.4804793568949,3443.1931532427084,474.4991970129713,0.03439596063988095,50.797045407738096,3052.257767874306,352.11690448037757,767.4428344592261,65.57871875,1055.4804793568949,3443.1931532427084,474.4991970129713,0.03439596063988095,50.797045407738096,3052.257767874306,352.11690448037757,767.4428344592261,65.57871875
2026-02-24 07:00:00+00:00,2446.119185,5364.9104225,573.9945825,0.0,45.83361,6689.893005,970.2076549999999,793.35708,59.72,2177.529191698078,5047.423071470608,435.3933944702069,0.021999231702883912,49.16815625732752,7174.717710829233,806.8287218287172,815.4553995398928,69.35635417984375,1055.4804793568949,3443.1931532427084,474.4991970129713,0.03439596063988095,50.797045407738096,3052.257767874306,352.11690448037757,767.4428344592261,65.57871875,1055.4804793568949,3443.1931532427084,474.4991970129713,0.03439596063988095,50.797045407738096,3052.257767874306,352.11690448037757,767.4428344592261,65.57871875
2026-02-24 08:00:00+00:00,2432.1791475,5398.75851,524.856335,0.1316675,45.83361,6898.759814999999,749.5088900000001,793.35708,62.4,1980.3336778138791,4881.422418472405,426.18673811706765,0.06802759111146978,49.82521172628883,7095.972358731478,510.89143724428254,792.4811455916048,70.52026160804976,1055.4804793568949,3443.1931532427084,474.4991970129713,0.03439596063988095,50.797045407738096,3052.257767874306,352.11690448037757,767.4428344592261,65.57871875,1055.4804793568949,3443.1931532427084,474.4991970129713,0.03439596063988095,50.797045407738096,3052.257767874306,352.11690448037757,767.4428344592261,65.57871875
2026-02-24 09:00:00+00:00,2380.1025,5412.1092,513.82108,0.2,45.83361,6998.2584025,200.10136,792.77108,61.5,2254.2800736532154,4400.383326953697,474.0957133187695,0.05306831754915274,48.73313192474759,7363.089517203884,295.0294890824739,782.7405068423599,66.90566555323193,1055.4804793568949,3443.1931532427084,474.4991970129713,0.03439596063988095,50.797045407738096,3052.257767874306,352.11690448037757,767.4428344592261,65.57871875,1055.4804793568949,3443.1931532427084,474.4991970129713,0.03439596063988095,50.797045407738096,3052.257767874306,352.11690448037757,767.4428344592261,65.57871875
2026-02-24 10:00:00+00:00,2177.693365,5438.01432,431.863835,0.066665,45.83361,6707.7384925,289.26885999999996,792.77108,61.54,2247.4785665947156,4689.2498395137645,484.7297175996714,0.07170130511682907,47.67591193102842,6870.363366446549,277.1088865001636,784.1255361042868,68.62013744211481,1055.4804793568949,3443.1931532427084,474.4991970129713,0.03439596063988095,50.797045407738096,3052.257767874306,352.11690448037757,767.4428344592261,65.57871875,1055.4804793568949,3443.1931532427084,474.4991970129713,0.03439596063988095,50.797045407738096,3052.257767874306,352.11690448037757,767.4428344592261,65.57871875
2026-02-24 11:00:00+00:00,2037.1483425000001,5397.168212500001,429.0393325,0.0683325,45.83361,6508.9666625,180.64011,792.77108,60.7,2023.8466164570405,4737.071715057133,456.8575352306202,0.06762427355471103,45.719072565760314,6978.627423778673,227.19887614364268,776.4775991077984,67.68512219038303,1055.4804793568949,3443.1931532427084,474.4991970129713,0.03439596063988095,50.797045407738096,3052.257767874306,352.11690448037757,767.4428344592261,65.57871875,1055.4804793568949,3443.1931532427084,474.4991970129713,0.03439596063988095,50.797045407738096,3052.257767874306,352.11690448037757,767.4428344592261,65.57871875
2026-02-24 12:00:00+00:00,2146.38164,5385.0608925,448.0783225,0.0333325,45.83361,6601.714895,212.01636000000002,792.77108,50.76,1841.6558626241654,4734.916596696336,466.2060961020582,0.05062010748120143,43.37388118122949,6793.183916444772,223.99517368585458,771.7913104398185,67.52812527463632,1055.4804793568949,3443.1931532427084,474.4991970129713,0.03439596063988095,50.797045407738096,3052.257767874306,352.11690448037757,767.4428344592261,65.57871875,1055.4804793568949,3443.1931532427084,474.4991970129713,0.03439596063988095,50.797045407738096,3052.257767874306,352.11690448037757,767.4428344592261,65.57871875
2026-02-24 13:00:00+00:00,2161.862495,5385.366275,437.189505,0.09833250000000002,45.83361,6669.723515,180.51636000000002,792.77108,60.1,1795.9259089092816,4953.270837459799,452.1398479880869,0.06723550857313129,42.13702953077209,6471.418703161393,202.1592444025305,770.7632752131664,68.9648561974829,1055.4804793568949,3443.1931532427084,474.4991970129713,0.03439596063988095,50.797045407738096,3052.257767874306,352.11690448037757,767.4428344592261,65.57871875,1055.4804793568949,3443.1931532427084,474.4991970129713,0.03439596063988095,50.797045407738096,3052.257767874306,352.11690448037757,767.4428344592261,65.57871875
2026-02-24 14:00:00+00:00,2305.8466475,5409.676925,470.04825,0.09833250000000002,45.83361,6800.41467,368.64386,792.77108,63.34,1855.3810902438418,4875.977618620515,476.2794161566065,0.07221502163785398,43.58657074181453,6726.751121487565,359.7687611362077,786.0802025000472,68.53118084100616,1055.4804793568949,3443.1931532427084,474.4991970129713,0.03439596063988095,50.797045407738096,3052.257767874306,352.11690448037757,767.4428344592261,65.57871875,1055.4804793568949,3443.1931532427084,474.4991970129713,0.03439596063988095,50.797045407738096,3052.257767874306,352.11690448037757,767.4428344592261,65.57871875
2026-02-24 15:00:00+00:00,2437.850835,5733.149435,502.3375025,0.19833499999999998,45.83361,6872.702745,463.18636000000004,792.77108,54.1,1813.2262092671062,5106.84736099573,494.2924207925558,0.06443709456122848,44.26149986734497,7237.150259598162,686.3438872863088,792.095927053474,68.9259431823103,1055.4804793568949,3443.1931532427084,474.4991970129713,0.03439596063988095,50.797045407738096,3052.257767874306,352.11690448037757,767.4428344592261,65.57871875,1055.4804793568949,3443.1931532427084,474.4991970129713,0.03439596063988095,50.797045407738096,3052.257767874306,352.11690448037757,767.4428344592261,65.57871875
2026-02-24 16:00:00+00:00,2394.3500075,5793.4587125,508.064835,0.066665,45.83361,7406.99597,1367.9301099999998,793.94408,60.1,1781.0527959624026,5449.066578110783,533.4131285991065,0.044424062733623315,42.97514302650433,7542.44885859693,1114.2068901256243,819.9703761878171,73.26742841106554,1055.4804793568949,3443.1931532427084,474.4991970129713,0.03439596063988095,50.797045407738096,3052.257767874306,352.11690448037757,767.4428344592261,65.57871875,1055.4804793568949,3443.1931532427084,474.4991970129713,0.03439596063988095,50.797045407738096,3052.257767874306,352.11690448037757,767.4428344592261,65.57871875
2026-02-24 17:00:00+00:00,2426.449685,5787.2940425,555.189675,0.0333325,45.83361,7771.121859999999,1307.6201099999998,794.58958,60.6,1977.7659705548385,5169.166494259154,568.8427202472775,0.036816399100107845,44.12313480693536,7630.0836424065,1179.2938702311317,783.7118247975392,69.9789276462417,1055.4804793568949,3443.1931532427084,474.4991970129713,0.03439596063988095,50.797045407738096,3052.257767874306,352.11690448037757,767.4428344592261,65.57871875,1055.4804793568949,3443.1931532427084,474.4991970129713,0.03439596063988095,50.797045407738096,3052.257767874306,352.11690448037757,767.4428344592261,65.57871875
2026-02-24 18:00:00+00:00,2427.4333225,5799.7948275,529.7228299999999,0.0,45.83361,7352.690672499999,1247.31011,794.58958,60.1,2075.320829253162,5018.070190074405,552.2298950666017,0.09090728056227709,43.92385982242698,7767.588873586787,876.9974345196173,787.7434011166366,68.6309200354225,1055.4804793568949,3443.1931532427084,474.4991970129713,0.03439596063988095,50.797045407738096,3052.257767874306,352.11690448037757,767.4428344592261,65.57871875,1055.4804793568949,3443.1931532427084,474.4991970129713,0.03439596063988095,50.797045407738096,3052.257767874306,352.11690448037757,767.4428344592261,65.57871875
2026-02-24 19:00:00+00:00,2360.310835,5519.452789999999,539.2206675,0.19833,45.83361,6951.1702700000005,636.81136,794.58958,54.35,2160.845774324136,4841.53257044153,523.2024360317133,0.11991988552252686,46.78799210899022,7350.378654372958,675.9016995129157,789.664549098172,70.18633410582149,1055.4804793568949,3443.1931532427084,474.4991970129713,0.03439596063988095,50.797045407738096,3052.257767874306,352.11690448037757,767.4428344592261,65.57871875,1055.4804793568949,3443.1931532427084,474.4991970129713,0.03439596063988095,50.797045407738096,3052.257767874306,352.11690448037757,767.4428344592261,65.57871875
2026-02-24 20:00:00+00:00,2089.9808375000002,5063.9998125,530.0791675,0.098335,45.83361,6907.07524,516.86136,794.58958,51.85,1931.8540896110044,4728.206918170424,482.8939531243284,0.11740632775862417,48.68982501092672,6790.171220574838,492.46519579282244,787.0592549253205,67.64130858146808,1055.4804793568949,3443.1931532427084,474.4991970129713,0.03439596063988095,50.797045407738096,3052.257767874306,352.11690448037757,767.4428344592261,65.57871875,1055.4804793568949,3443.1931532427084,474.4991970129713,0.03439596063988095,50.797045407738096,3052.257767874306,352.11690448037757,767.4428344592261,65.57871875
2026-02-24 21:00:00+00:00,1876.984995,4790.2966475,523.8478325,0.065,45.83361,6838.15376,478.33757249999996,793.28208,51.6,1863.498160257378,4910.2748848931615,546.5313294972206,0.159067313689328,47.818052718777636,6305.303691859142,314.18197053342726,783.1671436800694,68.80594378322814,1055.4804793568949,3443.1931532427084,474.4991970129713,0.03439596063988095,50.797045407738096,3052.257767874306,352.11690448037757,767.4428344592261,65.57871875,1055.4804793568949,3443.1931532427084,474.4991970129713,0.03439596063988095,50.797045407738096,3052.257767874306,352.11690448037757,767.4428344592261,65.57871875
2026-02-24 22:00:00+00:00,1835.543345,4446.281815,487.586995,0.065,45.83361,6513.6516,368.94871,792.49308,51.6,1922.7971893093852,4824.982860080472,546.7186628632022,0.13359053273061916,48.481747700967475,5940.13216200391,198.34680825845592,785.1069646481014,66.24388120276438,1055.4804793568949,3443.1931532427084,474.4991970129713,0.03439596063988095,50.797045407738096,3052.257767874306,352.11690448037757,767.4428344592261,65.57871875,1055.4804793568949,3443.1931532427084,474.4991970129713,0.03439596063988095,50.797045407738096,3052.257767874306,352.11690448037757,767.4428344592261,65.57871875
2026-02-24 23:00:00+00:00,1834.0316524999998,4403.1192275,545.117665,0.19666749999999997,45.83361,5660.5056675,209.01886000000002,787.03508,55.6,1770.4176738282026,4616.496342373311,490.6848244048771,0.1352157133520892,48.38352264577995,5772.641181138236,157.19619237682772,783.3196133389775,68.14354982251433,1055.4804793568949,3443.1931532427084,474.4991970129713,0.03439596063988095,50.797045407738096,3052.257767874306,352.11690448037757,767.4428344592261,65.57871875,1055.4804793568949,3443.1931532427084,474.4991970129713,0.03439596063988095,50.797045407738096,3052.257767874306,352.11690448037757,767.4428344592261,65.57871875
2026-02-25 00:00:00+00:00,1829.6649975,4402.6976575,515.9048375,0.0,45.83361,5661.5533275,189.68507250000002,787.14758,55.6,1701.6225807496626,4469.549244726893,526.7921710262119,0.06223857404473825,49.24683182488006,5047.8563592658575,167.1237975326068,774.5717260924407,68.27336470872773,1055.4804793568949,3443.1931532427084,474.4991970129713,0.03439596063988095,50.797045407738096,3052.257767874306,352.11690448037757,767.4428344592261,65.57871875,1055.4804793568949,3443.1931532427084,474.4991970129713,0.03439596063988095,50.797045407738096,3052.257767874306,352.11690448037757,767.4428344592261,65.57871875
2026-02-25 01:00:00+00:00,1830.0816599999998,4395.281545,495.09208,0.231665,45.83361,5636.949007499999,180.64621,786.86058,55.6,1684.5802565207186,4545.0067466897635,518.3033877070023,0.05552016354337046,47.4373033171512,5178.511014235994,171.75863392632013,776.4740747066901,61.79496425231598,1055.4804793568949,3443.1931532427084,474.4991970129713,0.03439596063988095,50.797045407738096,3052.257767874306,352.11690448037757,767.4428344592261,65.57871875,1055.4804793568949,3443.1931532427084,474.4991970129713,0.03439596063988095,50.797045407738096,3052.257767874306,352.11690448037757,767.4428344592261,65.57871875
2026-02-25 02:00:00+00:00,1835.497495,4391.0630925,472.9084975,0.065,45.83361,5674.0976725,189.35317500000002,786.86058,55.6,1603.4868453029162,4591.149622905262,480.20844724593513,0.031615043495606,47.56760863648617,4937.456441795983,172.28015989329285,774.505528518331,64.42342084021848,1055.4804793568949,3443.1931532427084,474.4991970129713,0.03439596063988095,50.797045407738096,3052.257767874306,352.11690448037757,767.4428344592261,65.57871875,1055.4804793568949,3443.1931532427084,474.4991970129713,0.03439596063988095,50.797045407738096,3052.257767874306,352.11690448037757,767.4428344592261,65.57871875
2026-02-25 03:00:00+00:00,1836.2749925,4379.50512,509.29283250000003,0.0,45.83361,5684.5732525,241.1457875,786.86058,56.1,1543.7558175750842,4657.590471295077,536.3388071058845,0.06665634373527071,47.45674997163648,5200.654315726393,240.17479319180032,775.4004151107316,63.08931913099641,1055.4804793568949,3443.1931532427084,474.4991970129713,0.03439596063988095,50.797045407738096,3052.257767874306,352.11690448037757,767.4428344592261,65.57871875,1055.4804793568949,3443.1931532427084,474.4991970129713,0.03439596063988095,50.797045407738096,3052.257767874306,352.11690448037757,767.4428344592261,65.57871875
2026-02-25 04:00:00+00:00,1926.5133449999998,4327.0929025,513.2619125,0.066665,45.83361,5739.665315,408.76729,786.86058,57.6,1651.2417166318378,4749.954083041316,529.8214500473447,0.13684272737022699,46.03075704443772,5977.945390481897,240.57566956153624,774.6855618716312,62.69234184835392,1055.4804793568949,3443.1931532427084,474.4991970129713,0.03439596063988095,50.797045407738096,3052.257767874306,352.11690448037757,767.4428344592261,65.57871875,1055.4804793568949,3443.1931532427084,474.4991970129713,0.03439596063988095,50.797045407738096,3052.257767874306,352.11690448037757,767.4428344592261,65.57871875
2026-02-25 05:00:00+00:00,1892.4608349999999,4244.5103575,476.56942000000004,0.065,45.83361,6117.3881625,689.94362,789.18808,57.6,1959.1991211585562,4639.330866220331,523.2953551364412,0.18845671296129443,46.72748010351174,6749.151594088216,380.3283132798512,775.2822805509153,65.08579930139409,1055.4804793568949,3443.1931532427084,474.4991970129713,0.03439596063988095,50.797045407738096,3052.257767874306,352.11690448037757,767.4428344592261,65.57871875,1055.4804793568949,3443.1931532427084,474.4991970129713,0.03439596063988095,50.797045407738096,3052.257767874306,352.11690448037757,767.4428344592261,65.57871875
2026-02-25 06:00:00+00:00,1798.6574875000001,4262.93552,593.09075,0.0333325,45.83361,6182.893155,905.19612,792.42608,57.6,2130.6110509209566,5122.283869263265,517.7313916626881,0.05038039835848293,48.564439105475465,6811.890199371526,993.5840842747167,797.0419178867684,73.90657198377934,1055.4804793568949,3443.1931532427084,474.4991970129713,0.03439596063988095,50.797045407738096,3052.257767874306,352.11690448037757,767.4428344592261,65.57871875,1055.4804793568949,3443.1931532427084,474.4991970129713,0.03439596063988095,50.797045407738096,3052.257767874306,352.11690448037757,767.4428344592261,65.57871875
2026-02-25 07:00:00+00:00,1754.6658400000001,4302.9496775,489.143995,0.0333325,45.83361,5937.9796750000005,477.46112000000005,793.86608,57.6,2154.2323389088406,4929.953225090083,506.33072188577415,0.07291923411603123,47.90778607688189,6467.320659987717,687.9536308267088,790.1164108889559,72.92616831925427,1055.4804793568949,3443.1931532427084,474.4991970129713,0.03439596063988095,50.797045407738096,3052.257767874306,352.11690448037757,767.4428344592261,65.57871875,1055.4804793568949,3443.1931532427084,474.4991970129713,0.03439596063988095,50.797045407738096,3052.257767874306,352.11690448037757,767.4428344592261,65.57871875
2026-02-25 08:00:00+00:00,1372.0275,4313.5534375,437.31667,0.39583250000000003,45.83361,5782.8609075,246.08612,793.86608,57.6,2180.045340195677,4820.063604671238,487.1487190401692,0.10251518194709291,48.48388442679826,5782.9559338852705,322.27127192427827,785.9338998451167,62.525719321926154,1055.4804793568949,3443.1931532427084,474.4991970129713,0.03439596063988095,50.797045407738096,3052.257767874306,352.11690448037757,767.4428344592261,65.57871875,1055.4804793568949,3443.1931532427084,474.4991970129713,0.03439596063988095,50.797045407738096,3052.257767874306,352.11690448037757,767.4428344592261,65.57871875
2026-02-25 09:00:00+00:00,979.5416625,4254.406195,500.33283500000005,0.3,45.83361,5236.82625,246.08612,793.28008,53.6,1812.5318190222163,4666.94644329861,479.60803673507525,0.05247182695759142,48.69081924104227,4475.487072893516,185.05469919480544,789.4929414475146,60.13874268796211,1055.4804793568949,3443.1931532427084,474.4991970129713,0.03439596063988095,50.797045407738096,3052.257767874306,352.11690448037757,767.4428344592261,65.57871875,1055.4804793568949,3443.1931532427084,474.4991970129713,0.03439596063988095,50.797045407738096,3052.257767874306,352.11690448037757,767.4428344592261,65.57871875
2026-02-25 10:00:00+00:00,680.2366675000001,3652.920665,453.52741749999996,0.0683325,45.83361,4132.7542225,179.41861999999998,793.28008,46.1,1142.9028331350914,4410.8744206147385,476.42509076127317,0.06864887122051128,47.22069524856837,2666.9884716925603,139.4963910555086,779.090959451874,62.82420676051112,1055.4804793568949,3443.1931532427084,474.4991970129713,0.03439596063988095,50.797045407738096,3052.257767874306,352.11690448037757,767.4428344592261,65.57871875,1055.4804793568949,3443.1931532427084,474.4991970129713,0.03439596063988095,50.797045407738096,3052.257767874306,352.11690448037757,767.4428344592261,65.57871875
2026-02-25 11:00:00+00:00,455.4483325,3155.7922,511.2665825,0.066665,45.83361,3150.762165,179.5257875,790.99683,43.6,831.2163165606697,3833.133657160496,475.5985473098588,0.061046138259271326,47.646721535553404,1930.6621004082176,141.05081861175137,765.2781753502721,66.48312147924193,1055.4804793568949,3443.1931532427084,474.4991970129713,0.03439596063988095,50.797045407738096,3052.257767874306,352.11690448037757,767.4428344592261,65.57871875,1055.4804793568949,3443.1931532427084,474.4991970129713,0.03439596063988095,50.797045407738096,3052.257767874306,352.11690448037757,767.4428344592261,65.57871875
2026-02-25 12:00:00+00:00,411.6483324999999,3109.9909075,543.036415,0.0,45.83361,2808.286,179.41861999999998,789.84708,43.6,770.4853100345067,3223.2257930427177,453.037148258302,0.05778496523264586,48.58861170163808,1634.5568206083951,144.14250414105246,762.8670490769758,67.33742924474495,1055.4804793568949,3443.1931532427084,474.4991970129713,0.03439596063988095,50.797045407738096,3052.257767874306,352.11690448037757,767.4428344592261,65.57871875,1055.4804793568949,3443.1931532427084,474.4991970129713,0.03439596063988095,50.797045407738096,3052.257767874306,352.11690448037757,767.4428344592261,65.57871875
2026-02-25 13:00:00+00:00,547.0506775,3018.4483125,491.0091025,0.05,45.83361,3010.8385325,179.50178000000002,788.0572050000001,43.6,815.0173912671286,3498.9863172540363,472.70029641046557,0.03235705700647021,53.144396688095966,1390.5141976612813,171.11794881344832,764.479293741853,71.5679639187237,1055.4804793568949,3443.1931532427084,474.4991970129713,0.03439596063988095,50.797045407738096,3052.257767874306,352.11690448037757,767.4428344592261,65.57871875,1055.4804793568949,3443.1931532427084,474.4991970129713,0.03439596063988095,50.797045407738096,3052.257767874306,352.11690448037757,767.4428344592261,65.57871875
2026-02-25 14:00:00+00:00,889.5866675,3717.6072525,458.62025,0.1,45.83361,4357.6580975,180.18983,787.46058,41.6,1064.0856977370515,4208.149307179391,441.47884719861366,0.02732160167906643,52.5899462747152,2185.3193913234477,180.8681182283784,780.7720459126235,71.75794967787571,1055.4804793568949,3443.1931532427084,474.4991970129713,0.03439596063988095,50.797045407738096,3052.257767874306,352.11690448037757,767.4428344592261,65.57871875,1055.4804793568949,3443.1931532427084,474.4991970129713,0.03439596063988095,50.797045407738096,3052.257767874306,352.11690448037757,767.4428344592261,65.57871875
2026-02-25 15:00:00+00:00,947.5633325,4349.5407275,458.627915,0.3499975,45.83361,5472.4016625,359.12972,787.46058,43.6,1584.5353666664876,4637.206067452279,458.44477750045843,0.059520144246390766,53.739041830611626,4116.2629043125235,257.9117293888777,784.281344127363,67.59398449421815,1055.4804793568949,3443.1931532427084,474.4991970129713,0.03439596063988095,50.797045407738096,3052.257767874306,352.11690448037757,767.4428344592261,65.57871875,1055.4804793568949,3443.1931532427084,474.4991970129713,0.03439596063988095,50.797045407738096,3052.257767874306,352.11690448037757,767.4428344592261,65.57871875
2026-02-25 16:00:00+00:00,1075.7758375,4748.901115000001,425.669915,0.3,45.83361,5930.7177225,998.5464625,788.63358,43.6,2058.695208913223,4962.514688784415,488.6188921120671,0.07512513581654656,49.19292459636692,5731.837742879148,996.6806913534025,807.1997964246553,69.90293236602113,1055.4804793568949,3443.1931532427084,474.4991970129713,0.03439596063988095,50.797045407738096,3052.257767874306,352.11690448037757,767.4428344592261,65.57871875,1055.4804793568949,3443.1931532427084,474.4991970129713,0.03439596063988095,50.797045407738096,3052.257767874306,352.11690448037757,767.4428344592261,65.57871875
2026-02-25 17:00:00+00:00,1265.64167,4923.62057,428.4947475,0.0,45.83361,6352.0510125,805.8214099999999,789.27908,43.6,2123.4235949327194,4540.990150417883,476.76873383254235,0.04680706404645169,47.9575413916498,5693.566553369061,1043.7283241303412,781.4963843230067,64.38876501990633,1055.4804793568949,3443.1931532427084,474.4991970129713,0.03439596063988095,50.797045407738096,3052.257767874306,352.11690448037757,767.4428344592261,65.57871875,1055.4804793568949,3443.1931532427084,474.4991970129713,0.03439596063988095,50.797045407738096,3052.257767874306,352.11690448037757,767.4428344592261,65.57871875
2026-02-25 18:00:00+00:00,1334.2858350000001,4947.895885,447.6669175,0.16041625,45.83361,6423.958005,262.803545,789.27908,43.6,2269.2588379857534,4315.843533301884,477.07588256373424,0.1061164884263433,42.9236936633064,4883.935155967834,540.3198447508352,788.045213379598,67.8822034540968,1055.4804793568949,3443.1931532427084,474.4991970129713,0.03439596063988095,50.797045407738096,3052.257767874306,352.11690448037757,767.4428344592261,65.57871875,1055.4804793568949,3443.1931532427084,474.4991970129713,0.03439596063988095,50.797045407738096,3052.257767874306,352.11690448037757,767.4428344592261,65.57871875
2026-02-25 19:00:00+00:00,1364.4791675000001,4721.7574525,442.925,0.3208325,45.83361,5980.42707,190.58722,789.27908,43.6,1924.0269018494828,3591.143835661081,486.91327546141423,0.12890203149180915,43.92879038791976,4137.057365191591,239.0105738068287,791.6473262511138,63.261070613369604,1055.4804793568949,3443.1931532427084,474.4991970129713,0.03439596063988095,50.797045407738096,3052.257767874306,352.11690448037757,767.4428344592261,65.57871875,1055.4804793568949,3443.1931532427084,474.4991970129713,0.03439596063988095,50.797045407738096,3052.257767874306,352.11690448037757,767.4428344592261,65.57871875
2026-02-25 20:00:00+00:00,1302.063335,4603.6430574999995,477.153415,0.166665,45.83361,5527.6440875,180.79472,789.27908,43.6,1445.2133351769578,3380.155043013542,467.2672144069463,0.11739126988862553,45.931590576401895,3529.628680756308,285.9234397355821,791.8714363090661,65.00732741859976,1055.4804793568949,3443.1931532427084,474.4991970129713,0.03439596063988095,50.797045407738096,3052.257767874306,352.11690448037757,767.4428344592261,65.57871875,1055.4804793568949,3443.1931532427084,474.4991970129713,0.03439596063988095,50.797045407738096,3052.257767874306,352.11690448037757,767.4428344592261,65.57871875
2026-02-25 21:00:00+00:00,1181.2099925,4080.33601,438.585335,0.23332999999999998,45.83361,4752.43117,180.5717225,787.97108,39.85,1148.9508384578298,3197.468021865489,464.9131360089654,0.12151537412073651,47.8719202282523,3365.2658436822308,231.30271173689886,793.1777713322098,62.34777179840123,1055.4804793568949,3443.1931532427084,474.4991970129713,0.03439596063988095,50.797045407738096,3052.257767874306,352.11690448037757,767.4428344592261,65.57871875,1055.4804793568949,3443.1931532427084,474.4991970129713,0.03439596063988095,50.797045407738096,3052.257767874306,352.11690448037757,767.4428344592261,65.57871875
2026-02-25 22:00:00+00:00,1075.4366625,3316.895195,457.8721675,0.098335,45.83361,4478.45009,179.90272999999996,787.18208,33.35,1019.9492810479178,3038.66133852237,481.4197397062031,0.12346474196747778,46.686639124403,2917.9290830792593,197.47546479412597,784.3234230588058,61.80758656800877,1055.4804793568949,3443.1931532427084,474.4991970129713,0.03439596063988095,50.797045407738096,3052.257767874306,352.11690448037757,767.4428344592261,65.57871875,1055.4804793568949,3443.1931532427084,474.4991970129713,0.03439596063988095,50.797045407738096,3052.257767874306,352.11690448037757,767.4428344592261,65.57871875
2026-02-25 23:00:00+00:00,989.6508325,3278.314395,559.1101625,0.0,45.83361,3213.2990075,191.10472,781.72458,45.11,993.671508017499,2683.0783700063876,492.71195517336827,0.14472362442628936,45.45161287236763,2920.107673076208,183.58456463625123,779.1405857465122,57.520805256270506,1055.4804793568949,3443.1931532427084,474.4991970129713,0.03439596063988095,50.797045407738096,3052.257767874306,352.11690448037757,767.4428344592261,65.57871875,1055.4804793568949,3443.1931532427084,474.4991970129713,0.03439596063988095,50.797045407738096,3052.257767874306,352.11690448037757,767.4428344592261,65.57871875
2026-02-26 00:00:00+00:00,687.6124975,3292.841555,527.4445,0.23333250000000003,45.83361,2800.296335,180.17672249999998,781.96008,44.08,854.5301296523429,2590.8641526561505,454.1372150095065,0.05516420750715432,48.01906453441726,2853.465783929433,135.3258568346524,777.3011380009563,59.57352537904908,1055.4804793568949,3443.1931532427084,474.4991970129713,0.03439596063988095,50.797045407738096,3052.257767874306,352.11690448037757,767.4428344592261,65.57871875,1055.4804793568949,3443.1931532427084,474.4991970129713,0.03439596063988095,50.797045407738096,3052.257767874306,352.11690448037757,767.4428344592261,65.57871875
2026-02-26 01:00:00+00:00,573.770835,3281.8347325,455.4975825,0.066665,45.83361,2699.0101625,179.77700999999996,781.67308,43.07000000000001,801.1134606177781,2511.7810576714082,445.51619523367157,0.03857089847015417,47.47909113696551,2561.2236968353545,135.055150823334,775.2275484022741,56.67202262991798,1055.4804793568949,3443.1931532427084,474.4991970129713,0.03439596063988095,50.797045407738096,3052.257767874306,352.11690448037757,767.4428344592261,65.57871875,1055.4804793568949,3443.1931532427084,474.4991970129713,0.03439596063988095,50.797045407738096,3052.257767874306,352.11690448037757,767.4428344592261,65.57871875
2026-02-26 02:00:00+00:00,573.42083,3263.986695,483.82325,0.066665,45.83361,2917.6867575,183.04158999999999,781.67308,42.05,770.3480598565368,2572.7902923305946,498.54946397853314,0.056626017287725525,45.98123284458751,2604.4991200250242,191.79848815620554,779.3864413438555,51.84569358706237,1055.4804793568949,3443.1931532427084,474.4991970129713,0.03439596063988095,50.797045407738096,3052.257767874306,352.11690448037757,767.4428344592261,65.57871875,1055.4804793568949,3443.1931532427084,474.4991970129713,0.03439596063988095,50.797045407738096,3052.257767874306,352.11690448037757,767.4428344592261,65.57871875
2026-02-26 03:00:00+00:00,751.7391574999999,3198.5014575,517.30492,0.0,45.83361,3074.3725074999998,180.395265,781.67308,40.57,793.2904354256344,2632.0750246426815,485.73985428090134,0.06929454519258468,45.3891507922274,2545.7673899394917,180.058283292331,781.3306429885267,53.36981187076524,1055.4804793568949,3443.1931532427084,474.4991970129713,0.03439596063988095,50.797045407738096,3052.257767874306,352.11690448037757,767.4428344592261,65.57871875,1055.4804793568949,3443.1931532427084,474.4991970129713,0.03439596063988095,50.797045407738096,3052.257767874306,352.11690448037757,767.4428344592261,65.57871875
2026-02-26 04:00:00+00:00,1147.8558325,3202.0745425,529.6236675,0.0666675,45.83361,3955.8829975,180.04629,781.67308,37.28,1047.0001077371303,3161.688838064825,452.29111832952566,0.11698207341699626,47.640662896065976,2710.040204588669,162.3875737446478,780.5121607510303,54.1045896217601,1055.4804793568949,3443.1931532427084,474.4991970129713,0.03439596063988095,50.797045407738096,3052.257767874306,352.11690448037757,767.4428344592261,65.57871875,1055.4804793568949,3443.1931532427084,474.4991970129713,0.03439596063988095,50.797045407738096,3052.257767874306,352.11690448037757,767.4428344592261,65.57871875
2026-02-26 05:00:00+00:00,1271.1024925,3500.7126925000002,479.8480025,0.166665,45.83361,4280.53695,340.91159,784.00008,37.79,1283.5514657397473,3445.9951295656465,439.3089710959688,0.141141984639588,46.6347101880896,3559.503491269869,339.1406306175491,777.6517100771387,55.47664728983308,1055.4804793568949,3443.1931532427084,474.4991970129713,0.03439596063988095,50.797045407738096,3052.257767874306,352.11690448037757,767.4428344592261,65.57871875,1055.4804793568949,3443.1931532427084,474.4991970129713,0.03439596063988095,50.797045407738096,3052.257767874306,352.11690448037757,767.4428344592261,65.57871875
2026-02-26 06:00:00+00:00,1377.07667,3670.715585,480.7080025,0.0,45.83361,4255.689155,394.25077,787.23808,39.79,1598.2108834365308,3767.5119502836055,430.4395772393602,0.09017202075583174,44.84370324862718,4213.2319936403055,787.9767462729477,792.6198837843074,60.75149436707688,1055.4804793568949,3443.1931532427084,474.4991970129713,0.03439596063988095,50.797045407738096,3052.257767874306,352.11690448037757,767.4428344592261,65.57871875,1055.4804793568949,3443.1931532427084,474.4991970129713,0.03439596063988095,50.797045407738096,3052.257767874306,352.11690448037757,767.4428344592261,65.57871875
2026-02-26 07:00:00+00:00,1314.279165,3324.0881,485.11958,0.0333325,45.83361,3562.1771575000002,196.06995,788.67858,37.97,1700.0062506793445,3733.686924533447,420.339490384425,0.10318537652185783,45.812099001267,4469.867586017931,642.484027216434,790.427361508542,59.426103553049366,1055.4804793568949,3443.1931532427084,474.4991970129713,0.03439596063988095,50.797045407738096,3052.257767874306,352.11690448037757,767.4428344592261,65.57871875,1055.4804793568949,3443.1931532427084,474.4991970129713,0.03439596063988095,50.797045407738096,3052.257767874306,352.11690448037757,767.4428344592261,65.57871875
2026-02-26 08:00:00+00:00,987.1708375,2106.354905,509.7308375,0.4675,45.83361,2645.852295,181.06995,788.67858,39.84,1482.478910138373,3116.186982715244,433.1687449890667,0.14258150866664523,45.18193796746146,3963.7273256499175,316.2269928975508,775.8946835349882,62.905481392651204,1055.4804793568949,3443.1931532427084,474.4991970129713,0.03439596063988095,50.797045407738096,3052.257767874306,352.11690448037757,767.4428344592261,65.57871875,1055.4804793568949,3443.1931532427084,474.4991970129713,0.03439596063988095,50.797045407738096,3052.257767874306,352.11690448037757,767.4428344592261,65.57871875
2026-02-26 09:00:00+00:00,916.3783475,1841.9931675000003,454.5094675,0.23333250000000003,45.83361,2699.1486649999997,181.06995,788.09258,38.019999999999996,1164.913648101744,3123.8409527382137,430.4152454716907,0.11390728230086722,43.61281028249153,2299.6140357121653,181.80216267260843,778.5758277952185,65.98024756517671,1055.4804793568949,3443.1931532427084,474.4991970129713,0.03439596063988095,50.797045407738096,3052.257767874306,352.11690448037757,767.4428344592261,65.57871875,1055.4804793568949,3443.1931532427084,474.4991970129713,0.03439596063988095,50.797045407738096,3052.257767874306,352.11690448037757,767.4428344592261,65.57871875
2026-02-26 10:00:00+00:00,920.231305,1665.59054,430.9090025,0.0666675,45.83361,1743.6698325,181.16995,788.09258,35.82,716.6897374600496,2532.25723400874,427.69031719544546,0.07852265614363155,43.70702205445443,1694.214308366106,157.17504529409413,779.9226330337528,66.8155791269066,1055.4804793568949,3443.1931532427084,474.4991970129713,0.03439596063988095,50.797045407738096,3052.257767874306,352.11690448037757,767.4428344592261,65.57871875,1055.4804793568949,3443.1931532427084,474.4991970129713,0.03439596063988095,50.797045407738096,3052.257767874306,352.11690448037757,767.4428344592261,65.57871875
2026-02-26 11:00:00+00:00,707.7525,1548.21657,478.72249999999997,0.1333325,45.83361,1392.7581675000001,181.1551,788.09258,35.07000000000001,597.6186960276641,2566.5883516589915,401.9703596395816,0.05157785522923858,47.302947235102245,1322.2091954842092,158.16036449111485,774.6931087621681,64.43128568538572,1055.4804793568949,3443.1931532427084,474.4991970129713,0.03439596063988095,50.797045407738096,3052.257767874306,352.11690448037757,767.4428344592261,65.57871875,1055.4804793568949,3443.1931532427084,474.4991970129713,0.03439596063988095,50.797045407738096,3052.257767874306,352.11690448037757,767.4428344592261,65.57871875
2026-02-26 12:00:00+00:00,594.1501049999999,1534.860115,490.7803975,0.0666675,45.83361,1368.268605,181.16995,788.09258,34.82,465.52314428962836,2167.9531090187693,436.8366109802963,0.019214203078455054,49.24037447721915,1139.50225248222,161.86780595215876,788.4961662525888,64.70270375592885,1055.4804793568949,3443.1931532427084,474.4991970129713,0.03439596063988095,50.797045407738096,3052.257767874306,352.11690448037757,767.4428344592261,65.57871875,1055.4804793568949,3443.1931532427084,474.4991970129713,0.03439596063988095,50.797045407738096,3052.257767874306,352.11690448037757,767.4428344592261,65.57871875
2026-02-26 13:00:00+00:00,590.0266675,1545.5607275000002,450.408085,0.12583375,45.83361,1442.0313350000001,183.91995,788.09258,40.17,484.1056126665367,2218.4341267439263,442.25268887578716,0.02570674326956887,48.853806161036765,1234.020628104603,175.22442496707458,764.1975030089567,66.68260969713054,1055.4804793568949,3443.1931532427084,474.4991970129713,0.03439596063988095,50.797045407738096,3052.257767874306,352.11690448037757,767.4428344592261,65.57871875,1055.4804793568949,3443.1931532427084,474.4991970129713,0.03439596063988095,50.797045407738096,3052.257767874306,352.11690448037757,767.4428344592261,65.57871875
2026-02-26 14:00:00+00:00,735.1475,1914.6007925,440.86633,0.185,45.83361,1749.1964875,181.16995,788.7563299999999,28.6,544.4803491683629,2400.7968851498144,440.2913245165414,0.04244575926662847,43.514963508687615,1468.2099969626574,172.907683898853,756.4914941452292,64.54227090892178,1055.4804793568949,3443.1931532427084,474.4991970129713,0.03439596063988095,50.797045407738096,3052.257767874306,352.11690448037757,767.4428344592261,65.57871875,1055.4804793568949,3443.1931532427084,474.4991970129713,0.03439596063988095,50.797045407738096,3052.257767874306,352.11690448037757,767.4428344592261,65.57871875
2026-02-26 15:00:00+00:00,1201.920845,3263.5612975,476.38374999999996,0.2091675,45.83361,2623.660175,584.61995,789.42008,29.1,1070.4597357300715,3495.0205017353264,456.43068582384825,0.06996618864542067,46.24246892805203,2704.671250010536,246.11721492022355,765.29626290314,64.30190548599954,1055.4804793568949,3443.1931532427084,474.4991970129713,0.03439596063988095,50.797045407738096,3052.257767874306,352.11690448037757,767.4428344592261,65.57871875,1055.4804793568949,3443.1931532427084,474.4991970129713,0.03439596063988095,50.797045407738096,3052.257767874306,352.11690448037757,767.4428344592261,65.57871875
2026-02-26 16:00:00+00:00,1533.412505,3628.5114275,464.1859175,0.23333500000000001,45.83361,3351.298835,916.6312,790.59308,29.1,1630.5547252406498,3927.633722655623,477.5428225804735,0.05022166784620202,43.88109988037287,4206.395415061434,808.4285216699019,790.9755271827986,64.98705566554648,1055.4804793568949,3443.1931532427084,474.4991970129713,0.03439596063988095,50.797045407738096,3052.257767874306,352.11690448037757,767.4428344592261,65.57871875,1055.4804793568949,3443.1931532427084,474.4991970129713,0.03439596063988095,50.797045407738096,3052.257767874306,352.11690448037757,767.4428344592261,65.57871875
2026-02-26 17:00:00+00:00,1589.8141625,3637.6238125,475.653,0.09999750000000002,45.83361,3893.542085,1248.6424500000003,791.23858,28.6,1641.393844904802,4222.099655724878,475.68989688215873,0.01571448732195038,41.757630049568576,4258.028411171967,1018.8286482167151,772.0109890992316,64.14260108691575,1055.4804793568949,3443.1931532427084,474.4991970129713,0.03439596063988095,50.797045407738096,3052.257767874306,352.11690448037757,767.4428344592261,65.57871875,1055.4804793568949,3443.1931532427084,474.4991970129713,0.03439596063988095,50.797045407738096,3052.257767874306,352.11690448037757,767.4428344592261,65.57871875
2026-02-26 18:00:00+00:00,1591.0933375,3597.3254475,442.4035,0.0,45.83361,4104.6854925,527.4648000000001,791.23858,25.35,1322.5765572362143,3730.4831721042415,467.7339003100906,0.08573535974489566,40.53292901861739,3301.435186958063,498.9163251578169,781.7606804149603,66.61090722440615,1055.4804793568949,3443.1931532427084,474.4991970129713,0.03439596063988095,50.797045407738096,3052.257767874306,352.11690448037757,767.4428344592261,65.57871875,1055.4804793568949,3443.1931532427084,474.4991970129713,0.03439596063988095,50.797045407738096,3052.257767874306,352.11690448037757,767.4428344592261,65.57871875
2026-02-26 19:00:00+00:00,1549.0949925,3383.6163625,440.5355025,0.13333250000000002,45.83361,3545.995665,263.43245,791.1010799999999,23.6,914.758364907207,3056.928560893281,484.4964297230497,0.15668009859411372,41.262978328936846,2969.2345048949064,220.6834061868528,776.1547254294551,60.74232440682572,1055.4804793568949,3443.1931532427084,474.4991970129713,0.03439596063988095,50.797045407738096,3052.257767874306,352.11690448037757,767.4428344592261,65.57871875,1055.4804793568949,3443.1931532427084,474.4991970129713,0.03439596063988095,50.797045407738096,3052.257767874306,352.11690448037757,767.4428344592261,65.57871875
2026-02-26 20:00:00+00:00,1444.6308225,3175.8952225,438.1634175,0.0333325,45.83361,3135.28491,209.55623000000003,789.85708,24.6,822.2537426536169,2580.775972293237,483.3505031795427,0.16543944526023163,41.09468292266967,2726.299013956946,187.97007862975636,771.8575424896234,59.66043701317398,1055.4804793568949,3443.1931532427084,474.4991970129713,0.03439596063988095,50.797045407738096,3052.257767874306,352.11690448037757,767.4428344592261,65.57871875,1055.4804793568949,3443.1931532427084,474.4991970129713,0.03439596063988095,50.797045407738096,3052.257767874306,352.11690448037757,767.4428344592261,65.57871875
2026-02-26 21:00:00+00:00,1093.2283400000001,2761.3615875,479.26133,0.2,45.83361,2771.666675,185.91325999999998,789.04458,26.6,759.2234694472916,2429.27987323754,467.05386904319323,0.1305492048874559,43.47412786900885,2579.0174010764354,192.99771025230223,779.07012986437,58.576194280605456,1055.4804793568949,3443.1931532427084,474.4991970129713,0.03439596063988095,50.797045407738096,3052.257767874306,352.11690448037757,767.4428344592261,65.57871875,1055.4804793568949,3443.1931532427084,474.4991970129713,0.03439596063988095,50.797045407738096,3052.257767874306,352.11690448037757,767.4428344592261,65.57871875
2026-02-26 22:00:00+00:00,698.6791625,2325.0697075,456.20291,0.035,45.83361,2655.73824,187.01035000000002,788.50358,40.6,712.4848724522856,2314.212272865877,489.2693277605537,0.13579843023787364,44.25769105810523,2300.911532998074,174.02071832960925,786.6108827465961,57.65917735008949,1055.4804793568949,3443.1931532427084,474.4991970129713,0.03439596063988095,50.797045407738096,3052.257767874306,352.11690448037757,767.4428344592261,65.57871875,1055.4804793568949,3443.1931532427084,474.4991970129713,0.03439596063988095,50.797045407738096,3052.257767874306,352.11690448037757,767.4428344592261,65.57871875
2026-02-26 23:00:00+00:00,579.095005,2276.64591,586.2435,0.0683325,45.83361,2340.798505,181.73885500000003,783.26608,37.6,769.8221789463352,2245.7048053158187,489.56615536959805,0.15752364206029154,44.452518336131675,2413.828766410944,157.0291283778215,781.8740328490901,55.644510277405494,1055.4804793568949,3443.1931532427084,474.4991970129713,0.03439596063988095,50.797045407738096,3052.257767874306,352.11690448037757,767.4428344592261,65.57871875,1055.4804793568949,3443.1931532427084,474.4991970129713,0.03439596063988095,50.797045407738096,3052.257767874306,352.11690448037757,767.4428344592261,65.57871875
2026-02-27 00:00:00+00:00,582.0249975,2546.5195025000003,551.7692575,0.0316675,45.83361,2263.8595,189.694885,784.16858,36.6,484.7151982195261,1768.4276028315403,506.4859440564469,0.06532251298757984,43.847638526019026,2088.2200384906137,200.35430238192012,778.1587441904525,56.22906763245732,1055.4804793568949,3443.1931532427084,474.4991970129713,0.03439596063988095,50.797045407738096,3052.257767874306,352.11690448037757,767.4428344592261,65.57871875,1055.4804793568949,3443.1931532427084,474.4991970129713,0.03439596063988095,50.797045407738096,3052.257767874306,352.11690448037757,767.4428344592261,65.57871875
2026-02-27 01:00:00+00:00,577.9549975,2368.17243,483.06541500000003,0.0,45.83361,2200.6580050000002,189.79735,783.88158,36.6,401.520579424899,1920.7222545990624,495.6243040069094,0.05905675500748891,43.779050143958706,1812.795956159021,205.34734492421745,778.0730839978138,53.92390315059755,1055.4804793568949,3443.1931532427084,474.4991970129713,0.03439596063988095,50.797045407738096,3052.257767874306,352.11690448037757,767.4428344592261,65.57871875,1055.4804793568949,3443.1931532427084,474.4991970129713,0.03439596063988095,50.797045407738096,3052.257767874306,352.11690448037757,767.4428344592261,65.57871875
2026-02-27 02:00:00+00:00,578.2558349999999,2094.1106875,468.297415,0.0,45.83361,2027.85975,190.17652,783.88158,35.6,447.55480815555484,1790.700080824172,499.31861503006394,0.051400561034500455,43.65775331444473,1906.099951713663,201.2046956508586,781.3717935783724,52.42390716681531,1055.4804793568949,3443.1931532427084,474.4991970129713,0.03439596063988095,50.797045407738096,3052.257767874306,352.11690448037757,767.4428344592261,65.57871875,1055.4804793568949,3443.1931532427084,474.4991970129713,0.03439596063988095,50.797045407738096,3052.257767874306,352.11690448037757,767.4428344592261,65.57871875
2026-02-27 03:00:00+00:00,581.0330974999999,2013.773105,471.990635,0.0333325,45.83361,1975.7725875,190.088905,783.88158,33.6,595.0774389480199,1858.5652284455311,489.52201353927245,0.06618543201167043,44.452298236094634,2205.0931352312627,154.31221814964,785.9276960351493,51.78273889492232,1055.4804793568949,3443.1931532427084,474.4991970129713,0.03439596063988095,50.797045407738096,3052.257767874306,352.11690448037757,767.4428344592261,65.57871875,1055.4804793568949,3443.1931532427084,474.4991970129713,0.03439596063988095,50.797045407738096,3052.257767874306,352.11690448037757,767.4428344592261,65.57871875
2026-02-27 04:00:00+00:00,604.940835,2320.7365775,447.949,0.0333325,45.83361,2250.73749,189.6728575,783.88158,34.6,751.5003859551098,2290.8253822914808,468.02063503627824,0.12204445855093754,45.750445776014445,2384.0741589814106,167.51024703329603,786.3010408819673,51.19158991917019,1055.4804793568949,3443.1931532427084,474.4991970129713,0.03439596063988095,50.797045407738096,3052.257767874306,352.11690448037757,767.4428344592261,65.57871875,1055.4804793568949,3443.1931532427084,474.4991970129713,0.03439596063988095,50.797045407738096,3052.257767874306,352.11690448037757,767.4428344592261,65.57871875
2026-02-27 05:00:00+00:00,858.1875024999999,2801.8684375000003,452.6499125,0.1016675,45.83361,3119.1499925,331.12337,786.20858,35.6,727.1402322279955,2533.6355219217085,426.19300106964806,0.1821825436700757,45.026300014037155,3131.652294442381,189.21343253575014,778.2102675220195,54.49545369830436,1055.4804793568949,3443.1931532427084,474.4991970129713,0.03439596063988095,50.797045407738096,3052.257767874306,352.11690448037757,767.4428344592261,65.57871875,1055.4804793568949,3443.1931532427084,474.4991970129713,0.03439596063988095,50.797045407738096,3052.257767874306,352.11690448037757,767.4428344592261,65.57871875
2026-02-27 06:00:00+00:00,1368.3691525,2976.2532825,482.82266500000003,0.0683325,45.83361,3273.92008,594.99837,790.40208,39.6,1050.224857805744,3343.952888288172,412.1141958984135,0.09781539357426589,44.17110509901355,3167.8984566554927,667.5781682816846,780.8174927249956,52.514386419602616,1055.4804793568949,3443.1931532427084,474.4991970129713,0.03439596063988095,50.797045407738096,3052.257767874306,352.11690448037757,767.4428344592261,65.57871875,1055.4804793568949,3443.1931532427084,474.4991970129713,0.03439596063988095,50.797045407738096,3052.257767874306,352.11690448037757,767.4428344592261,65.57871875
2026-02-27 07:00:00+00:00,1426.6558300000002,2809.1578825,478.66333,0.0683325,45.83361,1990.76983,383.24837,791.88808,36.6,1066.4189975501972,2960.6884167004814,466.23836657803133,0.12096440418244508,44.83425305038066,3293.3370592853794,446.50377051982167,793.9388568582098,57.76112868067029,1055.4804793568949,3443.1931532427084,474.4991970129713,0.03439596063988095,50.797045407738096,3052.257767874306,352.11690448037757,767.4428344592261,65.57871875,1055.4804793568949,3443.1931532427084,474.4991970129713,0.03439596063988095,50.797045407738096,3052.257767874306,352.11690448037757,767.4428344592261,65.57871875
2026-02-27 08:00:00+00:00,1087.2500025,1728.4139574999997,486.15641500000004,0.10333250000000002,45.83361,1578.1053325,193.06087,789.06733,35.86,606.1970711408381,2510.8066740156314,463.57469653681557,0.11792820636705448,46.336821791009996,2126.762103137048,260.50985958837805,792.7031384650973,58.95012017768967,1055.4804793568949,3443.1931532427084,474.4991970129713,0.03439596063988095,50.797045407738096,3052.257767874306,352.11690448037757,767.4428344592261,65.57871875,1055.4804793568949,3443.1931532427084,474.4991970129713,0.03439596063988095,50.797045407738096,3052.257767874306,352.11690448037757,767.4428344592261,65.57871875
2026-02-27 09:00:00+00:00,919.2200075000001,1558.7074025,529.329415,0.2633325,45.83361,1433.781585,188.23315,787.54108,33.41,394.0494188543971,2074.658945279173,461.28580083976124,0.10819549251765753,44.45281064572878,1343.9720309003367,180.77261536062147,781.633448480665,61.60363978788049,1055.4804793568949,3443.1931532427084,474.4991970129713,0.03439596063988095,50.797045407738096,3052.257767874306,352.11690448037757,767.4428344592261,65.57871875,1055.4804793568949,3443.1931532427084,474.4991970129713,0.03439596063988095,50.797045407738096,3052.257767874306,352.11690448037757,767.4428344592261,65.57871875
2026-02-27 10:00:00+00:00,718.2583275,1547.58157,542.08325,0.18250000000000002,45.83361,1078.73825,188.23315,787.54108,33.41,232.52206044427464,1682.5448891543267,446.9397127436257,0.07302864980078158,43.07631849843345,1151.4202910066856,160.36240252884653,770.1150712746758,58.090720295367106,1055.4804793568949,3443.1931532427084,474.4991970129713,0.03439596063988095,50.797045407738096,3052.257767874306,352.11690448037757,767.4428344592261,65.57871875,1055.4804793568949,3443.1931532427084,474.4991970129713,0.03439596063988095,50.797045407738096,3052.257767874306,352.11690448037757,767.4428344592261,65.57871875
2026-02-27 11:00:00+00:00,713.4483299999999,1537.6133500000003,513.907085,0.10166750000000002,45.83361,1111.1912525,188.131675,787.54108,38.41,330.8318170170036,1655.0424477843599,474.97818110996707,0.046590386341062995,42.029225088891465,935.1553427008394,175.36605270692792,780.926183263414,61.00546182277655,1055.4804793568949,3443.1931532427084,474.4991970129713,0.03439596063988095,50.797045407738096,3052.257767874306,352.11690448037757,767.4428344592261,65.57871875,1055.4804793568949,3443.1931532427084,474.4991970129713,0.03439596063988095,50.797045407738096,3052.257767874306,352.11690448037757,767.4428344592261,65.57871875
2026-02-27 12:00:00+00:00,981.1808275,1526.57592,511.779835,0.0,45.83361,1106.60475,188.23315,787.60833,39.16,361.8866605166246,1512.7038757615544,447.58722110784555,0.015612395918920611,44.43705811535499,753.3850042231361,173.78981857813744,784.13222775911,53.42792166826608,1055.4804793568949,3443.1931532427084,474.4991970129713,0.03439596063988095,50.797045407738096,3052.257767874306,352.11690448037757,767.4428344592261,65.57871875,1055.4804793568949,3443.1931532427084,474.4991970129713,0.03439596063988095,50.797045407738096,3052.257767874306,352.11690448037757,767.4428344592261,65.57871875
2026-02-27 13:00:00+00:00,1000.1266825,1549.4293575,580.2109175,0.26999999999999996,45.83361,1118.5724175,213.23315,787.67558,40.41,354.77479753666285,1497.903501801958,475.0034417822011,0.012344946141819833,49.382780283126515,707.3294563109221,191.5903870722717,762.17099025738,56.993705053000156,1055.4804793568949,3443.1931532427084,474.4991970129713,0.03439596063988095,50.797045407738096,3052.257767874306,352.11690448037757,767.4428344592261,65.57871875,1055.4804793568949,3443.1931532427084,474.4991970129713,0.03439596063988095,50.797045407738096,3052.257767874306,352.11690448037757,767.4428344592261,65.57871875
2026-02-27 14:00:00+00:00,1060.09833,2000.063975,599.3347475,0.23166750000000005,45.83361,1273.5729175000001,238.22315,787.22858,42.41,425.21727163403307,1629.7484922661233,459.432041924909,0.024026497986741356,47.007800376621766,921.0015152007745,198.76478003803948,753.5183341805867,53.083922008271486,1055.4804793568949,3443.1931532427084,474.4991970129713,0.03439596063988095,50.797045407738096,3052.257767874306,352.11690448037757,767.4428344592261,65.57871875,1055.4804793568949,3443.1931532427084,474.4991970129713,0.03439596063988095,50.797045407738096,3052.257767874306,352.11690448037757,767.4428344592261,65.57871875
2026-02-27 15:00:00+00:00,1356.2925075,3366.7697275,610.06108,0.2983325,45.83361,1762.6730850000001,484.40065000000004,786.9783299999999,44.91,771.1968831105027,3295.884607187388,458.0273302503285,0.03520406967030489,49.68343463771673,1876.0982248163743,274.7763365418343,766.5533376583924,55.549312121167624,1055.4804793568949,3443.1931532427084,474.4991970129713,0.03439596063988095,50.797045407738096,3052.257767874306,352.11690448037757,767.4428344592261,65.57871875,1055.4804793568949,3443.1931532427084,474.4991970129713,0.03439596063988095,50.797045407738096,3052.257767874306,352.11690448037757,767.4428344592261,65.57871875
2026-02-27 16:00:00+00:00,1596.73832,3641.4556575,596.5769175,0.09666749999999999,45.83361,2607.152075,660.4718366666667,787.66458,42.66,1538.4883424545765,4207.925377042533,486.5540286234189,0.046587219695103904,45.54875706693922,3362.6461063302777,874.5208144036728,777.3387838870248,62.43749962100855,1055.4804793568949,3443.1931532427084,474.4991970129713,0.03439596063988095,50.797045407738096,3052.257767874306,352.11690448037757,767.4428344592261,65.57871875,1055.4804793568949,3443.1931532427084,474.4991970129713,0.03439596063988095,50.797045407738096,3052.257767874306,352.11690448037757,767.4428344592261,65.57871875
2026-02-27 17:00:00+00:00,1692.697505,3645.4026750000003,606.4550025,0.0,45.83361,2605.737,836.5430233333334,788.31008,41.41,2016.6049567691603,4054.608447583323,490.69885552107957,0.03243897254004178,42.17420772588164,4082.756662818509,990.2088983227515,754.7354323159329,58.77253801459153,1055.4804793568949,3443.1931532427084,474.4991970129713,0.03439596063988095,50.797045407738096,3052.257767874306,352.11690448037757,767.4428344592261,65.57871875,1055.4804793568949,3443.1931532427084,474.4991970129713,0.03439596063988095,50.797045407738096,3052.257767874306,352.11690448037757,767.4428344592261,65.57871875
2026-02-27 18:00:00+00:00,1577.25417,3645.9626825,589.197085,0.0333325,45.83361,2582.5164125,1012.61421,788.31008,42.66,1957.8133365104727,4058.3337383674325,550.1512976911479,0.10435436332356313,40.44615359673416,3653.4554406397956,609.7682059002364,770.1353136567483,63.17865195680742,1055.4804793568949,3443.1931532427084,474.4991970129713,0.03439596063988095,50.797045407738096,3052.257767874306,352.11690448037757,767.4428344592261,65.57871875,1055.4804793568949,3443.1931532427084,474.4991970129713,0.03439596063988095,50.797045407738096,3052.257767874306,352.11690448037757,767.4428344592261,65.57871875
2026-02-27 19:00:00+00:00,1438.689995,3631.471735,542.27075,0.0333325,45.83361,2511.2676,819.4378399999999,788.31008,42.41,1588.3127848325585,3619.768809447364,492.8588923799405,0.1362078995364884,41.03442101513991,3542.7613511452223,397.7412979466718,764.7679893027016,61.082517437944794,1055.4804793568949,3443.1931532427084,474.4991970129713,0.03439596063988095,50.797045407738096,3052.257767874306,352.11690448037757,767.4428344592261,65.57871875,1055.4804793568949,3443.1931532427084,474.4991970129713,0.03439596063988095,50.797045407738096,3052.257767874306,352.11690448037757,767.4428344592261,65.57871875
2026-02-27 20:00:00+00:00,1264.5791675,3619.168755,493.167835,0.0,45.83361,2393.0858399999997,970.39382,788.31008,38.41,1214.654491029846,3659.025394657098,466.84397559301453,0.12420945041020684,40.771572605547256,3101.0679685886794,320.69626113241765,764.8079778088273,59.702787687565085,1055.4804793568949,3443.1931532427084,474.4991970129713,0.03439596063988095,50.797045407738096,3052.257767874306,352.11690448037757,767.4428344592261,65.57871875,1055.4804793568949,3443.1931532427084,474.4991970129713,0.03439596063988095,50.797045407738096,3052.257767874306,352.11690448037757,767.4428344592261,65.57871875
2026-02-27 21:00:00+00:00,1065.25,3543.4227025,517.0561674999999,0.2175,45.83361,2032.233995,1143.2817650000002,787.00258,39.41,784.3537469322018,3648.1220157537673,466.54824723612626,0.1646469628961928,41.189522831511724,2710.0259405769875,287.8866313713546,774.838948602639,62.38479392634301,1055.4804793568949,3443.1931532427084,474.4991970129713,0.03439596063988095,50.797045407738096,3052.257767874306,352.11690448037757,767.4428344592261,65.57871875,1055.4804793568949,3443.1931532427084,474.4991970129713,0.03439596063988095,50.797045407738096,3052.257767874306,352.11690448037757,767.4428344592261,65.57871875
2026-02-27 22:00:00+00:00,843.28167,3497.412165,516.4305825,0.0683325,45.83361,1543.977,1166.25123,786.21358,40.41,700.4345952457379,3392.7137703837534,453.2891199225754,0.11906595622842558,42.90753552786951,2353.5794476560854,218.50238353009743,768.2806458093853,61.69860079593238,1055.4804793568949,3443.1931532427084,474.4991970129713,0.03439596063988095,50.797045407738096,3052.257767874306,352.11690448037757,767.4428344592261,65.57871875,1055.4804793568949,3443.1931532427084,474.4991970129713,0.03439596063988095,50.797045407738096,3052.257767874306,352.11690448037757,767.4428344592261,65.57871875
2026-02-27 23:00:00+00:00,672.63333,3529.177905,563.4626675,0.231665,45.83361,1490.402,857.11351,781.29858,41.68,852.5097054874941,3006.453472018628,469.57424721057356,0.06873379617680778,44.31472643588309,1796.756653697357,194.3351734136662,782.3395390278631,57.80483905300851,1055.4804793568949,3443.1931532427084,474.4991970129713,0.03439596063988095,50.797045407738096,3052.257767874306,352.11690448037757,767.4428344592261,65.57871875,1055.4804793568949,3443.1931532427084,474.4991970129713,0.03439596063988095,50.797045407738096,3052.257767874306,352.11690448037757,767.4428344592261,65.57871875
