date,hard_coal_tran_actual,oil_tran_actual,gas_tran_actual,renewables_tran_actual,biomass_tran_actual,waste_tran_actual,hard_coal_tran_fitted,oil_tran_fitted,gas_tran_fitted,renewables_tran_fitted,biomass_tran_fitted,waste_tran_fitted,hard_coal_tran_lower,oil_tran_lower,gas_tran_lower,renewables_tran_lower,biomass_tran_lower,waste_tran_lower,hard_coal_tran_upper,oil_tran_upper,gas_tran_upper,renewables_tran_upper,biomass_tran_upper,waste_tran_upper
2026-01-24 00:00:00+00:00,1754.1666,0.0,415.55442500000004,339.8633500000001,421.47114999999997,63.204585,1990.396651422979,-0.760827596045301,400.69759530347153,501.15404842872886,428.4858104556106,61.861549775196366,1168.4076301812997,5.705311073660715,337.68605856473215,911.0176164469246,412.57619673859125,42.5052443578869,1168.4076301812997,5.705311073660715,337.68605856473215,911.0176164469246,412.57619673859125,42.5052443578869
2026-01-24 01:00:00+00:00,1643.116525,0.0,416.28677500000003,337.60525000000007,417.48095,63.271555000000006,1873.2962031841785,-0.1621332198892409,404.2571667069007,480.8989097323141,425.0005816747199,61.03060491406559,1168.4076301812997,5.705311073660715,337.68605856473215,911.0176164469246,412.57619673859125,42.5052443578869,1168.4076301812997,5.705311073660715,337.68605856473215,911.0176164469246,412.57619673859125,42.5052443578869
2026-01-24 02:00:00+00:00,1567.2285,0.0,416.306625,347.05665,417.432275,63.338525000000004,1810.7520422127834,-1.9288688391519857,399.2330789230044,454.6626973176153,423.5486549928286,61.57058607742171,1168.4076301812997,5.705311073660715,337.68605856473215,911.0176164469246,412.57619673859125,42.5052443578869,1168.4076301812997,5.705311073660715,337.68605856473215,911.0176164469246,412.57619673859125,42.5052443578869
2026-01-24 03:00:00+00:00,1567.34005,0.0,416.189825,331.36957499999994,420.48650000000004,61.726275,1805.91024599337,-1.8351466045801574,408.1098399810538,460.7558069087311,426.62176930730897,60.35860298073493,1168.4076301812997,5.705311073660715,337.68605856473215,911.0176164469246,412.57619673859125,42.5052443578869,1168.4076301812997,5.705311073660715,337.68605856473215,911.0176164469246,412.57619673859125,42.5052443578869
2026-01-24 04:00:00+00:00,1569.6422,0.0,416.05809999999997,329.3012,432.498975,59.854150000000004,1710.1247400255822,-1.2751508122137007,410.4848902065253,418.65875388092905,434.83198362941494,59.58442634157235,1168.4076301812997,5.705311073660715,337.68605856473215,911.0176164469246,412.57619673859125,42.5052443578869,1168.4076301812997,5.705311073660715,337.68605856473215,911.0176164469246,412.57619673859125,42.5052443578869
2026-01-24 05:00:00+00:00,1611.4128,0.0,416.01675,342.87559999999996,457.71865,58.298125,1708.6578693715642,-1.7541902482193539,409.2745208107558,493.11556265849464,456.75097300869163,59.281730949296374,1168.4076301812997,5.705311073660715,337.68605856473215,911.0176164469246,412.57619673859125,42.5052443578869,1168.4076301812997,5.705311073660715,337.68605856473215,911.0176164469246,412.57619673859125,42.5052443578869
2026-01-24 06:00:00+00:00,1611.14005,0.0,415.27305,335.47872500000005,487.2389,57.049275,1548.1234870773942,0.13655011441195963,416.7166077527687,483.7415421586244,484.0383094654785,59.82050621652483,1168.4076301812997,5.705311073660715,337.68605856473215,911.0176164469246,412.57619673859125,42.5052443578869,1168.4076301812997,5.705311073660715,337.68605856473215,911.0176164469246,412.57619673859125,42.5052443578869
2026-01-24 07:00:00+00:00,1717.45245,0.0,415.88374999999996,491.28937499999995,511.7744,56.859925000000004,1906.1930224863927,15.175344717178868,403.0890842159457,635.9522019773241,491.6149998055702,56.87866800547026,1168.4076301812997,5.705311073660715,337.68605856473215,911.0176164469246,412.57619673859125,42.5052443578869,1168.4076301812997,5.705311073660715,337.68605856473215,911.0176164469246,412.57619673859125,42.5052443578869
2026-01-24 08:00:00+00:00,1788.5552,0.0,415.29425000000003,694.3797500000001,506.462425,59.142925,1810.3609689581563,-0.1240062561537858,405.4481429711537,646.6465449857851,491.1224388888598,60.10942054810182,1168.4076301812997,5.705311073660715,337.68605856473215,911.0176164469246,412.57619673859125,42.5052443578869,1168.4076301812997,5.705311073660715,337.68605856473215,911.0176164469246,412.57619673859125,42.5052443578869
2026-01-24 09:00:00+00:00,1649.809275,0.0,414.949975,563.4586999999999,487.04645,61.52185,1856.0521996379846,-4.59599149127145,404.74858714822085,565.5698556953283,475.05668503471423,59.12855146878755,1168.4076301812997,5.705311073660715,337.68605856473215,911.0176164469246,412.57619673859125,42.5052443578869,1168.4076301812997,5.705311073660715,337.68605856473215,911.0176164469246,412.57619673859125,42.5052443578869
2026-01-24 10:00:00+00:00,1636.36515,0.0,415.099875,462.43635,463.485225,61.386425,1712.0259707413306,-5.031885259394073,403.76978916745065,522.3224613054988,452.89098546611206,59.492773308304876,1168.4076301812997,5.705311073660715,337.68605856473215,911.0176164469246,412.57619673859125,42.5052443578869,1168.4076301812997,5.705311073660715,337.68605856473215,911.0176164469246,412.57619673859125,42.5052443578869
2026-01-24 11:00:00+00:00,1500.422275,0.0,415.180525,405.05049999999994,450.278825,63.30375,1644.8213893366687,0.9136657913685671,397.42694062265235,525.2884535104977,445.05619454249154,59.77082981589216,1168.4076301812997,5.705311073660715,337.68605856473215,911.0176164469246,412.57619673859125,42.5052443578869,1168.4076301812997,5.705311073660715,337.68605856473215,911.0176164469246,412.57619673859125,42.5052443578869
2026-01-24 12:00:00+00:00,1614.9857,0.0,414.37375000000003,368.4993999999999,448.85609999999997,62.97535,1641.516521110224,2.2890133312189493,401.6990950303508,501.396987164654,441.57287361757307,57.321066391314545,1168.4076301812997,5.705311073660715,337.68605856473215,911.0176164469246,412.57619673859125,42.5052443578869,1168.4076301812997,5.705311073660715,337.68605856473215,911.0176164469246,412.57619673859125,42.5052443578869
2026-01-24 13:00:00+00:00,1688.9980500000001,0.0,414.22855000000004,337.56072500000005,449.497025,62.646950000000004,1614.9721147894052,0.5979854111769676,397.3903152044046,538.6619135048527,449.6198470535051,61.16946722059192,1168.4076301812997,5.705311073660715,337.68605856473215,911.0176164469246,412.57619673859125,42.5052443578869,1168.4076301812997,5.705311073660715,337.68605856473215,911.0176164469246,412.57619673859125,42.5052443578869
2026-01-24 14:00:00+00:00,1647.4391249999999,0.0,414.139525,458.683425,458.2247,62.31855,1897.4674996957592,0.3278274086867947,411.0591229178151,577.0671196248561,464.2855423674786,65.78791588627242,1168.4076301812997,5.705311073660715,337.68605856473215,911.0176164469246,412.57619673859125,42.5052443578869,1168.4076301812997,5.705311073660715,337.68605856473215,911.0176164469246,412.57619673859125,42.5052443578869
2026-01-24 15:00:00+00:00,1563.6846249999999,0.0,414.84825,628.9095000000001,474.846175,61.99015,2037.7817778550789,0.969825117478365,412.8795854978386,755.025221015891,493.72221346619443,63.17039707985926,1168.4076301812997,5.705311073660715,337.68605856473215,911.0176164469246,412.57619673859125,42.5052443578869,1168.4076301812997,5.705311073660715,337.68605856473215,911.0176164469246,412.57619673859125,42.5052443578869
2026-01-24 16:00:00+00:00,1656.78125,0.0,414.623075,1200.594175,494.79095,62.6785,2168.5789585273405,9.789820826163297,406.832207884788,1098.5098698849872,508.34254042650593,61.02917195628968,1168.4076301812997,5.705311073660715,337.68605856473215,911.0176164469246,412.57619673859125,42.5052443578869,1168.4076301812997,5.705311073660715,337.68605856473215,911.0176164469246,412.57619673859125,42.5052443578869
2026-01-24 17:00:00+00:00,1677.849125,5.38395,414.690225,1158.5968750000002,503.1082,62.832225,2213.03180815188,11.14977790356896,414.84012876996667,1029.484811052105,505.0527015411336,62.06140279984854,1168.4076301812997,5.705311073660715,337.68605856473215,911.0176164469246,412.57619673859125,42.5052443578869,1168.4076301812997,5.705311073660715,337.68605856473215,911.0176164469246,412.57619673859125,42.5052443578869
2026-01-24 18:00:00+00:00,1678.216825,169.004075,414.78815,757.8638,494.9019,62.5517,2177.3488905696167,46.299665755286696,409.05179078642135,901.6939993962804,497.10983563884474,60.71413403332731,1168.4076301812997,5.705311073660715,337.68605856473215,911.0176164469246,412.57619673859125,42.5052443578869,1168.4076301812997,5.705311073660715,337.68605856473215,911.0176164469246,412.57619673859125,42.5052443578869
2026-01-24 19:00:00+00:00,1673.408575,169.2167,414.8508,390.6074000000001,477.29045,63.585925,1875.433282215168,26.2162904540303,415.6722274527816,729.9667330381224,481.07544779722815,60.139438858799494,1168.4076301812997,5.705311073660715,337.68605856473215,911.0176164469246,412.57619673859125,42.5052443578869,1168.4076301812997,5.705311073660715,337.68605856473215,911.0176164469246,412.57619673859125,42.5052443578869
2026-01-24 20:00:00+00:00,1671.20595,6.02585,415.06045,390.506,463.7427,61.147,1975.4541037538474,14.853408384707121,423.46590429913425,625.0254081714697,465.7254090099012,61.60461316669151,1168.4076301812997,5.705311073660715,337.68605856473215,911.0176164469246,412.57619673859125,42.5052443578869,1168.4076301812997,5.705311073660715,337.68605856473215,911.0176164469246,412.57619673859125,42.5052443578869
2026-01-24 21:00:00+00:00,1656.9578,0.0,414.994475,378.83822499999997,454.199475,61.533249999999995,1947.2256748051416,2.5823459272073865,418.313590282463,487.62366790095433,453.488961078348,59.41062636903635,1168.4076301812997,5.705311073660715,337.68605856473215,911.0176164469246,412.57619673859125,42.5052443578869,1168.4076301812997,5.705311073660715,337.68605856473215,911.0176164469246,412.57619673859125,42.5052443578869
2026-01-24 22:00:00+00:00,1507.2785,0.0,416.057675,338.3272750000001,441.58385,60.9354,1656.9720712235148,0.4691036330055738,408.26307629006675,415.38614581276505,440.937936792518,56.900029878195014,1168.4076301812997,5.705311073660715,337.68605856473215,911.0176164469246,412.57619673859125,42.5052443578869,1168.4076301812997,5.705311073660715,337.68605856473215,911.0176164469246,412.57619673859125,42.5052443578869
2026-01-24 23:00:00+00:00,1475.778425,0.0,416.34614999999997,329.837525,431.071425,58.545325,1664.0333218010687,0.2628277844322069,406.5040944660228,424.2360983108601,432.10178892498834,56.91773326173566,1168.4076301812997,5.705311073660715,337.68605856473215,911.0176164469246,412.57619673859125,42.5052443578869,1168.4076301812997,5.705311073660715,337.68605856473215,911.0176164469246,412.57619673859125,42.5052443578869
2026-01-25 00:00:00+00:00,1452.84505,0.0,417.39412500000003,323.78767500000004,426.286675,57.48715,1657.4679046388196,0.09736136244670046,412.9193023414738,386.07751481297555,424.33286874368605,53.55864712823773,1168.4076301812997,5.705311073660715,337.68605856473215,911.0176164469246,412.57619673859125,42.5052443578869,1168.4076301812997,5.705311073660715,337.68605856473215,911.0176164469246,412.57619673859125,42.5052443578869
2026-01-25 01:00:00+00:00,1440.207475,0.0,445.6629,321.30217500000003,428.16925,48.895025,1686.5818304950099,-0.738141856964206,430.44171597743656,400.63554941344717,426.35903258997206,48.92219343329995,1168.4076301812997,5.705311073660715,337.68605856473215,911.0176164469246,412.57619673859125,42.5052443578869,1168.4076301812997,5.705311073660715,337.68605856473215,911.0176164469246,412.57619673859125,42.5052443578869
2026-01-25 02:00:00+00:00,1433.0688,0.0,445.9001,324.001175,429.6605,53.494325,1633.3393115418348,0.48912818455975327,433.19390674042586,430.7055277237369,425.62740033775214,53.49373965042033,1168.4076301812997,5.705311073660715,337.68605856473215,911.0176164469246,412.57619673859125,42.5052443578869,1168.4076301812997,5.705311073660715,337.68605856473215,911.0176164469246,412.57619673859125,42.5052443578869
2026-01-25 03:00:00+00:00,1435.296525,0.0,445.819475,320.674975,427.279875,58.1589,1591.3894087342405,0.25065923553622316,419.17159282188607,418.0895507336591,428.05134775100885,57.67418850151504,1168.4076301812997,5.705311073660715,337.68605856473215,911.0176164469246,412.57619673859125,42.5052443578869,1168.4076301812997,5.705311073660715,337.68605856473215,911.0176164469246,412.57619673859125,42.5052443578869
2026-01-25 04:00:00+00:00,1442.465875,0.0,445.8227,324.9823,434.0054,63.65865,1460.8242573644366,0.6462174991785474,425.51672763191823,431.56233054453367,431.83274139140536,55.515102955503544,1168.4076301812997,5.705311073660715,337.68605856473215,911.0176164469246,412.57619673859125,42.5052443578869,1168.4076301812997,5.705311073660715,337.68605856473215,911.0176164469246,412.57619673859125,42.5052443578869
2026-01-25 05:00:00+00:00,1440.32565,0.0,445.72702499999997,336.6557,451.71895,63.2723,1509.679263751978,0.3571747308468636,419.82798072548906,448.48889323641583,453.6789479824531,52.50515445994189,1168.4076301812997,5.705311073660715,337.68605856473215,911.0176164469246,412.57619673859125,42.5052443578869,1168.4076301812997,5.705311073660715,337.68605856473215,911.0176164469246,412.57619673859125,42.5052443578869
2026-01-25 06:00:00+00:00,1471.432675,0.0,435.827675,354.33277499999997,476.1647,61.7725,1390.4529522919106,0.3571747308468636,410.14893455852376,434.2250820942726,475.04236075253243,54.63300710630891,1168.4076301812997,5.705311073660715,337.68605856473215,911.0176164469246,412.57619673859125,42.5052443578869,1168.4076301812997,5.705311073660715,337.68605856473215,911.0176164469246,412.57619673859125,42.5052443578869
2026-01-25 07:00:00+00:00,1462.190275,0.0,436.62295,338.34725000000003,497.603925,60.537475,1520.3990405364548,2.5346568062670443,398.8824494388911,502.0707339209708,491.886391830903,55.352411778283496,1168.4076301812997,5.705311073660715,337.68605856473215,911.0176164469246,412.57619673859125,42.5052443578869,1168.4076301812997,5.705311073660715,337.68605856473215,911.0176164469246,412.57619673859125,42.5052443578869
2026-01-25 08:00:00+00:00,1469.0645,0.0,432.11467500000003,346.8355,496.12865,61.70625,1565.1930432171162,3.0316413363712758,391.2926860917672,644.0878638457758,490.2010681366117,54.911339536713044,1168.4076301812997,5.705311073660715,337.68605856473215,911.0176164469246,412.57619673859125,42.5052443578869,1168.4076301812997,5.705311073660715,337.68605856473215,911.0176164469246,412.57619673859125,42.5052443578869
2026-01-25 09:00:00+00:00,1473.527975,0.0,429.327375,328.65305,479.321,60.707875,1829.0330947027587,-1.6546599967755817,422.8175684662362,509.2289431591181,476.01242510766934,60.05696807973041,1168.4076301812997,5.705311073660715,337.68605856473215,911.0176164469246,412.57619673859125,42.5052443578869,1168.4076301812997,5.705311073660715,337.68605856473215,911.0176164469246,412.57619673859125,42.5052443578869
2026-01-25 10:00:00+00:00,1477.9355249999999,0.0,427.9493,372.969475,458.430375,62.567350000000005,1893.636187813266,-2.0920930701130303,424.8075558783014,517.394934723495,463.61390075872447,63.668129137630366,1168.4076301812997,5.705311073660715,337.68605856473215,911.0176164469246,412.57619673859125,42.5052443578869,1168.4076301812997,5.705311073660715,337.68605856473215,911.0176164469246,412.57619673859125,42.5052443578869
2026-01-25 11:00:00+00:00,1477.70545,0.0,427.45895,503.806625,454.8807,63.727925,1709.5742209499876,-0.2759885501709558,405.4394335279909,547.0140608058529,456.12454722008323,62.575630896571425,1168.4076301812997,5.705311073660715,337.68605856473215,911.0176164469246,412.57619673859125,42.5052443578869,1168.4076301812997,5.705311073660715,337.68605856473215,911.0176164469246,412.57619673859125,42.5052443578869
2026-01-25 12:00:00+00:00,1464.8402,0.0,428.142275,400.4312749999999,451.84159999999997,62.592775,1518.5165391995888,4.045209304392207,419.6105253192701,537.2432831993124,453.33975383102677,60.82757983173916,1168.4076301812997,5.705311073660715,337.68605856473215,911.0176164469246,412.57619673859125,42.5052443578869,1168.4076301812997,5.705311073660715,337.68605856473215,911.0176164469246,412.57619673859125,42.5052443578869
2026-01-25 13:00:00+00:00,1466.2904250000001,0.0,428.097875,439.16187500000007,463.06487500000003,60.766925,1543.3891617472382,4.699253807817996,416.2624679200186,524.8853073518114,456.33921054330807,62.46323829698,1168.4076301812997,5.705311073660715,337.68605856473215,911.0176164469246,412.57619673859125,42.5052443578869,1168.4076301812997,5.705311073660715,337.68605856473215,911.0176164469246,412.57619673859125,42.5052443578869
2026-01-25 14:00:00+00:00,1481.40975,0.0,428.08005,482.1093,483.39572499999997,60.62775,1725.8921262407814,5.133028758380768,432.0073948745679,659.58613549245,468.1717021691264,62.333446708968,1168.4076301812997,5.705311073660715,337.68605856473215,911.0176164469246,412.57619673859125,42.5052443578869,1168.4076301812997,5.705311073660715,337.68605856473215,911.0176164469246,412.57619673859125,42.5052443578869
2026-01-25 15:00:00+00:00,1568.41955,0.0,427.97505,698.831275,500.905475,57.0792,1893.8795124409335,4.211681853099667,424.30030796945016,680.6183349939369,492.55349846941834,60.960468950944076,1168.4076301812997,5.705311073660715,337.68605856473215,911.0176164469246,412.57619673859125,42.5052443578869,1168.4076301812997,5.705311073660715,337.68605856473215,911.0176164469246,412.57619673859125,42.5052443578869
2026-01-25 16:00:00+00:00,1642.2581,0.0,440.48017500000003,1330.770125,519.605775,59.789675,2183.814387702013,1.9034766359825759,429.76530683937017,986.4653747073272,511.29944938929333,62.85983021418059,1168.4076301812997,5.705311073660715,337.68605856473215,911.0176164469246,412.57619673859125,42.5052443578869,1168.4076301812997,5.705311073660715,337.68605856473215,911.0176164469246,412.57619673859125,42.5052443578869
2026-01-25 17:00:00+00:00,1654.02935,0.0,444.48632499999997,1326.6184,519.398225,61.414500000000004,2258.3473542526226,0.858957685749588,420.2050375320694,961.0323094111257,509.1631595502276,63.70927473039776,1168.4076301812997,5.705311073660715,337.68605856473215,911.0176164469246,412.57619673859125,42.5052443578869,1168.4076301812997,5.705311073660715,337.68605856473215,911.0176164469246,412.57619673859125,42.5052443578869
2026-01-25 18:00:00+00:00,1658.2533,0.0,444.405425,1233.6456,506.607525,62.18285,1841.8936700764293,-0.5449940687989585,432.6460458727502,767.2267491429582,501.2794633725456,62.51251803122629,1168.4076301812997,5.705311073660715,337.68605856473215,911.0176164469246,412.57619673859125,42.5052443578869,1168.4076301812997,5.705311073660715,337.68605856473215,911.0176164469246,412.57619673859125,42.5052443578869
2026-01-25 19:00:00+00:00,1615.184425,0.0,444.56395000000003,725.20455,501.6697,62.62795,1732.3857788312748,-2.2375437359692727,440.5268179701852,686.5864410796116,487.96854898019984,62.986544915139525,1168.4076301812997,5.705311073660715,337.68605856473215,911.0176164469246,412.57619673859125,42.5052443578869,1168.4076301812997,5.705311073660715,337.68605856473215,911.0176164469246,412.57619673859125,42.5052443578869
2026-01-25 20:00:00+00:00,1626.85495,0.0,436.44505000000004,483.0497,489.3396,63.665325,1792.890087720767,2.8576770870474784,444.38715246156505,589.2907992293951,475.01816177898644,64.50195125061674,1168.4076301812997,5.705311073660715,337.68605856473215,911.0176164469246,412.57619673859125,42.5052443578869,1168.4076301812997,5.705311073660715,337.68605856473215,911.0176164469246,412.57619673859125,42.5052443578869
2026-01-25 21:00:00+00:00,1647.91795,0.0,437.83495,1069.810425,473.0949,63.559371875000004,1767.91076943415,5.81597477042076,446.1829072525453,549.1704245712046,458.38097980665793,63.85441118942205,1168.4076301812997,5.705311073660715,337.68605856473215,911.0176164469246,412.57619673859125,42.5052443578869,1168.4076301812997,5.705311073660715,337.68605856473215,911.0176164469246,412.57619673859125,42.5052443578869
2026-01-25 22:00:00+00:00,1650.1558,0.0,444.463325,742.235775,459.26165,63.453418750000004,1741.4581911100017,0.09906579544309935,432.78508563194407,443.4389123804544,448.9669890774562,65.11767978876631,1168.4076301812997,5.705311073660715,337.68605856473215,911.0176164469246,412.57619673859125,42.5052443578869,1168.4076301812997,5.705311073660715,337.68605856473215,911.0176164469246,412.57619673859125,42.5052443578869
2026-01-25 23:00:00+00:00,1634.0832,0.0,439.31960000000004,514.6003000000001,443.67562499999997,63.347465625000005,1669.2290017787927,-2.1544126073861474,430.6032618163114,437.6606518897272,437.33094281212476,62.736611498420416,1168.4076301812997,5.705311073660715,337.68605856473215,911.0176164469246,412.57619673859125,42.5052443578869,1168.4076301812997,5.705311073660715,337.68605856473215,911.0176164469246,412.57619673859125,42.5052443578869
2026-01-26 00:00:00+00:00,1624.97125,0.0,431.157825,509.3581999999999,435.03625,63.2415125,1877.638253996198,-0.8844339276065964,421.22106745608187,441.2186444034168,425.52006259138835,59.04074278409546,1168.4076301812997,5.705311073660715,337.68605856473215,911.0176164469246,412.57619673859125,42.5052443578869,1168.4076301812997,5.705311073660715,337.68605856473215,911.0176164469246,412.57619673859125,42.5052443578869
2026-01-26 01:00:00+00:00,1660.4774750000001,0.0,431.803275,334.3133,432.088175,63.135559375,1722.2929555790026,7.741606876221648,422.18424865910765,403.7952230729664,424.232940312974,60.66875576660611,1168.4076301812997,5.705311073660715,337.68605856473215,911.0176164469246,412.57619673859125,42.5052443578869,1168.4076301812997,5.705311073660715,337.68605856473215,911.0176164469246,412.57619673859125,42.5052443578869
2026-01-26 02:00:00+00:00,1807.02425,0.0,432.7085,357.58912499999997,430.205225,63.02960625,1805.3728842641276,3.8478336280803083,437.55693094329536,382.96589921931616,425.8445448954569,62.42833370315904,1168.4076301812997,5.705311073660715,337.68605856473215,911.0176164469246,412.57619673859125,42.5052443578869,1168.4076301812997,5.705311073660715,337.68605856473215,911.0176164469246,412.57619673859125,42.5052443578869
2026-01-26 03:00:00+00:00,1732.81745,0.0,433.82347500000003,325.799525,430.0977,62.923653125,1975.9521893170727,14.631021120934951,431.9481167308992,381.41818743344675,421.63872929394154,61.68632427792983,1168.4076301812997,5.705311073660715,337.68605856473215,911.0176164469246,412.57619673859125,42.5052443578869,1168.4076301812997,5.705311073660715,337.68605856473215,911.0176164469246,412.57619673859125,42.5052443578869
2026-01-26 04:00:00+00:00,1963.5153500000001,93.21135000000001,443.6078,343.88300000000004,440.3183,62.8177,2085.2307841254697,27.847970845847378,425.318812615221,447.5600463106701,431.0453910234585,63.34299391941535,1168.4076301812997,5.705311073660715,337.68605856473215,911.0176164469246,412.57619673859125,42.5052443578869,1168.4076301812997,5.705311073660715,337.68605856473215,911.0176164469246,412.57619673859125,42.5052443578869
2026-01-26 05:00:00+00:00,2230.17675,105.64513750000002,447.019585,536.0441500000001,462.971775,60.49045,2620.5739359616773,48.56763935437922,431.51705022137816,735.3657329934545,457.90778019301956,58.77944218974601,1168.4076301812997,5.705311073660715,337.68605856473215,911.0176164469246,412.57619673859125,42.5052443578869,1168.4076301812997,5.705311073660715,337.68605856473215,911.0176164469246,412.57619673859125,42.5052443578869
2026-01-26 06:00:00+00:00,2267.715575,118.07892500000001,450.43137,963.773775,487.20905,61.560249999999996,2695.7988592743664,108.88984220561402,442.9548628513449,1004.1341523725396,479.90175124383916,57.78119607775852,1168.4076301812997,5.705311073660715,337.68605856473215,911.0176164469246,412.57619673859125,42.5052443578869,1168.4076301812997,5.705311073660715,337.68605856473215,911.0176164469246,412.57619673859125,42.5052443578869
2026-01-26 07:00:00+00:00,2406.1641250000002,130.51271250000002,453.843155,920.65365,502.197675,63.342,2723.7726941480787,121.28938501492348,466.39163290396164,1342.5846956176645,494.3299615524889,60.049505388157385,1168.4076301812997,5.705311073660715,337.68605856473215,911.0176164469246,412.57619673859125,42.5052443578869,1168.4076301812997,5.705311073660715,337.68605856473215,911.0176164469246,412.57619673859125,42.5052443578869
2026-01-26 08:00:00+00:00,2559.35995,142.94650000000001,457.25494,1150.79125,501.329175,63.392153125,2776.658569199033,151.78357446151563,473.7434767889204,1380.093441341537,490.9448825173034,59.53571647315941,1168.4076301812997,5.705311073660715,337.68605856473215,911.0176164469246,412.57619673859125,42.5052443578869,1168.4076301812997,5.705311073660715,337.68605856473215,911.0176164469246,412.57619673859125,42.5052443578869
2026-01-26 09:00:00+00:00,2571.949825,120.32815,460.666725,1347.960325,482.780125,63.44230625,2721.8166112665976,129.8873025192421,471.09122111707734,1342.3114394189552,477.83260337626643,64.20765853236556,1168.4076301812997,5.705311073660715,337.68605856473215,911.0176164469246,412.57619673859125,42.5052443578869,1168.4076301812997,5.705311073660715,337.68605856473215,911.0176164469246,412.57619673859125,42.5052443578869
2026-01-26 10:00:00+00:00,2565.1596,120.301975,464.07851,1016.7594000000001,462.1214,63.492459374999996,2688.711954362414,124.48579409297461,476.53277473270816,1197.551754695325,463.62793448316546,65.00032339701168,1168.4076301812997,5.705311073660715,337.68605856473215,911.0176164469246,412.57619673859125,42.5052443578869,1168.4076301812997,5.705311073660715,337.68605856473215,911.0176164469246,412.57619673859125,42.5052443578869
2026-01-26 11:00:00+00:00,2557.545925,120.281925,467.490295,1095.472575,449.66295,63.5426125,2568.0949681866323,94.01765205213398,465.95282855953803,1137.5799151740252,449.553009874837,66.11413231495314,1168.4076301812997,5.705311073660715,337.68605856473215,911.0176164469246,412.57619673859125,42.5052443578869,1168.4076301812997,5.705311073660715,337.68605856473215,911.0176164469246,412.57619673859125,42.5052443578869
2026-01-26 12:00:00+00:00,2543.6258749999997,120.22347500000001,470.90208,1132.363675,442.0662,63.592765625,2649.5312990529656,94.95978124878698,469.68788039218964,1031.6400401426738,447.0869140915463,65.47000824372753,1168.4076301812997,5.705311073660715,337.68605856473215,911.0176164469246,412.57619673859125,42.5052443578869,1168.4076301812997,5.705311073660715,337.68605856473215,911.0176164469246,412.57619673859125,42.5052443578869
2026-01-26 13:00:00+00:00,2496.804325,119.62890000000002,474.313865,1056.3462749999999,451.061675,63.64291874999999,2555.906071387361,93.234616080091,466.3471871851039,1003.6517319904847,450.37947482406304,64.93119602228475,1168.4076301812997,5.705311073660715,337.68605856473215,911.0176164469246,412.57619673859125,42.5052443578869,1168.4076301812997,5.705311073660715,337.68605856473215,911.0176164469246,412.57619673859125,42.5052443578869
2026-01-26 14:00:00+00:00,2469.558275,119.64150000000001,477.72565000000003,1085.647075,462.06995,63.693071874999994,2390.6644573577078,81.28023769951517,459.9663012311979,1035.1643767200935,461.7717298694191,63.673386877036364,1168.4076301812997,5.705311073660715,337.68605856473215,911.0176164469246,412.57619673859125,42.5052443578869,1168.4076301812997,5.705311073660715,337.68605856473215,911.0176164469246,412.57619673859125,42.5052443578869
2026-01-26 15:00:00+00:00,2443.940075,7.045575,481.137435,1055.4756750000001,494.38687500000003,63.743224999999995,2391.671428930834,39.27421649543695,465.26840282417913,1103.776521501322,495.75537583815645,63.12575546602143,1168.4076301812997,5.705311073660715,337.68605856473215,911.0176164469246,412.57619673859125,42.5052443578869,1168.4076301812997,5.705311073660715,337.68605856473215,911.0176164469246,412.57619673859125,42.5052443578869
2026-01-26 16:00:00+00:00,2244.530775,0.0,484.54922,1546.108325,512.61385,63.82595,2542.7039434922335,35.09565473126971,458.46162029568586,1536.659845641549,511.3287927273807,65.03121540409515,1168.4076301812997,5.705311073660715,337.68605856473215,911.0176164469246,412.57619673859125,42.5052443578869,1168.4076301812997,5.705311073660715,337.68605856473215,911.0176164469246,412.57619673859125,42.5052443578869
2026-01-26 17:00:00+00:00,2209.7378,0.0,487.961005,1599.23945,514.3047750000001,63.908674999999995,2570.469143441059,19.999708546102575,467.4953685709486,1530.8577413712464,506.69070100431594,64.04967686339569,1168.4076301812997,5.705311073660715,337.68605856473215,911.0176164469246,412.57619673859125,42.5052443578869,1168.4076301812997,5.705311073660715,337.68605856473215,911.0176164469246,412.57619673859125,42.5052443578869
2026-01-26 18:00:00+00:00,2314.943125,0.0,491.37279,1317.0755499999998,498.19725,63.9914,2609.8279388563346,3.52739444756932,478.1457667859919,1182.7540289774638,501.5983040079576,60.51054507030245,1168.4076301812997,5.705311073660715,337.68605856473215,911.0176164469246,412.57619673859125,42.5052443578869,1168.4076301812997,5.705311073660715,337.68605856473215,911.0176164469246,412.57619673859125,42.5052443578869
2026-01-26 19:00:00+00:00,2348.971175,0.0,494.784575,903.3125,481.38165,63.9908175,2598.5505116131885,7.340472796316377,434.2722553968656,1110.7710388429048,486.79358076629785,62.89207780748802,1168.4076301812997,5.705311073660715,337.68605856473215,911.0176164469246,412.57619673859125,42.5052443578869,1168.4076301812997,5.705311073660715,337.68605856473215,911.0176164469246,412.57619673859125,42.5052443578869
2026-01-26 20:00:00+00:00,2371.0643999999998,0.0,435.20050000000003,781.653325,466.8817,63.990235,2536.256329673772,7.706717474788059,415.30218973504657,715.5863345035657,471.72353489978883,54.47866993804867,1168.4076301812997,5.705311073660715,337.68605856473215,911.0176164469246,412.57619673859125,42.5052443578869,1168.4076301812997,5.705311073660715,337.68605856473215,911.0176164469246,412.57619673859125,42.5052443578869
2026-01-26 21:00:00+00:00,2398.430825,0.0,433.6551,544.5606999999999,453.319975,63.9896525,2553.3735370423865,4.958458159926323,407.378170920898,688.2574815248887,457.5599278820635,54.91789171465351,1168.4076301812997,5.705311073660715,337.68605856473215,911.0176164469246,412.57619673859125,42.5052443578869,1168.4076301812997,5.705311073660715,337.68605856473215,911.0176164469246,412.57619673859125,42.5052443578869
2026-01-26 22:00:00+00:00,2389.497125,0.0,410.446575,454.7318250000001,436.959275,63.98907,2366.3595766545227,7.724390610603196,408.0655868859522,615.6767763375242,443.02528302863345,59.51627446533271,1168.4076301812997,5.705311073660715,337.68605856473215,911.0176164469246,412.57619673859125,42.5052443578869,1168.4076301812997,5.705311073660715,337.68605856473215,911.0176164469246,412.57619673859125,42.5052443578869
2026-01-26 23:00:00+00:00,2245.89575,0.0,404.4854,453.3022250000001,427.700475,63.9884875,2291.859886739929,1.709393015288072,407.98283808473013,614.8900571222043,433.0971128313671,57.902829142423656,1168.4076301812997,5.705311073660715,337.68605856473215,911.0176164469246,412.57619673859125,42.5052443578869,1168.4076301812997,5.705311073660715,337.68605856473215,911.0176164469246,412.57619673859125,42.5052443578869
2026-01-27 00:00:00+00:00,2276.52655,0.0,404.59094999999996,510.26005000000004,418.805775,63.987905,2385.6119058094605,1.823796027453886,400.22667810513406,626.4731889266429,426.63051356254476,58.70421714961488,1168.4076301812997,5.705311073660715,337.68605856473215,911.0176164469246,412.57619673859125,42.5052443578869,1168.4076301812997,5.705311073660715,337.68605856473215,911.0176164469246,412.57619673859125,42.5052443578869
2026-01-27 01:00:00+00:00,2363.2613,0.0,404.6083,512.0324,418.215425,63.9873225,2449.787654125729,0.5296172525721738,381.2440664408872,647.1221069148895,425.3758363491778,53.444048866397125,1168.4076301812997,5.705311073660715,337.68605856473215,911.0176164469246,412.57619673859125,42.5052443578869,1168.4076301812997,5.705311073660715,337.68605856473215,911.0176164469246,412.57619673859125,42.5052443578869
2026-01-27 02:00:00+00:00,2456.98455,17.243025,404.52575,449.130925,417.15745,63.98674,2440.105505082709,1.5998815064571854,382.8843949599695,595.1624219660707,425.87006929859905,61.607665841948645,1168.4076301812997,5.705311073660715,337.68605856473215,911.0176164469246,412.57619673859125,42.5052443578869,1168.4076301812997,5.705311073660715,337.68605856473215,911.0176164469246,412.57619673859125,42.5052443578869
2026-01-27 03:00:00+00:00,2518.052675,131.6539,403.749225,522.40055,419.819625,63.9861575,2466.460655127591,20.092196304342156,395.7088582909597,575.6363520716181,424.7867716883401,60.10547810908526,1168.4076301812997,5.705311073660715,337.68605856473215,911.0176164469246,412.57619673859125,42.5052443578869,1168.4076301812997,5.705311073660715,337.68605856473215,911.0176164469246,412.57619673859125,42.5052443578869
2026-01-27 04:00:00+00:00,2492.170275,127.320555,435.633175,628.6167,433.999,63.985575,2444.5823808802015,29.49762856277617,404.5854534330681,733.2169213169675,428.68069228639484,55.41127672029941,1168.4076301812997,5.705311073660715,337.68605856473215,911.0176164469246,412.57619673859125,42.5052443578869,1168.4076301812997,5.705311073660715,337.68605856473215,911.0176164469246,412.57619673859125,42.5052443578869
2026-01-27 05:00:00+00:00,2454.593,122.98720999999999,463.2508,1631.769625,453.35497499999997,63.843087499999996,2627.588312097401,68.57127997303265,432.9576601086749,1269.74035250763,455.7592244902264,55.38111354316307,1168.4076301812997,5.705311073660715,337.68605856473215,911.0176164469246,412.57619673859125,42.5052443578869,1168.4076301812997,5.705311073660715,337.68605856473215,911.0176164469246,412.57619673859125,42.5052443578869
2026-01-27 06:00:00+00:00,2435.547975,118.65386499999998,463.28528125,1866.5491,476.646675,63.7006,2774.964361680767,104.68320194383047,461.43340542532377,1711.3837246660241,483.9026602091957,53.800133170540896,1168.4076301812997,5.705311073660715,337.68605856473215,911.0176164469246,412.57619673859125,42.5052443578869,1168.4076301812997,5.705311073660715,337.68605856473215,911.0176164469246,412.57619673859125,42.5052443578869
2026-01-27 07:00:00+00:00,2451.7304,114.32052,463.3197625,1915.903025,493.8267,63.71049642857143,2686.852938617795,123.3803462435127,466.88626770556766,1916.259018056929,491.7951033440047,59.63734519949807,1168.4076301812997,5.705311073660715,337.68605856473215,911.0176164469246,412.57619673859125,42.5052443578869,1168.4076301812997,5.705311073660715,337.68605856473215,911.0176164469246,412.57619673859125,42.5052443578869
2026-01-27 08:00:00+00:00,2487.4627,109.987175,463.35424375,1516.5194499999998,493.0937,63.720392857142855,2622.0956094454104,74.97145832111713,470.71488851306765,1529.851584447264,491.01961012044694,60.746808207702365,1168.4076301812997,5.705311073660715,337.68605856473215,911.0176164469246,412.57619673859125,42.5052443578869,1168.4076301812997,5.705311073660715,337.68605856473215,911.0176164469246,412.57619673859125,42.5052443578869
2026-01-27 09:00:00+00:00,2683.897725,0.0,463.388725,794.371275,469.43995,63.730289285714285,2686.1330265504075,11.409729266812123,441.172293423553,993.6800044929581,477.1180796362842,63.44971956568298,1168.4076301812997,5.705311073660715,337.68605856473215,911.0176164469246,412.57619673859125,42.5052443578869,1168.4076301812997,5.705311073660715,337.68605856473215,911.0176164469246,412.57619673859125,42.5052443578869
2026-01-27 10:00:00+00:00,2822.27695,0.0,354.9433,691.1356,457.126525,63.740185714285715,2480.6669986023,-3.255721068721572,394.94212634766274,737.2433034885728,457.7882185575743,64.41558189322802,1168.4076301812997,5.705311073660715,337.68605856473215,911.0176164469246,412.57619673859125,42.5052443578869,1168.4076301812997,5.705311073660715,337.68605856473215,911.0176164469246,412.57619673859125,42.5052443578869
2026-01-27 11:00:00+00:00,2789.47635,0.0,333.87917500000003,548.733825,448.81375,63.750082142857146,2562.1709991226803,-1.7886330302257578,380.9056351203398,659.6833341043932,448.5740293731971,64.133903087466,1168.4076301812997,5.705311073660715,337.68605856473215,911.0176164469246,412.57619673859125,42.5052443578869,1168.4076301812997,5.705311073660715,337.68605856473215,911.0176164469246,412.57619673859125,42.5052443578869
2026-01-27 12:00:00+00:00,2770.896925,0.0,333.963175,447.3021499999999,443.96595,63.75997857142857,2480.9490702256226,4.553803642194064,362.6150980949686,584.9067890290637,442.5249546293856,62.12918197713651,1168.4076301812997,5.705311073660715,337.68605856473215,911.0176164469246,412.57619673859125,42.5052443578869,1168.4076301812997,5.705311073660715,337.68605856473215,911.0176164469246,412.57619673859125,42.5052443578869
2026-01-27 13:00:00+00:00,2853.063925,0.0,333.9078,449.6964750000001,458.04815,63.769875,2689.740834809405,-0.9895423236400758,361.15944473191183,642.1018848597389,456.1859906239393,63.9002278864592,1168.4076301812997,5.705311073660715,337.68605856473215,911.0176164469246,412.57619673859125,42.5052443578869,1168.4076301812997,5.705311073660715,337.68605856473215,911.0176164469246,412.57619673859125,42.5052443578869
2026-01-27 14:00:00+00:00,2967.3352749999995,0.0,333.648475,452.07812500000006,480.4977,63.825525,2736.9006850564706,10.972261213126409,359.309954018844,787.350549437975,471.7818851178003,63.59332360073792,1168.4076301812997,5.705311073660715,337.68605856473215,911.0176164469246,412.57619673859125,42.5052443578869,1168.4076301812997,5.705311073660715,337.68605856473215,911.0176164469246,412.57619673859125,42.5052443578869
2026-01-27 15:00:00+00:00,2969.781,0.0,343.797575,530.25,502.5589,63.881175,2809.5534827681763,-2.348600481017904,375.9061349406204,743.0893232679036,497.99797253677747,62.17106800531599,1168.4076301812997,5.705311073660715,337.68605856473215,911.0176164469246,412.57619673859125,42.5052443578869,1168.4076301812997,5.705311073660715,337.68605856473215,911.0176164469246,412.57619673859125,42.5052443578869
2026-01-27 16:00:00+00:00,2955.958,0.0,373.834575,542.77745,518.6502499999999,63.936825,2981.8540461062785,12.034900082812397,404.4235236048793,895.5551690315629,512.9086614955382,63.649517098764505,1168.4076301812997,5.705311073660715,337.68605856473215,911.0176164469246,412.57619673859125,42.5052443578869,1168.4076301812997,5.705311073660715,337.68605856473215,911.0176164469246,412.57619673859125,42.5052443578869
2026-01-27 17:00:00+00:00,2950.08925,0.0,392.5443,680.6227250000001,513.64075,63.74590357142857,2896.506625658438,-3.382034811674737,420.3721706647976,827.173966657215,508.2239048115272,64.31029045032449,1168.4076301812997,5.705311073660715,337.68605856473215,911.0176164469246,412.57619673859125,42.5052443578869,1168.4076301812997,5.705311073660715,337.68605856473215,911.0176164469246,412.57619673859125,42.5052443578869
2026-01-27 18:00:00+00:00,2958.1253749999996,0.0,403.16657499999997,669.39255,510.88865,63.55498214285714,2836.428304847224,-2.4717544249715164,409.3760517456097,726.9979911034728,503.1081482642186,63.90024515423309,1168.4076301812997,5.705311073660715,337.68605856473215,911.0176164469246,412.57619673859125,42.5052443578869,1168.4076301812997,5.705311073660715,337.68605856473215,911.0176164469246,412.57619673859125,42.5052443578869
2026-01-27 19:00:00+00:00,2960.6917250000006,0.0,404.35515,648.3174,494.1942,63.36406071428571,2794.8180629624494,1.1378688249849587,388.703750167056,734.3776776805641,487.15658364611033,61.11328573374021,1168.4076301812997,5.705311073660715,337.68605856473215,911.0176164469246,412.57619673859125,42.5052443578869,1168.4076301812997,5.705311073660715,337.68605856473215,911.0176164469246,412.57619673859125,42.5052443578869
2026-01-27 20:00:00+00:00,2958.549675,0.0,404.301625,935.90355,481.7718,63.173139285714285,2907.9966447269508,-0.2205250470988247,398.9131217826413,736.8776704459689,472.62133076169704,61.85953193273595,1168.4076301812997,5.705311073660715,337.68605856473215,911.0176164469246,412.57619673859125,42.5052443578869,1168.4076301812997,5.705311073660715,337.68605856473215,911.0176164469246,412.57619673859125,42.5052443578869
2026-01-27 21:00:00+00:00,2705.402925,0.0,404.50325,967.2752,465.17240000000004,62.98221785714286,2686.9085661902577,-0.8104654366934128,410.7378363973738,756.2032900164085,458.03418810297535,62.0720121411114,1168.4076301812997,5.705311073660715,337.68605856473215,911.0176164469246,412.57619673859125,42.5052443578869,1168.4076301812997,5.705311073660715,337.68605856473215,911.0176164469246,412.57619673859125,42.5052443578869
2026-01-27 22:00:00+00:00,2469.0018250000003,0.0,404.670825,515.415175,450.903275,62.79129642857143,2452.3728354897876,2.6302864872551353,402.0171684434774,598.2997326994225,439.57567823816146,63.46426560400384,1168.4076301812997,5.705311073660715,337.68605856473215,911.0176164469246,412.57619673859125,42.5052443578869,1168.4076301812997,5.705311073660715,337.68605856473215,911.0176164469246,412.57619673859125,42.5052443578869
2026-01-27 23:00:00+00:00,2469.07985,0.0,378.37677499999995,491.55285,434.30815,62.600375,2492.156937305447,3.2783143225721605,384.05126061809835,560.6442768628206,428.1644071704466,61.962340350344235,1168.4076301812997,5.705311073660715,337.68605856473215,911.0176164469246,412.57619673859125,42.5052443578869,1168.4076301812997,5.705311073660715,337.68605856473215,911.0176164469246,412.57619673859125,42.5052443578869
2026-01-28 00:00:00+00:00,2412.2108749999998,0.0,373.781625,509.79275,432.033375,64.04885,2690.703954644318,-0.00828479152543693,383.350012978365,570.2201291787119,418.79681105676013,60.78361617093601,1168.4076301812997,5.705311073660715,337.68605856473215,911.0176164469246,412.57619673859125,42.5052443578869,1168.4076301812997,5.705311073660715,337.68605856473215,911.0176164469246,412.57619673859125,42.5052443578869
2026-01-28 01:00:00+00:00,2418.879875,0.0,373.87260000000003,526.313625,425.592225,63.399675,2559.4347718998706,2.3678963092367713,376.2580962483406,538.4321623386084,418.8730467206201,61.45681479293294,1168.4076301812997,5.705311073660715,337.68605856473215,911.0176164469246,412.57619673859125,42.5052443578869,1168.4076301812997,5.705311073660715,337.68605856473215,911.0176164469246,412.57619673859125,42.5052443578869
2026-01-28 02:00:00+00:00,2664.362925,0.0,373.787325,425.830975,426.96565,62.7505,2641.69563938869,3.6161376702978485,391.0962168926136,534.5287704929376,419.73281400303597,60.995752291139695,1168.4076301812997,5.705311073660715,337.68605856473215,911.0176164469246,412.57619673859125,42.5052443578869,1168.4076301812997,5.705311073660715,337.68605856473215,911.0176164469246,412.57619673859125,42.5052443578869
2026-01-28 03:00:00+00:00,3003.0143,0.0,373.466625,416.0155250000001,432.8497,62.101325,2657.2952620400815,2.1880014121343194,390.0686586139935,546.5239752860566,427.6912441996559,56.97920294694924,1168.4076301812997,5.705311073660715,337.68605856473215,911.0176164469246,412.57619673859125,42.5052443578869,1168.4076301812997,5.705311073660715,337.68605856473215,911.0176164469246,412.57619673859125,42.5052443578869
2026-01-28 04:00:00+00:00,3314.03995,0.0,373.514775,449.6928500000001,441.15635,61.45215,2974.4662889646156,4.946870554412272,384.1265112696158,551.1599893427478,432.33017906525737,55.388224440025795,1168.4076301812997,5.705311073660715,337.68605856473215,911.0176164469246,412.57619673859125,42.5052443578869,1168.4076301812997,5.705311073660715,337.68605856473215,911.0176164469246,412.57619673859125,42.5052443578869
2026-01-28 05:00:00+00:00,3640.772175,0.0,407.73035000000004,628.3970999999999,456.172225,62.500225,3299.0149115319073,22.30016401864455,386.8723591330367,779.1116079998108,454.3508867329497,50.87050098035231,1168.4076301812997,5.705311073660715,337.68605856473215,911.0176164469246,412.57619673859125,42.5052443578869,1168.4076301812997,5.705311073660715,337.68605856473215,911.0176164469246,412.57619673859125,42.5052443578869
2026-01-28 06:00:00+00:00,3827.162975,0.0,451.900275,1026.273075,482.70844999999997,62.321075,3268.9646630996913,18.274341608200814,426.293295552113,1214.814734621342,486.39837252763505,49.918691146761454,1168.4076301812997,5.705311073660715,337.68605856473215,911.0176164469246,412.57619673859125,42.5052443578869,1168.4076301812997,5.705311073660715,337.68605856473215,911.0176164469246,412.57619673859125,42.5052443578869
2026-01-28 07:00:00+00:00,3817.393375,0.0,452.898725,1579.7175750000001,498.472625,62.241575,3488.7302402244,27.03549483890169,421.092979173653,1424.1301584950093,494.0954366366436,60.99983485711381,1168.4076301812997,5.705311073660715,337.68605856473215,911.0176164469246,412.57619673859125,42.5052443578869,1168.4076301812997,5.705311073660715,337.68605856473215,911.0176164469246,412.57619673859125,42.5052443578869
2026-01-28 08:00:00+00:00,3751.289975,0.0,438.20145,1630.1837249999999,497.34595,57.973425,3495.3179701860217,5.147350890814029,423.4532269068923,1374.1004731347145,495.1208968355042,59.875996412630556,1168.4076301812997,5.705311073660715,337.68605856473215,911.0176164469246,412.57619673859125,42.5052443578869,1168.4076301812997,5.705311073660715,337.68605856473215,911.0176164469246,412.57619673859125,42.5052443578869
2026-01-28 09:00:00+00:00,3778.059075,0.0,388.105475,1352.060125,484.314375,63.629025,3537.5269735133616,2.8716988615320003,402.4354997612228,1260.4481666550848,482.1830699117183,63.47999430871714,1168.4076301812997,5.705311073660715,337.68605856473215,911.0176164469246,412.57619673859125,42.5052443578869,1168.4076301812997,5.705311073660715,337.68605856473215,911.0176164469246,412.57619673859125,42.5052443578869
2026-01-28 10:00:00+00:00,3811.315725,0.0,373.0353,901.2332250000001,467.854075,63.123662499999995,3523.7601803867624,-3.3819671341999804,399.07711499921356,958.0216441700627,469.3428136540639,60.259630774233685,1168.4076301812997,5.705311073660715,337.68605856473215,911.0176164469246,412.57619673859125,42.5052443578869,1168.4076301812997,5.705311073660715,337.68605856473215,911.0176164469246,412.57619673859125,42.5052443578869
2026-01-28 11:00:00+00:00,3771.726375,0.0,372.86615,1372.0847250000002,457.59612500000003,62.6183,3480.651934422974,3.873388582599318,411.03376458617555,1165.2174063779075,456.22338426233864,58.91475813143395,1168.4076301812997,5.705311073660715,337.68605856473215,911.0176164469246,412.57619673859125,42.5052443578869,1168.4076301812997,5.705311073660715,337.68605856473215,911.0176164469246,412.57619673859125,42.5052443578869
2026-01-28 12:00:00+00:00,3763.506975,0.0,372.847575,1336.7306749999998,453.789875,63.63885,3433.7187914971123,8.374358677160089,403.0943920943892,1216.375287667901,456.91660895236816,59.831031738884576,1168.4076301812997,5.705311073660715,337.68605856473215,911.0176164469246,412.57619673859125,42.5052443578869,1168.4076301812997,5.705311073660715,337.68605856473215,911.0176164469246,412.57619673859125,42.5052443578869
2026-01-28 13:00:00+00:00,3841.09675,0.0,373.0539,1301.1495,461.39895,61.871825,3218.072510732344,32.62755577025224,397.4083514567456,1315.889270918832,460.78018919744875,56.57413439744015,1168.4076301812997,5.705311073660715,337.68605856473215,911.0176164469246,412.57619673859125,42.5052443578869,1168.4076301812997,5.705311073660715,337.68605856473215,911.0176164469246,412.57619673859125,42.5052443578869
2026-01-28 14:00:00+00:00,3828.5529625,153.99285,440.45932500000004,1005.768,483.9112,60.503625,3339.36541548991,119.88792530577275,404.75258270884046,1305.6159771453258,473.8618940470161,56.8320428675746,1168.4076301812997,5.705311073660715,337.68605856473215,911.0176164469246,412.57619673859125,42.5052443578869,1168.4076301812997,5.705311073660715,337.68605856473215,911.0176164469246,412.57619673859125,42.5052443578869
2026-01-28 15:00:00+00:00,3816.009175,171.28095000000002,416.985925,807.5799,508.95945,61.265675,3342.9562716441615,139.9981083331947,412.6236205937554,1153.7727311313308,495.3130096066232,61.582312928852986,1168.4076301812997,5.705311073660715,337.68605856473215,911.0176164469246,412.57619673859125,42.5052443578869,1168.4076301812997,5.705311073660715,337.68605856473215,911.0176164469246,412.57619673859125,42.5052443578869
2026-01-28 16:00:00+00:00,3735.485325,171.248225,480.64175,1106.6057250000001,520.540375,59.7108,3444.956048121128,137.11547188680512,453.70406740724576,1223.176320378351,511.0377470101656,62.33063260950581,1168.4076301812997,5.705311073660715,337.68605856473215,911.0176164469246,412.57619673859125,42.5052443578869,1168.4076301812997,5.705311073660715,337.68605856473215,911.0176164469246,412.57619673859125,42.5052443578869
2026-01-28 17:00:00+00:00,3654.961475,97.112225,464.62559999999996,1498.441875,517.7733499999999,59.571,3451.623010636537,101.31768088798901,436.83206263474415,1047.3956742559187,505.43118933730153,62.90905715923918,1168.4076301812997,5.705311073660715,337.68605856473215,911.0176164469246,412.57619673859125,42.5052443578869,1168.4076301812997,5.705311073660715,337.68605856473215,911.0176164469246,412.57619673859125,42.5052443578869
2026-01-28 18:00:00+00:00,3549.8563249999997,0.0,448.60945,925.1901250000001,504.77417499999996,61.9417,3334.7058541359766,29.353393067721534,436.48859362948303,894.4687052160058,500.90598918876947,61.41164579805386,1168.4076301812997,5.705311073660715,337.68605856473215,911.0176164469246,412.57619673859125,42.5052443578869,1168.4076301812997,5.705311073660715,337.68605856473215,911.0176164469246,412.57619673859125,42.5052443578869
2026-01-28 19:00:00+00:00,3545.552475,0.0,373.34695,798.2537,480.731875,63.50125,3337.7030929387024,18.112105446093903,390.67031809704605,626.6128506636555,481.82507060099397,62.093722292980964,1168.4076301812997,5.705311073660715,337.68605856473215,911.0176164469246,412.57619673859125,42.5052443578869,1168.4076301812997,5.705311073660715,337.68605856473215,911.0176164469246,412.57619673859125,42.5052443578869
2026-01-28 20:00:00+00:00,3354.786575,0.0,373.38745,417.00815,462.817425,63.495,3091.0922307740884,0.8199185725055171,377.92688833809615,568.0722088506416,464.181330988313,62.15895747822408,1168.4076301812997,5.705311073660715,337.68605856473215,911.0176164469246,412.57619673859125,42.5052443578869,1168.4076301812997,5.705311073660715,337.68605856473215,911.0176164469246,412.57619673859125,42.5052443578869
2026-01-28 21:00:00+00:00,3018.044,0.0,373.71765,434.54600000000005,448.67724999999996,63.109360714285714,3064.781158795783,0.7860465326738781,389.8474482024652,540.3993491560433,449.25403775720423,61.87965961908744,1168.4076301812997,5.705311073660715,337.68605856473215,911.0176164469246,412.57619673859125,42.5052443578869,1168.4076301812997,5.705311073660715,337.68605856473215,911.0176164469246,412.57619673859125,42.5052443578869
2026-01-28 22:00:00+00:00,2901.8753,0.0,373.794525,461.0051250000001,434.140225,62.72372142857142,2780.5883778416655,5.709110540364797,389.77191735079316,498.2143217584357,436.82052313082903,63.24852203308947,1168.4076301812997,5.705311073660715,337.68605856473215,911.0176164469246,412.57619673859125,42.5052443578869,1168.4076301812997,5.705311073660715,337.68605856473215,911.0176164469246,412.57619673859125,42.5052443578869
2026-01-28 23:00:00+00:00,2682.844,0.0,374.00149999999996,470.212975,424.95665,62.33808214285714,2658.31495207264,0.9991807163729582,390.3368960180878,460.81695635851554,427.5023057648239,61.848008113269984,1168.4076301812997,5.705311073660715,337.68605856473215,911.0176164469246,412.57619673859125,42.5052443578869,1168.4076301812997,5.705311073660715,337.68605856473215,911.0176164469246,412.57619673859125,42.5052443578869
2026-01-29 00:00:00+00:00,2414.201775,0.0,373.94467499999996,449.9396499999999,421.67095,61.952442857142856,2554.9447533561506,1.0769139020030032,374.1659561351042,471.9605397134845,420.6534691234821,62.71868985553325,1168.4076301812997,5.705311073660715,337.68605856473215,911.0176164469246,412.57619673859125,42.5052443578869,1168.4076301812997,5.705311073660715,337.68605856473215,911.0176164469246,412.57619673859125,42.5052443578869
2026-01-29 01:00:00+00:00,2353.3161,0.0,373.807975,436.59704999999997,419.999975,61.56680357142857,2404.3373802317756,8.058271052366612,369.21224235989826,446.553617211547,416.90434842193474,59.81988253505777,1168.4076301812997,5.705311073660715,337.68605856473215,911.0176164469246,412.57619673859125,42.5052443578869,1168.4076301812997,5.705311073660715,337.68605856473215,911.0176164469246,412.57619673859125,42.5052443578869
2026-01-29 02:00:00+00:00,2334.129225,0.0,373.85215,445.41655000000003,420.347175,61.18116428571428,2412.4640966527504,-0.05519132447995645,380.4151849612318,491.4013129885943,417.1977830476562,59.31236698620202,1168.4076301812997,5.705311073660715,337.68605856473215,911.0176164469246,412.57619673859125,42.5052443578869,1168.4076301812997,5.705311073660715,337.68605856473215,911.0176164469246,412.57619673859125,42.5052443578869
2026-01-29 03:00:00+00:00,2407.5431,0.0,373.757175,478.0302,423.68444999999997,60.795525,2365.245193073409,4.882386705276883,385.98836953479656,486.88793324028813,424.9104406385625,59.41200287985916,1168.4076301812997,5.705311073660715,337.68605856473215,911.0176164469246,412.57619673859125,42.5052443578869,1168.4076301812997,5.705311073660715,337.68605856473215,911.0176164469246,412.57619673859125,42.5052443578869
2026-01-29 04:00:00+00:00,2729.338125,0.0,370.18235,481.74597499999993,434.57214999999997,60.1514,2560.6537067380486,4.950104484228948,388.17119599377014,543.2341743352961,430.9836569963304,59.033295471277526,1168.4076301812997,5.705311073660715,337.68605856473215,911.0176164469246,412.57619673859125,42.5052443578869,1168.4076301812997,5.705311073660715,337.68605856473215,911.0176164469246,412.57619673859125,42.5052443578869
2026-01-29 05:00:00+00:00,3256.99395,0.0,379.949275,685.5581249999999,454.28857500000004,56.076825,2867.1981457578877,20.227904949680074,401.41063773433757,788.792741762835,454.3911589638499,61.3362563110058,1168.4076301812997,5.705311073660715,337.68605856473215,911.0176164469246,412.57619673859125,42.5052443578869,1168.4076301812997,5.705311073660715,337.68605856473215,911.0176164469246,412.57619673859125,42.5052443578869
2026-01-29 06:00:00+00:00,3349.88385,18.33775,486.96915,1309.1903,490.62185,56.76985,3074.283811786684,66.27324820162171,467.8607555166071,1260.736324578747,488.39260587389856,59.48714553327355,1168.4076301812997,5.705311073660715,337.68605856473215,911.0176164469246,412.57619673859125,42.5052443578869,1168.4076301812997,5.705311073660715,337.68605856473215,911.0176164469246,412.57619673859125,42.5052443578869
2026-01-29 07:00:00+00:00,3329.430375,171.17895,486.64795000000004,2014.861225,505.162675,53.528725,3136.7535649911483,152.8357712333449,478.71086854112434,1674.5213553731178,494.7650523637376,54.8357474185979,1168.4076301812997,5.705311073660715,337.68605856473215,911.0176164469246,412.57619673859125,42.5052443578869,1168.4076301812997,5.705311073660715,337.68605856473215,911.0176164469246,412.57619673859125,42.5052443578869
2026-01-29 08:00:00+00:00,3084.437025,171.1319,486.32675,2199.3923250000003,494.84995000000004,55.11525,3030.105536255938,173.67371649810772,481.40211343930343,1824.4844469935592,488.45206452127786,54.96929364184176,1168.4076301812997,5.705311073660715,337.68605856473215,911.0176164469246,412.57619673859125,42.5052443578869,1168.4076301812997,5.705311073660715,337.68605856473215,911.0176164469246,412.57619673859125,42.5052443578869
2026-01-29 09:00:00+00:00,3033.077475,171.3105,486.00555,1968.4860999999999,466.029725,56.628275,2996.921112682182,164.53582993556157,481.05300948344046,1860.6526028039927,479.7085642678634,56.62776155828856,1168.4076301812997,5.705311073660715,337.68605856473215,911.0176164469246,412.57619673859125,42.5052443578869,1168.4076301812997,5.705311073660715,337.68605856473215,911.0176164469246,412.57619673859125,42.5052443578869
2026-01-29 10:00:00+00:00,3030.1998249999997,171.29942499999999,485.68435,1955.239925,449.80645000000004,59.2006,2916.0292175115464,140.8748294371084,484.53671221248914,1735.2693873241287,459.06879546332914,57.030255554321954,1168.4076301812997,5.705311073660715,337.68605856473215,911.0176164469246,412.57619673859125,42.5052443578869,1168.4076301812997,5.705311073660715,337.68605856473215,911.0176164469246,412.57619673859125,42.5052443578869
2026-01-29 11:00:00+00:00,3027.6908000000003,47.904675,485.36315,1458.5590250000002,433.2259,55.7659,2967.8366430327223,66.40945221718566,482.05751176206684,1696.111540416038,448.3366674994443,57.436356435177316,1168.4076301812997,5.705311073660715,337.68605856473215,911.0176164469246,412.57619673859125,42.5052443578869,1168.4076301812997,5.705311073660715,337.68605856473215,911.0176164469246,412.57619673859125,42.5052443578869
2026-01-29 12:00:00+00:00,3032.0856249999997,0.0,485.04195,1830.6150750000002,429.5462,55.402074999999996,3031.711685767468,17.03038674350797,481.9108758044469,1658.9937243832655,447.3238401295706,55.788139726276384,1168.4076301812997,5.705311073660715,337.68605856473215,911.0176164469246,412.57619673859125,42.5052443578869,1168.4076301812997,5.705311073660715,337.68605856473215,911.0176164469246,412.57619673859125,42.5052443578869
2026-01-29 13:00:00+00:00,3015.6938250000003,0.0,484.72075,2132.303875,443.858925,60.361875,2952.719385539296,1.0177334963945768,476.3327800745791,1747.2150308053813,452.41702566884493,56.794183812553136,1168.4076301812997,5.705311073660715,337.68605856473215,911.0176164469246,412.57619673859125,42.5052443578869,1168.4076301812997,5.705311073660715,337.68605856473215,911.0176164469246,412.57619673859125,42.5052443578869
2026-01-29 14:00:00+00:00,3009.89045,0.0,484.39955,1340.6674249999999,465.5389,60.297174999999996,2877.707789983834,0.05465954901810832,483.3813336443042,1600.9612874101495,465.1774301330749,57.710004004506814,1168.4076301812997,5.705311073660715,337.68605856473215,911.0176164469246,412.57619673859125,42.5052443578869,1168.4076301812997,5.705311073660715,337.68605856473215,911.0176164469246,412.57619673859125,42.5052443578869
2026-01-29 15:00:00+00:00,3024.7104499999996,0.0,484.07835,1384.36045,495.088475,62.796099999999996,2932.9405355069216,20.608436072523503,485.1427727599437,1470.3198578089825,495.85526350918474,59.74757075612498,1168.4076301812997,5.705311073660715,337.68605856473215,911.0176164469246,412.57619673859125,42.5052443578869,1168.4076301812997,5.705311073660715,337.68605856473215,911.0176164469246,412.57619673859125,42.5052443578869
2026-01-29 16:00:00+00:00,2991.1548000000003,120.39785,483.75714999999997,1565.1353500000002,517.650225,59.5247,2967.4439563666847,116.20037618358307,479.5224747602611,1779.483513953469,511.66961332096685,57.834916300292285,1168.4076301812997,5.705311073660715,337.68605856473215,911.0176164469246,412.57619673859125,42.5052443578869,1168.4076301812997,5.705311073660715,337.68605856473215,911.0176164469246,412.57619673859125,42.5052443578869
2026-01-29 17:00:00+00:00,3040.00555,178.2736,483.43595,1601.91505,515.42765,59.852975,2985.367142133752,146.07425453959405,479.25764156964135,1535.9310643193069,510.87234779931856,58.54044314351029,1168.4076301812997,5.705311073660715,337.68605856473215,911.0176164469246,412.57619673859125,42.5052443578869,1168.4076301812997,5.705311073660715,337.68605856473215,911.0176164469246,412.57619673859125,42.5052443578869
2026-01-29 18:00:00+00:00,2997.649775,112.01269999999998,483.11474999999996,1251.4178249999998,503.82169999999996,58.388525,2974.866616509712,113.21589410137436,476.5372660601422,1220.040847473894,505.580782191258,58.57513897737882,1168.4076301812997,5.705311073660715,337.68605856473215,911.0176164469246,412.57619673859125,42.5052443578869,1168.4076301812997,5.705311073660715,337.68605856473215,911.0176164469246,412.57619673859125,42.5052443578869
2026-01-29 19:00:00+00:00,2982.2701499999994,0.0,482.79355,963.4648,481.16575,59.456225,2965.8854312052144,24.94525992308423,455.11225146926756,1017.9942379298502,490.26337906551316,58.46974292488824,1168.4076301812997,5.705311073660715,337.68605856473215,911.0176164469246,412.57619673859125,42.5052443578869,1168.4076301812997,5.705311073660715,337.68605856473215,911.0176164469246,412.57619673859125,42.5052443578869
2026-01-29 20:00:00+00:00,3179.42785,0.0,373.819025,1004.2880499999999,464.978125,57.792575,2842.092768941684,6.533448257369984,389.81907148598134,795.1512945132997,469.7984838725896,59.44990273121725,1168.4076301812997,5.705311073660715,337.68605856473215,911.0176164469246,412.57619673859125,42.5052443578869,1168.4076301812997,5.705311073660715,337.68605856473215,911.0176164469246,412.57619673859125,42.5052443578869
2026-01-29 21:00:00+00:00,2813.1455,0.0,373.707275,1172.83165,446.759425,59.246175,2635.5817380749613,9.95630337700726,374.1590724331456,658.5551960281472,448.98187803794565,59.60043175779789,1168.4076301812997,5.705311073660715,337.68605856473215,911.0176164469246,412.57619673859125,42.5052443578869,1168.4076301812997,5.705311073660715,337.68605856473215,911.0176164469246,412.57619673859125,42.5052443578869
2026-01-29 22:00:00+00:00,2647.050725,0.0,373.791425,814.695175,431.76935000000003,64.02555000000001,2588.251077153069,1.4581895387547492,387.0540109597828,630.5249785690562,440.5924476933055,53.34189392693072,1168.4076301812997,5.705311073660715,337.68605856473215,911.0176164469246,412.57619673859125,42.5052443578869,1168.4076301812997,5.705311073660715,337.68605856473215,911.0176164469246,412.57619673859125,42.5052443578869
2026-01-29 23:00:00+00:00,2955.26555,0.0,373.95029999999997,467.5084,421.08595,62.652074999999996,2487.3724621271394,12.454069043086573,389.0436339885253,576.5043062838981,424.34086333286643,52.46864130016815,1168.4076301812997,5.705311073660715,337.68605856473215,911.0176164469246,412.57619673859125,42.5052443578869,1168.4076301812997,5.705311073660715,337.68605856473215,911.0176164469246,412.57619673859125,42.5052443578869
2026-01-30 00:00:00+00:00,2727.154175,0.0,373.888425,486.9496,413.518275,60.9524,2596.119072728643,3.912767707045856,386.41227008868947,533.9322432732711,418.0868548314505,58.95266633576843,1168.4076301812997,5.705311073660715,337.68605856473215,911.0176164469246,412.57619673859125,42.5052443578869,1168.4076301812997,5.705311073660715,337.68605856473215,911.0176164469246,412.57619673859125,42.5052443578869
2026-01-30 01:00:00+00:00,2547.747,0.0,373.789425,485.846075,406.8967,60.182249999999996,2462.443942690008,2.220045330231907,388.940853999419,511.4537105428989,416.51467894960666,61.805071137100036,1168.4076301812997,5.705311073660715,337.68605856473215,911.0176164469246,412.57619673859125,42.5052443578869,1168.4076301812997,5.705311073660715,337.68605856473215,911.0176164469246,412.57619673859125,42.5052443578869
2026-01-30 02:00:00+00:00,2338.803925,0.0,373.621575,465.74535000000003,407.435,60.105975,2351.1372738988207,-2.0341430495060076,385.6868665737407,469.25590016613205,417.3960311234404,61.329595725455746,1168.4076301812997,5.705311073660715,337.68605856473215,911.0176164469246,412.57619673859125,42.5052443578869,1168.4076301812997,5.705311073660715,337.68605856473215,911.0176164469246,412.57619673859125,42.5052443578869
2026-01-30 03:00:00+00:00,2356.456425,0.0,374.2067,458.89099999999996,413.71455000000003,58.604325,2291.1642258019083,-2.0996621596128815,383.24034166664126,472.5712961101006,423.07994816129343,57.91547882338777,1168.4076301812997,5.705311073660715,337.68605856473215,911.0176164469246,412.57619673859125,42.5052443578869,1168.4076301812997,5.705311073660715,337.68605856473215,911.0176164469246,412.57619673859125,42.5052443578869
2026-01-30 04:00:00+00:00,2538.651625,0.0,374.161675,502.699125,425.506925,59.72625,2381.7134221978854,7.4202306484029705,382.3476616899185,578.8142756521194,432.21900214518575,58.1589284347956,1168.4076301812997,5.705311073660715,337.68605856473215,911.0176164469246,412.57619673859125,42.5052443578869,1168.4076301812997,5.705311073660715,337.68605856473215,911.0176164469246,412.57619673859125,42.5052443578869
2026-01-30 05:00:00+00:00,2676.77585,0.0,373.824475,838.475825,457.500975,57.859375,2407.774932294486,47.977116064357645,387.3394313520647,875.9198870097478,459.5600864954492,59.78891688206205,1168.4076301812997,5.705311073660715,337.68605856473215,911.0176164469246,412.57619673859125,42.5052443578869,1168.4076301812997,5.705311073660715,337.68605856473215,911.0176164469246,412.57619673859125,42.5052443578869
2026-01-30 06:00:00+00:00,2673.947075,90.74015,464.4145,1144.40905,493.92745,56.149275,2583.2510629480794,77.96167497483844,439.7526915022005,1257.6073078201944,492.5065103851549,59.69037206181251,1168.4076301812997,5.705311073660715,337.68605856473215,911.0176164469246,412.57619673859125,42.5052443578869,1168.4076301812997,5.705311073660715,337.68605856473215,911.0176164469246,412.57619673859125,42.5052443578869
2026-01-30 07:00:00+00:00,2668.37635,183.696525,462.92430833333333,1262.5153,508.774425,58.50565,2618.5734102002334,142.00054933446822,460.5563917396361,1469.753873099903,496.93712916217464,59.037187343391174,1168.4076301812997,5.705311073660715,337.68605856473215,911.0176164469246,412.57619673859125,42.5052443578869,1168.4076301812997,5.705311073660715,337.68605856473215,911.0176164469246,412.57619673859125,42.5052443578869
2026-01-30 08:00:00+00:00,2646.289925,183.41315,461.4341166666667,1768.8718749999998,502.556025,63.434225,2754.6764784100196,153.64815367423986,459.69512739467564,1453.6862385976847,498.45329881991836,60.721041822936215,1168.4076301812997,5.705311073660715,337.68605856473215,911.0176164469246,412.57619673859125,42.5052443578869,1168.4076301812997,5.705311073660715,337.68605856473215,911.0176164469246,412.57619673859125,42.5052443578869
2026-01-30 09:00:00+00:00,2600.882275,18.564325000000004,459.94392500000004,1488.6445499999998,479.195575,63.274071428571425,2802.8911195278656,21.11744055740489,448.54139277527236,1279.6008000768381,479.88445014591304,62.56981534522976,1168.4076301812997,5.705311073660715,337.68605856473215,911.0176164469246,412.57619673859125,42.5052443578869,1168.4076301812997,5.705311073660715,337.68605856473215,911.0176164469246,412.57619673859125,42.5052443578869
2026-01-30 10:00:00+00:00,2596.9377250000002,0.0,426.191725,1106.862475,455.836775,63.11391785714286,2919.7228250079734,14.402909092735106,423.3410401728737,830.3725464138879,465.68602327311527,63.13690843152966,1168.4076301812997,5.705311073660715,337.68605856473215,911.0176164469246,412.57619673859125,42.5052443578869,1168.4076301812997,5.705311073660715,337.68605856473215,911.0176164469246,412.57619673859125,42.5052443578869
2026-01-30 11:00:00+00:00,2707.4175999999998,0.0,404.251,842.5185749999999,444.6786,62.953764285714286,2713.208776973417,4.017994072420365,420.3982258970941,772.565049415163,454.57404227614904,62.16942084316325,1168.4076301812997,5.705311073660715,337.68605856473215,911.0176164469246,412.57619673859125,42.5052443578869,1168.4076301812997,5.705311073660715,337.68605856473215,911.0176164469246,412.57619673859125,42.5052443578869
2026-01-30 12:00:00+00:00,2814.769825,0.0,404.47515,538.094325,438.360925,62.79361071428571,2853.834112292832,14.900037655545669,418.9827961447085,697.5534438496203,446.18785183002643,62.933104684445695,1168.4076301812997,5.705311073660715,337.68605856473215,911.0176164469246,412.57619673859125,42.5052443578869,1168.4076301812997,5.705311073660715,337.68605856473215,911.0176164469246,412.57619673859125,42.5052443578869
2026-01-30 13:00:00+00:00,2880.90095,0.0,404.22860000000003,478.25585000000007,442.54337499999997,62.63345714285714,2844.3501245214447,3.9535865858805437,416.4784677836575,678.7086867940252,450.3735863797772,63.64589474849373,1168.4076301812997,5.705311073660715,337.68605856473215,911.0176164469246,412.57619673859125,42.5052443578869,1168.4076301812997,5.705311073660715,337.68605856473215,911.0176164469246,412.57619673859125,42.5052443578869
2026-01-30 14:00:00+00:00,2947.6376250000003,0.0,404.220525,859.318625,461.18147500000003,62.47330357142857,2699.6369362482096,7.135740458881686,413.9123416575129,889.2632004376075,462.0361470632722,60.384714013106375,1168.4076301812997,5.705311073660715,337.68605856473215,911.0176164469246,412.57619673859125,42.5052443578869,1168.4076301812997,5.705311073660715,337.68605856473215,911.0176164469246,412.57619673859125,42.5052443578869
2026-01-30 15:00:00+00:00,2979.6351749999994,0.0,404.04635,980.1768,489.512725,62.31315,2864.394497510945,-2.807974898906709,414.32747161571535,992.5343490983082,490.53902191714326,64.7784117065662,1168.4076301812997,5.705311073660715,337.68605856473215,911.0176164469246,412.57619673859125,42.5052443578869,1168.4076301812997,5.705311073660715,337.68605856473215,911.0176164469246,412.57619673859125,42.5052443578869
2026-01-30 16:00:00+00:00,3142.534925,3.4015,404.152125,1081.4579999999999,510.016075,61.39465,2751.702117075124,23.339734687239265,405.99449356477635,1162.2108994103523,508.5247818272458,61.20899896667582,1168.4076301812997,5.705311073660715,337.68605856473215,911.0176164469246,412.57619673859125,42.5052443578869,1168.4076301812997,5.705311073660715,337.68605856473215,911.0176164469246,412.57619673859125,42.5052443578869
2026-01-30 17:00:00+00:00,3104.984325,163.908475,404.137025,1068.758675,517.5409999999999,63.45785000000001,2951.758580200846,142.04901068572954,425.23228880713083,1162.2520282960681,506.9752133790045,63.46697117357044,1168.4076301812997,5.705311073660715,337.68605856473215,911.0176164469246,412.57619673859125,42.5052443578869,1168.4076301812997,5.705311073660715,337.68605856473215,911.0176164469246,412.57619673859125,42.5052443578869
2026-01-30 18:00:00+00:00,3124.42205,167.0403,404.188875,718.789575,513.548675,63.984575,2889.339481703272,107.41135184311197,411.59160369428434,678.5427401545925,498.6766412483176,63.83737995062662,1168.4076301812997,5.705311073660715,337.68605856473215,911.0176164469246,412.57619673859125,42.5052443578869,1168.4076301812997,5.705311073660715,337.68605856473215,911.0176164469246,412.57619673859125,42.5052443578869
2026-01-30 19:00:00+00:00,3012.86985,167.11205,404.332275,495.0013,496.302475,63.185675,2833.595438999587,72.32194612374849,410.6028604376562,632.3483944968455,488.27984267822933,61.105840701068104,1168.4076301812997,5.705311073660715,337.68605856473215,911.0176164469246,412.57619673859125,42.5052443578869,1168.4076301812997,5.705311073660715,337.68605856473215,911.0176164469246,412.57619673859125,42.5052443578869
2026-01-30 20:00:00+00:00,2974.739125,167.1955,404.34862499999997,388.67994999999996,471.141525,62.386775,2760.073397069935,80.58650540037652,407.2294431553694,536.4534914333308,467.7035013815699,63.75518379623616,1168.4076301812997,5.705311073660715,337.68605856473215,911.0176164469246,412.57619673859125,42.5052443578869,1168.4076301812997,5.705311073660715,337.68605856473215,911.0176164469246,412.57619673859125,42.5052443578869
2026-01-30 21:00:00+00:00,2957.198475,167.153775,398.262175,457.716625,454.6577,62.0311,2665.976250152512,60.76788857760683,405.5306085911934,538.2193236514545,450.8657380708661,62.795554795874956,1168.4076301812997,5.705311073660715,337.68605856473215,911.0176164469246,412.57619673859125,42.5052443578869,1168.4076301812997,5.705311073660715,337.68605856473215,911.0176164469246,412.57619673859125,42.5052443578869
2026-01-30 22:00:00+00:00,2918.443875,167.119925,374.04245000000003,410.479025,435.605225,59.3761,2656.1860440357295,44.875655074854706,392.64681008442614,456.62610280771946,437.32241436246017,58.41220225990473,1168.4076301812997,5.705311073660715,337.68605856473215,911.0176164469246,412.57619673859125,42.5052443578869,1168.4076301812997,5.705311073660715,337.68605856473215,911.0176164469246,412.57619673859125,42.5052443578869
2026-01-30 23:00:00+00:00,3099.8167,167.179975,374.01120000000003,467.198575,423.465975,61.1394,2693.0181210541364,36.162112662656696,375.0702488910474,459.1493636968653,425.30748139283804,55.255670560734444,1168.4076301812997,5.705311073660715,337.68605856473215,911.0176164469246,412.57619673859125,42.5052443578869,1168.4076301812997,5.705311073660715,337.68605856473215,911.0176164469246,412.57619673859125,42.5052443578869
2026-01-31 00:00:00+00:00,3224.746475,167.021825,374.17584999999997,396.782275,417.519975,61.234775,2615.2485258481893,46.908134810744315,373.18569720889775,418.7812533476903,422.5056309620304,58.51766831009016,1168.4076301812997,5.705311073660715,337.68605856473215,911.0176164469246,412.57619673859125,42.5052443578869,1168.4076301812997,5.705311073660715,337.68605856473215,911.0176164469246,412.57619673859125,42.5052443578869
2026-01-31 01:00:00+00:00,3318.8756000000003,14.85485,374.07055,392.26329999999996,413.2287,59.881575,2529.147409553626,8.931413936923553,374.2714555912641,463.01338672338164,422.2422975676023,57.842083972814216,1168.4076301812997,5.705311073660715,337.68605856473215,911.0176164469246,412.57619673859125,42.5052443578869,1168.4076301812997,5.705311073660715,337.68605856473215,911.0176164469246,412.57619673859125,42.5052443578869
2026-01-31 02:00:00+00:00,3095.010875,0.0,374.0387,432.7951499999999,415.57597499999997,60.5501,2607.695445196059,4.037104086708018,372.45883673822425,438.81253502820795,419.86761518580334,61.765916004271304,1168.4076301812997,5.705311073660715,337.68605856473215,911.0176164469246,412.57619673859125,42.5052443578869,1168.4076301812997,5.705311073660715,337.68605856473215,911.0176164469246,412.57619673859125,42.5052443578869
2026-01-31 03:00:00+00:00,2871.9485250000002,0.0,374.43397500000003,385.88132500000006,420.13142500000004,58.817475,2498.8502938130105,-1.546549958830587,372.9692430412283,384.2578169189993,424.1341301518938,56.73643683055779,1168.4076301812997,5.705311073660715,337.68605856473215,911.0176164469246,412.57619673859125,42.5052443578869,1168.4076301812997,5.705311073660715,337.68605856473215,911.0176164469246,412.57619673859125,42.5052443578869
2026-01-31 04:00:00+00:00,2646.249875,0.0,374.501375,388.48457499999995,434.226125,57.7131,2289.1502582327166,11.745084891643911,379.4668776165219,367.3503067227026,433.2656171711846,53.85321861195587,1168.4076301812997,5.705311073660715,337.68605856473215,911.0176164469246,412.57619673859125,42.5052443578869,1168.4076301812997,5.705311073660715,337.68605856473215,911.0176164469246,412.57619673859125,42.5052443578869
2026-01-31 05:00:00+00:00,2317.10255,0.0,374.48665,368.82742499999995,461.834,55.12215,2149.034241930036,1.5018013525034233,384.7838678208189,449.889929279902,457.2334749600451,58.27060382529739,1168.4076301812997,5.705311073660715,337.68605856473215,911.0176164469246,412.57619673859125,42.5052443578869,1168.4076301812997,5.705311073660715,337.68605856473215,911.0176164469246,412.57619673859125,42.5052443578869
2026-01-31 06:00:00+00:00,2208.4825499999997,0.0,374.3345,399.7790999999999,499.97090000000003,55.852325,1983.0585993023562,12.584072801990718,385.43506307222395,483.32215863079915,484.79263326265124,54.13337516362855,1168.4076301812997,5.705311073660715,337.68605856473215,911.0176164469246,412.57619673859125,42.5052443578869,1168.4076301812997,5.705311073660715,337.68605856473215,911.0176164469246,412.57619673859125,42.5052443578869
2026-01-31 07:00:00+00:00,2534.926475,0.0,373.699075,389.3204249999999,518.8913749999999,52.333175,2171.488693835606,12.826313954391827,382.7126645619878,584.1556663319132,491.10901717901356,56.04949642202631,1168.4076301812997,5.705311073660715,337.68605856473215,911.0176164469246,412.57619673859125,42.5052443578869,1168.4076301812997,5.705311073660715,337.68605856473215,911.0176164469246,412.57619673859125,42.5052443578869
2026-01-31 08:00:00+00:00,2801.475475,0.0,373.76869999999997,360.8429,509.00892500000003,54.115675,2347.2406064290813,-0.9788753260132008,371.88259210645367,525.5509988829824,490.65845415916107,53.66536325023861,1168.4076301812997,5.705311073660715,337.68605856473215,911.0176164469246,412.57619673859125,42.5052443578869,1168.4076301812997,5.705311073660715,337.68605856473215,911.0176164469246,412.57619673859125,42.5052443578869
2026-01-31 09:00:00+00:00,2668.8992749999998,0.0,373.806025,360.953625,480.6442,56.078975,2321.0838410518954,-0.5500573876625223,376.047414971953,494.22197851063197,473.89230696404644,53.87003060365334,1168.4076301812997,5.705311073660715,337.68605856473215,911.0176164469246,412.57619673859125,42.5052443578869,1168.4076301812997,5.705311073660715,337.68605856473215,911.0176164469246,412.57619673859125,42.5052443578869
2026-01-31 10:00:00+00:00,2518.09985,0.0,373.879,388.27430000000004,459.44590000000005,56.581525,2281.120036315592,-0.44884607191185655,380.07354436974424,483.79688357053004,455.58273251804997,56.33362016459247,1168.4076301812997,5.705311073660715,337.68605856473215,911.0176164469246,412.57619673859125,42.5052443578869,1168.4076301812997,5.705311073660715,337.68605856473215,911.0176164469246,412.57619673859125,42.5052443578869
2026-01-31 11:00:00+00:00,2423.3584250000004,0.0,374.089825,397.477975,444.83335,60.9735,2453.3529810082664,2.910368195375548,382.12545291070364,446.7612873218629,443.26988319186046,56.183522274049466,1168.4076301812997,5.705311073660715,337.68605856473215,911.0176164469246,412.57619673859125,42.5052443578869,1168.4076301812997,5.705311073660715,337.68605856473215,911.0176164469246,412.57619673859125,42.5052443578869
2026-01-31 12:00:00+00:00,2393.84715,0.0,367.3008,362.04035,432.54145,59.4442,2320.7398256163933,4.4116051527599724,389.8751653004311,394.5830792685937,443.13619533588343,58.89212064006013,1168.4076301812997,5.705311073660715,337.68605856473215,911.0176164469246,412.57619673859125,42.5052443578869,1168.4076301812997,5.705311073660715,337.68605856473215,911.0176164469246,412.57619673859125,42.5052443578869
2026-01-31 13:00:00+00:00,2225.3229499999998,0.0,361.608825,361.020075,433.219725,62.181225,2259.7843971717384,5.934967917830391,373.4628056954908,427.3958432204614,446.2753659056704,60.39514612023807,1168.4076301812997,5.705311073660715,337.68605856473215,911.0176164469246,412.57619673859125,42.5052443578869,1168.4076301812997,5.705311073660715,337.68605856473215,911.0176164469246,412.57619673859125,42.5052443578869
2026-01-31 14:00:00+00:00,2212.270125,0.0,361.62672499999996,491.67195,454.85990000000004,61.695425,2254.390605166357,0.8236048836989873,375.9936017076386,447.32646538493043,464.31185745324944,58.65355926805111,1168.4076301812997,5.705311073660715,337.68605856473215,911.0176164469246,412.57619673859125,42.5052443578869,1168.4076301812997,5.705311073660715,337.68605856473215,911.0176164469246,412.57619673859125,42.5052443578869
2026-01-31 15:00:00+00:00,2244.50465,0.0,361.664125,539.426575,487.785725,60.306475,2241.666372144903,-2.3339445838968373,369.461860390051,631.2014655039554,490.75896139274346,59.405827060187846,1168.4076301812997,5.705311073660715,337.68605856473215,911.0176164469246,412.57619673859125,42.5052443578869,1168.4076301812997,5.705311073660715,337.68605856473215,911.0176164469246,412.57619673859125,42.5052443578869
2026-01-31 16:00:00+00:00,2610.456125,0.0,372.756275,585.83845,511.587,59.730775,2594.5776528287697,6.472723400787816,387.2239917015681,868.008164268634,506.6816874025509,60.80628909611435,1168.4076301812997,5.705311073660715,337.68605856473215,911.0176164469246,412.57619673859125,42.5052443578869,1168.4076301812997,5.705311073660715,337.68605856473215,911.0176164469246,412.57619673859125,42.5052443578869
2026-01-31 17:00:00+00:00,2689.820275,0.0,373.684025,578.2029,511.006125,64.23067499999999,2683.814142253969,1.1253543717098378,381.2721580552331,757.8516661410297,506.531367215556,65.38215004718973,1168.4076301812997,5.705311073660715,337.68605856473215,911.0176164469246,412.57619673859125,42.5052443578869,1168.4076301812997,5.705311073660715,337.68605856473215,911.0176164469246,412.57619673859125,42.5052443578869
2026-01-31 18:00:00+00:00,2701.91895,0.0,373.74694999999997,418.062975,497.563225,63.89391666666666,2414.33207608596,0.7498122490511223,381.2819636706009,541.2348818631841,499.2999749600822,63.448859000601516,1168.4076301812997,5.705311073660715,337.68605856473215,911.0176164469246,412.57619673859125,42.5052443578869,1168.4076301812997,5.705311073660715,337.68605856473215,911.0176164469246,412.57619673859125,42.5052443578869
2026-01-31 19:00:00+00:00,2646.0116749999997,0.0,373.82035,421.43715000000003,478.29645,63.55715833333333,2310.7858558776857,1.2171432152940769,380.8079517263481,499.5198754992741,485.6570983580277,62.75965257698215,1168.4076301812997,5.705311073660715,337.68605856473215,911.0176164469246,412.57619673859125,42.5052443578869,1168.4076301812997,5.705311073660715,337.68605856473215,911.0176164469246,412.57619673859125,42.5052443578869
2026-01-31 20:00:00+00:00,2509.86555,0.0,373.829925,390.1651999999999,463.156125,63.2204,2358.6517523680163,0.836076873591372,382.19227954096596,532.1261756018569,464.4071851755183,62.271563788791745,1168.4076301812997,5.705311073660715,337.68605856473215,911.0176164469246,412.57619673859125,42.5052443578869,1168.4076301812997,5.705311073660715,337.68605856473215,911.0176164469246,412.57619673859125,42.5052443578869
2026-01-31 21:00:00+00:00,2456.9519,0.0,374.01232500000003,422.17995,451.6872,62.057649999999995,2358.090041002651,4.928533451175133,377.2203417340554,426.889683751685,449.4874681951321,62.24307959487808,1168.4076301812997,5.705311073660715,337.68605856473215,911.0176164469246,412.57619673859125,42.5052443578869,1168.4076301812997,5.705311073660715,337.68605856473215,911.0176164469246,412.57619673859125,42.5052443578869
2026-01-31 22:00:00+00:00,2385.1507,0.0,374.236925,374.311775,436.468525,60.8949,2073.9228236387917,-0.38744992341902407,372.21207747005917,430.0066743430147,441.49606541196965,61.39976639339508,1168.4076301812997,5.705311073660715,337.68605856473215,911.0176164469246,412.57619673859125,42.5052443578869,1168.4076301812997,5.705311073660715,337.68605856473215,911.0176164469246,412.57619673859125,42.5052443578869
2026-01-31 23:00:00+00:00,1907.991925,0.0,373.549825,368.13997500000005,423.37465,60.280950000000004,2007.3709285522655,3.3312856967915594,374.4855011630748,401.141780613521,428.1306725327791,58.27795569339435,1168.4076301812997,5.705311073660715,337.68605856473215,911.0176164469246,412.57619673859125,42.5052443578869,1168.4076301812997,5.705311073660715,337.68605856473215,911.0176164469246,412.57619673859125,42.5052443578869
2026-02-01 00:00:00+00:00,1901.5876,0.0,372.16067499999997,351.89744999999994,417.9989,62.391225,1936.0432629069458,2.1887004457136263,371.71328980322176,402.1847153135303,418.3949363987319,59.9705135239013,1168.4076301812997,5.705311073660715,337.68605856473215,911.0176164469246,412.57619673859125,42.5052443578869,1168.4076301812997,5.705311073660715,337.68605856473215,911.0176164469246,412.57619673859125,42.5052443578869
2026-02-01 01:00:00+00:00,1919.927125,0.0,374.86087499999996,357.58687499999996,413.481625,62.6523,1819.5461512938762,0.26272277449942294,375.503063907701,404.2324619101948,417.46088873977766,61.45388449910202,1168.4076301812997,5.705311073660715,337.68605856473215,911.0176164469246,412.57619673859125,42.5052443578869,1168.4076301812997,5.705311073660715,337.68605856473215,911.0176164469246,412.57619673859125,42.5052443578869
2026-02-01 02:00:00+00:00,1856.5534,0.0,375.07275000000004,353.6865,413.872025,63.2239,1849.520015337498,-0.6891677705796528,370.96405778718776,397.88605405678084,417.01414344882954,62.907711054850196,1168.4076301812997,5.705311073660715,337.68605856473215,911.0176164469246,412.57619673859125,42.5052443578869,1168.4076301812997,5.705311073660715,337.68605856473215,911.0176164469246,412.57619673859125,42.5052443578869
2026-02-01 03:00:00+00:00,1850.1109999999999,0.0,374.983575,352.55562499999996,418.1421,61.6248,1780.1998955400118,-0.6868471871524422,375.31417606147,388.68922185401834,423.64305567167884,62.43545337604762,1168.4076301812997,5.705311073660715,337.68605856473215,911.0176164469246,412.57619673859125,42.5052443578869,1168.4076301812997,5.705311073660715,337.68605856473215,911.0176164469246,412.57619673859125,42.5052443578869
2026-02-01 04:00:00+00:00,1840.2443250000001,0.0,374.82482500000003,331.0607,430.413375,59.68915,1843.2493974455556,-0.6868471871524422,369.8825715304616,382.44635231408563,428.9542203905915,57.04033262969206,1168.4076301812997,5.705311073660715,337.68605856473215,911.0176164469246,412.57619673859125,42.5052443578869,1168.4076301812997,5.705311073660715,337.68605856473215,911.0176164469246,412.57619673859125,42.5052443578869
2026-02-01 05:00:00+00:00,1842.2178749999998,0.0,374.815025,346.93730000000005,453.85735,55.36535,1870.742547654834,3.1150562341151895,371.7066147076123,415.1635154057676,453.4004994414892,50.928480914822,1168.4076301812997,5.705311073660715,337.68605856473215,911.0176164469246,412.57619673859125,42.5052443578869,1168.4076301812997,5.705311073660715,337.68605856473215,911.0176164469246,412.57619673859125,42.5052443578869
2026-02-01 06:00:00+00:00,1836.6307,0.0,374.59544999999997,388.27995,487.94295,53.9878,1795.2252855214497,2.3887860894092894,357.6846711610882,457.1529541071982,479.7532894713891,47.688286168221055,1168.4076301812997,5.705311073660715,337.68605856473215,911.0176164469246,412.57619673859125,42.5052443578869,1168.4076301812997,5.705311073660715,337.68605856473215,911.0176164469246,412.57619673859125,42.5052443578869
2026-02-01 07:00:00+00:00,1945.413325,0.0,374.48085,441.8711,504.21912499999996,52.882625,1854.2455837767034,3.0979585578146085,372.0262037325938,441.22057756506643,487.7880144639755,52.29766261918648,1168.4076301812997,5.705311073660715,337.68605856473215,911.0176164469246,412.57619673859125,42.5052443578869,1168.4076301812997,5.705311073660715,337.68605856473215,911.0176164469246,412.57619673859125,42.5052443578869
2026-02-01 08:00:00+00:00,2067.33315,0.0,374.7847,363.710925,497.155675,62.490424999999995,1966.3825486268138,0.11193972285254095,374.65596812646777,531.0734645677987,487.10390840476003,57.32794837460027,1168.4076301812997,5.705311073660715,337.68605856473215,911.0176164469246,412.57619673859125,42.5052443578869,1168.4076301812997,5.705311073660715,337.68605856473215,911.0176164469246,412.57619673859125,42.5052443578869
2026-02-01 09:00:00+00:00,2051.572125,0.0,374.18399999999997,402.684975,469.546975,62.798675,1942.6554738399768,3.051989614606785,383.4545763776211,477.05206351997276,471.56829182604895,59.340443921123246,1168.4076301812997,5.705311073660715,337.68605856473215,911.0176164469246,412.57619673859125,42.5052443578869,1168.4076301812997,5.705311073660715,337.68605856473215,911.0176164469246,412.57619673859125,42.5052443578869
2026-02-01 10:00:00+00:00,1913.98125,0.0,374.194825,464.33097499999997,447.18062499999996,63.0551625,1941.1568710324702,2.870365870890655,388.9581913296736,436.07816077479094,455.9530943820816,57.775125393508894,1168.4076301812997,5.705311073660715,337.68605856473215,911.0176164469246,412.57619673859125,42.5052443578869,1168.4076301812997,5.705311073660715,337.68605856473215,911.0176164469246,412.57619673859125,42.5052443578869
2026-02-01 11:00:00+00:00,1872.10575,0.0,374.194225,360.1723750000001,431.10362499999997,63.31165,1989.4714191536823,8.061164405770588,364.20462520378476,397.2554132684785,438.5097116657408,58.09369684115908,1168.4076301812997,5.705311073660715,337.68605856473215,911.0176164469246,412.57619673859125,42.5052443578869,1168.4076301812997,5.705311073660715,337.68605856473215,911.0176164469246,412.57619673859125,42.5052443578869
2026-02-01 12:00:00+00:00,1877.168525,0.0,374.186525,419.01917499999996,430.0079,62.244550000000004,1967.8206583328367,2.6059960159527806,364.6351760360084,417.8984267161976,441.40191639486073,57.79314454768024,1168.4076301812997,5.705311073660715,337.68605856473215,911.0176164469246,412.57619673859125,42.5052443578869,1168.4076301812997,5.705311073660715,337.68605856473215,911.0176164469246,412.57619673859125,42.5052443578869
2026-02-01 13:00:00+00:00,1867.1412249999998,0.0,374.083875,450.57970000000006,440.939925,59.541675,1744.2008849861686,-2.2280748961229513,369.33656351347867,407.562891279652,448.8425636543743,56.57869011678009,1168.4076301812997,5.705311073660715,337.68605856473215,911.0176164469246,412.57619673859125,42.5052443578869,1168.4076301812997,5.705311073660715,337.68605856473215,911.0176164469246,412.57619673859125,42.5052443578869
2026-02-01 14:00:00+00:00,2084.846725,0.0,374.168875,372.98425,457.766875,59.806375,1650.3946015636388,-2.7231497264505915,355.3355819224503,458.144687519898,463.78039278067155,52.44861689067319,1168.4076301812997,5.705311073660715,337.68605856473215,911.0176164469246,412.57619673859125,42.5052443578869,1168.4076301812997,5.705311073660715,337.68605856473215,911.0176164469246,412.57619673859125,42.5052443578869
2026-02-01 15:00:00+00:00,2316.51515,0.0,374.0632,376.67447500000003,494.12194999999997,59.32105,1914.6709105323207,1.4643286711591568,366.2852777287558,578.5837378995257,488.3469023610047,56.406876198895716,1168.4076301812997,5.705311073660715,337.68605856473215,911.0176164469246,412.57619673859125,42.5052443578869,1168.4076301812997,5.705311073660715,337.68605856473215,911.0176164469246,412.57619673859125,42.5052443578869
2026-02-01 16:00:00+00:00,2512.1336,0.0,373.959125,459.13365,517.385925,59.2705,2458.292028882258,2.2711697947223852,384.6502189205016,815.2245794199422,507.14407062498185,53.48196834038799,1168.4076301812997,5.705311073660715,337.68605856473215,911.0176164469246,412.57619673859125,42.5052443578869,1168.4076301812997,5.705311073660715,337.68605856473215,911.0176164469246,412.57619673859125,42.5052443578869
2026-02-01 17:00:00+00:00,2766.5119,0.0,373.80039999999997,1010.2829249999999,516.4754,60.5827,2395.899457938675,1.8631083517143723,392.1071230318779,849.086844539328,505.3613998970813,61.79805203321113,1168.4076301812997,5.705311073660715,337.68605856473215,911.0176164469246,412.57619673859125,42.5052443578869,1168.4076301812997,5.705311073660715,337.68605856473215,911.0176164469246,412.57619673859125,42.5052443578869
2026-02-01 18:00:00+00:00,2909.9353499999997,0.0,373.739625,421.36322500000006,506.473175,61.257075,2574.1087276882035,2.9015632632246144,390.5710213185321,546.263412194461,499.0340019962266,63.15109203776325,1168.4076301812997,5.705311073660715,337.68605856473215,911.0176164469246,412.57619673859125,42.5052443578869,1168.4076301812997,5.705311073660715,337.68605856473215,911.0176164469246,412.57619673859125,42.5052443578869
2026-02-01 19:00:00+00:00,2931.991075,0.0,378.45825,472.288475,491.20795,61.37755,2372.281418010549,3.2538008131971634,385.9001978840785,542.7121024463111,482.3278210019674,59.99151960703833,1168.4076301812997,5.705311073660715,337.68605856473215,911.0176164469246,412.57619673859125,42.5052443578869,1168.4076301812997,5.705311073660715,337.68605856473215,911.0176164469246,412.57619673859125,42.5052443578869
2026-02-01 20:00:00+00:00,2928.139275,0.0,398.78177500000004,372.11285,472.984125,62.806675,2480.307756998358,3.8324570597092165,390.13209272298377,546.926652750979,466.08890625787893,64.07576439024955,1168.4076301812997,5.705311073660715,337.68605856473215,911.0176164469246,412.57619673859125,42.5052443578869,1168.4076301812997,5.705311073660715,337.68605856473215,911.0176164469246,412.57619673859125,42.5052443578869
2026-02-01 21:00:00+00:00,2854.121875,0.0,404.38419999999996,363.41585,458.53045,63.1769625,2617.045800835651,4.995935852778819,384.1181756133854,474.1804302534536,454.481402233426,63.64442000684234,1168.4076301812997,5.705311073660715,337.68605856473215,911.0176164469246,412.57619673859125,42.5052443578869,1168.4076301812997,5.705311073660715,337.68605856473215,911.0176164469246,412.57619673859125,42.5052443578869
2026-02-01 22:00:00+00:00,2575.2785999999996,0.0,404.396575,325.58805000000007,442.94795,63.54725,2609.265018986428,10.082901253736143,394.1069148797075,412.85959113727773,441.8860035018785,63.36427511766094,1168.4076301812997,5.705311073660715,337.68605856473215,911.0176164469246,412.57619673859125,42.5052443578869,1168.4076301812997,5.705311073660715,337.68605856473215,911.0176164469246,412.57619673859125,42.5052443578869
2026-02-01 23:00:00+00:00,2305.968275,0.0,404.438125,388.9874500000001,430.6572,64.04155,2333.427376013108,5.999709053322804,390.75825795385487,389.3327149252093,432.1214460554144,59.75539765351027,1168.4076301812997,5.705311073660715,337.68605856473215,911.0176164469246,412.57619673859125,42.5052443578869,1168.4076301812997,5.705311073660715,337.68605856473215,911.0176164469246,412.57619673859125,42.5052443578869
2026-02-02 00:00:00+00:00,2300.2088,0.0,405.07195,398.76700000000005,420.305075,61.2963,2128.7693625547904,0.7532859724821552,401.6092511332488,498.61486179489975,417.54745410306924,61.74491309288322,1168.4076301812997,5.705311073660715,337.68605856473215,911.0176164469246,412.57619673859125,42.5052443578869,1168.4076301812997,5.705311073660715,337.68605856473215,911.0176164469246,412.57619673859125,42.5052443578869
2026-02-02 01:00:00+00:00,2316.2724,0.0,405.326775,378.1332,417.11365,63.0774,1954.9156906545495,-2.267485711802709,395.1063983141866,481.9813000491718,414.4573424892385,61.76480223413728,1168.4076301812997,5.705311073660715,337.68605856473215,911.0176164469246,412.57619673859125,42.5052443578869,1168.4076301812997,5.705311073660715,337.68605856473215,911.0176164469246,412.57619673859125,42.5052443578869
2026-02-02 02:00:00+00:00,2354.0503,0.0,405.2114,348.88762500000007,415.672775,63.793575000000004,2023.466010619006,0.712282127167783,400.167613913153,487.681358720119,415.51727540996717,62.35311519281219,1168.4076301812997,5.705311073660715,337.68605856473215,911.0176164469246,412.57619673859125,42.5052443578869,1168.4076301812997,5.705311073660715,337.68605856473215,911.0176164469246,412.57619673859125,42.5052443578869
2026-02-02 03:00:00+00:00,2444.9610000000002,0.0,404.942,342.49035000000003,417.35825,62.811274999999995,1995.9732536772758,3.873532210912072,397.1525066688029,488.70036722393166,420.83785065138994,61.738567883311276,1168.4076301812997,5.705311073660715,337.68605856473215,911.0176164469246,412.57619673859125,42.5052443578869,1168.4076301812997,5.705311073660715,337.68605856473215,911.0176164469246,412.57619673859125,42.5052443578869
2026-02-02 04:00:00+00:00,2765.8382,0.0,404.82105,392.7011,427.53145,63.096325,2405.7238790421234,0.6060494251063631,404.5442837932758,516.8173911318374,423.5730598553759,63.48853445664464,1168.4076301812997,5.705311073660715,337.68605856473215,911.0176164469246,412.57619673859125,42.5052443578869,1168.4076301812997,5.705311073660715,337.68605856473215,911.0176164469246,412.57619673859125,42.5052443578869
2026-02-02 05:00:00+00:00,3067.0337500000005,0.0,404.6668,580.074,447.375175,59.445325,2878.092304599223,12.233139738045848,407.7483475711646,687.1594616128216,450.75808713907134,62.54226486649087,1168.4076301812997,5.705311073660715,337.68605856473215,911.0176164469246,412.57619673859125,42.5052443578869,1168.4076301812997,5.705311073660715,337.68605856473215,911.0176164469246,412.57619673859125,42.5052443578869
2026-02-02 06:00:00+00:00,3077.740175,0.0,404.608675,1028.2819749999999,478.33505,58.85875,2745.1226393186216,2.6887074932633923,406.26716943123245,949.0766334486348,482.59961161443937,59.106336104613845,1168.4076301812997,5.705311073660715,337.68605856473215,911.0176164469246,412.57619673859125,42.5052443578869,1168.4076301812997,5.705311073660715,337.68605856473215,911.0176164469246,412.57619673859125,42.5052443578869
2026-02-02 07:00:00+00:00,3017.334525,0.0,404.43115,1651.6228749999998,494.66785,59.02585,2883.6353537466034,12.172516829388282,414.98041840851624,1271.3671787208073,490.8033278274315,60.75591738812454,1168.4076301812997,5.705311073660715,337.68605856473215,911.0176164469246,412.57619673859125,42.5052443578869,1168.4076301812997,5.705311073660715,337.68605856473215,911.0176164469246,412.57619673859125,42.5052443578869
2026-02-02 08:00:00+00:00,2893.05865,0.0,404.10585000000003,1705.6011,487.2527,59.21245,2921.824706304331,0.8134829557851049,406.9262782245971,1275.2568151043818,488.6583277732966,61.4228491738141,1168.4076301812997,5.705311073660715,337.68605856473215,911.0176164469246,412.57619673859125,42.5052443578869,1168.4076301812997,5.705311073660715,337.68605856473215,911.0176164469246,412.57619673859125,42.5052443578869
2026-02-02 09:00:00+00:00,2955.111275,0.0,403.925375,1569.0484749999998,475.923125,60.8124,3099.3614090345163,27.852869771773413,410.9099061551012,1226.7995696547914,467.2186127010144,60.74290819505651,1168.4076301812997,5.705311073660715,337.68605856473215,911.0176164469246,412.57619673859125,42.5052443578869,1168.4076301812997,5.705311073660715,337.68605856473215,911.0176164469246,412.57619673859125,42.5052443578869
2026-02-02 10:00:00+00:00,2933.749925,0.0,403.88077499999997,1227.7017999999998,459.841975,62.837875,3065.436392336951,16.85261560840832,400.9625956709717,1044.4706032622178,444.0297377875546,61.787664587073145,1168.4076301812997,5.705311073660715,337.68605856473215,911.0176164469246,412.57619673859125,42.5052443578869,1168.4076301812997,5.705311073660715,337.68605856473215,911.0176164469246,412.57619673859125,42.5052443578869
2026-02-02 11:00:00+00:00,2933.6695,0.0,403.919975,850.9782499999999,446.763175,64.02745,2999.7551531312843,8.669114210779064,402.8433681097195,832.3913155302495,436.21661534556586,59.62283294674041,1168.4076301812997,5.705311073660715,337.68605856473215,911.0176164469246,412.57619673859125,42.5052443578869,1168.4076301812997,5.705311073660715,337.68605856473215,911.0176164469246,412.57619673859125,42.5052443578869
2026-02-02 12:00:00+00:00,2952.0352249999996,0.0,405.64065,571.4228750000001,441.37075,63.386575,2909.694950975827,4.808301201173169,412.26344970437356,689.1383166716656,443.41699325107544,61.71305559810773,1168.4076301812997,5.705311073660715,337.68605856473215,911.0176164469246,412.57619673859125,42.5052443578869,1168.4076301812997,5.705311073660715,337.68605856473215,911.0176164469246,412.57619673859125,42.5052443578869
2026-02-02 13:00:00+00:00,3040.115825,0.0,433.27985,719.870225,445.200925,63.60935833333333,2924.814973765715,-0.0773291129495437,410.116364842268,725.2181177181754,447.586145279294,59.97275429321219,1168.4076301812997,5.705311073660715,337.68605856473215,911.0176164469246,412.57619673859125,42.5052443578869,1168.4076301812997,5.705311073660715,337.68605856473215,911.0176164469246,412.57619673859125,42.5052443578869
2026-02-02 14:00:00+00:00,3301.6794250000003,0.0,433.37687500000004,1149.215025,459.38995,63.832141666666665,2967.1375515063405,2.8673152692831096,410.01508025049,942.3803595256196,465.5375528767152,59.95749633322343,1168.4076301812997,5.705311073660715,337.68605856473215,911.0176164469246,412.57619673859125,42.5052443578869,1168.4076301812997,5.705311073660715,337.68605856473215,911.0176164469246,412.57619673859125,42.5052443578869
2026-02-02 15:00:00+00:00,3381.4591499999997,0.0,437.3542,931.290225,492.435875,64.054925,2950.4042642932263,5.537134968339874,413.1647703584423,912.3959648723952,491.757498335983,59.55740209201851,1168.4076301812997,5.705311073660715,337.68605856473215,911.0176164469246,412.57619673859125,42.5052443578869,1168.4076301812997,5.705311073660715,337.68605856473215,911.0176164469246,412.57619673859125,42.5052443578869
2026-02-02 16:00:00+00:00,3307.12985,8.43745,443.200375,819.31605,514.509025,64.05146875,2900.3826661499634,33.864838939682166,430.65004115588596,1023.6688648442392,506.96288910201486,59.06137456787726,1168.4076301812997,5.705311073660715,337.68605856473215,911.0176164469246,412.57619673859125,42.5052443578869,1168.4076301812997,5.705311073660715,337.68605856473215,911.0176164469246,412.57619673859125,42.5052443578869
2026-02-02 17:00:00+00:00,3388.614975,88.810425,443.57325000000003,1429.1201749999998,515.7362499999999,64.0480125,3110.64353362352,62.414134735205266,434.77224129173806,1193.6533300108658,507.5324177562465,61.482283770979365,1168.4076301812997,5.705311073660715,337.68605856473215,911.0176164469246,412.57619673859125,42.5052443578869,1168.4076301812997,5.705311073660715,337.68605856473215,911.0176164469246,412.57619673859125,42.5052443578869
2026-02-02 18:00:00+00:00,3260.428975,169.1834,443.6255,1571.2710499999998,511.903675,64.04455625,3007.0516110504836,65.12958558314958,426.7127092242557,906.0696931701823,503.75885608525226,62.856055123158825,1168.4076301812997,5.705311073660715,337.68605856473215,911.0176164469246,412.57619673859125,42.5052443578869,1168.4076301812997,5.705311073660715,337.68605856473215,911.0176164469246,412.57619673859125,42.5052443578869
2026-02-02 19:00:00+00:00,3266.850275,0.15530000000000044,443.610225,663.06555,492.704925,64.0411,2922.6613302925516,9.174747393372716,419.4326312011114,681.703781395671,485.3581442387125,61.46430850590019,1168.4076301812997,5.705311073660715,337.68605856473215,911.0176164469246,412.57619673859125,42.5052443578869,1168.4076301812997,5.705311073660715,337.68605856473215,911.0176164469246,412.57619673859125,42.5052443578869
2026-02-02 20:00:00+00:00,3346.034375,0.0,444.194225,508.64905,476.882175,63.92567916666667,2972.1418711473007,4.2533407754658406,419.93974662962495,564.5393441319413,473.9127794493681,61.19365873416773,1168.4076301812997,5.705311073660715,337.68605856473215,911.0176164469246,412.57619673859125,42.5052443578869,1168.4076301812997,5.705311073660715,337.68605856473215,911.0176164469246,412.57619673859125,42.5052443578869
2026-02-02 21:00:00+00:00,3488.2411,0.0,444.67835,423.2177000000001,459.082725,63.81025833333333,2903.0723829112467,1.3699091431899886,425.6790604612398,504.5986242859252,457.08562323191717,62.42087574394969,1168.4076301812997,5.705311073660715,337.68605856473215,911.0176164469246,412.57619673859125,42.5052443578869,1168.4076301812997,5.705311073660715,337.68605856473215,911.0176164469246,412.57619673859125,42.5052443578869
2026-02-02 22:00:00+00:00,3207.3323250000003,0.0,444.807775,349.43785,442.4429,63.6948375,2619.7738669628943,3.861224126421746,428.20232898131826,480.4083606112341,444.1761397647408,61.82875277576488,1168.4076301812997,5.705311073660715,337.68605856473215,911.0176164469246,412.57619673859125,42.5052443578869,1168.4076301812997,5.705311073660715,337.68605856473215,911.0176164469246,412.57619673859125,42.5052443578869
2026-02-02 23:00:00+00:00,2717.888075,0.0,443.55785,362.49884999999995,429.4627,63.57941666666667,2380.456056714016,3.8178890754359216,414.8393229002345,451.01280484345926,430.553347559956,60.7973206966454,1168.4076301812997,5.705311073660715,337.68605856473215,911.0176164469246,412.57619673859125,42.5052443578869,1168.4076301812997,5.705311073660715,337.68605856473215,911.0176164469246,412.57619673859125,42.5052443578869
2026-02-03 00:00:00+00:00,2241.326225,0.0,443.8841,370.212275,420.123075,63.46399583333333,2347.1141273702115,1.2047171679007382,417.81078189529774,395.0130023231055,426.9690108537532,60.736857214035325,1168.4076301812997,5.705311073660715,337.68605856473215,911.0176164469246,412.57619673859125,42.5052443578869,1168.4076301812997,5.705311073660715,337.68605856473215,911.0176164469246,412.57619673859125,42.5052443578869
2026-02-03 01:00:00+00:00,2102.47095,0.0,443.938375,369.0932250000001,415.99495,63.348575,2130.4702742805543,1.7928744495911872,430.62758392555276,449.8807929466866,424.72739945367897,58.39619214649251,1168.4076301812997,5.705311073660715,337.68605856473215,911.0176164469246,412.57619673859125,42.5052443578869,1168.4076301812997,5.705311073660715,337.68605856473215,911.0176164469246,412.57619673859125,42.5052443578869
2026-02-03 02:00:00+00:00,2096.78575,0.0,415.947925,362.178225,414.51365,62.432675,2187.957365421603,1.4094440869053884,433.82417683476564,406.90505701629877,424.7079465706605,61.263474039060256,1168.4076301812997,5.705311073660715,337.68605856473215,911.0176164469246,412.57619673859125,42.5052443578869,1168.4076301812997,5.705311073660715,337.68605856473215,911.0176164469246,412.57619673859125,42.5052443578869
2026-02-03 03:00:00+00:00,2135.5425999999998,0.0,411.485975,363.67712499999993,417.66089999999997,63.092575,2302.142198048464,1.9263627295339223,417.0538465803037,392.2669613896205,428.2659243137806,58.66899927148431,1168.4076301812997,5.705311073660715,337.68605856473215,911.0176164469246,412.57619673859125,42.5052443578869,1168.4076301812997,5.705311073660715,337.68605856473215,911.0176164469246,412.57619673859125,42.5052443578869
2026-02-03 04:00:00+00:00,2397.486425,0.0,435.352275,360.0471,427.88145,62.3788,2003.845066888015,6.577799303839347,425.42635622809337,458.7743862634223,431.2062738872405,59.39721971743362,1168.4076301812997,5.705311073660715,337.68605856473215,911.0176164469246,412.57619673859125,42.5052443578869,1168.4076301812997,5.705311073660715,337.68605856473215,911.0176164469246,412.57619673859125,42.5052443578869
2026-02-03 05:00:00+00:00,2662.89915,0.0,441.296975,407.53705,459.16425000000004,59.7459,2891.333296392939,-1.1337481309385158,430.6187979850451,584.74667084063,459.98972029374653,58.49072857430908,1168.4076301812997,5.705311073660715,337.68605856473215,911.0176164469246,412.57619673859125,42.5052443578869,1168.4076301812997,5.705311073660715,337.68605856473215,911.0176164469246,412.57619673859125,42.5052443578869
2026-02-03 06:00:00+00:00,3045.3468249999996,0.0,442.914675,376.46630000000005,490.5603,58.172250000000005,2921.1367856490624,1.0842528052311549,426.5070592477346,689.399327906699,488.8256354485364,56.85379373193955,1168.4076301812997,5.705311073660715,337.68605856473215,911.0176164469246,412.57619673859125,42.5052443578869,1168.4076301812997,5.705311073660715,337.68605856473215,911.0176164469246,412.57619673859125,42.5052443578869
2026-02-03 07:00:00+00:00,3186.406525,0.0,441.479325,491.980825,506.87565,58.63915,3101.7567926882075,10.14538433200082,442.6180162108304,786.1234931105433,493.5203121444483,60.9099699187618,1168.4076301812997,5.705311073660715,337.68605856473215,911.0176164469246,412.57619673859125,42.5052443578869,1168.4076301812997,5.705311073660715,337.68605856473215,911.0176164469246,412.57619673859125,42.5052443578869
2026-02-03 08:00:00+00:00,3209.4905,0.0,440.001325,983.9850749999999,496.76727500000004,59.7333,2999.188492175521,16.779122146289616,435.7524107974752,788.8984958181213,491.7952104075373,60.25971162196586,1168.4076301812997,5.705311073660715,337.68605856473215,911.0176164469246,412.57619673859125,42.5052443578869,1168.4076301812997,5.705311073660715,337.68605856473215,911.0176164469246,412.57619673859125,42.5052443578869
2026-02-03 09:00:00+00:00,3333.984675,0.0,440.2548,585.8573,459.574725,62.66055,2895.667302581293,5.832760455934917,441.70750718435374,708.0365982191958,476.4748351762757,62.06220846428435,1168.4076301812997,5.705311073660715,337.68605856473215,911.0176164469246,412.57619673859125,42.5052443578869,1168.4076301812997,5.705311073660715,337.68605856473215,911.0176164469246,412.57619673859125,42.5052443578869
2026-02-03 10:00:00+00:00,3299.0993,0.0,443.252775,919.9798,442.209625,63.204425,2941.0216335406676,0.5401507371641676,431.42086652429134,762.9057156085049,450.0749456076734,61.55367322781524,1168.4076301812997,5.705311073660715,337.68605856473215,911.0176164469246,412.57619673859125,42.5052443578869,1168.4076301812997,5.705311073660715,337.68605856473215,911.0176164469246,412.57619673859125,42.5052443578869
2026-02-03 11:00:00+00:00,3031.81365,0.0,442.9071,466.382,436.43215,63.242835416666665,2826.70027226559,6.081111871779974,430.6212177597406,553.492538715207,442.9621760709244,61.491382696969325,1168.4076301812997,5.705311073660715,337.68605856473215,911.0176164469246,412.57619673859125,42.5052443578869,1168.4076301812997,5.705311073660715,337.68605856473215,911.0176164469246,412.57619673859125,42.5052443578869
2026-02-03 12:00:00+00:00,2555.7995499999997,0.0,443.22005,437.23705,432.367925,63.28124583333334,2704.7922721231103,8.945365042033306,441.4277497922162,550.2204454744016,437.7329554894618,59.67163370873365,1168.4076301812997,5.705311073660715,337.68605856473215,911.0176164469246,412.57619673859125,42.5052443578869,1168.4076301812997,5.705311073660715,337.68605856473215,911.0176164469246,412.57619673859125,42.5052443578869
2026-02-03 13:00:00+00:00,2533.8146500000003,0.0,442.36415,735.2527000000001,440.096175,63.31965625,2579.220662674236,-6.452093253491656,432.41573362541726,611.991256500914,447.3730382584182,63.67467827261487,1168.4076301812997,5.705311073660715,337.68605856473215,911.0176164469246,412.57619673859125,42.5052443578869,1168.4076301812997,5.705311073660715,337.68605856473215,911.0176164469246,412.57619673859125,42.5052443578869
2026-02-03 14:00:00+00:00,2779.81085,0.0,442.07475,733.6435999999999,461.09225,63.358066666666666,2581.593738170971,-0.4892349585577662,431.47613738798907,711.8147390980906,464.84140934241776,60.57846333939541,1168.4076301812997,5.705311073660715,337.68605856473215,911.0176164469246,412.57619673859125,42.5052443578869,1168.4076301812997,5.705311073660715,337.68605856473215,911.0176164469246,412.57619673859125,42.5052443578869
2026-02-03 15:00:00+00:00,3054.15185,0.0,442.31985,675.483625,495.38845000000003,63.39647708333334,2773.4002379186677,-13.673061928051519,431.713271363653,751.9362856403728,492.8043375410786,61.93160323389432,1168.4076301812997,5.705311073660715,337.68605856473215,911.0176164469246,412.57619673859125,42.5052443578869,1168.4076301812997,5.705311073660715,337.68605856473215,911.0176164469246,412.57619673859125,42.5052443578869
2026-02-03 16:00:00+00:00,3052.670825,0.0,442.737675,1080.395625,516.298225,63.4348875,2954.3109594810294,18.49372953949709,473.6782429368302,957.205444952674,504.14592086974227,60.864956135760444,1168.4076301812997,5.705311073660715,337.68605856473215,911.0176164469246,412.57619673859125,42.5052443578869,1168.4076301812997,5.705311073660715,337.68605856473215,911.0176164469246,412.57619673859125,42.5052443578869
2026-02-03 17:00:00+00:00,3042.364075,0.0,443.92635,713.2446,518.333325,63.47329791666667,3025.5202904238504,25.648554464360018,449.3426873904314,882.6785992897603,504.43557845675616,60.88156728308333,1168.4076301812997,5.705311073660715,337.68605856473215,911.0176164469246,412.57619673859125,42.5052443578869,1168.4076301812997,5.705311073660715,337.68605856473215,911.0176164469246,412.57619673859125,42.5052443578869
2026-02-03 18:00:00+00:00,2962.9357500000006,0.0,443.44425,532.1597,509.072625,63.51170833333334,2980.105436981493,3.02526734136784,443.4750540488992,633.0446753913388,499.2360780768789,60.03151463783526,1168.4076301812997,5.705311073660715,337.68605856473215,911.0176164469246,412.57619673859125,42.5052443578869,1168.4076301812997,5.705311073660715,337.68605856473215,911.0176164469246,412.57619673859125,42.5052443578869
2026-02-03 19:00:00+00:00,2923.0555,0.0,443.51685,546.9615249999999,488.321,63.55011875,2671.54665389219,12.16065297415481,430.6544694325443,557.8955872443313,483.3286902604109,62.92119010616791,1168.4076301812997,5.705311073660715,337.68605856473215,911.0176164469246,412.57619673859125,42.5052443578869,1168.4076301812997,5.705311073660715,337.68605856473215,911.0176164469246,412.57619673859125,42.5052443578869
2026-02-03 20:00:00+00:00,2935.6859750000003,0.0,443.549875,779.617925,476.755125,63.58852916666667,2621.5947189783224,9.663919036799996,423.2521538259929,582.6107364000159,473.9248105618299,61.25938507703358,1168.4076301812997,5.705311073660715,337.68605856473215,911.0176164469246,412.57619673859125,42.5052443578869,1168.4076301812997,5.705311073660715,337.68605856473215,911.0176164469246,412.57619673859125,42.5052443578869
2026-02-03 21:00:00+00:00,2974.09565,0.0,421.27952500000004,533.5569750000001,464.104,63.62693958333334,2723.9739207301927,13.788681107186669,416.5500493842642,531.4038720587546,456.57067535922795,62.256837168185385,1168.4076301812997,5.705311073660715,337.68605856473215,911.0176164469246,412.57619673859125,42.5052443578869,1168.4076301812997,5.705311073660715,337.68605856473215,911.0176164469246,412.57619673859125,42.5052443578869
2026-02-03 22:00:00+00:00,2773.847825,0.0,414.17655,361.360275,451.30445000000003,63.665350000000004,2524.1682419415047,6.93441918514645,412.47749808303286,470.6175888527121,444.45680779207044,60.86040312926731,1168.4076301812997,5.705311073660715,337.68605856473215,911.0176164469246,412.57619673859125,42.5052443578869,1168.4076301812997,5.705311073660715,337.68605856473215,911.0176164469246,412.57619673859125,42.5052443578869
2026-02-03 23:00:00+00:00,2538.7005,0.0,414.17865,356.25542500000006,436.02925,63.768675,2436.6463062345038,6.371837563493802,404.6823774630175,494.9788969106048,433.14303699915246,63.81453512913848,1168.4076301812997,5.705311073660715,337.68605856473215,911.0176164469246,412.57619673859125,42.5052443578869,1168.4076301812997,5.705311073660715,337.68605856473215,911.0176164469246,412.57619673859125,42.5052443578869
2026-02-04 00:00:00+00:00,2461.559575,0.0,414.160175,354.888375,425.5664,63.872,2583.560142353286,4.515631972330249,399.93517776213343,439.8311004074923,425.26908719501307,61.10174550788831,1168.4076301812997,5.705311073660715,337.68605856473215,911.0176164469246,412.57619673859125,42.5052443578869,1168.4076301812997,5.705311073660715,337.68605856473215,911.0176164469246,412.57619673859125,42.5052443578869
2026-02-04 01:00:00+00:00,2576.7730500000002,0.0,414.219725,353.13957500000004,425.4062,63.88355,2435.581580418414,1.2432106727916121,405.37523297717064,476.604341108958,426.80995218585366,62.773547413774985,1168.4076301812997,5.705311073660715,337.68605856473215,911.0176164469246,412.57619673859125,42.5052443578869,1168.4076301812997,5.705311073660715,337.68605856473215,911.0176164469246,412.57619673859125,42.5052443578869
2026-02-04 02:00:00+00:00,2584.7097249999997,0.0,414.14895,353.850325,421.28285,63.97085,2410.562937079659,-0.05494588235954101,409.05378759583925,455.87658985753535,425.6451304865713,62.055436979853994,1168.4076301812997,5.705311073660715,337.68605856473215,911.0176164469246,412.57619673859125,42.5052443578869,1168.4076301812997,5.705311073660715,337.68605856473215,911.0176164469246,412.57619673859125,42.5052443578869
2026-02-04 03:00:00+00:00,2577.7857,0.0,414.168475,352.1226750000001,424.51595,64.064425,2561.826485765245,2.797960502152684,417.88033196744806,448.77393733999986,427.14856123926324,63.05253399863645,1168.4076301812997,5.705311073660715,337.68605856473215,911.0176164469246,412.57619673859125,42.5052443578869,1168.4076301812997,5.705311073660715,337.68605856473215,911.0176164469246,412.57619673859125,42.5052443578869
2026-02-04 04:00:00+00:00,2700.7152499999997,0.0,414.595275,347.43487500000003,435.828925,62.0045,2507.638582521332,7.560647283523979,421.2201648209141,438.8667948893929,430.30085360848744,64.78424909828567,1168.4076301812997,5.705311073660715,337.68605856473215,911.0176164469246,412.57619673859125,42.5052443578869,1168.4076301812997,5.705311073660715,337.68605856473215,911.0176164469246,412.57619673859125,42.5052443578869
2026-02-04 05:00:00+00:00,3330.5478,95.05725,414.46524999999997,479.780725,456.422425,62.628,2949.3956426429,56.218839448837585,416.0156880156541,649.9715856995986,460.1803510588552,62.17482010276187,1168.4076301812997,5.705311073660715,337.68605856473215,911.0176164469246,412.57619673859125,42.5052443578869,1168.4076301812997,5.705311073660715,337.68605856473215,911.0176164469246,412.57619673859125,42.5052443578869
2026-02-04 06:00:00+00:00,3518.002375,120.261525,414.086125,1360.869575,479.782375,61.53815,3075.720516095218,103.9490925183291,419.7235266402386,1220.2460506989016,486.85060487427813,60.909368827313344,1168.4076301812997,5.705311073660715,337.68605856473215,911.0176164469246,412.57619673859125,42.5052443578869,1168.4076301812997,5.705311073660715,337.68605856473215,911.0176164469246,412.57619673859125,42.5052443578869
2026-02-04 07:00:00+00:00,3516.960625,111.15430416666666,422.321875,1567.1966249999998,493.68315,61.31395,3287.690093123351,113.84833129632865,446.2096451386359,1423.5343970209633,495.0666880436373,60.87155283251401,1168.4076301812997,5.705311073660715,337.68605856473215,911.0176164469246,412.57619673859125,42.5052443578869,1168.4076301812997,5.705311073660715,337.68605856473215,911.0176164469246,412.57619673859125,42.5052443578869
2026-02-04 08:00:00+00:00,3509.5937,102.04708333333333,444.20345,986.3838999999999,494.1048,61.872125,3235.7039797154966,99.94151275233133,454.9099859280871,1084.9952147914514,489.24922978393187,61.61317505777164,1168.4076301812997,5.705311073660715,337.68605856473215,911.0176164469246,412.57619673859125,42.5052443578869,1168.4076301812997,5.705311073660715,337.68605856473215,911.0176164469246,412.57619673859125,42.5052443578869
2026-02-04 09:00:00+00:00,2934.6991,92.9398625,432.23125,889.6452249999999,471.1327,62.4303,3147.075158091605,82.45757732427037,416.56299080043294,761.3749769779836,468.0795255376348,60.24368910136393,1168.4076301812997,5.705311073660715,337.68605856473215,911.0176164469246,412.57619673859125,42.5052443578869,1168.4076301812997,5.705311073660715,337.68605856473215,911.0176164469246,412.57619673859125,42.5052443578869
2026-02-04 10:00:00+00:00,2706.49025,83.83264166666666,413.918175,843.4305249999999,451.891975,62.988475,2886.9134617875507,65.58128225966166,408.0821661570288,691.9706393986393,450.1791234103572,61.71839302608839,1168.4076301812997,5.705311073660715,337.68605856473215,911.0176164469246,412.57619673859125,42.5052443578869,1168.4076301812997,5.705311073660715,337.68605856473215,911.0176164469246,412.57619673859125,42.5052443578869
2026-02-04 11:00:00+00:00,2637.2755749999997,74.72542083333333,414.000525,534.080975,438.11365,63.069525,2804.4121814342507,54.117578872666925,409.5751868554158,620.7365299046628,435.1788971955388,61.13963024174738,1168.4076301812997,5.705311073660715,337.68605856473215,911.0176164469246,412.57619673859125,42.5052443578869,1168.4076301812997,5.705311073660715,337.68605856473215,911.0176164469246,412.57619673859125,42.5052443578869
2026-02-04 12:00:00+00:00,2934.1232,65.6182,410.33477500000004,572.351675,432.10317499999996,63.93235,2830.969610266192,49.864590297425025,416.15933566732787,650.0436337445485,437.46056087858835,62.18898580934757,1168.4076301812997,5.705311073660715,337.68605856473215,911.0176164469246,412.57619673859125,42.5052443578869,1168.4076301812997,5.705311073660715,337.68605856473215,911.0176164469246,412.57619673859125,42.5052443578869
2026-02-04 13:00:00+00:00,2913.096125,0.0,385.8216,862.5733749999999,437.56575,63.7876,2696.697157798366,15.044405082925694,406.4849161821456,687.9382221867877,442.4849994913793,62.43364569878506,1168.4076301812997,5.705311073660715,337.68605856473215,911.0176164469246,412.57619673859125,42.5052443578869,1168.4076301812997,5.705311073660715,337.68605856473215,911.0176164469246,412.57619673859125,42.5052443578869
2026-02-04 14:00:00+00:00,2919.9571,0.0,410.634325,781.1673499999999,454.756675,63.2826,3008.3461159762605,14.895998698053292,416.9410616322626,705.7501154148056,461.6440858663036,61.42423210685676,1168.4076301812997,5.705311073660715,337.68605856473215,911.0176164469246,412.57619673859125,42.5052443578869,1168.4076301812997,5.705311073660715,337.68605856473215,911.0176164469246,412.57619673859125,42.5052443578869
2026-02-04 15:00:00+00:00,2956.533075,0.0,427.256925,533.5751,487.88445,63.410295833333336,3095.3958819189943,6.637272063622197,422.16607244696326,909.933362926756,490.7756553259919,60.97329163176629,1168.4076301812997,5.705311073660715,337.68605856473215,911.0176164469246,412.57619673859125,42.5052443578869,1168.4076301812997,5.705311073660715,337.68605856473215,911.0176164469246,412.57619673859125,42.5052443578869
2026-02-04 16:00:00+00:00,2972.212875,0.0,442.719775,778.6959249999999,511.9134,63.53799166666667,3135.9755063635735,0.6328179367114437,425.453455119574,1074.4693273489506,505.18438206489816,62.434135856452684,1168.4076301812997,5.705311073660715,337.68605856473215,911.0176164469246,412.57619673859125,42.5052443578869,1168.4076301812997,5.705311073660715,337.68605856473215,911.0176164469246,412.57619673859125,42.5052443578869
2026-02-04 17:00:00+00:00,3106.249175,0.0,443.44935,866.0474,514.7076500000001,63.665687500000004,3138.131548822132,2.662411774966677,432.48746683476907,997.0241774416494,507.6634527593488,59.85628934638095,1168.4076301812997,5.705311073660715,337.68605856473215,911.0176164469246,412.57619673859125,42.5052443578869,1168.4076301812997,5.705311073660715,337.68605856473215,911.0176164469246,412.57619673859125,42.5052443578869
2026-02-04 18:00:00+00:00,3116.15975,0.0,438.70664999999997,666.0884749999999,505.848875,63.79338333333334,3186.310551917547,10.127016632111232,427.48872941792547,632.3046767630741,501.62014648225005,61.15275540034027,1168.4076301812997,5.705311073660715,337.68605856473215,911.0176164469246,412.57619673859125,42.5052443578869,1168.4076301812997,5.705311073660715,337.68605856473215,911.0176164469246,412.57619673859125,42.5052443578869
2026-02-04 19:00:00+00:00,2896.57735,0.0,397.932075,358.6386749999999,488.834775,63.92107916666667,2929.9698756240145,1.7846282463294454,400.380488669642,601.0566639391395,482.2858750857499,59.22489466982296,1168.4076301812997,5.705311073660715,337.68605856473215,911.0176164469246,412.57619673859125,42.5052443578869,1168.4076301812997,5.705311073660715,337.68605856473215,911.0176164469246,412.57619673859125,42.5052443578869
2026-02-04 20:00:00+00:00,2471.0819,0.0,381.355275,439.04510000000005,470.79965,64.048775,2688.1182103321553,5.4479474821955325,393.6119670350627,584.5412414834298,468.7382358254149,59.478548799856334,1168.4076301812997,5.705311073660715,337.68605856473215,911.0176164469246,412.57619673859125,42.5052443578869,1168.4076301812997,5.705311073660715,337.68605856473215,911.0176164469246,412.57619673859125,42.5052443578869
2026-02-04 21:00:00+00:00,2413.6632250000002,0.0,381.5158,360.92932499999995,452.72517500000004,63.952006250000004,2550.0632912604106,5.626684110513526,397.36288852871013,545.4845191482208,451.3156597509535,58.74873428800751,1168.4076301812997,5.705311073660715,337.68605856473215,911.0176164469246,412.57619673859125,42.5052443578869,1168.4076301812997,5.705311073660715,337.68605856473215,911.0176164469246,412.57619673859125,42.5052443578869
2026-02-04 22:00:00+00:00,2420.155925,0.0,381.55475,356.38474999999994,436.876025,63.8552375,2437.7595394849113,9.401955057055892,400.21212846673126,490.03324274031905,438.6907787146014,59.60597497789942,1168.4076301812997,5.705311073660715,337.68605856473215,911.0176164469246,412.57619673859125,42.5052443578869,1168.4076301812997,5.705311073660715,337.68605856473215,911.0176164469246,412.57619673859125,42.5052443578869
2026-02-04 23:00:00+00:00,2318.4143,0.0,381.68,338.85602500000005,429.978,63.758468750000006,2342.08448857784,11.661955767595757,394.7475889500886,437.61535458355087,429.47058959402665,59.28075458600738,1168.4076301812997,5.705311073660715,337.68605856473215,911.0176164469246,412.57619673859125,42.5052443578869,1168.4076301812997,5.705311073660715,337.68605856473215,911.0176164469246,412.57619673859125,42.5052443578869
2026-02-05 00:00:00+00:00,2089.517425,0.0,381.7137,337.44615,424.2702,63.6617,2115.4790128377917,-0.3085055474376448,399.34030205297677,423.49770723065706,424.0234083270571,61.761583303206955,1168.4076301812997,5.705311073660715,337.68605856473215,911.0176164469246,412.57619673859125,42.5052443578869,1168.4076301812997,5.705311073660715,337.68605856473215,911.0176164469246,412.57619673859125,42.5052443578869
2026-02-05 01:00:00+00:00,1980.2419,0.0,381.78632500000003,338.249825,420.8306,54.7656,1944.19038672252,-0.7168788702052256,397.54128798744455,370.264537421677,419.7764390843124,61.03969004998676,1168.4076301812997,5.705311073660715,337.68605856473215,911.0176164469246,412.57619673859125,42.5052443578869,1168.4076301812997,5.705311073660715,337.68605856473215,911.0176164469246,412.57619673859125,42.5052443578869
2026-02-05 02:00:00+00:00,1982.426475,0.0,381.61242500000003,330.10745,420.2763,61.058825,2131.31863657466,-2.380857392004133,380.0918398739397,391.5384701967097,418.940804583049,60.68296613386965,1168.4076301812997,5.705311073660715,337.68605856473215,911.0176164469246,412.57619673859125,42.5052443578869,1168.4076301812997,5.705311073660715,337.68605856473215,911.0176164469246,412.57619673859125,42.5052443578869
2026-02-05 03:00:00+00:00,2163.1814,0.0,381.552675,331.024,422.19795,62.29735,2236.824264869305,9.545591710359151,376.8448942791509,385.69432965151316,425.84837761220643,61.4369763182388,1168.4076301812997,5.705311073660715,337.68605856473215,911.0176164469246,412.57619673859125,42.5052443578869,1168.4076301812997,5.705311073660715,337.68605856473215,911.0176164469246,412.57619673859125,42.5052443578869
2026-02-05 04:00:00+00:00,2392.58805,0.0,381.3854,387.58889999999997,433.524475,61.784875,2543.1662597321088,8.65408470984292,395.8169208329083,452.4560629330645,429.70867184249147,61.53402348256299,1168.4076301812997,5.705311073660715,337.68605856473215,911.0176164469246,412.57619673859125,42.5052443578869,1168.4076301812997,5.705311073660715,337.68605856473215,911.0176164469246,412.57619673859125,42.5052443578869
2026-02-05 05:00:00+00:00,2904.321325,116.09537499999999,383.51155,611.8814249999999,453.047275,60.777625,2708.6923720183304,73.1308623520839,392.94098105222866,829.6840297113108,459.4473115367527,60.01630490611255,1168.4076301812997,5.705311073660715,337.68605856473215,911.0176164469246,412.57619673859125,42.5052443578869,1168.4076301812997,5.705311073660715,337.68605856473215,911.0176164469246,412.57619673859125,42.5052443578869
2026-02-05 06:00:00+00:00,3330.1515,146.085875,412.730675,1122.805425,482.43485,59.650549999999996,2838.6317047094735,125.66707083735689,440.35850386606194,1211.4996053539005,490.14893590913186,59.08816571605321,1168.4076301812997,5.705311073660715,337.68605856473215,911.0176164469246,412.57619673859125,42.5052443578869,1168.4076301812997,5.705311073660715,337.68605856473215,911.0176164469246,412.57619673859125,42.5052443578869
2026-02-05 07:00:00+00:00,3439.226025,118.23285499999999,445.9198,1224.231025,494.74872500000004,63.850725,2952.84847377363,119.78163415641838,460.8510827859715,1366.4291900430335,496.986578966288,59.79838400086558,1168.4076301812997,5.705311073660715,337.68605856473215,911.0176164469246,412.57619673859125,42.5052443578869,1168.4076301812997,5.705311073660715,337.68605856473215,911.0176164469246,412.57619673859125,42.5052443578869
2026-02-05 08:00:00+00:00,3477.0090999999998,90.37983499999999,479.108925,1274.8361,489.672675,53.97945,2976.296349662748,98.5364114035247,465.1286760876753,1292.6963798782103,490.5439824589422,56.783936827641966,1168.4076301812997,5.705311073660715,337.68605856473215,911.0176164469246,412.57619673859125,42.5052443578869,1168.4076301812997,5.705311073660715,337.68605856473215,911.0176164469246,412.57619673859125,42.5052443578869
2026-02-05 09:00:00+00:00,3321.570875,62.526815,463.18575,1173.0291750000001,464.8295,44.108175,2990.7060251998573,34.93355337017323,447.92384879591407,1100.3906433614961,475.1533162465666,51.57861262479658,1168.4076301812997,5.705311073660715,337.68605856473215,911.0176164469246,412.57619673859125,42.5052443578869,1168.4076301812997,5.705311073660715,337.68605856473215,911.0176164469246,412.57619673859125,42.5052443578869
2026-02-05 10:00:00+00:00,3265.994975,34.673795,420.808875,700.3578,453.151475,40.546175000000005,2946.4121460893493,16.566638970041375,427.10856348571923,815.7278789131001,459.72722115466667,49.366194015729135,1168.4076301812997,5.705311073660715,337.68605856473215,911.0176164469246,412.57619673859125,42.5052443578869,1168.4076301812997,5.705311073660715,337.68605856473215,911.0176164469246,412.57619673859125,42.5052443578869
2026-02-05 11:00:00+00:00,3177.51835,6.820775,413.16405,377.89217499999995,440.6729,40.083425,2908.532964500647,13.281921269127068,422.6763221924335,540.8461254014732,444.27216232309337,47.40626412615719,1168.4076301812997,5.705311073660715,337.68605856473215,911.0176164469246,412.57619673859125,42.5052443578869,1168.4076301812997,5.705311073660715,337.68605856473215,911.0176164469246,412.57619673859125,42.5052443578869
2026-02-05 12:00:00+00:00,3189.2472499999994,0.0,421.682925,405.44712499999997,434.31135,39.339975,2623.3898795531386,-6.405316586282799,425.215029003311,520.2175122581464,434.3980131419702,46.56574166416245,1168.4076301812997,5.705311073660715,337.68605856473215,911.0176164469246,412.57619673859125,42.5052443578869,1168.4076301812997,5.705311073660715,337.68605856473215,911.0176164469246,412.57619673859125,42.5052443578869
2026-02-05 13:00:00+00:00,3359.9765500000003,0.0,423.885325,366.88570000000004,432.127125,39.535799999999995,2610.706374364346,19.324743741877967,413.71485856497486,534.8937851273643,440.73749066989495,44.84364380671122,1168.4076301812997,5.705311073660715,337.68605856473215,911.0176164469246,412.57619673859125,42.5052443578869,1168.4076301812997,5.705311073660715,337.68605856473215,911.0176164469246,412.57619673859125,42.5052443578869
2026-02-05 14:00:00+00:00,3390.385725,0.0,426.49755000000005,468.87284999999997,447.60472500000003,40.332225,2968.2365227895016,2.900926070963372,423.7273881177051,578.8410411107718,457.0703889612262,42.73715680231614,1168.4076301812997,5.705311073660715,337.68605856473215,911.0176164469246,412.57619673859125,42.5052443578869,1168.4076301812997,5.705311073660715,337.68605856473215,911.0176164469246,412.57619673859125,42.5052443578869
2026-02-05 15:00:00+00:00,3187.828375,0.0,429.56065,1061.3714,483.5597,41.37955,2961.707281556933,7.661857417784707,416.9708034666867,991.7282335870691,487.4480108881365,44.88319815291726,1168.4076301812997,5.705311073660715,337.68605856473215,911.0176164469246,412.57619673859125,42.5052443578869,1168.4076301812997,5.705311073660715,337.68605856473215,911.0176164469246,412.57619673859125,42.5052443578869
2026-02-05 16:00:00+00:00,2953.3891000000003,0.0,429.332475,1856.7319749999997,503.89322500000003,49.126225,2783.1142272681345,0.5193856061318902,436.0091420417765,1654.8228075965617,508.47696206361604,51.7323290675182,1168.4076301812997,5.705311073660715,337.68605856473215,911.0176164469246,412.57619673859125,42.5052443578869,1168.4076301812997,5.705311073660715,337.68605856473215,911.0176164469246,412.57619673859125,42.5052443578869
2026-02-05 17:00:00+00:00,3007.47735,0.0,429.50732500000004,1975.474375,507.46195,47.53945,2823.508331371321,1.3381019997355796,427.7041936519562,1697.3214982820123,507.1594204382614,53.572491410726165,1168.4076301812997,5.705311073660715,337.68605856473215,911.0176164469246,412.57619673859125,42.5052443578869,1168.4076301812997,5.705311073660715,337.68605856473215,911.0176164469246,412.57619673859125,42.5052443578869
2026-02-05 18:00:00+00:00,2816.24005,0.0,429.727,1873.1135499999996,503.439775,46.0665,2796.8094035527183,17.292722136341272,437.5523793606066,1434.5379446650315,501.4228552878187,55.24400144138909,1168.4076301812997,5.705311073660715,337.68605856473215,911.0176164469246,412.57619673859125,42.5052443578869,1168.4076301812997,5.705311073660715,337.68605856473215,911.0176164469246,412.57619673859125,42.5052443578869
2026-02-05 19:00:00+00:00,2819.2981499999996,0.0,385.050775,1351.4857749999999,489.429975,44.773375,2710.7642118763433,5.806438305740274,397.64643689204917,1082.5646659164545,485.03435281298755,46.9844951951469,1168.4076301812997,5.705311073660715,337.68605856473215,911.0176164469246,412.57619673859125,42.5052443578869,1168.4076301812997,5.705311073660715,337.68605856473215,911.0176164469246,412.57619673859125,42.5052443578869
2026-02-05 20:00:00+00:00,3080.9055,0.0,380.59425,755.66105,470.91087500000003,47.528075,2722.0817420129897,0.5162623919751796,391.01753215545773,764.3513421950686,470.8103070558239,48.9602246399335,1168.4076301812997,5.705311073660715,337.68605856473215,911.0176164469246,412.57619673859125,42.5052443578869,1168.4076301812997,5.705311073660715,337.68605856473215,911.0176164469246,412.57619673859125,42.5052443578869
2026-02-05 21:00:00+00:00,3201.4043,0.0,384.45342500000004,433.2591,455.539675,50.6627,2650.3286617849453,6.6414632150629345,397.85904416426513,561.7014397346197,453.87842635502017,52.372508011234295,1168.4076301812997,5.705311073660715,337.68605856473215,911.0176164469246,412.57619673859125,42.5052443578869,1168.4076301812997,5.705311073660715,337.68605856473215,911.0176164469246,412.57619673859125,42.5052443578869
2026-02-05 22:00:00+00:00,3150.779,0.0,398.53505,315.81202499999995,435.6245,51.05395,2629.1939443492106,7.248018148203601,399.5115391101713,515.7446590518193,441.0719062430906,52.1386293581045,1168.4076301812997,5.705311073660715,337.68605856473215,911.0176164469246,412.57619673859125,42.5052443578869,1168.4076301812997,5.705311073660715,337.68605856473215,911.0176164469246,412.57619673859125,42.5052443578869
2026-02-05 23:00:00+00:00,2919.203725,0.0,402.46475,349.93544999999995,424.5659,49.65035,2595.653361741971,6.951066157716227,410.1353719174017,562.1601243757904,430.4911069293929,51.72245898963408,1168.4076301812997,5.705311073660715,337.68605856473215,911.0176164469246,412.57619673859125,42.5052443578869,1168.4076301812997,5.705311073660715,337.68605856473215,911.0176164469246,412.57619673859125,42.5052443578869
2026-02-06 00:00:00+00:00,2901.856325,0.0,411.37485,319.173675,417.613725,50.789725000000004,2520.833828145489,0.39172939761340775,417.7537564995996,479.98320911235095,426.66014013365157,53.61984786991061,1168.4076301812997,5.705311073660715,337.68605856473215,911.0176164469246,412.57619673859125,42.5052443578869,1168.4076301812997,5.705311073660715,337.68605856473215,911.0176164469246,412.57619673859125,42.5052443578869
2026-02-06 01:00:00+00:00,2790.0568249999997,0.0,412.371075,319.1368,415.0067,48.136525,2497.9540799039924,0.7956591632370875,406.9846124901281,528.7070677044054,423.14522135481707,48.50020236129783,1168.4076301812997,5.705311073660715,337.68605856473215,911.0176164469246,412.57619673859125,42.5052443578869,1168.4076301812997,5.705311073660715,337.68605856473215,911.0176164469246,412.57619673859125,42.5052443578869
2026-02-06 02:00:00+00:00,2710.552375,0.0,423.2386,325.30662499999994,413.6452,47.554199999999994,2514.5239980762926,0.8476857710362067,412.6993566059925,530.4201761004001,425.74532672647223,44.191249804821645,1168.4076301812997,5.705311073660715,337.68605856473215,911.0176164469246,412.57619673859125,42.5052443578869,1168.4076301812997,5.705311073660715,337.68605856473215,911.0176164469246,412.57619673859125,42.5052443578869
2026-02-06 03:00:00+00:00,2691.7497,0.08124999999999982,446.045525,325.806775,415.516125,50.27655,2379.2381078883823,2.8659206077953576,415.0828338370841,520.3553968248098,432.05872101773826,45.73969517297837,1168.4076301812997,5.705311073660715,337.68605856473215,911.0176164469246,412.57619673859125,42.5052443578869,1168.4076301812997,5.705311073660715,337.68605856473215,911.0176164469246,412.57619673859125,42.5052443578869
2026-02-06 04:00:00+00:00,2675.758575,87.35525,442.17435,323.840275,428.049175,48.371325,2427.8416467757033,25.74105836982526,422.30947931892797,590.0251219612911,437.53421222123785,48.23754499064883,1168.4076301812997,5.705311073660715,337.68605856473215,911.0176164469246,412.57619673859125,42.5052443578869,1168.4076301812997,5.705311073660715,337.68605856473215,911.0176164469246,412.57619673859125,42.5052443578869
2026-02-06 05:00:00+00:00,2650.3147,119.76302500000001,441.509625,947.261,459.68472499999996,49.1799,2612.5512307607496,63.89173839785792,423.3178970312023,992.7912742871242,459.13982953154397,51.75875237946324,1168.4076301812997,5.705311073660715,337.68605856473215,911.0176164469246,412.57619673859125,42.5052443578869,1168.4076301812997,5.705311073660715,337.68605856473215,911.0176164469246,412.57619673859125,42.5052443578869
2026-02-06 06:00:00+00:00,2643.5326,89.552525,441.993525,1722.752725,497.78139999999996,51.88415,2681.574836688274,59.53217595094746,426.9294722805906,1741.4998164880526,493.8197377058236,46.02427246041429,1168.4076301812997,5.705311073660715,337.68605856473215,911.0176164469246,412.57619673859125,42.5052443578869,1168.4076301812997,5.705311073660715,337.68605856473215,911.0176164469246,412.57619673859125,42.5052443578869
2026-02-06 07:00:00+00:00,2622.90465,101.9345,442.99025,1938.059375,509.649925,51.70225,2697.8816871136332,85.12971142490953,443.9407633667757,1918.2350758433527,500.8074488537039,51.30309654728501,1168.4076301812997,5.705311073660715,337.68605856473215,911.0176164469246,412.57619673859125,42.5052443578869,1168.4076301812997,5.705311073660715,337.68605856473215,911.0176164469246,412.57619673859125,42.5052443578869
2026-02-06 08:00:00+00:00,2647.1932500000003,0.0,443.67735,1914.1502,500.089175,51.372575,2705.5358723645327,21.005535162643532,446.64940872786576,1812.9402304504501,497.67356653854824,51.24338460153734,1168.4076301812997,5.705311073660715,337.68605856473215,911.0176164469246,412.57619673859125,42.5052443578869,1168.4076301812997,5.705311073660715,337.68605856473215,911.0176164469246,412.57619673859125,42.5052443578869
2026-02-06 09:00:00+00:00,2642.8599249999997,0.0,443.707375,1989.2406,480.08115,48.821925,2700.1891153304196,21.573761717924786,435.3185383699892,1740.8456909794472,477.90383609458434,49.62588316387237,1168.4076301812997,5.705311073660715,337.68605856473215,911.0176164469246,412.57619673859125,42.5052443578869,1168.4076301812997,5.705311073660715,337.68605856473215,911.0176164469246,412.57619673859125,42.5052443578869
2026-02-06 10:00:00+00:00,2652.945275,0.0,442.816375,1808.8813249999998,458.975075,48.75725,2661.3541365556102,0.16540511371985467,431.52540185145324,1391.9070059333753,459.0079952641012,50.329272015126584,1168.4076301812997,5.705311073660715,337.68605856473215,911.0176164469246,412.57619673859125,42.5052443578869,1168.4076301812997,5.705311073660715,337.68605856473215,911.0176164469246,412.57619673859125,42.5052443578869
2026-02-06 11:00:00+00:00,2656.149725,0.0,442.492975,1381.45895,444.855375,48.66735,2600.1187171165766,-1.4602712390909485,432.8615642535424,1212.5094279437192,449.5524896539934,52.20474447958393,1168.4076301812997,5.705311073660715,337.68605856473215,911.0176164469246,412.57619673859125,42.5052443578869,1168.4076301812997,5.705311073660715,337.68605856473215,911.0176164469246,412.57619673859125,42.5052443578869
2026-02-06 12:00:00+00:00,2657.8798,0.0,443.45117500000003,452.827425,439.859725,49.505224999999996,2516.019134723913,6.189727095800206,443.7779104680555,831.9857240546423,445.7872224851774,52.72884546089428,1168.4076301812997,5.705311073660715,337.68605856473215,911.0176164469246,412.57619673859125,42.5052443578869,1168.4076301812997,5.705311073660715,337.68605856473215,911.0176164469246,412.57619673859125,42.5052443578869
2026-02-06 13:00:00+00:00,2663.2641249999997,0.0,443.5362,1289.560375,434.874425,53.81905,2475.8551536996592,1.6348796598441977,436.3839528193613,1033.8579854969066,446.8586769734528,51.70761236771972,1168.4076301812997,5.705311073660715,337.68605856473215,911.0176164469246,412.57619673859125,42.5052443578869,1168.4076301812997,5.705311073660715,337.68605856473215,911.0176164469246,412.57619673859125,42.5052443578869
2026-02-06 14:00:00+00:00,2665.2667,0.0,443.350075,1494.432875,451.19417500000003,53.721875,2575.824637519324,2.233519700138509,438.8801651562171,1393.2383655427604,466.4421177107022,49.606607493624345,1168.4076301812997,5.705311073660715,337.68605856473215,911.0176164469246,412.57619673859125,42.5052443578869,1168.4076301812997,5.705311073660715,337.68605856473215,911.0176164469246,412.57619673859125,42.5052443578869
2026-02-06 15:00:00+00:00,2664.414925,0.0,443.36885,1563.33335,488.989325,54.06805,2596.14295364456,5.648161086338176,437.1387864359794,1397.3703015888216,493.0744780766596,48.923373045630306,1168.4076301812997,5.705311073660715,337.68605856473215,911.0176164469246,412.57619673859125,42.5052443578869,1168.4076301812997,5.705311073660715,337.68605856473215,911.0176164469246,412.57619673859125,42.5052443578869
2026-02-06 16:00:00+00:00,2661.0509,0.0,442.54859999999996,2043.6725000000001,510.49147500000004,49.680875,2611.6958430674713,-3.191256310243645,434.8418651470158,1749.2627486764832,506.3050207145841,52.64840499469767,1168.4076301812997,5.705311073660715,337.68605856473215,911.0176164469246,412.57619673859125,42.5052443578869,1168.4076301812997,5.705311073660715,337.68605856473215,911.0176164469246,412.57619673859125,42.5052443578869
2026-02-06 17:00:00+00:00,2670.1796249999998,0.0,443.1827,1878.228775,513.68865,49.930825,2661.207123686293,-4.2966668567165005,467.82799519527475,1750.72996029699,505.5203694975768,52.84658523986392,1168.4076301812997,5.705311073660715,337.68605856473215,911.0176164469246,412.57619673859125,42.5052443578869,1168.4076301812997,5.705311073660715,337.68605856473215,911.0176164469246,412.57619673859125,42.5052443578869
2026-02-06 18:00:00+00:00,2677.218775,0.0,443.703275,1162.6085,500.71575,53.575,2535.586311270228,-0.5647650307457184,442.9644346188715,1288.3491919120565,501.01879042704496,55.15764509848313,1168.4076301812997,5.705311073660715,337.68605856473215,911.0176164469246,412.57619673859125,42.5052443578869,1168.4076301812997,5.705311073660715,337.68605856473215,911.0176164469246,412.57619673859125,42.5052443578869
2026-02-06 19:00:00+00:00,2676.34755,0.0,443.51635,480.559975,484.835725,56.2609,2572.1381187891184,1.654599627840474,433.40964541200367,788.1491475492085,482.93462937446054,59.4896550203279,1168.4076301812997,5.705311073660715,337.68605856473215,911.0176164469246,412.57619673859125,42.5052443578869,1168.4076301812997,5.705311073660715,337.68605856473215,911.0176164469246,412.57619673859125,42.5052443578869
2026-02-06 20:00:00+00:00,2692.81985,0.0,443.6376,691.590775,464.81745,58.270275,2503.928398602133,4.203026617472194,447.1497964101284,719.4080518521246,469.64609231359896,60.826072915277244,1168.4076301812997,5.705311073660715,337.68605856473215,911.0176164469246,412.57619673859125,42.5052443578869,1168.4076301812997,5.705311073660715,337.68605856473215,911.0176164469246,412.57619673859125,42.5052443578869
2026-02-06 21:00:00+00:00,2465.0565,0.0,444.37595,471.06987499999997,451.222425,60.279650000000004,2303.0736792533385,2.8451193890865643,433.2903449112504,542.8532409225816,449.2130138825743,59.10343138795501,1168.4076301812997,5.705311073660715,337.68605856473215,911.0176164469246,412.57619673859125,42.5052443578869,1168.4076301812997,5.705311073660715,337.68605856473215,911.0176164469246,412.57619673859125,42.5052443578869
2026-02-06 22:00:00+00:00,2035.8914,0.0,419.51595,357.810475,436.254125,62.289025,1993.2393876880678,2.4661438489658285,442.27414797937314,541.2867818241508,438.9247572975509,60.77873239199226,1168.4076301812997,5.705311073660715,337.68605856473215,911.0176164469246,412.57619673859125,42.5052443578869,1168.4076301812997,5.705311073660715,337.68605856473215,911.0176164469246,412.57619673859125,42.5052443578869
2026-02-06 23:00:00+00:00,1788.593175,0.0,414.32669999999996,390.64542499999993,428.8637,62.85495,1709.3538908214782,0.20027889414591193,417.33245499594784,558.0721027586369,426.3120701641672,60.475527788433226,1168.4076301812997,5.705311073660715,337.68605856473215,911.0176164469246,412.57619673859125,42.5052443578869,1168.4076301812997,5.705311073660715,337.68605856473215,911.0176164469246,412.57619673859125,42.5052443578869
2026-02-07 00:00:00+00:00,1750.00035,0.0,414.253525,395.57449999999994,420.90755,62.329025,1786.8219824199673,1.2370561289890407,405.6947968089736,539.5265839582457,422.7604638657801,65.66297019188967,1168.4076301812997,5.705311073660715,337.68605856473215,911.0176164469246,412.57619673859125,42.5052443578869,1168.4076301812997,5.705311073660715,337.68605856473215,911.0176164469246,412.57619673859125,42.5052443578869
2026-02-07 01:00:00+00:00,1674.99515,0.0,414.248725,347.818175,419.593125,61.819,1594.5375733508433,1.1743268466726828,403.79958579247364,530.0377852323593,420.6327567899341,59.845468280794194,1168.4076301812997,5.705311073660715,337.68605856473215,911.0176164469246,412.57619673859125,42.5052443578869,1168.4076301812997,5.705311073660715,337.68605856473215,911.0176164469246,412.57619673859125,42.5052443578869
2026-02-07 02:00:00+00:00,1645.58615,0.0,415.061275,356.1101249999999,419.452,62.21745,1605.3082440258017,0.36729885675815943,396.45726049732934,515.7843293349705,420.088891722712,58.373184665236394,1168.4076301812997,5.705311073660715,337.68605856473215,911.0176164469246,412.57619673859125,42.5052443578869,1168.4076301812997,5.705311073660715,337.68605856473215,911.0176164469246,412.57619673859125,42.5052443578869
2026-02-07 03:00:00+00:00,1660.138575,0.0,415.13987499999996,347.32967499999995,424.94275,62.615899999999996,1564.1110058538666,0.3783950183452056,404.22824036817724,532.2970314575593,422.9424518437685,59.557449284277524,1168.4076301812997,5.705311073660715,337.68605856473215,911.0176164469246,412.57619673859125,42.5052443578869,1168.4076301812997,5.705311073660715,337.68605856473215,911.0176164469246,412.57619673859125,42.5052443578869
2026-02-07 04:00:00+00:00,1645.8523,0.0,414.967725,418.65875000000005,437.734475,61.6065,1535.4195664680567,0.3783950183452056,398.3225220243907,526.017261809957,435.5768008583141,60.03422792341349,1168.4076301812997,5.705311073660715,337.68605856473215,911.0176164469246,412.57619673859125,42.5052443578869,1168.4076301812997,5.705311073660715,337.68605856473215,911.0176164469246,412.57619673859125,42.5052443578869
2026-02-07 05:00:00+00:00,1655.221375,0.0,414.7677,423.7984500000001,459.17665,59.60265,1481.4871779349746,0.46602369912263253,402.77459409257335,580.0416772294302,459.353966513777,59.62723918735641,1168.4076301812997,5.705311073660715,337.68605856473215,911.0176164469246,412.57619673859125,42.5052443578869,1168.4076301812997,5.705311073660715,337.68605856473215,911.0176164469246,412.57619673859125,42.5052443578869
2026-02-07 06:00:00+00:00,1702.46735,0.0,414.4454,364.1944000000001,493.650225,53.6682,1897.0484313690645,0.6621037835237882,380.31493326166503,673.6584445182771,489.0656522216125,51.16949907584515,1168.4076301812997,5.705311073660715,337.68605856473215,911.0176164469246,412.57619673859125,42.5052443578869,1168.4076301812997,5.705311073660715,337.68605856473215,911.0176164469246,412.57619673859125,42.5052443578869
2026-02-07 07:00:00+00:00,1813.734875,0.0,414.65385,362.77842499999997,503.35135,52.54865,1845.7177895455447,1.688717082868541,400.7891088929075,676.7508117410603,493.14375888292307,51.6092528731002,1168.4076301812997,5.705311073660715,337.68605856473215,911.0176164469246,412.57619673859125,42.5052443578869,1168.4076301812997,5.705311073660715,337.68605856473215,911.0176164469246,412.57619673859125,42.5052443578869
2026-02-07 08:00:00+00:00,1735.243825,0.0,414.03965,454.2989,498.23725,53.9575,1910.811786724012,3.6898027405660385,408.47225091766285,672.138071308116,481.0820629013333,57.22059675422638,1168.4076301812997,5.705311073660715,337.68605856473215,911.0176164469246,412.57619673859125,42.5052443578869,1168.4076301812997,5.705311073660715,337.68605856473215,911.0176164469246,412.57619673859125,42.5052443578869
2026-02-07 09:00:00+00:00,1647.5943,0.0,413.096975,444.19567499999994,472.668675,55.0969,1636.725372314145,2.28342160886138,399.76661451765546,585.6507099691939,458.18924727823423,52.767555880286885,1168.4076301812997,5.705311073660715,337.68605856473215,911.0176164469246,412.57619673859125,42.5052443578869,1168.4076301812997,5.705311073660715,337.68605856473215,911.0176164469246,412.57619673859125,42.5052443578869
2026-02-07 10:00:00+00:00,1647.42345,0.0,411.5716,443.21482499999996,440.998,56.90805,1583.9767758901583,0.26136375688372926,393.80345815714855,491.89544743549885,443.2089708917167,53.60326878092774,1168.4076301812997,5.705311073660715,337.68605856473215,911.0176164469246,412.57619673859125,42.5052443578869,1168.4076301812997,5.705311073660715,337.68605856473215,911.0176164469246,412.57619673859125,42.5052443578869
2026-02-07 11:00:00+00:00,1641.546525,0.0,406.58835,414.0880250000001,435.5783,56.976925,1568.0455569738858,0.09095631459429132,377.8149105830549,387.34158034609925,431.1640873307511,53.81621880248003,1168.4076301812997,5.705311073660715,337.68605856473215,911.0176164469246,412.57619673859125,42.5052443578869,1168.4076301812997,5.705311073660715,337.68605856473215,911.0176164469246,412.57619673859125,42.5052443578869
2026-02-07 12:00:00+00:00,1648.148075,0.0,413.62284999999997,420.48825,436.213775,58.676024999999996,1472.1367686266344,2.4395885668463713,387.06121426075913,436.9221888508995,432.3016163837798,52.16667195351634,1168.4076301812997,5.705311073660715,337.68605856473215,911.0176164469246,412.57619673859125,42.5052443578869,1168.4076301812997,5.705311073660715,337.68605856473215,911.0176164469246,412.57619673859125,42.5052443578869
2026-02-07 13:00:00+00:00,1644.65355,0.0,442.766775,438.355225,443.85095,59.79126875,1388.0842461611053,1.9145265470003174,399.36518101445466,468.2241191209944,440.6289090460016,52.2995852524053,1168.4076301812997,5.705311073660715,337.68605856473215,911.0176164469246,412.57619673859125,42.5052443578869,1168.4076301812997,5.705311073660715,337.68605856473215,911.0176164469246,412.57619673859125,42.5052443578869
2026-02-07 14:00:00+00:00,1634.4513,0.0,443.278225,427.66434999999996,467.799325,60.9065125,1487.966363932765,2.4759658932831172,404.984827353274,588.943773465171,445.0292449690829,53.310226080685176,1168.4076301812997,5.705311073660715,337.68605856473215,911.0176164469246,412.57619673859125,42.5052443578869,1168.4076301812997,5.705311073660715,337.68605856473215,911.0176164469246,412.57619673859125,42.5052443578869
2026-02-07 15:00:00+00:00,1686.73765,0.0,443.852925,561.593175,497.62415,62.021756249999996,1638.1513513197135,1.2257713049734082,415.3389299010858,814.6656803083508,486.2369680223143,52.9848621639832,1168.4076301812997,5.705311073660715,337.68605856473215,911.0176164469246,412.57619673859125,42.5052443578869,1168.4076301812997,5.705311073660715,337.68605856473215,911.0176164469246,412.57619673859125,42.5052443578869
2026-02-07 16:00:00+00:00,1812.1008,0.0,443.134925,964.208,520.3079749999999,63.137,1873.2002913027195,4.07667535609872,408.5112517279597,1293.9802122545022,504.2020439121239,54.592149619477475,1168.4076301812997,5.705311073660715,337.68605856473215,911.0176164469246,412.57619673859125,42.5052443578869,1168.4076301812997,5.705311073660715,337.68605856473215,911.0176164469246,412.57619673859125,42.5052443578869
2026-02-07 17:00:00+00:00,1826.0899,0.0,442.9116,1164.257275,519.6952,61.717575,2082.5171818718813,0.9194817224923915,404.7371843895112,1430.9465807167721,511.66793857662316,48.83633241489598,1168.4076301812997,5.705311073660715,337.68605856473215,911.0176164469246,412.57619673859125,42.5052443578869,1168.4076301812997,5.705311073660715,337.68605856473215,911.0176164469246,412.57619673859125,42.5052443578869
2026-02-07 18:00:00+00:00,1816.6637249999999,0.0,443.94077500000003,693.3608250000001,512.074475,60.5355,2019.3041355366704,4.3965350932277945,418.6252199065311,1042.8008601755323,500.7781429811137,54.36014263488562,1168.4076301812997,5.705311073660715,337.68605856473215,911.0176164469246,412.57619673859125,42.5052443578869,1168.4076301812997,5.705311073660715,337.68605856473215,911.0176164469246,412.57619673859125,42.5052443578869
2026-02-07 19:00:00+00:00,1811.9952,0.0,444.282325,426.388725,489.40840000000003,63.29275,1963.3967348595174,4.64148658902729,419.5784337756117,781.6289204988343,485.74790788976907,57.78003361394646,1168.4076301812997,5.705311073660715,337.68605856473215,911.0176164469246,412.57619673859125,42.5052443578869,1168.4076301812997,5.705311073660715,337.68605856473215,911.0176164469246,412.57619673859125,42.5052443578869
2026-02-07 20:00:00+00:00,1813.982725,0.0,445.586575,361.33192499999996,467.72825,63.0366625,1705.925878127008,2.891044045944447,422.2929647663253,734.144208598547,463.3669288109084,54.96694975595949,1168.4076301812997,5.705311073660715,337.68605856473215,911.0176164469246,412.57619673859125,42.5052443578869,1168.4076301812997,5.705311073660715,337.68605856473215,911.0176164469246,412.57619673859125,42.5052443578869
2026-02-07 21:00:00+00:00,1824.5636,0.0,445.868725,421.16852499999993,449.238425,62.780575,1919.5233837990468,2.224740429498133,418.25873957090505,515.8927223249881,450.77630006765196,58.19590955361755,1168.4076301812997,5.705311073660715,337.68605856473215,911.0176164469246,412.57619673859125,42.5052443578869,1168.4076301812997,5.705311073660715,337.68605856473215,911.0176164469246,412.57619673859125,42.5052443578869
2026-02-07 22:00:00+00:00,1744.387325,0.0,442.79134999999997,376.51,439.2722,62.5244875,1891.1749323510865,0.9999170139670479,418.51648126304997,533.0481567892026,438.2275304539688,58.848479852197,1168.4076301812997,5.705311073660715,337.68605856473215,911.0176164469246,412.57619673859125,42.5052443578869,1168.4076301812997,5.705311073660715,337.68605856473215,911.0176164469246,412.57619673859125,42.5052443578869
2026-02-07 23:00:00+00:00,1624.6252,0.0,415.47805,361.34957499999996,428.431425,62.2684,1723.0417976557887,1.0244886102889454,395.6223761862295,514.3229575263322,430.3341527016146,51.99357183351174,1168.4076301812997,5.705311073660715,337.68605856473215,911.0176164469246,412.57619673859125,42.5052443578869,1168.4076301812997,5.705311073660715,337.68605856473215,911.0176164469246,412.57619673859125,42.5052443578869
2026-02-08 00:00:00+00:00,1666.65885,0.0,415.397625,362.55144999999993,420.82484999999997,61.8792625,1661.550910928895,0.5408558833028501,404.3614741246578,464.41887545345435,423.86771221289257,55.128319530349295,1168.4076301812997,5.705311073660715,337.68605856473215,911.0176164469246,412.57619673859125,42.5052443578869,1168.4076301812997,5.705311073660715,337.68605856473215,911.0176164469246,412.57619673859125,42.5052443578869
2026-02-08 01:00:00+00:00,1678.9971,0.0,415.40015,405.50485,418.774925,61.490125000000006,1524.5329499298407,0.43853922907577747,407.22339365525005,463.2550602920321,416.86939480121464,56.41422441694377,1168.4076301812997,5.705311073660715,337.68605856473215,911.0176164469246,412.57619673859125,42.5052443578869,1168.4076301812997,5.705311073660715,337.68605856473215,911.0176164469246,412.57619673859125,42.5052443578869
2026-02-08 02:00:00+00:00,1672.282575,0.0,415.43965000000003,439.45500000000004,419.09665,61.03215,1441.3422656354744,0.9253545131050664,413.52674778105035,455.0019200612506,414.96410414546096,54.76035909373303,1168.4076301812997,5.705311073660715,337.68605856473215,911.0176164469246,412.57619673859125,42.5052443578869,1168.4076301812997,5.705311073660715,337.68605856473215,911.0176164469246,412.57619673859125,42.5052443578869
2026-02-08 03:00:00+00:00,1663.534475,0.0,418.152425,366.1701250000001,425.324,58.16825,1535.3485298654807,1.0271183066856082,412.6138186494846,483.03713051670263,422.75004323402584,58.02951853511906,1168.4076301812997,5.705311073660715,337.68605856473215,911.0176164469246,412.57619673859125,42.5052443578869,1168.4076301812997,5.705311073660715,337.68605856473215,911.0176164469246,412.57619673859125,42.5052443578869
2026-02-08 04:00:00+00:00,1649.706225,0.0,445.87855,416.9014,438.246125,63.593125,1621.7622827031416,3.178888839725775,413.6921143569731,490.84532293177494,432.32427811405825,64.02646465129098,1168.4076301812997,5.705311073660715,337.68605856473215,911.0176164469246,412.57619673859125,42.5052443578869,1168.4076301812997,5.705311073660715,337.68605856473215,911.0176164469246,412.57619673859125,42.5052443578869
2026-02-08 05:00:00+00:00,1643.962825,0.0,445.716625,409.828775,455.411425,63.0614,1624.476427987108,6.138997703546728,417.6534970995436,490.1819111597162,456.29720013498826,64.52881434575461,1168.4076301812997,5.705311073660715,337.68605856473215,911.0176164469246,412.57619673859125,42.5052443578869,1168.4076301812997,5.705311073660715,337.68605856473215,911.0176164469246,412.57619673859125,42.5052443578869
2026-02-08 06:00:00+00:00,1705.58045,0.0,429.206375,411.973425,489.3664,62.805954166666666,1526.8972286600797,-0.7240593240542843,403.30782248893763,556.4792017088087,483.94968976774067,63.409908920655376,1168.4076301812997,5.705311073660715,337.68605856473215,911.0176164469246,412.57619673859125,42.5052443578869,1168.4076301812997,5.705311073660715,337.68605856473215,911.0176164469246,412.57619673859125,42.5052443578869
2026-02-08 07:00:00+00:00,1777.833025,0.0,416.157975,429.15557499999994,501.829725,62.55050833333333,1538.9820261763944,-2.2054706090488905,402.52976510488395,623.92023980912,489.3121861903192,64.65274985748233,1168.4076301812997,5.705311073660715,337.68605856473215,911.0176164469246,412.57619673859125,42.5052443578869,1168.4076301812997,5.705311073660715,337.68605856473215,911.0176164469246,412.57619673859125,42.5052443578869
2026-02-08 08:00:00+00:00,1677.53615,0.0,416.00565,480.6205,483.719125,62.2950625,1592.8002578870248,0.304291056343577,406.3602798389375,681.1357762895326,483.93510394033933,61.751698006602595,1168.4076301812997,5.705311073660715,337.68605856473215,911.0176164469246,412.57619673859125,42.5052443578869,1168.4076301812997,5.705311073660715,337.68605856473215,911.0176164469246,412.57619673859125,42.5052443578869
2026-02-08 09:00:00+00:00,1604.11985,0.0,409.262225,428.68722499999996,454.891975,62.03961666666667,1751.975799155966,0.25116459700874394,421.586470055882,545.7295404889668,464.0804896544874,63.74735840377636,1168.4076301812997,5.705311073660715,337.68605856473215,911.0176164469246,412.57619673859125,42.5052443578869,1168.4076301812997,5.705311073660715,337.68605856473215,911.0176164469246,412.57619673859125,42.5052443578869
2026-02-08 10:00:00+00:00,1614.872275,0.0,412.028275,484.50939999999997,443.490275,61.784170833333334,1659.9424334132464,0.2712575992785986,405.37543232788494,501.17407226280443,452.395812859127,64.1886416331929,1168.4076301812997,5.705311073660715,337.68605856473215,911.0176164469246,412.57619673859125,42.5052443578869,1168.4076301812997,5.705311073660715,337.68605856473215,911.0176164469246,412.57619673859125,42.5052443578869
2026-02-08 11:00:00+00:00,1612.459,0.0,412.09097499999996,465.37737500000003,432.37194999999997,61.528725,1554.7235888484727,0.3774344803547116,391.1264128931661,473.3221558462303,441.8197062581633,62.750292650510026,1168.4076301812997,5.705311073660715,337.68605856473215,911.0176164469246,412.57619673859125,42.5052443578869,1168.4076301812997,5.705311073660715,337.68605856473215,911.0176164469246,412.57619673859125,42.5052443578869
2026-02-08 12:00:00+00:00,1608.580875,0.0,412.8227,445.98157499999996,434.806175,62.03595,1255.6644382306458,2.7303784295501647,391.9714126334681,456.5913498735954,440.0508128911562,54.74983199510001,1168.4076301812997,5.705311073660715,337.68605856473215,911.0176164469246,412.57619673859125,42.5052443578869,1168.4076301812997,5.705311073660715,337.68605856473215,911.0176164469246,412.57619673859125,42.5052443578869
2026-02-08 13:00:00+00:00,1594.48675,0.0,407.41655000000003,434.22795,443.890725,61.54045,1175.4171346154894,0.5263690568856392,381.71566200758383,468.41077675331184,444.14570880003987,49.754965461978514,1168.4076301812997,5.705311073660715,337.68605856473215,911.0176164469246,412.57619673859125,42.5052443578869,1168.4076301812997,5.705311073660715,337.68605856473215,911.0176164469246,412.57619673859125,42.5052443578869
2026-02-08 14:00:00+00:00,1594.20515,0.0,403.693075,468.93492499999996,454.565225,61.025525,1165.0928303587611,1.606974538651862,379.3685076872127,521.612002439535,461.5777270623365,54.43790113143881,1168.4076301812997,5.705311073660715,337.68605856473215,911.0176164469246,412.57619673859125,42.5052443578869,1168.4076301812997,5.705311073660715,337.68605856473215,911.0176164469246,412.57619673859125,42.5052443578869
2026-02-08 15:00:00+00:00,1756.047025,0.0,405.452475,588.292025,490.7006,60.579425,1589.6452506504959,-1.3011851784238893,380.96238714939864,741.4738171973688,491.15667148215783,53.23415788578257,1168.4076301812997,5.705311073660715,337.68605856473215,911.0176164469246,412.57619673859125,42.5052443578869,1168.4076301812997,5.705311073660715,337.68605856473215,911.0176164469246,412.57619673859125,42.5052443578869
2026-02-08 16:00:00+00:00,2101.4175,0.0,405.476925,825.5208250000001,508.5548,63.99872499999999,2203.2856836265364,1.1305665824327855,393.1151397521522,983.9519958839293,509.9991361409247,62.520567661699175,1168.4076301812997,5.705311073660715,337.68605856473215,911.0176164469246,412.57619673859125,42.5052443578869,1168.4076301812997,5.705311073660715,337.68605856473215,911.0176164469246,412.57619673859125,42.5052443578869
2026-02-08 17:00:00+00:00,2272.862525,0.0,405.9768,1062.4173,507.17495,63.11995,2176.292360579282,1.5785047316029281,405.8430446972354,1222.7522756054586,508.00060461988664,58.14751818382566,1168.4076301812997,5.705311073660715,337.68605856473215,911.0176164469246,412.57619673859125,42.5052443578869,1168.4076301812997,5.705311073660715,337.68605856473215,911.0176164469246,412.57619673859125,42.5052443578869
2026-02-08 18:00:00+00:00,2528.99025,0.0,406.205025,691.446575,498.919575,61.609525,2095.626953117703,6.129369281859366,396.77022542438584,775.2002084364505,501.6823667758624,61.74588608785123,1168.4076301812997,5.705311073660715,337.68605856473215,911.0176164469246,412.57619673859125,42.5052443578869,1168.4076301812997,5.705311073660715,337.68605856473215,911.0176164469246,412.57619673859125,42.5052443578869
2026-02-08 19:00:00+00:00,2610.553975,0.0,406.19212500000003,413.72575,486.55605,63.030424999999994,2155.8318939446553,5.738679542704658,396.410247273511,700.8793357522414,487.9488598718576,61.470987169014705,1168.4076301812997,5.705311073660715,337.68605856473215,911.0176164469246,412.57619673859125,42.5052443578869,1168.4076301812997,5.705311073660715,337.68605856473215,911.0176164469246,412.57619673859125,42.5052443578869
2026-02-08 20:00:00+00:00,2456.915675,0.0,406.196525,442.05872500000004,476.39122499999996,63.10307916666666,2173.5141914177666,-0.28263343125800144,392.78659159771104,685.7080007679837,473.0439626700766,59.477426976876096,1168.4076301812997,5.705311073660715,337.68605856473215,911.0176164469246,412.57619673859125,42.5052443578869,1168.4076301812997,5.705311073660715,337.68605856473215,911.0176164469246,412.57619673859125,42.5052443578869
2026-02-08 21:00:00+00:00,2002.448125,0.0,405.715725,453.95290000000006,460.81327500000003,63.175733333333326,1972.2525542856,0.17943255246153278,411.1868351631705,556.3175887127622,451.07081102992726,61.69450619272682,1168.4076301812997,5.705311073660715,337.68605856473215,911.0176164469246,412.57619673859125,42.5052443578869,1168.4076301812997,5.705311073660715,337.68605856473215,911.0176164469246,412.57619673859125,42.5052443578869
2026-02-08 22:00:00+00:00,1949.5697,0.0,406.349875,421.1231000000001,444.7164,63.24838749999999,1883.1019513458386,0.7450699930830513,403.40176295038736,553.347230357326,442.60601038289894,64.72573811223872,1168.4076301812997,5.705311073660715,337.68605856473215,911.0176164469246,412.57619673859125,42.5052443578869,1168.4076301812997,5.705311073660715,337.68605856473215,911.0176164469246,412.57619673859125,42.5052443578869
2026-02-08 23:00:00+00:00,1933.68395,0.0,405.406675,406.840375,428.45565,63.321041666666666,1887.28105909542,0.5388688105016266,393.47052740064436,519.4143744905923,432.16729676826725,64.27459207908424,1168.4076301812997,5.705311073660715,337.68605856473215,911.0176164469246,412.57619673859125,42.5052443578869,1168.4076301812997,5.705311073660715,337.68605856473215,911.0176164469246,412.57619673859125,42.5052443578869
2026-02-09 00:00:00+00:00,1951.2256499999999,0.0,405.572925,441.218275,418.9052,63.39369583333333,1900.8498524637816,0.5388688105016266,402.5079514857641,501.5090481021432,411.82693452369267,60.71203625668673,1168.4076301812997,5.705311073660715,337.68605856473215,911.0176164469246,412.57619673859125,42.5052443578869,1168.4076301812997,5.705311073660715,337.68605856473215,911.0176164469246,412.57619673859125,42.5052443578869
2026-02-09 01:00:00+00:00,1958.499525,0.0,405.480025,393.158275,416.30065,63.46635,1917.2913828943929,4.00023746586889,387.57496677657576,537.5843821067108,412.3945032987944,56.628744222365654,1168.4076301812997,5.705311073660715,337.68605856473215,911.0176164469246,412.57619673859125,42.5052443578869,1168.4076301812997,5.705311073660715,337.68605856473215,911.0176164469246,412.57619673859125,42.5052443578869
2026-02-09 02:00:00+00:00,1965.8099750000001,0.0,405.453275,402.19395000000003,414.516175,63.539004166666665,1875.9097275158751,1.0048393190511407,390.13034867535066,512.6803190725559,414.98336037515344,53.87348623842144,1168.4076301812997,5.705311073660715,337.68605856473215,911.0176164469246,412.57619673859125,42.5052443578869,1168.4076301812997,5.705311073660715,337.68605856473215,911.0176164469246,412.57619673859125,42.5052443578869
2026-02-09 03:00:00+00:00,1959.3782250000002,0.0,405.423875,417.2451249999999,419.570675,63.61165833333333,2084.762380104152,0.591905361513617,379.07972723160924,489.61942513765786,415.9859069455147,54.279013888593504,1168.4076301812997,5.705311073660715,337.68605856473215,911.0176164469246,412.57619673859125,42.5052443578869,1168.4076301812997,5.705311073660715,337.68605856473215,911.0176164469246,412.57619673859125,42.5052443578869
2026-02-09 04:00:00+00:00,2102.75715,0.0,405.21585,414.2692,427.989675,63.684312500000004,2110.8587431949145,0.8362771717462785,376.09066761379336,614.7401891329505,424.0444491829495,54.210164354424535,1168.4076301812997,5.705311073660715,337.68605856473215,911.0176164469246,412.57619673859125,42.5052443578869,1168.4076301812997,5.705311073660715,337.68605856473215,911.0176164469246,412.57619673859125,42.5052443578869
2026-02-09 05:00:00+00:00,2486.209,0.0,405.07282499999997,1196.48715,451.8473,63.75696666666667,2413.3519172812457,2.9046486381940655,388.0812813279316,898.3570810641626,450.4912198488614,61.99885713607776,1168.4076301812997,5.705311073660715,337.68605856473215,911.0176164469246,412.57619673859125,42.5052443578869,1168.4076301812997,5.705311073660715,337.68605856473215,911.0176164469246,412.57619673859125,42.5052443578869
2026-02-09 06:00:00+00:00,2657.9876,0.0,436.949425,1614.74975,484.209725,63.82962083333334,2490.8195523155605,7.996728540958262,419.79414766225113,1575.7303756841134,479.15440800943117,54.17252151572936,1168.4076301812997,5.705311073660715,337.68605856473215,911.0176164469246,412.57619673859125,42.5052443578869,1168.4076301812997,5.705311073660715,337.68605856473215,911.0176164469246,412.57619673859125,42.5052443578869
2026-02-09 07:00:00+00:00,2661.411,0.0,501.187025,2195.733725,489.6774,63.902275,2538.3839523347506,17.51541397556722,469.36656633353914,1801.2652011811615,487.85880966212267,58.1922479778897,1168.4076301812997,5.705311073660715,337.68605856473215,911.0176164469246,412.57619673859125,42.5052443578869,1168.4076301812997,5.705311073660715,337.68605856473215,911.0176164469246,412.57619673859125,42.5052443578869
2026-02-09 08:00:00+00:00,2681.46325,0.0,511.90437499999996,1613.6079999999997,470.699175,59.760425,2594.577457165771,-0.9500072166862932,463.46577846162535,1514.6582535154118,479.63562517668936,55.66617981438209,1168.4076301812997,5.705311073660715,337.68605856473215,911.0176164469246,412.57619673859125,42.5052443578869,1168.4076301812997,5.705311073660715,337.68605856473215,911.0176164469246,412.57619673859125,42.5052443578869
2026-02-09 09:00:00+00:00,2687.717725,0.0,522.621725,1037.235425,451.387425,60.904624999999996,2649.447043380465,0.6764449467922855,455.6029894320609,1129.6354553859765,452.9001972535087,55.538972472181634,1168.4076301812997,5.705311073660715,337.68605856473215,911.0176164469246,412.57619673859125,42.5052443578869,1168.4076301812997,5.705311073660715,337.68605856473215,911.0176164469246,412.57619673859125,42.5052443578869
2026-02-09 10:00:00+00:00,2656.533075,0.0,408.7155,557.80405,435.36795,60.575025,2551.287920180237,-2.216484006690801,406.43088018118107,911.6947530476712,440.92032175389386,57.005187632681015,1168.4076301812997,5.705311073660715,337.68605856473215,911.0176164469246,412.57619673859125,42.5052443578869,1168.4076301812997,5.705311073660715,337.68605856473215,911.0176164469246,412.57619673859125,42.5052443578869
2026-02-09 11:00:00+00:00,2651.096775,0.0,404.55135,722.8153249999999,424.376475,62.900999999999996,2615.4292334027523,0.3279710919675374,410.1142140498045,802.5412683881846,435.53601632556257,60.63162603167983,1168.4076301812997,5.705311073660715,337.68605856473215,911.0176164469246,412.57619673859125,42.5052443578869,1168.4076301812997,5.705311073660715,337.68605856473215,911.0176164469246,412.57619673859125,42.5052443578869
2026-02-09 12:00:00+00:00,2643.45765,0.0,404.64755,761.9313749999999,425.4679,60.764275,2629.1744857087947,-0.8248480750724703,402.05183789718944,802.6833338212042,432.5525193823374,52.25669706138757,1168.4076301812997,5.705311073660715,337.68605856473215,911.0176164469246,412.57619673859125,42.5052443578869,1168.4076301812997,5.705311073660715,337.68605856473215,911.0176164469246,412.57619673859125,42.5052443578869
2026-02-09 13:00:00+00:00,2646.128975,0.0,404.705575,1115.123175,434.680175,60.185024999999996,2576.446770096702,0.5832485943721482,393.0813449153169,879.1465376323307,430.2074053085636,56.12605666535582,1168.4076301812997,5.705311073660715,337.68605856473215,911.0176164469246,412.57619673859125,42.5052443578869,1168.4076301812997,5.705311073660715,337.68605856473215,911.0176164469246,412.57619673859125,42.5052443578869
2026-02-09 14:00:00+00:00,2652.605875,0.0,414.824075,1264.5735,455.121675,64.18282500000001,2644.6360273520772,1.7142715273688025,403.5163171149915,1126.4972971358607,453.95418197845044,55.960241554398394,1168.4076301812997,5.705311073660715,337.68605856473215,911.0176164469246,412.57619673859125,42.5052443578869,1168.4076301812997,5.705311073660715,337.68605856473215,911.0176164469246,412.57619673859125,42.5052443578869
2026-02-09 15:00:00+00:00,2654.3897749999996,0.0,449.2893833333333,1871.9387499999998,487.42920000000004,64.12466666666667,2584.204893995245,2.0961301340146465,394.2195754076476,1498.1759015704579,482.6583121436014,53.4468808616204,1168.4076301812997,5.705311073660715,337.68605856473215,911.0176164469246,412.57619673859125,42.5052443578869,1168.4076301812997,5.705311073660715,337.68605856473215,911.0176164469246,412.57619673859125,42.5052443578869
2026-02-09 16:00:00+00:00,2660.4044,0.0,483.7546916666667,1854.252575,503.436975,64.06650833333335,2500.551035832953,2.0472126295252906,443.84226425303837,1606.0940730498896,500.75803782196976,56.015206876317926,1168.4076301812997,5.705311073660715,337.68605856473215,911.0176164469246,412.57619673859125,42.5052443578869,1168.4076301812997,5.705311073660715,337.68605856473215,911.0176164469246,412.57619673859125,42.5052443578869
2026-02-09 17:00:00+00:00,2666.3698249999998,0.0,518.22,1931.6928750000002,506.3484,64.00835000000001,2520.6593023836926,10.948292753439379,455.08601833430316,1740.0534363450824,504.9445600626019,60.14006598146372,1168.4076301812997,5.705311073660715,337.68605856473215,911.0176164469246,412.57619673859125,42.5052443578869,1168.4076301812997,5.705311073660715,337.68605856473215,911.0176164469246,412.57619673859125,42.5052443578869
2026-02-09 18:00:00+00:00,2651.396425,0.0,442.0712,1978.881725,498.605725,63.950191666666676,2514.2304424187832,0.10569499306186625,450.851292440958,1518.1721675011609,498.18424689182257,51.00355936939099,1168.4076301812997,5.705311073660715,337.68605856473215,911.0176164469246,412.57619673859125,42.5052443578869,1168.4076301812997,5.705311073660715,337.68605856473215,911.0176164469246,412.57619673859125,42.5052443578869
2026-02-09 19:00:00+00:00,2654.176375,0.0,442.490825,1511.3752,487.3634,63.89203333333334,2440.1908628731444,3.4528469943732163,398.4491763671356,1088.8205014227744,482.3368095582886,58.356123809819685,1168.4076301812997,5.705311073660715,337.68605856473215,911.0176164469246,412.57619673859125,42.5052443578869,1168.4076301812997,5.705311073660715,337.68605856473215,911.0176164469246,412.57619673859125,42.5052443578869
2026-02-09 20:00:00+00:00,2653.4708499999997,0.0,442.894525,987.0508500000001,470.89965,63.833875000000006,2417.5453763821934,2.2128706204574926,389.8231206789142,796.3623747196921,469.47751160380346,55.67225388613224,1168.4076301812997,5.705311073660715,337.68605856473215,911.0176164469246,412.57619673859125,42.5052443578869,1168.4076301812997,5.705311073660715,337.68605856473215,911.0176164469246,412.57619673859125,42.5052443578869
2026-02-09 21:00:00+00:00,2478.535875,0.0,434.479425,495.91272499999997,454.428275,63.9872,2306.9759740028394,2.313502616367215,387.0468265732459,685.8867638063443,450.5050505798931,59.976651748731754,1168.4076301812997,5.705311073660715,337.68605856473215,911.0176164469246,412.57619673859125,42.5052443578869,1168.4076301812997,5.705311073660715,337.68605856473215,911.0176164469246,412.57619673859125,42.5052443578869
2026-02-09 22:00:00+00:00,2314.55005,0.0,422.805875,476.926975,436.47395,63.99216071428572,2336.991551773287,2.8966627651906727,395.9333897185551,592.9001190197818,438.67002404290434,60.792800896644486,1168.4076301812997,5.705311073660715,337.68605856473215,911.0176164469246,412.57619673859125,42.5052443578869,1168.4076301812997,5.705311073660715,337.68605856473215,911.0176164469246,412.57619673859125,42.5052443578869
2026-02-09 23:00:00+00:00,2333.2217499999997,0.0,421.454375,470.3286,424.04495000000003,63.99712142857143,2308.5476382364395,0.16433656429783206,399.93207572007066,560.8466447329827,431.19499361516165,59.309293374086955,1168.4076301812997,5.705311073660715,337.68605856473215,911.0176164469246,412.57619673859125,42.5052443578869,1168.4076301812997,5.705311073660715,337.68605856473215,911.0176164469246,412.57619673859125,42.5052443578869
2026-02-10 00:00:00+00:00,2251.618225,0.0,413.69392500000004,417.93672499999997,418.5661,64.00208214285715,2220.1636677384813,0.3171513659287104,393.78022599467,538.8940201051362,420.0081856620062,63.14206029500898,1168.4076301812997,5.705311073660715,337.68605856473215,911.0176164469246,412.57619673859125,42.5052443578869,1168.4076301812997,5.705311073660715,337.68605856473215,911.0176164469246,412.57619673859125,42.5052443578869
2026-02-10 01:00:00+00:00,2148.359325,0.0,414.412325,376.5701,413.110625,64.00704285714286,2216.6656152643254,0.31835620945374377,390.4591090302908,529.1237699027533,419.3698648947904,49.76422126505776,1168.4076301812997,5.705311073660715,337.68605856473215,911.0176164469246,412.57619673859125,42.5052443578869,1168.4076301812997,5.705311073660715,337.68605856473215,911.0176164469246,412.57619673859125,42.5052443578869
2026-02-10 02:00:00+00:00,2148.798075,0.0,414.517375,393.46967500000005,412.91735,64.01200357142858,2277.8016715085623,0.3121162239801736,392.20799296535904,538.8858200674615,418.2689822795103,59.63106529814729,1168.4076301812997,5.705311073660715,337.68605856473215,911.0176164469246,412.57619673859125,42.5052443578869,1168.4076301812997,5.705311073660715,337.68605856473215,911.0176164469246,412.57619673859125,42.5052443578869
2026-02-10 03:00:00+00:00,2142.545,0.0,414.4869,416.3622500000001,417.79665,64.0169642857143,2189.7262338177293,0.32295705313865586,391.3105322433086,552.3450088840434,420.2946617361329,59.99720332342194,1168.4076301812997,5.705311073660715,337.68605856473215,911.0176164469246,412.57619673859125,42.5052443578869,1168.4076301812997,5.705311073660715,337.68605856473215,911.0176164469246,412.57619673859125,42.5052443578869
2026-02-10 04:00:00+00:00,2294.8354,0.0,414.275625,439.091375,429.813975,64.02192500000001,2259.441668275588,0.6616766099553892,392.183209867903,594.8573454396746,426.8102022645545,59.106534957354995,1168.4076301812997,5.705311073660715,337.68605856473215,911.0176164469246,412.57619673859125,42.5052443578869,1168.4076301812997,5.705311073660715,337.68605856473215,911.0176164469246,412.57619673859125,42.5052443578869
2026-02-10 05:00:00+00:00,2614.290125,0.0,413.92565,957.3438,458.155325,57.069775,2371.765516648826,2.199245977567183,398.18757913242314,916.8172926517802,450.11000624005675,53.24183880153083,1168.4076301812997,5.705311073660715,337.68605856473215,911.0176164469246,412.57619673859125,42.5052443578869,1168.4076301812997,5.705311073660715,337.68605856473215,911.0176164469246,412.57619673859125,42.5052443578869
2026-02-10 06:00:00+00:00,2637.382625,0.0,413.772675,1588.4848000000002,495.476375,55.129675,2354.7878732740423,-3.314642476866423,375.672591537592,1524.6045705007646,483.0831936096616,47.96920763299024,1168.4076301812997,5.705311073660715,337.68605856473215,911.0176164469246,412.57619673859125,42.5052443578869,1168.4076301812997,5.705311073660715,337.68605856473215,911.0176164469246,412.57619673859125,42.5052443578869
2026-02-10 07:00:00+00:00,2640.548525,0.0,406.03477499999997,1641.527025,506.271125,58.994125,2394.272935630298,3.0394044903202313,400.71085367096305,1579.103148514088,491.01586511449557,53.00076298242295,1168.4076301812997,5.705311073660715,337.68605856473215,911.0176164469246,412.57619673859125,42.5052443578869,1168.4076301812997,5.705311073660715,337.68605856473215,911.0176164469246,412.57619673859125,42.5052443578869
2026-02-10 08:00:00+00:00,2649.59135,0.0,382.9098,1046.60155,499.83515,52.9814,2520.456567064812,7.10403052989564,384.42468799198804,1222.5405111349714,483.0887835080001,47.91362149921975,1168.4076301812997,5.705311073660715,337.68605856473215,911.0176164469246,412.57619673859125,42.5052443578869,1168.4076301812997,5.705311073660715,337.68605856473215,911.0176164469246,412.57619673859125,42.5052443578869
2026-02-10 09:00:00+00:00,2647.689575,0.0,383.651075,615.927825,474.53765,54.581649999999996,2626.9545255135326,0.21718743094267978,383.8122333501627,805.1789717704893,464.3684814480535,49.90507524406568,1168.4076301812997,5.705311073660715,337.68605856473215,911.0176164469246,412.57619673859125,42.5052443578869,1168.4076301812997,5.705311073660715,337.68605856473215,911.0176164469246,412.57619673859125,42.5052443578869
2026-02-10 10:00:00+00:00,2326.280525,0.0,384.065925,497.78977499999996,448.21045,54.4438,2501.35558757595,-0.8004033771014187,377.609418969497,719.5217869411867,452.60258970884377,51.348939630619256,1168.4076301812997,5.705311073660715,337.68605856473215,911.0176164469246,412.57619673859125,42.5052443578869,1168.4076301812997,5.705311073660715,337.68605856473215,911.0176164469246,412.57619673859125,42.5052443578869
2026-02-10 11:00:00+00:00,1965.028325,0.0,382.1705,477.533425,432.66087500000003,50.6864,2426.028221404091,6.893798209189887,384.2221131265471,634.0554971417022,436.0141034080006,49.944475382716575,1168.4076301812997,5.705311073660715,337.68605856473215,911.0176164469246,412.57619673859125,42.5052443578869,1168.4076301812997,5.705311073660715,337.68605856473215,911.0176164469246,412.57619673859125,42.5052443578869
2026-02-10 12:00:00+00:00,1966.644675,0.0,383.677375,427.148725,428.700225,51.074875,2350.600840243077,0.3283997210195011,393.70970330058736,644.6408554490503,440.1252664149344,50.364515738690635,1168.4076301812997,5.705311073660715,337.68605856473215,911.0176164469246,412.57619673859125,42.5052443578869,1168.4076301812997,5.705311073660715,337.68605856473215,911.0176164469246,412.57619673859125,42.5052443578869
2026-02-10 13:00:00+00:00,2020.774075,0.0,383.6704,406.6173499999999,432.854475,51.05915,2234.7721921698094,6.873201287692724,392.7186290410786,658.3289457950631,431.7420404521936,46.256554279171006,1168.4076301812997,5.705311073660715,337.68605856473215,911.0176164469246,412.57619673859125,42.5052443578869,1168.4076301812997,5.705311073660715,337.68605856473215,911.0176164469246,412.57619673859125,42.5052443578869
2026-02-10 14:00:00+00:00,2509.7897249999996,0.0,381.64175,527.77485,458.197175,51.367425,2502.4606570537803,0.28238244428616444,388.7252471947507,819.5361908303817,446.5833421462539,48.24599205345993,1168.4076301812997,5.705311073660715,337.68605856473215,911.0176164469246,412.57619673859125,42.5052443578869,1168.4076301812997,5.705311073660715,337.68605856473215,911.0176164469246,412.57619673859125,42.5052443578869
2026-02-10 15:00:00+00:00,2630.1760249999998,0.0,381.5636,1443.8841,488.442975,51.093824999999995,2553.4386785617926,1.6906174238189653,392.4511487633347,1286.9254580475495,483.18696806524525,50.83967355898728,1168.4076301812997,5.705311073660715,337.68605856473215,911.0176164469246,412.57619673859125,42.5052443578869,1168.4076301812997,5.705311073660715,337.68605856473215,911.0176164469246,412.57619673859125,42.5052443578869
2026-02-10 16:00:00+00:00,2655.9552750000003,0.0,381.016475,1715.5185749999998,506.17494999999997,49.017925,2583.654523896977,0.09660429281453542,380.40472822125076,1639.034604539739,498.0912070303244,48.76843654592278,1168.4076301812997,5.705311073660715,337.68605856473215,911.0176164469246,412.57619673859125,42.5052443578869,1168.4076301812997,5.705311073660715,337.68605856473215,911.0176164469246,412.57619673859125,42.5052443578869
2026-02-10 17:00:00+00:00,2667.901125,0.0,381.1008,1628.484075,502.570525,49.52135,2566.12058199071,6.203019937787818,376.0057033918109,1494.802661332208,500.14914634021204,51.34296954409014,1168.4076301812997,5.705311073660715,337.68605856473215,911.0176164469246,412.57619673859125,42.5052443578869,1168.4076301812997,5.705311073660715,337.68605856473215,911.0176164469246,412.57619673859125,42.5052443578869
2026-02-10 18:00:00+00:00,2666.327325,0.0,381.163675,1169.8384999999998,490.436775,48.1348,2497.646017761663,3.8181996960319284,372.887230721633,1147.3239743164556,494.3040007193403,49.15218658105718,1168.4076301812997,5.705311073660715,337.68605856473215,911.0176164469246,412.57619673859125,42.5052443578869,1168.4076301812997,5.705311073660715,337.68605856473215,911.0176164469246,412.57619673859125,42.5052443578869
2026-02-10 19:00:00+00:00,2676.402525,0.0,381.13712499999997,1310.7127000000003,468.63785,52.06185,2447.853335753349,1.3124177613353876,366.6987651121178,936.9772087697543,480.82319912956194,48.430073865826955,1168.4076301812997,5.705311073660715,337.68605856473215,911.0176164469246,412.57619673859125,42.5052443578869,1168.4076301812997,5.705311073660715,337.68605856473215,911.0176164469246,412.57619673859125,42.5052443578869
2026-02-10 20:00:00+00:00,2674.90735,0.0,381.374625,891.472425,453.9752,50.544425000000004,2279.05026630021,3.381949774269926,363.6360967462218,748.6746438317109,464.9250775422986,44.923821758268275,1168.4076301812997,5.705311073660715,337.68605856473215,911.0176164469246,412.57619673859125,42.5052443578869,1168.4076301812997,5.705311073660715,337.68605856473215,911.0176164469246,412.57619673859125,42.5052443578869
2026-02-10 21:00:00+00:00,2487.315375,0.0,382.28677500000003,498.59265000000005,444.559725,50.878325000000004,2204.8590276663886,3.0491124226423274,360.09741110596553,615.7460050838479,447.83751015437196,47.65561116231096,1168.4076301812997,5.705311073660715,337.68605856473215,911.0176164469246,412.57619673859125,42.5052443578869,1168.4076301812997,5.705311073660715,337.68605856473215,911.0176164469246,412.57619673859125,42.5052443578869
2026-02-10 22:00:00+00:00,1876.4455,0.0,382.847825,445.73345000000006,430.696425,47.971025,2090.924747967191,0.6872669077968956,376.9911647118693,532.5130637260559,438.1892538003086,45.76793261758787,1168.4076301812997,5.705311073660715,337.68605856473215,911.0176164469246,412.57619673859125,42.5052443578869,1168.4076301812997,5.705311073660715,337.68605856473215,911.0176164469246,412.57619673859125,42.5052443578869
2026-02-10 23:00:00+00:00,1804.3249,0.0,381.7658,411.66617499999995,418.58475,50.9717,1876.5888800910018,-0.48813612833138276,376.07582376351144,523.1692959184593,430.07868966086346,48.29870303046562,1168.4076301812997,5.705311073660715,337.68605856473215,911.0176164469246,412.57619673859125,42.5052443578869,1168.4076301812997,5.705311073660715,337.68605856473215,911.0176164469246,412.57619673859125,42.5052443578869
2026-02-11 00:00:00+00:00,1730.64505,0.0,381.315625,382.4195500000001,412.777175,50.738075,1759.630541743214,-0.8675098389493634,366.87027853891107,484.1082068625326,418.74574307324036,46.952476771956256,1168.4076301812997,5.705311073660715,337.68605856473215,911.0176164469246,412.57619673859125,42.5052443578869,1168.4076301812997,5.705311073660715,337.68605856473215,911.0176164469246,412.57619673859125,42.5052443578869
2026-02-11 01:00:00+00:00,1689.047975,0.0,381.2223,392.48412499999995,410.76575,47.6917,1595.6942332215262,1.1678696206685002,364.5315235153354,484.9326784913785,417.6788244832618,44.358482258163995,1168.4076301812997,5.705311073660715,337.68605856473215,911.0176164469246,412.57619673859125,42.5052443578869,1168.4076301812997,5.705311073660715,337.68605856473215,911.0176164469246,412.57619673859125,42.5052443578869
2026-02-11 02:00:00+00:00,1650.541075,0.0,380.980975,382.80954999999994,410.284675,47.88535,1591.3640776523741,-0.546341177170385,360.7255292310683,467.7099222866813,417.6648847869368,43.36606676571139,1168.4076301812997,5.705311073660715,337.68605856473215,911.0176164469246,412.57619673859125,42.5052443578869,1168.4076301812997,5.705311073660715,337.68605856473215,911.0176164469246,412.57619673859125,42.5052443578869
2026-02-11 03:00:00+00:00,1611.9955,0.0,381.069325,432.868025,413.25307499999997,45.8177,1566.6209458413703,1.9232171208858237,361.9984585726887,600.9119423876251,423.24000286412763,40.83317018914547,1168.4076301812997,5.705311073660715,337.68605856473215,911.0176164469246,412.57619673859125,42.5052443578869,1168.4076301812997,5.705311073660715,337.68605856473215,911.0176164469246,412.57619673859125,42.5052443578869
2026-02-11 04:00:00+00:00,1640.767125,0.0,381.188175,490.941625,424.61625000000004,44.949600000000004,1552.7536977674504,1.7684865794646334,365.09996817328687,659.9936312811482,429.8133222335163,43.889654011221275,1168.4076301812997,5.705311073660715,337.68605856473215,911.0176164469246,412.57619673859125,42.5052443578869,1168.4076301812997,5.705311073660715,337.68605856473215,911.0176164469246,412.57619673859125,42.5052443578869
2026-02-11 05:00:00+00:00,1970.41905,0.0,380.522675,809.843825,441.66880000000003,44.702275,2149.125237803577,8.8021758269842,361.96799539003086,791.3775782412957,450.4785339043051,45.942654519216475,1168.4076301812997,5.705311073660715,337.68605856473215,911.0176164469246,412.57619673859125,42.5052443578869,1168.4076301812997,5.705311073660715,337.68605856473215,911.0176164469246,412.57619673859125,42.5052443578869
2026-02-11 06:00:00+00:00,2373.872,0.0,380.817925,1164.6115,471.69482500000004,53.18115,2532.3482937228464,-1.5012017838354055,376.9262706190508,1432.1336776783317,463.9606563949813,51.91075220931296,1168.4076301812997,5.705311073660715,337.68605856473215,911.0176164469246,412.57619673859125,42.5052443578869,1168.4076301812997,5.705311073660715,337.68605856473215,911.0176164469246,412.57619673859125,42.5052443578869
2026-02-11 07:00:00+00:00,2437.1117,0.0,380.349525,1461.7164500000001,475.7569,57.543225,2513.6024403106267,2.065673692338964,378.58392407841893,1349.9296456037819,475.36079793093137,56.952419454810645,1168.4076301812997,5.705311073660715,337.68605856473215,911.0176164469246,412.57619673859125,42.5052443578869,1168.4076301812997,5.705311073660715,337.68605856473215,911.0176164469246,412.57619673859125,42.5052443578869
2026-02-11 08:00:00+00:00,2451.0643,0.0,380.609175,1184.775725,471.93515,59.518,2549.6020365464237,1.824710423470072,381.72197865849904,1119.7004529691903,477.53253261034365,53.446732286932615,1168.4076301812997,5.705311073660715,337.68605856473215,911.0176164469246,412.57619673859125,42.5052443578869,1168.4076301812997,5.705311073660715,337.68605856473215,911.0176164469246,412.57619673859125,42.5052443578869
2026-02-11 09:00:00+00:00,2456.4115,0.0,380.7334,791.0186249999999,450.23222499999997,53.157125,2401.0340383404455,0.9011415477107807,373.55107953612725,783.6901538098631,446.2367473594353,52.45826227344634,1168.4076301812997,5.705311073660715,337.68605856473215,911.0176164469246,412.57619673859125,42.5052443578869,1168.4076301812997,5.705311073660715,337.68605856473215,911.0176164469246,412.57619673859125,42.5052443578869
2026-02-11 10:00:00+00:00,2460.3600500000002,0.0,381.53675,955.4001000000001,431.06065,54.87,2490.602291488198,-1.3369630576509968,385.7662625699669,706.5419208212694,443.5120910210427,56.912492279403885,1168.4076301812997,5.705311073660715,337.68605856473215,911.0176164469246,412.57619673859125,42.5052443578869,1168.4076301812997,5.705311073660715,337.68605856473215,911.0176164469246,412.57619673859125,42.5052443578869
2026-02-11 11:00:00+00:00,2475.628175,0.0,383.038675,792.2537249999999,428.34235,62.262675,2395.172158314045,-4.390710515855671,376.4707055726772,761.2081850505772,436.1752882882466,61.96130005572614,1168.4076301812997,5.705311073660715,337.68605856473215,911.0176164469246,412.57619673859125,42.5052443578869,1168.4076301812997,5.705311073660715,337.68605856473215,911.0176164469246,412.57619673859125,42.5052443578869
2026-02-11 12:00:00+00:00,2547.48845,0.0,383.168475,626.59,426.831975,63.23545,2359.9722688010634,-2.913657733495226,380.49704972545464,720.7732835365946,431.7694056236007,58.09234868772275,1168.4076301812997,5.705311073660715,337.68605856473215,911.0176164469246,412.57619673859125,42.5052443578869,1168.4076301812997,5.705311073660715,337.68605856473215,911.0176164469246,412.57619673859125,42.5052443578869
2026-02-11 13:00:00+00:00,2524.2111,0.0,383.1392,690.27705,429.850475,62.526875000000004,2352.5422768071685,-5.548350275464076,371.29312217828283,865.76961979749,428.3490366971926,56.9162969130004,1168.4076301812997,5.705311073660715,337.68605856473215,911.0176164469246,412.57619673859125,42.5052443578869,1168.4076301812997,5.705311073660715,337.68605856473215,911.0176164469246,412.57619673859125,42.5052443578869
2026-02-11 14:00:00+00:00,2535.13195,0.0,383.145625,664.5556,442.26395,61.8183,2245.6717741159937,4.779561690951933,368.7203120469543,893.7035983593673,446.0687304863161,55.87334821896941,1168.4076301812997,5.705311073660715,337.68605856473215,911.0176164469246,412.57619673859125,42.5052443578869,1168.4076301812997,5.705311073660715,337.68605856473215,911.0176164469246,412.57619673859125,42.5052443578869
2026-02-11 15:00:00+00:00,2630.2914,0.0,386.896775,913.477625,468.08885,61.109725000000005,2238.7959519816186,4.218830159416628,375.7372291780217,1084.3142688285768,481.9043635026038,55.764730224607035,1168.4076301812997,5.705311073660715,337.68605856473215,911.0176164469246,412.57619673859125,42.5052443578869,1168.4076301812997,5.705311073660715,337.68605856473215,911.0176164469246,412.57619673859125,42.5052443578869
2026-02-11 16:00:00+00:00,2656.031975,0.0,388.7765,1343.210825,497.17615,60.40115,2440.354918844996,-1.0031537460224653,382.11319663102825,1440.5104363249047,499.413441297021,60.87242749989981,1168.4076301812997,5.705311073660715,337.68605856473215,911.0176164469246,412.57619673859125,42.5052443578869,1168.4076301812997,5.705311073660715,337.68605856473215,911.0176164469246,412.57619673859125,42.5052443578869
2026-02-11 17:00:00+00:00,2695.96355,0.0,383.516025,1252.450725,505.011625,59.692575000000005,2563.279479473663,4.365739934458152,382.09258027755857,1350.5425294167453,507.478127094249,60.37246113880255,1168.4076301812997,5.705311073660715,337.68605856473215,911.0176164469246,412.57619673859125,42.5052443578869,1168.4076301812997,5.705311073660715,337.68605856473215,911.0176164469246,412.57619673859125,42.5052443578869
2026-02-11 18:00:00+00:00,2691.964975,0.0,383.478725,1071.0322,500.14272500000004,61.06295,2691.2952584107625,5.010373479931958,380.68257963813966,1077.400426905729,501.6442049100682,59.238070029118646,1168.4076301812997,5.705311073660715,337.68605856473215,911.0176164469246,412.57619673859125,42.5052443578869,1168.4076301812997,5.705311073660715,337.68605856473215,911.0176164469246,412.57619673859125,42.5052443578869
2026-02-11 19:00:00+00:00,2644.410225,0.0,384.2308,621.0248,486.461425,61.3548,2394.84070949588,-0.9673441905440328,376.6516790239237,967.3639319830605,483.3556517138732,53.506291187310985,1168.4076301812997,5.705311073660715,337.68605856473215,911.0176164469246,412.57619673859125,42.5052443578869,1168.4076301812997,5.705311073660715,337.68605856473215,911.0176164469246,412.57619673859125,42.5052443578869
2026-02-11 20:00:00+00:00,2471.49455,0.0,382.19295,652.557125,470.719875,61.642975,2133.1492417185614,-0.21944712186537352,353.5571286596284,819.4115327886243,468.64556629821453,54.90201657233844,1168.4076301812997,5.705311073660715,337.68605856473215,911.0176164469246,412.57619673859125,42.5052443578869,1168.4076301812997,5.705311073660715,337.68605856473215,911.0176164469246,412.57619673859125,42.5052443578869
2026-02-11 21:00:00+00:00,1844.975675,0.0,382.583925,538.0123749999999,454.516125,62.573175,1794.9916544179478,0.8026243168922633,354.55271618008373,636.0487392791808,451.5211537919353,54.883688902632485,1168.4076301812997,5.705311073660715,337.68605856473215,911.0176164469246,412.57619673859125,42.5052443578869,1168.4076301812997,5.705311073660715,337.68605856473215,911.0176164469246,412.57619673859125,42.5052443578869
2026-02-11 22:00:00+00:00,1722.0009,0.0,382.34585,619.86845,434.275675,63.640474999999995,1803.7962206876562,3.0193689162158943,365.65463676220674,567.1004477145702,437.4283345404116,55.38067631513992,1168.4076301812997,5.705311073660715,337.68605856473215,911.0176164469246,412.57619673859125,42.5052443578869,1168.4076301812997,5.705311073660715,337.68605856473215,911.0176164469246,412.57619673859125,42.5052443578869
2026-02-11 23:00:00+00:00,1668.4257499999999,0.0,381.45435,601.311675,420.51890000000003,63.660574999999994,1715.7740414743853,-1.5175049635834483,356.1460459594041,550.9581083205417,426.50052818383335,53.62325763601745,1168.4076301812997,5.705311073660715,337.68605856473215,911.0176164469246,412.57619673859125,42.5052443578869,1168.4076301812997,5.705311073660715,337.68605856473215,911.0176164469246,412.57619673859125,42.5052443578869
2026-02-12 00:00:00+00:00,1654.310825,0.0,381.535875,533.655075,415.30975,62.12455,1584.9724815449317,-1.8680928320680081,352.7160475799418,514.1771625298525,413.5730849578336,51.0844167482705,1168.4076301812997,5.705311073660715,337.68605856473215,911.0176164469246,412.57619673859125,42.5052443578869,1168.4076301812997,5.705311073660715,337.68605856473215,911.0176164469246,412.57619673859125,42.5052443578869
2026-02-12 01:00:00+00:00,1630.4944,0.0,381.54895,536.6948749999999,411.897525,59.75955,1550.1247171209393,1.5631532284981073,354.43093764889113,506.7252942279927,412.87085106635766,49.04464806166561,1168.4076301812997,5.705311073660715,337.68605856473215,911.0176164469246,412.57619673859125,42.5052443578869,1168.4076301812997,5.705311073660715,337.68605856473215,911.0176164469246,412.57619673859125,42.5052443578869
2026-02-12 02:00:00+00:00,1634.800925,0.0,381.60935,535.944275,410.8084,59.8495,1491.2404001407929,1.4069877215567415,350.68634178225534,547.2799349292216,417.6719572480505,47.857737190133435,1168.4076301812997,5.705311073660715,337.68605856473215,911.0176164469246,412.57619673859125,42.5052443578869,1168.4076301812997,5.705311073660715,337.68605856473215,911.0176164469246,412.57619673859125,42.5052443578869
2026-02-12 03:00:00+00:00,1638.83755,0.0,382.076475,527.1818499999999,413.646275,58.914175,1377.4015409963242,-0.6111484778807101,355.9700634686012,562.1082523098692,422.02129587942494,51.69437424727823,1168.4076301812997,5.705311073660715,337.68605856473215,911.0176164469246,412.57619673859125,42.5052443578869,1168.4076301812997,5.705311073660715,337.68605856473215,911.0176164469246,412.57619673859125,42.5052443578869
2026-02-12 04:00:00+00:00,1699.6694750000001,0.0,381.95135,603.6455249999999,427.192575,57.733425,1502.3902222467711,0.32420140679357967,363.88836457034284,584.5274976565456,431.8340834496764,50.61003941865089,1168.4076301812997,5.705311073660715,337.68605856473215,911.0176164469246,412.57619673859125,42.5052443578869,1168.4076301812997,5.705311073660715,337.68605856473215,911.0176164469246,412.57619673859125,42.5052443578869
2026-02-12 05:00:00+00:00,2157.0501,0.0,380.477775,870.6988000000001,451.37675,46.76445,1666.8955408742381,5.681010906350326,361.429186832638,785.8153908955092,454.88293874478387,44.72077210786015,1168.4076301812997,5.705311073660715,337.68605856473215,911.0176164469246,412.57619673859125,42.5052443578869,1168.4076301812997,5.705311073660715,337.68605856473215,911.0176164469246,412.57619673859125,42.5052443578869
2026-02-12 06:00:00+00:00,2380.377925,0.0,380.063875,812.3587,485.530175,50.608000000000004,2157.343770653662,14.1409725766758,372.18636387935135,1157.1433329226838,482.53831518609667,46.42130972464745,1168.4076301812997,5.705311073660715,337.68605856473215,911.0176164469246,412.57619673859125,42.5052443578869,1168.4076301812997,5.705311073660715,337.68605856473215,911.0176164469246,412.57619673859125,42.5052443578869
2026-02-12 07:00:00+00:00,2405.182725,0.0,380.449675,929.7951,500.608725,39.955375000000004,2154.211516360244,25.989545085674372,372.6118957697717,1018.3439991244269,491.0903089864584,43.92715073409031,1168.4076301812997,5.705311073660715,337.68605856473215,911.0176164469246,412.57619673859125,42.5052443578869,1168.4076301812997,5.705311073660715,337.68605856473215,911.0176164469246,412.57619673859125,42.5052443578869
2026-02-12 08:00:00+00:00,2127.7711,0.0,381.086575,799.87685,494.32755,36.68135,1954.0730617756212,13.984008561988352,375.8235861644346,878.0897814329279,483.07110802681643,38.76762819833525,1168.4076301812997,5.705311073660715,337.68605856473215,911.0176164469246,412.57619673859125,42.5052443578869,1168.4076301812997,5.705311073660715,337.68605856473215,911.0176164469246,412.57619673859125,42.5052443578869
2026-02-12 09:00:00+00:00,1835.8178,0.0,383.04285,749.82245,465.793725,35.168025,1955.3011129169286,-2.10614071977451,367.98726705284497,740.5666868400401,450.51838518295745,37.9383934412023,1168.4076301812997,5.705311073660715,337.68605856473215,911.0176164469246,412.57619673859125,42.5052443578869,1168.4076301812997,5.705311073660715,337.68605856473215,911.0176164469246,412.57619673859125,42.5052443578869
2026-02-12 10:00:00+00:00,1736.64155,0.0,383.706,731.772525,447.61225,37.654700000000005,1822.756303936725,4.344198245300349,381.627170321746,707.8227519837449,439.98302097870084,40.204668847689895,1168.4076301812997,5.705311073660715,337.68605856473215,911.0176164469246,412.57619673859125,42.5052443578869,1168.4076301812997,5.705311073660715,337.68605856473215,911.0176164469246,412.57619673859125,42.5052443578869
2026-02-12 11:00:00+00:00,1528.9762249999999,0.0,381.3506,699.3179749999999,427.80062499999997,37.241425,1697.4351931100612,4.892726456366782,385.2195777900336,761.7432204434674,437.4492716732564,37.854842157176215,1168.4076301812997,5.705311073660715,337.68605856473215,911.0176164469246,412.57619673859125,42.5052443578869,1168.4076301812997,5.705311073660715,337.68605856473215,911.0176164469246,412.57619673859125,42.5052443578869
2026-02-12 12:00:00+00:00,1409.09025,0.0,382.27975,618.985325,421.524,37.510625000000005,1507.6009055536736,5.013178913986032,389.2067271488986,746.7743638583247,437.46208073373356,39.43109938904392,1168.4076301812997,5.705311073660715,337.68605856473215,911.0176164469246,412.57619673859125,42.5052443578869,1168.4076301812997,5.705311073660715,337.68605856473215,911.0176164469246,412.57619673859125,42.5052443578869
2026-02-12 13:00:00+00:00,1396.81875,0.0,382.17845,669.477125,428.641975,36.52605,1602.8909652467303,4.072421430200677,372.7531971963926,755.0531127351015,440.1513408204574,40.02169515363603,1168.4076301812997,5.705311073660715,337.68605856473215,911.0176164469246,412.57619673859125,42.5052443578869,1168.4076301812997,5.705311073660715,337.68605856473215,911.0176164469246,412.57619673859125,42.5052443578869
2026-02-12 14:00:00+00:00,1389.99745,0.0,381.7939,667.87415,448.73924999999997,36.471199999999996,1421.1312514492836,1.868539794177325,356.88214053948076,746.5678912770235,445.95804725583395,40.955063752726964,1168.4076301812997,5.705311073660715,337.68605856473215,911.0176164469246,412.57619673859125,42.5052443578869,1168.4076301812997,5.705311073660715,337.68605856473215,911.0176164469246,412.57619673859125,42.5052443578869
2026-02-12 15:00:00+00:00,1396.655475,0.0,383.137375,671.2078499999999,478.7894,36.731575,1729.5727008223855,12.121662472425513,387.9939952623543,791.6809135698536,485.05535980620505,43.16412860365623,1168.4076301812997,5.705311073660715,337.68605856473215,911.0176164469246,412.57619673859125,42.5052443578869,1168.4076301812997,5.705311073660715,337.68605856473215,911.0176164469246,412.57619673859125,42.5052443578869
2026-02-12 16:00:00+00:00,1402.937025,0.0,383.71007499999996,681.625825,506.44027500000004,36.3414,1914.61751819259,6.232136443030459,390.43246733071163,938.2787436921052,497.6765155828296,41.79622420981867,1168.4076301812997,5.705311073660715,337.68605856473215,911.0176164469246,412.57619673859125,42.5052443578869,1168.4076301812997,5.705311073660715,337.68605856473215,911.0176164469246,412.57619673859125,42.5052443578869
2026-02-12 17:00:00+00:00,1423.811975,0.0,383.6168,702.489675,513.459425,36.30055,1737.1877477938353,11.497554537387233,398.0419003034586,972.1115917032822,506.2188469345432,45.19984191827919,1168.4076301812997,5.705311073660715,337.68605856473215,911.0176164469246,412.57619673859125,42.5052443578869,1168.4076301812997,5.705311073660715,337.68605856473215,911.0176164469246,412.57619673859125,42.5052443578869
2026-02-12 18:00:00+00:00,1391.8491749999998,0.0,383.568475,773.335375,506.59645,35.69565,1610.4315024893253,-1.3629615578159733,394.6521962126304,815.0403930981043,498.4096463259149,44.088771241347814,1168.4076301812997,5.705311073660715,337.68605856473215,911.0176164469246,412.57619673859125,42.5052443578869,1168.4076301812997,5.705311073660715,337.68605856473215,911.0176164469246,412.57619673859125,42.5052443578869
2026-02-12 19:00:00+00:00,1386.382725,0.0,383.06205,718.4792,488.1267,40.343625,1525.399399317134,-0.3258906415279288,386.25212744267844,758.9869064494856,481.4964281691681,45.31793273663692,1168.4076301812997,5.705311073660715,337.68605856473215,911.0176164469246,412.57619673859125,42.5052443578869,1168.4076301812997,5.705311073660715,337.68605856473215,911.0176164469246,412.57619673859125,42.5052443578869
2026-02-12 20:00:00+00:00,1378.227925,0.0,382.187625,706.2849249999999,473.617975,47.439499999999995,1271.840517302379,-0.367285774790429,378.02014431649343,681.7345838230016,469.3834548584928,50.13374936791181,1168.4076301812997,5.705311073660715,337.68605856473215,911.0176164469246,412.57619673859125,42.5052443578869,1168.4076301812997,5.705311073660715,337.68605856473215,911.0176164469246,412.57619673859125,42.5052443578869
2026-02-12 21:00:00+00:00,1359.204125,0.0,381.315025,770.2528249999999,455.58995,55.4758,1529.4725249043465,1.525503940972622,376.37582446773837,659.1336177605976,450.8159714860041,54.46810074041758,1168.4076301812997,5.705311073660715,337.68605856473215,911.0176164469246,412.57619673859125,42.5052443578869,1168.4076301812997,5.705311073660715,337.68605856473215,911.0176164469246,412.57619673859125,42.5052443578869
2026-02-12 22:00:00+00:00,1390.564625,0.0,381.419575,652.97015,433.18420000000003,61.198625,1465.197944111413,-0.03830698750013806,365.0599379231602,590.7826373483367,442.238321495653,58.79734888441644,1168.4076301812997,5.705311073660715,337.68605856473215,911.0176164469246,412.57619673859125,42.5052443578869,1168.4076301812997,5.705311073660715,337.68605856473215,911.0176164469246,412.57619673859125,42.5052443578869
2026-02-12 23:00:00+00:00,1363.6818250000001,0.0,381.30245,825.65215,419.8941,62.106700000000004,1287.2061822967628,-1.3277147560524005,360.45890961233204,619.7625850555405,423.09523599722957,57.741383557583966,1168.4076301812997,5.705311073660715,337.68605856473215,911.0176164469246,412.57619673859125,42.5052443578869,1168.4076301812997,5.705311073660715,337.68605856473215,911.0176164469246,412.57619673859125,42.5052443578869
2026-02-13 00:00:00+00:00,1317.3997,0.0,381.5563,675.940075,412.3612,61.2631,1241.9714110027908,0.4146487751855972,357.57203577443767,536.8600769231987,417.26557287804195,53.27800998114784,1168.4076301812997,5.705311073660715,337.68605856473215,911.0176164469246,412.57619673859125,42.5052443578869,1168.4076301812997,5.705311073660715,337.68605856473215,911.0176164469246,412.57619673859125,42.5052443578869
2026-02-13 01:00:00+00:00,1332.84985,0.0,381.5428,619.5914750000001,410.874975,63.0912,1217.2651514873355,0.31411612528227106,346.3215850564014,566.373079970685,414.1757474356701,52.645084525626785,1168.4076301812997,5.705311073660715,337.68605856473215,911.0176164469246,412.57619673859125,42.5052443578869,1168.4076301812997,5.705311073660715,337.68605856473215,911.0176164469246,412.57619673859125,42.5052443578869
2026-02-13 02:00:00+00:00,1341.437925,0.0,381.689375,622.8665250000001,412.35935,64.159975,1202.1973695217332,0.31411612528227106,343.54530588302464,547.1733632303055,415.58078233899715,53.315819544392745,1168.4076301812997,5.705311073660715,337.68605856473215,911.0176164469246,412.57619673859125,42.5052443578869,1168.4076301812997,5.705311073660715,337.68605856473215,911.0176164469246,412.57619673859125,42.5052443578869
2026-02-13 03:00:00+00:00,1366.170425,0.0,381.4883,624.824025,416.09945,62.040925,1011.9791628400224,0.417491830518939,344.80970422755973,582.3428121631625,419.52171618415065,52.32456454922628,1168.4076301812997,5.705311073660715,337.68605856473215,911.0176164469246,412.57619673859125,42.5052443578869,1168.4076301812997,5.705311073660715,337.68605856473215,911.0176164469246,412.57619673859125,42.5052443578869
2026-02-13 04:00:00+00:00,1554.436825,0.0,381.9913,650.8906000000001,428.5267,60.967600000000004,1159.9288428986708,3.2337885309347603,351.37787281037083,642.5772387011189,425.2439253360519,50.65784138281199,1168.4076301812997,5.705311073660715,337.68605856473215,911.0176164469246,412.57619673859125,42.5052443578869,1168.4076301812997,5.705311073660715,337.68605856473215,911.0176164469246,412.57619673859125,42.5052443578869
2026-02-13 05:00:00+00:00,1717.269275,0.0,382.839,742.2950000000001,454.359775,61.937041666666666,1748.531711530535,8.24599410279396,362.81768752932777,799.4073197793225,449.44834591140886,50.32878550261385,1168.4076301812997,5.705311073660715,337.68605856473215,911.0176164469246,412.57619673859125,42.5052443578869,1168.4076301812997,5.705311073660715,337.68605856473215,911.0176164469246,412.57619673859125,42.5052443578869
2026-02-13 06:00:00+00:00,1793.2062,0.0,383.194675,1068.7480500000001,491.451925,62.906483333333334,2230.2922596478948,0.7897038037461899,357.65685350563695,1048.7071529837258,481.91597261241145,53.656965148740724,1168.4076301812997,5.705311073660715,337.68605856473215,911.0176164469246,412.57619673859125,42.5052443578869,1168.4076301812997,5.705311073660715,337.68605856473215,911.0176164469246,412.57619673859125,42.5052443578869
2026-02-13 07:00:00+00:00,1784.512275,0.0,383.2787,1577.151675,504.98845,63.875924999999995,2330.1119486431535,6.68928779702224,376.9520827665897,1216.3283951796707,489.31699478720486,54.149662279909855,1168.4076301812997,5.705311073660715,337.68605856473215,911.0176164469246,412.57619673859125,42.5052443578869,1168.4076301812997,5.705311073660715,337.68605856473215,911.0176164469246,412.57619673859125,42.5052443578869
2026-02-13 08:00:00+00:00,1800.7586000000001,0.0,382.4651,1103.8076500000002,490.46072499999997,63.4989,2268.0104274595824,9.692162151769896,381.635312714885,1063.7908578676497,480.56391593426963,57.046913215180126,1168.4076301812997,5.705311073660715,337.68605856473215,911.0176164469246,412.57619673859125,42.5052443578869,1168.4076301812997,5.705311073660715,337.68605856473215,911.0176164469246,412.57619673859125,42.5052443578869
2026-02-13 09:00:00+00:00,1765.761475,0.0,382.2237,705.4034250000001,467.382725,63.121874999999996,2125.1207235126685,1.5581447278216407,384.03217085869096,683.7033098584898,460.64323410048485,60.728756356960844,1168.4076301812997,5.705311073660715,337.68605856473215,911.0176164469246,412.57619673859125,42.5052443578869,1168.4076301812997,5.705311073660715,337.68605856473215,911.0176164469246,412.57619673859125,42.5052443578869
2026-02-13 10:00:00+00:00,1745.214475,0.0,381.309075,687.477625,445.643625,62.74485,2007.6879264108748,3.9899492761316564,365.2855293292063,690.8958509484653,431.4152864042234,62.50112828996056,1168.4076301812997,5.705311073660715,337.68605856473215,911.0176164469246,412.57619673859125,42.5052443578869,1168.4076301812997,5.705311073660715,337.68605856473215,911.0176164469246,412.57619673859125,42.5052443578869
2026-02-13 11:00:00+00:00,1656.3342750000002,0.0,380.42742499999997,677.6823499999999,428.47659999999996,61.2134,1897.062022383712,7.702948801057326,370.7858764874438,693.660678894889,427.94293516292237,61.174572497886246,1168.4076301812997,5.705311073660715,337.68605856473215,911.0176164469246,412.57619673859125,42.5052443578869,1168.4076301812997,5.705311073660715,337.68605856473215,911.0176164469246,412.57619673859125,42.5052443578869
2026-02-13 12:00:00+00:00,1591.967625,0.0,381.75755,795.3212500000001,422.704625,62.414325000000005,2055.7302295773634,1.098937364754156,353.9669489959999,733.0123903467353,426.81026162077717,55.3870987791202,1168.4076301812997,5.705311073660715,337.68605856473215,911.0176164469246,412.57619673859125,42.5052443578869,1168.4076301812997,5.705311073660715,337.68605856473215,911.0176164469246,412.57619673859125,42.5052443578869
2026-02-13 13:00:00+00:00,1680.007875,0.0,383.562225,1012.4629,424.204425,59.41175,2281.913130154753,6.890110152134917,368.852599268603,850.6991558500586,429.9261749788527,54.707754945342565,1168.4076301812997,5.705311073660715,337.68605856473215,911.0176164469246,412.57619673859125,42.5052443578869,1168.4076301812997,5.705311073660715,337.68605856473215,911.0176164469246,412.57619673859125,42.5052443578869
2026-02-13 14:00:00+00:00,1795.281725,0.0,383.674175,1451.6239,441.293425,56.605325,2290.2509100260645,1.2970569942359509,368.07988999482023,1144.19938051177,442.603823325055,52.40559363326817,1168.4076301812997,5.705311073660715,337.68605856473215,911.0176164469246,412.57619673859125,42.5052443578869,1168.4076301812997,5.705311073660715,337.68605856473215,911.0176164469246,412.57619673859125,42.5052443578869
2026-02-13 15:00:00+00:00,1792.088575,0.0,383.329525,1609.324025,476.57435,54.345,2211.736010464938,5.042910590217501,379.96584577548543,1367.515862696689,485.4010866796331,53.17713393737676,1168.4076301812997,5.705311073660715,337.68605856473215,911.0176164469246,412.57619673859125,42.5052443578869,1168.4076301812997,5.705311073660715,337.68605856473215,911.0176164469246,412.57619673859125,42.5052443578869
2026-02-13 16:00:00+00:00,1800.759075,0.0,385.11220000000003,1821.608025,506.41865,55.0269,2370.914663859162,12.829490393504845,393.98321622398663,1629.2820493743216,501.59797052657825,52.79321202094553,1168.4076301812997,5.705311073660715,337.68605856473215,911.0176164469246,412.57619673859125,42.5052443578869,1168.4076301812997,5.705311073660715,337.68605856473215,911.0176164469246,412.57619673859125,42.5052443578869
2026-02-13 17:00:00+00:00,1819.83025,0.0,402.03665,2072.0001500000003,511.908725,56.948025,2251.041234439532,6.200442096682638,409.0900366955701,1755.9609184586366,503.1784635955471,49.682003555189254,1168.4076301812997,5.705311073660715,337.68605856473215,911.0176164469246,412.57619673859125,42.5052443578869,1168.4076301812997,5.705311073660715,337.68605856473215,911.0176164469246,412.57619673859125,42.5052443578869
2026-02-13 18:00:00+00:00,1820.5617,0.0,412.44005,1519.66505,500.28855,60.8543,2318.539554768181,12.435657166513261,393.0853425215476,1429.0345537755443,499.95701634744637,49.811255853079395,1168.4076301812997,5.705311073660715,337.68605856473215,911.0176164469246,412.57619673859125,42.5052443578869,1168.4076301812997,5.705311073660715,337.68605856473215,911.0176164469246,412.57619673859125,42.5052443578869
2026-02-13 19:00:00+00:00,1833.034275,0.0,411.93444999999997,1047.374925,480.273725,60.728175,2241.381775538841,3.3127751910276992,388.7285196901846,1011.6541592700187,480.2699561089631,49.26925446165696,1168.4076301812997,5.705311073660715,337.68605856473215,911.0176164469246,412.57619673859125,42.5052443578869,1168.4076301812997,5.705311073660715,337.68605856473215,911.0176164469246,412.57619673859125,42.5052443578869
2026-02-13 20:00:00+00:00,1832.25205,0.0,411.39160000000004,790.659325,459.298175,63.006,2080.515921814988,3.2066194085382245,382.33073057334775,793.6283561154851,467.42889827787326,47.941165598987745,1168.4076301812997,5.705311073660715,337.68605856473215,911.0176164469246,412.57619673859125,42.5052443578869,1168.4076301812997,5.705311073660715,337.68605856473215,911.0176164469246,412.57619673859125,42.5052443578869
2026-02-13 21:00:00+00:00,1702.0988,0.0,411.122875,781.6865999999999,445.8465,63.03902954545455,2120.044618653234,1.308495518896077,397.7326124538504,598.6212445832397,452.07254489967124,56.402048662206184,1168.4076301812997,5.705311073660715,337.68605856473215,911.0176164469246,412.57619673859125,42.5052443578869,1168.4076301812997,5.705311073660715,337.68605856473215,911.0176164469246,412.57619673859125,42.5052443578869
2026-02-13 22:00:00+00:00,1690.541,0.0,411.46112500000004,739.5883749999999,429.46202500000004,63.07205909090909,2028.3495085470154,1.5532430311514567,391.4448377541964,555.9934763420395,430.89665446319646,58.44357835377239,1168.4076301812997,5.705311073660715,337.68605856473215,911.0176164469246,412.57619673859125,42.5052443578869,1168.4076301812997,5.705311073660715,337.68605856473215,911.0176164469246,412.57619673859125,42.5052443578869
2026-02-13 23:00:00+00:00,1712.829875,0.0,411.473775,697.7488000000001,420.494275,63.10508863636363,1974.0209377312876,0.8790601996011151,369.5597050530477,562.7779420489974,417.0315216758991,54.02414579384883,1168.4076301812997,5.705311073660715,337.68605856473215,911.0176164469246,412.57619673859125,42.5052443578869,1168.4076301812997,5.705311073660715,337.68605856473215,911.0176164469246,412.57619673859125,42.5052443578869
2026-02-14 00:00:00+00:00,1696.6725999999999,0.0,411.483375,652.7073750000001,414.564625,63.13811818181818,1754.1543375153215,0.6640767367676927,376.540747477083,529.2143348815407,418.5769735762426,61.0782175801738,1168.4076301812997,5.705311073660715,337.68605856473215,911.0176164469246,412.57619673859125,42.5052443578869,1168.4076301812997,5.705311073660715,337.68605856473215,911.0176164469246,412.57619673859125,42.5052443578869
2026-02-14 01:00:00+00:00,1719.55025,0.0,411.5709,681.025875,410.52182500000004,63.171147727272725,1525.0667029227943,0.5436833109952754,374.5623192106041,533.9193699578605,413.3090803604454,55.74754419686234,1168.4076301812997,5.705311073660715,337.68605856473215,911.0176164469246,412.57619673859125,42.5052443578869,1168.4076301812997,5.705311073660715,337.68605856473215,911.0176164469246,412.57619673859125,42.5052443578869
2026-02-14 02:00:00+00:00,1721.22075,0.0,411.528825,691.38175,411.17895,63.20417727272727,1521.9594009439102,0.46940489696942134,372.8939914901007,579.0188932765795,415.04178932382325,55.86322034576377,1168.4076301812997,5.705311073660715,337.68605856473215,911.0176164469246,412.57619673859125,42.5052443578869,1168.4076301812997,5.705311073660715,337.68605856473215,911.0176164469246,412.57619673859125,42.5052443578869
2026-02-14 03:00:00+00:00,1724.687075,0.0,411.4805,703.4007500000001,418.04897500000004,63.23720681818182,1438.7297535128387,0.1814153936638272,360.73328522067453,531.1862696628044,418.6957304955977,52.83046448136983,1168.4076301812997,5.705311073660715,337.68605856473215,911.0176164469246,412.57619673859125,42.5052443578869,1168.4076301812997,5.705311073660715,337.68605856473215,911.0176164469246,412.57619673859125,42.5052443578869
2026-02-14 04:00:00+00:00,1708.3072750000001,0.0,411.368325,658.974775,430.0069,63.270236363636364,1466.5864372219626,0.404445188112188,362.7555381219655,609.051015697213,433.0670659316334,52.71242977010469,1168.4076301812997,5.705311073660715,337.68605856473215,911.0176164469246,412.57619673859125,42.5052443578869,1168.4076301812997,5.705311073660715,337.68605856473215,911.0176164469246,412.57619673859125,42.5052443578869
2026-02-14 05:00:00+00:00,1695.8006,0.0,411.26419999999996,675.1751000000002,459.853925,63.303265909090904,1413.6268243463096,0.612144043448902,361.07643476659047,633.9980044200984,456.5208820092175,54.29910064454944,1168.4076301812997,5.705311073660715,337.68605856473215,911.0176164469246,412.57619673859125,42.5052443578869,1168.4076301812997,5.705311073660715,337.68605856473215,911.0176164469246,412.57619673859125,42.5052443578869
2026-02-14 06:00:00+00:00,1652.8319999999999,0.0,411.12962500000003,698.1450000000001,497.974575,63.33629545454545,1584.1682825406642,0.26402126329434505,359.8663333201471,701.4375495773305,488.47731500627316,54.44277038254915,1168.4076301812997,5.705311073660715,337.68605856473215,911.0176164469246,412.57619673859125,42.5052443578869,1168.4076301812997,5.705311073660715,337.68605856473215,911.0176164469246,412.57619673859125,42.5052443578869
2026-02-14 07:00:00+00:00,1757.22705,0.0,411.358475,707.9789750000001,507.74915,63.369324999999996,1807.9885597861435,1.9829855166009875,363.073571618545,810.0857238084579,492.03089870857025,57.163344402868795,1168.4076301812997,5.705311073660715,337.68605856473215,911.0176164469246,412.57619673859125,42.5052443578869,1168.4076301812997,5.705311073660715,337.68605856473215,911.0176164469246,412.57619673859125,42.5052443578869
2026-02-14 08:00:00+00:00,1813.2698249999999,0.0,412.182575,1111.17265,496.73834999999997,63.73935,1790.4197111575825,2.3836097397453013,386.503427931256,918.4619210741847,487.1303041774931,60.31153036400718,1168.4076301812997,5.705311073660715,337.68605856473215,911.0176164469246,412.57619673859125,42.5052443578869,1168.4076301812997,5.705311073660715,337.68605856473215,911.0176164469246,412.57619673859125,42.5052443578869
2026-02-14 09:00:00+00:00,1821.640925,0.0,412.35025,1077.15955,465.96567500000003,63.523316666666666,1868.4246316374026,6.407940030674124,398.7492569953558,974.158553941642,470.06554659853055,59.64258605922602,1168.4076301812997,5.705311073660715,337.68605856473215,911.0176164469246,412.57619673859125,42.5052443578869,1168.4076301812997,5.705311073660715,337.68605856473215,911.0176164469246,412.57619673859125,42.5052443578869
2026-02-14 10:00:00+00:00,1811.9273,0.0,413.0422,833.111475,438.161275,63.30728333333334,1895.528513625959,2.368727008921423,399.10828813204,907.2015035379427,450.69733194799966,60.98580267053849,1168.4076301812997,5.705311073660715,337.68605856473215,911.0176164469246,412.57619673859125,42.5052443578869,1168.4076301812997,5.705311073660715,337.68605856473215,911.0176164469246,412.57619673859125,42.5052443578869
2026-02-14 11:00:00+00:00,1788.8054,0.0,413.058825,684.3943999999999,429.588625,63.09125,1894.5465511858986,4.61568468660299,399.6579143310117,938.8139619795226,444.77552752576014,62.11283971362532,1168.4076301812997,5.705311073660715,337.68605856473215,911.0176164469246,412.57619673859125,42.5052443578869,1168.4076301812997,5.705311073660715,337.68605856473215,911.0176164469246,412.57619673859125,42.5052443578869
2026-02-14 12:00:00+00:00,1822.9901,0.0,413.354925,681.9937,429.23275,62.87521666666667,1826.7191963672326,0.7118849169970609,395.85650406310043,1104.3124769644219,442.22329149145634,61.51946317778173,1168.4076301812997,5.705311073660715,337.68605856473215,911.0176164469246,412.57619673859125,42.5052443578869,1168.4076301812997,5.705311073660715,337.68605856473215,911.0176164469246,412.57619673859125,42.5052443578869
2026-02-14 13:00:00+00:00,1791.5705,0.0,414.1168,1421.8772749999998,434.911,62.65918333333334,1756.2464043222867,-0.01827953278793082,390.4313551471486,1233.689198358307,439.9556636707478,59.5358237453091,1168.4076301812997,5.705311073660715,337.68605856473215,911.0176164469246,412.57619673859125,42.5052443578869,1168.4076301812997,5.705311073660715,337.68605856473215,911.0176164469246,412.57619673859125,42.5052443578869
2026-02-14 14:00:00+00:00,1820.656475,0.0,414.071,1920.03005,452.541975,62.44315,1894.1908104192162,0.00034130557752209967,387.3659671311258,1425.9768209910617,460.8309957868502,59.37326130166241,1168.4076301812997,5.705311073660715,337.68605856473215,911.0176164469246,412.57619673859125,42.5052443578869,1168.4076301812997,5.705311073660715,337.68605856473215,911.0176164469246,412.57619673859125,42.5052443578869
2026-02-14 15:00:00+00:00,1830.5315,0.0,413.968025,1452.5627500000003,487.799675,61.749575,1984.8473122108048,3.184760921195538,395.2362260958472,1488.3592861510485,488.0177467646336,62.17259356782777,1168.4076301812997,5.705311073660715,337.68605856473215,911.0176164469246,412.57619673859125,42.5052443578869,1168.4076301812997,5.705311073660715,337.68605856473215,911.0176164469246,412.57619673859125,42.5052443578869
2026-02-14 16:00:00+00:00,1835.74815,0.0,413.9878,1900.1573750000002,513.411325,61.09315,2002.7019180388288,4.783425025160992,392.9593003886538,1876.7807068662928,503.716053876324,56.69425429560194,1168.4076301812997,5.705311073660715,337.68605856473215,911.0176164469246,412.57619673859125,42.5052443578869,1168.4076301812997,5.705311073660715,337.68605856473215,911.0176164469246,412.57619673859125,42.5052443578869
2026-02-14 17:00:00+00:00,1850.58745,0.0,413.9943,2098.322925,518.78615,61.4006,2082.048533095228,3.4299008641227338,420.2982329898149,1807.3321179059885,505.85593184064265,62.24408298189812,1168.4076301812997,5.705311073660715,337.68605856473215,911.0176164469246,412.57619673859125,42.5052443578869,1168.4076301812997,5.705311073660715,337.68605856473215,911.0176164469246,412.57619673859125,42.5052443578869
2026-02-14 18:00:00+00:00,1853.849125,0.0,414.01937499999997,1977.9319749999997,506.770675,62.3515,2157.4742785322615,2.083496120144739,420.16107389432364,1611.3785607460552,497.7395580834193,59.60173359625769,1168.4076301812997,5.705311073660715,337.68605856473215,911.0176164469246,412.57619673859125,42.5052443578869,1168.4076301812997,5.705311073660715,337.68605856473215,911.0176164469246,412.57619673859125,42.5052443578869
2026-02-14 19:00:00+00:00,1850.17625,0.0,414.137825,1794.2035,488.9957,63.546625,2234.8567308887773,2.1623390645095415,399.9637810677661,1269.4803382850828,484.91724420915756,55.85541603545612,1168.4076301812997,5.705311073660715,337.68605856473215,911.0176164469246,412.57619673859125,42.5052443578869,1168.4076301812997,5.705311073660715,337.68605856473215,911.0176164469246,412.57619673859125,42.5052443578869
2026-02-14 20:00:00+00:00,1849.153875,0.0,414.234575,1603.59075,466.08187499999997,63.555384375,2208.3092689090263,0.941312469278162,405.87011258516463,1038.0619143129366,469.57053457296706,53.6664566271071,1168.4076301812997,5.705311073660715,337.68605856473215,911.0176164469246,412.57619673859125,42.5052443578869,1168.4076301812997,5.705311073660715,337.68605856473215,911.0176164469246,412.57619673859125,42.5052443578869
2026-02-14 21:00:00+00:00,1850.5896,0.0,414.286475,919.9590000000001,450.601475,63.56414375,2155.0168130507177,0.7477571136164558,401.49037307813103,800.614197448174,453.2520711240216,57.80532261310776,1168.4076301812997,5.705311073660715,337.68605856473215,911.0176164469246,412.57619673859125,42.5052443578869,1168.4076301812997,5.705311073660715,337.68605856473215,911.0176164469246,412.57619673859125,42.5052443578869
2026-02-14 22:00:00+00:00,1839.2516,0.0,414.418875,909.3855,431.267975,63.572903124999996,2059.6802109292776,-0.39634160587427214,398.5573377484148,695.8670510496902,439.7672692738673,56.835041554761325,1168.4076301812997,5.705311073660715,337.68605856473215,911.0176164469246,412.57619673859125,42.5052443578869,1168.4076301812997,5.705311073660715,337.68605856473215,911.0176164469246,412.57619673859125,42.5052443578869
2026-02-14 23:00:00+00:00,1815.64245,0.0,414.424325,895.447575,421.91044999999997,63.5816625,1948.4815446043413,4.459082283923897,389.1084988144888,631.9488785111334,430.15259781731993,54.232942442711945,1168.4076301812997,5.705311073660715,337.68605856473215,911.0176164469246,412.57619673859125,42.5052443578869,1168.4076301812997,5.705311073660715,337.68605856473215,911.0176164469246,412.57619673859125,42.5052443578869
2026-02-15 00:00:00+00:00,1831.4423000000002,0.0,414.541375,730.5513750000001,417.28567499999997,63.590421875000004,2015.3373607692834,-0.1824682362903003,383.41255238711403,649.9583577154765,423.31704084920744,56.23297254765815,1168.4076301812997,5.705311073660715,337.68605856473215,911.0176164469246,412.57619673859125,42.5052443578869,1168.4076301812997,5.705311073660715,337.68605856473215,911.0176164469246,412.57619673859125,42.5052443578869
2026-02-15 01:00:00+00:00,1755.135575,0.0,415.126125,642.74505,412.2837,63.59918125,1856.224597288861,-0.050446451178344454,375.94048635482056,667.1477629658484,421.00489051826474,55.85512172432003,1168.4076301812997,5.705311073660715,337.68605856473215,911.0176164469246,412.57619673859125,42.5052443578869,1168.4076301812997,5.705311073660715,337.68605856473215,911.0176164469246,412.57619673859125,42.5052443578869
2026-02-15 02:00:00+00:00,1659.0923500000001,0.0,415.498975,661.416325,410.996275,63.607940625,1875.3662879906196,-0.35167361187826796,375.8993889323888,670.2399780976144,416.5964839851743,58.35650334196302,1168.4076301812997,5.705311073660715,337.68605856473215,911.0176164469246,412.57619673859125,42.5052443578869,1168.4076301812997,5.705311073660715,337.68605856473215,911.0176164469246,412.57619673859125,42.5052443578869
2026-02-15 03:00:00+00:00,1652.370375,0.0,415.3633,723.32145,417.3729,63.6167,1790.9037699095625,-0.31861793969642704,386.8790250269517,658.0123587091614,417.1258235375644,57.87585849736425,1168.4076301812997,5.705311073660715,337.68605856473215,911.0176164469246,412.57619673859125,42.5052443578869,1168.4076301812997,5.705311073660715,337.68605856473215,911.0176164469246,412.57619673859125,42.5052443578869
2026-02-15 04:00:00+00:00,1633.5278250000001,0.0,415.3714,643.401775,429.571925,63.831825,1857.6567452602171,0.022508784168950413,388.2614241295272,616.2718898318641,430.3073498747803,52.41887895670839,1168.4076301812997,5.705311073660715,337.68605856473215,911.0176164469246,412.57619673859125,42.5052443578869,1168.4076301812997,5.705311073660715,337.68605856473215,911.0176164469246,412.57619673859125,42.5052443578869
2026-02-15 05:00:00+00:00,1603.996975,0.0,415.30985,622.5101000000001,458.143875,61.58485,1931.76549001437,1.4699328638608389,395.08436983575314,605.3967146605092,455.1229079273596,52.83542821047078,1168.4076301812997,5.705311073660715,337.68605856473215,911.0176164469246,412.57619673859125,42.5052443578869,1168.4076301812997,5.705311073660715,337.68605856473215,911.0176164469246,412.57619673859125,42.5052443578869
2026-02-15 06:00:00+00:00,1594.967025,0.0,418.15855,681.765325,488.3802,61.806725,1634.382956031936,2.6224691598675642,389.54229947699685,720.1529763529343,478.8344825069934,54.26565072989531,1168.4076301812997,5.705311073660715,337.68605856473215,911.0176164469246,412.57619673859125,42.5052443578869,1168.4076301812997,5.705311073660715,337.68605856473215,911.0176164469246,412.57619673859125,42.5052443578869
2026-02-15 07:00:00+00:00,1403.233425,0.0,415.3236,954.17235,493.609175,62.462075,1681.2801351995686,1.1105656882847317,396.64026266916125,717.2132061171861,486.284281138395,51.52939612384584,1168.4076301812997,5.705311073660715,337.68605856473215,911.0176164469246,412.57619673859125,42.5052443578869,1168.4076301812997,5.705311073660715,337.68605856473215,911.0176164469246,412.57619673859125,42.5052443578869
2026-02-15 08:00:00+00:00,1373.597875,0.0,415.27955000000003,1110.807025,486.8079,62.314125,1662.7427917046907,-1.6556330564440431,392.70456014428606,656.3156149168512,479.5292118017677,55.83536048112823,1168.4076301812997,5.705311073660715,337.68605856473215,911.0176164469246,412.57619673859125,42.5052443578869,1168.4076301812997,5.705311073660715,337.68605856473215,911.0176164469246,412.57619673859125,42.5052443578869
2026-02-15 09:00:00+00:00,1209.6687,0.0,415.040575,686.873075,458.55335,62.82915,1510.0556165477024,-1.5773561430640033,399.27399123177247,614.2333942410473,466.45364314333943,61.1359278933287,1168.4076301812997,5.705311073660715,337.68605856473215,911.0176164469246,412.57619673859125,42.5052443578869,1168.4076301812997,5.705311073660715,337.68605856473215,911.0176164469246,412.57619673859125,42.5052443578869
2026-02-15 10:00:00+00:00,1152.094525,0.0,412.528725,762.5069749999999,434.83389999999997,63.651250000000005,1311.0463547389456,-1.1884594851229666,380.4247868861944,597.8896184664715,449.9979245694216,56.090454768435904,1168.4076301812997,5.705311073660715,337.68605856473215,911.0176164469246,412.57619673859125,42.5052443578869,1168.4076301812997,5.705311073660715,337.68605856473215,911.0176164469246,412.57619673859125,42.5052443578869
2026-02-15 11:00:00+00:00,920.0581500000001,0.0,385.68615,650.999875,418.55125,62.54945,1207.802555829782,-2.4524660687391915,374.45365619858467,516.6995840004178,431.68522807798956,54.735066597663184,1168.4076301812997,5.705311073660715,337.68605856473215,911.0176164469246,412.57619673859125,42.5052443578869,1168.4076301812997,5.705311073660715,337.68605856473215,911.0176164469246,412.57619673859125,42.5052443578869
2026-02-15 12:00:00+00:00,886.2869,0.0,381.515,614.222075,418.14824999999996,61.851525,959.6709516290648,-1.67062244600577,364.8841763018451,573.8343115014382,425.0677132102321,56.50567854875858,1168.4076301812997,5.705311073660715,337.68605856473215,911.0176164469246,412.57619673859125,42.5052443578869,1168.4076301812997,5.705311073660715,337.68605856473215,911.0176164469246,412.57619673859125,42.5052443578869
2026-02-15 13:00:00+00:00,954.07525,0.0,381.3849,616.535025,429.0037,61.373275,912.7709263578461,-1.6495003201614011,366.5277758354457,571.0778137290765,434.2007825070445,54.32598204575252,1168.4076301812997,5.705311073660715,337.68605856473215,911.0176164469246,412.57619673859125,42.5052443578869,1168.4076301812997,5.705311073660715,337.68605856473215,911.0176164469246,412.57619673859125,42.5052443578869
2026-02-15 14:00:00+00:00,965.985825,0.0,406.816025,629.5056500000001,452.330175,61.132324999999994,1043.9463915360493,-0.7133730386306425,388.39490737986773,587.4517095412307,463.069395683091,56.07386535601933,1168.4076301812997,5.705311073660715,337.68605856473215,911.0176164469246,412.57619673859125,42.5052443578869,1168.4076301812997,5.705311073660715,337.68605856473215,911.0176164469246,412.57619673859125,42.5052443578869
2026-02-15 15:00:00+00:00,1077.354175,0.0,412.91405,663.581725,490.5097,60.733200000000004,1244.4339406526115,-0.5763707424503961,388.9143136970169,737.3679953672397,491.7101971335956,57.083123755801005,1168.4076301812997,5.705311073660715,337.68605856473215,911.0176164469246,412.57619673859125,42.5052443578869,1168.4076301812997,5.705311073660715,337.68605856473215,911.0176164469246,412.57619673859125,42.5052443578869
2026-02-15 16:00:00+00:00,1189.125125,0.0,413.5895,678.6823999999999,507.0829,62.773775,1400.1380080114593,-1.1773358839406223,385.1275222016645,932.407209322545,503.367187158336,54.604274719797196,1168.4076301812997,5.705311073660715,337.68605856473215,911.0176164469246,412.57619673859125,42.5052443578869,1168.4076301812997,5.705311073660715,337.68605856473215,911.0176164469246,412.57619673859125,42.5052443578869
2026-02-15 17:00:00+00:00,1380.353875,0.0,410.216175,817.4391999999999,507.909975,62.7898,1310.7810068328804,1.4872910854755705,366.44024898578306,994.5780329830776,502.29355018134754,50.99001257379501,1168.4076301812997,5.705311073660715,337.68605856473215,911.0176164469246,412.57619673859125,42.5052443578869,1168.4076301812997,5.705311073660715,337.68605856473215,911.0176164469246,412.57619673859125,42.5052443578869
2026-02-15 18:00:00+00:00,1248.06575,0.0,413.41769999999997,648.2013,497.13824999999997,62.792714583333336,1403.3356995389786,5.41541834085825,390.91292214933065,701.716316043898,496.94069879246916,52.16051592179129,1168.4076301812997,5.705311073660715,337.68605856473215,911.0176164469246,412.57619673859125,42.5052443578869,1168.4076301812997,5.705311073660715,337.68605856473215,911.0176164469246,412.57619673859125,42.5052443578869
2026-02-15 19:00:00+00:00,1394.991575,0.0,409.09125,652.3421999999999,481.292875,62.795629166666664,1438.0604040259818,4.7946660660260125,371.89356497652335,651.4512978754968,482.50223200870505,53.62088738080887,1168.4076301812997,5.705311073660715,337.68605856473215,911.0176164469246,412.57619673859125,42.5052443578869,1168.4076301812997,5.705311073660715,337.68605856473215,911.0176164469246,412.57619673859125,42.5052443578869
2026-02-15 20:00:00+00:00,1567.5781000000002,0.0,381.2821,668.8171,464.41395,62.79854375,1403.3775229674995,3.73016617011338,390.5733763594298,624.5763258612392,468.1092080550793,59.41922053139143,1168.4076301812997,5.705311073660715,337.68605856473215,911.0176164469246,412.57619673859125,42.5052443578869,1168.4076301812997,5.705311073660715,337.68605856473215,911.0176164469246,412.57619673859125,42.5052443578869
2026-02-15 21:00:00+00:00,1521.42445,0.0,381.21015,718.217325,449.594675,62.80145833333333,1682.7877252634134,4.270849974089404,392.6942727509332,570.3898698739238,450.46931718115957,62.362259036960495,1168.4076301812997,5.705311073660715,337.68605856473215,911.0176164469246,412.57619673859125,42.5052443578869,1168.4076301812997,5.705311073660715,337.68605856473215,911.0176164469246,412.57619673859125,42.5052443578869
2026-02-15 22:00:00+00:00,1488.905275,0.0,381.334375,656.125525,433.69695,62.804372916666665,1489.8418310373706,-2.852511945752701,387.7386103891531,556.6587745136719,440.0332354686472,61.15002998423316,1168.4076301812997,5.705311073660715,337.68605856473215,911.0176164469246,412.57619673859125,42.5052443578869,1168.4076301812997,5.705311073660715,337.68605856473215,911.0176164469246,412.57619673859125,42.5052443578869
2026-02-15 23:00:00+00:00,1331.7757000000001,0.0,381.4847,648.657575,423.30925,62.8072875,1485.9241800622128,-3.36785261669241,383.32106243677197,543.1561933390947,432.23169518644283,60.15975775573836,1168.4076301812997,5.705311073660715,337.68605856473215,911.0176164469246,412.57619673859125,42.5052443578869,1168.4076301812997,5.705311073660715,337.68605856473215,911.0176164469246,412.57619673859125,42.5052443578869
2026-02-16 00:00:00+00:00,984.713675,0.0,381.641775,615.4815,418.97885,62.81020208333333,1338.7944369067875,-3.050539580436096,386.2411463121629,534.1526062249695,415.9895566278966,62.40287983791754,1168.4076301812997,5.705311073660715,337.68605856473215,911.0176164469246,412.57619673859125,42.5052443578869,1168.4076301812997,5.705311073660715,337.68605856473215,911.0176164469246,412.57619673859125,42.5052443578869
2026-02-16 01:00:00+00:00,973.78865,0.0,381.64695,599.8836249999999,415.1037,62.813116666666666,1226.98481590812,-3.1933862495819643,383.84523267626764,552.4547067459778,417.48175688299415,60.63437548137196,1168.4076301812997,5.705311073660715,337.68605856473215,911.0176164469246,412.57619673859125,42.5052443578869,1168.4076301812997,5.705311073660715,337.68605856473215,911.0176164469246,412.57619673859125,42.5052443578869
2026-02-16 02:00:00+00:00,966.033775,0.0,381.632375,601.7509500000001,411.35474999999997,62.816031249999995,1196.7691937238,-3.0750941399203082,389.89345919040096,534.3939982040027,417.9466452310494,59.404524975384575,1168.4076301812997,5.705311073660715,337.68605856473215,911.0176164469246,412.57619673859125,42.5052443578869,1168.4076301812997,5.705311073660715,337.68605856473215,911.0176164469246,412.57619673859125,42.5052443578869
2026-02-16 03:00:00+00:00,986.8661,0.0,383.182,604.8299999999999,416.8137,62.81894583333333,1219.0253723311628,-2.304111427205326,393.1045056183937,581.4924291975763,418.2474233548724,60.18265585358792,1168.4076301812997,5.705311073660715,337.68605856473215,911.0176164469246,412.57619673859125,42.5052443578869,1168.4076301812997,5.705311073660715,337.68605856473215,911.0176164469246,412.57619673859125,42.5052443578869
2026-02-16 04:00:00+00:00,1204.6787,0.0,409.109675,610.611225,425.765225,62.82186041666666,1410.050204692856,-1.7341281777522237,387.7386794062081,546.057736822468,424.67492069914175,52.74065121758589,1168.4076301812997,5.705311073660715,337.68605856473215,911.0176164469246,412.57619673859125,42.5052443578869,1168.4076301812997,5.705311073660715,337.68605856473215,911.0176164469246,412.57619673859125,42.5052443578869
2026-02-16 05:00:00+00:00,1453.516925,0.0,411.05995,747.746425,448.3769,62.824774999999995,1820.6464830866457,14.519554253542989,424.73787534498194,719.3681999066819,453.6318259130279,56.701998284235884,1168.4076301812997,5.705311073660715,337.68605856473215,911.0176164469246,412.57619673859125,42.5052443578869,1168.4076301812997,5.705311073660715,337.68605856473215,911.0176164469246,412.57619673859125,42.5052443578869
2026-02-16 06:00:00+00:00,1527.862075,74.312725,411.313275,979.87005,470.307925,61.78895,1998.5787387985847,40.883592688054684,402.3430596204118,1138.855199769027,478.7752207400698,55.517244674628564,1168.4076301812997,5.705311073660715,337.68605856473215,911.0176164469246,412.57619673859125,42.5052443578869,1168.4076301812997,5.705311073660715,337.68605856473215,911.0176164469246,412.57619673859125,42.5052443578869
2026-02-16 07:00:00+00:00,1506.753025,171.54014999999998,410.672975,870.84025,488.254825,63.306125,1914.7284463543315,91.668475140388,399.19758044850266,976.0405224807315,483.06133362371384,60.51511240864368,1168.4076301812997,5.705311073660715,337.68605856473215,911.0176164469246,412.57619673859125,42.5052443578869,1168.4076301812997,5.705311073660715,337.68605856473215,911.0176164469246,412.57619673859125,42.5052443578869
2026-02-16 08:00:00+00:00,1509.2306250000001,168.481,412.42985,765.245975,471.7216,63.484975,1857.021433512161,82.38281874888898,400.8922077499095,972.5793403458902,475.6516577718083,62.91151729240405,1168.4076301812997,5.705311073660715,337.68605856473215,911.0176164469246,412.57619673859125,42.5052443578869,1168.4076301812997,5.705311073660715,337.68605856473215,911.0176164469246,412.57619673859125,42.5052443578869
2026-02-16 09:00:00+00:00,1492.9209,4.689825,412.172725,781.6494749999999,442.95117500000003,63.442542857142854,1706.5290758813235,15.409188238536697,409.0327670770604,783.0438141015229,452.60384826218205,58.878547146731535,1168.4076301812997,5.705311073660715,337.68605856473215,911.0176164469246,412.57619673859125,42.5052443578869,1168.4076301812997,5.705311073660715,337.68605856473215,911.0176164469246,412.57619673859125,42.5052443578869
2026-02-16 10:00:00+00:00,1418.08525,0.0,411.40045,973.51555,427.5582,63.40011071428572,1525.8948402152278,13.878976677284676,402.6398009471342,741.983141674626,437.1724108977045,60.05357914513063,1168.4076301812997,5.705311073660715,337.68605856473215,911.0176164469246,412.57619673859125,42.5052443578869,1168.4076301812997,5.705311073660715,337.68605856473215,911.0176164469246,412.57619673859125,42.5052443578869
2026-02-16 11:00:00+00:00,1518.406025,0.0,411.930725,1014.1842499999999,422.3009,63.35767857142857,1462.4330812528606,14.111756910722804,394.1642968326162,663.7313889233141,425.1306300835323,58.42422318328491,1168.4076301812997,5.705311073660715,337.68605856473215,911.0176164469246,412.57619673859125,42.5052443578869,1168.4076301812997,5.705311073660715,337.68605856473215,911.0176164469246,412.57619673859125,42.5052443578869
2026-02-16 12:00:00+00:00,1608.08855,0.0,410.908,895.0967249999999,418.106275,63.31524642857143,1694.186960629408,7.8699341174525195,404.7454635818664,702.4736554862321,430.19893330239876,60.223563401474046,1168.4076301812997,5.705311073660715,337.68605856473215,911.0176164469246,412.57619673859125,42.5052443578869,1168.4076301812997,5.705311073660715,337.68605856473215,911.0176164469246,412.57619673859125,42.5052443578869
2026-02-16 13:00:00+00:00,1598.73035,0.0,412.36835,918.7159,426.8547,63.27281428571428,2038.045122378003,3.3251774991899627,403.2154421323512,722.8425236792493,433.8937276020375,61.89315283989339,1168.4076301812997,5.705311073660715,337.68605856473215,911.0176164469246,412.57619673859125,42.5052443578869,1168.4076301812997,5.705311073660715,337.68605856473215,911.0176164469246,412.57619673859125,42.5052443578869
2026-02-16 14:00:00+00:00,1601.975175,0.0,412.52535,1119.128725,450.4001,63.230382142857145,2140.6145823983134,-0.02798396559059757,392.6004959338471,961.0569933803309,447.431826234401,60.58143993952725,1168.4076301812997,5.705311073660715,337.68605856473215,911.0176164469246,412.57619673859125,42.5052443578869,1168.4076301812997,5.705311073660715,337.68605856473215,911.0176164469246,412.57619673859125,42.5052443578869
2026-02-16 15:00:00+00:00,1599.0143,0.0,408.10405000000003,1163.174875,480.043775,63.18795,2128.816297735711,2.5014178903547823,384.10435529541405,1343.2940408346897,483.379490411903,59.66009438017035,1168.4076301812997,5.705311073660715,337.68605856473215,911.0176164469246,412.57619673859125,42.5052443578869,1168.4076301812997,5.705311073660715,337.68605856473215,911.0176164469246,412.57619673859125,42.5052443578869
2026-02-16 16:00:00+00:00,1709.852625,0.0,342.779025,1340.8798749999999,501.709975,62.191725,2205.3000633744896,5.25094441017984,379.6728480381895,1482.7356029485632,499.8560427811857,61.01996785949305,1168.4076301812997,5.705311073660715,337.68605856473215,911.0176164469246,412.57619673859125,42.5052443578869,1168.4076301812997,5.705311073660715,337.68605856473215,911.0176164469246,412.57619673859125,42.5052443578869
2026-02-16 17:00:00+00:00,1796.587575,0.0,343.82355,1314.2180999999998,507.311725,62.518564999999995,2282.1343215577963,9.49887430937159,394.63787674637314,1528.4879681672803,505.36759288039025,63.75340596078405,1168.4076301812997,5.705311073660715,337.68605856473215,911.0176164469246,412.57619673859125,42.5052443578869,1168.4076301812997,5.705311073660715,337.68605856473215,911.0176164469246,412.57619673859125,42.5052443578869
2026-02-16 18:00:00+00:00,1797.610475,0.0,368.48605,1281.3732,498.68442500000003,62.845405,2270.6656553977473,6.559547152869362,392.09036350517,1253.901422161728,496.92295404542335,64.70424804820935,1168.4076301812997,5.705311073660715,337.68605856473215,911.0176164469246,412.57619673859125,42.5052443578869,1168.4076301812997,5.705311073660715,337.68605856473215,911.0176164469246,412.57619673859125,42.5052443578869
2026-02-16 19:00:00+00:00,1797.651525,0.0,406.32315,1240.66185,483.108425,63.172245,2303.121295887497,-2.29446152214381,423.22356980106804,917.5510653124699,479.9373970311037,61.05724078032709,1168.4076301812997,5.705311073660715,337.68605856473215,911.0176164469246,412.57619673859125,42.5052443578869,1168.4076301812997,5.705311073660715,337.68605856473215,911.0176164469246,412.57619673859125,42.5052443578869
2026-02-16 20:00:00+00:00,1794.99145,0.0,414.279475,1321.08625,464.2552,63.499085,2375.8123812554945,2.6350268511420754,418.579702148081,861.8579877646298,464.49602477059057,59.24137287453543,1168.4076301812997,5.705311073660715,337.68605856473215,911.0176164469246,412.57619673859125,42.5052443578869,1168.4076301812997,5.705311073660715,337.68605856473215,911.0176164469246,412.57619673859125,42.5052443578869
2026-02-16 21:00:00+00:00,1837.534075,0.0,414.31585,1197.39785,447.02092500000003,63.825925,2265.9529076381305,0.6831967105803489,392.2425345096702,701.3562847003393,447.2493146734614,59.46719168480724,1168.4076301812997,5.705311073660715,337.68605856473215,911.0176164469246,412.57619673859125,42.5052443578869,1168.4076301812997,5.705311073660715,337.68605856473215,911.0176164469246,412.57619673859125,42.5052443578869
2026-02-16 22:00:00+00:00,1680.70845,0.0,414.36587499999996,886.8154750000001,429.840975,58.185925,1950.3961087205962,1.2421843925866458,390.4910593088035,583.7499688732538,436.3241724930053,58.855294642150284,1168.4076301812997,5.705311073660715,337.68605856473215,911.0176164469246,412.57619673859125,42.5052443578869,1168.4076301812997,5.705311073660715,337.68605856473215,911.0176164469246,412.57619673859125,42.5052443578869
2026-02-16 23:00:00+00:00,1591.58315,0.0,414.32305,747.520025,416.25245,57.969725,1823.053202863724,-0.34723659769438964,382.5837839175566,593.0718481539269,430.4092496336304,56.116844924320404,1168.4076301812997,5.705311073660715,337.68605856473215,911.0176164469246,412.57619673859125,42.5052443578869,1168.4076301812997,5.705311073660715,337.68605856473215,911.0176164469246,412.57619673859125,42.5052443578869
2026-02-17 00:00:00+00:00,1589.80085,0.0,414.38535,688.3808,410.96175,58.319725,1865.9674817664143,-0.12177836889513394,396.0576676754016,555.8401459577213,418.72754028208135,56.545989533551825,1168.4076301812997,5.705311073660715,337.68605856473215,911.0176164469246,412.57619673859125,42.5052443578869,1168.4076301812997,5.705311073660715,337.68605856473215,911.0176164469246,412.57619673859125,42.5052443578869
2026-02-17 01:00:00+00:00,1611.7677,0.0,414.332175,655.031025,410.21665,56.857974999999996,1677.4712383159126,1.2706333089911581,387.0687068376859,587.1080422051207,418.92729077503697,56.20993884500286,1168.4076301812997,5.705311073660715,337.68605856473215,911.0176164469246,412.57619673859125,42.5052443578869,1168.4076301812997,5.705311073660715,337.68605856473215,911.0176164469246,412.57619673859125,42.5052443578869
2026-02-17 02:00:00+00:00,1611.096425,0.0,414.4393,655.2359000000001,410.27774999999997,57.455125,1656.3535051500583,3.7016795546334693,402.3233680017829,612.0672287953298,417.20328935594665,57.97372161245356,1168.4076301812997,5.705311073660715,337.68605856473215,911.0176164469246,412.57619673859125,42.5052443578869,1168.4076301812997,5.705311073660715,337.68605856473215,911.0176164469246,412.57619673859125,42.5052443578869
2026-02-17 03:00:00+00:00,1624.943925,0.0,414.28515,657.21765,414.7084,59.72175,1800.8182348108337,0.7088347958126935,415.5682747320607,583.1436993918403,420.3495176991192,59.78637464972495,1168.4076301812997,5.705311073660715,337.68605856473215,911.0176164469246,412.57619673859125,42.5052443578869,1168.4076301812997,5.705311073660715,337.68605856473215,911.0176164469246,412.57619673859125,42.5052443578869
2026-02-17 04:00:00+00:00,1601.2379,0.0,414.37005,699.08835,429.44715,56.994749999999996,2023.5111671744367,0.8099053484227374,415.09650480678346,621.1121811287168,425.48174187451065,59.221340846201926,1168.4076301812997,5.705311073660715,337.68605856473215,911.0176164469246,412.57619673859125,42.5052443578869,1168.4076301812997,5.705311073660715,337.68605856473215,911.0176164469246,412.57619673859125,42.5052443578869
2026-02-17 05:00:00+00:00,1684.1785,0.0,413.971425,1006.4574250000001,456.7002,57.073225,2098.830450346372,1.8829929437036856,410.1578294818443,824.0562760026914,448.8123175505916,56.90004480742068,1168.4076301812997,5.705311073660715,337.68605856473215,911.0176164469246,412.57619673859125,42.5052443578869,1168.4076301812997,5.705311073660715,337.68605856473215,911.0176164469246,412.57619673859125,42.5052443578869
2026-02-17 06:00:00+00:00,1762.8554,0.0,413.7965,1146.8054,489.38515,57.0627,2195.0533175055843,0.6362284914314982,389.3560499277012,1280.6270868510062,481.4259764215806,55.66585176550383,1168.4076301812997,5.705311073660715,337.68605856473215,911.0176164469246,412.57619673859125,42.5052443578869,1168.4076301812997,5.705311073660715,337.68605856473215,911.0176164469246,412.57619673859125,42.5052443578869
2026-02-17 07:00:00+00:00,1766.6980250000001,0.0,413.6041,1587.2434,494.038025,60.674625,2177.4959667005264,0.7228769811896729,391.6768128383261,1528.7756800901648,486.2751259935069,61.15596413825429,1168.4076301812997,5.705311073660715,337.68605856473215,911.0176164469246,412.57619673859125,42.5052443578869,1168.4076301812997,5.705311073660715,337.68605856473215,911.0176164469246,412.57619673859125,42.5052443578869
2026-02-17 08:00:00+00:00,1764.982175,0.0,413.83015,1584.826475,484.22952499999997,60.982675,2157.14696140883,2.4463803328351417,396.3450127068746,1320.8495559903122,474.7012907504017,59.29862802573033,1168.4076301812997,5.705311073660715,337.68605856473215,911.0176164469246,412.57619673859125,42.5052443578869,1168.4076301812997,5.705311073660715,337.68605856473215,911.0176164469246,412.57619673859125,42.5052443578869
2026-02-17 09:00:00+00:00,1767.79765,0.0,412.318425,1240.87955,456.4289,63.200874999999996,2075.9146631379144,1.0067622905965754,405.37644431800106,1069.805666555193,455.9752068952997,63.818527174919396,1168.4076301812997,5.705311073660715,337.68605856473215,911.0176164469246,412.57619673859125,42.5052443578869,1168.4076301812997,5.705311073660715,337.68605856473215,911.0176164469246,412.57619673859125,42.5052443578869
2026-02-17 10:00:00+00:00,1758.404225,0.0,383.18467499999997,1180.8184999999999,430.031975,60.1061,2024.8847590518917,-1.0813425668146577,398.1070406449172,922.4698531758644,435.29492303868545,58.046094946284086,1168.4076301812997,5.705311073660715,337.68605856473215,911.0176164469246,412.57619673859125,42.5052443578869,1168.4076301812997,5.705311073660715,337.68605856473215,911.0176164469246,412.57619673859125,42.5052443578869
2026-02-17 11:00:00+00:00,1764.743925,0.0,381.010025,1128.033025,414.0435,58.582975,1933.944893512256,-1.4755615895416305,387.96751968695384,825.1800536118999,418.6910025400848,57.77827636968382,1168.4076301812997,5.705311073660715,337.68605856473215,911.0176164469246,412.57619673859125,42.5052443578869,1168.4076301812997,5.705311073660715,337.68605856473215,911.0176164469246,412.57619673859125,42.5052443578869
2026-02-17 12:00:00+00:00,1969.688375,0.0,381.1213,737.2096999999999,405.56442499999997,57.152125,2109.720029694679,-0.7981398157890842,389.65233759795825,758.7787331742034,422.54213537262626,57.729034759860184,1168.4076301812997,5.705311073660715,337.68605856473215,911.0176164469246,412.57619673859125,42.5052443578869,1168.4076301812997,5.705311073660715,337.68605856473215,911.0176164469246,412.57619673859125,42.5052443578869
2026-02-17 13:00:00+00:00,2110.7857750000003,0.0,400.7948,697.421025,407.5559,62.035025,2275.685475888298,4.398152067900371,377.47586214466054,776.4857380822286,427.7705076045072,56.49527641600914,1168.4076301812997,5.705311073660715,337.68605856473215,911.0176164469246,412.57619673859125,42.5052443578869,1168.4076301812997,5.705311073660715,337.68605856473215,911.0176164469246,412.57619673859125,42.5052443578869
2026-02-17 14:00:00+00:00,2216.08215,0.0,411.55465000000004,704.777825,430.1872,63.07055,2171.7326559068842,3.18152030982311,372.6870049569267,862.3788926204654,446.98314297988884,60.20423381894716,1168.4076301812997,5.705311073660715,337.68605856473215,911.0176164469246,412.57619673859125,42.5052443578869,1168.4076301812997,5.705311073660715,337.68605856473215,911.0176164469246,412.57619673859125,42.5052443578869
2026-02-17 15:00:00+00:00,2323.671575,0.0,434.563125,1127.627025,466.568375,63.445625,2230.330014238238,-4.0985363061868,398.606615852984,1123.7891131324902,481.77524419130975,59.71096572903611,1168.4076301812997,5.705311073660715,337.68605856473215,911.0176164469246,412.57619673859125,42.5052443578869,1168.4076301812997,5.705311073660715,337.68605856473215,911.0176164469246,412.57619673859125,42.5052443578869
2026-02-17 16:00:00+00:00,2511.474725,0.0,443.34317500000003,1833.184475,496.25015,61.9142,2268.4201337238374,-0.38490588882178134,405.31372792910474,1624.9804869422696,500.51807471271434,57.48778228065585,1168.4076301812997,5.705311073660715,337.68605856473215,911.0176164469246,412.57619673859125,42.5052443578869,1168.4076301812997,5.705311073660715,337.68605856473215,911.0176164469246,412.57619673859125,42.5052443578869
2026-02-17 17:00:00+00:00,2635.108575,0.0,443.35472500000003,1484.757,501.50687500000004,62.220543750000004,2421.6474334554114,-4.551290284139752,418.980230968125,1566.2940675631514,505.86903008759134,61.9683018022389,1168.4076301812997,5.705311073660715,337.68605856473215,911.0176164469246,412.57619673859125,42.5052443578869,1168.4076301812997,5.705311073660715,337.68605856473215,911.0176164469246,412.57619673859125,42.5052443578869
2026-02-17 18:00:00+00:00,2661.31225,0.0,430.64595,1240.2899499999999,495.67449999999997,62.5268875,2467.7349298290865,-1.5617290092703664,430.8807466372592,1228.364170661158,498.2803775959896,65.21341822404852,1168.4076301812997,5.705311073660715,337.68605856473215,911.0176164469246,412.57619673859125,42.5052443578869,1168.4076301812997,5.705311073660715,337.68605856473215,911.0176164469246,412.57619673859125,42.5052443578869
2026-02-17 19:00:00+00:00,2675.406775,0.0,413.973025,1129.5760500000001,479.45795,62.83323125,2582.4544817112624,-0.6206169266021382,411.02389055417564,1068.8286897705566,482.9899622035643,61.46447967134055,1168.4076301812997,5.705311073660715,337.68605856473215,911.0176164469246,412.57619673859125,42.5052443578869,1168.4076301812997,5.705311073660715,337.68605856473215,911.0176164469246,412.57619673859125,42.5052443578869
2026-02-17 20:00:00+00:00,2510.787525,0.0,413.999575,817.5970500000001,461.412275,63.139575,2436.8969115842165,2.762932174940164,402.0854509797615,792.54460215426,463.0549326030008,60.14146334057416,1168.4076301812997,5.705311073660715,337.68605856473215,911.0176164469246,412.57619673859125,42.5052443578869,1168.4076301812997,5.705311073660715,337.68605856473215,911.0176164469246,412.57619673859125,42.5052443578869
2026-02-17 21:00:00+00:00,1994.517875,0.0,414.11295,912.5448500000001,444.442225,62.56445,2255.3612098198228,-0.1592678634879423,402.75864136413816,730.2712417288835,444.9102309532556,60.904361251210645,1168.4076301812997,5.705311073660715,337.68605856473215,911.0176164469246,412.57619673859125,42.5052443578869,1168.4076301812997,5.705311073660715,337.68605856473215,911.0176164469246,412.57619673859125,42.5052443578869
2026-02-17 22:00:00+00:00,2006.972725,0.0,414.296975,704.2946499999999,430.64925,61.989325,2102.1416754159864,0.948745582665631,392.13011438915316,569.9179625257889,437.20221102918566,54.77044751818963,1168.4076301812997,5.705311073660715,337.68605856473215,911.0176164469246,412.57619673859125,42.5052443578869,1168.4076301812997,5.705311073660715,337.68605856473215,911.0176164469246,412.57619673859125,42.5052443578869
2026-02-17 23:00:00+00:00,2061.31335,0.0,412.6535,680.53185,422.5442,61.4142,2123.7022084551527,0.46954602158197023,397.59711808961015,563.8774796778214,428.382882616177,57.60723572491843,1168.4076301812997,5.705311073660715,337.68605856473215,911.0176164469246,412.57619673859125,42.5052443578869,1168.4076301812997,5.705311073660715,337.68605856473215,911.0176164469246,412.57619673859125,42.5052443578869
2026-02-18 00:00:00+00:00,1925.6923,0.0,413.40115000000003,726.78565,415.04595,60.839075,2043.5519070522369,0.7244320005498732,385.94370430989767,550.0502040697253,415.8054982048718,58.58630997269617,1168.4076301812997,5.705311073660715,337.68605856473215,911.0176164469246,412.57619673859125,42.5052443578869,1168.4076301812997,5.705311073660715,337.68605856473215,911.0176164469246,412.57619673859125,42.5052443578869
2026-02-18 01:00:00+00:00,1768.86335,0.0,413.370775,730.5464999999999,409.01465,59.52005,2021.592830210986,0.8210134618835401,394.08015416317227,551.53202069908,414.87682614263343,58.236501776274636,1168.4076301812997,5.705311073660715,337.68605856473215,911.0176164469246,412.57619673859125,42.5052443578869,1168.4076301812997,5.705311073660715,337.68605856473215,911.0176164469246,412.57619673859125,42.5052443578869
2026-02-18 02:00:00+00:00,1679.4125749999998,0.0,413.77437499999996,768.2326,405.29995,58.53375,2144.0656357134644,1.0419300928869903,397.73734671871784,556.1955607828836,414.07938706021565,54.964520067964635,1168.4076301812997,5.705311073660715,337.68605856473215,911.0176164469246,412.57619673859125,42.5052443578869,1168.4076301812997,5.705311073660715,337.68605856473215,911.0176164469246,412.57619673859125,42.5052443578869
2026-02-18 03:00:00+00:00,1926.0125,0.0,414.2685,702.0013749999999,407.518375,56.598425,2403.555941061335,0.7227677277792335,406.63914817650084,568.9176782800603,421.3843076675948,51.73261857282273,1168.4076301812997,5.705311073660715,337.68605856473215,911.0176164469246,412.57619673859125,42.5052443578869,1168.4076301812997,5.705311073660715,337.68605856473215,911.0176164469246,412.57619673859125,42.5052443578869
2026-02-18 04:00:00+00:00,2327.9969,0.0,414.95185,789.0838249999999,419.87192500000003,58.599525,2580.448808391755,1.355583164923856,407.2727487877759,598.1663680250846,425.2562562549732,51.52433148374536,1168.4076301812997,5.705311073660715,337.68605856473215,911.0176164469246,412.57619673859125,42.5052443578869,1168.4076301812997,5.705311073660715,337.68605856473215,911.0176164469246,412.57619673859125,42.5052443578869
2026-02-18 05:00:00+00:00,2657.4611999999997,0.0,414.78605,1151.780975,448.41740000000004,56.557775,2623.426085605941,1.0360204932257293,414.6961048560813,988.1537881260174,448.7475930258101,51.49321187669847,1168.4076301812997,5.705311073660715,337.68605856473215,911.0176164469246,412.57619673859125,42.5052443578869,1168.4076301812997,5.705311073660715,337.68605856473215,911.0176164469246,412.57619673859125,42.5052443578869
2026-02-18 06:00:00+00:00,2652.4242750000003,0.0,414.71342500000003,1624.14545,472.9232,59.2802,2613.973538864363,-0.37027461380018245,419.0155285656002,1829.660736065117,475.84356696671614,48.257195229557176,1168.4076301812997,5.705311073660715,337.68605856473215,911.0176164469246,412.57619673859125,42.5052443578869,1168.4076301812997,5.705311073660715,337.68605856473215,911.0176164469246,412.57619673859125,42.5052443578869
2026-02-18 07:00:00+00:00,2650.667925,0.0,414.583175,1474.4344,479.76189999999997,58.1208,2734.380168934751,-1.8393198242922182,438.7251488800661,1762.6025065182491,485.85694345702734,50.239216976870125,1168.4076301812997,5.705311073660715,337.68605856473215,911.0176164469246,412.57619673859125,42.5052443578869,1168.4076301812997,5.705311073660715,337.68605856473215,911.0176164469246,412.57619673859125,42.5052443578869
2026-02-18 08:00:00+00:00,2671.572925,0.0,414.30795,1531.160875,464.112625,60.324375,2638.0338411412713,-2.7472732178744668,428.55763736977354,1648.470267260244,476.30738739737615,49.86908519751632,1168.4076301812997,5.705311073660715,337.68605856473215,911.0176164469246,412.57619673859125,42.5052443578869,1168.4076301812997,5.705311073660715,337.68605856473215,911.0176164469246,412.57619673859125,42.5052443578869
2026-02-18 09:00:00+00:00,2675.7144749999998,0.0,413.77907500000003,1256.569725,434.39475,61.65795000000001,2727.501095802898,3.710630766141201,427.99494446242045,1327.8233494181982,458.52376831267827,47.3177547939374,1168.4076301812997,5.705311073660715,337.68605856473215,911.0176164469246,412.57619673859125,42.5052443578869,1168.4076301812997,5.705311073660715,337.68605856473215,911.0176164469246,412.57619673859125,42.5052443578869
2026-02-18 10:00:00+00:00,2415.753675,0.0,410.397275,870.491175,414.2023,61.0756,2639.213990333845,-5.3243892484248505,397.35773669066583,923.0688703337968,434.92735067761424,52.551385276844385,1168.4076301812997,5.705311073660715,337.68605856473215,911.0176164469246,412.57619673859125,42.5052443578869,1168.4076301812997,5.705311073660715,337.68605856473215,911.0176164469246,412.57619673859125,42.5052443578869
2026-02-18 11:00:00+00:00,1824.27025,0.0,409.355,744.43915,402.754775,62.7314,2345.2061022409057,1.8670873527252643,396.4916555714216,749.6387433901258,423.514209738216,60.04352344180921,1168.4076301812997,5.705311073660715,337.68605856473215,911.0176164469246,412.57619673859125,42.5052443578869,1168.4076301812997,5.705311073660715,337.68605856473215,911.0176164469246,412.57619673859125,42.5052443578869
2026-02-18 12:00:00+00:00,1787.621075,0.0,416.332425,660.9111749999998,393.899675,62.85056388888889,2264.6348095155954,-2.1396232253128717,398.25595054946905,692.8082963002582,414.0889762581692,54.312773099040555,1168.4076301812997,5.705311073660715,337.68605856473215,911.0176164469246,412.57619673859125,42.5052443578869,1168.4076301812997,5.705311073660715,337.68605856473215,911.0176164469246,412.57619673859125,42.5052443578869
2026-02-18 13:00:00+00:00,1798.81145,0.0,417.1675,637.3066249999999,392.78135,62.96972777777778,2189.629980789436,-1.9157320349094542,403.9263466699265,855.5533344910832,422.2882219094015,53.657580559371794,1168.4076301812997,5.705311073660715,337.68605856473215,911.0176164469246,412.57619673859125,42.5052443578869,1168.4076301812997,5.705311073660715,337.68605856473215,911.0176164469246,412.57619673859125,42.5052443578869
2026-02-18 14:00:00+00:00,2077.1916499999998,0.0,429.712175,642.5779000000001,413.409175,63.08889166666667,2304.850221022045,-1.0079582846003632,405.316913846964,955.2065086483639,437.26685469261133,54.14813257113592,1168.4076301812997,5.705311073660715,337.68605856473215,911.0176164469246,412.57619673859125,42.5052443578869,1168.4076301812997,5.705311073660715,337.68605856473215,911.0176164469246,412.57619673859125,42.5052443578869
2026-02-18 15:00:00+00:00,2515.6725,0.0,426.884425,1629.57575,454.89369999999997,63.20805555555555,2404.8900842888493,-3.2556784206898683,399.7018603001785,1647.4311382120145,472.13679138969997,56.711199677881105,1168.4076301812997,5.705311073660715,337.68605856473215,911.0176164469246,412.57619673859125,42.5052443578869,1168.4076301812997,5.705311073660715,337.68605856473215,911.0176164469246,412.57619673859125,42.5052443578869
2026-02-18 16:00:00+00:00,2660.010925,0.0,413.58625,2169.9763749999997,493.401425,63.327219444444445,2448.092922135432,5.04485151689601,407.358692487938,1811.7906769310716,495.1357197283162,62.4683179304828,1168.4076301812997,5.705311073660715,337.68605856473215,911.0176164469246,412.57619673859125,42.5052443578869,1168.4076301812997,5.705311073660715,337.68605856473215,911.0176164469246,412.57619673859125,42.5052443578869
2026-02-18 17:00:00+00:00,2676.722425,0.0,413.4837,2040.2075,499.6745,63.44638333333333,2482.230010232295,-1.9393100716226623,426.34255562270505,1796.0694728758103,500.5376307257059,62.494363922610106,1168.4076301812997,5.705311073660715,337.68605856473215,911.0176164469246,412.57619673859125,42.5052443578869,1168.4076301812997,5.705311073660715,337.68605856473215,911.0176164469246,412.57619673859125,42.5052443578869
2026-02-18 18:00:00+00:00,2546.435,0.0,413.655325,1469.43735,498.08797500000003,63.56554722222222,2465.146582052424,0.5402431361945803,417.60998945482544,1394.8757878630831,492.9643835800923,62.47998726391115,1168.4076301812997,5.705311073660715,337.68605856473215,911.0176164469246,412.57619673859125,42.5052443578869,1168.4076301812997,5.705311073660715,337.68605856473215,911.0176164469246,412.57619673859125,42.5052443578869
2026-02-18 19:00:00+00:00,1991.044325,0.0,413.67445,759.2400250000001,482.259225,63.684711111111106,2225.3388838226792,-5.809625780453622,417.7305275524743,886.2087316268627,481.12438557441965,61.23885008988724,1168.4076301812997,5.705311073660715,337.68605856473215,911.0176164469246,412.57619673859125,42.5052443578869,1168.4076301812997,5.705311073660715,337.68605856473215,911.0176164469246,412.57619673859125,42.5052443578869
2026-02-18 20:00:00+00:00,1735.689875,0.0,413.8791,789.190475,461.5564,63.803875,2146.594741904354,1.5655477469538148,410.1398043531167,797.2133371395106,469.31068084412277,62.70265997894621,1168.4076301812997,5.705311073660715,337.68605856473215,911.0176164469246,412.57619673859125,42.5052443578869,1168.4076301812997,5.705311073660715,337.68605856473215,911.0176164469246,412.57619673859125,42.5052443578869
2026-02-18 21:00:00+00:00,1633.3177,0.0,414.0732,804.436725,445.67615,60.04265,1963.6810519399442,4.5196525198161295,400.77253456396164,685.5360441779635,450.73599039854105,59.73512715916125,1168.4076301812997,5.705311073660715,337.68605856473215,911.0176164469246,412.57619673859125,42.5052443578869,1168.4076301812997,5.705311073660715,337.68605856473215,911.0176164469246,412.57619673859125,42.5052443578869
2026-02-18 22:00:00+00:00,1429.904375,0.0,414.07825,661.644525,429.86355000000003,60.696975,1756.5062893979161,0.22241693842584187,404.45579347544174,635.673153824715,435.8132395277623,58.93830052546785,1168.4076301812997,5.705311073660715,337.68605856473215,911.0176164469246,412.57619673859125,42.5052443578869,1168.4076301812997,5.705311073660715,337.68605856473215,911.0176164469246,412.57619673859125,42.5052443578869
2026-02-18 23:00:00+00:00,1470.638375,0.0,414.09792500000003,708.0329750000001,419.25275,62.13915,1751.6157373783153,-0.8490891111116285,406.8422175497711,567.6082238472356,426.2602248828271,60.757686999545726,1168.4076301812997,5.705311073660715,337.68605856473215,911.0176164469246,412.57619673859125,42.5052443578869,1168.4076301812997,5.705311073660715,337.68605856473215,911.0176164469246,412.57619673859125,42.5052443578869
2026-02-19 00:00:00+00:00,1704.185,0.0,414.21965,694.68565,413.381575,61.075625,1703.0931365461022,-1.1899096323233582,404.2308383786202,634.7474244741966,415.0642250817907,60.89513068046003,1168.4076301812997,5.705311073660715,337.68605856473215,911.0176164469246,412.57619673859125,42.5052443578869,1168.4076301812997,5.705311073660715,337.68605856473215,911.0176164469246,412.57619673859125,42.5052443578869
2026-02-19 01:00:00+00:00,1875.570075,0.0,414.291075,670.0036499999999,407.276575,58.313825,1667.9777719875608,0.28883304580852887,414.7430019912315,577.5450727408852,413.22139060132884,59.879995792690536,1168.4076301812997,5.705311073660715,337.68605856473215,911.0176164469246,412.57619673859125,42.5052443578869,1168.4076301812997,5.705311073660715,337.68605856473215,911.0176164469246,412.57619673859125,42.5052443578869
2026-02-19 02:00:00+00:00,1894.697425,0.0,413.698775,653.0335,410.06725,57.247875,1714.2651297059306,-0.6175444934033694,407.3522375093445,588.0022798536222,415.1965106327173,59.85176148868152,1168.4076301812997,5.705311073660715,337.68605856473215,911.0176164469246,412.57619673859125,42.5052443578869,1168.4076301812997,5.705311073660715,337.68605856473215,911.0176164469246,412.57619673859125,42.5052443578869
2026-02-19 03:00:00+00:00,1774.3056,0.0,411.431275,652.581925,416.474925,58.7498,1623.0669103961602,0.41851945299849724,415.6962617274462,578.8972331052734,422.88115910989035,58.095246113829546,1168.4076301812997,5.705311073660715,337.68605856473215,911.0176164469246,412.57619673859125,42.5052443578869,1168.4076301812997,5.705311073660715,337.68605856473215,911.0176164469246,412.57619673859125,42.5052443578869
2026-02-19 04:00:00+00:00,1497.668175,0.0,414.187,703.904875,427.81305000000003,58.924225,1741.3656832910424,3.450113910670392,412.5538772550885,584.6644267462816,431.78446573743145,60.79289619846567,1168.4076301812997,5.705311073660715,337.68605856473215,911.0176164469246,412.57619673859125,42.5052443578869,1168.4076301812997,5.705311073660715,337.68605856473215,911.0176164469246,412.57619673859125,42.5052443578869
2026-02-19 05:00:00+00:00,1421.138275,0.0,412.51225,824.0259249999999,457.172225,56.171575,1573.116623840351,2.298410878969551,402.2853038071626,819.2193320180787,456.2132485354231,58.948555854017044,1168.4076301812997,5.705311073660715,337.68605856473215,911.0176164469246,412.57619673859125,42.5052443578869,1168.4076301812997,5.705311073660715,337.68605856473215,911.0176164469246,412.57619673859125,42.5052443578869
2026-02-19 06:00:00+00:00,1538.646825,0.0,409.30715,712.386175,485.63925,56.956064999999995,1649.47625380212,3.6321110352835926,391.7594038608363,954.4939089635404,484.28679494748246,59.2722490378149,1168.4076301812997,5.705311073660715,337.68605856473215,911.0176164469246,412.57619673859125,42.5052443578869,1168.4076301812997,5.705311073660715,337.68605856473215,911.0176164469246,412.57619673859125,42.5052443578869
2026-02-19 07:00:00+00:00,1586.934375,0.0,412.76075000000003,906.0375750000002,492.191725,57.740555,1826.8882062319935,2.796942108325017,409.0152658287889,1020.0395491901686,490.0334768491066,58.592097526165276,1168.4076301812997,5.705311073660715,337.68605856473215,911.0176164469246,412.57619673859125,42.5052443578869,1168.4076301812997,5.705311073660715,337.68605856473215,911.0176164469246,412.57619673859125,42.5052443578869
2026-02-19 08:00:00+00:00,1722.3541,0.0,413.4095,1008.4771249999999,484.1361,58.525045,1975.3207744226079,1.5805620694667404,418.83066945037547,1060.5441745664007,482.4581162878906,59.44010331638419,1168.4076301812997,5.705311073660715,337.68605856473215,911.0176164469246,412.57619673859125,42.5052443578869,1168.4076301812997,5.705311073660715,337.68605856473215,911.0176164469246,412.57619673859125,42.5052443578869
2026-02-19 09:00:00+00:00,1807.05635,0.0,418.780425,1117.9524749999998,456.8093,59.309535,1920.5202415960514,-0.17742943963361224,420.7496038185712,1014.2640769685516,468.0976400302004,60.97284867981328,1168.4076301812997,5.705311073660715,337.68605856473215,911.0176164469246,412.57619673859125,42.5052443578869,1168.4076301812997,5.705311073660715,337.68605856473215,911.0176164469246,412.57619673859125,42.5052443578869
2026-02-19 10:00:00+00:00,1870.9994,0.0,444.45205,773.39025,432.084925,60.094025,1978.0534938774651,-3.603093628891683,421.7584086344743,909.830431537162,442.1946335480532,61.104603264814365,1168.4076301812997,5.705311073660715,337.68605856473215,911.0176164469246,412.57619673859125,42.5052443578869,1168.4076301812997,5.705311073660715,337.68605856473215,911.0176164469246,412.57619673859125,42.5052443578869
2026-02-19 11:00:00+00:00,1982.6088750000001,0.0,413.58875,843.56035,422.03715,60.878515,2125.736848230203,2.607102700961282,400.3854705489171,840.9027405140728,431.33756251062135,53.78046983415869,1168.4076301812997,5.705311073660715,337.68605856473215,911.0176164469246,412.57619673859125,42.5052443578869,1168.4076301812997,5.705311073660715,337.68605856473215,911.0176164469246,412.57619673859125,42.5052443578869
2026-02-19 12:00:00+00:00,1911.996475,0.0,410.802325,691.0137250000001,416.97125,61.663005,2074.424379790284,-4.063069511067022,414.02595358803484,846.2697339046505,428.44673073703706,56.00973806371872,1168.4076301812997,5.705311073660715,337.68605856473215,911.0176164469246,412.57619673859125,42.5052443578869,1168.4076301812997,5.705311073660715,337.68605856473215,911.0176164469246,412.57619673859125,42.5052443578869
2026-02-19 13:00:00+00:00,1682.17765,0.0,415.85647500000005,818.02145,420.8772,62.447494999999996,1889.5264777776804,-2.782031762058608,399.05461522692417,890.5169237424242,435.8277933370601,55.90568220115365,1168.4076301812997,5.705311073660715,337.68605856473215,911.0176164469246,412.57619673859125,42.5052443578869,1168.4076301812997,5.705311073660715,337.68605856473215,911.0176164469246,412.57619673859125,42.5052443578869
2026-02-19 14:00:00+00:00,1473.8934,0.0,430.21837500000004,1065.657275,435.610225,63.231985,1710.4998336835097,-2.0325847790358997,405.21914338168267,954.6902322937224,445.4035131917631,58.768762652457056,1168.4076301812997,5.705311073660715,337.68605856473215,911.0176164469246,412.57619673859125,42.5052443578869,1168.4076301812997,5.705311073660715,337.68605856473215,911.0176164469246,412.57619673859125,42.5052443578869
2026-02-19 15:00:00+00:00,1322.22885,0.0,438.55600000000004,1175.77355,475.041925,64.016475,1891.0071594567758,-4.3895204552071885,404.41570983098404,1061.5409882733409,486.00889052557034,62.94291200468362,1168.4076301812997,5.705311073660715,337.68605856473215,911.0176164469246,412.57619673859125,42.5052443578869,1168.4076301812997,5.705311073660715,337.68605856473215,911.0176164469246,412.57619673859125,42.5052443578869
2026-02-19 16:00:00+00:00,1631.78455,0.0,413.45797500000003,1580.185525,509.88592500000004,63.710375,2171.437872315953,-0.5201165074959659,408.61684223692913,1311.7648670953706,506.74590466047874,61.345679691653324,1168.4076301812997,5.705311073660715,337.68605856473215,911.0176164469246,412.57619673859125,42.5052443578869,1168.4076301812997,5.705311073660715,337.68605856473215,911.0176164469246,412.57619673859125,42.5052443578869
2026-02-19 17:00:00+00:00,1780.4608,0.0,413.51895,1410.93235,515.9404,63.5281875,2117.0323501750386,4.877537544036131,412.2253729274137,1279.6115975055877,510.33754439009493,61.63161906529934,1168.4076301812997,5.705311073660715,337.68605856473215,911.0176164469246,412.57619673859125,42.5052443578869,1168.4076301812997,5.705311073660715,337.68605856473215,911.0176164469246,412.57619673859125,42.5052443578869
2026-02-19 18:00:00+00:00,1782.752825,0.0,420.157575,971.82725,508.695075,63.346000000000004,1946.6050224137853,-5.413616163560782,420.86668942249605,913.8011620246128,503.48275947299464,59.780156296398964,1168.4076301812997,5.705311073660715,337.68605856473215,911.0176164469246,412.57619673859125,42.5052443578869,1168.4076301812997,5.705311073660715,337.68605856473215,911.0176164469246,412.57619673859125,42.5052443578869
2026-02-19 19:00:00+00:00,1764.7354500000001,0.0,435.74775,846.7405,488.0684,61.07955,1838.8815503041114,-5.4744898458886695,427.01325947885067,790.6056931538105,483.7028655856507,60.74160611278698,1168.4076301812997,5.705311073660715,337.68605856473215,911.0176164469246,412.57619673859125,42.5052443578869,1168.4076301812997,5.705311073660715,337.68605856473215,911.0176164469246,412.57619673859125,42.5052443578869
2026-02-19 20:00:00+00:00,1636.71765,0.0,441.8973,750.933,463.7827,60.496399999999994,1766.1305728676928,-1.5391763933006972,421.0087159252289,720.3024264062875,467.6069157569799,59.314130510694454,1168.4076301812997,5.705311073660715,337.68605856473215,911.0176164469246,412.57619673859125,42.5052443578869,1168.4076301812997,5.705311073660715,337.68605856473215,911.0176164469246,412.57619673859125,42.5052443578869
2026-02-19 21:00:00+00:00,1595.05555,0.0,442.0077,813.492175,448.969725,62.324725,1653.2113691890443,0.25233156941379686,420.06414622465707,711.4734751669423,451.4560789543499,60.13807332549331,1168.4076301812997,5.705311073660715,337.68605856473215,911.0176164469246,412.57619673859125,42.5052443578869,1168.4076301812997,5.705311073660715,337.68605856473215,911.0176164469246,412.57619673859125,42.5052443578869
2026-02-19 22:00:00+00:00,1257.415275,0.0,443.217325,834.2396,433.13259999999997,58.735924999999995,1460.5751120934224,-0.4859214552453901,416.4332754733242,634.2715666558076,438.3842340712046,60.817274589594064,1168.4076301812997,5.705311073660715,337.68605856473215,911.0176164469246,412.57619673859125,42.5052443578869,1168.4076301812997,5.705311073660715,337.68605856473215,911.0176164469246,412.57619673859125,42.5052443578869
2026-02-19 23:00:00+00:00,940.124875,0.0,444.659675,727.921525,420.420875,55.188525,1555.3472423148755,-1.2115629070497294,418.80358926986713,610.8284852495923,426.1899237924621,54.56564230053227,1168.4076301812997,5.705311073660715,337.68605856473215,911.0176164469246,412.57619673859125,42.5052443578869,1168.4076301812997,5.705311073660715,337.68605856473215,911.0176164469246,412.57619673859125,42.5052443578869
2026-02-20 00:00:00+00:00,930.268325,0.0,443.632125,807.0518500000001,412.68245,61.0905,1378.1820745418813,-1.3407946657863903,406.7577506155341,626.3478539199059,417.1168955261323,57.26059567636091,1168.4076301812997,5.705311073660715,337.68605856473215,911.0176164469246,412.57619673859125,42.5052443578869,1168.4076301812997,5.705311073660715,337.68605856473215,911.0176164469246,412.57619673859125,42.5052443578869
2026-02-20 01:00:00+00:00,931.774375,0.0,444.768475,711.90335,405.988675,64.19095,1443.5182542797584,-1.5955951586818022,410.73612391857057,575.1408623840879,416.19112117061906,58.04194424906854,1168.4076301812997,5.705311073660715,337.68605856473215,911.0176164469246,412.57619673859125,42.5052443578869,1168.4076301812997,5.705311073660715,337.68605856473215,911.0176164469246,412.57619673859125,42.5052443578869
2026-02-20 02:00:00+00:00,933.894225,0.0,421.189075,667.67465,409.600225,63.0692,1352.1135508865348,-1.6181910797460146,406.51855973092233,578.7068028532591,413.4593742407299,59.79387543857797,1168.4076301812997,5.705311073660715,337.68605856473215,911.0176164469246,412.57619673859125,42.5052443578869,1168.4076301812997,5.705311073660715,337.68605856473215,911.0176164469246,412.57619673859125,42.5052443578869
2026-02-20 03:00:00+00:00,956.3567,0.0,412.260225,696.4313500000001,411.804225,59.156675,1565.9656836488944,-2.069723136651482,410.39315713338476,592.0768990348804,423.8663122472297,57.516771453600825,1168.4076301812997,5.705311073660715,337.68605856473215,911.0176164469246,412.57619673859125,42.5052443578869,1168.4076301812997,5.705311073660715,337.68605856473215,911.0176164469246,412.57619673859125,42.5052443578869
2026-02-20 04:00:00+00:00,1133.237475,0.0,409.924,708.419525,428.65795,57.8163,1657.8835568800873,1.749057256901514,408.54214577839906,558.204510869483,435.4577147536544,60.495057264402604,1168.4076301812997,5.705311073660715,337.68605856473215,911.0176164469246,412.57619673859125,42.5052443578869,1168.4076301812997,5.705311073660715,337.68605856473215,911.0176164469246,412.57619673859125,42.5052443578869
2026-02-20 05:00:00+00:00,1647.037425,0.0,412.25895,828.31205,459.90794999999997,56.2153,1950.413224024178,5.842630367849223,408.5801817075257,810.1944060129449,459.46010441387915,55.5072273264696,1168.4076301812997,5.705311073660715,337.68605856473215,911.0176164469246,412.57619673859125,42.5052443578869,1168.4076301812997,5.705311073660715,337.68605856473215,911.0176164469246,412.57619673859125,42.5052443578869
2026-02-20 06:00:00+00:00,1640.890725,0.0,428.832625,1044.64445,496.564475,58.6151,2119.115720581583,17.285307482972236,427.70937744386276,1151.3615326478296,489.6668205880408,55.1923771675067,1168.4076301812997,5.705311073660715,337.68605856473215,911.0176164469246,412.57619673859125,42.5052443578869,1168.4076301812997,5.705311073660715,337.68605856473215,911.0176164469246,412.57619673859125,42.5052443578869
2026-02-20 07:00:00+00:00,1590.016625,0.0,446.021475,1537.6902,497.524475,61.379999999999995,2259.707389586169,9.200710605416248,433.5718116029034,1152.2473075470198,495.48383216069897,56.087591367098234,1168.4076301812997,5.705311073660715,337.68605856473215,911.0176164469246,412.57619673859125,42.5052443578869,1168.4076301812997,5.705311073660715,337.68605856473215,911.0176164469246,412.57619673859125,42.5052443578869
2026-02-20 08:00:00+00:00,1544.784725,0.0,446.00425,1105.5792749999998,487.830375,62.211475,2209.623898505909,-2.9925607871963464,437.0974561346566,1111.5121729970836,491.37315920276416,57.13127668574715,1168.4076301812997,5.705311073660715,337.68605856473215,911.0176164469246,412.57619673859125,42.5052443578869,1168.4076301812997,5.705311073660715,337.68605856473215,911.0176164469246,412.57619673859125,42.5052443578869
2026-02-20 09:00:00+00:00,1612.2571,0.0,445.2586,1140.04905,456.8957,62.846716666666666,2138.392017832285,-2.9220019925141063,431.97517611534977,1004.9792924968875,470.1877018603306,59.59525391444875,1168.4076301812997,5.705311073660715,337.68605856473215,911.0176164469246,412.57619673859125,42.5052443578869,1168.4076301812997,5.705311073660715,337.68605856473215,911.0176164469246,412.57619673859125,42.5052443578869
2026-02-20 10:00:00+00:00,1801.01685,0.0,444.956825,972.19865,427.60975,63.48195833333333,2127.272493899729,0.02701376253950727,437.62462790895154,908.7078043879266,447.62678973207284,60.90405232587261,1168.4076301812997,5.705311073660715,337.68605856473215,911.0176164469246,412.57619673859125,42.5052443578869,1168.4076301812997,5.705311073660715,337.68605856473215,911.0176164469246,412.57619673859125,42.5052443578869
2026-02-20 11:00:00+00:00,1800.793825,0.0,441.47625,1269.8964500000002,416.134975,64.1172,2200.6618059597386,0.06737661526545846,408.55504599894033,794.440240951389,431.94887032760846,60.20188285305384,1168.4076301812997,5.705311073660715,337.68605856473215,911.0176164469246,412.57619673859125,42.5052443578869,1168.4076301812997,5.705311073660715,337.68605856473215,911.0176164469246,412.57619673859125,42.5052443578869
2026-02-20 12:00:00+00:00,1786.4666750000001,0.0,425.3825,979.1845249999999,415.195175,60.056175,2170.655784572656,-1.3885472681629718,423.1089939187272,796.8235075106102,426.9155266218049,55.847593673428165,1168.4076301812997,5.705311073660715,337.68605856473215,911.0176164469246,412.57619673859125,42.5052443578869,1168.4076301812997,5.705311073660715,337.68605856473215,911.0176164469246,412.57619673859125,42.5052443578869
2026-02-20 13:00:00+00:00,1804.6274250000001,0.0,425.381725,1038.615475,412.81555000000003,62.966525000000004,2120.8236959239994,0.4265236020025398,398.18440749349645,834.8047762399406,425.5257668580145,53.25247592938615,1168.4076301812997,5.705311073660715,337.68605856473215,911.0176164469246,412.57619673859125,42.5052443578869,1168.4076301812997,5.705311073660715,337.68605856473215,911.0176164469246,412.57619673859125,42.5052443578869
2026-02-20 14:00:00+00:00,1809.3295,0.0,428.55922499999997,1262.331375,426.80615,61.526775,2179.003982324266,0.6652072408070744,395.0675282403059,1016.2659501844113,445.99123200522064,54.19470797702883,1168.4076301812997,5.705311073660715,337.68605856473215,911.0176164469246,412.57619673859125,42.5052443578869,1168.4076301812997,5.705311073660715,337.68605856473215,911.0176164469246,412.57619673859125,42.5052443578869
2026-02-20 15:00:00+00:00,1812.611725,0.0,442.1642,1553.1659250000002,464.988225,61.911950000000004,2165.2589107248023,2.7151775343973665,391.9336831199943,1246.3407743590676,481.05401743351126,54.9918617991242,1168.4076301812997,5.705311073660715,337.68605856473215,911.0176164469246,412.57619673859125,42.5052443578869,1168.4076301812997,5.705311073660715,337.68605856473215,911.0176164469246,412.57619673859125,42.5052443578869
2026-02-20 16:00:00+00:00,1812.955125,0.0,442.19195,1406.0483,497.896775,62.297125,2323.1493979340303,8.688120155976547,401.968143092959,1354.09200721769,502.4804879935743,55.1169860149799,1168.4076301812997,5.705311073660715,337.68605856473215,911.0176164469246,412.57619673859125,42.5052443578869,1168.4076301812997,5.705311073660715,337.68605856473215,911.0176164469246,412.57619673859125,42.5052443578869
2026-02-20 17:00:00+00:00,1827.4483500000001,0.0,439.956675,1237.249475,500.835775,56.9399,2399.392441668298,9.567412473635223,410.33594780537936,1244.500349938644,503.82873913980933,51.95723360112497,1168.4076301812997,5.705311073660715,337.68605856473215,911.0176164469246,412.57619673859125,42.5052443578869,1168.4076301812997,5.705311073660715,337.68605856473215,911.0176164469246,412.57619673859125,42.5052443578869
2026-02-20 18:00:00+00:00,1662.90725,0.0,437.505375,800.0919500000001,493.216925,55.917275,2217.8025425915243,5.952502170865194,410.4403527093496,821.2493928949193,496.9231671578824,52.6698734759136,1168.4076301812997,5.705311073660715,337.68605856473215,911.0176164469246,412.57619673859125,42.5052443578869,1168.4076301812997,5.705311073660715,337.68605856473215,911.0176164469246,412.57619673859125,42.5052443578869
2026-02-20 19:00:00+00:00,1475.269625,0.0,439.327125,737.8908999999999,474.140925,55.0846,1932.6889643382046,1.2781938698909494,403.230721949208,720.5687625375896,485.90125669484365,46.84185270515067,1168.4076301812997,5.705311073660715,337.68605856473215,911.0176164469246,412.57619673859125,42.5052443578869,1168.4076301812997,5.705311073660715,337.68605856473215,911.0176164469246,412.57619673859125,42.5052443578869
2026-02-20 20:00:00+00:00,1324.5342,0.0,408.2663,713.2049000000001,450.05345,52.918075,1602.510337475047,8.973585154829742,400.8927793511081,657.5925685275884,469.49718922002035,51.46927090232114,1168.4076301812997,5.705311073660715,337.68605856473215,911.0176164469246,412.57619673859125,42.5052443578869,1168.4076301812997,5.705311073660715,337.68605856473215,911.0176164469246,412.57619673859125,42.5052443578869
2026-02-20 21:00:00+00:00,1117.58415,0.0,355.41499999999996,725.01765,434.329025,50.148425,1453.2808535178178,1.649143846940162,381.72949254602224,579.935280367685,453.0664738262283,51.784376729749475,1168.4076301812997,5.705311073660715,337.68605856473215,911.0176164469246,412.57619673859125,42.5052443578869,1168.4076301812997,5.705311073660715,337.68605856473215,911.0176164469246,412.57619673859125,42.5052443578869
2026-02-20 22:00:00+00:00,1107.3154749999999,0.0,340.2552,738.7878999999999,422.65797499999996,52.30785,1372.4735355933499,6.15325865526588,376.01500171146813,573.568734872953,438.0902816671569,50.625162378424626,1168.4076301812997,5.705311073660715,337.68605856473215,911.0176164469246,412.57619673859125,42.5052443578869,1168.4076301812997,5.705311073660715,337.68605856473215,911.0176164469246,412.57619673859125,42.5052443578869
2026-02-20 23:00:00+00:00,1146.855475,0.0,324.5973,739.49125,405.0277,53.413525,1088.8803870920378,-1.1687252127016423,360.77244203527357,567.1898411143155,420.43875751831575,50.00849003115437,1168.4076301812997,5.705311073660715,337.68605856473215,911.0176164469246,412.57619673859125,42.5052443578869,1168.4076301812997,5.705311073660715,337.68605856473215,911.0176164469246,412.57619673859125,42.5052443578869
2026-02-21 00:00:00+00:00,982.51155,0.0,324.684175,735.56765,397.2541,51.747725,1381.5145477357744,-1.33714700091069,345.8002124749226,550.2012120728616,419.8974686687153,46.2988078039305,1168.4076301812997,5.705311073660715,337.68605856473215,911.0176164469246,412.57619673859125,42.5052443578869,1168.4076301812997,5.705311073660715,337.68605856473215,911.0176164469246,412.57619673859125,42.5052443578869
2026-02-21 01:00:00+00:00,771.2816250000001,0.0,324.824925,684.38355,397.46165,49.6836,924.0889257162854,-1.6111340359370443,337.5489583477131,555.3684561972741,418.8787473801376,42.302582906374646,1168.4076301812997,5.705311073660715,337.68605856473215,911.0176164469246,412.57619673859125,42.5052443578869,1168.4076301812997,5.705311073660715,337.68605856473215,911.0176164469246,412.57619673859125,42.5052443578869
2026-02-21 02:00:00+00:00,722.7719500000001,0.0,324.8947,697.659725,398.00987499999997,50.898775,869.0573493461814,-1.782967204668025,335.27473950639376,574.2745731113941,418.83832051059443,42.97922395483957,1168.4076301812997,5.705311073660715,337.68605856473215,911.0176164469246,412.57619673859125,42.5052443578869,1168.4076301812997,5.705311073660715,337.68605856473215,911.0176164469246,412.57619673859125,42.5052443578869
2026-02-21 03:00:00+00:00,652.72685,0.0,324.679975,656.922,407.637925,51.628975,941.5944236692255,-1.121323079046105,326.77755621850145,578.0944950199274,419.52415724452817,39.861785604783776,1168.4076301812997,5.705311073660715,337.68605856473215,911.0176164469246,412.57619673859125,42.5052443578869,1168.4076301812997,5.705311073660715,337.68605856473215,911.0176164469246,412.57619673859125,42.5052443578869
2026-02-21 04:00:00+00:00,646.583525,0.0,324.529,759.215575,425.47950000000003,50.32975,975.8900960318558,-0.07083184410254084,336.03122183153545,592.6159647187696,432.0428781164635,42.03841256489419,1168.4076301812997,5.705311073660715,337.68605856473215,911.0176164469246,412.57619673859125,42.5052443578869,1168.4076301812997,5.705311073660715,337.68605856473215,911.0176164469246,412.57619673859125,42.5052443578869
2026-02-21 05:00:00+00:00,634.79895,0.0,324.399325,763.8596249999999,455.1349,47.39195,890.2306107287873,-1.37973581827886,336.64452696909063,631.3457651851198,449.6007529673999,39.30055474917221,1168.4076301812997,5.705311073660715,337.68605856473215,911.0176164469246,412.57619673859125,42.5052443578869,1168.4076301812997,5.705311073660715,337.68605856473215,911.0176164469246,412.57619673859125,42.5052443578869
2026-02-21 06:00:00+00:00,545.87195,0.0,324.6888,716.5360500000002,489.14815,43.475875,1349.2376934280505,3.6575906010163517,326.25021899673675,711.4989741750647,482.50679990873266,47.535430715604264,1168.4076301812997,5.705311073660715,337.68605856473215,911.0176164469246,412.57619673859125,42.5052443578869,1168.4076301812997,5.705311073660715,337.68605856473215,911.0176164469246,412.57619673859125,42.5052443578869
2026-02-21 07:00:00+00:00,510.274225,0.0,324.751625,738.113125,493.226275,43.501075,782.0908770880376,-0.4658258995081841,337.81516248523775,666.719272897007,481.01589081808515,49.57007785204634,1168.4076301812997,5.705311073660715,337.68605856473215,911.0176164469246,412.57619673859125,42.5052443578869,1168.4076301812997,5.705311073660715,337.68605856473215,911.0176164469246,412.57619673859125,42.5052443578869
2026-02-21 08:00:00+00:00,165.807725,0.0,299.367475,722.6607749999998,483.919675,38.830625,1258.2168668921552,-2.1632259916051533,331.0384161553646,622.190119226883,478.39350925338243,52.58477313702207,1168.4076301812997,5.705311073660715,337.68605856473215,911.0176164469246,412.57619673859125,42.5052443578869,1168.4076301812997,5.705311073660715,337.68605856473215,911.0176164469246,412.57619673859125,42.5052443578869
2026-02-21 09:00:00+00:00,191.54764999999998,0.0,293.29995,793.0463,448.4821,37.048925,910.5038016845161,-3.410483228666651,346.80251373096377,563.8415615467127,459.6131013166414,51.02018280411172,1168.4076301812997,5.705311073660715,337.68605856473215,911.0176164469246,412.57619673859125,42.5052443578869,1168.4076301812997,5.705311073660715,337.68605856473215,911.0176164469246,412.57619673859125,42.5052443578869
2026-02-21 10:00:00+00:00,197.92892499999994,0.0,298.39862500000004,1124.145625,424.491175,37.555325,981.3231865525145,-2.9650141498422418,346.71557057191455,545.9017751994658,452.4551436053325,50.6038803140286,1168.4076301812997,5.705311073660715,337.68605856473215,911.0176164469246,412.57619673859125,42.5052443578869,1168.4076301812997,5.705311073660715,337.68605856473215,911.0176164469246,412.57619673859125,42.5052443578869
2026-02-21 11:00:00+00:00,205.14879999999994,0.0,298.634075,862.66725,404.322675,38.692075,1243.9587817752022,-0.2151050239116561,349.1207131018812,548.9355450270789,443.3935533211481,52.05775891394017,1168.4076301812997,5.705311073660715,337.68605856473215,911.0176164469246,412.57619673859125,42.5052443578869,1168.4076301812997,5.705311073660715,337.68605856473215,911.0176164469246,412.57619673859125,42.5052443578869
2026-02-21 12:00:00+00:00,200.85277500000007,0.0,298.395075,953.954675,397.421425,38.678425000000004,1275.398823741086,1.7478453682832873,331.83971732579226,565.1480644809778,444.42796186968235,46.76122018350729,1168.4076301812997,5.705311073660715,337.68605856473215,911.0176164469246,412.57619673859125,42.5052443578869,1168.4076301812997,5.705311073660715,337.68605856473215,911.0176164469246,412.57619673859125,42.5052443578869
2026-02-21 13:00:00+00:00,200.77115000000003,0.0,306.628725,881.192125,410.452175,39.42965,1090.9382515449631,-2.2870081289805873,327.05502346625974,565.5035576430681,447.5413973681737,40.41180258826169,1168.4076301812997,5.705311073660715,337.68605856473215,911.0176164469246,412.57619673859125,42.5052443578869,1168.4076301812997,5.705311073660715,337.68605856473215,911.0176164469246,412.57619673859125,42.5052443578869
2026-02-21 14:00:00+00:00,252.04219999999987,0.0,334.6615,1227.4349,436.801975,49.6712,1213.3612652643735,-1.780076626233579,334.59725616248073,668.1528172180142,463.1844093698544,39.621355102344175,1168.4076301812997,5.705311073660715,337.68605856473215,911.0176164469246,412.57619673859125,42.5052443578869,1168.4076301812997,5.705311073660715,337.68605856473215,911.0176164469246,412.57619673859125,42.5052443578869
2026-02-21 15:00:00+00:00,258.0318749999999,0.0,352.939025,1501.74545,473.8902,48.844300000000004,1225.839708503533,-0.7204270710947105,345.47166643860163,746.4624014945842,494.3527863435032,39.21147018829976,1168.4076301812997,5.705311073660715,337.68605856473215,911.0176164469246,412.57619673859125,42.5052443578869,1168.4076301812997,5.705311073660715,337.68605856473215,911.0176164469246,412.57619673859125,42.5052443578869
2026-02-21 16:00:00+00:00,270.9565499999999,0.0,353.16724999999997,1955.5607,498.24717499999997,49.327375,1415.366606851935,3.415648524346571,347.78338080103623,1055.127833358608,502.9488186179797,40.41130937644731,1168.4076301812997,5.705311073660715,337.68605856473215,911.0176164469246,412.57619673859125,42.5052443578869,1168.4076301812997,5.705311073660715,337.68605856473215,911.0176164469246,412.57619673859125,42.5052443578869
2026-02-21 17:00:00+00:00,270.88594999999987,0.0,353.254075,1988.2533250000001,498.66094999999996,48.10735,1483.7671888708473,0.7813949212496558,347.26435894940425,1114.0716640740325,506.2781407121887,40.697558825304355,1168.4076301812997,5.705311073660715,337.68605856473215,911.0176164469246,412.57619673859125,42.5052443578869,1168.4076301812997,5.705311073660715,337.68605856473215,911.0176164469246,412.57619673859125,42.5052443578869
2026-02-21 18:00:00+00:00,265.0071499999999,0.0,353.241425,1991.3343500000003,487.67145,48.630125,1486.1574957117114,-2.073558294954025,329.45565884720963,870.0538412050083,500.20035738635585,39.82197530581066,1168.4076301812997,5.705311073660715,337.68605856473215,911.0176164469246,412.57619673859125,42.5052443578869,1168.4076301812997,5.705311073660715,337.68605856473215,911.0176164469246,412.57619673859125,42.5052443578869
2026-02-21 19:00:00+00:00,245.29365000000018,0.0,353.338375,1475.3331249999999,462.005925,49.213925,1027.6388664183564,-0.8965918597784173,330.35990156514924,747.6082936653434,483.0139607116727,37.29722704026607,1168.4076301812997,5.705311073660715,337.68605856473215,911.0176164469246,412.57619673859125,42.5052443578869,1168.4076301812997,5.705311073660715,337.68605856473215,911.0176164469246,412.57619673859125,42.5052443578869
2026-02-21 20:00:00+00:00,241.11862500000007,0.0,353.24514999999997,1070.33395,449.04297499999996,49.36515,852.2240182061096,2.052389660048993,331.53662670749577,687.0789276975667,471.79711890660684,38.819524142667376,1168.4076301812997,5.705311073660715,337.68605856473215,911.0176164469246,412.57619673859125,42.5052443578869,1168.4076301812997,5.705311073660715,337.68605856473215,911.0176164469246,412.57619673859125,42.5052443578869
2026-02-21 21:00:00+00:00,229.2770250000001,0.0,353.382975,1141.4449249999998,438.837925,49.746325,764.8937764374621,1.3541325155926627,336.53524190254956,572.2857167157927,449.30221290083716,38.68879564768549,1168.4076301812997,5.705311073660715,337.68605856473215,911.0176164469246,412.57619673859125,42.5052443578869,1168.4076301812997,5.705311073660715,337.68605856473215,911.0176164469246,412.57619673859125,42.5052443578869
2026-02-21 22:00:00+00:00,209.85072500000012,0.0,353.656175,859.4866,422.5193,51.27615,561.0967900460284,1.4815939619426528,325.9685426535491,519.0827094504104,422.3311409125705,39.3654819842276,1168.4076301812997,5.705311073660715,337.68605856473215,911.0176164469246,412.57619673859125,42.5052443578869,1168.4076301812997,5.705311073660715,337.68605856473215,911.0176164469246,412.57619673859125,42.5052443578869
2026-02-21 23:00:00+00:00,194.98400000000004,0.0,353.713625,721.3125,409.239775,50.18925,557.3389559075085,-0.8366153858985355,322.15101188763816,521.628481024147,408.0506181050819,39.27366930453028,1168.4076301812997,5.705311073660715,337.68605856473215,911.0176164469246,412.57619673859125,42.5052443578869,1168.4076301812997,5.705311073660715,337.68605856473215,911.0176164469246,412.57619673859125,42.5052443578869
2026-02-22 00:00:00+00:00,184.80757500000004,0.0,344.04445,677.0551,404.87795,50.04185,397.94822752404923,-0.5721859726791392,320.9647484045988,576.6567750552597,406.12050152938787,36.85730197526269,1168.4076301812997,5.705311073660715,337.68605856473215,911.0176164469246,412.57619673859125,42.5052443578869,1168.4076301812997,5.705311073660715,337.68605856473215,911.0176164469246,412.57619673859125,42.5052443578869
2026-02-22 01:00:00+00:00,173.96755000000007,0.0,343.872075,673.7643750000001,406.0819,49.2452,484.472470409897,-0.5177195968142643,323.3143360951521,616.0595919250902,406.4035829852859,37.66966249893178,1168.4076301812997,5.705311073660715,337.68605856473215,911.0176164469246,412.57619673859125,42.5052443578869,1168.4076301812997,5.705311073660715,337.68605856473215,911.0176164469246,412.57619673859125,42.5052443578869
2026-02-22 02:00:00+00:00,169.29272500000013,0.0,343.81905,657.2953,407.7632,48.4252,466.5530667065549,-0.5177195968142643,324.62587917791905,587.4525562377487,407.9133689552626,37.85228274185998,1168.4076301812997,5.705311073660715,337.68605856473215,911.0176164469246,412.57619673859125,42.5052443578869,1168.4076301812997,5.705311073660715,337.68605856473215,911.0176164469246,412.57619673859125,42.5052443578869
2026-02-22 03:00:00+00:00,172.41242499999998,0.0,343.874525,671.4519750000001,413.157725,48.13175,495.9660773739655,-1.2221602016655835,327.3695773414571,561.4397908713061,409.4243435649047,38.703921517609146,1168.4076301812997,5.705311073660715,337.68605856473215,911.0176164469246,412.57619673859125,42.5052443578869,1168.4076301812997,5.705311073660715,337.68605856473215,911.0176164469246,412.57619673859125,42.5052443578869
2026-02-22 04:00:00+00:00,169.62332500000002,0.0,343.671425,663.367675,425.11765,48.009825,369.1787257564838,-0.9210042402026319,329.9636694690697,588.4249550798077,433.2321873212282,45.701753119151974,1168.4076301812997,5.705311073660715,337.68605856473215,911.0176164469246,412.57619673859125,42.5052443578869,1168.4076301812997,5.705311073660715,337.68605856473215,911.0176164469246,412.57619673859125,42.5052443578869
2026-02-22 05:00:00+00:00,170.22392500000012,0.0,346.2228,729.9254999999999,447.1846,47.71185,351.3671508191828,-3.0594404704761438,333.14932369185544,617.2831387750168,457.9553337872586,45.15365323596344,1168.4076301812997,5.705311073660715,337.68605856473215,911.0176164469246,412.57619673859125,42.5052443578869,1168.4076301812997,5.705311073660715,337.68605856473215,911.0176164469246,412.57619673859125,42.5052443578869
2026-02-22 06:00:00+00:00,177.54712500000005,0.0,355.307025,783.3634000000001,476.11975,49.093175,445.8512049203887,-3.4841252343179967,314.9072196737399,607.2915592984717,467.5490449625014,46.40309354957083,1168.4076301812997,5.705311073660715,337.68605856473215,911.0176164469246,412.57619673859125,42.5052443578869,1168.4076301812997,5.705311073660715,337.68605856473215,911.0176164469246,412.57619673859125,42.5052443578869
2026-02-22 07:00:00+00:00,189.76037500000007,0.0,355.632075,711.5897500000001,479.61775,51.6717,430.60476453578076,0.4896689391772684,313.3719781436821,654.449245153387,467.75770705005857,41.93662452888095,1168.4076301812997,5.705311073660715,337.68605856473215,911.0176164469246,412.57619673859125,42.5052443578869,1168.4076301812997,5.705311073660715,337.68605856473215,911.0176164469246,412.57619673859125,42.5052443578869
2026-02-22 08:00:00+00:00,200.33404999999993,0.0,355.5802,709.1942750000001,472.5062,50.9947,384.53365994310616,1.0353486365289832,311.9139760574264,642.3146109426549,471.14783254292104,40.235867425034286,1168.4076301812997,5.705311073660715,337.68605856473215,911.0176164469246,412.57619673859125,42.5052443578869,1168.4076301812997,5.705311073660715,337.68605856473215,911.0176164469246,412.57619673859125,42.5052443578869
2026-02-22 09:00:00+00:00,206.4769,0.0,355.1835,682.3479249999999,435.21145,49.71815,315.96608398154865,-1.3330970857923568,313.23242104758555,608.7330821060932,449.21493786444603,39.715240963817116,1168.4076301812997,5.705311073660715,337.68605856473215,911.0176164469246,412.57619673859125,42.5052443578869,1168.4076301812997,5.705311073660715,337.68605856473215,911.0176164469246,412.57619673859125,42.5052443578869
2026-02-22 10:00:00+00:00,217.3252500000001,0.0,354.546575,732.60755,422.769675,50.198949999999996,387.2844176862519,-0.22866765801893063,311.80931165349443,556.5129358862125,446.9453026378257,39.48412200871919,1168.4076301812997,5.705311073660715,337.68605856473215,911.0176164469246,412.57619673859125,42.5052443578869,1168.4076301812997,5.705311073660715,337.68605856473215,911.0176164469246,412.57619673859125,42.5052443578869
2026-02-22 11:00:00+00:00,217.35287500000004,0.0,355.02585,725.7942,413.01,50.224075,368.94196382479095,0.3337807355796256,309.4520308783867,561.6604613333609,426.6147772105495,39.256995364558236,1168.4076301812997,5.705311073660715,337.68605856473215,911.0176164469246,412.57619673859125,42.5052443578869,1168.4076301812997,5.705311073660715,337.68605856473215,911.0176164469246,412.57619673859125,42.5052443578869
2026-02-22 12:00:00+00:00,213.94005000000004,0.0,350.748825,696.998225,413.58979999999997,49.726025,420.55773280181313,1.4293905532886955,319.60503935143856,600.7224716280172,439.3032784081503,42.65922337466651,1168.4076301812997,5.705311073660715,337.68605856473215,911.0176164469246,412.57619673859125,42.5052443578869,1168.4076301812997,5.705311073660715,337.68605856473215,911.0176164469246,412.57619673859125,42.5052443578869
2026-02-22 13:00:00+00:00,222.67082499999992,0.0,350.501675,736.10835,418.667825,48.4799,283.66934923008705,-2.9449815487784132,319.7594131007372,626.8128764049608,423.3002383098832,46.43719483669278,1168.4076301812997,5.705311073660715,337.68605856473215,911.0176164469246,412.57619673859125,42.5052443578869,1168.4076301812997,5.705311073660715,337.68605856473215,911.0176164469246,412.57619673859125,42.5052443578869
2026-02-22 14:00:00+00:00,226.66207499999996,0.0,351.930275,759.0099500000001,436.31815,49.440375,348.9996252910746,-2.9428548101094787,315.20965270485254,665.3084343529696,434.5145308580677,46.66765181167924,1168.4076301812997,5.705311073660715,337.68605856473215,911.0176164469246,412.57619673859125,42.5052443578869,1168.4076301812997,5.705311073660715,337.68605856473215,911.0176164469246,412.57619673859125,42.5052443578869
2026-02-22 15:00:00+00:00,232.93960000000004,0.0,345.9957,777.164975,461.824125,48.985025,446.41278232854563,-0.5297019599076567,312.0075631538955,736.3722483066344,466.3771026435806,41.750932212891165,1168.4076301812997,5.705311073660715,337.68605856473215,911.0176164469246,412.57619673859125,42.5052443578869,1168.4076301812997,5.705311073660715,337.68605856473215,911.0176164469246,412.57619673859125,42.5052443578869
2026-02-22 16:00:00+00:00,248.138325,0.0,345.84235,1407.604425,488.173275,48.269175,623.4586948284273,0.4373508230488463,314.43756888205775,881.8702514092304,481.9985913741325,39.64499145235847,1168.4076301812997,5.705311073660715,337.68605856473215,911.0176164469246,412.57619673859125,42.5052443578869,1168.4076301812997,5.705311073660715,337.68605856473215,911.0176164469246,412.57619673859125,42.5052443578869
2026-02-22 17:00:00+00:00,246.07094999999993,0.0,345.7491,1528.5656000000001,496.298125,46.7291,717.4105649448625,-0.8757362583754169,319.05215247181246,870.5555271590918,497.0618464022465,37.795436023035826,1168.4076301812997,5.705311073660715,337.68605856473215,911.0176164469246,412.57619673859125,42.5052443578869,1168.4076301812997,5.705311073660715,337.68605856473215,911.0176164469246,412.57619673859125,42.5052443578869
2026-02-22 18:00:00+00:00,240.921925,0.0,345.86492499999997,1312.88715,488.44827499999997,47.768175,748.4560225409115,-1.088254047281655,319.55776629468266,690.4798249431715,488.75572186771467,38.3904416917209,1168.4076301812997,5.705311073660715,337.68605856473215,911.0176164469246,412.57619673859125,42.5052443578869,1168.4076301812997,5.705311073660715,337.68605856473215,911.0176164469246,412.57619673859125,42.5052443578869
2026-02-22 19:00:00+00:00,227.34777499999996,0.0,345.858,955.4302749999999,468.912125,48.2686,620.2693778201146,-0.9352313790629907,318.01682557792054,617.9468636334195,471.9704289224078,40.00505397999236,1168.4076301812997,5.705311073660715,337.68605856473215,911.0176164469246,412.57619673859125,42.5052443578869,1168.4076301812997,5.705311073660715,337.68605856473215,911.0176164469246,412.57619673859125,42.5052443578869
2026-02-22 20:00:00+00:00,230.66117499999996,0.0,345.774175,760.0018,450.358375,48.85775,420.60505400864906,-0.6460491332529426,323.6871896908137,647.4958749895096,458.8088689838001,39.17668969416232,1168.4076301812997,5.705311073660715,337.68605856473215,911.0176164469246,412.57619673859125,42.5052443578869,1168.4076301812997,5.705311073660715,337.68605856473215,911.0176164469246,412.57619673859125,42.5052443578869
2026-02-22 21:00:00+00:00,215.70519999999988,0.0,346.093425,941.68875,435.2734,48.781925,601.5255648403315,1.3912943146323675,325.94297459796286,577.5012271503062,441.9404722869522,40.519541389679105,1168.4076301812997,5.705311073660715,337.68605856473215,911.0176164469246,412.57619673859125,42.5052443578869,1168.4076301812997,5.705311073660715,337.68605856473215,911.0176164469246,412.57619673859125,42.5052443578869
2026-02-22 22:00:00+00:00,195.26305000000002,0.0,338.8894,671.98805,418.9029,51.3572,658.9488667452403,4.20918244323236,327.03857199726264,515.0446878135632,432.5395982882989,41.2912278355791,1168.4076301812997,5.705311073660715,337.68605856473215,911.0176164469246,412.57619673859125,42.5052443578869,1168.4076301812997,5.705311073660715,337.68605856473215,911.0176164469246,412.57619673859125,42.5052443578869
2026-02-22 23:00:00+00:00,176.15852500000005,0.0,333.280225,641.32245,405.281975,50.0247,781.700043481656,-1.5140655547398625,321.062184222616,504.79321347930625,417.87310310371737,37.25942706661563,1168.4076301812997,5.705311073660715,337.68605856473215,911.0176164469246,412.57619673859125,42.5052443578869,1168.4076301812997,5.705311073660715,337.68605856473215,911.0176164469246,412.57619673859125,42.5052443578869
2026-02-23 00:00:00+00:00,172.9556,0.0,325.29404999999997,662.0665499999999,397.392075,48.001625000000004,795.0539106457348,-1.2719394252365843,331.84618216067463,474.45847447176436,404.9882523456673,40.175749257985814,1168.4076301812997,5.705311073660715,337.68605856473215,911.0176164469246,412.57619673859125,42.5052443578869,1168.4076301812997,5.705311073660715,337.68605856473215,911.0176164469246,412.57619673859125,42.5052443578869
2026-02-23 01:00:00+00:00,278.00019999999995,0.0,325.215625,707.13385,397.4187,48.152525,720.3021210967876,-1.5899436959327886,329.41814717911313,518.8210479462114,404.0652078335885,38.56227587609318,1168.4076301812997,5.705311073660715,337.68605856473215,911.0176164469246,412.57619673859125,42.5052443578869,1168.4076301812997,5.705311073660715,337.68605856473215,911.0176164469246,412.57619673859125,42.5052443578869
2026-02-23 02:00:00+00:00,422.990775,0.0,325.151075,701.04365,397.489625,47.339,769.0506852518604,-1.1703953303681134,326.01781272914997,542.9540425762311,413.6583202975778,37.56699805210285,1168.4076301812997,5.705311073660715,337.68605856473215,911.0176164469246,412.57619673859125,42.5052443578869,1168.4076301812997,5.705311073660715,337.68605856473215,911.0176164469246,412.57619673859125,42.5052443578869
2026-02-23 03:00:00+00:00,519.518125,0.0,341.17855,762.74465,402.1064,47.861549999999994,772.190738663583,0.9884770334300326,332.21652286511915,496.6805065564779,423.9164009580899,41.31875330126536,1168.4076301812997,5.705311073660715,337.68605856473215,911.0176164469246,412.57619673859125,42.5052443578869,1168.4076301812997,5.705311073660715,337.68605856473215,911.0176164469246,412.57619673859125,42.5052443578869
2026-02-23 04:00:00+00:00,499.770525,0.0,348.552375,645.5844,414.32405,47.618925,908.582685777377,1.0866188685128728,334.36044053816823,563.577433340598,438.91715804149794,40.87487662129479,1168.4076301812997,5.705311073660715,337.68605856473215,911.0176164469246,412.57619673859125,42.5052443578869,1168.4076301812997,5.705311073660715,337.68605856473215,911.0176164469246,412.57619673859125,42.5052443578869
2026-02-23 05:00:00+00:00,513.2508,0.0,353.928625,739.113375,441.08915,49.6588,992.6610191010403,3.8431828498494305,328.5080149664902,744.4326298114577,453.28734953916785,38.71348097631047,1168.4076301812997,5.705311073660715,337.68605856473215,911.0176164469246,412.57619673859125,42.5052443578869,1168.4076301812997,5.705311073660715,337.68605856473215,911.0176164469246,412.57619673859125,42.5052443578869
2026-02-23 06:00:00+00:00,548.3247,0.0,353.70647499999995,1126.599575,474.44375,51.696775,1428.4143006387146,2.0773399054348753,335.3428749280643,1063.2983910919634,459.03408157131497,38.89668100848236,1168.4076301812997,5.705311073660715,337.68605856473215,911.0176164469246,412.57619673859125,42.5052443578869,1168.4076301812997,5.705311073660715,337.68605856473215,911.0176164469246,412.57619673859125,42.5052443578869
2026-02-23 07:00:00+00:00,561.1948,0.0,318.430925,1334.29815,481.0217,42.171525,1416.7820144324428,12.124102782306704,345.82747404695425,983.191840003819,461.82188223600843,36.92212437256897,1168.4076301812997,5.705311073660715,337.68605856473215,911.0176164469246,412.57619673859125,42.5052443578869,1168.4076301812997,5.705311073660715,337.68605856473215,911.0176164469246,412.57619673859125,42.5052443578869
2026-02-23 08:00:00+00:00,565.3194,0.0,293.024175,1033.5594999999998,460.69995,37.34075,1386.3791557699653,12.759396978924233,333.2524061048088,788.5972261983189,456.5421572146425,37.78119230647064,1168.4076301812997,5.705311073660715,337.68605856473215,911.0176164469246,412.57619673859125,42.5052443578869,1168.4076301812997,5.705311073660715,337.68605856473215,911.0176164469246,412.57619673859125,42.5052443578869
2026-02-23 09:00:00+00:00,548.7198,0.0,298.71375,698.2251,430.1309,38.26005,1043.1168843611374,7.1048572767634806,328.9141190601335,573.7734734736234,430.67658358939565,39.155154800414806,1168.4076301812997,5.705311073660715,337.68605856473215,911.0176164469246,412.57619673859125,42.5052443578869,1168.4076301812997,5.705311073660715,337.68605856473215,911.0176164469246,412.57619673859125,42.5052443578869
2026-02-23 10:00:00+00:00,544.57515,0.0,357.059875,737.506675,412.900675,38.671324999999996,841.6958862084402,0.9971454418039745,324.9459807677429,671.6750246925953,383.595211031879,37.135672145266696,1168.4076301812997,5.705311073660715,337.68605856473215,911.0176164469246,412.57619673859125,42.5052443578869,1168.4076301812997,5.705311073660715,337.68605856473215,911.0176164469246,412.57619673859125,42.5052443578869
2026-02-23 11:00:00+00:00,534.904125,0.0,368.351875,780.4802000000001,391.652025,39.810649999999995,780.7747611150307,-0.6075870476297958,322.89529368032595,631.4428701813029,378.2761745222386,36.295200631828145,1168.4076301812997,5.705311073660715,337.68605856473215,911.0176164469246,412.57619673859125,42.5052443578869,1168.4076301812997,5.705311073660715,337.68605856473215,911.0176164469246,412.57619673859125,42.5052443578869
2026-02-23 12:00:00+00:00,529.3611000000001,0.0,371.497725,666.86595,385.7969,40.32155,861.1222218241932,4.322763816866113,328.557249585626,646.0041562302172,368.8711610517238,35.02645771493583,1168.4076301812997,5.705311073660715,337.68605856473215,911.0176164469246,412.57619673859125,42.5052443578869,1168.4076301812997,5.705311073660715,337.68605856473215,911.0176164469246,412.57619673859125,42.5052443578869
2026-02-23 13:00:00+00:00,363.08055,0.0,399.52145,642.9573750000001,386.47125,51.226600000000005,891.0989422703171,0.435442792718832,321.4850817566811,689.2440935102454,371.22243193423384,37.55330117506931,1168.4076301812997,5.705311073660715,337.68605856473215,911.0176164469246,412.57619673859125,42.5052443578869,1168.4076301812997,5.705311073660715,337.68605856473215,911.0176164469246,412.57619673859125,42.5052443578869
2026-02-23 14:00:00+00:00,312.3329,0.0,399.1486,705.9833249999999,396.65675,53.947275,957.7647356408557,4.022014880152588,318.8355397655979,658.4844411369178,411.3180967219537,39.06843261225929,1168.4076301812997,5.705311073660715,337.68605856473215,911.0176164469246,412.57619673859125,42.5052443578869,1168.4076301812997,5.705311073660715,337.68605856473215,911.0176164469246,412.57619673859125,42.5052443578869
2026-02-23 15:00:00+00:00,322.8595,0.0,432.536825,832.6749500000001,435.713725,53.1569,1110.9652590627263,1.2522939643738127,323.86954906597134,830.1347834361376,451.5788696040377,38.35976058857074,1168.4076301812997,5.705311073660715,337.68605856473215,911.0176164469246,412.57619673859125,42.5052443578869,1168.4076301812997,5.705311073660715,337.68605856473215,911.0176164469246,412.57619673859125,42.5052443578869
2026-02-23 16:00:00+00:00,337.694575,0.0,425.376825,988.988425,485.48287500000004,50.557900000000004,1430.1304789264454,10.764680923075431,358.3108895528161,1005.7548466714404,490.1353728520515,38.92047069668117,1168.4076301812997,5.705311073660715,337.68605856473215,911.0176164469246,412.57619673859125,42.5052443578869,1168.4076301812997,5.705311073660715,337.68605856473215,911.0176164469246,412.57619673859125,42.5052443578869
2026-02-23 17:00:00+00:00,498.882425,0.0,411.432475,971.801375,499.7907,49.59285,1417.0662540508117,2.745989501041122,373.06012547525,1102.0285631887602,498.54264437642723,37.544919389291195,1168.4076301812997,5.705311073660715,337.68605856473215,911.0176164469246,412.57619673859125,42.5052443578869,1168.4076301812997,5.705311073660715,337.68605856473215,911.0176164469246,412.57619673859125,42.5052443578869
2026-02-23 18:00:00+00:00,473.32792500000005,0.0,422.159375,1049.756475,494.39785,50.29875,1486.2891339368616,4.223923610591136,366.2002000914142,817.7343126926041,492.23442246081675,39.13993263334746,1168.4076301812997,5.705311073660715,337.68605856473215,911.0176164469246,412.57619673859125,42.5052443578869,1168.4076301812997,5.705311073660715,337.68605856473215,911.0176164469246,412.57619673859125,42.5052443578869
2026-02-23 19:00:00+00:00,452.0947,0.0,424.374775,820.6684999999999,478.15525,50.027875,1298.7019996868676,4.48187007383826,344.2072134712879,759.6086064864425,472.98774533680927,38.27742546881139,1168.4076301812997,5.705311073660715,337.68605856473215,911.0176164469246,412.57619673859125,42.5052443578869,1168.4076301812997,5.705311073660715,337.68605856473215,911.0176164469246,412.57619673859125,42.5052443578869
2026-02-23 20:00:00+00:00,445.80050000000006,0.0,424.876225,816.7028250000001,457.319325,51.237925,1140.4841617980894,1.6883856473393628,337.0358055404809,709.0134141332238,460.5871454809684,38.10414910266232,1168.4076301812997,5.705311073660715,337.68605856473215,911.0176164469246,412.57619673859125,42.5052443578869,1168.4076301812997,5.705311073660715,337.68605856473215,911.0176164469246,412.57619673859125,42.5052443578869
2026-02-23 21:00:00+00:00,411.391875,0.0,425.073975,770.5526249999999,441.74395,51.089349999999996,1221.31987796892,1.8546454756660795,338.3652613106798,588.5411031431802,449.2495768466374,39.01798967590967,1168.4076301812997,5.705311073660715,337.68605856473215,911.0176164469246,412.57619673859125,42.5052443578869,1168.4076301812997,5.705311073660715,337.68605856473215,911.0176164469246,412.57619673859125,42.5052443578869
2026-02-23 22:00:00+00:00,377.42515000000003,0.0,414.8131,655.8073999999999,423.90755,52.144175,1066.2233592003577,1.7541049917875844,337.8741063094759,540.5822558924813,434.2828359663784,38.45015123640317,1168.4076301812997,5.705311073660715,337.68605856473215,911.0176164469246,412.57619673859125,42.5052443578869,1168.4076301812997,5.705311073660715,337.68605856473215,911.0176164469246,412.57619673859125,42.5052443578869
2026-02-23 23:00:00+00:00,363.133925,0.0,412.40317500000003,994.8717999999999,413.2812,53.577375,1129.1439050039228,-1.0479361103692089,338.96557738648346,598.6039143161452,425.3862696932525,38.18766508047577,1168.4076301812997,5.705311073660715,337.68605856473215,911.0176164469246,412.57619673859125,42.5052443578869,1168.4076301812997,5.705311073660715,337.68605856473215,911.0176164469246,412.57619673859125,42.5052443578869
2026-02-24 00:00:00+00:00,526.3680999999999,0.0,397.082575,1274.960125,404.74435,51.3309,1241.3953046567146,2.2670038083470003,341.61521106202827,576.4696707038926,414.65938738385995,38.518276856988194,1168.4076301812997,5.705311073660715,337.68605856473215,911.0176164469246,412.57619673859125,42.5052443578869,1168.4076301812997,5.705311073660715,337.68605856473215,911.0176164469246,412.57619673859125,42.5052443578869
2026-02-24 01:00:00+00:00,859.4674,0.0,394.9645,958.287925,397.01665,50.277275,1285.0465766140894,3.1721755516670993,340.9202083019303,560.5479165715483,408.70046137581045,38.06535894599869,1168.4076301812997,5.705311073660715,337.68605856473215,911.0176164469246,412.57619673859125,42.5052443578869,1168.4076301812997,5.705311073660715,337.68605856473215,911.0176164469246,412.57619673859125,42.5052443578869
2026-02-24 02:00:00+00:00,1308.20005,0.0,394.5589,1023.677375,397.7172,49.75505,1673.7035606718587,0.06511943990072222,336.69387431805114,568.9744883201906,409.8870418338112,37.58849915761335,1168.4076301812997,5.705311073660715,337.68605856473215,911.0176164469246,412.57619673859125,42.5052443578869,1168.4076301812997,5.705311073660715,337.68605856473215,911.0176164469246,412.57619673859125,42.5052443578869
2026-02-24 03:00:00+00:00,1603.3344,0.0,394.447,889.4072,403.66895,49.728049999999996,1970.9793271219532,0.5182429480749047,332.3384683702738,560.3526611846223,413.0580060430333,36.98704025735229,1168.4076301812997,5.705311073660715,337.68605856473215,911.0176164469246,412.57619673859125,42.5052443578869,1168.4076301812997,5.705311073660715,337.68605856473215,911.0176164469246,412.57619673859125,42.5052443578869
2026-02-24 04:00:00+00:00,2264.655475,0.0,396.828275,1061.7782,418.94015,48.480525,1883.6511274299792,-1.8883427853455323,334.4871678021986,768.7325436690237,422.1808584547818,36.57135426653701,1168.4076301812997,5.705311073660715,337.68605856473215,911.0176164469246,412.57619673859125,42.5052443578869,1168.4076301812997,5.705311073660715,337.68605856473215,911.0176164469246,412.57619673859125,42.5052443578869
2026-02-24 05:00:00+00:00,2609.212325,0.0,403.932125,1595.995775,443.560975,48.268100000000004,2110.6340604539064,5.64938449647014,352.00749796726154,1218.8234923025852,436.27541252413323,38.91698722517379,1168.4076301812997,5.705311073660715,337.68605856473215,911.0176164469246,412.57619673859125,42.5052443578869,1168.4076301812997,5.705311073660715,337.68605856473215,911.0176164469246,412.57619673859125,42.5052443578869
2026-02-24 06:00:00+00:00,2735.7234,0.0,420.238775,2118.4254,475.7545,48.493625,2446.0834074182003,6.7949818555271495,401.0593940271748,1690.8339636920198,461.5942358781502,39.99979645351398,1168.4076301812997,5.705311073660715,337.68605856473215,911.0176164469246,412.57619673859125,42.5052443578869,1168.4076301812997,5.705311073660715,337.68605856473215,911.0176164469246,412.57619673859125,42.5052443578869
2026-02-24 07:00:00+00:00,2680.611925,75.25545,448.725975,1847.7655499999998,476.704625,40.34285,2552.2806649409504,10.851744161730727,404.2774411211225,1745.444102053811,452.6463743459548,39.06973405210036,1168.4076301812997,5.705311073660715,337.68605856473215,911.0176164469246,412.57619673859125,42.5052443578869,1168.4076301812997,5.705311073660715,337.68605856473215,911.0176164469246,412.57619673859125,42.5052443578869
2026-02-24 08:00:00+00:00,2640.465075,21.5984,473.791425,1707.8893249999999,457.18487500000003,39.90255,2530.9326025342134,8.845373355465576,398.2702582441492,1716.1803120947852,446.66319654636095,36.896461230010004,1168.4076301812997,5.705311073660715,337.68605856473215,911.0176164469246,412.57619673859125,42.5052443578869,1168.4076301812997,5.705311073660715,337.68605856473215,911.0176164469246,412.57619673859125,42.5052443578869
2026-02-24 09:00:00+00:00,2738.0628500000003,0.0,423.2913,1106.93245,429.932025,40.74065,2378.3664712224418,1.9339493223490205,403.89273020274885,1338.5458941542192,429.7075285019763,38.24669017871847,1168.4076301812997,5.705311073660715,337.68605856473215,911.0176164469246,412.57619673859125,42.5052443578869,1168.4076301812997,5.705311073660715,337.68605856473215,911.0176164469246,412.57619673859125,42.5052443578869
2026-02-24 10:00:00+00:00,2495.066275,0.0,429.72665,960.8700749999999,408.155475,38.586325,2347.9477376344616,2.3469555304147787,372.65244519277087,1066.9589824972763,421.52015127406406,37.82642174472725,1168.4076301812997,5.705311073660715,337.68605856473215,911.0176164469246,412.57619673859125,42.5052443578869,1168.4076301812997,5.705311073660715,337.68605856473215,911.0176164469246,412.57619673859125,42.5052443578869
2026-02-24 11:00:00+00:00,2126.442375,0.0,432.4797,719.9152500000001,398.87085,39.9891,2377.1721736760883,6.283433892080335,372.63925016162597,780.0538317519487,408.40009569604535,38.225572334315885,1168.4076301812997,5.705311073660715,337.68605856473215,911.0176164469246,412.57619673859125,42.5052443578869,1168.4076301812997,5.705311073660715,337.68605856473215,911.0176164469246,412.57619673859125,42.5052443578869
2026-02-24 12:00:00+00:00,2100.0412,0.0,432.3811,765.61315,391.64695,38.68455,2344.5925419637297,8.315722420526846,360.7045926903968,814.2034967394592,403.89202165954487,39.29890534500576,1168.4076301812997,5.705311073660715,337.68605856473215,911.0176164469246,412.57619673859125,42.5052443578869,1168.4076301812997,5.705311073660715,337.68605856473215,911.0176164469246,412.57619673859125,42.5052443578869
2026-02-24 13:00:00+00:00,2679.74385,10.2646,434.932775,735.4173,401.517425,46.46595,2308.9745201896403,2.7715878766000865,351.0337355567425,755.3087892475869,401.8780685204481,38.904796339691906,1168.4076301812997,5.705311073660715,337.68605856473215,911.0176164469246,412.57619673859125,42.5052443578869,1168.4076301812997,5.705311073660715,337.68605856473215,911.0176164469246,412.57619673859125,42.5052443578869
2026-02-24 14:00:00+00:00,2837.76635,12.282775,441.35360000000003,1020.76895,420.5494,47.705425,2424.978168417246,1.6386722357462942,352.89119191351364,1078.7527903321102,417.02625314487904,37.09964058782734,1168.4076301812997,5.705311073660715,337.68605856473215,911.0176164469246,412.57619673859125,42.5052443578869,1168.4076301812997,5.705311073660715,337.68605856473215,911.0176164469246,412.57619673859125,42.5052443578869
2026-02-24 15:00:00+00:00,2844.039925,16.9179,426.15635,1415.566725,445.3764,49.547825,2336.2504050502594,28.44682983222063,366.3150377576733,1460.7882172756022,437.5687298972199,40.79733524358213,1168.4076301812997,5.705311073660715,337.68605856473215,911.0176164469246,412.57619673859125,42.5052443578869,1168.4076301812997,5.705311073660715,337.68605856473215,911.0176164469246,412.57619673859125,42.5052443578869
2026-02-24 16:00:00+00:00,2872.615,16.47945,424.620625,1799.4375250000003,484.4406,49.196625,2394.989283245969,28.754220609991258,413.3935302537885,1717.6146218160586,482.8273518901231,43.15147410432796,1168.4076301812997,5.705311073660715,337.68605856473215,911.0176164469246,412.57619673859125,42.5052443578869,1168.4076301812997,5.705311073660715,337.68605856473215,911.0176164469246,412.57619673859125,42.5052443578869
2026-02-24 17:00:00+00:00,2862.52935,0.0,407.0559,1809.788525,499.576475,44.42015,2278.669591344753,35.21424560305251,434.5578289403972,1822.8756284440826,501.9468038925762,36.472859500912456,1168.4076301812997,5.705311073660715,337.68605856473215,911.0176164469246,412.57619673859125,42.5052443578869,1168.4076301812997,5.705311073660715,337.68605856473215,911.0176164469246,412.57619673859125,42.5052443578869
2026-02-24 18:00:00+00:00,2829.8038500000002,0.0,405.398075,1743.1507,493.85925,47.445875,2160.0084879219658,6.578102323096415,401.59173544632324,1564.5321102057094,497.82432677991056,38.263978836583924,1168.4076301812997,5.705311073660715,337.68605856473215,911.0176164469246,412.57619673859125,42.5052443578869,1168.4076301812997,5.705311073660715,337.68605856473215,911.0176164469246,412.57619673859125,42.5052443578869
2026-02-24 19:00:00+00:00,2777.9643,0.0,438.117725,1580.4475750000001,476.03815000000003,52.02755,2319.304182730859,19.288693333863392,362.6285415609669,1184.0283332434133,477.75825100760744,37.171073977046596,1168.4076301812997,5.705311073660715,337.68605856473215,911.0176164469246,412.57619673859125,42.5052443578869,1168.4076301812997,5.705311073660715,337.68605856473215,911.0176164469246,412.57619673859125,42.5052443578869
2026-02-24 20:00:00+00:00,2284.618925,0.0,438.5181,1344.8043750000002,451.5857,50.11395,2221.5301770027563,6.5665513158145075,336.8692952930993,849.5781046683051,462.339556679269,36.85631969210196,1168.4076301812997,5.705311073660715,337.68605856473215,911.0176164469246,412.57619673859125,42.5052443578869,1168.4076301812997,5.705311073660715,337.68605856473215,911.0176164469246,412.57619673859125,42.5052443578869
2026-02-24 21:00:00+00:00,1768.04695,0.0,441.645425,1652.6131249999999,440.296775,52.2405,2100.8277007268807,6.0779408472831,339.7618453296052,689.0547067812355,444.3957932758569,37.1843279874173,1168.4076301812997,5.705311073660715,337.68605856473215,911.0176164469246,412.57619673859125,42.5052443578869,1168.4076301812997,5.705311073660715,337.68605856473215,911.0176164469246,412.57619673859125,42.5052443578869
2026-02-24 22:00:00+00:00,1699.862525,0.0,445.190625,1013.5981,422.55165,52.0276,2146.7117621523425,3.9672113405249894,341.33713021279016,537.3327534203452,433.0560097402252,38.294188284109914,1168.4076301812997,5.705311073660715,337.68605856473215,911.0176164469246,412.57619673859125,42.5052443578869,1168.4076301812997,5.705311073660715,337.68605856473215,911.0176164469246,412.57619673859125,42.5052443578869
2026-02-24 23:00:00+00:00,1571.55815,0.0,445.3198,1093.6210250000001,405.088725,51.823875,2217.553870939305,0.7899596412731098,340.18914543106644,598.5345211425804,415.82143985402934,39.63459410033056,1168.4076301812997,5.705311073660715,337.68605856473215,911.0176164469246,412.57619673859125,42.5052443578869,1168.4076301812997,5.705311073660715,337.68605856473215,911.0176164469246,412.57619673859125,42.5052443578869
2026-02-25 00:00:00+00:00,1569.029875,0.0,444.685275,806.055625,402.5594,54.360875,1678.260786644922,0.5820382450098398,334.84546503912765,551.0917651195732,399.2673869728273,40.964910169510226,1168.4076301812997,5.705311073660715,337.68605856473215,911.0176164469246,412.57619673859125,42.5052443578869,1168.4076301812997,5.705311073660715,337.68605856473215,911.0176164469246,412.57619673859125,42.5052443578869
2026-02-25 01:00:00+00:00,1526.2265,0.0,425.09125,799.823525,397.648575,52.9199,1793.3378396638382,0.5592378178232229,334.66539851228396,548.1649510286993,398.86855808211953,39.10690425832586,1168.4076301812997,5.705311073660715,337.68605856473215,911.0176164469246,412.57619673859125,42.5052443578869,1168.4076301812997,5.705311073660715,337.68605856473215,911.0176164469246,412.57619673859125,42.5052443578869
2026-02-25 02:00:00+00:00,1525.0243249999999,0.0,413.5706,1010.8490999999999,402.1412,50.411775,2020.1806281697636,0.761661164196763,330.04118559969845,538.2828881990705,404.2229442377115,38.432056534818614,1168.4076301812997,5.705311073660715,337.68605856473215,911.0176164469246,412.57619673859125,42.5052443578869,1168.4076301812997,5.705311073660715,337.68605856473215,911.0176164469246,412.57619673859125,42.5052443578869
2026-02-25 03:00:00+00:00,1628.23325,0.0,413.536075,1331.87675,412.56215,49.0517,2034.2751949477188,0.8149678157744891,336.19546361024965,529.1587649084695,407.7358006996168,37.60035374373035,1168.4076301812997,5.705311073660715,337.68605856473215,911.0176164469246,412.57619673859125,42.5052443578869,1168.4076301812997,5.705311073660715,337.68605856473215,911.0176164469246,412.57619673859125,42.5052443578869
2026-02-25 04:00:00+00:00,1724.494,0.0,421.016175,1436.73925,427.32155,50.1687,2161.4134573936644,0.9569425930639159,339.0783207609272,681.2554867794948,420.4396039367073,37.31697233230619,1168.4076301812997,5.705311073660715,337.68605856473215,911.0176164469246,412.57619673859125,42.5052443578869,1168.4076301812997,5.705311073660715,337.68605856473215,911.0176164469246,412.57619673859125,42.5052443578869
2026-02-25 05:00:00+00:00,1720.19005,0.0,444.471775,1806.9479749999998,449.296325,49.804,2283.448058578302,3.3269652558484877,348.63936317860566,1015.4448089859684,444.9178958874395,37.555215513471914,1168.4076301812997,5.705311073660715,337.68605856473215,911.0176164469246,412.57619673859125,42.5052443578869,1168.4076301812997,5.705311073660715,337.68605856473215,911.0176164469246,412.57619673859125,42.5052443578869
2026-02-25 06:00:00+00:00,1735.994975,0.0,482.252525,1749.98925,475.69304999999997,55.171025,2355.4020449292657,2.9832695369808118,360.7341982186749,1530.828168359024,458.9097384067592,42.293257563812254,1168.4076301812997,5.705311073660715,337.68605856473215,911.0176164469246,412.57619673859125,42.5052443578869,1168.4076301812997,5.705311073660715,337.68605856473215,911.0176164469246,412.57619673859125,42.5052443578869
2026-02-25 07:00:00+00:00,1654.007275,0.0,520.033275,1044.3113749999998,479.01795,63.092475,2397.4355702105613,1.4170586710774673,391.43005868284877,1365.165089413185,451.27793420029053,40.51434377453265,1168.4076301812997,5.705311073660715,337.68605856473215,911.0176164469246,412.57619673859125,42.5052443578869,1168.4076301812997,5.705311073660715,337.68605856473215,911.0176164469246,412.57619673859125,42.5052443578869
2026-02-25 08:00:00+00:00,1035.193975,0.0,442.6005,1199.1111750000002,469.74645,63.2315,2199.9853406086254,0.3043799626915886,371.0329169092147,854.0136930270412,447.03106884978087,39.78482266374049,1168.4076301812997,5.705311073660715,337.68605856473215,911.0176164469246,412.57619673859125,42.5052443578869,1168.4076301812997,5.705311073660715,337.68605856473215,911.0176164469246,412.57619673859125,42.5052443578869
2026-02-25 09:00:00+00:00,615.894225,0.0,444.262225,920.7188249999999,435.97935,63.370525,1825.4523741756589,12.007304003433397,348.5502638268725,660.9491792812864,418.4786861102357,44.09765703894404,1168.4076301812997,5.705311073660715,337.68605856473215,911.0176164469246,412.57619673859125,42.5052443578869,1168.4076301812997,5.705311073660715,337.68605856473215,911.0176164469246,412.57619673859125,42.5052443578869
2026-02-25 10:00:00+00:00,419.71529999999996,0.0,443.83585,864.6869,416.333175,61.705875,1259.6732393315979,12.810136492007826,350.02917353096643,600.8193031922499,406.4531207863705,39.010505766634125,1168.4076301812997,5.705311073660715,337.68605856473215,911.0176164469246,412.57619673859125,42.5052443578869,1168.4076301812997,5.705311073660715,337.68605856473215,911.0176164469246,412.57619673859125,42.5052443578869
2026-02-25 11:00:00+00:00,403.51685,0.0,401.89525000000003,734.212275,403.075275,59.2286,831.9583634233429,0.6716244519977419,326.75295531455663,617.1059803136307,387.89379726389495,40.22686770017549,1168.4076301812997,5.705311073660715,337.68605856473215,911.0176164469246,412.57619673859125,42.5052443578869,1168.4076301812997,5.705311073660715,337.68605856473215,911.0176164469246,412.57619673859125,42.5052443578869
2026-02-25 12:00:00+00:00,394.21777499999996,0.0,395.089,693.015225,395.81675,55.504275,824.3108586839098,2.824103039803125,319.36324873245815,632.0385054296761,388.5708528145956,39.97073574789907,1168.4076301812997,5.705311073660715,337.68605856473215,911.0176164469246,412.57619673859125,42.5052443578869,1168.4076301812997,5.705311073660715,337.68605856473215,911.0176164469246,412.57619673859125,42.5052443578869
2026-02-25 13:00:00+00:00,388.046925,0.0,416.522975,734.4388250000001,406.96112500000004,52.98075,894.7036407076116,0.630472843443493,319.4693360639935,621.6288616591655,392.25634634929315,40.25348620006036,1168.4076301812997,5.705311073660715,337.68605856473215,911.0176164469246,412.57619673859125,42.5052443578869,1168.4076301812997,5.705311073660715,337.68605856473215,911.0176164469246,412.57619673859125,42.5052443578869
2026-02-25 14:00:00+00:00,445.003925,0.0,407.77695,875.221025,430.653925,47.123225,1351.0129462864224,4.569145744997021,320.56005931601266,679.6458302975473,427.1223280265342,38.56115556267809,1168.4076301812997,5.705311073660715,337.68605856473215,911.0176164469246,412.57619673859125,42.5052443578869,1168.4076301812997,5.705311073660715,337.68605856473215,911.0176164469246,412.57619673859125,42.5052443578869
2026-02-25 15:00:00+00:00,721.6686,0.0,401.610275,1297.5494499999998,472.026975,48.601925,1614.0170606494323,3.4835059088510074,330.5269300289287,904.6805428806713,438.7616370292462,38.796580789049685,1168.4076301812997,5.705311073660715,337.68605856473215,911.0176164469246,412.57619673859125,42.5052443578869,1168.4076301812997,5.705311073660715,337.68605856473215,911.0176164469246,412.57619673859125,42.5052443578869
2026-02-25 16:00:00+00:00,773.256275,10.626625,403.17835,1726.3861,509.22592499999996,48.88115,2192.1213539511496,4.40487036798652,353.282678538075,1454.286601087434,486.31892296056526,39.07831846291976,1168.4076301812997,5.705311073660715,337.68605856473215,911.0176164469246,412.57619673859125,42.5052443578869,1168.4076301812997,5.705311073660715,337.68605856473215,911.0176164469246,412.57619673859125,42.5052443578869
2026-02-25 17:00:00+00:00,767.898,112.3399,403.163025,1577.610025,516.100725,46.520725,2031.3903391590497,10.7851924313288,341.51245757819794,1524.4752972436313,493.2021899526633,39.53917542295478,1168.4076301812997,5.705311073660715,337.68605856473215,911.0176164469246,412.57619673859125,42.5052443578869,1168.4076301812997,5.705311073660715,337.68605856473215,911.0176164469246,412.57619673859125,42.5052443578869
2026-02-25 18:00:00+00:00,764.877975,16.8503,401.417675,1134.3521,514.185475,45.880875,1953.6968888216325,1.7775469915200968,338.09173935295803,1106.6168252014486,493.1106114315491,37.67448877435257,1168.4076301812997,5.705311073660715,337.68605856473215,911.0176164469246,412.57619673859125,42.5052443578869,1168.4076301812997,5.705311073660715,337.68605856473215,911.0176164469246,412.57619673859125,42.5052443578869
2026-02-25 19:00:00+00:00,616.278,0.0,400.347,765.1818000000001,493.76315,45.465,2014.170807819572,-0.07947623863698272,346.6570691401777,758.3653792629394,471.5854621902316,37.48327697823277,1168.4076301812997,5.705311073660715,337.68605856473215,911.0176164469246,412.57619673859125,42.5052443578869,1168.4076301812997,5.705311073660715,337.68605856473215,911.0176164469246,412.57619673859125,42.5052443578869
2026-02-25 20:00:00+00:00,544.4312,0.0,404.70635,689.70985,471.91345,46.254975,1750.010347287715,2.859913194266765,344.0346389815471,743.3055411038739,455.63066544287926,37.86039557969063,1168.4076301812997,5.705311073660715,337.68605856473215,911.0176164469246,412.57619673859125,42.5052443578869,1168.4076301812997,5.705311073660715,337.68605856473215,911.0176164469246,412.57619673859125,42.5052443578869
2026-02-25 21:00:00+00:00,391.53925000000004,0.0,411.2207,693.10535,451.98969999999997,47.703625,1480.7160001124307,2.283285239837709,341.3434438798463,628.3501033606858,439.95934959239423,37.32074845691548,1168.4076301812997,5.705311073660715,337.68605856473215,911.0176164469246,412.57619673859125,42.5052443578869,1168.4076301812997,5.705311073660715,337.68605856473215,911.0176164469246,412.57619673859125,42.5052443578869
2026-02-25 22:00:00+00:00,246.679625,0.0,430.02459999999996,651.64145,430.88565,49.1181,1493.9024243294057,0.6385883796946272,338.3835084478516,536.5130263964284,430.77921596606717,37.12349066698746,1168.4076301812997,5.705311073660715,337.68605856473215,911.0176164469246,412.57619673859125,42.5052443578869,1168.4076301812997,5.705311073660715,337.68605856473215,911.0176164469246,412.57619673859125,42.5052443578869
2026-02-25 23:00:00+00:00,233.67922499999997,0.0,432.078125,669.297175,419.97265,48.7146,1502.611174398478,0.22798236750313006,349.4471345184923,567.5526939697778,416.16457252313245,38.15957261559869,1168.4076301812997,5.705311073660715,337.68605856473215,911.0176164469246,412.57619673859125,42.5052443578869,1168.4076301812997,5.705311073660715,337.68605856473215,911.0176164469246,412.57619673859125,42.5052443578869
2026-02-26 00:00:00+00:00,212.28739999999993,0.0,424.760025,672.503625,411.44725,45.686425,1363.9292967066351,0.5496118281409013,340.42749471231855,542.4359948724418,406.92777377209393,37.54557955311349,1168.4076301812997,5.705311073660715,337.68605856473215,911.0176164469246,412.57619673859125,42.5052443578869,1168.4076301812997,5.705311073660715,337.68605856473215,911.0176164469246,412.57619673859125,42.5052443578869
2026-02-26 01:00:00+00:00,213.08055000000013,0.0,418.742625,712.3856499999999,406.862775,46.30655,1370.9592333773103,0.6327709963515202,339.7990364276875,542.4359948724418,403.69007560496016,36.581202057983894,1168.4076301812997,5.705311073660715,337.68605856473215,911.0176164469246,412.57619673859125,42.5052443578869,1168.4076301812997,5.705311073660715,337.68605856473215,911.0176164469246,412.57619673859125,42.5052443578869
2026-02-26 02:00:00+00:00,214.03492500000004,0.0,421.330475,679.902725,406.4075,46.3548,1361.6436705708493,0.7747987489153729,344.163073565706,533.2246289720811,405.3815891169525,36.89540185483784,1168.4076301812997,5.705311073660715,337.68605856473215,911.0176164469246,412.57619673859125,42.5052443578869,1168.4076301812997,5.705311073660715,337.68605856473215,911.0176164469246,412.57619673859125,42.5052443578869
2026-02-26 03:00:00+00:00,218.76725,0.0,420.572125,688.107725,411.46075,45.5009,1602.0941277270435,0.7223596387440576,358.74276359426966,522.2475214250243,406.08941362025723,37.76248615772187,1168.4076301812997,5.705311073660715,337.68605856473215,911.0176164469246,412.57619673859125,42.5052443578869,1168.4076301812997,5.705311073660715,337.68605856473215,911.0176164469246,412.57619673859125,42.5052443578869
2026-02-26 04:00:00+00:00,258.271575,0.0,430.55622500000004,795.2242500000001,424.15970000000004,46.874700000000004,1603.1483066504038,0.9131464550475856,361.31369762652776,591.5967278281937,423.42967364639986,37.57819187247533,1168.4076301812997,5.705311073660715,337.68605856473215,911.0176164469246,412.57619673859125,42.5052443578869,1168.4076301812997,5.705311073660715,337.68605856473215,911.0176164469246,412.57619673859125,42.5052443578869
2026-02-26 05:00:00+00:00,373.5584,114.151125,433.0082,1018.712625,451.26210000000003,45.229925,1556.2048156527007,12.998035732875618,371.00281588264363,996.9340412821141,445.6391977669747,42.49341577981287,1168.4076301812997,5.705311073660715,337.68605856473215,911.0176164469246,412.57619673859125,42.5052443578869,1168.4076301812997,5.705311073660715,337.68605856473215,911.0176164469246,412.57619673859125,42.5052443578869
2026-02-26 06:00:00+00:00,354.3084,120.2655,433.066325,1213.983875,482.83957499999997,45.425025,2083.413147122974,20.68658401828741,370.1381347734314,1200.5470902569425,469.3880954658065,40.36975763876996,1168.4076301812997,5.705311073660715,337.68605856473215,911.0176164469246,412.57619673859125,42.5052443578869,1168.4076301812997,5.705311073660715,337.68605856473215,911.0176164469246,412.57619673859125,42.5052443578869
2026-02-26 07:00:00+00:00,314.73917499999993,120.20152499999999,431.92205,918.904775,492.40785,45.8411,2016.9302074157363,11.964671382011897,375.0586438657068,1068.894640746618,468.9106450943676,38.8530567273623,1168.4076301812997,5.705311073660715,337.68605856473215,911.0176164469246,412.57619673859125,42.5052443578869,1168.4076301812997,5.705311073660715,337.68605856473215,911.0176164469246,412.57619673859125,42.5052443578869
2026-02-26 08:00:00+00:00,328.25945,7.060625,429.590875,951.1265249999999,480.1597,45.64965,1750.97893259404,20.33358972037255,373.0384911624829,787.6141728852178,457.6391132560445,41.481031684945904,1168.4076301812997,5.705311073660715,337.68605856473215,911.0176164469246,412.57619673859125,42.5052443578869,1168.4076301812997,5.705311073660715,337.68605856473215,911.0176164469246,412.57619673859125,42.5052443578869
2026-02-26 09:00:00+00:00,319.116075,0.0,429.88515,652.6739249999999,448.48115,43.568425,1096.3084762158712,9.895394354424202,344.6773285648074,702.9424289591987,444.5774052753203,37.93837536264485,1168.4076301812997,5.705311073660715,337.68605856473215,911.0176164469246,412.57619673859125,42.5052443578869,1168.4076301812997,5.705311073660715,337.68605856473215,911.0176164469246,412.57619673859125,42.5052443578869
2026-02-26 10:00:00+00:00,322.2342,0.0,403.9076,685.033175,431.45372499999996,48.3121,1003.3359427654111,6.65931527865195,321.75411472740785,608.2322922592543,419.3720375535567,36.862987352634725,1168.4076301812997,5.705311073660715,337.68605856473215,911.0176164469246,412.57619673859125,42.5052443578869,1168.4076301812997,5.705311073660715,337.68605856473215,911.0176164469246,412.57619673859125,42.5052443578869
2026-02-26 11:00:00+00:00,302.44297499999993,0.0,390.666075,702.1955999999999,419.477775,47.434925,786.2884072061806,9.349893487618225,318.81770932756734,608.2975041328349,401.3075650153584,39.2513158307539,1168.4076301812997,5.705311073660715,337.68605856473215,911.0176164469246,412.57619673859125,42.5052443578869,1168.4076301812997,5.705311073660715,337.68605856473215,911.0176164469246,412.57619673859125,42.5052443578869
2026-02-26 12:00:00+00:00,268.5131000000001,0.0,384.228875,714.0595500000001,418.959675,49.399425,689.1570467476377,6.995519318892957,318.1178463119788,579.6434577792375,372.87572547942835,39.22732267048377,1168.4076301812997,5.705311073660715,337.68605856473215,911.0176164469246,412.57619673859125,42.5052443578869,1168.4076301812997,5.705311073660715,337.68605856473215,911.0176164469246,412.57619673859125,42.5052443578869
2026-02-26 13:00:00+00:00,265.06484999999986,0.0,385.537775,678.9786750000001,419.71665,49.289875,649.7397305538399,6.048261981930828,316.35166938026646,639.9125264079198,374.5019815142394,38.3557877846899,1168.4076301812997,5.705311073660715,337.68605856473215,911.0176164469246,412.57619673859125,42.5052443578869,1168.4076301812997,5.705311073660715,337.68605856473215,911.0176164469246,412.57619673859125,42.5052443578869
2026-02-26 14:00:00+00:00,266.166975,0.0,405.093325,760.0436749999999,433.266525,49.097075000000004,562.4425223308757,4.733750581557745,320.97489216682305,690.1082139017132,378.2508364887325,40.64262779899862,1168.4076301812997,5.705311073660715,337.68605856473215,911.0176164469246,412.57619673859125,42.5052443578869,1168.4076301812997,5.705311073660715,337.68605856473215,911.0176164469246,412.57619673859125,42.5052443578869
2026-02-26 15:00:00+00:00,345.704025,0.0,409.4519,1289.3538,468.98497499999996,49.629525,936.6352356611258,4.531917833553056,329.18649605237425,973.2677716535555,417.70812881541104,40.51748295539448,1168.4076301812997,5.705311073660715,337.68605856473215,911.0176164469246,412.57619673859125,42.5052443578869,1168.4076301812997,5.705311073660715,337.68605856473215,911.0176164469246,412.57619673859125,42.5052443578869
2026-02-26 16:00:00+00:00,420.65752499999996,0.0,411.774675,1835.0353,502.648875,49.948100000000004,1862.4430980122781,6.958129839713639,340.7905637771906,1273.2280550329149,472.19189519129264,39.98571957684585,1168.4076301812997,5.705311073660715,337.68605856473215,911.0176164469246,412.57619673859125,42.5052443578869,1168.4076301812997,5.705311073660715,337.68605856473215,911.0176164469246,412.57619673859125,42.5052443578869
2026-02-26 17:00:00+00:00,550.058325,0.0,411.779475,1786.1678,512.72565,48.249725,1758.6653019155522,7.4460015369238075,337.95135621171124,1429.1769913405783,482.41434289386666,35.77527366478956,1168.4076301812997,5.705311073660715,337.68605856473215,911.0176164469246,412.57619673859125,42.5052443578869,1168.4076301812997,5.705311073660715,337.68605856473215,911.0176164469246,412.57619673859125,42.5052443578869
2026-02-26 18:00:00+00:00,814.629375,0.0,412.657775,1147.066325,505.067475,44.649775,1434.5534780822247,2.6314553269076923,340.09409162701485,1006.0428300282256,480.6574684881756,35.787394552175876,1168.4076301812997,5.705311073660715,337.68605856473215,911.0176164469246,412.57619673859125,42.5052443578869,1168.4076301812997,5.705311073660715,337.68605856473215,911.0176164469246,412.57619673859125,42.5052443578869
2026-02-26 19:00:00+00:00,845.8566000000001,0.0,413.445025,803.234125,486.777775,43.7119,1010.0053782412232,6.384956756481364,331.55909322916887,754.7342279377442,466.659237059609,36.591002859325656,1168.4076301812997,5.705311073660715,337.68605856473215,911.0176164469246,412.57619673859125,42.5052443578869,1168.4076301812997,5.705311073660715,337.68605856473215,911.0176164469246,412.57619673859125,42.5052443578869
2026-02-26 20:00:00+00:00,838.7135000000001,0.0,412.43354999999997,684.9473250000001,464.02565,41.008225,1205.961914942804,3.2588067838332364,327.2471713388811,721.9815374767575,446.7045976070288,36.75398681691561,1168.4076301812997,5.705311073660715,337.68605856473215,911.0176164469246,412.57619673859125,42.5052443578869,1168.4076301812997,5.705311073660715,337.68605856473215,911.0176164469246,412.57619673859125,42.5052443578869
2026-02-26 21:00:00+00:00,726.634625,0.0,413.09479999999996,644.6986250000001,447.0489,44.166225,1091.7061996371608,0.5535529013184224,337.742473586767,683.1517138838196,436.5768223697426,37.01772652510931,1168.4076301812997,5.705311073660715,337.68605856473215,911.0176164469246,412.57619673859125,42.5052443578869,1168.4076301812997,5.705311073660715,337.68605856473215,911.0176164469246,412.57619673859125,42.5052443578869
2026-02-26 22:00:00+00:00,818.8280500000001,0.0,431.874125,618.792275,431.4115,50.401875000000004,1110.4288789483444,0.36919050636194317,338.7975140231102,599.8056172832735,423.70485478929675,37.47823021828423,1168.4076301812997,5.705311073660715,337.68605856473215,911.0176164469246,412.57619673859125,42.5052443578869,1168.4076301812997,5.705311073660715,337.68605856473215,911.0176164469246,412.57619673859125,42.5052443578869
2026-02-26 23:00:00+00:00,820.71405,0.0,403.730525,741.9789000000001,419.397775,58.79185,1403.495374376727,5.259414451845129,338.9052752377338,583.1161699462244,407.0691943748484,37.52431674247117,1168.4076301812997,5.705311073660715,337.68605856473215,911.0176164469246,412.57619673859125,42.5052443578869,1168.4076301812997,5.705311073660715,337.68605856473215,911.0176164469246,412.57619673859125,42.5052443578869
2026-02-27 00:00:00+00:00,666.18895,0.0,344.495025,709.373625,412.759475,49.091925,1211.3322617647775,0.06775118676619485,342.98199033013896,580.6434102806463,397.3043491707149,37.1857727059334,1168.4076301812997,5.705311073660715,337.68605856473215,911.0176164469246,412.57619673859125,42.5052443578869,1168.4076301812997,5.705311073660715,337.68605856473215,911.0176164469246,412.57619673859125,42.5052443578869
2026-02-27 01:00:00+00:00,655.273575,0.0,344.807075,620.034275,410.7279,49.821600000000004,1227.447350188863,0.2870572490184884,336.25337038216054,555.5311786885511,395.10389008747984,37.184388920460044,1168.4076301812997,5.705311073660715,337.68605856473215,911.0176164469246,412.57619673859125,42.5052443578869,1168.4076301812997,5.705311073660715,337.68605856473215,911.0176164469246,412.57619673859125,42.5052443578869
2026-02-27 02:00:00+00:00,651.8036500000001,0.0,344.464475,613.1293,413.6314,50.080349999999996,1214.7987189023954,1.3310539393535974,340.4785285814275,564.104578517702,398.71977796194733,37.360788525082974,1168.4076301812997,5.705311073660715,337.68605856473215,911.0176164469246,412.57619673859125,42.5052443578869,1168.4076301812997,5.705311073660715,337.68605856473215,911.0176164469246,412.57619673859125,42.5052443578869
2026-02-27 03:00:00+00:00,703.6982250000001,0.0,344.4775,628.402625,423.365625,47.3711,1146.9269945949686,1.177745725982077,334.5441059227296,565.2558000105614,413.20629966845473,37.452527567001425,1168.4076301812997,5.705311073660715,337.68605856473215,911.0176164469246,412.57619673859125,42.5052443578869,1168.4076301812997,5.705311073660715,337.68605856473215,911.0176164469246,412.57619673859125,42.5052443578869
2026-02-27 04:00:00+00:00,1033.0398500000001,0.0,344.776475,681.0332999999999,435.7477,46.295775,1235.4039337645995,0.17888243022926442,334.78245559601123,574.5855248430978,423.80687976743224,37.00944078547894,1168.4076301812997,5.705311073660715,337.68605856473215,911.0176164469246,412.57619673859125,42.5052443578869,1168.4076301812997,5.705311073660715,337.68605856473215,911.0176164469246,412.57619673859125,42.5052443578869
2026-02-27 05:00:00+00:00,1224.609875,0.0,363.1967,810.8745,468.42575,44.878425,1561.5992625730623,8.63967556722331,359.2039549382066,913.0178996474464,451.0835795019056,37.781157815918675,1168.4076301812997,5.705311073660715,337.68605856473215,911.0176164469246,412.57619673859125,42.5052443578869,1168.4076301812997,5.705311073660715,337.68605856473215,911.0176164469246,412.57619673859125,42.5052443578869
2026-02-27 06:00:00+00:00,1057.575725,0.0,374.0961,1052.42325,505.4928,48.54165,1869.6192345928312,7.74711519125265,376.09984373261375,1129.86738644657,480.0395827573046,40.060851144274665,1168.4076301812997,5.705311073660715,337.68605856473215,911.0176164469246,412.57619673859125,42.5052443578869,1168.4076301812997,5.705311073660715,337.68605856473215,911.0176164469246,412.57619673859125,42.5052443578869
2026-02-27 07:00:00+00:00,728.1569,0.0,374.6193,794.49005,509.209375,53.405825,1620.4136573809187,12.483894910773753,391.89085894895345,1001.5567173770671,478.3635203683506,40.82202147779236,1168.4076301812997,5.705311073660715,337.68605856473215,911.0176164469246,412.57619673859125,42.5052443578869,1168.4076301812997,5.705311073660715,337.68605856473215,911.0176164469246,412.57619673859125,42.5052443578869
2026-02-27 08:00:00+00:00,618.4183,0.0,368.38905,631.2518749999999,492.068,59.10965,1244.3702252969051,4.323025866859588,347.69007806242524,645.0960300785091,454.32152720605256,39.61081454241299,1168.4076301812997,5.705311073660715,337.68605856473215,911.0176164469246,412.57619673859125,42.5052443578869,1168.4076301812997,5.705311073660715,337.68605856473215,911.0176164469246,412.57619673859125,42.5052443578869
2026-02-27 09:00:00+00:00,260.4931,0.0,364.815975,650.606525,458.17265,59.583225,698.3660847154547,4.406190589192116,330.5194273141543,635.6050320941927,425.08234564852233,37.834344832761154,1168.4076301812997,5.705311073660715,337.68605856473215,911.0176164469246,412.57619673859125,42.5052443578869,1168.4076301812997,5.705311073660715,337.68605856473215,911.0176164469246,412.57619673859125,42.5052443578869
2026-02-27 10:00:00+00:00,251.29270000000008,0.0,363.985475,641.2348,437.1687,62.15245,622.9947716405962,-2.8802452895825255,321.4492742263896,557.3070183017328,385.9360518684358,37.4384310576511,1168.4076301812997,5.705311073660715,337.68605856473215,911.0176164469246,412.57619673859125,42.5052443578869,1168.4076301812997,5.705311073660715,337.68605856473215,911.0176164469246,412.57619673859125,42.5052443578869
2026-02-27 11:00:00+00:00,244.81372499999998,0.0,355.353125,668.4066250000001,426.338475,62.279975,643.8964445003634,6.614093812800693,325.95136071954715,567.0599099425214,379.7097018704713,37.02833145169595,1168.4076301812997,5.705311073660715,337.68605856473215,911.0176164469246,412.57619673859125,42.5052443578869,1168.4076301812997,5.705311073660715,337.68605856473215,911.0176164469246,412.57619673859125,42.5052443578869
2026-02-27 12:00:00+00:00,246.97749999999996,0.0,345.736,659.7620999999999,425.81162500000005,63.298550000000006,694.9293689910545,-1.2570051181883235,318.7511057819479,537.8059628437767,358.53397026714504,36.982841934545135,1168.4076301812997,5.705311073660715,337.68605856473215,911.0176164469246,412.57619673859125,42.5052443578869,1168.4076301812997,5.705311073660715,337.68605856473215,911.0176164469246,412.57619673859125,42.5052443578869
2026-02-27 13:00:00+00:00,246.66599999999994,0.0,350.480275,658.088675,433.807425,61.0571125,552.9215936208375,6.770698233891926,318.50794645734635,547.1909566886493,364.35716333154306,36.75960087921668,1168.4076301812997,5.705311073660715,337.68605856473215,911.0176164469246,412.57619673859125,42.5052443578869,1168.4076301812997,5.705311073660715,337.68605856473215,911.0176164469246,412.57619673859125,42.5052443578869
2026-02-27 14:00:00+00:00,268.14785000000006,0.0,372.393975,651.095475,448.89495,58.815675,544.4544625034829,4.281199450955215,319.1442438755455,612.2368723343778,387.0502367171778,37.14130126821378,1168.4076301812997,5.705311073660715,337.68605856473215,911.0176164469246,412.57619673859125,42.5052443578869,1168.4076301812997,5.705311073660715,337.68605856473215,911.0176164469246,412.57619673859125,42.5052443578869
2026-02-27 15:00:00+00:00,324.446325,0.0,387.9421,1370.143075,485.37645,54.6372,751.5635658550766,3.009422203265229,321.75237664341796,986.5303797601008,410.7787741914499,37.16121884616804,1168.4076301812997,5.705311073660715,337.68605856473215,911.0176164469246,412.57619673859125,42.5052443578869,1168.4076301812997,5.705311073660715,337.68605856473215,911.0176164469246,412.57619673859125,42.5052443578869
2026-02-27 16:00:00+00:00,454.845875,0.0,401.634275,1665.87095,511.760175,54.828275,1611.0010015910063,3.7326990272565084,342.52498533458436,1297.0211339652358,476.13898993591454,38.1072149694412,1168.4076301812997,5.705311073660715,337.68605856473215,911.0176164469246,412.57619673859125,42.5052443578869,1168.4076301812997,5.705311073660715,337.68605856473215,911.0176164469246,412.57619673859125,42.5052443578869
2026-02-27 17:00:00+00:00,464.5856,0.0,429.073275,1330.6336000000001,517.221125,58.00995,1843.7434802249895,3.2341854379562602,341.28384114826105,1400.153619344162,481.35964897371196,34.87479894843097,1168.4076301812997,5.705311073660715,337.68605856473215,911.0176164469246,412.57619673859125,42.5052443578869,1168.4076301812997,5.705311073660715,337.68605856473215,911.0176164469246,412.57619673859125,42.5052443578869
2026-02-27 18:00:00+00:00,386.77852499999995,0.0,430.892025,1379.238075,515.8587,56.678075,1777.7495113558416,9.694452749211493,354.2816346408396,947.7507768000071,469.7698697070686,37.19298514454768,1168.4076301812997,5.705311073660715,337.68605856473215,911.0176164469246,412.57619673859125,42.5052443578869,1168.4076301812997,5.705311073660715,337.68605856473215,911.0176164469246,412.57619673859125,42.5052443578869
2026-02-27 19:00:00+00:00,378.93067500000006,0.0,431.73365,1306.701475,499.090625,58.1181,1233.9465765546822,12.189947963091463,346.6302053450835,814.5766047556074,459.50168069338747,38.761189385131715,1168.4076301812997,5.705311073660715,337.68605856473215,911.0176164469246,412.57619673859125,42.5052443578869,1168.4076301812997,5.705311073660715,337.68605856473215,911.0176164469246,412.57619673859125,42.5052443578869
2026-02-27 20:00:00+00:00,297.50775,0.0,432.92875,1047.8442499999999,476.5494,57.467,1056.94340182541,4.239446710622147,330.25818422175485,729.1285458499317,440.7389489288162,39.01753836488876,1168.4076301812997,5.705311073660715,337.68605856473215,911.0176164469246,412.57619673859125,42.5052443578869,1168.4076301812997,5.705311073660715,337.68605856473215,911.0176164469246,412.57619673859125,42.5052443578869
2026-02-27 21:00:00+00:00,251.51960000000008,0.0,413.489575,1112.1954250000001,458.10275,52.38365,1086.9069338634713,3.0774848563290895,332.5029639034064,760.127921273411,415.51655457985413,37.480868241306204,1168.4076301812997,5.705311073660715,337.68605856473215,911.0176164469246,412.57619673859125,42.5052443578869,1168.4076301812997,5.705311073660715,337.68605856473215,911.0176164469246,412.57619673859125,42.5052443578869
2026-02-27 22:00:00+00:00,225.650575,0.0,404.307125,965.2840999999999,438.430975,52.23925,873.3968953028523,3.077020354344558,333.7422921624596,615.3429531382114,415.92412227376934,37.501600816513374,1168.4076301812997,5.705311073660715,337.68605856473215,911.0176164469246,412.57619673859125,42.5052443578869,1168.4076301812997,5.705311073660715,337.68605856473215,911.0176164469246,412.57619673859125,42.5052443578869
2026-02-27 23:00:00+00:00,215.01150000000007,0.0,405.849275,942.904825,427.6012,54.195075,1004.3956618134316,0.40771863735680114,326.0539058976224,596.435451893728,397.240073679198,37.00742276118421,1168.4076301812997,5.705311073660715,337.68605856473215,911.0176164469246,412.57619673859125,42.5052443578869,1168.4076301812997,5.705311073660715,337.68605856473215,911.0176164469246,412.57619673859125,42.5052443578869
