date,hard_coal_tran_actual,oil_tran_actual,gas_tran_actual,renewables_tran_actual,biomass_tran_actual,waste_tran_actual,hard_coal_tran_fitted,oil_tran_fitted,gas_tran_fitted,renewables_tran_fitted,biomass_tran_fitted,waste_tran_fitted,hard_coal_tran_lower,oil_tran_lower,gas_tran_lower,renewables_tran_lower,biomass_tran_lower,waste_tran_lower,hard_coal_tran_upper,oil_tran_upper,gas_tran_upper,renewables_tran_upper,biomass_tran_upper,waste_tran_upper
2026-01-24 00:00:00+00:00,1754.1666,0.0,415.55442500000004,339.8633500000001,421.47114999999997,63.204585,1179.3999096827872,5.4383870018797,334.0617108709273,819.0667728219086,408.2153021803251,41.703060834743106,1168.4076301812997,5.705311073660715,337.68605856473215,911.0176164469246,412.57619673859125,42.5052443578869,1168.4076301812997,5.705311073660715,337.68605856473215,911.0176164469246,412.57619673859125,42.5052443578869
2026-01-24 01:00:00+00:00,1643.116525,0.0,416.28677500000003,337.60525000000007,417.48095,63.271555000000006,1178.8105896334214,5.4383870018797,334.0617108709273,827.4110811805533,409.279234397983,41.703060834743106,1168.4076301812997,5.705311073660715,337.68605856473215,911.0176164469246,412.57619673859125,42.5052443578869,1168.4076301812997,5.705311073660715,337.68605856473215,911.0176164469246,412.57619673859125,42.5052443578869
2026-01-24 02:00:00+00:00,1567.2285,0.0,416.306625,347.05665,417.432275,63.338525000000004,1179.7306604990877,5.4383870018797,334.0617108709273,835.7553895391982,410.3609012982542,41.703060834743106,1168.4076301812997,5.705311073660715,337.68605856473215,911.0176164469246,412.57619673859125,42.5052443578869,1168.4076301812997,5.705311073660715,337.68605856473215,911.0176164469246,412.57619673859125,42.5052443578869
2026-01-24 03:00:00+00:00,1567.34005,0.0,416.189825,331.36957499999994,420.48650000000004,61.726275,1180.9033343287206,5.4383870018797,334.0617108709273,844.099697897843,411.27933416879716,41.703060834743106,1168.4076301812997,5.705311073660715,337.68605856473215,911.0176164469246,412.57619673859125,42.5052443578869,1168.4076301812997,5.705311073660715,337.68605856473215,911.0176164469246,412.57619673859125,42.5052443578869
2026-01-24 04:00:00+00:00,1569.6422,0.0,416.05809999999997,329.3012,432.498975,59.854150000000004,1182.956928012861,5.4383870018797,334.0617108709273,852.4440062564879,411.86868826448045,41.703060834743106,1168.4076301812997,5.705311073660715,337.68605856473215,911.0176164469246,412.57619673859125,42.5052443578869,1168.4076301812997,5.705311073660715,337.68605856473215,911.0176164469246,412.57619673859125,42.5052443578869
2026-01-24 05:00:00+00:00,1611.4128,0.0,416.01675,342.87559999999996,457.71865,58.298125,1193.0773930886996,5.4383870018797,334.0617108709273,860.7883146151327,412.96294487402525,41.703060834743106,1168.4076301812997,5.705311073660715,337.68605856473215,911.0176164469246,412.57619673859125,42.5052443578869,1168.4076301812997,5.705311073660715,337.68605856473215,911.0176164469246,412.57619673859125,42.5052443578869
2026-01-24 06:00:00+00:00,1611.14005,0.0,415.27305,335.47872500000005,487.2389,57.049275,1208.3159582342164,5.4383870018797,334.0617108709273,869.1326229737775,414.4957710972767,41.703060834743106,1168.4076301812997,5.705311073660715,337.68605856473215,911.0176164469246,412.57619673859125,42.5052443578869,1168.4076301812997,5.705311073660715,337.68605856473215,911.0176164469246,412.57619673859125,42.5052443578869
2026-01-24 07:00:00+00:00,1717.45245,0.0,415.88374999999996,491.28937499999995,511.7744,56.859925000000004,1224.7494618123853,5.4383870018797,334.0617108709273,877.4769313324224,415.78160585574824,41.703060834743106,1168.4076301812997,5.705311073660715,337.68605856473215,911.0176164469246,412.57619673859125,42.5052443578869,1168.4076301812997,5.705311073660715,337.68605856473215,911.0176164469246,412.57619673859125,42.5052443578869
2026-01-24 08:00:00+00:00,1788.5552,0.0,415.29425000000003,694.3797500000001,506.462425,59.142925,1223.1630720965213,5.4383870018797,334.0617108709273,885.8212396910673,416.362626844246,41.703060834743106,1168.4076301812997,5.705311073660715,337.68605856473215,911.0176164469246,412.57619673859125,42.5052443578869,1168.4076301812997,5.705311073660715,337.68605856473215,911.0176164469246,412.57619673859125,42.5052443578869
2026-01-24 09:00:00+00:00,1649.809275,0.0,414.949975,563.4586999999999,487.04645,61.52185,1199.9596327461013,5.4383870018797,334.0617108709273,894.165548049712,415.9041245019208,41.703060834743106,1168.4076301812997,5.705311073660715,337.68605856473215,911.0176164469246,412.57619673859125,42.5052443578869,1168.4076301812997,5.705311073660715,337.68605856473215,911.0176164469246,412.57619673859125,42.5052443578869
2026-01-24 10:00:00+00:00,1636.36515,0.0,415.099875,462.43635,463.485225,61.386425,1171.7059919882774,5.4383870018797,334.0617108709273,902.5098564083569,415.1441654536943,41.703060834743106,1168.4076301812997,5.705311073660715,337.68605856473215,911.0176164469246,412.57619673859125,42.5052443578869,1168.4076301812997,5.705311073660715,337.68605856473215,911.0176164469246,412.57619673859125,42.5052443578869
2026-01-24 11:00:00+00:00,1500.422275,0.0,415.180525,405.05049999999994,450.278825,63.30375,1146.4479026798795,5.4383870018797,334.0617108709273,910.8541647670017,414.7754104088262,41.703060834743106,1168.4076301812997,5.705311073660715,337.68605856473215,911.0176164469246,412.57619673859125,42.5052443578869,1168.4076301812997,5.705311073660715,337.68605856473215,911.0176164469246,412.57619673859125,42.5052443578869
2026-01-24 12:00:00+00:00,1614.9857,0.0,414.37375000000003,368.4993999999999,448.85609999999997,62.97535,1137.5274687360777,5.4383870018797,334.0617108709273,919.1984731256466,415.3241473774326,41.703060834743106,1168.4076301812997,5.705311073660715,337.68605856473215,911.0176164469246,412.57619673859125,42.5052443578869,1168.4076301812997,5.705311073660715,337.68605856473215,911.0176164469246,412.57619673859125,42.5052443578869
2026-01-24 13:00:00+00:00,1688.9980500000001,0.0,414.22855000000004,337.56072500000005,449.497025,62.646950000000004,1153.0501573783479,5.4383870018797,334.0617108709273,927.5427814842914,416.3774707785657,41.703060834743106,1168.4076301812997,5.705311073660715,337.68605856473215,911.0176164469246,412.57619673859125,42.5052443578869,1168.4076301812997,5.705311073660715,337.68605856473215,911.0176164469246,412.57619673859125,42.5052443578869
2026-01-24 14:00:00+00:00,1647.4391249999999,0.0,414.139525,458.683425,458.2247,62.31855,1187.1418107568718,5.4383870018797,334.0617108709273,935.8870898429362,418.3303315401952,41.703060834743106,1168.4076301812997,5.705311073660715,337.68605856473215,911.0176164469246,412.57619673859125,42.5052443578869,1168.4076301812997,5.705311073660715,337.68605856473215,911.0176164469246,412.57619673859125,42.5052443578869
2026-01-24 15:00:00+00:00,1563.6846249999999,0.0,414.84825,628.9095000000001,474.846175,61.99015,1218.372166343279,5.4383870018797,334.0617108709273,944.2313982015811,420.50086484068163,41.703060834743106,1168.4076301812997,5.705311073660715,337.68605856473215,911.0176164469246,412.57619673859125,42.5052443578869,1168.4076301812997,5.705311073660715,337.68605856473215,911.0176164469246,412.57619673859125,42.5052443578869
2026-01-24 16:00:00+00:00,1656.78125,0.0,414.623075,1200.594175,494.79095,62.6785,1243.9607840768017,5.4383870018797,334.0617108709273,952.5757065602259,423.37056852615746,41.703060834743106,1168.4076301812997,5.705311073660715,337.68605856473215,911.0176164469246,412.57619673859125,42.5052443578869,1168.4076301812997,5.705311073660715,337.68605856473215,911.0176164469246,412.57619673859125,42.5052443578869
2026-01-24 17:00:00+00:00,1677.849125,5.38395,414.690225,1158.5968750000002,503.1082,62.832225,1250.2506148509938,5.4383870018797,334.0617108709273,960.9200149188707,424.9235699020506,41.703060834743106,1168.4076301812997,5.705311073660715,337.68605856473215,911.0176164469246,412.57619673859125,42.5052443578869,1168.4076301812997,5.705311073660715,337.68605856473215,911.0176164469246,412.57619673859125,42.5052443578869
2026-01-24 18:00:00+00:00,1678.216825,169.004075,414.78815,757.8638,494.9019,62.5517,1240.9745268966767,5.4383870018797,334.0617108709273,969.2643232775156,426.04304302548434,41.703060834743106,1168.4076301812997,5.705311073660715,337.68605856473215,911.0176164469246,412.57619673859125,42.5052443578869,1168.4076301812997,5.705311073660715,337.68605856473215,911.0176164469246,412.57619673859125,42.5052443578869
2026-01-24 19:00:00+00:00,1673.408575,169.2167,414.8508,390.6074000000001,477.29045,63.585925,1222.3945717216307,5.4383870018797,334.0617108709273,977.6086316361605,426.6979064073588,41.703060834743106,1168.4076301812997,5.705311073660715,337.68605856473215,911.0176164469246,412.57619673859125,42.5052443578869,1168.4076301812997,5.705311073660715,337.68605856473215,911.0176164469246,412.57619673859125,42.5052443578869
2026-01-24 20:00:00+00:00,1671.20595,6.02585,415.06045,390.506,463.7427,61.147,1212.9473301872426,5.4383870018797,334.0617108709273,985.9529399948053,427.67391204960217,41.703060834743106,1168.4076301812997,5.705311073660715,337.68605856473215,911.0176164469246,412.57619673859125,42.5052443578869,1168.4076301812997,5.705311073660715,337.68605856473215,911.0176164469246,412.57619673859125,42.5052443578869
2026-01-24 21:00:00+00:00,1656.9578,0.0,414.994475,378.83822499999997,454.199475,61.533249999999995,1205.5366445858006,5.4383870018797,334.0617108709273,994.2972483534501,428.5368140592802,41.703060834743106,1168.4076301812997,5.705311073660715,337.68605856473215,911.0176164469246,412.57619673859125,42.5052443578869,1168.4076301812997,5.705311073660715,337.68605856473215,911.0176164469246,412.57619673859125,42.5052443578869
2026-01-24 22:00:00+00:00,1507.2785,0.0,416.057675,338.3272750000001,441.58385,60.9354,1187.4697905969576,5.4383870018797,334.0617108709273,1002.6415567120949,429.03790256426487,41.703060834743106,1168.4076301812997,5.705311073660715,337.68605856473215,911.0176164469246,412.57619673859125,42.5052443578869,1168.4076301812997,5.705311073660715,337.68605856473215,911.0176164469246,412.57619673859125,42.5052443578869
2026-01-24 23:00:00+00:00,1475.778425,0.0,416.34614999999997,329.837525,431.071425,58.545325,1173.5891133580108,5.4383870018797,334.0617108709273,1010.9858650707398,429.6382178995659,41.703060834743106,1168.4076301812997,5.705311073660715,337.68605856473215,911.0176164469246,412.57619673859125,42.5052443578869,1168.4076301812997,5.705311073660715,337.68605856473215,911.0176164469246,412.57619673859125,42.5052443578869
2026-01-25 00:00:00+00:00,1452.84505,0.0,417.39412500000003,323.78767500000004,426.286675,57.48715,1165.1645434368938,5.4383870018797,334.0617108709273,819.0667728219086,408.62006402905143,41.703060834743106,1168.4076301812997,5.705311073660715,337.68605856473215,911.0176164469246,412.57619673859125,42.5052443578869,1168.4076301812997,5.705311073660715,337.68605856473215,911.0176164469246,412.57619673859125,42.5052443578869
2026-01-25 01:00:00+00:00,1440.207475,0.0,445.6629,321.30217500000003,428.16925,48.895025,1157.0207333358815,5.4383870018797,334.0617108709273,827.4110811805533,409.15249772485123,41.703060834743106,1168.4076301812997,5.705311073660715,337.68605856473215,911.0176164469246,412.57619673859125,42.5052443578869,1168.4076301812997,5.705311073660715,337.68605856473215,911.0176164469246,412.57619673859125,42.5052443578869
2026-01-25 02:00:00+00:00,1433.0688,0.0,445.9001,324.001175,429.6605,53.494325,1157.027683584534,5.4383870018797,334.0617108709273,835.7553895391982,409.96679668516157,41.703060834743106,1168.4076301812997,5.705311073660715,337.68605856473215,911.0176164469246,412.57619673859125,42.5052443578869,1168.4076301812997,5.705311073660715,337.68605856473215,911.0176164469246,412.57619673859125,42.5052443578869
2026-01-25 03:00:00+00:00,1435.296525,0.0,445.819475,320.674975,427.279875,58.1589,1160.0511873129105,5.4383870018797,334.0617108709273,844.099697897843,410.94714405696635,41.703060834743106,1168.4076301812997,5.705311073660715,337.68605856473215,911.0176164469246,412.57619673859125,42.5052443578869,1168.4076301812997,5.705311073660715,337.68605856473215,911.0176164469246,412.57619673859125,42.5052443578869
2026-01-25 04:00:00+00:00,1442.465875,0.0,445.8227,324.9823,434.0054,63.65865,1158.2940605717877,5.4383870018797,334.0617108709273,852.4440062564879,411.7172862019923,41.703060834743106,1168.4076301812997,5.705311073660715,337.68605856473215,911.0176164469246,412.57619673859125,42.5052443578869,1168.4076301812997,5.705311073660715,337.68605856473215,911.0176164469246,412.57619673859125,42.5052443578869
2026-01-25 05:00:00+00:00,1440.32565,0.0,445.72702499999997,336.6557,451.71895,63.2723,1162.251661620455,5.4383870018797,334.0617108709273,860.7883146151327,412.61686839322067,41.703060834743106,1168.4076301812997,5.705311073660715,337.68605856473215,911.0176164469246,412.57619673859125,42.5052443578869,1168.4076301812997,5.705311073660715,337.68605856473215,911.0176164469246,412.57619673859125,42.5052443578869
2026-01-25 06:00:00+00:00,1471.432675,0.0,435.827675,354.33277499999997,476.1647,61.7725,1171.2007758053578,5.4383870018797,334.0617108709273,869.1326229737775,413.827758644988,41.703060834743106,1168.4076301812997,5.705311073660715,337.68605856473215,911.0176164469246,412.57619673859125,42.5052443578869,1168.4076301812997,5.705311073660715,337.68605856473215,911.0176164469246,412.57619673859125,42.5052443578869
2026-01-25 07:00:00+00:00,1462.190275,0.0,436.62295,338.34725000000003,497.603925,60.537475,1186.651040561923,5.4383870018797,334.0617108709273,877.4769313324224,415.02385631419327,41.703060834743106,1168.4076301812997,5.705311073660715,337.68605856473215,911.0176164469246,412.57619673859125,42.5052443578869,1168.4076301812997,5.705311073660715,337.68605856473215,911.0176164469246,412.57619673859125,42.5052443578869
2026-01-25 08:00:00+00:00,1469.0645,0.0,432.11467500000003,346.8355,496.12865,61.70625,1201.0012839174374,5.4383870018797,334.0617108709273,885.8212396910673,415.9440532224065,41.703060834743106,1168.4076301812997,5.705311073660715,337.68605856473215,911.0176164469246,412.57619673859125,42.5052443578869,1168.4076301812997,5.705311073660715,337.68605856473215,911.0176164469246,412.57619673859125,42.5052443578869
2026-01-25 09:00:00+00:00,1473.527975,0.0,429.327375,328.65305,479.321,60.707875,1203.744983505243,5.4383870018797,334.0617108709273,894.165548049712,416.3860733873769,41.703060834743106,1168.4076301812997,5.705311073660715,337.68605856473215,911.0176164469246,412.57619673859125,42.5052443578869,1168.4076301812997,5.705311073660715,337.68605856473215,911.0176164469246,412.57619673859125,42.5052443578869
2026-01-25 10:00:00+00:00,1477.9355249999999,0.0,427.9493,372.969475,458.430375,62.567350000000005,1202.0775010158425,5.4383870018797,334.0617108709273,902.5098564083569,416.8011300487605,41.703060834743106,1168.4076301812997,5.705311073660715,337.68605856473215,911.0176164469246,412.57619673859125,42.5052443578869,1168.4076301812997,5.705311073660715,337.68605856473215,911.0176164469246,412.57619673859125,42.5052443578869
2026-01-25 11:00:00+00:00,1477.70545,0.0,427.45895,503.806625,454.8807,63.727925,1197.8160601843858,5.4383870018797,334.0617108709273,910.8541647670017,417.13630644142813,41.703060834743106,1168.4076301812997,5.705311073660715,337.68605856473215,911.0176164469246,412.57619673859125,42.5052443578869,1168.4076301812997,5.705311073660715,337.68605856473215,911.0176164469246,412.57619673859125,42.5052443578869
2026-01-25 12:00:00+00:00,1464.8402,0.0,428.142275,400.4312749999999,451.84159999999997,62.592775,1192.668603719226,5.4383870018797,334.0617108709273,919.1984731256466,418.1380765560773,41.703060834743106,1168.4076301812997,5.705311073660715,337.68605856473215,911.0176164469246,412.57619673859125,42.5052443578869,1168.4076301812997,5.705311073660715,337.68605856473215,911.0176164469246,412.57619673859125,42.5052443578869
2026-01-25 13:00:00+00:00,1466.2904250000001,0.0,428.097875,439.16187500000007,463.06487500000003,60.766925,1195.9272116341272,5.4383870018797,334.0617108709273,927.5427814842914,419.0553730402772,41.703060834743106,1168.4076301812997,5.705311073660715,337.68605856473215,911.0176164469246,412.57619673859125,42.5052443578869,1168.4076301812997,5.705311073660715,337.68605856473215,911.0176164469246,412.57619673859125,42.5052443578869
2026-01-25 14:00:00+00:00,1481.40975,0.0,428.08005,482.1093,483.39572499999997,60.62775,1212.8473184090521,5.4383870018797,334.0617108709273,935.8870898429362,420.53161820826244,41.703060834743106,1168.4076301812997,5.705311073660715,337.68605856473215,911.0176164469246,412.57619673859125,42.5052443578869,1168.4076301812997,5.705311073660715,337.68605856473215,911.0176164469246,412.57619673859125,42.5052443578869
2026-01-25 15:00:00+00:00,1568.41955,0.0,427.97505,698.831275,500.905475,57.0792,1228.8224557710967,5.4383870018797,334.0617108709273,944.2313982015811,422.05676299896004,41.703060834743106,1168.4076301812997,5.705311073660715,337.68605856473215,911.0176164469246,412.57619673859125,42.5052443578869,1168.4076301812997,5.705311073660715,337.68605856473215,911.0176164469246,412.57619673859125,42.5052443578869
2026-01-25 16:00:00+00:00,1642.2581,0.0,440.48017500000003,1330.770125,519.605775,59.789675,1251.888629596627,5.4383870018797,334.0617108709273,952.5757065602259,423.94948626366414,41.703060834743106,1168.4076301812997,5.705311073660715,337.68605856473215,911.0176164469246,412.57619673859125,42.5052443578869,1168.4076301812997,5.705311073660715,337.68605856473215,911.0176164469246,412.57619673859125,42.5052443578869
2026-01-25 17:00:00+00:00,1654.02935,0.0,444.48632499999997,1326.6184,519.398225,61.414500000000004,1259.042332832779,5.4383870018797,334.0617108709273,960.9200149188707,425.21293136933645,41.703060834743106,1168.4076301812997,5.705311073660715,337.68605856473215,911.0176164469246,412.57619673859125,42.5052443578869,1168.4076301812997,5.705311073660715,337.68605856473215,911.0176164469246,412.57619673859125,42.5052443578869
2026-01-25 18:00:00+00:00,1658.2533,0.0,444.405425,1233.6456,506.607525,62.18285,1251.7681536684765,5.4383870018797,334.0617108709273,969.2643232775156,426.0101210095956,41.703060834743106,1168.4076301812997,5.705311073660715,337.68605856473215,911.0176164469246,412.57619673859125,42.5052443578869,1168.4076301812997,5.705311073660715,337.68605856473215,911.0176164469246,412.57619673859125,42.5052443578869
2026-01-25 19:00:00+00:00,1615.184425,0.0,444.56395000000003,725.20455,501.6697,62.62795,1241.160403285109,5.4383870018797,334.0617108709273,977.6086316361605,426.7387060478455,41.703060834743106,1168.4076301812997,5.705311073660715,337.68605856473215,911.0176164469246,412.57619673859125,42.5052443578869,1168.4076301812997,5.705311073660715,337.68605856473215,911.0176164469246,412.57619673859125,42.5052443578869
2026-01-25 20:00:00+00:00,1626.85495,0.0,436.44505000000004,483.0497,489.3396,63.665325,1235.5966484669614,5.4383870018797,334.0617108709273,985.9529399948053,427.59596290563275,41.703060834743106,1168.4076301812997,5.705311073660715,337.68605856473215,911.0176164469246,412.57619673859125,42.5052443578869,1168.4076301812997,5.705311073660715,337.68605856473215,911.0176164469246,412.57619673859125,42.5052443578869
2026-01-25 21:00:00+00:00,1647.91795,0.0,437.83495,1069.810425,473.0949,63.559371875000004,1227.2539132301642,5.4383870018797,334.0617108709273,994.2972483534501,428.35957435461273,41.703060834743106,1168.4076301812997,5.705311073660715,337.68605856473215,911.0176164469246,412.57619673859125,42.5052443578869,1168.4076301812997,5.705311073660715,337.68605856473215,911.0176164469246,412.57619673859125,42.5052443578869
2026-01-25 22:00:00+00:00,1650.1558,0.0,444.463325,742.235775,459.26165,63.453418750000004,1210.7218987355254,5.4383870018797,334.0617108709273,1002.6415567120949,428.80027001194827,41.703060834743106,1168.4076301812997,5.705311073660715,337.68605856473215,911.0176164469246,412.57619673859125,42.5052443578869,1168.4076301812997,5.705311073660715,337.68605856473215,911.0176164469246,412.57619673859125,42.5052443578869
2026-01-25 23:00:00+00:00,1634.0832,0.0,439.31960000000004,514.6003000000001,443.67562499999997,63.347465625000005,1196.2222543754247,5.4383870018797,334.0617108709273,1010.9858650707398,429.33327152430394,41.703060834743106,1168.4076301812997,5.705311073660715,337.68605856473215,911.0176164469246,412.57619673859125,42.5052443578869,1168.4076301812997,5.705311073660715,337.68605856473215,911.0176164469246,412.57619673859125,42.5052443578869
2026-01-26 00:00:00+00:00,1624.97125,0.0,431.157825,509.3581999999999,435.03625,63.2415125,1183.8022432778578,5.4383870018797,334.0617108709273,819.0667728219086,407.9016887705959,41.703060834743106,1168.4076301812997,5.705311073660715,337.68605856473215,911.0176164469246,412.57619673859125,42.5052443578869,1168.4076301812997,5.705311073660715,337.68605856473215,911.0176164469246,412.57619673859125,42.5052443578869
2026-01-26 01:00:00+00:00,1660.4774750000001,0.0,431.803275,334.3133,432.088175,63.135559375,1175.4063202355571,5.4383870018797,334.0617108709273,827.4110811805533,408.6439035223467,41.703060834743106,1168.4076301812997,5.705311073660715,337.68605856473215,911.0176164469246,412.57619673859125,42.5052443578869,1168.4076301812997,5.705311073660715,337.68605856473215,911.0176164469246,412.57619673859125,42.5052443578869
2026-01-26 02:00:00+00:00,1807.02425,0.0,432.7085,357.58912499999997,430.205225,63.02960625,1169.342075543156,5.4383870018797,334.0617108709273,835.7553895391982,409.4571257648257,41.703060834743106,1168.4076301812997,5.705311073660715,337.68605856473215,911.0176164469246,412.57619673859125,42.5052443578869,1168.4076301812997,5.705311073660715,337.68605856473215,911.0176164469246,412.57619673859125,42.5052443578869
2026-01-26 03:00:00+00:00,1732.81745,0.0,433.82347500000003,325.799525,430.0977,62.923653125,1176.5111342488678,5.4383870018797,334.0617108709273,844.099697897843,410.4931938594522,41.703060834743106,1168.4076301812997,5.705311073660715,337.68605856473215,911.0176164469246,412.57619673859125,42.5052443578869,1168.4076301812997,5.705311073660715,337.68605856473215,911.0176164469246,412.57619673859125,42.5052443578869
2026-01-26 04:00:00+00:00,1963.5153500000001,93.21135000000001,443.6078,343.88300000000004,440.3183,62.8177,1204.289181504388,5.4383870018797,334.0617108709273,852.4440062564879,411.905640742008,41.703060834743106,1168.4076301812997,5.705311073660715,337.68605856473215,911.0176164469246,412.57619673859125,42.5052443578869,1168.4076301812997,5.705311073660715,337.68605856473215,911.0176164469246,412.57619673859125,42.5052443578869
2026-01-26 05:00:00+00:00,2230.17675,105.64513750000002,447.019585,536.0441500000001,462.971775,60.49045,1263.5087384731676,5.4383870018797,334.0617108709273,860.7883146151327,414.1001021867402,41.703060834743106,1168.4076301812997,5.705311073660715,337.68605856473215,911.0176164469246,412.57619673859125,42.5052443578869,1168.4076301812997,5.705311073660715,337.68605856473215,911.0176164469246,412.57619673859125,42.5052443578869
2026-01-26 06:00:00+00:00,2267.715575,118.07892500000001,450.43137,963.773775,487.20905,61.560249999999996,1298.2741717362148,5.4383870018797,334.0617108709273,869.1326229737775,415.7763603389406,41.703060834743106,1168.4076301812997,5.705311073660715,337.68605856473215,911.0176164469246,412.57619673859125,42.5052443578869,1168.4076301812997,5.705311073660715,337.68605856473215,911.0176164469246,412.57619673859125,42.5052443578869
2026-01-26 07:00:00+00:00,2406.1641250000002,130.51271250000002,453.843155,920.65365,502.197675,63.342,1316.7175928327545,5.4383870018797,334.0617108709273,877.4769313324224,416.92517673503875,41.703060834743106,1168.4076301812997,5.705311073660715,337.68605856473215,911.0176164469246,412.57619673859125,42.5052443578869,1168.4076301812997,5.705311073660715,337.68605856473215,911.0176164469246,412.57619673859125,42.5052443578869
2026-01-26 08:00:00+00:00,2559.35995,142.94650000000001,457.25494,1150.79125,501.329175,63.392153125,1316.4723937652395,5.4383870018797,334.0617108709273,885.8212396910673,417.600580134017,41.703060834743106,1168.4076301812997,5.705311073660715,337.68605856473215,911.0176164469246,412.57619673859125,42.5052443578869,1168.4076301812997,5.705311073660715,337.68605856473215,911.0176164469246,412.57619673859125,42.5052443578869
2026-01-26 09:00:00+00:00,2571.949825,120.32815,460.666725,1347.960325,482.780125,63.44230625,1308.9463272944308,5.4383870018797,334.0617108709273,894.165548049712,418.11160399726145,41.703060834743106,1168.4076301812997,5.705311073660715,337.68605856473215,911.0176164469246,412.57619673859125,42.5052443578869,1168.4076301812997,5.705311073660715,337.68605856473215,911.0176164469246,412.57619673859125,42.5052443578869
2026-01-26 10:00:00+00:00,2565.1596,120.301975,464.07851,1016.7594000000001,462.1214,63.492459374999996,1298.1913821242522,5.4383870018797,334.0617108709273,902.5098564083569,418.5808048159637,41.703060834743106,1168.4076301812997,5.705311073660715,337.68605856473215,911.0176164469246,412.57619673859125,42.5052443578869,1168.4076301812997,5.705311073660715,337.68605856473215,911.0176164469246,412.57619673859125,42.5052443578869
2026-01-26 11:00:00+00:00,2557.545925,120.281925,467.490295,1095.472575,449.66295,63.5426125,1284.3942136466515,5.4383870018797,334.0617108709273,910.8541647670017,418.7263819502141,41.703060834743106,1168.4076301812997,5.705311073660715,337.68605856473215,911.0176164469246,412.57619673859125,42.5052443578869,1168.4076301812997,5.705311073660715,337.68605856473215,911.0176164469246,412.57619673859125,42.5052443578869
2026-01-26 12:00:00+00:00,2543.6258749999997,120.22347500000001,470.90208,1132.363675,442.0662,63.592765625,1272.087837748757,5.4383870018797,334.0617108709273,919.1984731256466,418.8183854855747,41.703060834743106,1168.4076301812997,5.705311073660715,337.68605856473215,911.0176164469246,412.57619673859125,42.5052443578869,1168.4076301812997,5.705311073660715,337.68605856473215,911.0176164469246,412.57619673859125,42.5052443578869
2026-01-26 13:00:00+00:00,2496.804325,119.62890000000002,474.313865,1056.3462749999999,451.061675,63.64291874999999,1260.6372272640756,5.4383870018797,334.0617108709273,927.5427814842914,418.93405884609666,41.703060834743106,1168.4076301812997,5.705311073660715,337.68605856473215,911.0176164469246,412.57619673859125,42.5052443578869,1168.4076301812997,5.705311073660715,337.68605856473215,911.0176164469246,412.57619673859125,42.5052443578869
2026-01-26 14:00:00+00:00,2469.558275,119.64150000000001,477.72565000000003,1085.647075,462.06995,63.693071874999994,1265.9182700600595,5.4383870018797,334.0617108709273,935.8870898429362,419.88346212725946,41.703060834743106,1168.4076301812997,5.705311073660715,337.68605856473215,911.0176164469246,412.57619673859125,42.5052443578869,1168.4076301812997,5.705311073660715,337.68605856473215,911.0176164469246,412.57619673859125,42.5052443578869
2026-01-26 15:00:00+00:00,2443.940075,7.045575,481.137435,1055.4756750000001,494.38687500000003,63.743224999999995,1273.4537374899248,5.4383870018797,334.0617108709273,944.2313982015811,421.13021321520034,41.703060834743106,1168.4076301812997,5.705311073660715,337.68605856473215,911.0176164469246,412.57619673859125,42.5052443578869,1168.4076301812997,5.705311073660715,337.68605856473215,911.0176164469246,412.57619673859125,42.5052443578869
2026-01-26 16:00:00+00:00,2244.530775,0.0,484.54922,1546.108325,512.61385,63.82595,1289.4432676094893,5.4383870018797,334.0617108709273,952.5757065602259,422.8875489093656,41.703060834743106,1168.4076301812997,5.705311073660715,337.68605856473215,911.0176164469246,412.57619673859125,42.5052443578869,1168.4076301812997,5.705311073660715,337.68605856473215,911.0176164469246,412.57619673859125,42.5052443578869
2026-01-26 17:00:00+00:00,2209.7378,0.0,487.961005,1599.23945,514.3047750000001,63.908674999999995,1295.3745022925295,5.4383870018797,334.0617108709273,960.9200149188707,424.1812511255066,41.703060834743106,1168.4076301812997,5.705311073660715,337.68605856473215,911.0176164469246,412.57619673859125,42.5052443578869,1168.4076301812997,5.705311073660715,337.68605856473215,911.0176164469246,412.57619673859125,42.5052443578869
2026-01-26 18:00:00+00:00,2314.943125,0.0,491.37279,1317.0755499999998,498.19725,63.9914,1286.8767599768767,5.4383870018797,334.0617108709273,969.2643232775156,425.01232530216527,41.703060834743106,1168.4076301812997,5.705311073660715,337.68605856473215,911.0176164469246,412.57619673859125,42.5052443578869,1168.4076301812997,5.705311073660715,337.68605856473215,911.0176164469246,412.57619673859125,42.5052443578869
2026-01-26 19:00:00+00:00,2348.971175,0.0,494.784575,903.3125,481.38165,63.9908175,1272.7183332434286,5.4383870018797,334.0617108709273,977.6086316361605,425.8205573870472,41.703060834743106,1168.4076301812997,5.705311073660715,337.68605856473215,911.0176164469246,412.57619673859125,42.5052443578869,1168.4076301812997,5.705311073660715,337.68605856473215,911.0176164469246,412.57619673859125,42.5052443578869
2026-01-26 20:00:00+00:00,2371.0643999999998,0.0,435.20050000000003,781.653325,466.8817,63.990235,1255.7126745049713,5.4383870018797,334.0617108709273,985.9529399948053,426.5812703355209,41.703060834743106,1168.4076301812997,5.705311073660715,337.68605856473215,911.0176164469246,412.57619673859125,42.5052443578869,1168.4076301812997,5.705311073660715,337.68605856473215,911.0176164469246,412.57619673859125,42.5052443578869
2026-01-26 21:00:00+00:00,2398.430825,0.0,433.6551,544.5606999999999,453.319975,63.9896525,1240.4202549333854,5.4383870018797,334.0617108709273,994.2972483534501,426.87280557519466,41.703060834743106,1168.4076301812997,5.705311073660715,337.68605856473215,911.0176164469246,412.57619673859125,42.5052443578869,1168.4076301812997,5.705311073660715,337.68605856473215,911.0176164469246,412.57619673859125,42.5052443578869
2026-01-26 22:00:00+00:00,2389.497125,0.0,410.446575,454.7318250000001,436.959275,63.98907,1226.3119808946349,5.4383870018797,334.0617108709273,1002.6415567120949,427.36853509290313,41.703060834743106,1168.4076301812997,5.705311073660715,337.68605856473215,911.0176164469246,412.57619673859125,42.5052443578869,1168.4076301812997,5.705311073660715,337.68605856473215,911.0176164469246,412.57619673859125,42.5052443578869
2026-01-26 23:00:00+00:00,2245.89575,0.0,404.4854,453.3022250000001,427.700475,63.9884875,1216.368190946931,5.4383870018797,334.0617108709273,1010.9858650707398,428.2075931614883,41.703060834743106,1168.4076301812997,5.705311073660715,337.68605856473215,911.0176164469246,412.57619673859125,42.5052443578869,1168.4076301812997,5.705311073660715,337.68605856473215,911.0176164469246,412.57619673859125,42.5052443578869
2026-01-27 00:00:00+00:00,2276.52655,0.0,404.59094999999996,510.26005000000004,418.805775,63.987905,1209.175047794408,5.4383870018797,334.0617108709273,819.0667728219086,406.9737757528271,41.703060834743106,1168.4076301812997,5.705311073660715,337.68605856473215,911.0176164469246,412.57619673859125,42.5052443578869,1168.4076301812997,5.705311073660715,337.68605856473215,911.0176164469246,412.57619673859125,42.5052443578869
2026-01-27 01:00:00+00:00,2363.2613,0.0,404.6083,512.0324,418.215425,63.9873225,1204.5040677570778,5.4383870018797,334.0617108709273,827.4110811805533,407.8837679591268,41.703060834743106,1168.4076301812997,5.705311073660715,337.68605856473215,911.0176164469246,412.57619673859125,42.5052443578869,1168.4076301812997,5.705311073660715,337.68605856473215,911.0176164469246,412.57619673859125,42.5052443578869
2026-01-27 02:00:00+00:00,2456.98455,17.243025,404.52575,449.130925,417.15745,63.98674,1207.166441480972,5.4383870018797,334.0617108709273,835.7553895391982,408.8571046973483,41.703060834743106,1168.4076301812997,5.705311073660715,337.68605856473215,911.0176164469246,412.57619673859125,42.5052443578869,1168.4076301812997,5.705311073660715,337.68605856473215,911.0176164469246,412.57619673859125,42.5052443578869
2026-01-27 03:00:00+00:00,2518.052675,131.6539,403.749225,522.40055,419.819625,63.9861575,1219.4923694604765,5.4383870018797,334.0617108709273,844.099697897843,410.29408384784267,41.703060834743106,1168.4076301812997,5.705311073660715,337.68605856473215,911.0176164469246,412.57619673859125,42.5052443578869,1168.4076301812997,5.705311073660715,337.68605856473215,911.0176164469246,412.57619673859125,42.5052443578869
2026-01-27 04:00:00+00:00,2492.170275,127.320555,435.633175,628.6167,433.999,63.985575,1241.0067347233194,5.4383870018797,334.0617108709273,852.4440062564879,412.20081784524734,41.703060834743106,1168.4076301812997,5.705311073660715,337.68605856473215,911.0176164469246,412.57619673859125,42.5052443578869,1168.4076301812997,5.705311073660715,337.68605856473215,911.0176164469246,412.57619673859125,42.5052443578869
2026-01-27 05:00:00+00:00,2454.593,122.98720999999999,463.2508,1631.769625,453.35497499999997,63.843087499999996,1288.1856153355916,5.4383870018797,334.0617108709273,860.7883146151327,414.59843142586175,41.703060834743106,1168.4076301812997,5.705311073660715,337.68605856473215,911.0176164469246,412.57619673859125,42.5052443578869,1168.4076301812997,5.705311073660715,337.68605856473215,911.0176164469246,412.57619673859125,42.5052443578869
2026-01-27 06:00:00+00:00,2435.547975,118.65386499999998,463.28528125,1866.5491,476.646675,63.7006,1323.1626370082877,5.4383870018797,334.0617108709273,869.1326229737775,416.4597758557643,41.703060834743106,1168.4076301812997,5.705311073660715,337.68605856473215,911.0176164469246,412.57619673859125,42.5052443578869,1168.4076301812997,5.705311073660715,337.68605856473215,911.0176164469246,412.57619673859125,42.5052443578869
2026-01-27 07:00:00+00:00,2451.7304,114.32052,463.3197625,1915.903025,493.8267,63.71049642857143,1323.2437535513984,5.4383870018797,334.0617108709273,877.4769313324224,417.68331993393105,41.703060834743106,1168.4076301812997,5.705311073660715,337.68605856473215,911.0176164469246,412.57619673859125,42.5052443578869,1168.4076301812997,5.705311073660715,337.68605856473215,911.0176164469246,412.57619673859125,42.5052443578869
2026-01-27 08:00:00+00:00,2487.4627,109.987175,463.35424375,1516.5194499999998,493.0937,63.720392857142855,1285.4540623862447,5.4383870018797,334.0617108709273,885.8212396910673,417.29254824577947,41.703060834743106,1168.4076301812997,5.705311073660715,337.68605856473215,911.0176164469246,412.57619673859125,42.5052443578869,1168.4076301812997,5.705311073660715,337.68605856473215,911.0176164469246,412.57619673859125,42.5052443578869
2026-01-27 09:00:00+00:00,2683.897725,0.0,463.388725,794.371275,469.43995,63.730289285714285,1243.7598282349195,5.4383870018797,334.0617108709273,894.165548049712,415.96517418674995,41.703060834743106,1168.4076301812997,5.705311073660715,337.68605856473215,911.0176164469246,412.57619673859125,42.5052443578869,1168.4076301812997,5.705311073660715,337.68605856473215,911.0176164469246,412.57619673859125,42.5052443578869
2026-01-27 10:00:00+00:00,2822.27695,0.0,354.9433,691.1356,457.126525,63.740185714285715,1213.6942936081243,5.4383870018797,334.0617108709273,902.5098564083569,415.23724922059614,41.703060834743106,1168.4076301812997,5.705311073660715,337.68605856473215,911.0176164469246,412.57619673859125,42.5052443578869,1168.4076301812997,5.705311073660715,337.68605856473215,911.0176164469246,412.57619673859125,42.5052443578869
2026-01-27 11:00:00+00:00,2789.47635,0.0,333.87917500000003,548.733825,448.81375,63.750082142857146,1213.2792127568075,5.4383870018797,334.0617108709273,910.8541647670017,415.5927959465644,41.703060834743106,1168.4076301812997,5.705311073660715,337.68605856473215,911.0176164469246,412.57619673859125,42.5052443578869,1168.4076301812997,5.705311073660715,337.68605856473215,911.0176164469246,412.57619673859125,42.5052443578869
2026-01-27 12:00:00+00:00,2770.896925,0.0,333.963175,447.3021499999999,443.96595,63.75997857142857,1220.0927821157647,5.4383870018797,334.0617108709273,919.1984731256466,416.29952699281085,41.703060834743106,1168.4076301812997,5.705311073660715,337.68605856473215,911.0176164469246,412.57619673859125,42.5052443578869,1168.4076301812997,5.705311073660715,337.68605856473215,911.0176164469246,412.57619673859125,42.5052443578869
2026-01-27 13:00:00+00:00,2853.063925,0.0,333.9078,449.6964750000001,458.04815,63.769875,1246.925024049964,5.4383870018797,334.0617108709273,927.5427814842914,418.1880146828952,41.703060834743106,1168.4076301812997,5.705311073660715,337.68605856473215,911.0176164469246,412.57619673859125,42.5052443578869,1168.4076301812997,5.705311073660715,337.68605856473215,911.0176164469246,412.57619673859125,42.5052443578869
2026-01-27 14:00:00+00:00,2967.3352749999995,0.0,333.648475,452.07812500000006,480.4977,63.825525,1265.9033814904687,5.4383870018797,334.0617108709273,935.8870898429362,419.87663229755293,41.703060834743106,1168.4076301812997,5.705311073660715,337.68605856473215,911.0176164469246,412.57619673859125,42.5052443578869,1168.4076301812997,5.705311073660715,337.68605856473215,911.0176164469246,412.57619673859125,42.5052443578869
2026-01-27 15:00:00+00:00,2969.781,0.0,343.797575,530.25,502.5589,63.881175,1275.8000580280514,5.4383870018797,334.0617108709273,944.2313982015811,421.5811531223197,41.703060834743106,1168.4076301812997,5.705311073660715,337.68605856473215,911.0176164469246,412.57619673859125,42.5052443578869,1168.4076301812997,5.705311073660715,337.68605856473215,911.0176164469246,412.57619673859125,42.5052443578869
2026-01-27 16:00:00+00:00,2955.958,0.0,373.834575,542.77745,518.6502499999999,63.936825,1293.4772399067574,5.4383870018797,334.0617108709273,952.5757065602259,423.3713941710115,41.703060834743106,1168.4076301812997,5.705311073660715,337.68605856473215,911.0176164469246,412.57619673859125,42.5052443578869,1168.4076301812997,5.705311073660715,337.68605856473215,911.0176164469246,412.57619673859125,42.5052443578869
2026-01-27 17:00:00+00:00,2950.08925,0.0,392.5443,680.6227250000001,513.64075,63.74590357142857,1296.7803449537519,5.4383870018797,334.0617108709273,960.9200149188707,424.54304844459637,41.703060834743106,1168.4076301812997,5.705311073660715,337.68605856473215,911.0176164469246,412.57619673859125,42.5052443578869,1168.4076301812997,5.705311073660715,337.68605856473215,911.0176164469246,412.57619673859125,42.5052443578869
2026-01-27 18:00:00+00:00,2958.1253749999996,0.0,403.16657499999997,669.39255,510.88865,63.55498214285714,1291.6913064932585,5.4383870018797,334.0617108709273,969.2643232775156,425.42024571926413,41.703060834743106,1168.4076301812997,5.705311073660715,337.68605856473215,911.0176164469246,412.57619673859125,42.5052443578869,1168.4076301812997,5.705311073660715,337.68605856473215,911.0176164469246,412.57619673859125,42.5052443578869
2026-01-27 19:00:00+00:00,2960.6917250000006,0.0,404.35515,648.3174,494.1942,63.36406071428571,1277.3312913988584,5.4383870018797,334.0617108709273,977.6086316361605,425.8106852629288,41.703060834743106,1168.4076301812997,5.705311073660715,337.68605856473215,911.0176164469246,412.57619673859125,42.5052443578869,1168.4076301812997,5.705311073660715,337.68605856473215,911.0176164469246,412.57619673859125,42.5052443578869
2026-01-27 20:00:00+00:00,2958.549675,0.0,404.301625,935.90355,481.7718,63.173139285714285,1266.8627494098241,5.4383870018797,334.0617108709273,985.9529399948053,426.3539729698773,41.703060834743106,1168.4076301812997,5.705311073660715,337.68605856473215,911.0176164469246,412.57619673859125,42.5052443578869,1168.4076301812997,5.705311073660715,337.68605856473215,911.0176164469246,412.57619673859125,42.5052443578869
2026-01-27 21:00:00+00:00,2705.402925,0.0,404.50325,967.2752,465.17240000000004,62.98221785714286,1246.4815031800742,5.4383870018797,334.0617108709273,994.2972483534501,426.60640237898065,41.703060834743106,1168.4076301812997,5.705311073660715,337.68605856473215,911.0176164469246,412.57619673859125,42.5052443578869,1168.4076301812997,5.705311073660715,337.68605856473215,911.0176164469246,412.57619673859125,42.5052443578869
2026-01-27 22:00:00+00:00,2469.0018250000003,0.0,404.670825,515.415175,450.903275,62.79129642857143,1231.3919282696236,5.4383870018797,334.0617108709273,1002.6415567120949,427.2319605322246,41.703060834743106,1168.4076301812997,5.705311073660715,337.68605856473215,911.0176164469246,412.57619673859125,42.5052443578869,1168.4076301812997,5.705311073660715,337.68605856473215,911.0176164469246,412.57619673859125,42.5052443578869
2026-01-27 23:00:00+00:00,2469.07985,0.0,378.37677499999995,491.55285,434.30815,62.600375,1216.1648060577938,5.4383870018797,334.0617108709273,1010.9858650707398,427.76871152580185,41.703060834743106,1168.4076301812997,5.705311073660715,337.68605856473215,911.0176164469246,412.57619673859125,42.5052443578869,1168.4076301812997,5.705311073660715,337.68605856473215,911.0176164469246,412.57619673859125,42.5052443578869
2026-01-28 00:00:00+00:00,2412.2108749999998,0.0,373.781625,509.79275,432.033375,64.04885,1205.7078590038873,5.4383870018797,334.0617108709273,819.0667728219086,406.70013307873637,41.703060834743106,1168.4076301812997,5.705311073660715,337.68605856473215,911.0176164469246,412.57619673859125,42.5052443578869,1168.4076301812997,5.705311073660715,337.68605856473215,911.0176164469246,412.57619673859125,42.5052443578869
2026-01-28 01:00:00+00:00,2418.879875,0.0,373.87260000000003,526.313625,425.592225,63.399675,1198.447350158306,5.4383870018797,334.0617108709273,827.4110811805533,407.38933052626476,41.703060834743106,1168.4076301812997,5.705311073660715,337.68605856473215,911.0176164469246,412.57619673859125,42.5052443578869,1168.4076301812997,5.705311073660715,337.68605856473215,911.0176164469246,412.57619673859125,42.5052443578869
2026-01-28 02:00:00+00:00,2664.362925,0.0,373.787325,425.830975,426.96565,62.7505,1199.278421894874,5.4383870018797,334.0617108709273,835.7553895391982,408.3151949172776,41.703060834743106,1168.4076301812997,5.705311073660715,337.68605856473215,911.0176164469246,412.57619673859125,42.5052443578869,1168.4076301812997,5.705311073660715,337.68605856473215,911.0176164469246,412.57619673859125,42.5052443578869
2026-01-28 03:00:00+00:00,3003.0143,0.0,373.466625,416.0155250000001,432.8497,62.101325,1208.4447557170183,5.4383870018797,334.0617108709273,844.099697897843,409.5514016430769,41.703060834743106,1168.4076301812997,5.705311073660715,337.68605856473215,911.0176164469246,412.57619673859125,42.5052443578869,1168.4076301812997,5.705311073660715,337.68605856473215,911.0176164469246,412.57619673859125,42.5052443578869
2026-01-28 04:00:00+00:00,3314.03995,0.0,373.514775,449.6928500000001,441.15635,61.45215,1227.4959555951036,5.4383870018797,334.0617108709273,852.4440062564879,411.0963650422182,41.703060834743106,1168.4076301812997,5.705311073660715,337.68605856473215,911.0176164469246,412.57619673859125,42.5052443578869,1168.4076301812997,5.705311073660715,337.68605856473215,911.0176164469246,412.57619673859125,42.5052443578869
2026-01-28 05:00:00+00:00,3640.772175,0.0,407.73035000000004,628.3970999999999,456.172225,62.500225,1280.008519569282,5.4383870018797,334.0617108709273,860.7883146151327,413.49734663145375,41.703060834743106,1168.4076301812997,5.705311073660715,337.68605856473215,911.0176164469246,412.57619673859125,42.5052443578869,1168.4076301812997,5.705311073660715,337.68605856473215,911.0176164469246,412.57619673859125,42.5052443578869
2026-01-28 06:00:00+00:00,3827.162975,0.0,451.900275,1026.273075,482.70844999999997,62.321075,1316.8506714385867,5.4383870018797,334.0617108709273,869.1326229737775,415.2349847106645,41.703060834743106,1168.4076301812997,5.705311073660715,337.68605856473215,911.0176164469246,412.57619673859125,42.5052443578869,1168.4076301812997,5.705311073660715,337.68605856473215,911.0176164469246,412.57619673859125,42.5052443578869
2026-01-28 07:00:00+00:00,3817.393375,0.0,452.898725,1579.7175750000001,498.472625,62.241575,1325.5328777144855,5.4383870018797,334.0617108709273,877.4769313324224,416.45830509321524,41.703060834743106,1168.4076301812997,5.705311073660715,337.68605856473215,911.0176164469246,412.57619673859125,42.5052443578869,1168.4076301812997,5.705311073660715,337.68605856473215,911.0176164469246,412.57619673859125,42.5052443578869
2026-01-28 08:00:00+00:00,3751.289975,0.0,438.20145,1630.1837249999999,497.34595,57.973425,1314.362423663611,5.4383870018797,334.0617108709273,885.8212396910673,416.99027209051263,41.703060834743106,1168.4076301812997,5.705311073660715,337.68605856473215,911.0176164469246,412.57619673859125,42.5052443578869,1168.4076301812997,5.705311073660715,337.68605856473215,911.0176164469246,412.57619673859125,42.5052443578869
2026-01-28 09:00:00+00:00,3778.059075,0.0,388.105475,1352.060125,484.314375,63.629025,1296.2957478550443,5.4383870018797,334.0617108709273,894.165548049712,417.20395501298304,41.703060834743106,1168.4076301812997,5.705311073660715,337.68605856473215,911.0176164469246,412.57619673859125,42.5052443578869,1168.4076301812997,5.705311073660715,337.68605856473215,911.0176164469246,412.57619673859125,42.5052443578869
2026-01-28 10:00:00+00:00,3811.315725,0.0,373.0353,901.2332250000001,467.854075,63.123662499999995,1286.263315340732,5.4383870018797,334.0617108709273,902.5098564083569,417.6827794732784,41.703060834743106,1168.4076301812997,5.705311073660715,337.68605856473215,911.0176164469246,412.57619673859125,42.5052443578869,1168.4076301812997,5.705311073660715,337.68605856473215,911.0176164469246,412.57619673859125,42.5052443578869
2026-01-28 11:00:00+00:00,3771.726375,0.0,372.86615,1372.0847250000002,457.59612500000003,62.6183,1296.8198441811296,5.4383870018797,334.0617108709273,910.8541647670017,418.7336638407291,41.703060834743106,1168.4076301812997,5.705311073660715,337.68605856473215,911.0176164469246,412.57619673859125,42.5052443578869,1168.4076301812997,5.705311073660715,337.68605856473215,911.0176164469246,412.57619673859125,42.5052443578869
2026-01-28 12:00:00+00:00,3763.506975,0.0,372.847575,1336.7306749999998,453.789875,63.63885,1304.9671867676975,5.4383870018797,334.0617108709273,919.1984731256466,419.84535677188325,41.703060834743106,1168.4076301812997,5.705311073660715,337.68605856473215,911.0176164469246,412.57619673859125,42.5052443578869,1168.4076301812997,5.705311073660715,337.68605856473215,911.0176164469246,412.57619673859125,42.5052443578869
2026-01-28 13:00:00+00:00,3841.09675,0.0,373.0539,1301.1495,461.39895,61.871825,1312.817337785567,5.4383870018797,334.0617108709273,927.5427814842914,420.8996479298239,41.703060834743106,1168.4076301812997,5.705311073660715,337.68605856473215,911.0176164469246,412.57619673859125,42.5052443578869,1168.4076301812997,5.705311073660715,337.68605856473215,911.0176164469246,412.57619673859125,42.5052443578869
2026-01-28 14:00:00+00:00,3828.5529625,153.99285,440.45932500000004,1005.768,483.9112,60.503625,1319.632451243983,5.4383870018797,334.0617108709273,935.8870898429362,422.0714865536075,41.703060834743106,1168.4076301812997,5.705311073660715,337.68605856473215,911.0176164469246,412.57619673859125,42.5052443578869,1168.4076301812997,5.705311073660715,337.68605856473215,911.0176164469246,412.57619673859125,42.5052443578869
2026-01-28 15:00:00+00:00,3816.009175,171.28095000000002,416.985925,807.5799,508.95945,61.265675,1325.4924494307538,5.4383870018797,334.0617108709273,944.2313982015811,423.2036002103588,41.703060834743106,1168.4076301812997,5.705311073660715,337.68605856473215,911.0176164469246,412.57619673859125,42.5052443578869,1168.4076301812997,5.705311073660715,337.68605856473215,911.0176164469246,412.57619673859125,42.5052443578869
2026-01-28 16:00:00+00:00,3735.485325,171.248225,480.64175,1106.6057250000001,520.540375,59.7108,1336.9382724940242,5.4383870018797,334.0617108709273,952.5757065602259,424.78655296498914,41.703060834743106,1168.4076301812997,5.705311073660715,337.68605856473215,911.0176164469246,412.57619673859125,42.5052443578869,1168.4076301812997,5.705311073660715,337.68605856473215,911.0176164469246,412.57619673859125,42.5052443578869
2026-01-28 17:00:00+00:00,3654.961475,97.112225,464.62559999999996,1498.441875,517.7733499999999,59.571,1330.7876060128337,5.4383870018797,334.0617108709273,960.9200149188707,425.8931344199904,41.703060834743106,1168.4076301812997,5.705311073660715,337.68605856473215,911.0176164469246,412.57619673859125,42.5052443578869,1168.4076301812997,5.705311073660715,337.68605856473215,911.0176164469246,412.57619673859125,42.5052443578869
2026-01-28 18:00:00+00:00,3549.8563249999997,0.0,448.60945,925.1901250000001,504.77417499999996,61.9417,1318.594489785087,5.4383870018797,334.0617108709273,969.2643232775156,426.3488165115259,41.703060834743106,1168.4076301812997,5.705311073660715,337.68605856473215,911.0176164469246,412.57619673859125,42.5052443578869,1168.4076301812997,5.705311073660715,337.68605856473215,911.0176164469246,412.57619673859125,42.5052443578869
2026-01-28 19:00:00+00:00,3545.552475,0.0,373.34695,798.2537,480.731875,63.50125,1303.3147876453222,5.4383870018797,334.0617108709273,977.6086316361605,426.81620475027313,41.703060834743106,1168.4076301812997,5.705311073660715,337.68605856473215,911.0176164469246,412.57619673859125,42.5052443578869,1168.4076301812997,5.705311073660715,337.68605856473215,911.0176164469246,412.57619673859125,42.5052443578869
2026-01-28 20:00:00+00:00,3354.786575,0.0,373.38745,417.00815,462.817425,63.495,1282.8667670618306,5.4383870018797,334.0617108709273,985.9529399948053,427.3275370604209,41.703060834743106,1168.4076301812997,5.705311073660715,337.68605856473215,911.0176164469246,412.57619673859125,42.5052443578869,1168.4076301812997,5.705311073660715,337.68605856473215,911.0176164469246,412.57619673859125,42.5052443578869
2026-01-28 21:00:00+00:00,3018.044,0.0,373.71765,434.54600000000005,448.67724999999996,63.109360714285714,1256.5293252325778,5.4383870018797,334.0617108709273,994.2972483534501,427.65491813642313,41.703060834743106,1168.4076301812997,5.705311073660715,337.68605856473215,911.0176164469246,412.57619673859125,42.5052443578869,1168.4076301812997,5.705311073660715,337.68605856473215,911.0176164469246,412.57619673859125,42.5052443578869
2026-01-28 22:00:00+00:00,2901.8753,0.0,373.794525,461.0051250000001,434.140225,62.72372142857142,1233.3097053242439,5.4383870018797,334.0617108709273,1002.6415567120949,428.1500430013623,41.703060834743106,1168.4076301812997,5.705311073660715,337.68605856473215,911.0176164469246,412.57619673859125,42.5052443578869,1168.4076301812997,5.705311073660715,337.68605856473215,911.0176164469246,412.57619673859125,42.5052443578869
2026-01-28 23:00:00+00:00,2682.844,0.0,374.00149999999996,470.212975,424.95665,62.33808214285714,1217.0528822620167,5.4383870018797,334.0617108709273,1010.9858650707398,428.7270357934862,41.703060834743106,1168.4076301812997,5.705311073660715,337.68605856473215,911.0176164469246,412.57619673859125,42.5052443578869,1168.4076301812997,5.705311073660715,337.68605856473215,911.0176164469246,412.57619673859125,42.5052443578869
2026-01-29 00:00:00+00:00,2414.201775,0.0,373.94467499999996,449.9396499999999,421.67095,61.952442857142856,1204.3774729031923,5.4383870018797,334.0617108709273,819.0667728219086,407.3594128578465,41.703060834743106,1168.4076301812997,5.705311073660715,337.68605856473215,911.0176164469246,412.57619673859125,42.5052443578869,1168.4076301812997,5.705311073660715,337.68605856473215,911.0176164469246,412.57619673859125,42.5052443578869
2026-01-29 01:00:00+00:00,2353.3161,0.0,373.807975,436.59704999999997,419.999975,61.56680357142857,1201.7435971341558,5.4383870018797,334.0617108709273,827.4110811805533,408.17687047383606,41.703060834743106,1168.4076301812997,5.705311073660715,337.68605856473215,911.0176164469246,412.57619673859125,42.5052443578869,1168.4076301812997,5.705311073660715,337.68605856473215,911.0176164469246,412.57619673859125,42.5052443578869
2026-01-29 02:00:00+00:00,2334.129225,0.0,373.85215,445.41655000000003,420.347175,61.18116428571428,1204.1288733422675,5.4383870018797,334.0617108709273,835.7553895391982,409.1702937045942,41.703060834743106,1168.4076301812997,5.705311073660715,337.68605856473215,911.0176164469246,412.57619673859125,42.5052443578869,1168.4076301812997,5.705311073660715,337.68605856473215,911.0176164469246,412.57619673859125,42.5052443578869
2026-01-29 03:00:00+00:00,2407.5431,0.0,373.757175,478.0302,423.68444999999997,60.795525,1210.5432767526715,5.4383870018797,334.0617108709273,844.099697897843,410.3239501953874,41.703060834743106,1168.4076301812997,5.705311073660715,337.68605856473215,911.0176164469246,412.57619673859125,42.5052443578869,1168.4076301812997,5.705311073660715,337.68605856473215,911.0176164469246,412.57619673859125,42.5052443578869
2026-01-29 04:00:00+00:00,2729.338125,0.0,370.18235,481.74597499999993,434.57214999999997,60.1514,1235.4466501899792,5.4383870018797,334.0617108709273,852.4440062564879,411.92137737623574,41.703060834743106,1168.4076301812997,5.705311073660715,337.68605856473215,911.0176164469246,412.57619673859125,42.5052443578869,1168.4076301812997,5.705311073660715,337.68605856473215,911.0176164469246,412.57619673859125,42.5052443578869
2026-01-29 05:00:00+00:00,3256.99395,0.0,379.949275,685.5581249999999,454.28857500000004,56.076825,1288.723199571209,5.4383870018797,334.0617108709273,860.7883146151327,414.3791588319501,41.703060834743106,1168.4076301812997,5.705311073660715,337.68605856473215,911.0176164469246,412.57619673859125,42.5052443578869,1168.4076301812997,5.705311073660715,337.68605856473215,911.0176164469246,412.57619673859125,42.5052443578869
2026-01-29 06:00:00+00:00,3349.88385,18.33775,486.96915,1309.1903,490.62185,56.76985,1330.1029328616337,5.4383870018797,334.0617108709273,869.1326229737775,416.42163895855845,41.703060834743106,1168.4076301812997,5.705311073660715,337.68605856473215,911.0176164469246,412.57619673859125,42.5052443578869,1168.4076301812997,5.705311073660715,337.68605856473215,911.0176164469246,412.57619673859125,42.5052443578869
2026-01-29 07:00:00+00:00,3329.430375,171.17895,486.64795000000004,2014.861225,505.162675,53.528725,1349.9946511515168,5.4383870018797,334.0617108709273,877.4769313324224,417.9224707512394,41.703060834743106,1168.4076301812997,5.705311073660715,337.68605856473215,911.0176164469246,412.57619673859125,42.5052443578869,1168.4076301812997,5.705311073660715,337.68605856473215,911.0176164469246,412.57619673859125,42.5052443578869
2026-01-29 08:00:00+00:00,3084.437025,171.1319,486.32675,2199.3923250000003,494.84995000000004,55.11525,1351.9758467643826,5.4383870018797,334.0617108709273,885.8212396910673,418.810175854609,41.703060834743106,1168.4076301812997,5.705311073660715,337.68605856473215,911.0176164469246,412.57619673859125,42.5052443578869,1168.4076301812997,5.705311073660715,337.68605856473215,911.0176164469246,412.57619673859125,42.5052443578869
2026-01-29 09:00:00+00:00,3033.077475,171.3105,486.00555,1968.4860999999999,466.029725,56.628275,1348.2604772428267,5.4383870018797,334.0617108709273,894.165548049712,419.47360994428493,41.703060834743106,1168.4076301812997,5.705311073660715,337.68605856473215,911.0176164469246,412.57619673859125,42.5052443578869,1168.4076301812997,5.705311073660715,337.68605856473215,911.0176164469246,412.57619673859125,42.5052443578869
2026-01-29 10:00:00+00:00,3030.1998249999997,171.29942499999999,485.68435,1955.239925,449.80645000000004,59.2006,1343.791950933803,5.4383870018797,334.0617108709273,902.5098564083569,420.01272060100604,41.703060834743106,1168.4076301812997,5.705311073660715,337.68605856473215,911.0176164469246,412.57619673859125,42.5052443578869,1168.4076301812997,5.705311073660715,337.68605856473215,911.0176164469246,412.57619673859125,42.5052443578869
2026-01-29 11:00:00+00:00,3027.6908000000003,47.904675,485.36315,1458.5590250000002,433.2259,55.7659,1336.9746151716288,5.4383870018797,334.0617108709273,910.8541647670017,420.5509620161175,41.703060834743106,1168.4076301812997,5.705311073660715,337.68605856473215,911.0176164469246,412.57619673859125,42.5052443578869,1168.4076301812997,5.705311073660715,337.68605856473215,911.0176164469246,412.57619673859125,42.5052443578869
2026-01-29 12:00:00+00:00,3032.0856249999997,0.0,485.04195,1830.6150750000002,429.5462,55.402074999999996,1332.9798872561996,5.4383870018797,334.0617108709273,919.1984731256466,421.25071560442035,41.703060834743106,1168.4076301812997,5.705311073660715,337.68605856473215,911.0176164469246,412.57619673859125,42.5052443578869,1168.4076301812997,5.705311073660715,337.68605856473215,911.0176164469246,412.57619673859125,42.5052443578869
2026-01-29 13:00:00+00:00,3015.6938250000003,0.0,484.72075,2132.303875,443.858925,60.361875,1328.1807657647796,5.4383870018797,334.0617108709273,927.5427814842914,421.96838332935613,41.703060834743106,1168.4076301812997,5.705311073660715,337.68605856473215,911.0176164469246,412.57619673859125,42.5052443578869,1168.4076301812997,5.705311073660715,337.68605856473215,911.0176164469246,412.57619673859125,42.5052443578869
2026-01-29 14:00:00+00:00,3009.89045,0.0,484.39955,1340.6674249999999,465.5389,60.297174999999996,1329.1886023022169,5.4383870018797,334.0617108709273,935.8870898429362,422.9146047921948,41.703060834743106,1168.4076301812997,5.705311073660715,337.68605856473215,911.0176164469246,412.57619673859125,42.5052443578869,1168.4076301812997,5.705311073660715,337.68605856473215,911.0176164469246,412.57619673859125,42.5052443578869
2026-01-29 15:00:00+00:00,3024.7104499999996,0.0,484.07835,1384.36045,495.088475,62.796099999999996,1333.5104006253941,5.4383870018797,334.0617108709273,944.2313982015811,424.0535689745721,41.703060834743106,1168.4076301812997,5.705311073660715,337.68605856473215,911.0176164469246,412.57619673859125,42.5052443578869,1168.4076301812997,5.705311073660715,337.68605856473215,911.0176164469246,412.57619673859125,42.5052443578869
2026-01-29 16:00:00+00:00,2991.1548000000003,120.39785,483.75714999999997,1565.1353500000002,517.650225,59.5247,1347.7113155492182,5.4383870018797,334.0617108709273,952.5757065602259,425.56399616667477,41.703060834743106,1168.4076301812997,5.705311073660715,337.68605856473215,911.0176164469246,412.57619673859125,42.5052443578869,1168.4076301812997,5.705311073660715,337.68605856473215,911.0176164469246,412.57619673859125,42.5052443578869
2026-01-29 17:00:00+00:00,3040.00555,178.2736,483.43595,1601.91505,515.42765,59.852975,1348.6635420977502,5.4383870018797,334.0617108709273,960.9200149188707,426.5782342505196,41.703060834743106,1168.4076301812997,5.705311073660715,337.68605856473215,911.0176164469246,412.57619673859125,42.5052443578869,1168.4076301812997,5.705311073660715,337.68605856473215,911.0176164469246,412.57619673859125,42.5052443578869
2026-01-29 18:00:00+00:00,2997.649775,112.01269999999998,483.11474999999996,1251.4178249999998,503.82169999999996,58.388525,1339.064474221473,5.4383870018797,334.0617108709273,969.2643232775156,427.1225678870978,41.703060834743106,1168.4076301812997,5.705311073660715,337.68605856473215,911.0176164469246,412.57619673859125,42.5052443578869,1168.4076301812997,5.705311073660715,337.68605856473215,911.0176164469246,412.57619673859125,42.5052443578869
2026-01-29 19:00:00+00:00,2982.2701499999994,0.0,482.79355,963.4648,481.16575,59.456225,1315.7357580458145,5.4383870018797,334.0617108709273,977.6086316361605,427.42141481635167,41.703060834743106,1168.4076301812997,5.705311073660715,337.68605856473215,911.0176164469246,412.57619673859125,42.5052443578869,1168.4076301812997,5.705311073660715,337.68605856473215,911.0176164469246,412.57619673859125,42.5052443578869
2026-01-29 20:00:00+00:00,3179.42785,0.0,373.819025,1004.2880499999999,464.978125,57.792575,1295.5880095742436,5.4383870018797,334.0617108709273,985.9529399948053,427.87646195431074,41.703060834743106,1168.4076301812997,5.705311073660715,337.68605856473215,911.0176164469246,412.57619673859125,42.5052443578869,1168.4076301812997,5.705311073660715,337.68605856473215,911.0176164469246,412.57619673859125,42.5052443578869
2026-01-29 21:00:00+00:00,2813.1455,0.0,373.707275,1172.83165,446.759425,59.246175,1270.6992022204624,5.4383870018797,334.0617108709273,994.2972483534501,428.3817332037336,41.703060834743106,1168.4076301812997,5.705311073660715,337.68605856473215,911.0176164469246,412.57619673859125,42.5052443578869,1168.4076301812997,5.705311073660715,337.68605856473215,911.0176164469246,412.57619673859125,42.5052443578869
2026-01-29 22:00:00+00:00,2647.050725,0.0,373.791425,814.695175,431.76935000000003,64.02555000000001,1249.0116845003367,5.4383870018797,334.0617108709273,1002.6415567120949,429.0958394367237,41.703060834743106,1168.4076301812997,5.705311073660715,337.68605856473215,911.0176164469246,412.57619673859125,42.5052443578869,1168.4076301812997,5.705311073660715,337.68605856473215,911.0176164469246,412.57619673859125,42.5052443578869
2026-01-29 23:00:00+00:00,2955.26555,0.0,373.95029999999997,467.5084,421.08595,62.652074999999996,1232.624310543196,5.4383870018797,334.0617108709273,1010.9858650707398,429.59120908796365,41.703060834743106,1168.4076301812997,5.705311073660715,337.68605856473215,911.0176164469246,412.57619673859125,42.5052443578869,1168.4076301812997,5.705311073660715,337.68605856473215,911.0176164469246,412.57619673859125,42.5052443578869
2026-01-30 00:00:00+00:00,2727.154175,0.0,373.888425,486.9496,413.518275,60.9524,1216.2148162023454,5.4383870018797,334.0617108709273,819.0667728219086,407.69864414873723,41.703060834743106,1168.4076301812997,5.705311073660715,337.68605856473215,911.0176164469246,412.57619673859125,42.5052443578869,1168.4076301812997,5.705311073660715,337.68605856473215,911.0176164469246,412.57619673859125,42.5052443578869
2026-01-30 01:00:00+00:00,2547.747,0.0,373.789425,485.846075,406.8967,60.182249999999996,1209.3348700842341,5.4383870018797,334.0617108709273,827.4110811805533,408.37354654800765,41.703060834743106,1168.4076301812997,5.705311073660715,337.68605856473215,911.0176164469246,412.57619673859125,42.5052443578869,1168.4076301812997,5.705311073660715,337.68605856473215,911.0176164469246,412.57619673859125,42.5052443578869
2026-01-30 02:00:00+00:00,2338.803925,0.0,373.621575,465.74535000000003,407.435,60.105975,1210.0045128828374,5.4383870018797,334.0617108709273,835.7553895391982,409.4646269465734,41.703060834743106,1168.4076301812997,5.705311073660715,337.68605856473215,911.0176164469246,412.57619673859125,42.5052443578869,1168.4076301812997,5.705311073660715,337.68605856473215,911.0176164469246,412.57619673859125,42.5052443578869
2026-01-30 03:00:00+00:00,2356.456425,0.0,374.2067,458.89099999999996,413.71455000000003,58.604325,1217.1502162705788,5.4383870018797,334.0617108709273,844.099697897843,410.8352451297652,41.703060834743106,1168.4076301812997,5.705311073660715,337.68605856473215,911.0176164469246,412.57619673859125,42.5052443578869,1168.4076301812997,5.705311073660715,337.68605856473215,911.0176164469246,412.57619673859125,42.5052443578869
2026-01-30 04:00:00+00:00,2538.651625,0.0,374.161675,502.699125,425.506925,59.72625,1237.2678157101936,5.4383870018797,334.0617108709273,852.4440062564879,412.5591084725196,41.703060834743106,1168.4076301812997,5.705311073660715,337.68605856473215,911.0176164469246,412.57619673859125,42.5052443578869,1168.4076301812997,5.705311073660715,337.68605856473215,911.0176164469246,412.57619673859125,42.5052443578869
2026-01-30 05:00:00+00:00,2676.77585,0.0,373.824475,838.475825,457.500975,57.859375,1280.0560554366832,5.4383870018797,334.0617108709273,860.7883146151327,414.77909752450324,41.703060834743106,1168.4076301812997,5.705311073660715,337.68605856473215,911.0176164469246,412.57619673859125,42.5052443578869,1168.4076301812997,5.705311073660715,337.68605856473215,911.0176164469246,412.57619673859125,42.5052443578869
2026-01-30 06:00:00+00:00,2673.947075,90.74015,464.4145,1144.40905,493.92745,56.149275,1317.5638424261988,5.4383870018797,334.0617108709273,869.1326229737775,416.7844568669781,41.703060834743106,1168.4076301812997,5.705311073660715,337.68605856473215,911.0176164469246,412.57619673859125,42.5052443578869,1168.4076301812997,5.705311073660715,337.68605856473215,911.0176164469246,412.57619673859125,42.5052443578869
2026-01-30 07:00:00+00:00,2668.37635,183.696525,462.92430833333333,1262.5153,508.774425,58.50565,1330.7541865077346,5.4383870018797,334.0617108709273,877.4769313324224,418.2727364890565,41.703060834743106,1168.4076301812997,5.705311073660715,337.68605856473215,911.0176164469246,412.57619673859125,42.5052443578869,1168.4076301812997,5.705311073660715,337.68605856473215,911.0176164469246,412.57619673859125,42.5052443578869
2026-01-30 08:00:00+00:00,2646.289925,183.41315,461.4341166666667,1768.8718749999998,502.556025,63.434225,1310.5211069334355,5.4383870018797,334.0617108709273,885.8212396910673,418.2541697149183,41.703060834743106,1168.4076301812997,5.705311073660715,337.68605856473215,911.0176164469246,412.57619673859125,42.5052443578869,1168.4076301812997,5.705311073660715,337.68605856473215,911.0176164469246,412.57619673859125,42.5052443578869
2026-01-30 09:00:00+00:00,2600.882275,18.564325000000004,459.94392500000004,1488.6445499999998,479.195575,63.274071428571425,1281.5073761363233,5.4383870018797,334.0617108709273,894.165548049712,417.78800344018947,41.703060834743106,1168.4076301812997,5.705311073660715,337.68605856473215,911.0176164469246,412.57619673859125,42.5052443578869,1168.4076301812997,5.705311073660715,337.68605856473215,911.0176164469246,412.57619673859125,42.5052443578869
2026-01-30 10:00:00+00:00,2596.9377250000002,0.0,426.191725,1106.862475,455.836775,63.11391785714286,1261.9836271437146,5.4383870018797,334.0617108709273,902.5098564083569,417.7835602327821,41.703060834743106,1168.4076301812997,5.705311073660715,337.68605856473215,911.0176164469246,412.57619673859125,42.5052443578869,1168.4076301812997,5.705311073660715,337.68605856473215,911.0176164469246,412.57619673859125,42.5052443578869
2026-01-30 11:00:00+00:00,2707.4175999999998,0.0,404.251,842.5185749999999,444.6786,62.953764285714286,1249.1950798480573,5.4383870018797,334.0617108709273,910.8541647670017,417.8706924845807,41.703060834743106,1168.4076301812997,5.705311073660715,337.68605856473215,911.0176164469246,412.57619673859125,42.5052443578869,1168.4076301812997,5.705311073660715,337.68605856473215,911.0176164469246,412.57619673859125,42.5052443578869
2026-01-30 12:00:00+00:00,2814.769825,0.0,404.47515,538.094325,438.360925,62.79361071428571,1251.7452444919504,5.4383870018797,334.0617108709273,919.1984731256466,418.75562651107947,41.703060834743106,1168.4076301812997,5.705311073660715,337.68605856473215,911.0176164469246,412.57619673859125,42.5052443578869,1168.4076301812997,5.705311073660715,337.68605856473215,911.0176164469246,412.57619673859125,42.5052443578869
2026-01-30 13:00:00+00:00,2880.90095,0.0,404.22860000000003,478.25585000000007,442.54337499999997,62.63345714285714,1256.2098666680263,5.4383870018797,334.0617108709273,927.5427814842914,419.3585740551865,41.703060834743106,1168.4076301812997,5.705311073660715,337.68605856473215,911.0176164469246,412.57619673859125,42.5052443578869,1168.4076301812997,5.705311073660715,337.68605856473215,911.0176164469246,412.57619673859125,42.5052443578869
2026-01-30 14:00:00+00:00,2947.6376250000003,0.0,404.220525,859.318625,461.18147500000003,62.47330357142857,1269.5883938449329,5.4383870018797,334.0617108709273,935.8870898429362,420.4683893586065,41.703060834743106,1168.4076301812997,5.705311073660715,337.68605856473215,911.0176164469246,412.57619673859125,42.5052443578869,1168.4076301812997,5.705311073660715,337.68605856473215,911.0176164469246,412.57619673859125,42.5052443578869
2026-01-30 15:00:00+00:00,2979.6351749999994,0.0,404.04635,980.1768,489.512725,62.31315,1283.2223989683268,5.4383870018797,334.0617108709273,944.2313982015811,421.9115571049018,41.703060834743106,1168.4076301812997,5.705311073660715,337.68605856473215,911.0176164469246,412.57619673859125,42.5052443578869,1168.4076301812997,5.705311073660715,337.68605856473215,911.0176164469246,412.57619673859125,42.5052443578869
2026-01-30 16:00:00+00:00,3142.534925,3.4015,404.152125,1081.4579999999999,510.016075,61.39465,1293.4170963095671,5.4383870018797,334.0617108709273,952.5757065602259,423.9642049496744,41.703060834743106,1168.4076301812997,5.705311073660715,337.68605856473215,911.0176164469246,412.57619673859125,42.5052443578869,1168.4076301812997,5.705311073660715,337.68605856473215,911.0176164469246,412.57619673859125,42.5052443578869
2026-01-30 17:00:00+00:00,3104.984325,163.908475,404.137025,1068.758675,517.5409999999999,63.45785000000001,1297.4459295066522,5.4383870018797,334.0617108709273,960.9200149188707,425.1976363804421,41.703060834743106,1168.4076301812997,5.705311073660715,337.68605856473215,911.0176164469246,412.57619673859125,42.5052443578869,1168.4076301812997,5.705311073660715,337.68605856473215,911.0176164469246,412.57619673859125,42.5052443578869
2026-01-30 18:00:00+00:00,3124.42205,167.0403,404.188875,718.789575,513.548675,63.984575,1286.2978871129528,5.4383870018797,334.0617108709273,969.2643232775156,425.76439274301356,41.703060834743106,1168.4076301812997,5.705311073660715,337.68605856473215,911.0176164469246,412.57619673859125,42.5052443578869,1168.4076301812997,5.705311073660715,337.68605856473215,911.0176164469246,412.57619673859125,42.5052443578869
2026-01-30 19:00:00+00:00,3012.86985,167.11205,404.332275,495.0013,496.302475,63.185675,1266.3536485441214,5.4383870018797,334.0617108709273,977.6086316361605,426.0568936674026,41.703060834743106,1168.4076301812997,5.705311073660715,337.68605856473215,911.0176164469246,412.57619673859125,42.5052443578869,1168.4076301812997,5.705311073660715,337.68605856473215,911.0176164469246,412.57619673859125,42.5052443578869
2026-01-30 20:00:00+00:00,2974.739125,167.1955,404.34862499999997,388.67994999999996,471.141525,62.386775,1245.4879924746217,5.4383870018797,334.0617108709273,985.9529399948053,426.41516957624566,41.703060834743106,1168.4076301812997,5.705311073660715,337.68605856473215,911.0176164469246,412.57619673859125,42.5052443578869,1168.4076301812997,5.705311073660715,337.68605856473215,911.0176164469246,412.57619673859125,42.5052443578869
2026-01-30 21:00:00+00:00,2957.198475,167.153775,398.262175,457.716625,454.6577,62.0311,1225.5023239668271,5.4383870018797,334.0617108709273,994.2972483534501,427.15189109561845,41.703060834743106,1168.4076301812997,5.705311073660715,337.68605856473215,911.0176164469246,412.57619673859125,42.5052443578869,1168.4076301812997,5.705311073660715,337.68605856473215,911.0176164469246,412.57619673859125,42.5052443578869
2026-01-30 22:00:00+00:00,2918.443875,167.119925,374.04245000000003,410.479025,435.605225,59.3761,1207.7236682907724,5.4383870018797,334.0617108709273,1002.6415567120949,427.8123805056441,41.703060834743106,1168.4076301812997,5.705311073660715,337.68605856473215,911.0176164469246,412.57619673859125,42.5052443578869,1168.4076301812997,5.705311073660715,337.68605856473215,911.0176164469246,412.57619673859125,42.5052443578869
2026-01-30 23:00:00+00:00,3099.8167,167.179975,374.01120000000003,467.198575,423.465975,61.1394,1191.273977480729,5.4383870018797,334.0617108709273,1010.9858650707398,428.8299920480288,41.703060834743106,1168.4076301812997,5.705311073660715,337.68605856473215,911.0176164469246,412.57619673859125,42.5052443578869,1168.4076301812997,5.705311073660715,337.68605856473215,911.0176164469246,412.57619673859125,42.5052443578869
2026-01-31 00:00:00+00:00,3224.746475,167.021825,374.17584999999997,396.782275,417.519975,61.234775,1215.541187389367,5.7891013001253135,335.23646743499376,818.0182830994901,407.71908331255304,41.85747511591479,1168.4076301812997,5.705311073660715,337.68605856473215,911.0176164469246,412.57619673859125,42.5052443578869,1168.4076301812997,5.705311073660715,337.68605856473215,911.0176164469246,412.57619673859125,42.5052443578869
2026-01-31 01:00:00+00:00,3318.8756000000003,14.85485,374.07055,392.26329999999996,413.2287,59.881575,1209.8254333082407,5.7891013001253135,335.23646743499376,826.3477872539821,408.65678853925203,41.85747511591479,1168.4076301812997,5.705311073660715,337.68605856473215,911.0176164469246,412.57619673859125,42.5052443578869,1168.4076301812997,5.705311073660715,337.68605856473215,911.0176164469246,412.57619673859125,42.5052443578869
2026-01-31 02:00:00+00:00,3095.010875,0.0,374.0387,432.7951499999999,415.57597499999997,60.5501,1202.5333033653085,5.7891013001253135,335.23646743499376,834.6772914084742,409.5068218364009,41.85747511591479,1168.4076301812997,5.705311073660715,337.68605856473215,911.0176164469246,412.57619673859125,42.5052443578869,1168.4076301812997,5.705311073660715,337.68605856473215,911.0176164469246,412.57619673859125,42.5052443578869
2026-01-31 03:00:00+00:00,2871.9485250000002,0.0,374.43397500000003,385.88132500000006,420.13142500000004,58.817475,1202.1275600470096,5.7891013001253135,335.23646743499376,843.0067955629662,410.41493650036915,41.85747511591479,1168.4076301812997,5.705311073660715,337.68605856473215,911.0176164469246,412.57619673859125,42.5052443578869,1168.4076301812997,5.705311073660715,337.68605856473215,911.0176164469246,412.57619673859125,42.5052443578869
2026-01-31 04:00:00+00:00,2646.249875,0.0,374.501375,388.48457499999995,434.226125,57.7131,1200.4804969057964,5.7891013001253135,335.23646743499376,851.3362997174584,411.2699696661272,41.85747511591479,1168.4076301812997,5.705311073660715,337.68605856473215,911.0176164469246,412.57619673859125,42.5052443578869,1168.4076301812997,5.705311073660715,337.68605856473215,911.0176164469246,412.57619673859125,42.5052443578869
2026-01-31 05:00:00+00:00,2317.10255,0.0,374.48665,368.82742499999995,461.834,55.12215,1212.5696217863424,5.7891013001253135,335.23646743499376,859.6658038719504,412.59298136155115,41.85747511591479,1168.4076301812997,5.705311073660715,337.68605856473215,911.0176164469246,412.57619673859125,42.5052443578869,1168.4076301812997,5.705311073660715,337.68605856473215,911.0176164469246,412.57619673859125,42.5052443578869
2026-01-31 06:00:00+00:00,2208.4825499999997,0.0,374.3345,399.7790999999999,499.97090000000003,55.852325,1232.4844466210375,5.7891013001253135,335.23646743499376,867.9953080264424,413.83903890801855,41.85747511591479,1168.4076301812997,5.705311073660715,337.68605856473215,911.0176164469246,412.57619673859125,42.5052443578869,1168.4076301812997,5.705311073660715,337.68605856473215,911.0176164469246,412.57619673859125,42.5052443578869
2026-01-31 07:00:00+00:00,2534.926475,0.0,373.699075,389.3204249999999,518.8913749999999,52.333175,1247.131568489269,5.7891013001253135,335.23646743499376,876.3248121809345,415.076810222034,41.85747511591479,1168.4076301812997,5.705311073660715,337.68605856473215,911.0176164469246,412.57619673859125,42.5052443578869,1168.4076301812997,5.705311073660715,337.68605856473215,911.0176164469246,412.57619673859125,42.5052443578869
2026-01-31 08:00:00+00:00,2801.475475,0.0,373.76869999999997,360.8429,509.00892500000003,54.115675,1252.7311474966334,5.7891013001253135,335.23646743499376,884.6543163354265,415.6166163654965,41.85747511591479,1168.4076301812997,5.705311073660715,337.68605856473215,911.0176164469246,412.57619673859125,42.5052443578869,1168.4076301812997,5.705311073660715,337.68605856473215,911.0176164469246,412.57619673859125,42.5052443578869
2026-01-31 09:00:00+00:00,2668.8992749999998,0.0,373.806025,360.953625,480.6442,56.078975,1238.991483806251,5.7891013001253135,335.23646743499376,892.9838204899186,415.33168081156657,41.85747511591479,1168.4076301812997,5.705311073660715,337.68605856473215,911.0176164469246,412.57619673859125,42.5052443578869,1168.4076301812997,5.705311073660715,337.68605856473215,911.0176164469246,412.57619673859125,42.5052443578869
2026-01-31 10:00:00+00:00,2518.09985,0.0,373.879,388.27430000000004,459.44590000000005,56.581525,1218.3092362884945,5.7891013001253135,335.23646743499376,901.3133246444106,414.9389841416433,41.85747511591479,1168.4076301812997,5.705311073660715,337.68605856473215,911.0176164469246,412.57619673859125,42.5052443578869,1168.4076301812997,5.705311073660715,337.68605856473215,911.0176164469246,412.57619673859125,42.5052443578869
2026-01-31 11:00:00+00:00,2423.3584250000004,0.0,374.089825,397.477975,444.83335,60.9735,1202.8896131932772,5.7891013001253135,335.23646743499376,909.6428287989027,414.8689599201051,41.85747511591479,1168.4076301812997,5.705311073660715,337.68605856473215,911.0176164469246,412.57619673859125,42.5052443578869,1168.4076301812997,5.705311073660715,337.68605856473215,911.0176164469246,412.57619673859125,42.5052443578869
2026-01-31 12:00:00+00:00,2393.84715,0.0,367.3008,362.04035,432.54145,59.4442,1198.4298812838979,5.7891013001253135,335.23646743499376,917.9723329533947,415.1592919699384,41.85747511591479,1168.4076301812997,5.705311073660715,337.68605856473215,911.0176164469246,412.57619673859125,42.5052443578869,1168.4076301812997,5.705311073660715,337.68605856473215,911.0176164469246,412.57619673859125,42.5052443578869
2026-01-31 13:00:00+00:00,2225.3229499999998,0.0,361.608825,361.020075,433.219725,62.181225,1205.6629917413168,5.7891013001253135,335.23646743499376,926.3018371078867,415.9877753367716,41.85747511591479,1168.4076301812997,5.705311073660715,337.68605856473215,911.0176164469246,412.57619673859125,42.5052443578869,1168.4076301812997,5.705311073660715,337.68605856473215,911.0176164469246,412.57619673859125,42.5052443578869
2026-01-31 14:00:00+00:00,2212.270125,0.0,361.62672499999996,491.67195,454.85990000000004,61.695425,1232.015688416895,5.7891013001253135,335.23646743499376,934.6313412623788,417.7040333337343,41.85747511591479,1168.4076301812997,5.705311073660715,337.68605856473215,911.0176164469246,412.57619673859125,42.5052443578869,1168.4076301812997,5.705311073660715,337.68605856473215,911.0176164469246,412.57619673859125,42.5052443578869
2026-01-31 15:00:00+00:00,2244.50465,0.0,361.664125,539.426575,487.785725,60.306475,1264.0447449276987,5.7891013001253135,335.23646743499376,942.9608454168709,419.9183102009843,41.85747511591479,1168.4076301812997,5.705311073660715,337.68605856473215,911.0176164469246,412.57619673859125,42.5052443578869,1168.4076301812997,5.705311073660715,337.68605856473215,911.0176164469246,412.57619673859125,42.5052443578869
2026-01-31 16:00:00+00:00,2610.456125,0.0,372.756275,585.83845,511.587,59.730775,1293.3313318922242,5.7891013001253135,335.23646743499376,951.2903495713629,422.3093037987871,41.85747511591479,1168.4076301812997,5.705311073660715,337.68605856473215,911.0176164469246,412.57619673859125,42.5052443578869,1168.4076301812997,5.705311073660715,337.68605856473215,911.0176164469246,412.57619673859125,42.5052443578869
2026-01-31 17:00:00+00:00,2689.820275,0.0,373.684025,578.2029,511.006125,64.23067499999999,1300.787363578057,5.7891013001253135,335.23646743499376,959.6198537258549,423.89562271119684,41.85747511591479,1168.4076301812997,5.705311073660715,337.68605856473215,911.0176164469246,412.57619673859125,42.5052443578869,1168.4076301812997,5.705311073660715,337.68605856473215,911.0176164469246,412.57619673859125,42.5052443578869
2026-01-31 18:00:00+00:00,2701.91895,0.0,373.74694999999997,418.062975,497.563225,63.89391666666666,1292.8440707930788,5.7891013001253135,335.23646743499376,967.9493578803471,424.67652585363953,41.85747511591479,1168.4076301812997,5.705311073660715,337.68605856473215,911.0176164469246,412.57619673859125,42.5052443578869,1168.4076301812997,5.705311073660715,337.68605856473215,911.0176164469246,412.57619673859125,42.5052443578869
2026-01-31 19:00:00+00:00,2646.0116749999997,0.0,373.82035,421.43715000000003,478.29645,63.55715833333333,1270.300412667672,5.7891013001253135,335.23646743499376,976.2788620348391,425.2327232805354,41.85747511591479,1168.4076301812997,5.705311073660715,337.68605856473215,911.0176164469246,412.57619673859125,42.5052443578869,1168.4076301812997,5.705311073660715,337.68605856473215,911.0176164469246,412.57619673859125,42.5052443578869
2026-01-31 20:00:00+00:00,2509.86555,0.0,373.829925,390.1651999999999,463.156125,63.2204,1254.845464905627,5.7891013001253135,335.23646743499376,984.6083661893312,425.93704946901045,41.85747511591479,1168.4076301812997,5.705311073660715,337.68605856473215,911.0176164469246,412.57619673859125,42.5052443578869,1168.4076301812997,5.705311073660715,337.68605856473215,911.0176164469246,412.57619673859125,42.5052443578869
2026-01-31 21:00:00+00:00,2456.9519,0.0,374.01232500000003,422.17995,451.6872,62.057649999999995,1245.7197532550176,5.7891013001253135,335.23646743499376,992.9378703438232,426.86162450575785,41.85747511591479,1168.4076301812997,5.705311073660715,337.68605856473215,911.0176164469246,412.57619673859125,42.5052443578869,1168.4076301812997,5.705311073660715,337.68605856473215,911.0176164469246,412.57619673859125,42.5052443578869
2026-01-31 22:00:00+00:00,2385.1507,0.0,374.236925,374.311775,436.468525,60.8949,1228.2776575698547,5.7891013001253135,335.23646743499376,1001.2673744983152,427.4664427627584,41.85747511591479,1168.4076301812997,5.705311073660715,337.68605856473215,911.0176164469246,412.57619673859125,42.5052443578869,1168.4076301812997,5.705311073660715,337.68605856473215,911.0176164469246,412.57619673859125,42.5052443578869
2026-01-31 23:00:00+00:00,1907.991925,0.0,373.549825,368.13997500000005,423.37465,60.280950000000004,1203.3633227915363,5.7891013001253135,335.23646743499376,1009.5968786528073,427.8787758859434,41.85747511591479,1168.4076301812997,5.705311073660715,337.68605856473215,911.0176164469246,412.57619673859125,42.5052443578869,1168.4076301812997,5.705311073660715,337.68605856473215,911.0176164469246,412.57619673859125,42.5052443578869
2026-02-01 00:00:00+00:00,1901.5876,0.0,372.16067499999997,351.89744999999994,417.9989,62.391225,1193.1858731256675,5.7891013001253135,335.23646743499376,818.0182830994901,406.7928607353831,41.85747511591479,1168.4076301812997,5.705311073660715,337.68605856473215,911.0176164469246,412.57619673859125,42.5052443578869,1168.4076301812997,5.705311073660715,337.68605856473215,911.0176164469246,412.57619673859125,42.5052443578869
2026-02-01 01:00:00+00:00,1919.927125,0.0,374.86087499999996,357.58687499999996,413.481625,62.6523,1186.9521337731485,5.7891013001253135,335.23646743499376,826.3477872539821,407.34326417530264,41.85747511591479,1168.4076301812997,5.705311073660715,337.68605856473215,911.0176164469246,412.57619673859125,42.5052443578869,1168.4076301812997,5.705311073660715,337.68605856473215,911.0176164469246,412.57619673859125,42.5052443578869
2026-02-01 02:00:00+00:00,1856.5534,0.0,375.07275000000004,353.6865,413.872025,63.2239,1183.8655857892102,5.7891013001253135,335.23646743499376,834.6772914084742,408.22933262286386,41.85747511591479,1168.4076301812997,5.705311073660715,337.68605856473215,911.0176164469246,412.57619673859125,42.5052443578869,1168.4076301812997,5.705311073660715,337.68605856473215,911.0176164469246,412.57619673859125,42.5052443578869
2026-02-01 03:00:00+00:00,1850.1109999999999,0.0,374.983575,352.55562499999996,418.1421,61.6248,1186.7263804836557,5.7891013001253135,335.23646743499376,843.0067955629662,409.30676796331943,41.85747511591479,1168.4076301812997,5.705311073660715,337.68605856473215,911.0176164469246,412.57619673859125,42.5052443578869,1168.4076301812997,5.705311073660715,337.68605856473215,911.0176164469246,412.57619673859125,42.5052443578869
2026-02-01 04:00:00+00:00,1840.2443250000001,0.0,374.82482500000003,331.0607,430.413375,59.68915,1184.60172611139,5.7891013001253135,335.23646743499376,851.3362997174584,410.1931456072647,41.85747511591479,1168.4076301812997,5.705311073660715,337.68605856473215,911.0176164469246,412.57619673859125,42.5052443578869,1168.4076301812997,5.705311073660715,337.68605856473215,911.0176164469246,412.57619673859125,42.5052443578869
2026-02-01 05:00:00+00:00,1842.2178749999998,0.0,374.815025,346.93730000000005,453.85735,55.36535,1187.2666228353442,5.7891013001253135,335.23646743499376,859.6658038719504,411.22158324664963,41.85747511591479,1168.4076301812997,5.705311073660715,337.68605856473215,911.0176164469246,412.57619673859125,42.5052443578869,1168.4076301812997,5.705311073660715,337.68605856473215,911.0176164469246,412.57619673859125,42.5052443578869
2026-02-01 06:00:00+00:00,1836.6307,0.0,374.59544999999997,388.27995,487.94295,53.9878,1196.9776362370264,5.7891013001253135,335.23646743499376,867.9953080264424,412.4602913671931,41.85747511591479,1168.4076301812997,5.705311073660715,337.68605856473215,911.0176164469246,412.57619673859125,42.5052443578869,1168.4076301812997,5.705311073660715,337.68605856473215,911.0176164469246,412.57619673859125,42.5052443578869
2026-02-01 07:00:00+00:00,1945.413325,0.0,374.48085,441.8711,504.21912499999996,52.882625,1208.1501163273404,5.7891013001253135,335.23646743499376,876.3248121809345,413.4383045338143,41.85747511591479,1168.4076301812997,5.705311073660715,337.68605856473215,911.0176164469246,412.57619673859125,42.5052443578869,1168.4076301812997,5.705311073660715,337.68605856473215,911.0176164469246,412.57619673859125,42.5052443578869
2026-02-01 08:00:00+00:00,2067.33315,0.0,374.7847,363.710925,497.155675,62.490424999999995,1217.0257322787136,5.7891013001253135,335.23646743499376,884.6543163354265,414.3766159061182,41.85747511591479,1168.4076301812997,5.705311073660715,337.68605856473215,911.0176164469246,412.57619673859125,42.5052443578869,1168.4076301812997,5.705311073660715,337.68605856473215,911.0176164469246,412.57619673859125,42.5052443578869
2026-02-01 09:00:00+00:00,2051.572125,0.0,374.18399999999997,402.684975,469.546975,62.798675,1214.1846162298407,5.7891013001253135,335.23646743499376,892.9838204899186,414.6657387371071,41.85747511591479,1168.4076301812997,5.705311073660715,337.68605856473215,911.0176164469246,412.57619673859125,42.5052443578869,1168.4076301812997,5.705311073660715,337.68605856473215,911.0176164469246,412.57619673859125,42.5052443578869
2026-02-01 10:00:00+00:00,1913.98125,0.0,374.194825,464.33097499999997,447.18062499999996,63.0551625,1198.2958337745767,5.7891013001253135,335.23646743499376,901.3133246444106,414.4448865747744,41.85747511591479,1168.4076301812997,5.705311073660715,337.68605856473215,911.0176164469246,412.57619673859125,42.5052443578869,1168.4076301812997,5.705311073660715,337.68605856473215,911.0176164469246,412.57619673859125,42.5052443578869
2026-02-01 11:00:00+00:00,1872.10575,0.0,374.194225,360.1723750000001,431.10362499999997,63.31165,1184.0024040238336,5.7891013001253135,335.23646743499376,909.6428287989027,414.1636559724471,41.85747511591479,1168.4076301812997,5.705311073660715,337.68605856473215,911.0176164469246,412.57619673859125,42.5052443578869,1168.4076301812997,5.705311073660715,337.68605856473215,911.0176164469246,412.57619673859125,42.5052443578869
2026-02-01 12:00:00+00:00,1877.168525,0.0,374.186525,419.01917499999996,430.0079,62.244550000000004,1176.9946362430844,5.7891013001253135,335.23646743499376,917.9723329533947,414.59950980335293,41.85747511591479,1168.4076301812997,5.705311073660715,337.68605856473215,911.0176164469246,412.57619673859125,42.5052443578869,1168.4076301812997,5.705311073660715,337.68605856473215,911.0176164469246,412.57619673859125,42.5052443578869
2026-02-01 13:00:00+00:00,1867.1412249999998,0.0,374.083875,450.57970000000006,440.939925,59.541675,1176.8224576906048,5.7891013001253135,335.23646743499376,926.3018371078867,415.0228363145087,41.85747511591479,1168.4076301812997,5.705311073660715,337.68605856473215,911.0176164469246,412.57619673859125,42.5052443578869,1168.4076301812997,5.705311073660715,337.68605856473215,911.0176164469246,412.57619673859125,42.5052443578869
2026-02-01 14:00:00+00:00,2084.846725,0.0,374.168875,372.98425,457.766875,59.806375,1193.5837639852662,5.7891013001253135,335.23646743499376,934.6313412623788,416.27098140045706,41.85747511591479,1168.4076301812997,5.705311073660715,337.68605856473215,911.0176164469246,412.57619673859125,42.5052443578869,1168.4076301812997,5.705311073660715,337.68605856473215,911.0176164469246,412.57619673859125,42.5052443578869
2026-02-01 15:00:00+00:00,2316.51515,0.0,374.0632,376.67447500000003,494.12194999999997,59.32105,1221.2356967139967,5.7891013001253135,335.23646743499376,942.9608454168709,418.26919743832434,41.85747511591479,1168.4076301812997,5.705311073660715,337.68605856473215,911.0176164469246,412.57619673859125,42.5052443578869,1168.4076301812997,5.705311073660715,337.68605856473215,911.0176164469246,412.57619673859125,42.5052443578869
2026-02-01 16:00:00+00:00,2512.1336,0.0,373.959125,459.13365,517.385925,59.2705,1253.4842544317044,5.7891013001253135,335.23646743499376,951.2903495713629,420.91279073377956,41.85747511591479,1168.4076301812997,5.705311073660715,337.68605856473215,911.0176164469246,412.57619673859125,42.5052443578869,1168.4076301812997,5.705311073660715,337.68605856473215,911.0176164469246,412.57619673859125,42.5052443578869
2026-02-01 17:00:00+00:00,2766.5119,0.0,373.80039999999997,1010.2829249999999,516.4754,60.5827,1267.1285024197678,5.7891013001253135,335.23646743499376,959.6198537258549,422.93602318185395,41.85747511591479,1168.4076301812997,5.705311073660715,337.68605856473215,911.0176164469246,412.57619673859125,42.5052443578869,1168.4076301812997,5.705311073660715,337.68605856473215,911.0176164469246,412.57619673859125,42.5052443578869
2026-02-01 18:00:00+00:00,2909.9353499999997,0.0,373.739625,421.36322500000006,506.473175,61.257075,1266.8747040240187,5.7891013001253135,335.23646743499376,967.9493578803471,424.0473881823654,41.85747511591479,1168.4076301812997,5.705311073660715,337.68605856473215,911.0176164469246,412.57619673859125,42.5052443578869,1168.4076301812997,5.705311073660715,337.68605856473215,911.0176164469246,412.57619673859125,42.5052443578869
2026-02-01 19:00:00+00:00,2931.991075,0.0,378.45825,472.288475,491.20795,61.37755,1259.7164710949958,5.7891013001253135,335.23646743499376,976.2788620348391,425.2513411744617,41.85747511591479,1168.4076301812997,5.705311073660715,337.68605856473215,911.0176164469246,412.57619673859125,42.5052443578869,1168.4076301812997,5.705311073660715,337.68605856473215,911.0176164469246,412.57619673859125,42.5052443578869
2026-02-01 20:00:00+00:00,2928.139275,0.0,398.78177500000004,372.11285,472.984125,62.806675,1246.9688770635512,5.7891013001253135,335.23646743499376,984.6083661893312,426.4468750836431,41.85747511591479,1168.4076301812997,5.705311073660715,337.68605856473215,911.0176164469246,412.57619673859125,42.5052443578869,1168.4076301812997,5.705311073660715,337.68605856473215,911.0176164469246,412.57619673859125,42.5052443578869
2026-02-01 21:00:00+00:00,2854.121875,0.0,404.38419999999996,363.41585,458.53045,63.1769625,1232.7949891562714,5.7891013001253135,335.23646743499376,992.9378703438232,427.27951513878253,41.85747511591479,1168.4076301812997,5.705311073660715,337.68605856473215,911.0176164469246,412.57619673859125,42.5052443578869,1168.4076301812997,5.705311073660715,337.68605856473215,911.0176164469246,412.57619673859125,42.5052443578869
2026-02-01 22:00:00+00:00,2575.2785999999996,0.0,404.396575,325.58805000000007,442.94795,63.54725,1204.3319588592346,5.7891013001253135,335.23646743499376,1001.2673744983152,427.74996256162535,41.85747511591479,1168.4076301812997,5.705311073660715,337.68605856473215,911.0176164469246,412.57619673859125,42.5052443578869,1168.4076301812997,5.705311073660715,337.68605856473215,911.0176164469246,412.57619673859125,42.5052443578869
2026-02-01 23:00:00+00:00,2305.968275,0.0,404.438125,388.9874500000001,430.6572,64.04155,1180.8735698023072,5.7891013001253135,335.23646743499376,1009.5968786528073,428.2854589389047,41.85747511591479,1168.4076301812997,5.705311073660715,337.68605856473215,911.0176164469246,412.57619673859125,42.5052443578869,1168.4076301812997,5.705311073660715,337.68605856473215,911.0176164469246,412.57619673859125,42.5052443578869
2026-02-02 00:00:00+00:00,2300.2088,0.0,405.07195,398.76700000000005,420.305075,61.2963,1164.7396074717533,5.7891013001253135,335.23646743499376,818.0182830994901,405.97175757361185,41.85747511591479,1168.4076301812997,5.705311073660715,337.68605856473215,911.0176164469246,412.57619673859125,42.5052443578869,1168.4076301812997,5.705311073660715,337.68605856473215,911.0176164469246,412.57619673859125,42.5052443578869
2026-02-02 01:00:00+00:00,2316.2724,0.0,405.326775,378.1332,417.11365,63.0774,1162.9869394368288,5.7891013001253135,335.23646743499376,826.3477872539821,407.0436098739851,41.85747511591479,1168.4076301812997,5.705311073660715,337.68605856473215,911.0176164469246,412.57619673859125,42.5052443578869,1168.4076301812997,5.705311073660715,337.68605856473215,911.0176164469246,412.57619673859125,42.5052443578869
2026-02-02 02:00:00+00:00,2354.0503,0.0,405.2114,348.88762500000007,415.672775,63.793575000000004,1165.892474277313,5.7891013001253135,335.23646743499376,834.6772914084742,408.30327987975863,41.85747511591479,1168.4076301812997,5.705311073660715,337.68605856473215,911.0176164469246,412.57619673859125,42.5052443578869,1168.4076301812997,5.705311073660715,337.68605856473215,911.0176164469246,412.57619673859125,42.5052443578869
2026-02-02 03:00:00+00:00,2444.9610000000002,0.0,404.942,342.49035000000003,417.35825,62.811274999999995,1177.4199072081028,5.7891013001253135,335.23646743499376,843.0067955629662,409.48317557854847,41.85747511591479,1168.4076301812997,5.705311073660715,337.68605856473215,911.0176164469246,412.57619673859125,42.5052443578869,1168.4076301812997,5.705311073660715,337.68605856473215,911.0176164469246,412.57619673859125,42.5052443578869
2026-02-02 04:00:00+00:00,2765.8382,0.0,404.82105,392.7011,427.53145,63.096325,1206.3991010703564,5.7891013001253135,335.23646743499376,851.3362997174584,411.19095627235845,41.85747511591479,1168.4076301812997,5.705311073660715,337.68605856473215,911.0176164469246,412.57619673859125,42.5052443578869,1168.4076301812997,5.705311073660715,337.68605856473215,911.0176164469246,412.57619673859125,42.5052443578869
2026-02-02 05:00:00+00:00,3067.0337500000005,0.0,404.6668,580.074,447.375175,59.445325,1273.4192246474229,5.7891013001253135,335.23646743499376,859.6658038719504,413.9781339572641,41.85747511591479,1168.4076301812997,5.705311073660715,337.68605856473215,911.0176164469246,412.57619673859125,42.5052443578869,1168.4076301812997,5.705311073660715,337.68605856473215,911.0176164469246,412.57619673859125,42.5052443578869
2026-02-02 06:00:00+00:00,3077.740175,0.0,404.608675,1028.2819749999999,478.33505,58.85875,1318.8569659650548,5.7891013001253135,335.23646743499376,867.9953080264424,416.06074901110793,41.85747511591479,1168.4076301812997,5.705311073660715,337.68605856473215,911.0176164469246,412.57619673859125,42.5052443578869,1168.4076301812997,5.705311073660715,337.68605856473215,911.0176164469246,412.57619673859125,42.5052443578869
2026-02-02 07:00:00+00:00,3017.334525,0.0,404.43115,1651.6228749999998,494.66785,59.02585,1333.4078125180183,5.7891013001253135,335.23646743499376,876.3248121809345,417.4233875834927,41.85747511591479,1168.4076301812997,5.705311073660715,337.68605856473215,911.0176164469246,412.57619673859125,42.5052443578869,1168.4076301812997,5.705311073660715,337.68605856473215,911.0176164469246,412.57619673859125,42.5052443578869
2026-02-02 08:00:00+00:00,2893.05865,0.0,404.10585000000003,1705.6011,487.2527,59.21245,1323.0712989889778,5.7891013001253135,335.23646743499376,884.6543163354265,417.8662209456395,41.85747511591479,1168.4076301812997,5.705311073660715,337.68605856473215,911.0176164469246,412.57619673859125,42.5052443578869,1168.4076301812997,5.705311073660715,337.68605856473215,911.0176164469246,412.57619673859125,42.5052443578869
2026-02-02 09:00:00+00:00,2955.111275,0.0,403.925375,1569.0484749999998,475.923125,60.8124,1319.9331425963758,5.7891013001253135,335.23646743499376,892.9838204899186,418.8367741044752,41.85747511591479,1168.4076301812997,5.705311073660715,337.68605856473215,911.0176164469246,412.57619673859125,42.5052443578869,1168.4076301812997,5.705311073660715,337.68605856473215,911.0176164469246,412.57619673859125,42.5052443578869
2026-02-02 10:00:00+00:00,2933.749925,0.0,403.88077499999997,1227.7017999999998,459.841975,62.837875,1298.4030654269643,5.7891013001253135,335.23646743499376,901.3133246444106,418.8839925691975,41.85747511591479,1168.4076301812997,5.705311073660715,337.68605856473215,911.0176164469246,412.57619673859125,42.5052443578869,1168.4076301812997,5.705311073660715,337.68605856473215,911.0176164469246,412.57619673859125,42.5052443578869
2026-02-02 11:00:00+00:00,2933.6695,0.0,403.919975,850.9782499999999,446.763175,64.02745,1280.4089611716527,5.7891013001253135,335.23646743499376,909.6428287989027,418.5052456133339,41.85747511591479,1168.4076301812997,5.705311073660715,337.68605856473215,911.0176164469246,412.57619673859125,42.5052443578869,1168.4076301812997,5.705311073660715,337.68605856473215,911.0176164469246,412.57619673859125,42.5052443578869
2026-02-02 12:00:00+00:00,2952.0352249999996,0.0,405.64065,571.4228750000001,441.37075,63.386575,1278.6082431527516,5.7891013001253135,335.23646743499376,917.9723329533947,419.47090992708223,41.85747511591479,1168.4076301812997,5.705311073660715,337.68605856473215,911.0176164469246,412.57619673859125,42.5052443578869,1168.4076301812997,5.705311073660715,337.68605856473215,911.0176164469246,412.57619673859125,42.5052443578869
2026-02-02 13:00:00+00:00,3040.115825,0.0,433.27985,719.870225,445.200925,63.60935833333333,1284.844431179781,5.7891013001253135,335.23646743499376,926.3018371078867,420.08625907912824,41.85747511591479,1168.4076301812997,5.705311073660715,337.68605856473215,911.0176164469246,412.57619673859125,42.5052443578869,1168.4076301812997,5.705311073660715,337.68605856473215,911.0176164469246,412.57619673859125,42.5052443578869
2026-02-02 14:00:00+00:00,3301.6794250000003,0.0,433.37687500000004,1149.215025,459.38995,63.832141666666665,1302.6301094929931,5.7891013001253135,335.23646743499376,934.6313412623788,421.51161966909444,41.85747511591479,1168.4076301812997,5.705311073660715,337.68605856473215,911.0176164469246,412.57619673859125,42.5052443578869,1168.4076301812997,5.705311073660715,337.68605856473215,911.0176164469246,412.57619673859125,42.5052443578869
2026-02-02 15:00:00+00:00,3381.4591499999997,0.0,437.3542,931.290225,492.435875,64.054925,1323.2506777070591,5.7891013001253135,335.23646743499376,942.9608454168709,423.24877824495996,41.85747511591479,1168.4076301812997,5.705311073660715,337.68605856473215,911.0176164469246,412.57619673859125,42.5052443578869,1168.4076301812997,5.705311073660715,337.68605856473215,911.0176164469246,412.57619673859125,42.5052443578869
2026-02-02 16:00:00+00:00,3307.12985,8.43745,443.200375,819.31605,514.509025,64.05146875,1334.4731128568058,5.7891013001253135,335.23646743499376,951.2903495713629,425.2982943580817,41.85747511591479,1168.4076301812997,5.705311073660715,337.68605856473215,911.0176164469246,412.57619673859125,42.5052443578869,1168.4076301812997,5.705311073660715,337.68605856473215,911.0176164469246,412.57619673859125,42.5052443578869
2026-02-02 17:00:00+00:00,3388.614975,88.810425,443.57325000000003,1429.1201749999998,515.7362499999999,64.0480125,1339.3790835840941,5.7891013001253135,335.23646743499376,959.6198537258549,426.99710931421316,41.85747511591479,1168.4076301812997,5.705311073660715,337.68605856473215,911.0176164469246,412.57619673859125,42.5052443578869,1168.4076301812997,5.705311073660715,337.68605856473215,911.0176164469246,412.57619673859125,42.5052443578869
2026-02-02 18:00:00+00:00,3260.428975,169.1834,443.6255,1571.2710499999998,511.903675,64.04455625,1326.4318571108404,5.7891013001253135,335.23646743499376,967.9493578803471,427.60300815345914,41.85747511591479,1168.4076301812997,5.705311073660715,337.68605856473215,911.0176164469246,412.57619673859125,42.5052443578869,1168.4076301812997,5.705311073660715,337.68605856473215,911.0176164469246,412.57619673859125,42.5052443578869
2026-02-02 19:00:00+00:00,3266.850275,0.15530000000000044,443.610225,663.06555,492.704925,64.0411,1302.5000380451718,5.7891013001253135,335.23646743499376,976.2788620348391,427.88180923512965,41.85747511591479,1168.4076301812997,5.705311073660715,337.68605856473215,911.0176164469246,412.57619673859125,42.5052443578869,1168.4076301812997,5.705311073660715,337.68605856473215,911.0176164469246,412.57619673859125,42.5052443578869
2026-02-02 20:00:00+00:00,3346.034375,0.0,444.194225,508.64905,476.882175,63.92567916666667,1277.1682997741493,5.7891013001253135,335.23646743499376,984.6083661893312,428.1452050311084,41.85747511591479,1168.4076301812997,5.705311073660715,337.68605856473215,911.0176164469246,412.57619673859125,42.5052443578869,1168.4076301812997,5.705311073660715,337.68605856473215,911.0176164469246,412.57619673859125,42.5052443578869
2026-02-02 21:00:00+00:00,3488.2411,0.0,444.67835,423.2177000000001,459.082725,63.81025833333333,1250.8639166678847,5.7891013001253135,335.23646743499376,992.9378703438232,428.3230555710884,41.85747511591479,1168.4076301812997,5.705311073660715,337.68605856473215,911.0176164469246,412.57619673859125,42.5052443578869,1168.4076301812997,5.705311073660715,337.68605856473215,911.0176164469246,412.57619673859125,42.5052443578869
2026-02-02 22:00:00+00:00,3207.3323250000003,0.0,444.807775,349.43785,442.4429,63.6948375,1223.8335615988976,5.7891013001253135,335.23646743499376,1001.2673744983152,428.73828478992766,41.85747511591479,1168.4076301812997,5.705311073660715,337.68605856473215,911.0176164469246,412.57619673859125,42.5052443578869,1168.4076301812997,5.705311073660715,337.68605856473215,911.0176164469246,412.57619673859125,42.5052443578869
2026-02-02 23:00:00+00:00,2717.888075,0.0,443.55785,362.49884999999995,429.4627,63.57941666666667,1204.459901320629,5.7891013001253135,335.23646743499376,1009.5968786528073,429.39333322849717,41.85747511591479,1168.4076301812997,5.705311073660715,337.68605856473215,911.0176164469246,412.57619673859125,42.5052443578869,1168.4076301812997,5.705311073660715,337.68605856473215,911.0176164469246,412.57619673859125,42.5052443578869
2026-02-03 00:00:00+00:00,2241.326225,0.0,443.8841,370.212275,420.123075,63.46399583333333,1191.0121342916746,5.7891013001253135,335.23646743499376,818.0182830994901,407.8806793701117,41.85747511591479,1168.4076301812997,5.705311073660715,337.68605856473215,911.0176164469246,412.57619673859125,42.5052443578869,1168.4076301812997,5.705311073660715,337.68605856473215,911.0176164469246,412.57619673859125,42.5052443578869
2026-02-03 01:00:00+00:00,2102.47095,0.0,443.938375,369.0932250000001,415.99495,63.348575,1182.7851336958884,5.7891013001253135,335.23646743499376,826.3477872539821,408.33742262161843,41.85747511591479,1168.4076301812997,5.705311073660715,337.68605856473215,911.0176164469246,412.57619673859125,42.5052443578869,1168.4076301812997,5.705311073660715,337.68605856473215,911.0176164469246,412.57619673859125,42.5052443578869
2026-02-03 02:00:00+00:00,2096.78575,0.0,415.947925,362.178225,414.51365,62.432675,1186.6665540643578,5.7891013001253135,335.23646743499376,834.6772914084742,409.1542638721839,41.85747511591479,1168.4076301812997,5.705311073660715,337.68605856473215,911.0176164469246,412.57619673859125,42.5052443578869,1168.4076301812997,5.705311073660715,337.68605856473215,911.0176164469246,412.57619673859125,42.5052443578869
2026-02-03 03:00:00+00:00,2135.5425999999998,0.0,411.485975,363.67712499999993,417.66089999999997,63.092575,1193.8865611517474,5.7891013001253135,335.23646743499376,843.0067955629662,410.2271993546324,41.85747511591479,1168.4076301812997,5.705311073660715,337.68605856473215,911.0176164469246,412.57619673859125,42.5052443578869,1168.4076301812997,5.705311073660715,337.68605856473215,911.0176164469246,412.57619673859125,42.5052443578869
2026-02-03 04:00:00+00:00,2397.486425,0.0,435.352275,360.0471,427.88145,62.3788,1215.4455865065584,5.7891013001253135,335.23646743499376,851.3362997174584,411.8202857067844,41.85747511591479,1168.4076301812997,5.705311073660715,337.68605856473215,911.0176164469246,412.57619673859125,42.5052443578869,1168.4076301812997,5.705311073660715,337.68605856473215,911.0176164469246,412.57619673859125,42.5052443578869
2026-02-03 05:00:00+00:00,2662.89915,0.0,441.296975,407.53705,459.16425000000004,59.7459,1265.7891425380728,5.7891013001253135,335.23646743499376,859.6658038719504,414.3897825227708,41.85747511591479,1168.4076301812997,5.705311073660715,337.68605856473215,911.0176164469246,412.57619673859125,42.5052443578869,1168.4076301812997,5.705311073660715,337.68605856473215,911.0176164469246,412.57619673859125,42.5052443578869
2026-02-03 06:00:00+00:00,3045.3468249999996,0.0,442.914675,376.46630000000005,490.5603,58.172250000000005,1310.3510926426839,5.7891013001253135,335.23646743499376,867.9953080264424,416.8271358911776,41.85747511591479,1168.4076301812997,5.705311073660715,337.68605856473215,911.0176164469246,412.57619673859125,42.5052443578869,1168.4076301812997,5.705311073660715,337.68605856473215,911.0176164469246,412.57619673859125,42.5052443578869
2026-02-03 07:00:00+00:00,3186.406525,0.0,441.479325,491.980825,506.87565,58.63915,1331.491711557308,5.7891013001253135,335.23646743499376,876.3248121809345,418.2169265277702,41.85747511591479,1168.4076301812997,5.705311073660715,337.68605856473215,911.0176164469246,412.57619673859125,42.5052443578869,1168.4076301812997,5.705311073660715,337.68605856473215,911.0176164469246,412.57619673859125,42.5052443578869
2026-02-03 08:00:00+00:00,3209.4905,0.0,440.001325,983.9850749999999,496.76727500000004,59.7333,1327.6792604142777,5.7891013001253135,335.23646743499376,884.6543163354265,418.61083034142985,41.85747511591479,1168.4076301812997,5.705311073660715,337.68605856473215,911.0176164469246,412.57619673859125,42.5052443578869,1168.4076301812997,5.705311073660715,337.68605856473215,911.0176164469246,412.57619673859125,42.5052443578869
2026-02-03 09:00:00+00:00,3333.984675,0.0,440.2548,585.8573,459.574725,62.66055,1328.1339561732493,5.7891013001253135,335.23646743499376,892.9838204899186,419.4849134665083,41.85747511591479,1168.4076301812997,5.705311073660715,337.68605856473215,911.0176164469246,412.57619673859125,42.5052443578869,1168.4076301812997,5.705311073660715,337.68605856473215,911.0176164469246,412.57619673859125,42.5052443578869
2026-02-03 10:00:00+00:00,3299.0993,0.0,443.252775,919.9798,442.209625,63.204425,1319.3463827626292,5.7891013001253135,335.23646743499376,901.3133246444106,419.8684430484951,41.85747511591479,1168.4076301812997,5.705311073660715,337.68605856473215,911.0176164469246,412.57619673859125,42.5052443578869,1168.4076301812997,5.705311073660715,337.68605856473215,911.0176164469246,412.57619673859125,42.5052443578869
2026-02-03 11:00:00+00:00,3031.81365,0.0,442.9071,466.382,436.43215,63.242835416666665,1301.9694890626204,5.7891013001253135,335.23646743499376,909.6428287989027,419.9886762045473,41.85747511591479,1168.4076301812997,5.705311073660715,337.68605856473215,911.0176164469246,412.57619673859125,42.5052443578869,1168.4076301812997,5.705311073660715,337.68605856473215,911.0176164469246,412.57619673859125,42.5052443578869
2026-02-03 12:00:00+00:00,2555.7995499999997,0.0,443.22005,437.23705,432.367925,63.28124583333334,1291.5792897522408,5.7891013001253135,335.23646743499376,917.9723329533947,420.60902060238027,41.85747511591479,1168.4076301812997,5.705311073660715,337.68605856473215,911.0176164469246,412.57619673859125,42.5052443578869,1168.4076301812997,5.705311073660715,337.68605856473215,911.0176164469246,412.57619673859125,42.5052443578869
2026-02-03 13:00:00+00:00,2533.8146500000003,0.0,442.36415,735.2527000000001,440.096175,63.31965625,1291.9612232506931,5.7891013001253135,335.23646743499376,926.3018371078867,421.545084059665,41.85747511591479,1168.4076301812997,5.705311073660715,337.68605856473215,911.0176164469246,412.57619673859125,42.5052443578869,1168.4076301812997,5.705311073660715,337.68605856473215,911.0176164469246,412.57619673859125,42.5052443578869
2026-02-03 14:00:00+00:00,2779.81085,0.0,442.07475,733.6435999999999,461.09225,63.358066666666666,1312.809608312544,5.7891013001253135,335.23646743499376,934.6313412623788,422.97409915202905,41.85747511591479,1168.4076301812997,5.705311073660715,337.68605856473215,911.0176164469246,412.57619673859125,42.5052443578869,1168.4076301812997,5.705311073660715,337.68605856473215,911.0176164469246,412.57619673859125,42.5052443578869
2026-02-03 15:00:00+00:00,3054.15185,0.0,442.31985,675.483625,495.38845000000003,63.39647708333334,1329.3592151255116,5.7891013001253135,335.23646743499376,942.9608454168709,424.16892508934296,41.85747511591479,1168.4076301812997,5.705311073660715,337.68605856473215,911.0176164469246,412.57619673859125,42.5052443578869,1168.4076301812997,5.705311073660715,337.68605856473215,911.0176164469246,412.57619673859125,42.5052443578869
2026-02-03 16:00:00+00:00,3052.670825,0.0,442.737675,1080.395625,516.298225,63.4348875,1355.2701437458102,5.7891013001253135,335.23646743499376,951.2903495713629,425.9196459162538,41.85747511591479,1168.4076301812997,5.705311073660715,337.68605856473215,911.0176164469246,412.57619673859125,42.5052443578869,1168.4076301812997,5.705311073660715,337.68605856473215,911.0176164469246,412.57619673859125,42.5052443578869
2026-02-03 17:00:00+00:00,3042.364075,0.0,443.92635,713.2446,518.333325,63.47329791666667,1362.9234979327312,5.7891013001253135,335.23646743499376,959.6198537258549,427.0843828219768,41.85747511591479,1168.4076301812997,5.705311073660715,337.68605856473215,911.0176164469246,412.57619673859125,42.5052443578869,1168.4076301812997,5.705311073660715,337.68605856473215,911.0176164469246,412.57619673859125,42.5052443578869
2026-02-03 18:00:00+00:00,2962.9357500000006,0.0,443.44425,532.1597,509.072625,63.51170833333334,1353.1200679563995,5.7891013001253135,335.23646743499376,967.9493578803471,428.046361193563,41.85747511591479,1168.4076301812997,5.705311073660715,337.68605856473215,911.0176164469246,412.57619673859125,42.5052443578869,1168.4076301812997,5.705311073660715,337.68605856473215,911.0176164469246,412.57619673859125,42.5052443578869
2026-02-03 19:00:00+00:00,2923.0555,0.0,443.51685,546.9615249999999,488.321,63.55011875,1332.2759767757912,5.7891013001253135,335.23646743499376,976.2788620348391,428.49973076364194,41.85747511591479,1168.4076301812997,5.705311073660715,337.68605856473215,911.0176164469246,412.57619673859125,42.5052443578869,1168.4076301812997,5.705311073660715,337.68605856473215,911.0176164469246,412.57619673859125,42.5052443578869
2026-02-03 20:00:00+00:00,2935.6859750000003,0.0,443.549875,779.617925,476.755125,63.58852916666667,1314.6925819189223,5.7891013001253135,335.23646743499376,984.6083661893312,429.0061850683142,41.85747511591479,1168.4076301812997,5.705311073660715,337.68605856473215,911.0176164469246,412.57619673859125,42.5052443578869,1168.4076301812997,5.705311073660715,337.68605856473215,911.0176164469246,412.57619673859125,42.5052443578869
2026-02-03 21:00:00+00:00,2974.09565,0.0,421.27952500000004,533.5569750000001,464.104,63.62693958333334,1301.0785526289249,5.7891013001253135,335.23646743499376,992.9378703438232,429.581166588207,41.85747511591479,1168.4076301812997,5.705311073660715,337.68605856473215,911.0176164469246,412.57619673859125,42.5052443578869,1168.4076301812997,5.705311073660715,337.68605856473215,911.0176164469246,412.57619673859125,42.5052443578869
2026-02-03 22:00:00+00:00,2773.847825,0.0,414.17655,361.360275,451.30445000000003,63.665350000000004,1279.219279045025,5.7891013001253135,335.23646743499376,1001.2673744983152,430.05820415457686,41.85747511591479,1168.4076301812997,5.705311073660715,337.68605856473215,911.0176164469246,412.57619673859125,42.5052443578869,1168.4076301812997,5.705311073660715,337.68605856473215,911.0176164469246,412.57619673859125,42.5052443578869
2026-02-03 23:00:00+00:00,2538.7005,0.0,414.17865,356.25542500000006,436.02925,63.768675,1258.7359662405229,5.7891013001253135,335.23646743499376,1009.5968786528073,430.542033915279,41.85747511591479,1168.4076301812997,5.705311073660715,337.68605856473215,911.0176164469246,412.57619673859125,42.5052443578869,1168.4076301812997,5.705311073660715,337.68605856473215,911.0176164469246,412.57619673859125,42.5052443578869
2026-02-04 00:00:00+00:00,2461.559575,0.0,414.160175,354.888375,425.5664,63.872,1247.7007939922094,5.7891013001253135,335.23646743499376,818.0182830994901,409.01658280872476,41.85747511591479,1168.4076301812997,5.705311073660715,337.68605856473215,911.0176164469246,412.57619673859125,42.5052443578869,1168.4076301812997,5.705311073660715,337.68605856473215,911.0176164469246,412.57619673859125,42.5052443578869
2026-02-04 01:00:00+00:00,2576.7730500000002,0.0,414.219725,353.13957500000004,425.4062,63.88355,1249.0836929823008,5.7891013001253135,335.23646743499376,826.3477872539821,410.04155462357363,41.85747511591479,1168.4076301812997,5.705311073660715,337.68605856473215,911.0176164469246,412.57619673859125,42.5052443578869,1168.4076301812997,5.705311073660715,337.68605856473215,911.0176164469246,412.57619673859125,42.5052443578869
2026-02-04 02:00:00+00:00,2584.7097249999997,0.0,414.14895,353.850325,421.28285,63.97085,1246.793775003853,5.7891013001253135,335.23646743499376,834.6772914084742,411.0517762451432,41.85747511591479,1168.4076301812997,5.705311073660715,337.68605856473215,911.0176164469246,412.57619673859125,42.5052443578869,1168.4076301812997,5.705311073660715,337.68605856473215,911.0176164469246,412.57619673859125,42.5052443578869
2026-02-04 03:00:00+00:00,2577.7857,0.0,414.168475,352.1226750000001,424.51595,64.064425,1255.9359528458149,5.7891013001253135,335.23646743499376,843.0067955629662,412.337988310955,41.85747511591479,1168.4076301812997,5.705311073660715,337.68605856473215,911.0176164469246,412.57619673859125,42.5052443578869,1168.4076301812997,5.705311073660715,337.68605856473215,911.0176164469246,412.57619673859125,42.5052443578869
2026-02-04 04:00:00+00:00,2700.7152499999997,0.0,414.595275,347.43487500000003,435.828925,62.0045,1276.446920204456,5.7891013001253135,335.23646743499376,851.3362997174584,413.83784830521193,41.85747511591479,1168.4076301812997,5.705311073660715,337.68605856473215,911.0176164469246,412.57619673859125,42.5052443578869,1168.4076301812997,5.705311073660715,337.68605856473215,911.0176164469246,412.57619673859125,42.5052443578869
2026-02-04 05:00:00+00:00,3330.5478,95.05725,414.46524999999997,479.780725,456.422425,62.628,1326.385365658403,5.7891013001253135,335.23646743499376,859.6658038719504,416.0815348258505,41.85747511591479,1168.4076301812997,5.705311073660715,337.68605856473215,911.0176164469246,412.57619673859125,42.5052443578869,1168.4076301812997,5.705311073660715,337.68605856473215,911.0176164469246,412.57619673859125,42.5052443578869
2026-02-04 06:00:00+00:00,3518.002375,120.261525,414.086125,1360.869575,479.782375,61.53815,1351.2950006844562,5.7891013001253135,335.23646743499376,867.9953080264424,417.6049484457114,41.85747511591479,1168.4076301812997,5.705311073660715,337.68605856473215,911.0176164469246,412.57619673859125,42.5052443578869,1168.4076301812997,5.705311073660715,337.68605856473215,911.0176164469246,412.57619673859125,42.5052443578869
2026-02-04 07:00:00+00:00,3516.960625,111.15430416666666,422.321875,1567.1966249999998,493.68315,61.31395,1358.887164244725,5.7891013001253135,335.23646743499376,876.3248121809345,418.91965964423076,41.85747511591479,1168.4076301812997,5.705311073660715,337.68605856473215,911.0176164469246,412.57619673859125,42.5052443578869,1168.4076301812997,5.705311073660715,337.68605856473215,911.0176164469246,412.57619673859125,42.5052443578869
2026-02-04 08:00:00+00:00,3509.5937,102.04708333333333,444.20345,986.3838999999999,494.1048,61.872125,1332.4941431228478,5.7891013001253135,335.23646743499376,884.6543163354265,418.627362205689,41.85747511591479,1168.4076301812997,5.705311073660715,337.68605856473215,911.0176164469246,412.57619673859125,42.5052443578869,1168.4076301812997,5.705311073660715,337.68605856473215,911.0176164469246,412.57619673859125,42.5052443578869
2026-02-04 09:00:00+00:00,2934.6991,92.9398625,432.23125,889.6452249999999,471.1327,62.4303,1294.9523419108154,5.7891013001253135,335.23646743499376,892.9838204899186,417.63854795955075,41.85747511591479,1168.4076301812997,5.705311073660715,337.68605856473215,911.0176164469246,412.57619673859125,42.5052443578869,1168.4076301812997,5.705311073660715,337.68605856473215,911.0176164469246,412.57619673859125,42.5052443578869
2026-02-04 10:00:00+00:00,2706.49025,83.83264166666666,413.918175,843.4305249999999,451.891975,62.988475,1278.5889764260178,5.7891013001253135,335.23646743499376,901.3133246444106,417.43041079541854,41.85747511591479,1168.4076301812997,5.705311073660715,337.68605856473215,911.0176164469246,412.57619673859125,42.5052443578869,1168.4076301812997,5.705311073660715,337.68605856473215,911.0176164469246,412.57619673859125,42.5052443578869
2026-02-04 11:00:00+00:00,2637.2755749999997,74.72542083333333,414.000525,534.080975,438.11365,63.069525,1267.9160204862726,5.7891013001253135,335.23646743499376,909.6428287989027,417.26936639631316,41.85747511591479,1168.4076301812997,5.705311073660715,337.68605856473215,911.0176164469246,412.57619673859125,42.5052443578869,1168.4076301812997,5.705311073660715,337.68605856473215,911.0176164469246,412.57619673859125,42.5052443578869
2026-02-04 12:00:00+00:00,2934.1232,65.6182,410.33477500000004,572.351675,432.10317499999996,63.93235,1273.1900942264708,5.7891013001253135,335.23646743499376,917.9723329533947,418.45363972492504,41.85747511591479,1168.4076301812997,5.705311073660715,337.68605856473215,911.0176164469246,412.57619673859125,42.5052443578869,1168.4076301812997,5.705311073660715,337.68605856473215,911.0176164469246,412.57619673859125,42.5052443578869
2026-02-04 13:00:00+00:00,2913.096125,0.0,385.8216,862.5733749999999,437.56575,63.7876,1286.6826557051618,5.7891013001253135,335.23646743499376,926.3018371078867,419.43884307254086,41.85747511591479,1168.4076301812997,5.705311073660715,337.68605856473215,911.0176164469246,412.57619673859125,42.5052443578869,1168.4076301812997,5.705311073660715,337.68605856473215,911.0176164469246,412.57619673859125,42.5052443578869
2026-02-04 14:00:00+00:00,2919.9571,0.0,410.634325,781.1673499999999,454.756675,63.2826,1302.854674893396,5.7891013001253135,335.23646743499376,934.6313412623788,420.57178174004935,41.85747511591479,1168.4076301812997,5.705311073660715,337.68605856473215,911.0176164469246,412.57619673859125,42.5052443578869,1168.4076301812997,5.705311073660715,337.68605856473215,911.0176164469246,412.57619673859125,42.5052443578869
2026-02-04 15:00:00+00:00,2956.533075,0.0,427.256925,533.5751,487.88445,63.410295833333336,1316.0890581102433,5.7891013001253135,335.23646743499376,942.9608454168709,422.3323174909391,41.85747511591479,1168.4076301812997,5.705311073660715,337.68605856473215,911.0176164469246,412.57619673859125,42.5052443578869,1168.4076301812997,5.705311073660715,337.68605856473215,911.0176164469246,412.57619673859125,42.5052443578869
2026-02-04 16:00:00+00:00,2972.212875,0.0,442.719775,778.6959249999999,511.9134,63.53799166666667,1333.4504057208794,5.7891013001253135,335.23646743499376,951.2903495713629,424.449137043663,41.85747511591479,1168.4076301812997,5.705311073660715,337.68605856473215,911.0176164469246,412.57619673859125,42.5052443578869,1168.4076301812997,5.705311073660715,337.68605856473215,911.0176164469246,412.57619673859125,42.5052443578869
2026-02-04 17:00:00+00:00,3106.249175,0.0,443.44935,866.0474,514.7076500000001,63.665687500000004,1341.735724878241,5.7891013001253135,335.23646743499376,959.6198537258549,425.98572023527345,41.85747511591479,1168.4076301812997,5.705311073660715,337.68605856473215,911.0176164469246,412.57619673859125,42.5052443578869,1168.4076301812997,5.705311073660715,337.68605856473215,911.0176164469246,412.57619673859125,42.5052443578869
2026-02-04 18:00:00+00:00,3116.15975,0.0,438.70664999999997,666.0884749999999,505.848875,63.79338333333334,1337.9112386809954,5.7891013001253135,335.23646743499376,967.9493578803471,426.9400879294672,41.85747511591479,1168.4076301812997,5.705311073660715,337.68605856473215,911.0176164469246,412.57619673859125,42.5052443578869,1168.4076301812997,5.705311073660715,337.68605856473215,911.0176164469246,412.57619673859125,42.5052443578869
2026-02-04 19:00:00+00:00,2896.57735,0.0,397.932075,358.6386749999999,488.834775,63.92107916666667,1325.3926609597838,5.7891013001253135,335.23646743499376,976.2788620348391,427.96188780951917,41.85747511591479,1168.4076301812997,5.705311073660715,337.68605856473215,911.0176164469246,412.57619673859125,42.5052443578869,1168.4076301812997,5.705311073660715,337.68605856473215,911.0176164469246,412.57619673859125,42.5052443578869
2026-02-04 20:00:00+00:00,2471.0819,0.0,381.355275,439.04510000000005,470.79965,64.048775,1300.8880147086993,5.7891013001253135,335.23646743499376,984.6083661893312,428.64050476365463,41.85747511591479,1168.4076301812997,5.705311073660715,337.68605856473215,911.0176164469246,412.57619673859125,42.5052443578869,1168.4076301812997,5.705311073660715,337.68605856473215,911.0176164469246,412.57619673859125,42.5052443578869
2026-02-04 21:00:00+00:00,2413.6632250000002,0.0,381.5158,360.92932499999995,452.72517500000004,63.952006250000004,1277.1731364130171,5.7891013001253135,335.23646743499376,992.9378703438232,429.2183112577692,41.85747511591479,1168.4076301812997,5.705311073660715,337.68605856473215,911.0176164469246,412.57619673859125,42.5052443578869,1168.4076301812997,5.705311073660715,337.68605856473215,911.0176164469246,412.57619673859125,42.5052443578869
2026-02-04 22:00:00+00:00,2420.155925,0.0,381.55475,356.38474999999994,436.876025,63.8552375,1256.9475098010564,5.7891013001253135,335.23646743499376,1001.2673744983152,429.7289311397061,41.85747511591479,1168.4076301812997,5.705311073660715,337.68605856473215,911.0176164469246,412.57619673859125,42.5052443578869,1168.4076301812997,5.705311073660715,337.68605856473215,911.0176164469246,412.57619673859125,42.5052443578869
2026-02-04 23:00:00+00:00,2318.4143,0.0,381.68,338.85602500000005,429.978,63.758468750000006,1241.7014536154973,5.7891013001253135,335.23646743499376,1009.5968786528073,430.36905768271635,41.85747511591479,1168.4076301812997,5.705311073660715,337.68605856473215,911.0176164469246,412.57619673859125,42.5052443578869,1168.4076301812997,5.705311073660715,337.68605856473215,911.0176164469246,412.57619673859125,42.5052443578869
2026-02-05 00:00:00+00:00,2089.517425,0.0,381.7137,337.44615,424.2702,63.6617,1236.3385576765652,5.7891013001253135,335.23646743499376,818.0182830994901,408.7567429256891,41.85747511591479,1168.4076301812997,5.705311073660715,337.68605856473215,911.0176164469246,412.57619673859125,42.5052443578869,1168.4076301812997,5.705311073660715,337.68605856473215,911.0176164469246,412.57619673859125,42.5052443578869
2026-02-05 01:00:00+00:00,1980.2419,0.0,381.78632500000003,338.249825,420.8306,54.7656,1232.7393282887067,5.7891013001253135,335.23646743499376,826.3477872539821,409.43060159825984,41.85747511591479,1168.4076301812997,5.705311073660715,337.68605856473215,911.0176164469246,412.57619673859125,42.5052443578869,1168.4076301812997,5.705311073660715,337.68605856473215,911.0176164469246,412.57619673859125,42.5052443578869
2026-02-05 02:00:00+00:00,1982.426475,0.0,381.61242500000003,330.10745,420.2763,61.058825,1239.2668776403116,5.7891013001253135,335.23646743499376,834.6772914084742,410.7353723916275,41.85747511591479,1168.4076301812997,5.705311073660715,337.68605856473215,911.0176164469246,412.57619673859125,42.5052443578869,1168.4076301812997,5.705311073660715,337.68605856473215,911.0176164469246,412.57619673859125,42.5052443578869
2026-02-05 03:00:00+00:00,2163.1814,0.0,381.552675,331.024,422.19795,62.29735,1246.905632567278,5.7891013001253135,335.23646743499376,843.0067955629662,411.9534291903164,41.85747511591479,1168.4076301812997,5.705311073660715,337.68605856473215,911.0176164469246,412.57619673859125,42.5052443578869,1168.4076301812997,5.705311073660715,337.68605856473215,911.0176164469246,412.57619673859125,42.5052443578869
2026-02-05 04:00:00+00:00,2392.58805,0.0,381.3854,387.58889999999997,433.524475,61.784875,1274.0851550938148,5.7891013001253135,335.23646743499376,851.3362997174584,413.6757543621153,41.85747511591479,1168.4076301812997,5.705311073660715,337.68605856473215,911.0176164469246,412.57619673859125,42.5052443578869,1168.4076301812997,5.705311073660715,337.68605856473215,911.0176164469246,412.57619673859125,42.5052443578869
2026-02-05 05:00:00+00:00,2904.321325,116.09537499999999,383.51155,611.8814249999999,453.047275,60.777625,1334.8318246577119,5.7891013001253135,335.23646743499376,859.6658038719504,416.38522282458666,41.85747511591479,1168.4076301812997,5.705311073660715,337.68605856473215,911.0176164469246,412.57619673859125,42.5052443578869,1168.4076301812997,5.705311073660715,337.68605856473215,911.0176164469246,412.57619673859125,42.5052443578869
2026-02-05 06:00:00+00:00,3330.1515,146.085875,412.730675,1122.805425,482.43485,59.650549999999996,1382.1764394733061,5.7891013001253135,335.23646743499376,867.9953080264424,418.319040415342,41.85747511591479,1168.4076301812997,5.705311073660715,337.68605856473215,911.0176164469246,412.57619673859125,42.5052443578869,1168.4076301812997,5.705311073660715,337.68605856473215,911.0176164469246,412.57619673859125,42.5052443578869
2026-02-05 07:00:00+00:00,3439.226025,118.23285499999999,445.9198,1224.231025,494.74872500000004,63.850725,1395.0897715395106,5.7891013001253135,335.23646743499376,876.3248121809345,419.48620117603406,41.85747511591479,1168.4076301812997,5.705311073660715,337.68605856473215,911.0176164469246,412.57619673859125,42.5052443578869,1168.4076301812997,5.705311073660715,337.68605856473215,911.0176164469246,412.57619673859125,42.5052443578869
2026-02-05 08:00:00+00:00,3477.0090999999998,90.37983499999999,479.108925,1274.8361,489.672675,53.97945,1373.635392645025,5.7891013001253135,335.23646743499376,884.6543163354265,419.3371199935058,41.85747511591479,1168.4076301812997,5.705311073660715,337.68605856473215,911.0176164469246,412.57619673859125,42.5052443578869,1168.4076301812997,5.705311073660715,337.68605856473215,911.0176164469246,412.57619673859125,42.5052443578869
2026-02-05 09:00:00+00:00,3321.570875,62.526815,463.18575,1173.0291750000001,464.8295,44.108175,1330.1545727206567,5.7891013001253135,335.23646743499376,892.9838204899186,418.5099597174845,41.85747511591479,1168.4076301812997,5.705311073660715,337.68605856473215,911.0176164469246,412.57619673859125,42.5052443578869,1168.4076301812997,5.705311073660715,337.68605856473215,911.0176164469246,412.57619673859125,42.5052443578869
2026-02-05 10:00:00+00:00,3265.994975,34.673795,420.808875,700.3578,453.151475,40.546175000000005,1288.0545461755805,5.7891013001253135,335.23646743499376,901.3133246444106,417.5030854683353,41.85747511591479,1168.4076301812997,5.705311073660715,337.68605856473215,911.0176164469246,412.57619673859125,42.5052443578869,1168.4076301812997,5.705311073660715,337.68605856473215,911.0176164469246,412.57619673859125,42.5052443578869
2026-02-05 11:00:00+00:00,3177.51835,6.820775,413.16405,377.89217499999995,440.6729,40.083425,1242.907771129617,5.7891013001253135,335.23646743499376,909.6428287989027,416.1726977922061,41.85747511591479,1168.4076301812997,5.705311073660715,337.68605856473215,911.0176164469246,412.57619673859125,42.5052443578869,1168.4076301812997,5.705311073660715,337.68605856473215,911.0176164469246,412.57619673859125,42.5052443578869
2026-02-05 12:00:00+00:00,3189.2472499999994,0.0,421.682925,405.44712499999997,434.31135,39.339975,1215.4085415360883,5.7891013001253135,335.23646743499376,917.9723329533947,416.05931694082716,41.85747511591479,1168.4076301812997,5.705311073660715,337.68605856473215,911.0176164469246,412.57619673859125,42.5052443578869,1168.4076301812997,5.705311073660715,337.68605856473215,911.0176164469246,412.57619673859125,42.5052443578869
2026-02-05 13:00:00+00:00,3359.9765500000003,0.0,423.885325,366.88570000000004,432.127125,39.535799999999995,1214.3386088270247,5.7891013001253135,335.23646743499376,926.3018371078867,416.33286918239844,41.85747511591479,1168.4076301812997,5.705311073660715,337.68605856473215,911.0176164469246,412.57619673859125,42.5052443578869,1168.4076301812997,5.705311073660715,337.68605856473215,911.0176164469246,412.57619673859125,42.5052443578869
2026-02-05 14:00:00+00:00,3390.385725,0.0,426.49755000000005,468.87284999999997,447.60472500000003,40.332225,1250.868218346999,5.7891013001253135,335.23646743499376,934.6313412623788,418.1670329963077,41.85747511591479,1168.4076301812997,5.705311073660715,337.68605856473215,911.0176164469246,412.57619673859125,42.5052443578869,1168.4076301812997,5.705311073660715,337.68605856473215,911.0176164469246,412.57619673859125,42.5052443578869
2026-02-05 15:00:00+00:00,3187.828375,0.0,429.56065,1061.3714,483.5597,41.37955,1305.4565906912978,5.7891013001253135,335.23646743499376,942.9608454168709,420.99369597226257,41.85747511591479,1168.4076301812997,5.705311073660715,337.68605856473215,911.0176164469246,412.57619673859125,42.5052443578869,1168.4076301812997,5.705311073660715,337.68605856473215,911.0176164469246,412.57619673859125,42.5052443578869
2026-02-05 16:00:00+00:00,2953.3891000000003,0.0,429.332475,1856.7319749999997,503.89322500000003,49.126225,1344.364654727524,5.7891013001253135,335.23646743499376,951.2903495713629,423.824320245787,41.85747511591479,1168.4076301812997,5.705311073660715,337.68605856473215,911.0176164469246,412.57619673859125,42.5052443578869,1168.4076301812997,5.705311073660715,337.68605856473215,911.0176164469246,412.57619673859125,42.5052443578869
2026-02-05 17:00:00+00:00,3007.47735,0.0,429.50732500000004,1975.474375,507.46195,47.53945,1353.7317452163338,5.7891013001253135,335.23646743499376,959.6198537258549,425.88879976039783,41.85747511591479,1168.4076301812997,5.705311073660715,337.68605856473215,911.0176164469246,412.57619673859125,42.5052443578869,1168.4076301812997,5.705311073660715,337.68605856473215,911.0176164469246,412.57619673859125,42.5052443578869
2026-02-05 18:00:00+00:00,2816.24005,0.0,429.727,1873.1135499999996,503.439775,46.0665,1345.178170557891,5.7891013001253135,335.23646743499376,967.9493578803471,426.97641680978796,41.85747511591479,1168.4076301812997,5.705311073660715,337.68605856473215,911.0176164469246,412.57619673859125,42.5052443578869,1168.4076301812997,5.705311073660715,337.68605856473215,911.0176164469246,412.57619673859125,42.5052443578869
2026-02-05 19:00:00+00:00,2819.2981499999996,0.0,385.050775,1351.4857749999999,489.429975,44.773375,1322.4089272471128,5.7891013001253135,335.23646743499376,976.2788620348391,427.6134516615591,41.85747511591479,1168.4076301812997,5.705311073660715,337.68605856473215,911.0176164469246,412.57619673859125,42.5052443578869,1168.4076301812997,5.705311073660715,337.68605856473215,911.0176164469246,412.57619673859125,42.5052443578869
2026-02-05 20:00:00+00:00,3080.9055,0.0,380.59425,755.66105,470.91087500000003,47.528075,1307.1324220517586,5.7891013001253135,335.23646743499376,984.6083661893312,428.3761676448568,41.85747511591479,1168.4076301812997,5.705311073660715,337.68605856473215,911.0176164469246,412.57619673859125,42.5052443578869,1168.4076301812997,5.705311073660715,337.68605856473215,911.0176164469246,412.57619673859125,42.5052443578869
2026-02-05 21:00:00+00:00,3201.4043,0.0,384.45342500000004,433.2591,455.539675,50.6627,1289.8075652782109,5.7891013001253135,335.23646743499376,992.9378703438232,429.00153567752665,41.85747511591479,1168.4076301812997,5.705311073660715,337.68605856473215,911.0176164469246,412.57619673859125,42.5052443578869,1168.4076301812997,5.705311073660715,337.68605856473215,911.0176164469246,412.57619673859125,42.5052443578869
2026-02-05 22:00:00+00:00,3150.779,0.0,398.53505,315.81202499999995,435.6245,51.05395,1272.0415787615523,5.7891013001253135,335.23646743499376,1001.2673744983152,429.91646143813756,41.85747511591479,1168.4076301812997,5.705311073660715,337.68605856473215,911.0176164469246,412.57619673859125,42.5052443578869,1168.4076301812997,5.705311073660715,337.68605856473215,911.0176164469246,412.57619673859125,42.5052443578869
2026-02-05 23:00:00+00:00,2919.203725,0.0,402.46475,349.93544999999995,424.5659,49.65035,1257.8511423799105,5.7891013001253135,335.23646743499376,1009.5968786528073,430.61872876223816,41.85747511591479,1168.4076301812997,5.705311073660715,337.68605856473215,911.0176164469246,412.57619673859125,42.5052443578869,1168.4076301812997,5.705311073660715,337.68605856473215,911.0176164469246,412.57619673859125,42.5052443578869
2026-02-06 00:00:00+00:00,2901.856325,0.0,411.37485,319.173675,417.613725,50.789725000000004,1247.7020124424184,5.7891013001253135,335.23646743499376,818.0182830994901,409.09247719607,41.85747511591479,1168.4076301812997,5.705311073660715,337.68605856473215,911.0176164469246,412.57619673859125,42.5052443578869,1168.4076301812997,5.705311073660715,337.68605856473215,911.0176164469246,412.57619673859125,42.5052443578869
2026-02-06 01:00:00+00:00,2790.0568249999997,0.0,412.371075,319.1368,415.0067,48.136525,1244.0981007736723,5.7891013001253135,335.23646743499376,826.3477872539821,409.78793571630297,41.85747511591479,1168.4076301812997,5.705311073660715,337.68605856473215,911.0176164469246,412.57619673859125,42.5052443578869,1168.4076301812997,5.705311073660715,337.68605856473215,911.0176164469246,412.57619673859125,42.5052443578869
2026-02-06 02:00:00+00:00,2710.552375,0.0,423.2386,325.30662499999994,413.6452,47.554199999999994,1244.6409565696608,5.7891013001253135,335.23646743499376,834.6772914084742,410.6710941648214,41.85747511591479,1168.4076301812997,5.705311073660715,337.68605856473215,911.0176164469246,412.57619673859125,42.5052443578869,1168.4076301812997,5.705311073660715,337.68605856473215,911.0176164469246,412.57619673859125,42.5052443578869
2026-02-06 03:00:00+00:00,2691.7497,0.08124999999999982,446.045525,325.806775,415.516125,50.27655,1254.713986714311,5.7891013001253135,335.23646743499376,843.0067955629662,411.83885522037264,41.85747511591479,1168.4076301812997,5.705311073660715,337.68605856473215,911.0176164469246,412.57619673859125,42.5052443578869,1168.4076301812997,5.705311073660715,337.68605856473215,911.0176164469246,412.57619673859125,42.5052443578869
2026-02-06 04:00:00+00:00,2675.758575,87.35525,442.17435,323.840275,428.049175,48.371325,1277.7963994397933,5.7891013001253135,335.23646743499376,851.3362997174584,413.3496040254299,41.85747511591479,1168.4076301812997,5.705311073660715,337.68605856473215,911.0176164469246,412.57619673859125,42.5052443578869,1168.4076301812997,5.705311073660715,337.68605856473215,911.0176164469246,412.57619673859125,42.5052443578869
2026-02-06 05:00:00+00:00,2650.3147,119.76302500000001,441.509625,947.261,459.68472499999996,49.1799,1333.6130640341014,5.7891013001253135,335.23646743499376,859.6658038719504,415.8678945503099,41.85747511591479,1168.4076301812997,5.705311073660715,337.68605856473215,911.0176164469246,412.57619673859125,42.5052443578869,1168.4076301812997,5.705311073660715,337.68605856473215,911.0176164469246,412.57619673859125,42.5052443578869
2026-02-06 06:00:00+00:00,2643.5326,89.552525,441.993525,1722.752725,497.78139999999996,51.88415,1376.3953985395747,5.7891013001253135,335.23646743499376,867.9953080264424,417.93715926109167,41.85747511591479,1168.4076301812997,5.705311073660715,337.68605856473215,911.0176164469246,412.57619673859125,42.5052443578869,1168.4076301812997,5.705311073660715,337.68605856473215,911.0176164469246,412.57619673859125,42.5052443578869
2026-02-06 07:00:00+00:00,2622.90465,101.9345,442.99025,1938.059375,509.649925,51.70225,1383.5291180257132,5.7891013001253135,335.23646743499376,876.3248121809345,418.80708986419603,41.85747511591479,1168.4076301812997,5.705311073660715,337.68605856473215,911.0176164469246,412.57619673859125,42.5052443578869,1168.4076301812997,5.705311073660715,337.68605856473215,911.0176164469246,412.57619673859125,42.5052443578869
2026-02-06 08:00:00+00:00,2647.1932500000003,0.0,443.67735,1914.1502,500.089175,51.372575,1359.5762398837417,5.7891013001253135,335.23646743499376,884.6543163354265,418.65379520971015,41.85747511591479,1168.4076301812997,5.705311073660715,337.68605856473215,911.0176164469246,412.57619673859125,42.5052443578869,1168.4076301812997,5.705311073660715,337.68605856473215,911.0176164469246,412.57619673859125,42.5052443578869
2026-02-06 09:00:00+00:00,2642.8599249999997,0.0,443.707375,1989.2406,480.08115,48.821925,1336.7061665720732,5.7891013001253135,335.23646743499376,892.9838204899186,418.42314031848395,41.85747511591479,1168.4076301812997,5.705311073660715,337.68605856473215,911.0176164469246,412.57619673859125,42.5052443578869,1168.4076301812997,5.705311073660715,337.68605856473215,911.0176164469246,412.57619673859125,42.5052443578869
2026-02-06 10:00:00+00:00,2652.945275,0.0,442.816375,1808.8813249999998,458.975075,48.75725,1314.3556447931462,5.7891013001253135,335.23646743499376,901.3133246444106,418.1558926904036,41.85747511591479,1168.4076301812997,5.705311073660715,337.68605856473215,911.0176164469246,412.57619673859125,42.5052443578869,1168.4076301812997,5.705311073660715,337.68605856473215,911.0176164469246,412.57619673859125,42.5052443578869
2026-02-06 11:00:00+00:00,2656.149725,0.0,442.492975,1381.45895,444.855375,48.66735,1292.3350184953724,5.7891013001253135,335.23646743499376,909.6428287989027,417.6485476222824,41.85747511591479,1168.4076301812997,5.705311073660715,337.68605856473215,911.0176164469246,412.57619673859125,42.5052443578869,1168.4076301812997,5.705311073660715,337.68605856473215,911.0176164469246,412.57619673859125,42.5052443578869
2026-02-06 12:00:00+00:00,2657.8798,0.0,443.45117500000003,452.827425,439.859725,49.505224999999996,1280.0687378656705,5.7891013001253135,335.23646743499376,917.9723329533947,418.07978122916234,41.85747511591479,1168.4076301812997,5.705311073660715,337.68605856473215,911.0176164469246,412.57619673859125,42.5052443578869,1168.4076301812997,5.705311073660715,337.68605856473215,911.0176164469246,412.57619673859125,42.5052443578869
2026-02-06 13:00:00+00:00,2663.2641249999997,0.0,443.5362,1289.560375,434.874425,53.81905,1285.3578515403804,5.7891013001253135,335.23646743499376,926.3018371078867,419.1156798137706,41.85747511591479,1168.4076301812997,5.705311073660715,337.68605856473215,911.0176164469246,412.57619673859125,42.5052443578869,1168.4076301812997,5.705311073660715,337.68605856473215,911.0176164469246,412.57619673859125,42.5052443578869
2026-02-06 14:00:00+00:00,2665.2667,0.0,443.350075,1494.432875,451.19417500000003,53.721875,1309.3590211653463,5.7891013001253135,335.23646743499376,934.6313412623788,420.8974838892363,41.85747511591479,1168.4076301812997,5.705311073660715,337.68605856473215,911.0176164469246,412.57619673859125,42.5052443578869,1168.4076301812997,5.705311073660715,337.68605856473215,911.0176164469246,412.57619673859125,42.5052443578869
2026-02-06 15:00:00+00:00,2664.414925,0.0,443.36885,1563.33335,488.989325,54.06805,1324.7055478805567,5.7891013001253135,335.23646743499376,942.9608454168709,422.20809225352457,41.85747511591479,1168.4076301812997,5.705311073660715,337.68605856473215,911.0176164469246,412.57619673859125,42.5052443578869,1168.4076301812997,5.705311073660715,337.68605856473215,911.0176164469246,412.57619673859125,42.5052443578869
2026-02-06 16:00:00+00:00,2661.0509,0.0,442.54859999999996,2043.6725000000001,510.49147500000004,49.680875,1341.2716552442098,5.7891013001253135,335.23646743499376,951.2903495713629,423.64642380294106,41.85747511591479,1168.4076301812997,5.705311073660715,337.68605856473215,911.0176164469246,412.57619673859125,42.5052443578869,1168.4076301812997,5.705311073660715,337.68605856473215,911.0176164469246,412.57619673859125,42.5052443578869
2026-02-06 17:00:00+00:00,2670.1796249999998,0.0,443.1827,1878.228775,513.68865,49.930825,1342.031133606912,5.7891013001253135,335.23646743499376,959.6198537258549,424.80751456500303,41.85747511591479,1168.4076301812997,5.705311073660715,337.68605856473215,911.0176164469246,412.57619673859125,42.5052443578869,1168.4076301812997,5.705311073660715,337.68605856473215,911.0176164469246,412.57619673859125,42.5052443578869
2026-02-06 18:00:00+00:00,2677.218775,0.0,443.703275,1162.6085,500.71575,53.575,1324.7174936317801,5.7891013001253135,335.23646743499376,967.9493578803471,425.4553173795438,41.85747511591479,1168.4076301812997,5.705311073660715,337.68605856473215,911.0176164469246,412.57619673859125,42.5052443578869,1168.4076301812997,5.705311073660715,337.68605856473215,911.0176164469246,412.57619673859125,42.5052443578869
2026-02-06 19:00:00+00:00,2676.34755,0.0,443.51635,480.559975,484.835725,56.2609,1297.7499156105264,5.7891013001253135,335.23646743499376,976.2788620348391,425.581826207868,41.85747511591479,1168.4076301812997,5.705311073660715,337.68605856473215,911.0176164469246,412.57619673859125,42.5052443578869,1168.4076301812997,5.705311073660715,337.68605856473215,911.0176164469246,412.57619673859125,42.5052443578869
2026-02-06 20:00:00+00:00,2692.81985,0.0,443.6376,691.590775,464.81745,58.270275,1273.928432230756,5.7891013001253135,335.23646743499376,984.6083661893312,425.8165051727685,41.85747511591479,1168.4076301812997,5.705311073660715,337.68605856473215,911.0176164469246,412.57619673859125,42.5052443578869,1168.4076301812997,5.705311073660715,337.68605856473215,911.0176164469246,412.57619673859125,42.5052443578869
2026-02-06 21:00:00+00:00,2465.0565,0.0,444.37595,471.06987499999997,451.222425,60.279650000000004,1253.5687346955012,5.7891013001253135,335.23646743499376,992.9378703438232,426.3803481890792,41.85747511591479,1168.4076301812997,5.705311073660715,337.68605856473215,911.0176164469246,412.57619673859125,42.5052443578869,1168.4076301812997,5.705311073660715,337.68605856473215,911.0176164469246,412.57619673859125,42.5052443578869
2026-02-06 22:00:00+00:00,2035.8914,0.0,419.51595,357.810475,436.254125,62.289025,1223.2079097019964,5.7891013001253135,335.23646743499376,1001.2673744983152,426.42548580187395,41.85747511591479,1168.4076301812997,5.705311073660715,337.68605856473215,911.0176164469246,412.57619673859125,42.5052443578869,1168.4076301812997,5.705311073660715,337.68605856473215,911.0176164469246,412.57619673859125,42.5052443578869
2026-02-06 23:00:00+00:00,1788.593175,0.0,414.32669999999996,390.64542499999993,428.8637,62.85495,1198.4662479661708,5.7891013001253135,335.23646743499376,1009.5968786528073,426.6500364082788,41.85747511591479,1168.4076301812997,5.705311073660715,337.68605856473215,911.0176164469246,412.57619673859125,42.5052443578869,1168.4076301812997,5.705311073660715,337.68605856473215,911.0176164469246,412.57619673859125,42.5052443578869
2026-02-07 00:00:00+00:00,1750.00035,0.0,414.253525,395.57449999999994,420.90755,62.329025,1219.463679150859,5.893744245770677,336.64758631003383,814.8759960598875,404.7313575523327,41.98238500078321,1168.4076301812997,5.705311073660715,337.68605856473215,911.0176164469246,412.57619673859125,42.5052443578869,1168.4076301812997,5.705311073660715,337.68605856473215,911.0176164469246,412.57619673859125,42.5052443578869
2026-02-07 01:00:00+00:00,1674.99515,0.0,414.248725,347.818175,419.593125,61.819,1216.7294841294781,5.893744245770677,336.64273757877703,823.207668534103,405.64138774872214,41.98238500078321,1168.4076301812997,5.705311073660715,337.68605856473215,911.0176164469246,412.57619673859125,42.5052443578869,1168.4076301812997,5.705311073660715,337.68605856473215,911.0176164469246,412.57619673859125,42.5052443578869
2026-02-07 02:00:00+00:00,1645.58615,0.0,415.061275,356.1101249999999,419.452,62.21745,1216.6106135959533,5.893744245770677,336.66101328213733,831.5393410083186,406.7786908214727,41.98238500078321,1168.4076301812997,5.705311073660715,337.68605856473215,911.0176164469246,412.57619673859125,42.5052443578869,1168.4076301812997,5.705311073660715,337.68605856473215,911.0176164469246,412.57619673859125,42.5052443578869
2026-02-07 03:00:00+00:00,1660.138575,0.0,415.13987499999996,347.32967499999995,424.94275,62.615899999999996,1223.3897916489766,5.893744245770677,336.6686588593069,839.8710134825343,407.98202978107275,41.98238500078321,1168.4076301812997,5.705311073660715,337.68605856473215,911.0176164469246,412.57619673859125,42.5052443578869,1168.4076301812997,5.705311073660715,337.68605856473215,911.0176164469246,412.57619673859125,42.5052443578869
2026-02-07 04:00:00+00:00,1645.8523,0.0,414.967725,418.65875000000005,437.734475,61.6065,1228.049928058483,5.893744245770677,336.6733210530262,848.2026859567499,409.1529200369265,41.98238500078321,1168.4076301812997,5.705311073660715,337.68605856473215,911.0176164469246,412.57619673859125,42.5052443578869,1168.4076301812997,5.705311073660715,337.68605856473215,911.0176164469246,412.57619673859125,42.5052443578869
2026-02-07 05:00:00+00:00,1655.221375,0.0,414.7677,423.7984500000001,459.17665,59.60265,1243.2983855240777,5.893744245770677,336.70092116427736,856.5343584309654,410.65534263143803,41.98238500078321,1168.4076301812997,5.705311073660715,337.68605856473215,911.0176164469246,412.57619673859125,42.5052443578869,1168.4076301812997,5.705311073660715,337.68605856473215,911.0176164469246,412.57619673859125,42.5052443578869
2026-02-07 06:00:00+00:00,1702.46735,0.0,414.4454,364.1944000000001,493.650225,53.6682,1262.5928849099441,5.893744245770677,336.66409053670446,864.866030905181,412.02436603460745,41.98238500078321,1168.4076301812997,5.705311073660715,337.68605856473215,911.0176164469246,412.57619673859125,42.5052443578869,1168.4076301812997,5.705311073660715,337.68605856473215,911.0176164469246,412.57619673859125,42.5052443578869
2026-02-07 07:00:00+00:00,1813.734875,0.0,414.65385,362.77842499999997,503.35135,52.54865,1273.6731971885645,5.893744245770677,336.68413773631715,873.1977033793966,413.2090083677239,41.98238500078321,1168.4076301812997,5.705311073660715,337.68605856473215,911.0176164469246,412.57619673859125,42.5052443578869,1168.4076301812997,5.705311073660715,337.68605856473215,911.0176164469246,412.57619673859125,42.5052443578869
2026-02-07 08:00:00+00:00,1735.243825,0.0,414.03965,454.2989,498.23725,53.9575,1252.9383140220607,5.893744245770677,336.6445090554667,881.5293758536122,412.9752883523357,41.98238500078321,1168.4076301812997,5.705311073660715,337.68605856473215,911.0176164469246,412.57619673859125,42.5052443578869,1168.4076301812997,5.705311073660715,337.68605856473215,911.0176164469246,412.57619673859125,42.5052443578869
2026-02-07 09:00:00+00:00,1647.5943,0.0,413.096975,444.19567499999994,472.668675,55.0969,1213.23086181005,5.893744245770677,336.577466801792,889.8610483278278,411.839402224668,41.98238500078321,1168.4076301812997,5.705311073660715,337.68605856473215,911.0176164469246,412.57619673859125,42.5052443578869,1168.4076301812997,5.705311073660715,337.68605856473215,911.0176164469246,412.57619673859125,42.5052443578869
2026-02-07 10:00:00+00:00,1647.42345,0.0,411.5716,443.21482499999996,440.998,56.90805,1171.0237168369554,5.893744245770677,336.5322432217513,898.1927208020434,410.68620143934453,41.98238500078321,1168.4076301812997,5.705311073660715,337.68605856473215,911.0176164469246,412.57619673859125,42.5052443578869,1168.4076301812997,5.705311073660715,337.68605856473215,911.0176164469246,412.57619673859125,42.5052443578869
2026-02-07 11:00:00+00:00,1641.546525,0.0,406.58835,414.0880250000001,435.5783,56.976925,1141.869952758548,5.893744245770677,336.4902834542672,906.5243932762589,410.1139355548322,41.98238500078321,1168.4076301812997,5.705311073660715,337.68605856473215,911.0176164469246,412.57619673859125,42.5052443578869,1168.4076301812997,5.705311073660715,337.68605856473215,911.0176164469246,412.57619673859125,42.5052443578869
2026-02-07 12:00:00+00:00,1648.148075,0.0,413.62284999999997,420.48825,436.213775,58.676024999999996,1124.9788218218528,5.893744245770677,336.4326582544518,914.8560657504745,410.06662770247215,41.98238500078321,1168.4076301812997,5.705311073660715,337.68605856473215,911.0176164469246,412.57619673859125,42.5052443578869,1168.4076301812997,5.705311073660715,337.68605856473215,911.0176164469246,412.57619673859125,42.5052443578869
2026-02-07 13:00:00+00:00,1644.65355,0.0,442.766775,438.355225,443.85095,59.79126875,1137.071388506638,5.893744245770677,336.4070161556488,923.1877382246901,411.0857355928786,41.98238500078321,1168.4076301812997,5.705311073660715,337.68605856473215,911.0176164469246,412.57619673859125,42.5052443578869,1168.4076301812997,5.705311073660715,337.68605856473215,911.0176164469246,412.57619673859125,42.5052443578869
2026-02-07 14:00:00+00:00,1634.4513,0.0,443.278225,427.66434999999996,467.799325,60.9065125,1176.4287652479327,5.893744245770677,336.3955471977724,931.5194106989057,413.13106483790165,41.98238500078321,1168.4076301812997,5.705311073660715,337.68605856473215,911.0176164469246,412.57619673859125,42.5052443578869,1168.4076301812997,5.705311073660715,337.68605856473215,911.0176164469246,412.57619673859125,42.5052443578869
2026-02-07 15:00:00+00:00,1686.73765,0.0,443.852925,561.593175,497.62415,62.021756249999996,1238.3556950590962,5.893744245770677,336.41130525562005,939.8510831731213,416.10389058006655,41.98238500078321,1168.4076301812997,5.705311073660715,337.68605856473215,911.0176164469246,412.57619673859125,42.5052443578869,1168.4076301812997,5.705311073660715,337.68605856473215,911.0176164469246,412.57619673859125,42.5052443578869
2026-02-07 16:00:00+00:00,1812.1008,0.0,443.134925,964.208,520.3079749999999,63.137,1298.2315039477744,5.893744245770677,336.48478122238697,948.1827556473369,419.6255394353898,41.98238500078321,1168.4076301812997,5.705311073660715,337.68605856473215,911.0176164469246,412.57619673859125,42.5052443578869,1168.4076301812997,5.705311073660715,337.68605856473215,911.0176164469246,412.57619673859125,42.5052443578869
2026-02-07 17:00:00+00:00,1826.0899,0.0,442.9116,1164.257275,519.6952,61.717575,1322.6814178735808,5.893744245770677,336.541473738073,956.5144281215524,422.0099482158792,41.98238500078321,1168.4076301812997,5.705311073660715,337.68605856473215,911.0176164469246,412.57619673859125,42.5052443578869,1168.4076301812997,5.705311073660715,337.68605856473215,911.0176164469246,412.57619673859125,42.5052443578869
2026-02-07 18:00:00+00:00,1816.6637249999999,0.0,443.94077500000003,693.3608250000001,512.074475,60.5355,1315.1456279812385,5.893744245770677,336.61429620243746,964.846100595768,423.2618475118413,41.98238500078321,1168.4076301812997,5.705311073660715,337.68605856473215,911.0176164469246,412.57619673859125,42.5052443578869,1168.4076301812997,5.705311073660715,337.68605856473215,911.0176164469246,412.57619673859125,42.5052443578869
2026-02-07 19:00:00+00:00,1811.9952,0.0,444.282325,426.388725,489.40840000000003,63.29275,1294.5790212205857,5.893744245770677,336.6716409953775,973.1777730699837,424.3398142738207,41.98238500078321,1168.4076301812997,5.705311073660715,337.68605856473215,911.0176164469246,412.57619673859125,42.5052443578869,1168.4076301812997,5.705311073660715,337.68605856473215,911.0176164469246,412.57619673859125,42.5052443578869
2026-02-07 20:00:00+00:00,1813.982725,0.0,445.586575,361.33192499999996,467.72825,63.0366625,1284.0892135349843,5.893744245770677,336.75509483153337,981.5094455441993,425.9090569605256,41.98238500078321,1168.4076301812997,5.705311073660715,337.68605856473215,911.0176164469246,412.57619673859125,42.5052443578869,1168.4076301812997,5.705311073660715,337.68605856473215,911.0176164469246,412.57619673859125,42.5052443578869
2026-02-07 21:00:00+00:00,1824.5636,0.0,445.868725,421.16852499999993,449.238425,62.780575,1273.7557828019837,5.893744245770677,336.7783131670561,989.8411180184148,427.06541418294114,41.98238500078321,1168.4076301812997,5.705311073660715,337.68605856473215,911.0176164469246,412.57619673859125,42.5052443578869,1168.4076301812997,5.705311073660715,337.68605856473215,911.0176164469246,412.57619673859125,42.5052443578869
2026-02-07 22:00:00+00:00,1744.387325,0.0,442.79134999999997,376.51,439.2722,62.5244875,1256.731040300382,5.893744245770677,336.7895029338691,998.1727904926304,427.7493903792265,41.98238500078321,1168.4076301812997,5.705311073660715,337.68605856473215,911.0176164469246,412.57619673859125,42.5052443578869,1168.4076301812997,5.705311073660715,337.68605856473215,911.0176164469246,412.57619673859125,42.5052443578869
2026-02-07 23:00:00+00:00,1624.6252,0.0,415.47805,361.34957499999996,428.431425,62.2684,1240.6602635299,5.893744245770677,336.78027241710254,1006.504462966846,428.3602095848,41.98238500078321,1168.4076301812997,5.705311073660715,337.68605856473215,911.0176164469246,412.57619673859125,42.5052443578869,1168.4076301812997,5.705311073660715,337.68605856473215,911.0176164469246,412.57619673859125,42.5052443578869
2026-02-08 00:00:00+00:00,1666.65885,0.0,415.397625,362.55144999999993,420.82484999999997,61.8792625,1230.2004754948946,5.893744245770677,336.74968893307204,814.8759960598875,406.65378419912406,41.98238500078321,1168.4076301812997,5.705311073660715,337.68605856473215,911.0176164469246,412.57619673859125,42.5052443578869,1168.4076301812997,5.705311073660715,337.68605856473215,911.0176164469246,412.57619673859125,42.5052443578869
2026-02-08 01:00:00+00:00,1678.9971,0.0,415.40015,405.50485,418.774925,61.490125000000006,1224.0176806422373,5.893744245770677,336.73766036436217,823.207668534103,407.37326360984895,41.98238500078321,1168.4076301812997,5.705311073660715,337.68605856473215,911.0176164469246,412.57619673859125,42.5052443578869,1168.4076301812997,5.705311073660715,337.68605856473215,911.0176164469246,412.57619673859125,42.5052443578869
2026-02-08 02:00:00+00:00,1672.282575,0.0,415.43965000000003,439.45500000000004,419.09665,61.03215,1222.353828776683,5.893744245770677,336.7384065113988,831.5393410083186,408.3092879776317,41.98238500078321,1168.4076301812997,5.705311073660715,337.68605856473215,911.0176164469246,412.57619673859125,42.5052443578869,1168.4076301812997,5.705311073660715,337.68605856473215,911.0176164469246,412.57619673859125,42.5052443578869
2026-02-08 03:00:00+00:00,1663.534475,0.0,418.152425,366.1701250000001,425.324,58.16825,1227.2634477594318,5.893744245770677,336.7493158593313,839.8710134825343,409.4093736714509,41.98238500078321,1168.4076301812997,5.705311073660715,337.68605856473215,911.0176164469246,412.57619673859125,42.5052443578869,1168.4076301812997,5.705311073660715,337.68605856473215,911.0176164469246,412.57619673859125,42.5052443578869
2026-02-08 04:00:00+00:00,1649.706225,0.0,445.87855,416.9014,438.246125,63.593125,1226.385150813751,5.893744245770677,336.7446536651673,848.2026859567499,410.29234817504573,41.98238500078321,1168.4076301812997,5.705311073660715,337.68605856473215,911.0176164469246,412.57619673859125,42.5052443578869,1168.4076301812997,5.705311073660715,337.68605856473215,911.0176164469246,412.57619673859125,42.5052443578869
2026-02-08 05:00:00+00:00,1643.962825,0.0,445.716625,409.828775,455.411425,63.0614,1227.3194738579398,5.893744245770677,336.7439075176859,856.5343584309654,411.21494087153036,41.98238500078321,1168.4076301812997,5.705311073660715,337.68605856473215,911.0176164469246,412.57619673859125,42.5052443578869,1168.4076301812997,5.705311073660715,337.68605856473215,911.0176164469246,412.57619673859125,42.5052443578869
2026-02-08 06:00:00+00:00,1705.58045,0.0,429.206375,411.973425,489.3664,62.805954166666666,1241.9190894182464,5.893744245770677,336.78064549084326,864.866030905181,412.9600836761113,41.98238500078321,1168.4076301812997,5.705311073660715,337.68605856473215,911.0176164469246,412.57619673859125,42.5052443578869,1168.4076301812997,5.705311073660715,337.68605856473215,911.0176164469246,412.57619673859125,42.5052443578869
2026-02-08 07:00:00+00:00,1777.833025,0.0,416.157975,429.15557499999994,501.829725,62.55050833333333,1244.7643700113633,5.893744245770677,336.77421179998214,873.1977033793966,413.7694957669449,41.98238500078321,1168.4076301812997,5.705311073660715,337.68605856473215,911.0176164469246,412.57619673859125,42.5052443578869,1168.4076301812997,5.705311073660715,337.68605856473215,911.0176164469246,412.57619673859125,42.5052443578869
2026-02-08 08:00:00+00:00,1677.53615,0.0,416.00565,480.6205,483.719125,62.2950625,1236.177725220348,5.893744245770677,336.74679822537894,881.5293758536122,413.95882600691624,41.98238500078321,1168.4076301812997,5.705311073660715,337.68605856473215,911.0176164469246,412.57619673859125,42.5052443578869,1168.4076301812997,5.705311073660715,337.68605856473215,911.0176164469246,412.57619673859125,42.5052443578869
2026-02-08 09:00:00+00:00,1604.11985,0.0,409.262225,428.68722499999996,454.891975,62.03961666666667,1218.4178000586728,5.893744245770677,336.68301974157777,889.8610483278278,413.70205121604624,41.98238500078321,1168.4076301812997,5.705311073660715,337.68605856473215,911.0176164469246,412.57619673859125,42.5052443578869,1168.4076301812997,5.705311073660715,337.68605856473215,911.0176164469246,412.57619673859125,42.5052443578869
2026-02-08 10:00:00+00:00,1614.872275,0.0,412.028275,484.50939999999997,443.490275,61.784170833333334,1204.6566765279952,5.893744245770677,336.61345984327994,898.1927208020434,413.4540485528589,41.98238500078321,1168.4076301812997,5.705311073660715,337.68605856473215,911.0176164469246,412.57619673859125,42.5052443578869,1168.4076301812997,5.705311073660715,337.68605856473215,911.0176164469246,412.57619673859125,42.5052443578869
2026-02-08 11:00:00+00:00,1612.459,0.0,412.09097499999996,465.37737500000003,432.37194999999997,61.528725,1187.8988991141862,5.893744245770677,336.57121964668937,906.5243932762589,413.2718199952217,41.98238500078321,1168.4076301812997,5.705311073660715,337.68605856473215,911.0176164469246,412.57619673859125,42.5052443578869,1168.4076301812997,5.705311073660715,337.68605856473215,911.0176164469246,412.57619673859125,42.5052443578869
2026-02-08 12:00:00+00:00,1608.580875,0.0,412.8227,445.98157499999996,434.806175,62.03595,1169.356001454641,5.893744245770677,336.5223592234792,914.8560657504745,412.95533131834196,41.98238500078321,1168.4076301812997,5.705311073660715,337.68605856473215,911.0176164469246,412.57619673859125,42.5052443578869,1168.4076301812997,5.705311073660715,337.68605856473215,911.0176164469246,412.57619673859125,42.5052443578869
2026-02-08 13:00:00+00:00,1594.48675,0.0,407.41655000000003,434.22795,443.890725,61.54045,1170.8531722086907,5.893744245770677,336.50352389061226,923.1877382246901,413.72357467039313,41.98238500078321,1168.4076301812997,5.705311073660715,337.68605856473215,911.0176164469246,412.57619673859125,42.5052443578869,1168.4076301812997,5.705311073660715,337.68605856473215,911.0176164469246,412.57619673859125,42.5052443578869
2026-02-08 14:00:00+00:00,1594.20515,0.0,403.693075,468.93492499999996,454.565225,61.025525,1195.7688776551718,5.893744245770677,336.49597097808436,931.5194106989057,415.40346486419975,41.98238500078321,1168.4076301812997,5.705311073660715,337.68605856473215,911.0176164469246,412.57619673859125,42.5052443578869,1168.4076301812997,5.705311073660715,337.68605856473215,911.0176164469246,412.57619673859125,42.5052443578869
2026-02-08 15:00:00+00:00,1756.047025,0.0,405.452475,588.292025,490.7006,60.579425,1243.1163510680906,5.893744245770677,336.51154253929883,939.8510831731213,417.8931704256572,41.98238500078321,1168.4076301812997,5.705311073660715,337.68605856473215,911.0176164469246,412.57619673859125,42.5052443578869,1168.4076301812997,5.705311073660715,337.68605856473215,911.0176164469246,412.57619673859125,42.5052443578869
2026-02-08 16:00:00+00:00,2101.4175,0.0,405.476925,825.5208250000001,508.5548,63.99872499999999,1288.8489003564691,5.893744245770677,336.54455099264015,948.1827556473369,420.5150036428577,41.98238500078321,1168.4076301812997,5.705311073660715,337.68605856473215,911.0176164469246,412.57619673859125,42.5052443578869,1168.4076301812997,5.705311073660715,337.68605856473215,911.0176164469246,412.57619673859125,42.5052443578869
2026-02-08 17:00:00+00:00,2272.862525,0.0,405.9768,1062.4173,507.17495,63.11995,1310.977806907805,5.893744245770677,336.60152271228424,956.5144281215524,422.54964064346694,41.98238500078321,1168.4076301812997,5.705311073660715,337.68605856473215,911.0176164469246,412.57619673859125,42.5052443578869,1168.4076301812997,5.705311073660715,337.68605856473215,911.0176164469246,412.57619673859125,42.5052443578869
2026-02-08 18:00:00+00:00,2528.99025,0.0,406.205025,691.446575,498.919575,61.609525,1307.2623473299755,5.893744245770677,336.6680053569044,964.846100595768,423.9877663452498,41.98238500078321,1168.4076301812997,5.705311073660715,337.68605856473215,911.0176164469246,412.57619673859125,42.5052443578869,1168.4076301812997,5.705311073660715,337.68605856473215,911.0176164469246,412.57619673859125,42.5052443578869
2026-02-08 19:00:00+00:00,2610.553975,0.0,406.19212500000003,413.72575,486.55605,63.030424999999994,1296.5172585449093,5.893744245770677,336.6848826670971,973.1777730699837,424.8442487338038,41.98238500078321,1168.4076301812997,5.705311073660715,337.68605856473215,911.0176164469246,412.57619673859125,42.5052443578869,1168.4076301812997,5.705311073660715,337.68605856473215,911.0176164469246,412.57619673859125,42.5052443578869
2026-02-08 20:00:00+00:00,2456.915675,0.0,406.196525,442.05872500000004,476.39122499999996,63.10307916666666,1289.4506112018971,5.893744245770677,336.6949532131327,981.5094455441993,425.8199296327773,41.98238500078321,1168.4076301812997,5.705311073660715,337.68605856473215,911.0176164469246,412.57619673859125,42.5052443578869,1168.4076301812997,5.705311073660715,337.68605856473215,911.0176164469246,412.57619673859125,42.5052443578869
2026-02-08 21:00:00+00:00,2002.448125,0.0,405.715725,453.95290000000006,460.81327500000003,63.175733333333326,1280.2271313915098,5.893744245770677,336.7211549107641,989.8411180184148,426.8447330721215,41.98238500078321,1168.4076301812997,5.705311073660715,337.68605856473215,911.0176164469246,412.57619673859125,42.5052443578869,1168.4076301812997,5.705311073660715,337.68605856473215,911.0176164469246,412.57619673859125,42.5052443578869
2026-02-08 22:00:00+00:00,1949.5697,0.0,406.349875,421.1231000000001,444.7164,63.24838749999999,1262.6430405499389,5.893744245770677,336.72665713419724,998.1727904926304,427.5940345280591,41.98238500078321,1168.4076301812997,5.705311073660715,337.68605856473215,911.0176164469246,412.57619673859125,42.5052443578869,1168.4076301812997,5.705311073660715,337.68605856473215,911.0176164469246,412.57619673859125,42.5052443578869
2026-02-08 23:00:00+00:00,1933.68395,0.0,405.406675,406.840375,428.45565,63.321041666666666,1244.7098984799475,5.893744245770677,336.7078218106669,1006.504462966846,428.14400027859716,41.98238500078321,1168.4076301812997,5.705311073660715,337.68605856473215,911.0176164469246,412.57619673859125,42.5052443578869,1168.4076301812997,5.705311073660715,337.68605856473215,911.0176164469246,412.57619673859125,42.5052443578869
2026-02-09 00:00:00+00:00,1951.2256499999999,0.0,405.572925,441.218275,418.9052,63.39369583333333,1235.4176931223874,5.893744245770677,336.68861340361457,814.8759960598875,406.3584503663039,41.98238500078321,1168.4076301812997,5.705311073660715,337.68605856473215,911.0176164469246,412.57619673859125,42.5052443578869,1168.4076301812997,5.705311073660715,337.68605856473215,911.0176164469246,412.57619673859125,42.5052443578869
2026-02-09 01:00:00+00:00,1958.499525,0.0,405.480025,393.158275,416.30065,63.46635,1233.2762573378038,5.893744245770677,336.6940217550413,823.207668534103,407.31250405650746,41.98238500078321,1168.4076301812997,5.705311073660715,337.68605856473215,911.0176164469246,412.57619673859125,42.5052443578869,1168.4076301812997,5.705311073660715,337.68605856473215,911.0176164469246,412.57619673859125,42.5052443578869
2026-02-09 02:00:00+00:00,1965.8099750000001,0.0,405.453275,402.19395000000003,414.516175,63.539004166666665,1237.3262612897975,5.893744245770677,336.7264705975493,831.5393410083186,408.6621196887608,41.98238500078321,1168.4076301812997,5.705311073660715,337.68605856473215,911.0176164469246,412.57619673859125,42.5052443578869,1168.4076301812997,5.705311073660715,337.68605856473215,911.0176164469246,412.57619673859125,42.5052443578869
2026-02-09 03:00:00+00:00,1959.3782250000002,0.0,405.423875,417.2451249999999,419.570675,63.61165833333333,1251.1770985688775,5.893744245770677,336.76181015708687,839.8710134825343,410.31359405836946,41.98238500078321,1168.4076301812997,5.705311073660715,337.68605856473215,911.0176164469246,412.57619673859125,42.5052443578869,1168.4076301812997,5.705311073660715,337.68605856473215,911.0176164469246,412.57619673859125,42.5052443578869
2026-02-09 04:00:00+00:00,2102.75715,0.0,405.21585,414.2692,427.989675,63.684312500000004,1283.652068213313,5.893744245770677,336.7680573113,848.2026859567499,412.136486509536,41.98238500078321,1168.4076301812997,5.705311073660715,337.68605856473215,911.0176164469246,412.57619673859125,42.5052443578869,1168.4076301812997,5.705311073660715,337.68605856473215,911.0176164469246,412.57619673859125,42.5052443578869
2026-02-09 05:00:00+00:00,2486.209,0.0,405.07282499999997,1196.48715,451.8473,63.75696666666667,1354.409810497566,5.893744245770677,336.7923936415621,856.5343584309654,415.1279748139608,41.98238500078321,1168.4076301812997,5.705311073660715,337.68605856473215,911.0176164469246,412.57619673859125,42.5052443578869,1168.4076301812997,5.705311073660715,337.68605856473215,911.0176164469246,412.57619673859125,42.5052443578869
2026-02-09 06:00:00+00:00,2657.9876,0.0,436.949425,1614.74975,484.209725,63.82962083333334,1402.339134001796,5.893744245770677,336.8017180396716,864.866030905181,417.61551862863087,41.98238500078321,1168.4076301812997,5.705311073660715,337.68605856473215,911.0176164469246,412.57619673859125,42.5052443578869,1168.4076301812997,5.705311073660715,337.68605856473215,911.0176164469246,412.57619673859125,42.5052443578869
2026-02-09 07:00:00+00:00,2661.411,0.0,501.187025,2195.733725,489.6774,63.902275,1414.2061835518216,5.893744245770677,336.7731852447358,873.1977033793966,418.7617339520351,41.98238500078321,1168.4076301812997,5.705311073660715,337.68605856473215,911.0176164469246,412.57619673859125,42.5052443578869,1168.4076301812997,5.705311073660715,337.68605856473215,911.0176164469246,412.57619673859125,42.5052443578869
2026-02-09 08:00:00+00:00,2681.46325,0.0,511.90437499999996,1613.6079999999997,470.699175,59.760425,1394.3415251964964,5.893744245770677,336.74717007263695,881.5293758536122,418.8959043147607,41.98238500078321,1168.4076301812997,5.705311073660715,337.68605856473215,911.0176164469246,412.57619673859125,42.5052443578869,1168.4076301812997,5.705311073660715,337.68605856473215,911.0176164469246,412.57619673859125,42.5052443578869
2026-02-09 09:00:00+00:00,2687.717725,0.0,522.621725,1037.235425,451.387425,60.904624999999996,1364.5847255313743,5.893744245770677,336.70017501768547,889.8610483278278,418.7110495082055,41.98238500078321,1168.4076301812997,5.705311073660715,337.68605856473215,911.0176164469246,412.57619673859125,42.5052443578869,1168.4076301812997,5.705311073660715,337.68605856473215,911.0176164469246,412.57619673859125,42.5052443578869
2026-02-09 10:00:00+00:00,2656.533075,0.0,408.7155,557.80405,435.36795,60.575025,1335.9638647662987,5.893744245770677,336.66931111432973,898.1927208020434,418.6859922263248,41.98238500078321,1168.4076301812997,5.705311073660715,337.68605856473215,911.0176164469246,412.57619673859125,42.5052443578869,1168.4076301812997,5.705311073660715,337.68605856473215,911.0176164469246,412.57619673859125,42.5052443578869
2026-02-09 11:00:00+00:00,2651.096775,0.0,404.55135,722.8153249999999,424.376475,62.900999999999996,1322.0457669139055,5.893744245770677,336.63704880935927,906.5243932762589,418.77149828118087,41.98238500078321,1168.4076301812997,5.705311073660715,337.68605856473215,911.0176164469246,412.57619673859125,42.5052443578869,1168.4076301812997,5.705311073660715,337.68605856473215,911.0176164469246,412.57619673859125,42.5052443578869
2026-02-09 12:00:00+00:00,2643.45765,0.0,404.64755,761.9313749999999,425.4679,60.764275,1310.2721763725046,5.893744245770677,336.62324874350765,914.8560657504745,419.0614224203909,41.98238500078321,1168.4076301812997,5.705311073660715,337.68605856473215,911.0176164469246,412.57619673859125,42.5052443578869,1168.4076301812997,5.705311073660715,337.68605856473215,911.0176164469246,412.57619673859125,42.5052443578869
2026-02-09 13:00:00+00:00,2646.128975,0.0,404.705575,1115.123175,434.680175,60.185024999999996,1309.7099861554445,5.893744245770677,336.6001242902173,923.1877382246901,419.35685492566716,41.98238500078321,1168.4076301812997,5.705311073660715,337.68605856473215,911.0176164469246,412.57619673859125,42.5052443578869,1168.4076301812997,5.705311073660715,337.68605856473215,911.0176164469246,412.57619673859125,42.5052443578869
2026-02-09 14:00:00+00:00,2652.605875,0.0,414.824075,1264.5735,455.121675,64.18282500000001,1328.4483663028568,5.893744245770677,336.57699983514806,931.5194106989057,420.37813942463896,41.98238500078321,1168.4076301812997,5.705311073660715,337.68605856473215,911.0176164469246,412.57619673859125,42.5052443578869,1168.4076301812997,5.705311073660715,337.68605856473215,911.0176164469246,412.57619673859125,42.5052443578869
2026-02-09 15:00:00+00:00,2654.3897749999996,0.0,449.2893833333333,1871.9387499999998,487.42920000000004,64.12466666666667,1349.2160293992606,5.893744245770677,336.5741091385706,939.8510831731213,421.96739315702155,41.98238500078321,1168.4076301812997,5.705311073660715,337.68605856473215,911.0176164469246,412.57619673859125,42.5052443578869,1168.4076301812997,5.705311073660715,337.68605856473215,911.0176164469246,412.57619673859125,42.5052443578869
2026-02-09 16:00:00+00:00,2660.4044,0.0,483.7546916666667,1854.252575,503.436975,64.06650833333335,1381.294282258345,5.893744245770677,336.592757935679,948.1827556473369,424.2811743875504,41.98238500078321,1168.4076301812997,5.705311073660715,337.68605856473215,911.0176164469246,412.57619673859125,42.5052443578869,1168.4076301812997,5.705311073660715,337.68605856473215,911.0176164469246,412.57619673859125,42.5052443578869
2026-02-09 17:00:00+00:00,2666.3698249999998,0.0,518.22,1931.6928750000002,506.3484,64.00835000000001,1398.8357446767295,5.893744245770677,336.6376084201927,956.5144281215524,426.4445457296549,41.98238500078321,1168.4076301812997,5.705311073660715,337.68605856473215,911.0176164469246,412.57619673859125,42.5052443578869,1168.4076301812997,5.705311073660715,337.68605856473215,911.0176164469246,412.57619673859125,42.5052443578869
2026-02-09 18:00:00+00:00,2651.396425,0.0,442.0712,1978.881725,498.605725,63.950191666666676,1394.0044029376406,5.893744245770677,336.72329947097575,964.846100595768,428.0317813036434,41.98238500078321,1168.4076301812997,5.705311073660715,337.68605856473215,911.0176164469246,412.57619673859125,42.5052443578869,1168.4076301812997,5.705311073660715,337.68605856473215,911.0176164469246,412.57619673859125,42.5052443578869
2026-02-09 19:00:00+00:00,2654.176375,0.0,442.490825,1511.3752,487.3634,63.89203333333334,1366.0406939135655,5.893744245770677,336.7372860743649,973.1777730699837,428.56915409012413,41.98238500078321,1168.4076301812997,5.705311073660715,337.68605856473215,911.0176164469246,412.57619673859125,42.5052443578869,1168.4076301812997,5.705311073660715,337.68605856473215,911.0176164469246,412.57619673859125,42.5052443578869
2026-02-09 20:00:00+00:00,2653.4708499999997,0.0,442.894525,987.0508500000001,470.89965,63.833875000000006,1345.4400187037347,5.893744245770677,336.76236855121886,981.5094455441993,429.2451170490257,41.98238500078321,1168.4076301812997,5.705311073660715,337.68605856473215,911.0176164469246,412.57619673859125,42.5052443578869,1168.4076301812997,5.705311073660715,337.68605856473215,911.0176164469246,412.57619673859125,42.5052443578869
2026-02-09 21:00:00+00:00,2478.535875,0.0,434.479425,495.91272499999997,454.428275,63.9872,1318.3760062396689,5.893744245770677,336.7851199321027,989.8411180184148,429.7246348321464,41.98238500078321,1168.4076301812997,5.705311073660715,337.68605856473215,911.0176164469246,412.57619673859125,42.5052443578869,1168.4076301812997,5.705311073660715,337.68605856473215,911.0176164469246,412.57619673859125,42.5052443578869
2026-02-09 22:00:00+00:00,2314.55005,0.0,422.805875,476.926975,436.47395,63.99216071428572,1287.8708744591643,5.893744245770677,336.80106454794,998.1727904926304,430.10969109250175,41.98238500078321,1168.4076301812997,5.705311073660715,337.68605856473215,911.0176164469246,412.57619673859125,42.5052443578869,1168.4076301812997,5.705311073660715,337.68605856473215,911.0176164469246,412.57619673859125,42.5052443578869
2026-02-09 23:00:00+00:00,2333.2217499999997,0.0,421.454375,470.3286,424.04495000000003,63.99712142857143,1266.1886394441271,5.893744245770677,336.81486460867853,1006.504462966846,430.68319876290434,41.98238500078321,1168.4076301812997,5.705311073660715,337.68605856473215,911.0176164469246,412.57619673859125,42.5052443578869,1168.4076301812997,5.705311073660715,337.68605856473215,911.0176164469246,412.57619673859125,42.5052443578869
2026-02-10 00:00:00+00:00,2251.618225,0.0,413.69392500000004,417.93672499999997,418.5661,64.00208214285715,1252.321224373404,5.893744245770677,336.82726625112906,814.8759960598875,408.9318317418093,41.98238500078321,1168.4076301812997,5.705311073660715,337.68605856473215,911.0176164469246,412.57619673859125,42.5052443578869,1168.4076301812997,5.705311073660715,337.68605856473215,911.0176164469246,412.57619673859125,42.5052443578869
2026-02-10 01:00:00+00:00,2148.359325,0.0,414.412325,376.5701,413.110625,64.00704285714286,1242.2096207309037,5.893744245770677,336.8243755408795,823.207668534103,409.5883222817636,41.98238500078321,1168.4076301812997,5.705311073660715,337.68605856473215,911.0176164469246,412.57619673859125,42.5052443578869,1168.4076301812997,5.705311073660715,337.68605856473215,911.0176164469246,412.57619673859125,42.5052443578869
2026-02-10 02:00:00+00:00,2148.798075,0.0,414.517375,393.46967500000005,412.91735,64.01200357142858,1241.4319256954534,5.893744245770677,336.7994795976722,831.5393410083186,410.35009215243684,41.98238500078321,1168.4076301812997,5.705311073660715,337.68605856473215,911.0176164469246,412.57619673859125,42.5052443578869,1168.4076301812997,5.705311073660715,337.68605856473215,911.0176164469246,412.57619673859125,42.5052443578869
2026-02-10 03:00:00+00:00,2142.545,0.0,414.4869,416.3622500000001,417.79665,64.0169642857143,1244.6695049242398,5.893744245770677,336.78763756561034,839.8710134825343,411.307986810537,41.98238500078321,1168.4076301812997,5.705311073660715,337.68605856473215,911.0176164469246,412.57619673859125,42.5052443578869,1168.4076301812997,5.705311073660715,337.68605856473215,911.0176164469246,412.57619673859125,42.5052443578869
2026-02-10 04:00:00+00:00,2294.8354,0.0,414.275625,439.091375,429.813975,64.02192500000001,1266.009041754515,5.893744245770677,336.8130931166498,848.2026859567499,413.0359556593156,41.98238500078321,1168.4076301812997,5.705311073660715,337.68605856473215,911.0176164469246,412.57619673859125,42.5052443578869,1168.4076301812997,5.705311073660715,337.68605856473215,911.0176164469246,412.57619673859125,42.5052443578869
2026-02-10 05:00:00+00:00,2614.290125,0.0,413.92565,957.3438,458.155325,57.069775,1327.464253658028,5.893744245770677,336.8435839432635,856.5343584309654,415.9788804590442,41.98238500078321,1168.4076301812997,5.705311073660715,337.68605856473215,911.0176164469246,412.57619673859125,42.5052443578869,1168.4076301812997,5.705311073660715,337.68605856473215,911.0176164469246,412.57619673859125,42.5052443578869
2026-02-10 06:00:00+00:00,2637.382625,0.0,413.772675,1588.4848000000002,495.476375,55.129675,1369.2752670063633,5.893744245770677,336.82801239816575,864.866030905181,418.0139838895501,41.98238500078321,1168.4076301812997,5.705311073660715,337.68605856473215,911.0176164469246,412.57619673859125,42.5052443578869,1168.4076301812997,5.705311073660715,337.68605856473215,911.0176164469246,412.57619673859125,42.5052443578869
2026-02-10 07:00:00+00:00,2640.548525,0.0,406.03477499999997,1641.527025,506.271125,58.994125,1372.466707782372,5.893744245770677,336.80274337910595,873.1977033793966,418.6003190550441,41.98238500078321,1168.4076301812997,5.705311073660715,337.68605856473215,911.0176164469246,412.57619673859125,42.5052443578869,1168.4076301812997,5.705311073660715,337.68605856473215,911.0176164469246,412.57619673859125,42.5052443578869
2026-02-10 08:00:00+00:00,2649.59135,0.0,382.9098,1046.60155,499.83515,52.9814,1351.0608475750846,5.893744245770677,336.7566810078391,881.5293758536122,418.22446232732335,41.98238500078321,1168.4076301812997,5.705311073660715,337.68605856473215,911.0176164469246,412.57619673859125,42.5052443578869,1168.4076301812997,5.705311073660715,337.68605856473215,911.0176164469246,412.57619673859125,42.5052443578869
2026-02-10 09:00:00+00:00,2647.689575,0.0,383.651075,615.927825,474.53765,54.581649999999996,1334.273873773048,5.893744245770677,336.6728553141992,889.8610483278278,417.9490842462948,41.98238500078321,1168.4076301812997,5.705311073660715,337.68605856473215,911.0176164469246,412.57619673859125,42.5052443578869,1168.4076301812997,5.705311073660715,337.68605856473215,911.0176164469246,412.57619673859125,42.5052443578869
2026-02-10 10:00:00+00:00,2326.280525,0.0,384.065925,497.78977499999996,448.21045,54.4438,1325.8031733098896,5.893744245770677,336.62175767547234,898.1927208020434,417.941295917556,41.98238500078321,1168.4076301812997,5.705311073660715,337.68605856473215,911.0176164469246,412.57619673859125,42.5052443578869,1168.4076301812997,5.705311073660715,337.68605856473215,911.0176164469246,412.57619673859125,42.5052443578869
2026-02-10 11:00:00+00:00,1965.028325,0.0,382.1705,477.533425,432.66087500000003,50.6864,1319.559726183179,5.893744245770677,336.5973274629778,906.5243932762589,417.74394927312807,41.98238500078321,1168.4076301812997,5.705311073660715,337.68605856473215,911.0176164469246,412.57619673859125,42.5052443578869,1168.4076301812997,5.705311073660715,337.68605856473215,911.0176164469246,412.57619673859125,42.5052443578869
2026-02-10 12:00:00+00:00,1966.644675,0.0,383.677375,427.148725,428.700225,51.074875,1313.8992336215101,5.893744245770677,336.5576049118999,914.8560657504745,417.69543779586286,41.98238500078321,1168.4076301812997,5.705311073660715,337.68605856473215,911.0176164469246,412.57619673859125,42.5052443578869,1168.4076301812997,5.705311073660715,337.68605856473215,911.0176164469246,412.57619673859125,42.5052443578869
2026-02-10 13:00:00+00:00,2020.774075,0.0,383.6704,406.6173499999999,432.854475,51.05915,1308.1757642671387,5.893744245770677,336.4918684156506,923.1877382246901,417.7399094528856,41.98238500078321,1168.4076301812997,5.705311073660715,337.68605856473215,911.0176164469246,412.57619673859125,42.5052443578869,1168.4076301812997,5.705311073660715,337.68605856473215,911.0176164469246,412.57619673859125,42.5052443578869
2026-02-10 14:00:00+00:00,2509.7897249999996,0.0,381.64175,527.77485,458.197175,51.367425,1317.4580455688572,5.893744245770677,336.4829170588246,931.5194106989057,418.85389226891846,41.98238500078321,1168.4076301812997,5.705311073660715,337.68605856473215,911.0176164469246,412.57619673859125,42.5052443578869,1168.4076301812997,5.705311073660715,337.68605856473215,911.0176164469246,412.57619673859125,42.5052443578869
2026-02-10 15:00:00+00:00,2630.1760249999998,0.0,381.5636,1443.8841,488.442975,51.093824999999995,1335.3305396428973,5.893744245770677,336.4764833884156,939.8510831731213,420.4374673930039,41.98238500078321,1168.4076301812997,5.705311073660715,337.68605856473215,911.0176164469246,412.57619673859125,42.5052443578869,1168.4076301812997,5.705311073660715,337.68605856473215,911.0176164469246,412.57619673859125,42.5052443578869
2026-02-10 16:00:00+00:00,2655.9552750000003,0.0,381.016475,1715.5185749999998,506.17494999999997,49.017925,1362.4966388061769,5.893744245770677,336.50408349966676,948.1827556473369,422.63838756592145,41.98238500078321,1168.4076301812997,5.705311073660715,337.68605856473215,911.0176164469246,412.57619673859125,42.5052443578869,1168.4076301812997,5.705311073660715,337.68605856473215,911.0176164469246,412.57619673859125,42.5052443578869
2026-02-10 17:00:00+00:00,2667.901125,0.0,381.1008,1628.484075,502.570525,49.52135,1371.008842988129,5.893744245770677,336.57345686309554,956.5144281215524,424.61286797945,41.98238500078321,1168.4076301812997,5.705311073660715,337.68605856473215,911.0176164469246,412.57619673859125,42.5052443578869,1168.4076301812997,5.705311073660715,337.68605856473215,911.0176164469246,412.57619673859125,42.5052443578869
2026-02-10 18:00:00+00:00,2666.327325,0.0,381.163675,1169.8384999999998,490.436775,48.1348,1355.1820312089258,5.893744245770677,336.5481866311132,964.846100595768,424.9597745898408,41.98238500078321,1168.4076301812997,5.705311073660715,337.68605856473215,911.0176164469246,412.57619673859125,42.5052443578869,1168.4076301812997,5.705311073660715,337.68605856473215,911.0176164469246,412.57619673859125,42.5052443578869
2026-02-10 19:00:00+00:00,2676.402525,0.0,381.13712499999997,1310.7127000000003,468.63785,52.06185,1329.2449581086094,5.893744245770677,336.5747613935934,973.1777730699837,425.47106507528287,41.98238500078321,1168.4076301812997,5.705311073660715,337.68605856473215,911.0176164469246,412.57619673859125,42.5052443578869,1168.4076301812997,5.705311073660715,337.68605856473215,911.0176164469246,412.57619673859125,42.5052443578869
2026-02-10 20:00:00+00:00,2674.90735,0.0,381.374625,891.472425,453.9752,50.544425000000004,1306.301454657219,5.893744245770677,336.6099144173725,981.5094455441993,426.0771878470076,41.98238500078321,1168.4076301812997,5.705311073660715,337.68605856473215,911.0176164469246,412.57619673859125,42.5052443578869,1168.4076301812997,5.705311073660715,337.68605856473215,911.0176164469246,412.57619673859125,42.5052443578869
2026-02-10 21:00:00+00:00,2487.315375,0.0,382.28677500000003,498.59265000000005,444.559725,50.878325000000004,1270.809958867723,5.893744245770677,336.6267917377913,989.8411180184148,426.04484256229466,41.98238500078321,1168.4076301812997,5.705311073660715,337.68605856473215,911.0176164469246,412.57619673859125,42.5052443578869,1168.4076301812997,5.705311073660715,337.68605856473215,911.0176164469246,412.57619673859125,42.5052443578869
2026-02-10 22:00:00+00:00,1876.4455,0.0,382.847825,445.73345000000006,430.696425,47.971025,1240.2003631364723,5.893744245770677,336.650475801915,998.1727904926304,426.20885692692093,41.98238500078321,1168.4076301812997,5.705311073660715,337.68605856473215,911.0176164469246,412.57619673859125,42.5052443578869,1168.4076301812997,5.705311073660715,337.68605856473215,911.0176164469246,412.57619673859125,42.5052443578869
2026-02-10 23:00:00+00:00,1804.3249,0.0,381.7658,411.66617499999995,418.58475,50.9717,1217.563497487442,5.893744245770677,336.64814469393974,1006.504462966846,426.24895267910756,41.98238500078321,1168.4076301812997,5.705311073660715,337.68605856473215,911.0176164469246,412.57619673859125,42.5052443578869,1168.4076301812997,5.705311073660715,337.68605856473215,911.0176164469246,412.57619673859125,42.5052443578869
2026-02-11 00:00:00+00:00,1730.64505,0.0,381.315625,382.4195500000001,412.777175,50.738075,1193.4255534023478,5.893744245770677,336.6048791485783,814.8759960598875,403.29817568691,41.98238500078321,1168.4076301812997,5.705311073660715,337.68605856473215,911.0176164469246,412.57619673859125,42.5052443578869,1168.4076301812997,5.705311073660715,337.68605856473215,911.0176164469246,412.57619673859125,42.5052443578869
2026-02-11 01:00:00+00:00,1689.047975,0.0,381.2223,392.48412499999995,410.76575,47.6917,1185.0584057421013,5.893744245770677,336.57858479475243,823.207668534103,403.8023837783391,41.98238500078321,1168.4076301812997,5.705311073660715,337.68605856473215,911.0176164469246,412.57619673859125,42.5052443578869,1168.4076301812997,5.705311073660715,337.68605856473215,911.0176164469246,412.57619673859125,42.5052443578869
2026-02-11 02:00:00+00:00,1650.541075,0.0,380.980975,382.80954999999994,410.284675,47.88535,1186.5903964332545,5.893744245770677,336.5460432876029,831.5393410083186,404.6401923253345,41.98238500078321,1168.4076301812997,5.705311073660715,337.68605856473215,911.0176164469246,412.57619673859125,42.5052443578869,1168.4076301812997,5.705311073660715,337.68605856473215,911.0176164469246,412.57619673859125,42.5052443578869
2026-02-11 03:00:00+00:00,1611.9955,0.0,381.069325,432.868025,413.25307499999997,45.8177,1190.0974753759538,5.893744245770677,336.52198615018324,839.8710134825343,405.7771819737805,41.98238500078321,1168.4076301812997,5.705311073660715,337.68605856473215,911.0176164469246,412.57619673859125,42.5052443578869,1168.4076301812997,5.705311073660715,337.68605856473215,911.0176164469246,412.57619673859125,42.5052443578869
2026-02-11 04:00:00+00:00,1640.767125,0.0,381.188175,490.941625,424.61625000000004,44.949600000000004,1215.744287257411,5.893744245770677,336.50939796886104,848.2026859567499,407.1539072288984,41.98238500078321,1168.4076301812997,5.705311073660715,337.68605856473215,911.0176164469246,412.57619673859125,42.5052443578869,1168.4076301812997,5.705311073660715,337.68605856473215,911.0176164469246,412.57619673859125,42.5052443578869
2026-02-11 05:00:00+00:00,1970.41905,0.0,380.522675,809.843825,441.66880000000003,44.702275,1272.9227031289881,5.893744245770677,336.47983984516173,856.5343584309654,409.22390844134236,41.98238500078321,1168.4076301812997,5.705311073660715,337.68605856473215,911.0176164469246,412.57619673859125,42.5052443578869,1168.4076301812997,5.705311073660715,337.68605856473215,911.0176164469246,412.57619673859125,42.5052443578869
2026-02-11 06:00:00+00:00,2373.872,0.0,380.817925,1164.6115,471.69482500000004,53.18115,1312.8157279379395,5.893744245770677,336.4524262509959,864.866030905181,411.05449996998647,41.98238500078321,1168.4076301812997,5.705311073660715,337.68605856473215,911.0176164469246,412.57619673859125,42.5052443578869,1168.4076301812997,5.705311073660715,337.68605856473215,911.0176164469246,412.57619673859125,42.5052443578869
2026-02-11 07:00:00+00:00,2437.1117,0.0,380.349525,1461.7164500000001,475.7569,57.543225,1319.3139102679925,5.893744245770677,336.45755416220067,873.1977033793966,412.19719650544516,41.98238500078321,1168.4076301812997,5.705311073660715,337.68605856473215,911.0176164469246,412.57619673859125,42.5052443578869,1168.4076301812997,5.705311073660715,337.68605856473215,911.0176164469246,412.57619673859125,42.5052443578869
2026-02-11 08:00:00+00:00,2451.0643,0.0,380.609175,1184.775725,471.93515,59.518,1309.0178360394962,5.893744245770677,336.469396195152,881.5293758536122,412.74762939872915,41.98238500078321,1168.4076301812997,5.705311073660715,337.68605856473215,911.0176164469246,412.57619673859125,42.5052443578869,1168.4076301812997,5.705311073660715,337.68605856473215,911.0176164469246,412.57619673859125,42.5052443578869
2026-02-11 09:00:00+00:00,2456.4115,0.0,380.7334,791.0186249999999,450.23222499999997,53.157125,1295.683428958693,5.893744245770677,336.4595121986589,889.8610483278278,412.92775883959996,41.98238500078321,1168.4076301812997,5.705311073660715,337.68605856473215,911.0176164469246,412.57619673859125,42.5052443578869,1168.4076301812997,5.705311073660715,337.68605856473215,911.0176164469246,412.57619673859125,42.5052443578869
2026-02-11 10:00:00+00:00,2460.3600500000002,0.0,381.53675,955.4001000000001,431.06065,54.87,1292.3589350176767,5.893744245770677,336.4511204917917,898.1927208020434,413.5579115258957,41.98238500078321,1168.4076301812997,5.705311073660715,337.68605856473215,911.0176164469246,412.57619673859125,42.5052443578869,1168.4076301812997,5.705311073660715,337.68605856473215,911.0176164469246,412.57619673859125,42.5052443578869
2026-02-11 11:00:00+00:00,2475.628175,0.0,383.038675,792.2537249999999,428.34235,62.262675,1272.4419158300034,5.893744245770677,336.3774579910452,906.5243932762589,413.55786898685324,41.98238500078321,1168.4076301812997,5.705311073660715,337.68605856473215,911.0176164469246,412.57619673859125,42.5052443578869,1168.4076301812997,5.705311073660715,337.68605856473215,911.0176164469246,412.57619673859125,42.5052443578869
2026-02-11 12:00:00+00:00,2547.48845,0.0,383.168475,626.59,426.831975,63.23545,1269.0907061428643,5.893744245770677,336.4073892307237,914.8560657504745,415.16857041476953,41.98238500078321,1168.4076301812997,5.705311073660715,337.68605856473215,911.0176164469246,412.57619673859125,42.5052443578869,1168.4076301812997,5.705311073660715,337.68605856473215,911.0176164469246,412.57619673859125,42.5052443578869
2026-02-11 13:00:00+00:00,2524.2111,0.0,383.1392,690.27705,429.850475,62.526875000000004,1264.944110051704,5.893744245770677,336.3512563240921,923.1877382246901,415.5886992699395,41.98238500078321,1168.4076301812997,5.705311073660715,337.68605856473215,911.0176164469246,412.57619673859125,42.5052443578869,1168.4076301812997,5.705311073660715,337.68605856473215,911.0176164469246,412.57619673859125,42.5052443578869
2026-02-11 14:00:00+00:00,2535.13195,0.0,383.145625,664.5556,442.26395,61.8183,1263.2947046989261,5.893744245770677,336.37186313186976,931.5194106989057,416.6190212128702,41.98238500078321,1168.4076301812997,5.705311073660715,337.68605856473215,911.0176164469246,412.57619673859125,42.5052443578869,1168.4076301812997,5.705311073660715,337.68605856473215,911.0176164469246,412.57619673859125,42.5052443578869
2026-02-11 15:00:00+00:00,2630.2914,0.0,386.896775,913.477625,468.08885,61.109725000000005,1277.6522090208189,5.893744245770677,336.4099994964158,939.8510831731213,418.26258508797474,41.98238500078321,1168.4076301812997,5.705311073660715,337.68605856473215,911.0176164469246,412.57619673859125,42.5052443578869,1168.4076301812997,5.705311073660715,337.68605856473215,911.0176164469246,412.57619673859125,42.5052443578869
2026-02-11 16:00:00+00:00,2656.031975,0.0,388.7765,1343.210825,497.17615,60.40115,1299.9363770762852,5.893744245770677,336.4006751089771,948.1827556473369,419.9385878085548,41.98238500078321,1168.4076301812997,5.705311073660715,337.68605856473215,911.0176164469246,412.57619673859125,42.5052443578869,1168.4076301812997,5.705311073660715,337.68605856473215,911.0176164469246,412.57619673859125,42.5052443578869
2026-02-11 17:00:00+00:00,2695.96355,0.0,383.516025,1252.450725,505.011625,59.692575000000005,1315.1812582457349,5.893744245770677,336.431539032785,956.5144281215524,421.5171137259083,41.98238500078321,1168.4076301812997,5.705311073660715,337.68605856473215,911.0176164469246,412.57619673859125,42.5052443578869,1168.4076301812997,5.705311073660715,337.68605856473215,911.0176164469246,412.57619673859125,42.5052443578869
2026-02-11 18:00:00+00:00,2691.964975,0.0,383.478725,1071.0322,500.14272500000004,61.06295,1308.0504869059669,5.893744245770677,336.4353623930397,964.846100595768,422.3674041665695,41.98238500078321,1168.4076301812997,5.705311073660715,337.68605856473215,911.0176164469246,412.57619673859125,42.5052443578869,1168.4076301812997,5.705311073660715,337.68605856473215,911.0176164469246,412.57619673859125,42.5052443578869
2026-02-11 19:00:00+00:00,2644.410225,0.0,384.2308,621.0248,486.461425,61.3548,1286.661878717456,5.893744245770677,336.45000127368274,973.1777730699837,422.88055190324064,41.98238500078321,1168.4076301812997,5.705311073660715,337.68605856473215,911.0176164469246,412.57619673859125,42.5052443578869,1168.4076301812997,5.705311073660715,337.68605856473215,911.0176164469246,412.57619673859125,42.5052443578869
2026-02-11 20:00:00+00:00,2471.49455,0.0,382.19295,652.557125,470.719875,61.642975,1271.6640255361417,5.893744245770677,336.4777879393656,981.5094455441993,423.6169409138258,41.98238500078321,1168.4076301812997,5.705311073660715,337.68605856473215,911.0176164469246,412.57619673859125,42.5052443578869,1168.4076301812997,5.705311073660715,337.68605856473215,911.0176164469246,412.57619673859125,42.5052443578869
2026-02-11 21:00:00+00:00,1844.975675,0.0,382.583925,538.0123749999999,454.516125,62.573175,1255.1585070691665,5.893744245770677,336.485154293904,989.8411180184148,424.2315513681368,41.98238500078321,1168.4076301812997,5.705311073660715,337.68605856473215,911.0176164469246,412.57619673859125,42.5052443578869,1168.4076301812997,5.705311073660715,337.68605856473215,911.0176164469246,412.57619673859125,42.5052443578869
2026-02-11 22:00:00+00:00,1722.0009,0.0,382.34585,619.86845,434.275675,63.640474999999995,1231.3322223723299,5.893744245770677,336.5125678711755,998.1727904926304,424.7736112129959,41.98238500078321,1168.4076301812997,5.705311073660715,337.68605856473215,911.0176164469246,412.57619673859125,42.5052443578869,1168.4076301812997,5.705311073660715,337.68605856473215,911.0176164469246,412.57619673859125,42.5052443578869
2026-02-11 23:00:00+00:00,1668.4257499999999,0.0,381.45435,601.311675,420.51890000000003,63.660574999999994,1201.751208565439,5.893744245770677,336.5204938552205,1006.504462966846,425.1822871641882,41.98238500078321,1168.4076301812997,5.705311073660715,337.68605856473215,911.0176164469246,412.57619673859125,42.5052443578869,1168.4076301812997,5.705311073660715,337.68605856473215,911.0176164469246,412.57619673859125,42.5052443578869
2026-02-12 00:00:00+00:00,1654.310825,0.0,381.535875,533.655075,415.30975,62.12455,1180.356003243326,5.893744245770677,336.5006331940348,814.8759960598875,403.09567367783137,41.98238500078321,1168.4076301812997,5.705311073660715,337.68605856473215,911.0176164469246,412.57619673859125,42.5052443578869,1168.4076301812997,5.705311073660715,337.68605856473215,911.0176164469246,412.57619673859125,42.5052443578869
2026-02-12 01:00:00+00:00,1630.4944,0.0,381.54895,536.6948749999999,411.897525,59.75955,1165.0140125384326,5.893744245770677,336.52552912223575,823.207668534103,403.7257441353161,41.98238500078321,1168.4076301812997,5.705311073660715,337.68605856473215,911.0176164469246,412.57619673859125,42.5052443578869,1168.4076301812997,5.705311073660715,337.68605856473215,911.0176164469246,412.57619673859125,42.5052443578869
2026-02-12 02:00:00+00:00,1634.800925,0.0,381.60935,535.944275,410.8084,59.8495,1161.175945678466,5.893744245770677,336.5214265393499,831.5393410083186,404.27368727008405,41.98238500078321,1168.4076301812997,5.705311073660715,337.68605856473215,911.0176164469246,412.57619673859125,42.5052443578869,1168.4076301812997,5.705311073660715,337.68605856473215,911.0176164469246,412.57619673859125,42.5052443578869
2026-02-12 03:00:00+00:00,1638.83755,0.0,382.076475,527.1818499999999,413.646275,58.914175,1166.0524268967536,5.893744245770677,336.52963170690066,839.8710134825343,405.2654465077834,41.98238500078321,1168.4076301812997,5.705311073660715,337.68605856473215,911.0176164469246,412.57619673859125,42.5052443578869,1168.4076301812997,5.705311073660715,337.68605856473215,911.0176164469246,412.57619673859125,42.5052443578869
2026-02-12 04:00:00+00:00,1699.6694750000001,0.0,381.95135,603.6455249999999,427.192575,57.733425,1201.529875007495,5.893744245770677,336.5378368949036,848.2026859567499,407.1393056763969,41.98238500078321,1168.4076301812997,5.705311073660715,337.68605856473215,911.0176164469246,412.57619673859125,42.5052443578869,1168.4076301812997,5.705311073660715,337.68605856473215,911.0176164469246,412.57619673859125,42.5052443578869
2026-02-12 05:00:00+00:00,2157.0501,0.0,380.477775,870.6988000000001,451.37675,46.76445,1265.4387746142665,5.893744245770677,336.5061341803144,856.5343584309654,409.4341280042399,41.98238500078321,1168.4076301812997,5.705311073660715,337.68605856473215,911.0176164469246,412.57619673859125,42.5052443578869,1168.4076301812997,5.705311073660715,337.68605856473215,911.0176164469246,412.57619673859125,42.5052443578869
2026-02-12 06:00:00+00:00,2380.377925,0.0,380.063875,812.3587,485.530175,50.608000000000004,1312.9603434220624,5.893744245770677,336.50632071429396,864.866030905181,411.8073648954791,41.98238500078321,1168.4076301812997,5.705311073660715,337.68605856473215,911.0176164469246,412.57619673859125,42.5052443578869,1168.4076301812997,5.705311073660715,337.68605856473215,911.0176164469246,412.57619673859125,42.5052443578869
2026-02-12 07:00:00+00:00,2405.182725,0.0,380.449675,929.7951,500.608725,39.955375000000004,1322.826925402014,5.893744245770677,336.5514504027656,873.1977033793966,412.9155856609047,41.98238500078321,1168.4076301812997,5.705311073660715,337.68605856473215,911.0176164469246,412.57619673859125,42.5052443578869,1168.4076301812997,5.705311073660715,337.68605856473215,911.0176164469246,412.57619673859125,42.5052443578869
2026-02-12 08:00:00+00:00,2127.7711,0.0,381.086575,799.87685,494.32755,36.68135,1304.6762247310921,5.893744245770677,336.5000735814224,881.5293758536122,412.7146009769829,41.98238500078321,1168.4076301812997,5.705311073660715,337.68605856473215,911.0176164469246,412.57619673859125,42.5052443578869,1168.4076301812997,5.705311073660715,337.68605856473215,911.0176164469246,412.57619673859125,42.5052443578869
2026-02-12 09:00:00+00:00,1835.8178,0.0,383.04285,749.82245,465.793725,35.168025,1287.806946848801,5.893744245770677,336.45130702932914,889.8610483278278,413.192456645203,41.98238500078321,1168.4076301812997,5.705311073660715,337.68605856473215,911.0176164469246,412.57619673859125,42.5052443578869,1168.4076301812997,5.705311073660715,337.68605856473215,911.0176164469246,412.57619673859125,42.5052443578869
2026-02-12 10:00:00+00:00,1736.64155,0.0,383.706,731.772525,447.61225,37.654700000000005,1285.646587687578,5.893744245770677,336.42762296698436,898.1927208020434,414.2087733320525,41.98238500078321,1168.4076301812997,5.705311073660715,337.68605856473215,911.0176164469246,412.57619673859125,42.5052443578869,1168.4076301812997,5.705311073660715,337.68605856473215,911.0176164469246,412.57619673859125,42.5052443578869
2026-02-12 11:00:00+00:00,1528.9762249999999,0.0,381.3506,699.3179749999999,427.80062499999997,37.241425,1279.9253296278348,5.893744245770677,336.45718109068366,906.5243932762589,415.7497304882644,41.98238500078321,1168.4076301812997,5.705311073660715,337.68605856473215,911.0176164469246,412.57619673859125,42.5052443578869,1168.4076301812997,5.705311073660715,337.68605856473215,911.0176164469246,412.57619673859125,42.5052443578869
2026-02-12 12:00:00+00:00,1409.09025,0.0,382.27975,618.985325,421.524,37.510625000000005,1270.11627804418,5.893744245770677,336.41969699983366,914.8560657504745,416.05314933740505,41.98238500078321,1168.4076301812997,5.705311073660715,337.68605856473215,911.0176164469246,412.57619673859125,42.5052443578869,1168.4076301812997,5.705311073660715,337.68605856473215,911.0176164469246,412.57619673859125,42.5052443578869
2026-02-12 13:00:00+00:00,1396.81875,0.0,382.17845,669.477125,428.641975,36.52605,1252.374067516639,5.893744245770677,336.44049034870665,923.1877382246901,416.5761848046563,41.98238500078321,1168.4076301812997,5.705311073660715,337.68605856473215,911.0176164469246,412.57619673859125,42.5052443578869,1168.4076301812997,5.705311073660715,337.68605856473215,911.0176164469246,412.57619673859125,42.5052443578869
2026-02-12 14:00:00+00:00,1389.99745,0.0,381.7939,667.87415,448.73924999999997,36.471199999999996,1248.0739235913454,5.893744245770677,336.4375996281191,931.5194106989057,416.6236563597688,41.98238500078321,1168.4076301812997,5.705311073660715,337.68605856473215,911.0176164469246,412.57619673859125,42.5052443578869,1168.4076301812997,5.705311073660715,337.68605856473215,911.0176164469246,412.57619673859125,42.5052443578869
2026-02-12 15:00:00+00:00,1396.655475,0.0,383.137375,671.2078499999999,478.7894,36.731575,1260.8008121860817,5.893744245770677,336.40300621695235,939.8510831731213,417.60737326863614,41.98238500078321,1168.4076301812997,5.705311073660715,337.68605856473215,911.0176164469246,412.57619673859125,42.5052443578869,1168.4076301812997,5.705311073660715,337.68605856473215,911.0176164469246,412.57619673859125,42.5052443578869
2026-02-12 16:00:00+00:00,1402.937025,0.0,383.71007499999996,681.625825,506.44027500000004,36.3414,1299.1580461458873,5.893744245770677,336.4626821178676,948.1827556473369,420.2071263937749,41.98238500078321,1168.4076301812997,5.705311073660715,337.68605856473215,911.0176164469246,412.57619673859125,42.5052443578869,1168.4076301812997,5.705311073660715,337.68605856473215,911.0176164469246,412.57619673859125,42.5052443578869
2026-02-12 17:00:00+00:00,1423.811975,0.0,383.6168,702.489675,513.459425,36.30055,1319.8830569671716,5.893744245770677,336.51825541188686,956.5144281215524,422.2709716773416,41.98238500078321,1168.4076301812997,5.705311073660715,337.68605856473215,911.0176164469246,412.57619673859125,42.5052443578869,1168.4076301812997,5.705311073660715,337.68605856473215,911.0176164469246,412.57619673859125,42.5052443578869
2026-02-12 18:00:00+00:00,1391.8491749999998,0.0,383.568475,773.335375,506.59645,35.69565,1305.1336326011929,5.893744245770677,336.48804501449155,964.846100595768,422.7237926685555,41.98238500078321,1168.4076301812997,5.705311073660715,337.68605856473215,911.0176164469246,412.57619673859125,42.5052443578869,1168.4076301812997,5.705311073660715,337.68605856473215,911.0176164469246,412.57619673859125,42.5052443578869
2026-02-12 19:00:00+00:00,1386.382725,0.0,383.06205,718.4792,488.1267,40.343625,1282.6866086703483,5.893744245770677,336.51312748022997,973.1777730699837,423.38185737581995,41.98238500078321,1168.4076301812997,5.705311073660715,337.68605856473215,911.0176164469246,412.57619673859125,42.5052443578869,1168.4076301812997,5.705311073660715,337.68605856473215,911.0176164469246,412.57619673859125,42.5052443578869
2026-02-12 20:00:00+00:00,1378.227925,0.0,382.187625,706.2849249999999,473.617975,47.439499999999995,1253.21106998235,5.893744245770677,336.54855970618814,981.5094455441993,423.9209265806507,41.98238500078321,1168.4076301812997,5.705311073660715,337.68605856473215,911.0176164469246,412.57619673859125,42.5052443578869,1168.4076301812997,5.705311073660715,337.68605856473215,911.0176164469246,412.57619673859125,42.5052443578869
2026-02-12 21:00:00+00:00,1359.204125,0.0,381.315025,770.2528249999999,455.58995,55.4758,1229.6384768514513,5.893744245770677,336.5564856902331,989.8411180184148,424.38589154649804,41.98238500078321,1168.4076301812997,5.705311073660715,337.68605856473215,911.0176164469246,412.57619673859125,42.5052443578869,1168.4076301812997,5.705311073660715,337.68605856473215,911.0176164469246,412.57619673859125,42.5052443578869
2026-02-12 22:00:00+00:00,1390.564625,0.0,381.419575,652.97015,433.18420000000003,61.198625,1207.8514139904014,5.893744245770677,336.5811950844545,998.1727904926304,424.9337831273186,41.98238500078321,1168.4076301812997,5.705311073660715,337.68605856473215,911.0176164469246,412.57619673859125,42.5052443578869,1168.4076301812997,5.705311073660715,337.68605856473215,911.0176164469246,412.57619673859125,42.5052443578869
2026-02-12 23:00:00+00:00,1363.6818250000001,0.0,381.30245,825.65215,419.8941,62.106700000000004,1178.081299323037,5.893744245770677,336.5465090273194,1006.504462966846,425.0138103811104,41.98238500078321,1168.4076301812997,5.705311073660715,337.68605856473215,911.0176164469246,412.57619673859125,42.5052443578869,1168.4076301812997,5.705311073660715,337.68605856473215,911.0176164469246,412.57619673859125,42.5052443578869
2026-02-13 00:00:00+00:00,1317.3997,0.0,381.5563,675.940075,412.3612,61.2631,1150.2033643782656,5.893744245770677,336.5391426523289,814.8759960598875,402.7519994921146,41.98238500078321,1168.4076301812997,5.705311073660715,337.68605856473215,911.0176164469246,412.57619673859125,42.5052443578869,1168.4076301812997,5.705311073660715,337.68605856473215,911.0176164469246,412.57619673859125,42.5052443578869
2026-02-13 01:00:00+00:00,1332.84985,0.0,381.5428,619.5914750000001,410.874975,63.0912,1128.4378389765354,5.893744245770677,336.52478297564386,823.207668534103,403.1154031129543,41.98238500078321,1168.4076301812997,5.705311073660715,337.68605856473215,911.0176164469246,412.57619673859125,42.5052443578869,1168.4076301812997,5.705311073660715,337.68605856473215,911.0176164469246,412.57619673859125,42.5052443578869
2026-02-13 02:00:00+00:00,1341.437925,0.0,381.689375,622.8665250000001,412.35935,64.159975,1127.8830625698104,5.893744245770677,336.5335477744802,831.5393410083186,404.19658764344354,41.98238500078321,1168.4076301812997,5.705311073660715,337.68605856473215,911.0176164469246,412.57619673859125,42.5052443578869,1168.4076301812997,5.705311073660715,337.68605856473215,911.0176164469246,412.57619673859125,42.5052443578869
2026-02-13 03:00:00+00:00,1366.170425,0.0,381.4883,624.824025,416.09945,62.040925,1142.251842638327,5.893744245770677,336.5288855585298,839.8710134825343,405.42745010870834,41.98238500078321,1168.4076301812997,5.705311073660715,337.68605856473215,911.0176164469246,412.57619673859125,42.5052443578869,1168.4076301812997,5.705311073660715,337.68605856473215,911.0176164469246,412.57619673859125,42.5052443578869
2026-02-13 04:00:00+00:00,1554.436825,0.0,381.9913,650.8906000000001,428.5267,60.967600000000004,1179.563783707784,5.893744245770677,336.54445712152324,848.2026859567499,407.2781417335364,41.98238500078321,1168.4076301812997,5.705311073660715,337.68605856473215,911.0176164469246,412.57619673859125,42.5052443578869,1168.4076301812997,5.705311073660715,337.68605856473215,911.0176164469246,412.57619673859125,42.5052443578869
2026-02-13 05:00:00+00:00,1717.269275,0.0,382.839,742.2950000000001,454.359775,61.937041666666666,1252.5857232041137,5.893744245770677,336.57867746117296,856.5343584309654,410.1986716106844,41.98238500078321,1168.4076301812997,5.705311073660715,337.68605856473215,911.0176164469246,412.57619673859125,42.5052443578869,1168.4076301812997,5.705311073660715,337.68605856473215,911.0176164469246,412.57619673859125,42.5052443578869
2026-02-13 06:00:00+00:00,1793.2062,0.0,383.194675,1068.7480500000001,491.451925,62.906483333333334,1310.3768952686562,5.893744245770677,336.60152271228424,864.866030905181,412.85795932122517,41.98238500078321,1168.4076301812997,5.705311073660715,337.68605856473215,911.0176164469246,412.57619673859125,42.5052443578869,1168.4076301812997,5.705311073660715,337.68605856473215,911.0176164469246,412.57619673859125,42.5052443578869
2026-02-13 07:00:00+00:00,1784.512275,0.0,383.2787,1577.151675,504.98845,63.875924999999995,1326.1777911779482,5.893744245770677,336.5990050685505,873.1977033793966,413.7482641846193,41.98238500078321,1168.4076301812997,5.705311073660715,337.68605856473215,911.0176164469246,412.57619673859125,42.5052443578869,1168.4076301812997,5.705311073660715,337.68605856473215,911.0176164469246,412.57619673859125,42.5052443578869
2026-02-13 08:00:00+00:00,1800.7586000000001,0.0,382.4651,1103.8076500000002,490.46072499999997,63.4989,1303.2403334261144,5.893744245770677,336.56618315274665,881.5293758536122,413.23843279767954,41.98238500078321,1168.4076301812997,5.705311073660715,337.68605856473215,911.0176164469246,412.57619673859125,42.5052443578869,1168.4076301812997,5.705311073660715,337.68605856473215,911.0176164469246,412.57619673859125,42.5052443578869
2026-02-13 09:00:00+00:00,1765.761475,0.0,382.2237,705.4034250000001,467.382725,63.121874999999996,1285.6778994948618,5.893744245770677,336.5125678711755,889.8610483278278,412.9063105021883,41.98238500078321,1168.4076301812997,5.705311073660715,337.68605856473215,911.0176164469246,412.57619673859125,42.5052443578869,1168.4076301812997,5.705311073660715,337.68605856473215,911.0176164469246,412.57619673859125,42.5052443578869
2026-02-13 10:00:00+00:00,1745.214475,0.0,381.309075,687.477625,445.643625,62.74485,1281.0361097746766,5.893744245770677,336.4638013395344,898.1927208020434,413.37501358302967,41.98238500078321,1168.4076301812997,5.705311073660715,337.68605856473215,911.0176164469246,412.57619673859125,42.5052443578869,1168.4076301812997,5.705311073660715,337.68605856473215,911.0176164469246,412.57619673859125,42.5052443578869
2026-02-13 11:00:00+00:00,1656.3342750000002,0.0,380.42742499999997,677.6823499999999,428.47659999999996,61.2134,1274.6352575899568,5.893744245770677,336.43097942373055,906.5243932762589,413.71702803635685,41.98238500078321,1168.4076301812997,5.705311073660715,337.68605856473215,911.0176164469246,412.57619673859125,42.5052443578869,1168.4076301812997,5.705311073660715,337.68605856473215,911.0176164469246,412.57619673859125,42.5052443578869
2026-02-13 12:00:00+00:00,1591.967625,0.0,381.75755,795.3212500000001,422.704625,62.414325000000005,1273.811441804043,5.893744245770677,336.4634282644595,914.8560657504745,414.9035417527594,41.98238500078321,1168.4076301812997,5.705311073660715,337.68605856473215,911.0176164469246,412.57619673859125,42.5052443578869,1168.4076301812997,5.705311073660715,337.68605856473215,911.0176164469246,412.57619673859125,42.5052443578869
2026-02-13 13:00:00+00:00,1680.007875,0.0,383.562225,1012.4629,424.204425,59.41175,1287.8566195273222,5.893744245770677,336.4365742793481,923.1877382246901,416.0495906400886,41.98238500078321,1168.4076301812997,5.705311073660715,337.68605856473215,911.0176164469246,412.57619673859125,42.5052443578869,1168.4076301812997,5.705311073660715,337.68605856473215,911.0176164469246,412.57619673859125,42.5052443578869
2026-02-13 14:00:00+00:00,1795.281725,0.0,383.674175,1451.6239,441.293425,56.605325,1316.035572825368,5.893744245770677,336.4383457782689,931.5194106989057,417.86783685338827,41.98238500078321,1168.4076301812997,5.705311073660715,337.68605856473215,911.0176164469246,412.57619673859125,42.5052443578869,1168.4076301812997,5.705311073660715,337.68605856473215,911.0176164469246,412.57619673859125,42.5052443578869
2026-02-13 15:00:00+00:00,1792.088575,0.0,383.329525,1609.324025,476.57435,54.345,1344.9210462639574,5.893744245770677,336.4451525201949,939.8510831731213,419.8041438285665,41.98238500078321,1168.4076301812997,5.705311073660715,337.68605856473215,911.0176164469246,412.57619673859125,42.5052443578869,1168.4076301812997,5.705311073660715,337.68605856473215,911.0176164469246,412.57619673859125,42.5052443578869
2026-02-13 16:00:00+00:00,1800.759075,0.0,385.11220000000003,1821.608025,506.41865,55.0269,1370.2290972672213,5.893744245770677,336.47834755197795,948.1827556473369,422.0424816515209,41.98238500078321,1168.4076301812997,5.705311073660715,337.68605856473215,911.0176164469246,412.57619673859125,42.5052443578869,1168.4076301812997,5.705311073660715,337.68605856473215,911.0176164469246,412.57619673859125,42.5052443578869
2026-02-13 17:00:00+00:00,1819.83025,0.0,402.03665,2072.0001500000003,511.908725,56.948025,1378.8248811638318,5.893744245770677,336.5230114989542,956.5144281215524,423.7866994075378,41.98238500078321,1168.4076301812997,5.705311073660715,337.68605856473215,911.0176164469246,412.57619673859125,42.5052443578869,1168.4076301812997,5.705311073660715,337.68605856473215,911.0176164469246,412.57619673859125,42.5052443578869
2026-02-13 18:00:00+00:00,1820.5617,0.0,412.44005,1519.66505,500.28855,60.8543,1369.9886673990684,5.893744245770677,336.55490073062873,964.846100595768,424.64274790783287,41.98238500078321,1168.4076301812997,5.705311073660715,337.68605856473215,911.0176164469246,412.57619673859125,42.5052443578869,1168.4076301812997,5.705311073660715,337.68605856473215,911.0176164469246,412.57619673859125,42.5052443578869
2026-02-13 19:00:00+00:00,1833.034275,0.0,411.93444999999997,1047.374925,480.273725,60.728175,1345.5025921784431,5.893744245770677,336.5550872681662,973.1777730699837,424.97053859967144,41.98238500078321,1168.4076301812997,5.705311073660715,337.68605856473215,911.0176164469246,412.57619673859125,42.5052443578869,1168.4076301812997,5.705311073660715,337.68605856473215,911.0176164469246,412.57619673859125,42.5052443578869
2026-02-13 20:00:00+00:00,1832.25205,0.0,411.39160000000004,790.659325,459.298175,63.006,1325.611822769767,5.893744245770677,336.58501848561355,981.5094455441993,425.6021147356358,41.98238500078321,1168.4076301812997,5.705311073660715,337.68605856473215,911.0176164469246,412.57619673859125,42.5052443578869,1168.4076301812997,5.705311073660715,337.68605856473215,911.0176164469246,412.57619673859125,42.5052443578869
2026-02-13 21:00:00+00:00,1702.0988,0.0,411.122875,781.6865999999999,445.8465,63.03902954545455,1302.5060256392221,5.893744245770677,336.682457688005,989.8411180184148,426.5802647193872,41.98238500078321,1168.4076301812997,5.705311073660715,337.68605856473215,911.0176164469246,412.57619673859125,42.5052443578869,1168.4076301812997,5.705311073660715,337.68605856473215,911.0176164469246,412.57619673859125,42.5052443578869
2026-02-13 22:00:00+00:00,1690.541,0.0,411.46112500000004,739.5883749999999,429.46202500000004,63.07205909090909,1272.6075528663089,5.893744245770677,336.6915028954957,998.1727904926304,426.9290511764277,41.98238500078321,1168.4076301812997,5.705311073660715,337.68605856473215,911.0176164469246,412.57619673859125,42.5052443578869,1168.4076301812997,5.705311073660715,337.68605856473215,911.0176164469246,412.57619673859125,42.5052443578869
2026-02-13 23:00:00+00:00,1712.829875,0.0,411.473775,697.7488000000001,420.494275,63.10508863636363,1241.5487365646343,5.893744245770677,336.65942711605766,1006.504462966846,427.09619743499206,41.98238500078321,1168.4076301812997,5.705311073660715,337.68605856473215,911.0176164469246,412.57619673859125,42.5052443578869,1168.4076301812997,5.705311073660715,337.68605856473215,911.0176164469246,412.57619673859125,42.5052443578869
2026-02-14 00:00:00+00:00,1696.6725999999999,0.0,411.483375,652.7073750000001,414.564625,63.13811818181818,1236.9314261144784,5.867882716948622,337.75868892467855,812.8183868900768,405.3634009536853,42.094979832535884,1168.4076301812997,5.705311073660715,337.68605856473215,911.0176164469246,412.57619673859125,42.5052443578869,1168.4076301812997,5.705311073660715,337.68605856473215,911.0176164469246,412.57619673859125,42.5052443578869
2026-02-14 01:00:00+00:00,1719.55025,0.0,411.5709,681.025875,410.52182500000004,63.171147727272725,1225.2600238843622,5.867882716948622,337.8052390745826,821.1990183126152,406.1208193933634,42.094979832535884,1168.4076301812997,5.705311073660715,337.68605856473215,911.0176164469246,412.57619673859125,42.5052443578869,1168.4076301812997,5.705311073660715,337.68605856473215,911.0176164469246,412.57619673859125,42.5052443578869
2026-02-14 02:00:00+00:00,1721.22075,0.0,411.528825,691.38175,411.17895,63.20417727272727,1216.1193381453543,5.867882716948622,337.729739550641,829.5796497351537,406.6599982006965,42.094979832535884,1168.4076301812997,5.705311073660715,337.68605856473215,911.0176164469246,412.57619673859125,42.5052443578869,1168.4076301812997,5.705311073660715,337.68605856473215,911.0176164469246,412.57619673859125,42.5052443578869
2026-02-14 03:00:00+00:00,1724.687075,0.0,411.4805,703.4007500000001,418.04897500000004,63.23720681818182,1212.2488712366464,5.867882716948622,337.70211759033543,837.9602811576922,407.53801730285437,42.094979832535884,1168.4076301812997,5.705311073660715,337.68605856473215,911.0176164469246,412.57619673859125,42.5052443578869,1168.4076301812997,5.705311073660715,337.68605856473215,911.0176164469246,412.57619673859125,42.5052443578869
2026-02-14 04:00:00+00:00,1708.3072750000001,0.0,411.368325,658.974775,430.0069,63.270236363636364,1213.9573363328225,5.867882716948622,337.71385140783207,846.3409125802306,408.5465555996786,42.094979832535884,1168.4076301812997,5.705311073660715,337.68605856473215,911.0176164469246,412.57619673859125,42.5052443578869,1168.4076301812997,5.705311073660715,337.68605856473215,911.0176164469246,412.57619673859125,42.5052443578869
2026-02-14 05:00:00+00:00,1695.8006,0.0,411.26419999999996,675.1751000000002,459.853925,63.303265909090904,1223.7864192974052,5.867882716948622,337.75226492629037,854.7215440027691,409.90992746317386,42.094979832535884,1168.4076301812997,5.705311073660715,337.68605856473215,911.0176164469246,412.57619673859125,42.5052443578869,1168.4076301812997,5.705311073660715,337.68605856473215,911.0176164469246,412.57619673859125,42.5052443578869
2026-02-14 06:00:00+00:00,1652.8319999999999,0.0,411.12962500000003,698.1450000000001,497.974575,63.33629545454545,1243.1613943001446,5.867882716948622,337.7918774660612,863.1021754253075,411.4513297407169,42.094979832535884,1168.4076301812997,5.705311073660715,337.68605856473215,911.0176164469246,412.57619673859125,42.5052443578869,1168.4076301812997,5.705311073660715,337.68605856473215,911.0176164469246,412.57619673859125,42.5052443578869
2026-02-14 07:00:00+00:00,1757.22705,0.0,411.358475,707.9789750000001,507.74915,63.369324999999996,1262.6282245135906,5.867882716948622,337.7964169228912,871.482806847846,412.83706249925547,42.094979832535884,1168.4076301812997,5.705311073660715,337.68605856473215,911.0176164469246,412.57619673859125,42.5052443578869,1168.4076301812997,5.705311073660715,337.68605856473215,911.0176164469246,412.57619673859125,42.5052443578869
2026-02-14 08:00:00+00:00,1813.2698249999999,0.0,412.182575,1111.17265,496.73834999999997,63.73935,1279.0748738704624,5.867882716948622,337.7884086940756,879.8634382703844,414.1929567805258,42.094979832535884,1168.4076301812997,5.705311073660715,337.68605856473215,911.0176164469246,412.57619673859125,42.5052443578869,1168.4076301812997,5.705311073660715,337.68605856473215,911.0176164469246,412.57619673859125,42.5052443578869
2026-02-14 09:00:00+00:00,1821.640925,0.0,412.35025,1077.15955,465.96567500000003,63.523316666666666,1285.338167854291,5.867882716948622,337.79787277233436,888.2440696929228,415.28075885032075,42.094979832535884,1168.4076301812997,5.705311073660715,337.68605856473215,911.0176164469246,412.57619673859125,42.5052443578869,1168.4076301812997,5.705311073660715,337.68605856473215,911.0176164469246,412.57619673859125,42.5052443578869
2026-02-14 10:00:00+00:00,1811.9273,0.0,413.0422,833.111475,438.161275,63.30728333333334,1286.6557881500971,5.867882716948622,337.8201413860151,896.6247011154613,416.37582007002294,42.094979832535884,1168.4076301812997,5.705311073660715,337.68605856473215,911.0176164469246,412.57619673859125,42.5052443578869,1168.4076301812997,5.705311073660715,337.68605856473215,911.0176164469246,412.57619673859125,42.5052443578869
2026-02-14 11:00:00+00:00,1788.8054,0.0,413.058825,684.3943999999999,429.588625,63.09125,1290.6333205181218,5.867882716948622,337.84814848927357,905.0053325379998,417.49642005822676,42.094979832535884,1168.4076301812997,5.705311073660715,337.68605856473215,911.0176164469246,412.57619673859125,42.5052443578869,1168.4076301812997,5.705311073660715,337.68605856473215,911.0176164469246,412.57619673859125,42.5052443578869
2026-02-14 12:00:00+00:00,1822.9901,0.0,413.354925,681.9937,429.23275,62.87521666666667,1287.3960689976138,5.867882716948622,337.95619461149,913.3859639605382,418.83250729633136,42.094979832535884,1168.4076301812997,5.705311073660715,337.68605856473215,911.0176164469246,412.57619673859125,42.5052443578869,1168.4076301812997,5.705311073660715,337.68605856473215,911.0176164469246,412.57619673859125,42.5052443578869
2026-02-14 13:00:00+00:00,1791.5705,0.0,414.1168,1421.8772749999998,434.911,62.65918333333334,1282.8153144433572,5.867882716948622,337.9337976168249,921.7665953830767,419.53076391005334,42.094979832535884,1168.4076301812997,5.705311073660715,337.68605856473215,911.0176164469246,412.57619673859125,42.5052443578869,1168.4076301812997,5.705311073660715,337.68605856473215,911.0176164469246,412.57619673859125,42.5052443578869
2026-02-14 14:00:00+00:00,1820.656475,0.0,414.071,1920.03005,452.541975,62.44315,1291.2232933574894,5.867882716948622,337.9290013706629,930.1472268056151,420.6832113496189,42.094979832535884,1168.4076301812997,5.705311073660715,337.68605856473215,911.0176164469246,412.57619673859125,42.5052443578869,1168.4076301812997,5.705311073660715,337.68605856473215,911.0176164469246,412.57619673859125,42.5052443578869
2026-02-14 15:00:00+00:00,1830.5315,0.0,413.968025,1452.5627500000003,487.799675,61.749575,1304.2089596251892,5.867882716948622,337.9312710990779,938.5278582281536,422.0222089693333,42.094979832535884,1168.4076301812997,5.705311073660715,337.68605856473215,911.0176164469246,412.57619673859125,42.5052443578869,1168.4076301812997,5.705311073660715,337.68605856473215,911.0176164469246,412.57619673859125,42.5052443578869
2026-02-14 16:00:00+00:00,1835.74815,0.0,413.9878,1900.1573750000002,513.411325,61.09315,1330.2284058790644,5.867882716948622,337.9360673452399,946.9084896506921,423.6895396314464,42.094979832535884,1168.4076301812997,5.705311073660715,337.68605856473215,911.0176164469246,412.57619673859125,42.5052443578869,1168.4076301812997,5.705311073660715,337.68605856473215,911.0176164469246,412.57619673859125,42.5052443578869
2026-02-14 17:00:00+00:00,1850.58745,0.0,413.9943,2098.322925,518.78615,61.4006,1347.455745281481,5.867882716948622,337.95019930521687,955.2891210732305,425.09391605709556,42.094979832535884,1168.4076301812997,5.705311073660715,337.68605856473215,911.0176164469246,412.57619673859125,42.5052443578869,1168.4076301812997,5.705311073660715,337.68605856473215,911.0176164469246,412.57619673859125,42.5052443578869
2026-02-14 18:00:00+00:00,1853.849125,0.0,414.01937499999997,1977.9319749999997,506.770675,62.3515,1342.480761851686,5.867882716948622,337.9910109273569,963.669752495769,426.03850339539594,42.094979832535884,1168.4076301812997,5.705311073660715,337.68605856473215,911.0176164469246,412.57619673859125,42.5052443578869,1168.4076301812997,5.705311073660715,337.68605856473215,911.0176164469246,412.57619673859125,42.5052443578869
2026-02-14 19:00:00+00:00,1850.17625,0.0,414.137825,1794.2035,488.9957,63.546625,1326.4902823714835,5.867882716948622,338.03876012083157,972.0503839183075,426.96469027451104,42.094979832535884,1168.4076301812997,5.705311073660715,337.68605856473215,911.0176164469246,412.57619673859125,42.5052443578869,1168.4076301812997,5.705311073660715,337.68605856473215,911.0176164469246,412.57619673859125,42.5052443578869
2026-02-14 20:00:00+00:00,1849.153875,0.0,414.234575,1603.59075,466.08187499999997,63.555384375,1317.7570808388807,5.867882716948622,338.0747754885393,980.4310153408459,427.9680223802207,42.094979832535884,1168.4076301812997,5.705311073660715,337.68605856473215,911.0176164469246,412.57619673859125,42.5052443578869,1168.4076301812997,5.705311073660715,337.68605856473215,911.0176164469246,412.57619673859125,42.5052443578869
2026-02-14 21:00:00+00:00,1850.5896,0.0,414.286475,919.9590000000001,450.601475,63.56414375,1312.1350217190384,5.867882716948622,338.08543865171987,988.8116467633844,428.7958329503996,42.094979832535884,1168.4076301812997,5.705311073660715,337.68605856473215,911.0176164469246,412.57619673859125,42.5052443578869,1168.4076301812997,5.705311073660715,337.68605856473215,911.0176164469246,412.57619673859125,42.5052443578869
2026-02-14 22:00:00+00:00,1839.2516,0.0,414.418875,909.3855,431.267975,63.572903124999996,1297.6723427271604,5.867882716948622,338.08089918947843,997.1922781859228,429.31346667727666,42.094979832535884,1168.4076301812997,5.705311073660715,337.68605856473215,911.0176164469246,412.57619673859125,42.5052443578869,1168.4076301812997,5.705311073660715,337.68605856473215,911.0176164469246,412.57619673859125,42.5052443578869
2026-02-14 23:00:00+00:00,1815.64245,0.0,414.424325,895.447575,421.91044999999997,63.5816625,1279.607306927151,5.867882716948622,338.09143395799305,1005.5729096084613,429.9493521622847,42.094979832535884,1168.4076301812997,5.705311073660715,337.68605856473215,911.0176164469246,412.57619673859125,42.5052443578869,1168.4076301812997,5.705311073660715,337.68605856473215,911.0176164469246,412.57619673859125,42.5052443578869
2026-02-15 00:00:00+00:00,1831.4423000000002,0.0,414.541375,730.5513750000001,417.28567499999997,63.590421875000004,1267.6320803038,5.867882716948622,338.06929375551874,812.8183868900768,407.80940243227224,42.094979832535884,1168.4076301812997,5.705311073660715,337.68605856473215,911.0176164469246,412.57619673859125,42.5052443578869,1168.4076301812997,5.705311073660715,337.68605856473215,911.0176164469246,412.57619673859125,42.5052443578869
2026-02-15 01:00:00+00:00,1755.135575,0.0,415.126125,642.74505,412.2837,63.59918125,1261.9215696849533,5.867882716948622,338.07276254404485,821.1990183126152,408.5847834425943,42.094979832535884,1168.4076301812997,5.705311073660715,337.68605856473215,911.0176164469246,412.57619673859125,42.5052443578869,1168.4076301812997,5.705311073660715,337.68605856473215,911.0176164469246,412.57619673859125,42.5052443578869
2026-02-15 02:00:00+00:00,1659.0923500000001,0.0,415.498975,661.416325,410.996275,63.607940625,1260.867876986505,5.867882716948622,338.09597341482305,829.5796497351537,409.58487982272464,42.094979832535884,1168.4076301812997,5.705311073660715,337.68605856473215,911.0176164469246,412.57619673859125,42.5052443578869,1168.4076301812997,5.705311073660715,337.68605856473215,911.0176164469246,412.57619673859125,42.5052443578869
2026-02-15 03:00:00+00:00,1652.370375,0.0,415.3633,723.32145,417.3729,63.6167,1260.8667512139502,5.867882716948622,338.096101809489,837.9602811576922,410.69115981877246,42.094979832535884,1168.4076301812997,5.705311073660715,337.68605856473215,911.0176164469246,412.57619673859125,42.5052443578869,1168.4076301812997,5.705311073660715,337.68605856473215,911.0176164469246,412.57619673859125,42.5052443578869
2026-02-15 04:00:00+00:00,1633.5278250000001,0.0,415.3714,643.401775,429.571925,63.831825,1261.4764669783551,5.867882716948622,338.09969899268117,846.3409125802306,411.8495980267281,42.094979832535884,1168.4076301812997,5.705311073660715,337.68605856473215,911.0176164469246,412.57619673859125,42.5052443578869,1168.4076301812997,5.705311073660715,337.68605856473215,911.0176164469246,412.57619673859125,42.5052443578869
2026-02-15 05:00:00+00:00,1603.996975,0.0,415.30985,622.5101000000001,458.143875,61.58485,1260.981191566836,5.867882716948622,338.12076852971035,854.7215440027691,413.0373815501767,42.094979832535884,1168.4076301812997,5.705311073660715,337.68605856473215,911.0176164469246,412.57619673859125,42.5052443578869,1168.4076301812997,5.705311073660715,337.68605856473215,911.0176164469246,412.57619673859125,42.5052443578869
2026-02-15 06:00:00+00:00,1594.967025,0.0,418.15855,681.765325,488.3802,61.806725,1266.7410776293123,5.867882716948622,338.1498463162307,863.1021754253075,414.4353535248734,42.094979832535884,1168.4076301812997,5.705311073660715,337.68605856473215,911.0176164469246,412.57619673859125,42.5052443578869,1168.4076301812997,5.705311073660715,337.68605856473215,911.0176164469246,412.57619673859125,42.5052443578869
2026-02-15 07:00:00+00:00,1403.233425,0.0,415.3236,954.17235,493.609175,62.462075,1276.8496492304894,5.867882716948622,338.17918088794806,871.482806847846,415.9232201634825,42.094979832535884,1168.4076301812997,5.705311073660715,337.68605856473215,911.0176164469246,412.57619673859125,42.5052443578869,1168.4076301812997,5.705311073660715,337.68605856473215,911.0176164469246,412.57619673859125,42.5052443578869
2026-02-15 08:00:00+00:00,1373.597875,0.0,415.27955000000003,1110.807025,486.8079,62.314125,1275.674440042015,5.867882716948622,338.13477208960984,879.8634382703844,416.7641267552751,42.094979832535884,1168.4076301812997,5.705311073660715,337.68605856473215,911.0176164469246,412.57619673859125,42.5052443578869,1168.4076301812997,5.705311073660715,337.68605856473215,911.0176164469246,412.57619673859125,42.5052443578869
2026-02-15 09:00:00+00:00,1209.6687,0.0,415.040575,686.873075,458.55335,62.82915,1259.4805709919215,5.867882716948622,338.0564892503189,888.2440696929228,416.8824803899872,42.094979832535884,1168.4076301812997,5.705311073660715,337.68605856473215,911.0176164469246,412.57619673859125,42.5052443578869,1168.4076301812997,5.705311073660715,337.68605856473215,911.0176164469246,412.57619673859125,42.5052443578869
2026-02-15 10:00:00+00:00,1152.094525,0.0,412.528725,762.5069749999999,434.83389999999997,63.651250000000005,1234.812520930131,5.867882716948622,337.992209987468,896.6247011154613,416.82634490283226,42.094979832535884,1168.4076301812997,5.705311073660715,337.68605856473215,911.0176164469246,412.57619673859125,42.5052443578869,1168.4076301812997,5.705311073660715,337.68605856473215,911.0176164469246,412.57619673859125,42.5052443578869
2026-02-15 11:00:00+00:00,920.0581500000001,0.0,385.68615,650.999875,418.55125,62.54945,1206.2119178198943,5.867882716948622,337.9012510459135,905.0053325379998,416.7630991241095,42.094979832535884,1168.4076301812997,5.705311073660715,337.68605856473215,911.0176164469246,412.57619673859125,42.5052443578869,1168.4076301812997,5.705311073660715,337.68605856473215,911.0176164469246,412.57619673859125,42.5052443578869
2026-02-15 12:00:00+00:00,886.2869,0.0,381.515,614.222075,418.14824999999996,61.851525,1176.0218569947624,5.867882716948622,337.9279307080766,913.3859639605382,417.2694278593736,42.094979832535884,1168.4076301812997,5.705311073660715,337.68605856473215,911.0176164469246,412.57619673859125,42.5052443578869,1168.4076301812997,5.705311073660715,337.68605856473215,911.0176164469246,412.57619673859125,42.5052443578869
2026-02-15 13:00:00+00:00,954.07525,0.0,381.3849,616.535025,429.0037,61.373275,1170.2589058078017,5.867882716948622,337.9035207743285,921.7665953830767,417.51885828264284,42.094979832535884,1168.4076301812997,5.705311073660715,337.68605856473215,911.0176164469246,412.57619673859125,42.5052443578869,1168.4076301812997,5.705311073660715,337.68605856473215,911.0176164469246,412.57619673859125,42.5052443578869
2026-02-15 14:00:00+00:00,965.985825,0.0,406.816025,629.5056500000001,452.330175,61.132324999999994,1201.1732115865098,5.867882716948622,337.8883181460477,930.1472268056151,418.78585749664984,42.094979832535884,1168.4076301812997,5.705311073660715,337.68605856473215,911.0176164469246,412.57619673859125,42.5052443578869,1168.4076301812997,5.705311073660715,337.68605856473215,911.0176164469246,412.57619673859125,42.5052443578869
2026-02-15 15:00:00+00:00,1077.354175,0.0,412.91405,663.581725,490.5097,60.733200000000004,1239.465200662463,5.867882716948622,337.9056621052187,938.5278582281536,420.8844459118124,42.094979832535884,1168.4076301812997,5.705311073660715,337.68605856473215,911.0176164469246,412.57619673859125,42.5052443578869,1168.4076301812997,5.705311073660715,337.68605856473215,911.0176164469246,412.57619673859125,42.5052443578869
2026-02-15 16:00:00+00:00,1189.125125,0.0,413.5895,678.6823999999999,507.0829,62.773775,1264.0768998160083,5.867882716948622,337.9223205664022,946.9084896506921,422.90481158184605,42.094979832535884,1168.4076301812997,5.705311073660715,337.68605856473215,911.0176164469246,412.57619673859125,42.5052443578869,1168.4076301812997,5.705311073660715,337.68605856473215,911.0176164469246,412.57619673859125,42.5052443578869
2026-02-15 17:00:00+00:00,1380.353875,0.0,410.216175,817.4391999999999,507.909975,62.7898,1285.4648713397598,5.867882716948622,338.0154208553874,955.2891210732305,425.07103371499005,42.094979832535884,1168.4076301812997,5.705311073660715,337.68605856473215,911.0176164469246,412.57619673859125,42.5052443578869,1168.4076301812997,5.705311073660715,337.68605856473215,911.0176164469246,412.57619673859125,42.5052443578869
2026-02-15 18:00:00+00:00,1248.06575,0.0,413.41769999999997,648.2013,497.13824999999997,62.792714583333336,1275.507435493484,5.867882716948622,338.00728420168355,963.669752495769,425.61548344183035,42.094979832535884,1168.4076301812997,5.705311073660715,337.68605856473215,911.0176164469246,412.57619673859125,42.5052443578869,1168.4076301812997,5.705311073660715,337.68605856473215,911.0176164469246,412.57619673859125,42.5052443578869
2026-02-15 19:00:00+00:00,1394.991575,0.0,409.09125,652.3421999999999,481.292875,62.795629166666664,1271.951225115423,5.867882716948622,338.01435019280103,972.0503839183075,426.29388952141534,42.094979832535884,1168.4076301812997,5.705311073660715,337.68605856473215,911.0176164469246,412.57619673859125,42.5052443578869,1168.4076301812997,5.705311073660715,337.68605856473215,911.0176164469246,412.57619673859125,42.5052443578869
2026-02-15 20:00:00+00:00,1567.5781000000002,0.0,381.2821,668.8171,464.41395,62.79854375,1273.798835403654,5.867882716948622,338.0670240188335,980.4310153408459,427.56515492823803,42.094979832535884,1168.4076301812997,5.705311073660715,337.68605856473215,911.0176164469246,412.57619673859125,42.5052443578869,1168.4076301812997,5.705311073660715,337.68605856473215,911.0176164469246,412.57619673859125,42.5052443578869
2026-02-15 21:00:00+00:00,1521.42445,0.0,381.21015,718.217325,449.594675,62.80145833333333,1270.8902706491551,5.867882716948622,338.1054375178925,988.8116467633844,428.26844921694067,42.094979832535884,1168.4076301812997,5.705311073660715,337.68605856473215,911.0176164469246,412.57619673859125,42.5052443578869,1168.4076301812997,5.705311073660715,337.68605856473215,911.0176164469246,412.57619673859125,42.5052443578869
2026-02-15 22:00:00+00:00,1488.905275,0.0,381.334375,656.125525,433.69695,62.804372916666665,1248.997660816043,5.867882716948622,338.1205117445134,997.1922781859228,428.73338797671653,42.094979832535884,1168.4076301812997,5.705311073660715,337.68605856473215,911.0176164469246,412.57619673859125,42.5052443578869,1168.4076301812997,5.705311073660715,337.68605856473215,911.0176164469246,412.57619673859125,42.5052443578869
2026-02-15 23:00:00+00:00,1331.7757000000001,0.0,381.4847,648.657575,423.30925,62.8072875,1232.6446231810826,5.867882716948622,338.10877791716405,1005.5729096084613,429.0328746739326,42.094979832535884,1168.4076301812997,5.705311073660715,337.68605856473215,911.0176164469246,412.57619673859125,42.5052443578869,1168.4076301812997,5.705311073660715,337.68605856473215,911.0176164469246,412.57619673859125,42.5052443578869
2026-02-16 00:00:00+00:00,984.713675,0.0,381.641775,615.4815,418.97885,62.81020208333333,1219.3415867596652,5.867882716948622,338.14851886272993,812.8183868900768,406.7505509770955,42.094979832535884,1168.4076301812997,5.705311073660715,337.68605856473215,911.0176164469246,412.57619673859125,42.5052443578869,1168.4076301812997,5.705311073660715,337.68605856473215,911.0176164469246,412.57619673859125,42.5052443578869
2026-02-16 01:00:00+00:00,973.78865,0.0,381.64695,599.8836249999999,415.1037,62.813116666666666,1203.2428264127664,5.867882716948622,338.1079640273693,821.1990183126152,406.6120267014557,42.094979832535884,1168.4076301812997,5.705311073660715,337.68605856473215,911.0176164469246,412.57619673859125,42.5052443578869,1168.4076301812997,5.705311073660715,337.68605856473215,911.0176164469246,412.57619673859125,42.5052443578869
2026-02-16 02:00:00+00:00,966.033775,0.0,381.632375,601.7509500000001,411.35474999999997,62.816031249999995,1193.0630747308774,5.867882716948622,338.0416718088949,829.5796497351537,407.0348350326884,42.094979832535884,1168.4076301812997,5.705311073660715,337.68605856473215,911.0176164469246,412.57619673859125,42.5052443578869,1168.4076301812997,5.705311073660715,337.68605856473215,911.0176164469246,412.57619673859125,42.5052443578869
2026-02-16 03:00:00+00:00,986.8661,0.0,383.182,604.8299999999999,416.8137,62.81894583333333,1196.742975525363,5.867882716948622,337.98831247374585,837.9602811576922,408.3747355619455,42.094979832535884,1168.4076301812997,5.705311073660715,337.68605856473215,911.0176164469246,412.57619673859125,42.5052443578869,1168.4076301812997,5.705311073660715,337.68605856473215,911.0176164469246,412.57619673859125,42.5052443578869
2026-02-16 04:00:00+00:00,1204.6787,0.0,409.109675,610.611225,425.765225,62.82186041666666,1216.478864854742,5.867882716948622,337.9437752902882,846.3409125802306,409.99274942031974,42.094979832535884,1168.4076301812997,5.705311073660715,337.68605856473215,911.0176164469246,412.57619673859125,42.5052443578869,1168.4076301812997,5.705311073660715,337.68605856473215,911.0176164469246,412.57619673859125,42.5052443578869
2026-02-16 05:00:00+00:00,1453.516925,0.0,411.05995,747.746425,448.3769,62.824774999999995,1267.9610266960003,5.867882716948622,337.9585927317122,854.7215440027691,412.34166326597904,42.094979832535884,1168.4076301812997,5.705311073660715,337.68605856473215,911.0176164469246,412.57619673859125,42.5052443578869,1168.4076301812997,5.705311073660715,337.68605856473215,911.0176164469246,412.57619673859125,42.5052443578869
2026-02-16 06:00:00+00:00,1527.862075,74.312725,411.313275,979.87005,470.307925,61.78895,1299.1604038179328,5.867882716948622,337.8796244084216,863.1021754253075,413.8806163075868,42.094979832535884,1168.4076301812997,5.705311073660715,337.68605856473215,911.0176164469246,412.57619673859125,42.5052443578869,1168.4076301812997,5.705311073660715,337.68605856473215,911.0176164469246,412.57619673859125,42.5052443578869
2026-02-16 07:00:00+00:00,1506.753025,171.54014999999998,410.672975,870.84025,488.254825,63.306125,1314.013379233625,5.867882716948622,337.90030875859395,871.482806847846,415.0227247185543,42.094979832535884,1168.4076301812997,5.705311073660715,337.68605856473215,911.0176164469246,412.57619673859125,42.5052443578869,1168.4076301812997,5.705311073660715,337.68605856473215,911.0176164469246,412.57619673859125,42.5052443578869
2026-02-16 08:00:00+00:00,1509.2306250000001,168.481,412.42985,765.245975,471.7216,63.484975,1292.9904409335102,5.867882716948622,337.78442631034494,879.8634382703844,414.4611622759717,42.094979832535884,1168.4076301812997,5.705311073660715,337.68605856473215,911.0176164469246,412.57619673859125,42.5052443578869,1168.4076301812997,5.705311073660715,337.68605856473215,911.0176164469246,412.57619673859125,42.5052443578869
2026-02-16 09:00:00+00:00,1492.9209,4.689825,412.172725,781.6494749999999,442.95117500000003,63.442542857142854,1267.781734692633,5.867882716948622,337.6395944658003,888.2440696929228,413.939548661505,42.094979832535884,1168.4076301812997,5.705311073660715,337.68605856473215,911.0176164469246,412.57619673859125,42.5052443578869,1168.4076301812997,5.705311073660715,337.68605856473215,911.0176164469246,412.57619673859125,42.5052443578869
2026-02-16 10:00:00+00:00,1418.08525,0.0,411.40045,973.51555,427.5582,63.40011071428572,1252.4665062965003,5.867882716948622,337.5462374040236,896.6247011154613,413.79518008098324,42.094979832535884,1168.4076301812997,5.705311073660715,337.68605856473215,911.0176164469246,412.57619673859125,42.5052443578869,1168.4076301812997,5.705311073660715,337.68605856473215,911.0176164469246,412.57619673859125,42.5052443578869
2026-02-16 11:00:00+00:00,1518.406025,0.0,411.930725,1014.1842499999999,422.3009,63.35767857142857,1238.3765394268007,5.867882716948622,337.59090302380463,905.0053325379998,414.3116380108544,42.094979832535884,1168.4076301812997,5.705311073660715,337.68605856473215,911.0176164469246,412.57619673859125,42.5052443578869,1168.4076301812997,5.705311073660715,337.68605856473215,911.0176164469246,412.57619673859125,42.5052443578869
2026-02-16 12:00:00+00:00,1608.08855,0.0,410.908,895.0967249999999,418.106275,63.31524642857143,1248.373997726314,5.867882716948622,337.688671128346,913.3859639605382,416.2175729362308,42.094979832535884,1168.4076301812997,5.705311073660715,337.68605856473215,911.0176164469246,412.57619673859125,42.5052443578869,1168.4076301812997,5.705311073660715,337.68605856473215,911.0176164469246,412.57619673859125,42.5052443578869
2026-02-16 13:00:00+00:00,1598.73035,0.0,412.36835,918.7159,426.8547,63.27281428571428,1269.3805188015567,5.867882716948622,337.65920817564444,921.7665953830767,417.7843675150929,42.094979832535884,1168.4076301812997,5.705311073660715,337.68605856473215,911.0176164469246,412.57619673859125,42.5052443578869,1168.4076301812997,5.705311073660715,337.68605856473215,911.0176164469246,412.57619673859125,42.5052443578869
2026-02-16 14:00:00+00:00,1601.975175,0.0,412.52535,1119.128725,450.4001,63.230382142857145,1295.1221067078936,5.867882716948622,337.6454614025243,930.1472268056151,420.40726469182994,42.094979832535884,1168.4076301812997,5.705311073660715,337.68605856473215,911.0176164469246,412.57619673859125,42.5052443578869,1168.4076301812997,5.705311073660715,337.68605856473215,911.0176164469246,412.57619673859125,42.5052443578869
2026-02-16 15:00:00+00:00,1599.0143,0.0,408.10405000000003,1163.174875,480.043775,63.18795,1324.1043598590502,5.867882716948622,337.75175134762634,938.5278582281536,422.5645970681653,42.094979832535884,1168.4076301812997,5.705311073660715,337.68605856473215,911.0176164469246,412.57619673859125,42.5052443578869,1168.4076301812997,5.705311073660715,337.68605856473215,911.0176164469246,412.57619673859125,42.5052443578869
2026-02-16 16:00:00+00:00,1709.852625,0.0,342.779025,1340.8798749999999,501.709975,62.191725,1339.6165076891793,5.867882716948622,337.7714934270196,946.9084896506921,423.82487571533795,42.094979832535884,1168.4076301812997,5.705311073660715,337.68605856473215,911.0176164469246,412.57619673859125,42.5052443578869,1168.4076301812997,5.705311073660715,337.68605856473215,911.0176164469246,412.57619673859125,42.5052443578869
2026-02-16 17:00:00+00:00,1796.587575,0.0,343.82355,1314.2180999999998,507.311725,62.518564999999995,1347.4965295309942,5.867882716948622,337.79496110652906,955.2891210732305,424.78451354308146,42.094979832535884,1168.4076301812997,5.705311073660715,337.68605856473215,911.0176164469246,412.57619673859125,42.5052443578869,1168.4076301812997,5.705311073660715,337.68605856473215,911.0176164469246,412.57619673859125,42.5052443578869
2026-02-16 18:00:00+00:00,1797.610475,0.0,368.48605,1281.3732,498.68442500000003,62.845405,1346.2479652377308,5.867882716948622,337.9104583513807,963.669752495769,426.1982987680826,42.094979832535884,1168.4076301812997,5.705311073660715,337.68605856473215,911.0176164469246,412.57619673859125,42.5052443578869,1168.4076301812997,5.705311073660715,337.68605856473215,911.0176164469246,412.57619673859125,42.5052443578869
2026-02-16 19:00:00+00:00,1797.651525,0.0,406.32315,1240.66185,483.108425,63.172245,1327.3849700924757,5.867882716948622,337.9640744758618,972.0503839183075,427.04739855943757,42.094979832535884,1168.4076301812997,5.705311073660715,337.68605856473215,911.0176164469246,412.57619673859125,42.5052443578869,1168.4076301812997,5.705311073660715,337.68605856473215,911.0176164469246,412.57619673859125,42.5052443578869
2026-02-16 20:00:00+00:00,1794.99145,0.0,414.279475,1321.08625,464.2552,63.499085,1297.5305297253929,5.867882716948622,337.91165741149183,980.4310153408459,427.22067304614274,42.094979832535884,1168.4076301812997,5.705311073660715,337.68605856473215,911.0176164469246,412.57619673859125,42.5052443578869,1168.4076301812997,5.705311073660715,337.68605856473215,911.0176164469246,412.57619673859125,42.5052443578869
2026-02-16 21:00:00+00:00,1837.534075,0.0,414.31585,1197.39785,447.02092500000003,63.825925,1270.9585820439042,5.867882716948622,337.9663442042768,988.8116467633844,428.0638397871952,42.094979832535884,1168.4076301812997,5.705311073660715,337.68605856473215,911.0176164469246,412.57619673859125,42.5052443578869,1168.4076301812997,5.705311073660715,337.68605856473215,911.0176164469246,412.57619673859125,42.5052443578869
2026-02-16 22:00:00+00:00,1680.70845,0.0,414.36587499999996,886.8154750000001,429.840975,58.185925,1243.5428737915588,5.867882716948622,338.00368701563264,997.1922781859228,428.47535788921675,42.094979832535884,1168.4076301812997,5.705311073660715,337.68605856473215,911.0176164469246,412.57619673859125,42.5052443578869,1168.4076301812997,5.705311073660715,337.68605856473215,911.0176164469246,412.57619673859125,42.5052443578869
2026-02-16 23:00:00+00:00,1591.58315,0.0,414.32305,747.520025,416.25245,57.969725,1219.6580795608852,5.867882716948622,337.9906257405001,1005.5729096084613,428.5145596963337,42.094979832535884,1168.4076301812997,5.705311073660715,337.68605856473215,911.0176164469246,412.57619673859125,42.5052443578869,1168.4076301812997,5.705311073660715,337.68605856473215,911.0176164469246,412.57619673859125,42.5052443578869
2026-02-17 00:00:00+00:00,1589.80085,0.0,414.38535,688.3808,410.96175,58.319725,1202.536273844825,5.867882716948622,338.0209025912667,812.8183868900768,406.145445544463,42.094979832535884,1168.4076301812997,5.705311073660715,337.68605856473215,911.0176164469246,412.57619673859125,42.5052443578869,1168.4076301812997,5.705311073660715,337.68605856473215,911.0176164469246,412.57619673859125,42.5052443578869
2026-02-17 01:00:00+00:00,1611.7677,0.0,414.332175,655.031025,410.21665,56.857974999999996,1194.1361063990807,5.867882716948622,337.9023217142174,821.1990183126152,406.31060158303274,42.094979832535884,1168.4076301812997,5.705311073660715,337.68605856473215,911.0176164469246,412.57619673859125,42.5052443578869,1168.4076301812997,5.705311073660715,337.68605856473215,911.0176164469246,412.57619673859125,42.5052443578869
2026-02-17 02:00:00+00:00,1611.096425,0.0,414.4393,655.2359000000001,410.27774999999997,57.455125,1201.0343017970852,5.867882716948622,337.97221111302514,829.5796497351537,407.63914084576726,42.094979832535884,1168.4076301812997,5.705311073660715,337.68605856473215,911.0176164469246,412.57619673859125,42.5052443578869,1168.4076301812997,5.705311073660715,337.68605856473215,911.0176164469246,412.57619673859125,42.5052443578869
2026-02-17 03:00:00+00:00,1624.943925,0.0,414.28515,657.21765,414.7084,59.72175,1219.7611617158966,5.867882716948622,337.9955503784693,837.9602811576922,409.2690162034456,42.094979832535884,1168.4076301812997,5.705311073660715,337.68605856473215,911.0176164469246,412.57619673859125,42.5052443578869,1168.4076301812997,5.705311073660715,337.68605856473215,911.0176164469246,412.57619673859125,42.5052443578869
2026-02-17 04:00:00+00:00,1601.2379,0.0,414.37005,699.08835,429.44715,56.994749999999996,1247.296315110318,5.867882716948622,337.97101205291403,846.3409125802306,411.1015679536331,42.094979832535884,1168.4076301812997,5.705311073660715,337.68605856473215,911.0176164469246,412.57619673859125,42.5052443578869,1168.4076301812997,5.705311073660715,337.68605856473215,911.0176164469246,412.57619673859125,42.5052443578869
2026-02-17 05:00:00+00:00,1684.1785,0.0,413.971425,1006.4574250000001,456.7002,57.073225,1308.276613824123,5.867882716948622,337.9887411824014,854.7215440027691,413.74838653411433,42.094979832535884,1168.4076301812997,5.705311073660715,337.68605856473215,911.0176164469246,412.57619673859125,42.5052443578869,1168.4076301812997,5.705311073660715,337.68605856473215,911.0176164469246,412.57619673859125,42.5052443578869
2026-02-17 06:00:00+00:00,1762.8554,0.0,413.7965,1146.8054,489.38515,57.0627,1349.2540159570106,5.867882716948622,338.03876012083157,863.1021754253075,416.15341220775207,42.094979832535884,1168.4076301812997,5.705311073660715,337.68605856473215,911.0176164469246,412.57619673859125,42.5052443578869,1168.4076301812997,5.705311073660715,337.68605856473215,911.0176164469246,412.57619673859125,42.5052443578869
2026-02-17 07:00:00+00:00,1766.6980250000001,0.0,413.6041,1587.2434,494.038025,60.674625,1351.5876627001321,5.867882716948622,337.9918248006112,871.482806847846,417.0026998036349,42.094979832535884,1168.4076301812997,5.705311073660715,337.68605856473215,911.0176164469246,412.57619673859125,42.5052443578869,1168.4076301812997,5.705311073660715,337.68605856473215,911.0176164469246,412.57619673859125,42.5052443578869
2026-02-17 08:00:00+00:00,1764.982175,0.0,413.83015,1584.826475,484.22952499999997,60.982675,1331.1627764375942,5.867882716948622,337.92300606438977,879.8634382703844,416.89220945685315,42.094979832535884,1168.4076301812997,5.705311073660715,337.68605856473215,911.0176164469246,412.57619673859125,42.5052443578869,1168.4076301812997,5.705311073660715,337.68605856473215,911.0176164469246,412.57619673859125,42.5052443578869
2026-02-17 09:00:00+00:00,1767.79765,0.0,412.318425,1240.87955,456.4289,63.200874999999996,1310.653501204576,5.867882716948622,337.81376088206224,888.2440696929228,416.7001666042444,42.094979832535884,1168.4076301812997,5.705311073660715,337.68605856473215,911.0176164469246,412.57619673859125,42.5052443578869,1168.4076301812997,5.705311073660715,337.68605856473215,911.0176164469246,412.57619673859125,42.5052443578869
2026-02-17 10:00:00+00:00,1758.404225,0.0,383.18467499999997,1180.8184999999999,430.031975,60.1061,1275.395432121966,5.867882716948622,337.8096501504283,896.6247011154613,416.0940841638066,42.094979832535884,1168.4076301812997,5.705311073660715,337.68605856473215,911.0176164469246,412.57619673859125,42.5052443578869,1168.4076301812997,5.705311073660715,337.68605856473215,911.0176164469246,412.57619673859125,42.5052443578869
2026-02-17 11:00:00+00:00,1764.743925,0.0,381.010025,1128.033025,414.0435,58.582975,1232.8810357433522,5.867882716948622,337.6965510092583,905.0053325379998,415.0791520213175,42.094979832535884,1168.4076301812997,5.705311073660715,337.68605856473215,911.0176164469246,412.57619673859125,42.5052443578869,1168.4076301812997,5.705311073660715,337.68605856473215,911.0176164469246,412.57619673859125,42.5052443578869
2026-02-17 12:00:00+00:00,1969.688375,0.0,381.1213,737.2096999999999,405.56442499999997,57.152125,1221.30696360811,5.867882716948622,337.55330339514114,913.3859639605382,415.7754870839751,42.094979832535884,1168.4076301812997,5.705311073660715,337.68605856473215,911.0176164469246,412.57619673859125,42.5052443578869,1168.4076301812997,5.705311073660715,337.68605856473215,911.0176164469246,412.57619673859125,42.5052443578869
2026-02-17 13:00:00+00:00,2110.7857750000003,0.0,400.7948,697.421025,407.5559,62.035025,1232.483301913236,5.867882716948622,337.5055541794084,921.7665953830767,417.4937511818729,42.094979832535884,1168.4076301812997,5.705311073660715,337.68605856473215,911.0176164469246,412.57619673859125,42.5052443578869,1168.4076301812997,5.705311073660715,337.68605856473215,911.0176164469246,412.57619673859125,42.5052443578869
2026-02-17 14:00:00+00:00,2216.08215,0.0,411.55465000000004,704.777825,430.1872,63.07055,1239.467559306294,5.867882716948622,337.55570151536335,930.1472268056151,418.7004081309231,42.094979832535884,1168.4076301812997,5.705311073660715,337.68605856473215,911.0176164469246,412.57619673859125,42.5052443578869,1168.4076301812997,5.705311073660715,337.68605856473215,911.0176164469246,412.57619673859125,42.5052443578869
2026-02-17 15:00:00+00:00,2323.671575,0.0,434.563125,1127.627025,466.568375,63.445625,1271.0562623750473,5.867882716948622,337.6495721672392,938.5278582281536,421.20480207218674,42.094979832535884,1168.4076301812997,5.705311073660715,337.68605856473215,911.0176164469246,412.57619673859125,42.5052443578869,1168.4076301812997,5.705311073660715,337.68605856473215,911.0176164469246,412.57619673859125,42.5052443578869
2026-02-17 16:00:00+00:00,2511.474725,0.0,443.34317500000003,1833.184475,496.25015,61.9142,1311.7688948543841,5.867882716948622,337.88061021753987,946.9084896506921,424.4195159495273,42.094979832535884,1168.4076301812997,5.705311073660715,337.68605856473215,911.0176164469246,412.57619673859125,42.5052443578869,1168.4076301812997,5.705311073660715,337.68605856473215,911.0176164469246,412.57619673859125,42.5052443578869
2026-02-17 17:00:00+00:00,2635.108575,0.0,443.35472500000003,1484.757,501.50687500000004,62.220543750000004,1336.409342852528,5.867882716948622,337.9007374615319,955.2891210732305,426.17735715523946,42.094979832535884,1168.4076301812997,5.705311073660715,337.68605856473215,911.0176164469246,412.57619673859125,42.5052443578869,1168.4076301812997,5.705311073660715,337.68605856473215,911.0176164469246,412.57619673859125,42.5052443578869
2026-02-17 18:00:00+00:00,2661.31225,0.0,430.64595,1240.2899499999999,495.67449999999997,62.5268875,1335.9919253311689,5.867882716948622,337.927673913027,963.669752495769,427.08902319613907,42.094979832535884,1168.4076301812997,5.705311073660715,337.68605856473215,911.0176164469246,412.57619673859125,42.5052443578869,1168.4076301812997,5.705311073660715,337.68605856473215,911.0176164469246,412.57619673859125,42.5052443578869
2026-02-17 19:00:00+00:00,2675.406775,0.0,413.973025,1129.5760500000001,479.45795,62.83323125,1315.6947999631152,5.867882716948622,338.02330071148896,972.0503839183075,427.84458728071513,42.094979832535884,1168.4076301812997,5.705311073660715,337.68605856473215,911.0176164469246,412.57619673859125,42.5052443578869,1168.4076301812997,5.705311073660715,337.68605856473215,911.0176164469246,412.57619673859125,42.5052443578869
2026-02-17 20:00:00+00:00,2510.787525,0.0,413.999575,817.5970500000001,461.412275,63.139575,1308.8951982620074,5.867882716948622,338.05250689966925,980.4310153408459,428.72823581287804,42.094979832535884,1168.4076301812997,5.705311073660715,337.68605856473215,911.0176164469246,412.57619673859125,42.5052443578869,1168.4076301812997,5.705311073660715,337.68605856473215,911.0176164469246,412.57619673859125,42.5052443578869
2026-02-17 21:00:00+00:00,1994.517875,0.0,414.11295,912.5448500000001,444.442225,62.56445,1285.5235247408086,5.867882716948622,338.0875799826101,988.8116467633844,429.3184432897738,42.094979832535884,1168.4076301812997,5.705311073660715,337.68605856473215,911.0176164469246,412.57619673859125,42.5052443578869,1168.4076301812997,5.705311073660715,337.68605856473215,911.0176164469246,412.57619673859125,42.5052443578869
2026-02-17 22:00:00+00:00,2006.972725,0.0,414.296975,704.2946499999999,430.64925,61.989325,1265.8719013134441,5.867882716948622,338.1027826108909,997.1922781859228,429.9346690155723,42.094979832535884,1168.4076301812997,5.705311073660715,337.68605856473215,911.0176164469246,412.57619673859125,42.5052443578869,1168.4076301812997,5.705311073660715,337.68605856473215,911.0176164469246,412.57619673859125,42.5052443578869
2026-02-17 23:00:00+00:00,2061.31335,0.0,412.6535,680.53185,422.5442,61.4142,1255.8449365067959,5.867882716948622,338.1668050968152,1005.5729096084613,430.7763435097775,42.094979832535884,1168.4076301812997,5.705311073660715,337.68605856473215,911.0176164469246,412.57619673859125,42.5052443578869,1168.4076301812997,5.705311073660715,337.68605856473215,911.0176164469246,412.57619673859125,42.5052443578869
2026-02-18 00:00:00+00:00,1925.6923,0.0,413.40115000000003,726.78565,415.04595,60.839075,1249.648040243539,5.867882716948622,338.0966589128106,812.8183868900768,408.241499485285,42.094979832535884,1168.4076301812997,5.705311073660715,337.68605856473215,911.0176164469246,412.57619673859125,42.5052443578869,1168.4076301812997,5.705311073660715,337.68605856473215,911.0176164469246,412.57619673859125,42.5052443578869
2026-02-18 01:00:00+00:00,1768.86335,0.0,413.370775,730.5464999999999,409.01465,59.52005,1252.9451520002378,5.867882716948622,338.09331850782144,821.1990183126152,409.1268102002762,42.094979832535884,1168.4076301812997,5.705311073660715,337.68605856473215,911.0176164469246,412.57619673859125,42.5052443578869,1168.4076301812997,5.705311073660715,337.68605856473215,911.0176164469246,412.57619673859125,42.5052443578869
2026-02-18 02:00:00+00:00,1679.4125749999998,0.0,413.77437499999996,768.2326,405.29995,58.53375,1265.917376512551,5.867882716948622,338.16654831471965,829.5796497351537,410.57279168421803,42.094979832535884,1168.4076301812997,5.705311073660715,337.68605856473215,911.0176164469246,412.57619673859125,42.5052443578869,1168.4076301812997,5.705311073660715,337.68605856473215,911.0176164469246,412.57619673859125,42.5052443578869
2026-02-18 03:00:00+00:00,1926.0125,0.0,414.2685,702.0013749999999,407.518375,56.598425,1293.9085535118447,5.867882716948622,338.2283010732627,837.9602811576922,412.6034814029053,42.094979832535884,1168.4076301812997,5.705311073660715,337.68605856473215,911.0176164469246,412.57619673859125,42.5052443578869,1168.4076301812997,5.705311073660715,337.68605856473215,911.0176164469246,412.57619673859125,42.5052443578869
2026-02-18 04:00:00+00:00,2327.9969,0.0,414.95185,789.0838249999999,419.87192500000003,58.599525,1335.0298754247988,5.867882716948622,338.29018222416164,846.3409125802306,414.7779049225895,42.094979832535884,1168.4076301812997,5.705311073660715,337.68605856473215,911.0176164469246,412.57619673859125,42.5052443578869,1168.4076301812997,5.705311073660715,337.68605856473215,911.0176164469246,412.57619673859125,42.5052443578869
2026-02-18 05:00:00+00:00,2657.4611999999997,0.0,414.78605,1151.780975,448.41740000000004,56.557775,1397.8704296205115,5.867882716948622,338.3008453884143,854.7215440027691,417.4059981758712,42.094979832535884,1168.4076301812997,5.705311073660715,337.68605856473215,911.0176164469246,412.57619673859125,42.5052443578869,1168.4076301812997,5.705311073660715,337.68605856473215,911.0176164469246,412.57619673859125,42.5052443578869
2026-02-18 06:00:00+00:00,2652.4242750000003,0.0,414.71342500000003,1624.14545,472.9232,59.2802,1443.7335889662281,5.867882716948622,338.26350256072226,863.1021754253075,419.2075115979717,42.094979832535884,1168.4076301812997,5.705311073660715,337.68605856473215,911.0176164469246,412.57619673859125,42.5052443578869,1168.4076301812997,5.705311073660715,337.68605856473215,911.0176164469246,412.57619673859125,42.5052443578869
2026-02-18 07:00:00+00:00,2650.667925,0.0,414.583175,1474.4344,479.76189999999997,58.1208,1446.6455008219948,5.867882716948622,338.29497846889427,871.482806847846,420.0374130901707,42.094979832535884,1168.4076301812997,5.705311073660715,337.68605856473215,911.0176164469246,412.57619673859125,42.5052443578869,1168.4076301812997,5.705311073660715,337.68605856473215,911.0176164469246,412.57619673859125,42.5052443578869
2026-02-18 08:00:00+00:00,2671.572925,0.0,414.30795,1531.160875,464.112625,60.324375,1427.5897913865854,5.867882716948622,338.1742562491876,879.8634382703844,420.04509240573054,42.094979832535884,1168.4076301812997,5.705311073660715,337.68605856473215,911.0176164469246,412.57619673859125,42.5052443578869,1168.4076301812997,5.705311073660715,337.68605856473215,911.0176164469246,412.57619673859125,42.5052443578869
2026-02-18 09:00:00+00:00,2675.7144749999998,0.0,413.77907500000003,1256.569725,434.39475,61.65795000000001,1397.2589294023026,5.867882716948622,338.0494232757419,888.2440696929228,419.9606634435676,42.094979832535884,1168.4076301812997,5.705311073660715,337.68605856473215,911.0176164469246,412.57619673859125,42.5052443578869,1168.4076301812997,5.705311073660715,337.68605856473215,911.0176164469246,412.57619673859125,42.5052443578869
2026-02-18 10:00:00+00:00,2415.753675,0.0,410.397275,870.491175,414.2023,61.0756,1353.8896573903953,5.867882716948622,337.9093876830769,896.6247011154613,418.9476587091241,42.094979832535884,1168.4076301812997,5.705311073660715,337.68605856473215,911.0176164469246,412.57619673859125,42.5052443578869,1168.4076301812997,5.705311073660715,337.68605856473215,911.0176164469246,412.57619673859125,42.5052443578869
2026-02-18 11:00:00+00:00,1824.27025,0.0,409.355,744.43915,402.754775,62.7314,1310.1345132394001,5.867882716948622,337.8160306213002,905.0053325379998,417.7061434503683,42.094979832535884,1168.4076301812997,5.705311073660715,337.68605856473215,911.0176164469246,412.57619673859125,42.5052443578869,1168.4076301812997,5.705311073660715,337.68605856473215,911.0176164469246,412.57619673859125,42.5052443578869
2026-02-18 12:00:00+00:00,1787.621075,0.0,416.332425,660.9111749999998,393.899675,62.85056388888889,1302.4065053738407,5.867882716948622,337.7554769363074,913.3859639605382,419.06148930097197,42.094979832535884,1168.4076301812997,5.705311073660715,337.68605856473215,911.0176164469246,412.57619673859125,42.5052443578869,1168.4076301812997,5.705311073660715,337.68605856473215,911.0176164469246,412.57619673859125,42.5052443578869
2026-02-18 13:00:00+00:00,1798.81145,0.0,417.1675,637.3066249999999,392.78135,62.96972777777778,1321.3246645539994,5.867882716948622,337.7098690571824,921.7665953830767,420.86992459874114,42.094979832535884,1168.4076301812997,5.705311073660715,337.68605856473215,911.0176164469246,412.57619673859125,42.5052443578869,1168.4076301812997,5.705311073660715,337.68605856473215,911.0176164469246,412.57619673859125,42.5052443578869
2026-02-18 14:00:00+00:00,2077.1916499999998,0.0,429.712175,642.5779000000001,413.409175,63.08889166666667,1341.0479995963028,5.867882716948622,337.67466759325725,930.1472268056151,422.4900433694648,42.094979832535884,1168.4076301812997,5.705311073660715,337.68605856473215,911.0176164469246,412.57619673859125,42.5052443578869,1168.4076301812997,5.705311073660715,337.68605856473215,911.0176164469246,412.57619673859125,42.5052443578869
2026-02-18 15:00:00+00:00,2515.6725,0.0,426.884425,1629.57575,454.89369999999997,63.20805555555555,1362.4332565367401,5.867882716948622,337.70147563068707,938.5278582281536,424.1268155251971,42.094979832535884,1168.4076301812997,5.705311073660715,337.68605856473215,911.0176164469246,412.57619673859125,42.5052443578869,1168.4076301812997,5.705311073660715,337.68605856473215,911.0176164469246,412.57619673859125,42.5052443578869
2026-02-18 16:00:00+00:00,2660.010925,0.0,413.58625,2169.9763749999997,493.401425,63.327219444444445,1376.038825590787,5.867882716948622,337.7669539701896,946.9084896506921,425.8229419768998,42.094979832535884,1168.4076301812997,5.705311073660715,337.68605856473215,911.0176164469246,412.57619673859125,42.5052443578869,1168.4076301812997,5.705311073660715,337.68605856473215,911.0176164469246,412.57619673859125,42.5052443578869
2026-02-18 17:00:00+00:00,2676.722425,0.0,413.4837,2040.2075,499.6745,63.44638333333333,1374.5283012602818,5.867882716948622,337.81830037197324,955.2891210732305,427.11396926828917,42.094979832535884,1168.4076301812997,5.705311073660715,337.68605856473215,911.0176164469246,412.57619673859125,42.5052443578869,1168.4076301812997,5.705311073660715,337.68605856473215,911.0176164469246,412.57619673859125,42.5052443578869
2026-02-18 18:00:00+00:00,2546.435,0.0,413.655325,1469.43735,498.08797500000003,63.56554722222222,1351.5674795674538,5.867882716948622,337.84750652962526,963.669752495769,427.758293721107,42.094979832535884,1168.4076301812997,5.705311073660715,337.68605856473215,911.0176164469246,412.57619673859125,42.5052443578869,1168.4076301812997,5.705311073660715,337.68605856473215,911.0176164469246,412.57619673859125,42.5052443578869
2026-02-18 19:00:00+00:00,1991.044325,0.0,413.67445,759.2400250000001,482.259225,63.684711111111106,1314.8888927293867,5.867882716948622,337.821897546589,972.0503839183075,427.60911336769124,42.094979832535884,1168.4076301812997,5.705311073660715,337.68605856473215,911.0176164469246,412.57619673859125,42.5052443578869,1168.4076301812997,5.705311073660715,337.68605856473215,911.0176164469246,412.57619673859125,42.5052443578869
2026-02-18 20:00:00+00:00,1735.689875,0.0,413.8791,789.190475,461.5564,63.803875,1281.6597887250007,5.867882716948622,337.8217691439588,980.4310153408459,427.764805219813,42.094979832535884,1168.4076301812997,5.705311073660715,337.68605856473215,911.0176164469246,412.57619673859125,42.5052443578869,1168.4076301812997,5.705311073660715,337.68605856473215,911.0176164469246,412.57619673859125,42.5052443578869
2026-02-18 21:00:00+00:00,1633.3177,0.0,414.0732,804.436725,445.67615,60.04265,1263.235095413948,5.867882716948622,337.874314600136,988.8116467633844,428.2317024516699,42.094979832535884,1168.4076301812997,5.705311073660715,337.68605856473215,911.0176164469246,412.57619673859125,42.5052443578869,1168.4076301812997,5.705311073660715,337.68605856473215,911.0176164469246,412.57619673859125,42.5052443578869
2026-02-18 22:00:00+00:00,1429.904375,0.0,414.07825,661.644525,429.86355000000003,60.696975,1235.4269189181898,5.867882716948622,337.9303288282988,997.1922781859228,428.74823754729005,42.094979832535884,1168.4076301812997,5.705311073660715,337.68605856473215,911.0176164469246,412.57619673859125,42.5052443578869,1168.4076301812997,5.705311073660715,337.68605856473215,911.0176164469246,412.57619673859125,42.5052443578869
2026-02-18 23:00:00+00:00,1470.638375,0.0,414.09792500000003,708.0329750000001,419.25275,62.13915,1214.6972404309686,5.867882716948622,338.03100865398454,1005.5729096084613,429.6286910397851,42.094979832535884,1168.4076301812997,5.705311073660715,337.68605856473215,911.0176164469246,412.57619673859125,42.5052443578869,1168.4076301812997,5.705311073660715,337.68605856473215,911.0176164469246,412.57619673859125,42.5052443578869
2026-02-19 00:00:00+00:00,1704.185,0.0,414.21965,694.68565,413.381575,61.075625,1203.7361116934712,5.867882716948622,338.0610287154192,812.8183868900768,407.46406219445106,42.094979832535884,1168.4076301812997,5.705311073660715,337.68605856473215,911.0176164469246,412.57619673859125,42.5052443578869,1168.4076301812997,5.705311073660715,337.68605856473215,911.0176164469246,412.57619673859125,42.5052443578869
2026-02-19 01:00:00+00:00,1875.570075,0.0,414.291075,670.0036499999999,407.276575,58.313825,1204.2198315154799,5.867882716948622,338.0364903841463,821.1990183126152,408.0927390632614,42.094979832535884,1168.4076301812997,5.705311073660715,337.68605856473215,911.0176164469246,412.57619673859125,42.5052443578869,1168.4076301812997,5.705311073660715,337.68605856473215,911.0176164469246,412.57619673859125,42.5052443578869
2026-02-19 02:00:00+00:00,1894.697425,0.0,413.698775,653.0335,410.06725,57.247875,1205.7898860043656,5.867882716948622,338.0352913240352,829.5796497351537,408.999384915181,42.094979832535884,1168.4076301812997,5.705311073660715,337.68605856473215,911.0176164469246,412.57619673859125,42.5052443578869,1168.4076301812997,5.705311073660715,337.68605856473215,911.0176164469246,412.57619673859125,42.5052443578869
2026-02-19 03:00:00+00:00,1774.3056,0.0,411.431275,652.581925,416.474925,58.7498,1224.0431743470424,5.867882716948622,338.06209938627575,837.9602811576922,410.34859723180546,42.094979832535884,1168.4076301812997,5.705311073660715,337.68605856473215,911.0176164469246,412.57619673859125,42.5052443578869,1168.4076301812997,5.705311073660715,337.68605856473215,911.0176164469246,412.57619673859125,42.5052443578869
2026-02-19 04:00:00+00:00,1497.668175,0.0,414.187,703.904875,427.81305000000003,58.924225,1258.2861225955944,5.867882716948622,338.0352913240352,846.3409125802306,412.0950463481428,42.094979832535884,1168.4076301812997,5.705311073660715,337.68605856473215,911.0176164469246,412.57619673859125,42.5052443578869,1168.4076301812997,5.705311073660715,337.68605856473215,911.0176164469246,412.57619673859125,42.5052443578869
2026-02-19 05:00:00+00:00,1421.138275,0.0,412.51225,824.0259249999999,457.172225,56.171575,1314.4952029500898,5.867882716948622,338.03396387466955,854.7215440027691,414.7430152738872,42.094979832535884,1168.4076301812997,5.705311073660715,337.68605856473215,911.0176164469246,412.57619673859125,42.5052443578869,1168.4076301812997,5.705311073660715,337.68605856473215,911.0176164469246,412.57619673859125,42.5052443578869
2026-02-19 06:00:00+00:00,1538.646825,0.0,409.30715,712.386175,485.63925,56.956064999999995,1374.6918526952522,5.867882716948622,338.06783790321686,863.1021754253075,417.18243479635214,42.094979832535884,1168.4076301812997,5.705311073660715,337.68605856473215,911.0176164469246,412.57619673859125,42.5052443578869,1168.4076301812997,5.705311073660715,337.68605856473215,911.0176164469246,412.57619673859125,42.5052443578869
2026-02-19 07:00:00+00:00,1586.934375,0.0,412.76075000000003,906.0375750000002,492.191725,57.740555,1392.6133289500438,5.867882716948622,338.0340922639241,871.482806847846,418.5993313994488,42.094979832535884,1168.4076301812997,5.705311073660715,337.68605856473215,911.0176164469246,412.57619673859125,42.5052443578869,1168.4076301812997,5.705311073660715,337.68605856473215,911.0176164469246,412.57619673859125,42.5052443578869
2026-02-19 08:00:00+00:00,1722.3541,0.0,413.4095,1008.4771249999999,484.1361,58.525045,1386.03121080205,5.867882716948622,337.9838165552551,879.8634382703844,419.18138533912423,42.094979832535884,1168.4076301812997,5.705311073660715,337.68605856473215,911.0176164469246,412.57619673859125,42.5052443578869,1168.4076301812997,5.705311073660715,337.68605856473215,911.0176164469246,412.57619673859125,42.5052443578869
2026-02-19 09:00:00+00:00,1807.05635,0.0,418.780425,1117.9524749999998,456.8093,59.309535,1375.03785593116,5.867882716948622,337.91726754744866,888.2440696929228,419.473038938936,42.094979832535884,1168.4076301812997,5.705311073660715,337.68605856473215,911.0176164469246,412.57619673859125,42.5052443578869,1168.4076301812997,5.705311073660715,337.68605856473215,911.0176164469246,412.57619673859125,42.5052443578869
2026-02-19 10:00:00+00:00,1870.9994,0.0,444.45205,773.39025,432.084925,60.094025,1373.2149854200898,5.867882716948622,337.82643700341896,896.6247011154613,419.9009472140541,42.094979832535884,1168.4076301812997,5.705311073660715,337.68605856473215,911.0176164469246,412.57619673859125,42.5052443578869,1168.4076301812997,5.705311073660715,337.68605856473215,911.0176164469246,412.57619673859125,42.5052443578869
2026-02-19 11:00:00+00:00,1982.6088750000001,0.0,413.58875,843.56035,422.03715,60.878515,1365.5032036587327,5.867882716948622,337.76802465503397,905.0053325379998,420.16721121088085,42.094979832535884,1168.4076301812997,5.705311073660715,337.68605856473215,911.0176164469246,412.57619673859125,42.5052443578869,1168.4076301812997,5.705311073660715,337.68605856473215,911.0176164469246,412.57619673859125,42.5052443578869
2026-02-19 12:00:00+00:00,1911.996475,0.0,410.802325,691.0137250000001,416.97125,61.663005,1367.0626227873433,5.867882716948622,337.9334124465086,913.3859639605382,421.83884832517384,42.094979832535884,1168.4076301812997,5.705311073660715,337.68605856473215,911.0176164469246,412.57619673859125,42.5052443578869,1168.4076301812997,5.705311073660715,337.68605856473215,911.0176164469246,412.57619673859125,42.5052443578869
2026-02-19 13:00:00+00:00,1682.17765,0.0,415.85647500000005,818.02145,420.8772,62.447494999999996,1351.5254963236941,5.867882716948622,337.927673913027,921.7665953830767,422.440819349696,42.094979832535884,1168.4076301812997,5.705311073660715,337.68605856473215,911.0176164469246,412.57619673859125,42.5052443578869,1168.4076301812997,5.705311073660715,337.68605856473215,911.0176164469246,412.57619673859125,42.5052443578869
2026-02-19 14:00:00+00:00,1473.8934,0.0,430.21837500000004,1065.657275,435.610225,63.231985,1352.6485610357834,5.867882716948622,337.8576561166945,930.1472268056151,423.0775886028901,42.094979832535884,1168.4076301812997,5.705311073660715,337.68605856473215,911.0176164469246,412.57619673859125,42.5052443578869,1168.4076301812997,5.705311073660715,337.68605856473215,911.0176164469246,412.57619673859125,42.5052443578869
2026-02-19 15:00:00+00:00,1322.22885,0.0,438.55600000000004,1175.77355,475.041925,64.016475,1367.8690501101503,5.867882716948622,337.8726019556433,938.5278582281536,424.5184389652688,42.094979832535884,1168.4076301812997,5.705311073660715,337.68605856473215,911.0176164469246,412.57619673859125,42.5052443578869,1168.4076301812997,5.705311073660715,337.68605856473215,911.0176164469246,412.57619673859125,42.5052443578869
2026-02-19 16:00:00+00:00,1631.78455,0.0,413.45797500000003,1580.185525,509.88592500000004,63.710375,1396.1587478607935,5.867882716948622,337.91808142070295,946.9084896506921,426.57252276329086,42.094979832535884,1168.4076301812997,5.705311073660715,337.68605856473215,911.0176164469246,412.57619673859125,42.5052443578869,1168.4076301812997,5.705311073660715,337.68605856473215,911.0176164469246,412.57619673859125,42.5052443578869
2026-02-19 17:00:00+00:00,1780.4608,0.0,413.51895,1410.93235,515.9404,63.5281875,1410.082669539193,5.867882716948622,337.9776928571747,955.2891210732305,428.1931410463602,42.094979832535884,1168.4076301812997,5.705311073660715,337.68605856473215,911.0176164469246,412.57619673859125,42.5052443578869,1168.4076301812997,5.705311073660715,337.68605856473215,911.0176164469246,412.57619673859125,42.5052443578869
2026-02-19 18:00:00+00:00,1782.752825,0.0,420.157575,971.82725,508.695075,63.346000000000004,1408.728624976642,5.867882716948622,337.9954219866621,963.669752495769,429.2446869449975,42.094979832535884,1168.4076301812997,5.705311073660715,337.68605856473215,911.0176164469246,412.57619673859125,42.5052443578869,1168.4076301812997,5.705311073660715,337.68605856473215,911.0176164469246,412.57619673859125,42.5052443578869
2026-02-19 19:00:00+00:00,1764.7354500000001,0.0,435.74775,846.7405,488.0684,61.07955,1385.8751898141081,5.867882716948622,337.9990191669954,972.0503839183075,429.67976031669446,42.094979832535884,1168.4076301812997,5.705311073660715,337.68605856473215,911.0176164469246,412.57619673859125,42.5052443578869,1168.4076301812997,5.705311073660715,337.68605856473215,911.0176164469246,412.57619673859125,42.5052443578869
2026-02-19 20:00:00+00:00,1636.71765,0.0,441.8973,750.933,463.7827,60.496399999999994,1355.6185088249754,5.867882716948622,337.96874232449903,980.4310153408459,429.9048234333627,42.094979832535884,1168.4076301812997,5.705311073660715,337.68605856473215,911.0176164469246,412.57619673859125,42.5052443578869,1168.4076301812997,5.705311073660715,337.68605856473215,911.0176164469246,412.57619673859125,42.5052443578869
2026-02-19 21:00:00+00:00,1595.05555,0.0,442.0077,813.492175,448.969725,62.324725,1330.6422549644622,5.867882716948622,337.9640744758618,988.8116467633844,430.1945477486204,42.094979832535884,1168.4076301812997,5.705311073660715,337.68605856473215,911.0176164469246,412.57619673859125,42.5052443578869,1168.4076301812997,5.705311073660715,337.68605856473215,911.0176164469246,412.57619673859125,42.5052443578869
2026-02-19 22:00:00+00:00,1257.415275,0.0,443.217325,834.2396,433.13259999999997,58.735924999999995,1304.310346322687,5.867882716948622,337.97807802749105,997.1922781859228,430.27207490650153,42.094979832535884,1168.4076301812997,5.705311073660715,337.68605856473215,911.0176164469246,412.57619673859125,42.5052443578869,1168.4076301812997,5.705311073660715,337.68605856473215,911.0176164469246,412.57619673859125,42.5052443578869
2026-02-19 23:00:00+00:00,940.124875,0.0,444.659675,727.921525,420.420875,55.188525,1286.0276794587903,5.867882716948622,338.00261635304634,1005.5729096084613,430.5901892536495,42.094979832535884,1168.4076301812997,5.705311073660715,337.68605856473215,911.0176164469246,412.57619673859125,42.5052443578869,1168.4076301812997,5.705311073660715,337.68605856473215,911.0176164469246,412.57619673859125,42.5052443578869
2026-02-20 00:00:00+00:00,930.268325,0.0,443.632125,807.0518500000001,412.68245,61.0905,1283.4628820438434,5.867882716948622,338.07850106639745,812.8183868900768,408.81958027648494,42.094979832535884,1168.4076301812997,5.705311073660715,337.68605856473215,911.0176164469246,412.57619673859125,42.5052443578869,1168.4076301812997,5.705311073660715,337.68605856473215,911.0176164469246,412.57619673859125,42.5052443578869
2026-02-20 01:00:00+00:00,931.774375,0.0,444.768475,711.90335,405.988675,64.19095,1284.6376607590523,5.867882716948622,338.16277920369123,821.1990183126152,410.0072607005832,42.094979832535884,1168.4076301812997,5.705311073660715,337.68605856473215,911.0176164469246,412.57619673859125,42.5052443578869,1168.4076301812997,5.705311073660715,337.68605856473215,911.0176164469246,412.57619673859125,42.5052443578869
2026-02-20 02:00:00+00:00,933.894225,0.0,421.189075,667.67465,409.600225,63.0692,1294.2314352732253,5.867882716948622,338.2363941859981,829.5796497351537,411.5696944213245,42.094979832535884,1168.4076301812997,5.705311073660715,337.68605856473215,911.0176164469246,412.57619673859125,42.5052443578869,1168.4076301812997,5.705311073660715,337.68605856473215,911.0176164469246,412.57619673859125,42.5052443578869
2026-02-20 03:00:00+00:00,956.3567,0.0,412.260225,696.4313500000001,411.804225,59.156675,1312.078612535477,5.867882716948622,338.305084527477,837.9602811576922,413.35633540354553,42.094979832535884,1168.4076301812997,5.705311073660715,337.68605856473215,911.0176164469246,412.57619673859125,42.5052443578869,1168.4076301812997,5.705311073660715,337.68605856473215,911.0176164469246,412.57619673859125,42.5052443578869
2026-02-20 04:00:00+00:00,1133.237475,0.0,409.924,708.419525,428.65795,57.8163,1339.9380702767753,5.867882716948622,338.3388301709048,846.3409125802306,415.2083852435521,42.094979832535884,1168.4076301812997,5.705311073660715,337.68605856473215,911.0176164469246,412.57619673859125,42.5052443578869,1168.4076301812997,5.705311073660715,337.68605856473215,911.0176164469246,412.57619673859125,42.5052443578869
2026-02-20 05:00:00+00:00,1647.037425,0.0,412.25895,828.31205,459.90794999999997,56.2153,1399.4606099276434,5.867882716948622,338.3457677562273,854.7215440027691,417.74082188733934,42.094979832535884,1168.4076301812997,5.705311073660715,337.68605856473215,911.0176164469246,412.57619673859125,42.5052443578869,1168.4076301812997,5.705311073660715,337.68605856473215,911.0176164469246,412.57619673859125,42.5052443578869
2026-02-20 06:00:00+00:00,1640.890725,0.0,428.832625,1044.64445,496.564475,58.6151,1442.184993232287,5.867882716948622,338.32816700629485,863.1021754253075,419.7882808844325,42.094979832535884,1168.4076301812997,5.705311073660715,337.68605856473215,911.0176164469246,412.57619673859125,42.5052443578869,1168.4076301812997,5.705311073660715,337.68605856473215,911.0176164469246,412.57619673859125,42.5052443578869
2026-02-20 07:00:00+00:00,1590.016625,0.0,446.021475,1537.6902,497.524475,61.379999999999995,1447.94082540215,5.867882716948622,338.3106946607281,871.482806847846,420.9303215828705,42.094979832535884,1168.4076301812997,5.705311073660715,337.68605856473215,911.0176164469246,412.57619673859125,42.5052443578869,1168.4076301812997,5.705311073660715,337.68605856473215,911.0176164469246,412.57619673859125,42.5052443578869
2026-02-20 08:00:00+00:00,1544.784725,0.0,446.00425,1105.5792749999998,487.830375,62.211475,1425.3240459555295,5.867882716948622,338.15318671422597,879.8634382703844,420.52828246003014,42.094979832535884,1168.4076301812997,5.705311073660715,337.68605856473215,911.0176164469246,412.57619673859125,42.5052443578869,1168.4076301812997,5.705311073660715,337.68605856473215,911.0176164469246,412.57619673859125,42.5052443578869
2026-02-20 09:00:00+00:00,1612.2571,0.0,445.2586,1140.04905,456.8957,62.846716666666666,1406.3564963063382,5.867882716948622,338.00047502215614,888.2440696929228,420.0104222478545,42.094979832535884,1168.4076301812997,5.705311073660715,337.68605856473215,911.0176164469246,412.57619673859125,42.5052443578869,1168.4076301812997,5.705311073660715,337.68605856473215,911.0176164469246,412.57619673859125,42.5052443578869
2026-02-20 10:00:00+00:00,1801.01685,0.0,444.956825,972.19865,427.60975,63.48195833333333,1390.942559684941,5.867882716948622,337.8581696953585,896.6247011154613,419.62446646638926,42.094979832535884,1168.4076301812997,5.705311073660715,337.68605856473215,911.0176164469246,412.57619673859125,42.5052443578869,1168.4076301812997,5.705311073660715,337.68605856473215,911.0176164469246,412.57619673859125,42.5052443578869
2026-02-20 11:00:00+00:00,1800.793825,0.0,441.47625,1269.8964500000002,416.134975,64.1172,1377.0412470766098,5.867882716948622,337.7146652976269,905.0053325379998,419.48131671879656,42.094979832535884,1168.4076301812997,5.705311073660715,337.68605856473215,911.0176164469246,412.57619673859125,42.5052443578869,1168.4076301812997,5.705311073660715,337.68605856473215,911.0176164469246,412.57619673859125,42.5052443578869
2026-02-20 12:00:00+00:00,1786.4666750000001,0.0,425.3825,979.1845249999999,415.195175,60.056175,1374.1292953732102,5.867882716948622,337.75894570829297,913.3859639605382,420.43256463546084,42.094979832535884,1168.4076301812997,5.705311073660715,337.68605856473215,911.0176164469246,412.57619673859125,42.5052443578869,1168.4076301812997,5.705311073660715,337.68605856473215,911.0176164469246,412.57619673859125,42.5052443578869
2026-02-20 13:00:00+00:00,1804.6274250000001,0.0,425.381725,1038.615475,412.81555000000003,62.966525000000004,1368.7368996682735,5.867882716948622,337.72387262535216,921.7665953830767,420.9895484849597,42.094979832535884,1168.4076301812997,5.705311073660715,337.68605856473215,911.0176164469246,412.57619673859125,42.5052443578869,1168.4076301812997,5.705311073660715,337.68605856473215,911.0176164469246,412.57619673859125,42.5052443578869
2026-02-20 14:00:00+00:00,1809.3295,0.0,428.55922499999997,1262.331375,426.80615,61.526775,1373.2981587643967,5.867882716948622,337.6758666476508,930.1472268056151,422.0404233183524,42.094979832535884,1168.4076301812997,5.705311073660715,337.68605856473215,911.0176164469246,412.57619673859125,42.5052443578869,1168.4076301812997,5.705311073660715,337.68605856473215,911.0176164469246,412.57619673859125,42.5052443578869
2026-02-20 15:00:00+00:00,1812.611725,0.0,442.1642,1553.1659250000002,464.988225,61.911950000000004,1386.1253395564345,5.867882716948622,337.67946383370173,938.5278582281536,423.51706738794877,42.094979832535884,1168.4076301812997,5.705311073660715,337.68605856473215,911.0176164469246,412.57619673859125,42.5052443578869,1168.4076301812997,5.705311073660715,337.68605856473215,911.0176164469246,412.57619673859125,42.5052443578869
2026-02-20 16:00:00+00:00,1812.955125,0.0,442.19195,1406.0483,497.896775,62.297125,1403.7275575940926,5.867882716948622,337.7482825756407,946.9084896506921,425.46947335478745,42.094979832535884,1168.4076301812997,5.705311073660715,337.68605856473215,911.0176164469246,412.57619673859125,42.5052443578869,1168.4076301812997,5.705311073660715,337.68605856473215,911.0176164469246,412.57619673859125,42.5052443578869
2026-02-20 17:00:00+00:00,1827.4483500000001,0.0,439.956675,1237.249475,500.835775,56.9399,1397.8768775213675,5.867882716948622,337.7750906130705,955.2891210732305,426.67718595900647,42.094979832535884,1168.4076301812997,5.705311073660715,337.68605856473215,911.0176164469246,412.57619673859125,42.5052443578869,1168.4076301812997,5.705311073660715,337.68605856473215,911.0176164469246,412.57619673859125,42.5052443578869
2026-02-20 18:00:00+00:00,1662.90725,0.0,437.505375,800.0919500000001,493.216925,55.917275,1365.3172866630573,5.867882716948622,337.797230812686,963.669752495769,427.0021265165171,42.094979832535884,1168.4076301812997,5.705311073660715,337.68605856473215,911.0176164469246,412.57619673859125,42.5052443578869,1168.4076301812997,5.705311073660715,337.68605856473215,911.0176164469246,412.57619673859125,42.5052443578869
2026-02-20 19:00:00+00:00,1475.269625,0.0,439.327125,737.8908999999999,474.140925,55.0846,1317.8715147859457,5.867882716948622,337.763485165123,972.0503839183075,426.81940900317704,42.094979832535884,1168.4076301812997,5.705311073660715,337.68605856473215,911.0176164469246,412.57619673859125,42.5052443578869,1168.4076301812997,5.705311073660715,337.68605856473215,911.0176164469246,412.57619673859125,42.5052443578869
2026-02-20 20:00:00+00:00,1324.5342,0.0,408.2663,713.2049000000001,450.05345,52.918075,1268.9177219739197,5.867882716948622,337.7646842309517,980.4310153408459,426.6191105739123,42.094979832535884,1168.4076301812997,5.705311073660715,337.68605856473215,911.0176164469246,412.57619673859125,42.5052443578869,1168.4076301812997,5.705311073660715,337.68605856473215,911.0176164469246,412.57619673859125,42.5052443578869
2026-02-20 21:00:00+00:00,1117.58415,0.0,355.41499999999996,725.01765,434.329025,50.148425,1233.9457925034044,5.867882716948622,337.7750906130705,988.8116467633844,426.6916618682822,42.094979832535884,1168.4076301812997,5.705311073660715,337.68605856473215,911.0176164469246,412.57619673859125,42.5052443578869,1168.4076301812997,5.705311073660715,337.68605856473215,911.0176164469246,412.57619673859125,42.5052443578869
2026-02-20 22:00:00+00:00,1107.3154749999999,0.0,340.2552,738.7878999999999,422.65797499999996,52.30785,1199.1259764364956,5.867882716948622,337.7750906130705,997.1922781859228,426.69295655942193,42.094979832535884,1168.4076301812997,5.705311073660715,337.68605856473215,911.0176164469246,412.57619673859125,42.5052443578869,1168.4076301812997,5.705311073660715,337.68605856473215,911.0176164469246,412.57619673859125,42.5052443578869
2026-02-20 23:00:00+00:00,1146.855475,0.0,324.5973,739.49125,405.0277,53.413525,1172.4339952642435,5.867882716948622,337.7564192070865,1005.5729096084613,426.81289223525846,42.094979832535884,1168.4076301812997,5.705311073660715,337.68605856473215,911.0176164469246,412.57619673859125,42.5052443578869,1168.4076301812997,5.705311073660715,337.68605856473215,911.0176164469246,412.57619673859125,42.5052443578869
2026-02-21 00:00:00+00:00,982.51155,0.0,324.684175,735.56765,397.2541,51.747725,1175.0149931405203,5.810678688126567,338.7154239862226,811.1430386726045,404.88978904606614,42.245563652882204,1168.4076301812997,5.705311073660715,337.68605856473215,911.0176164469246,412.57619673859125,42.5052443578869,1168.4076301812997,5.705311073660715,337.68605856473215,911.0176164469246,412.57619673859125,42.5052443578869
2026-02-21 01:00:00+00:00,771.2816250000001,0.0,324.824925,684.38355,397.46165,49.6836,1158.5330987424325,5.810678688126567,338.60650283476167,819.5170868950277,405.0450422704528,42.245563652882204,1168.4076301812997,5.705311073660715,337.68605856473215,911.0176164469246,412.57619673859125,42.5052443578869,1168.4076301812997,5.705311073660715,337.68605856473215,911.0176164469246,412.57619673859125,42.5052443578869
2026-02-21 02:00:00+00:00,722.7719500000001,0.0,324.8947,697.659725,398.00987499999997,50.898775,1156.8676652505985,5.810678688126567,338.5745678244741,827.891135117451,405.90436060013303,42.245563652882204,1168.4076301812997,5.705311073660715,337.68605856473215,911.0176164469246,412.57619673859125,42.5052443578869,1168.4076301812997,5.705311073660715,337.68605856473215,911.0176164469246,412.57619673859125,42.5052443578869
2026-02-21 03:00:00+00:00,652.72685,0.0,324.679975,656.922,407.637925,51.628975,1158.8676809199692,5.810678688126567,338.54234781045716,836.2651833398742,406.643459514028,42.245563652882204,1168.4076301812997,5.705311073660715,337.68605856473215,911.0176164469246,412.57619673859125,42.5052443578869,1168.4076301812997,5.705311073660715,337.68605856473215,911.0176164469246,412.57619673859125,42.5052443578869
2026-02-21 04:00:00+00:00,646.583525,0.0,324.529,759.215575,425.47950000000003,50.32975,1165.7113953267315,5.810678688126567,338.4627953931574,844.6392315622975,407.29396188413597,42.245563652882204,1168.4076301812997,5.705311073660715,337.68605856473215,911.0176164469246,412.57619673859125,42.5052443578869,1168.4076301812997,5.705311073660715,337.68605856473215,911.0176164469246,412.57619673859125,42.5052443578869
2026-02-21 05:00:00+00:00,634.79895,0.0,324.399325,763.8596249999999,455.1349,47.39195,1180.5067468976536,5.810678688126567,338.41774415894093,853.0132797847208,408.5855320810677,42.245563652882204,1168.4076301812997,5.705311073660715,337.68605856473215,911.0176164469246,412.57619673859125,42.5052443578869,1168.4076301812997,5.705311073660715,337.68605856473215,911.0176164469246,412.57619673859125,42.5052443578869
2026-02-21 06:00:00+00:00,545.87195,0.0,324.6888,716.5360500000002,489.14815,43.475875,1204.0529771974502,5.810678688126567,338.5854028303895,861.387328007144,410.2756798094272,42.245563652882204,1168.4076301812997,5.705311073660715,337.68605856473215,911.0176164469246,412.57619673859125,42.5052443578869,1168.4076301812997,5.705311073660715,337.68605856473215,911.0176164469246,412.57619673859125,42.5052443578869
2026-02-21 07:00:00+00:00,510.274225,0.0,324.751625,738.113125,493.226275,43.501075,1213.9602577697754,5.810678688126567,338.466501711393,869.7613762295673,410.749648722387,42.245563652882204,1168.4076301812997,5.705311073660715,337.68605856473215,911.0176164469246,412.57619673859125,42.5052443578869,1168.4076301812997,5.705311073660715,337.68605856473215,911.0176164469246,412.57619673859125,42.5052443578869
2026-02-21 08:00:00+00:00,165.807725,0.0,299.367475,722.6607749999998,483.919675,38.830625,1218.8763398277827,5.810678688126567,338.4804730770324,878.1354244519905,411.9015179770965,42.245563652882204,1168.4076301812997,5.705311073660715,337.68605856473215,911.0176164469246,412.57619673859125,42.5052443578869,1168.4076301812997,5.705311073660715,337.68605856473215,911.0176164469246,412.57619673859125,42.5052443578869
2026-02-21 09:00:00+00:00,191.54764999999998,0.0,293.29995,793.0463,448.4821,37.048925,1220.6236599971148,5.810678688126567,338.3926518266129,886.5094726744138,412.7697198817013,42.245563652882204,1168.4076301812997,5.705311073660715,337.68605856473215,911.0176164469246,412.57619673859125,42.5052443578869,1168.4076301812997,5.705311073660715,337.68605856473215,911.0176164469246,412.57619673859125,42.5052443578869
2026-02-21 10:00:00+00:00,197.92892499999994,0.0,298.39862500000004,1124.145625,424.491175,37.555325,1231.5791057783877,5.810678688126567,338.3997804898192,894.8835208968371,414.07384881025496,42.245563652882204,1168.4076301812997,5.705311073660715,337.68605856473215,911.0176164469246,412.57619673859125,42.5052443578869,1168.4076301812997,5.705311073660715,337.68605856473215,911.0176164469246,412.57619673859125,42.5052443578869
2026-02-21 11:00:00+00:00,205.14879999999994,0.0,298.634075,862.66725,404.322675,38.692075,1233.2080479725028,5.810678688126567,338.4180291626702,903.2575691192603,415.37684151260606,42.245563652882204,1168.4076301812997,5.705311073660715,337.68605856473215,911.0176164469246,412.57619673859125,42.5052443578869,1168.4076301812997,5.705311073660715,337.68605856473215,911.0176164469246,412.57619673859125,42.5052443578869
2026-02-21 12:00:00+00:00,200.85277500000007,0.0,298.395075,953.954675,397.421425,38.678425000000004,1235.593161173792,5.810678688126567,338.44369155412227,911.6316173416836,416.36879799195134,42.245563652882204,1168.4076301812997,5.705311073660715,337.68605856473215,911.0176164469246,412.57619673859125,42.5052443578869,1168.4076301812997,5.705311073660715,337.68605856473215,911.0176164469246,412.57619673859125,42.5052443578869
2026-02-21 13:00:00+00:00,200.77115000000003,0.0,306.628725,881.192125,410.452175,39.42965,1231.9044233620925,5.810678688126567,338.36157288788786,920.005665564107,416.97557265721787,42.245563652882204,1168.4076301812997,5.705311073660715,337.68605856473215,911.0176164469246,412.57619673859125,42.5052443578869,1168.4076301812997,5.705311073660715,337.68605856473215,911.0176164469246,412.57619673859125,42.5052443578869
2026-02-21 14:00:00+00:00,252.04219999999987,0.0,334.6615,1227.4349,436.801975,49.6712,1236.3232823690337,5.810678688126567,338.32136912061947,928.3797137865301,417.8736757267456,42.245563652882204,1168.4076301812997,5.705311073660715,337.68605856473215,911.0176164469246,412.57619673859125,42.5052443578869,1168.4076301812997,5.705311073660715,337.68605856473215,911.0176164469246,412.57619673859125,42.5052443578869
2026-02-21 15:00:00+00:00,258.0318749999999,0.0,352.939025,1501.74545,473.8902,48.844300000000004,1252.475836705649,5.810678688126567,338.2897191929184,936.7537620089535,419.00355632573104,42.245563652882204,1168.4076301812997,5.705311073660715,337.68605856473215,911.0176164469246,412.57619673859125,42.5052443578869,1168.4076301812997,5.705311073660715,337.68605856473215,911.0176164469246,412.57619673859125,42.5052443578869
2026-02-21 16:00:00+00:00,270.9565499999999,0.0,353.16724999999997,1955.5607,498.24717499999997,49.327375,1263.563907896685,5.810678688126567,338.2577841826308,945.1278102313768,420.0717269521842,42.245563652882204,1168.4076301812997,5.705311073660715,337.68605856473215,911.0176164469246,412.57619673859125,42.5052443578869,1168.4076301812997,5.705311073660715,337.68605856473215,911.0176164469246,412.57619673859125,42.5052443578869
2026-02-21 17:00:00+00:00,270.88594999999987,0.0,353.254075,1988.2533250000001,498.66094999999996,48.10735,1261.447045181592,5.810678688126567,338.20760055115755,953.5018584538,420.8324249158303,42.245563652882204,1168.4076301812997,5.705311073660715,337.68605856473215,911.0176164469246,412.57619673859125,42.5052443578869,1168.4076301812997,5.705311073660715,337.68605856473215,911.0176164469246,412.57619673859125,42.5052443578869
2026-02-21 18:00:00+00:00,265.0071499999999,0.0,353.241425,1991.3343500000003,487.67145,48.630125,1243.8036616213508,5.810678688126567,338.15085922098046,961.8759066762233,421.04638908457076,42.245563652882204,1168.4076301812997,5.705311073660715,337.68605856473215,911.0176164469246,412.57619673859125,42.5052443578869,1168.4076301812997,5.705311073660715,337.68605856473215,911.0176164469246,412.57619673859125,42.5052443578869
2026-02-21 19:00:00+00:00,245.29365000000018,0.0,353.338375,1475.3331249999999,462.005925,49.213925,1210.221282210382,5.810678688126567,338.14515661232184,970.2499548986465,420.963175153736,42.245563652882204,1168.4076301812997,5.705311073660715,337.68605856473215,911.0176164469246,412.57619673859125,42.5052443578869,1168.4076301812997,5.705311073660715,337.68605856473215,911.0176164469246,412.57619673859125,42.5052443578869
2026-02-21 20:00:00+00:00,241.11862500000007,0.0,353.24514999999997,1070.33395,449.04297499999996,49.36515,1194.928938666741,5.810678688126567,338.22271291594996,978.6240031210698,421.7695618407014,42.245563652882204,1168.4076301812997,5.705311073660715,337.68605856473215,911.0176164469246,412.57619673859125,42.5052443578869,1168.4076301812997,5.705311073660715,337.68605856473215,911.0176164469246,412.57619673859125,42.5052443578869
2026-02-21 21:00:00+00:00,229.2770250000001,0.0,353.382975,1141.4449249999998,438.837925,49.746325,1178.4943879194573,5.810678688126567,338.24751923583943,986.9980513434931,422.41735158359717,42.245563652882204,1168.4076301812997,5.705311073660715,337.68605856473215,911.0176164469246,412.57619673859125,42.5052443578869,1168.4076301812997,5.705311073660715,337.68605856473215,911.0176164469246,412.57619673859125,42.5052443578869
2026-02-21 22:00:00+00:00,209.85072500000012,0.0,353.656175,859.4866,422.5193,51.27615,1144.0108958930923,5.810678688126567,338.1485778996362,995.3720995659163,422.3571265864478,42.245563652882204,1168.4076301812997,5.705311073660715,337.68605856473215,911.0176164469246,412.57619673859125,42.5052443578869,1168.4076301812997,5.705311073660715,337.68605856473215,911.0176164469246,412.57619673859125,42.5052443578869
2026-02-21 23:00:00+00:00,194.98400000000004,0.0,353.713625,721.3125,409.239775,50.18925,1115.2436482735054,5.810678688126567,338.05876056001864,1003.7461477883396,422.53100180801266,42.245563652882204,1168.4076301812997,5.705311073660715,337.68605856473215,911.0176164469246,412.57619673859125,42.5052443578869,1168.4076301812997,5.705311073660715,337.68605856473215,911.0176164469246,412.57619673859125,42.5052443578869
2026-02-22 00:00:00+00:00,184.80757500000004,0.0,344.04445,677.0551,404.87795,50.04185,1098.8502874781836,5.810678688126567,338.0533430312282,811.1430386726045,400.1255005758461,42.245563652882204,1168.4076301812997,5.705311073660715,337.68605856473215,911.0176164469246,412.57619673859125,42.5052443578869,1168.4076301812997,5.705311073660715,337.68605856473215,911.0176164469246,412.57619673859125,42.5052443578869
2026-02-22 01:00:00+00:00,173.96755000000007,0.0,343.872075,673.7643750000001,406.0819,49.2452,1084.7835827672145,5.810678688126567,338.07159175574463,819.5170868950277,400.84312206398926,42.245563652882204,1168.4076301812997,5.705311073660715,337.68605856473215,911.0176164469246,412.57619673859125,42.5052443578869,1168.4076301812997,5.705311073660715,337.68605856473215,911.0176164469246,412.57619673859125,42.5052443578869
2026-02-22 02:00:00+00:00,169.29272500000013,0.0,343.81905,657.2953,407.7632,48.4252,1086.944929025278,5.810678688126567,338.1249117496602,827.891135117451,402.001908976932,42.245563652882204,1168.4076301812997,5.705311073660715,337.68605856473215,911.0176164469246,412.57619673859125,42.5052443578869,1168.4076301812997,5.705311073660715,337.68605856473215,911.0176164469246,412.57619673859125,42.5052443578869
2026-02-22 03:00:00+00:00,172.41242499999998,0.0,343.874525,671.4519750000001,413.157725,48.13175,1093.205880400031,5.810678688126567,338.13546177631986,836.2651833398742,403.22537464265224,42.245563652882204,1168.4076301812997,5.705311073660715,337.68605856473215,911.0176164469246,412.57619673859125,42.5052443578869,1168.4076301812997,5.705311073660715,337.68605856473215,911.0176164469246,412.57619673859125,42.5052443578869
2026-02-22 04:00:00+00:00,169.62332500000002,0.0,343.671425,663.367675,425.11765,48.009825,1098.5361398857297,5.810678688126567,338.1140766920794,844.6392315622975,404.26520857141236,42.245563652882204,1168.4076301812997,5.705311073660715,337.68605856473215,911.0176164469246,412.57619673859125,42.5052443578869,1168.4076301812997,5.705311073660715,337.68605856473215,911.0176164469246,412.57619673859125,42.5052443578869
2026-02-22 05:00:00+00:00,170.22392500000012,0.0,346.2228,729.9254999999999,447.1846,47.71185,1086.4982339168766,5.810678688126567,338.07957548452254,853.0132797847208,405.0669662747989,42.245563652882204,1168.4076301812997,5.705311073660715,337.68605856473215,911.0176164469246,412.57619673859125,42.5052443578869,1168.4076301812997,5.705311073660715,337.68605856473215,911.0176164469246,412.57619673859125,42.5052443578869
2026-02-22 06:00:00+00:00,177.54712500000005,0.0,355.307025,783.3634000000001,476.11975,49.093175,1098.9823203424633,5.810678688126567,338.09012551118224,861.387328007144,406.4702907523833,42.245563652882204,1168.4076301812997,5.705311073660715,337.68605856473215,911.0176164469246,412.57619673859125,42.5052443578869,1168.4076301812997,5.705311073660715,337.68605856473215,911.0176164469246,412.57619673859125,42.5052443578869
2026-02-22 07:00:00+00:00,189.76037500000007,0.0,355.632075,711.5897500000001,479.61775,51.6717,1109.5489658457857,5.810678688126567,338.04279310789934,869.7613762295673,407.41687891593364,42.245563652882204,1168.4076301812997,5.705311073660715,337.68605856473215,911.0176164469246,412.57619673859125,42.5052443578869,1168.4076301812997,5.705311073660715,337.68605856473215,911.0176164469246,412.57619673859125,42.5052443578869
2026-02-22 08:00:00+00:00,200.33404999999993,0.0,355.5802,709.1942750000001,472.5062,50.9947,1111.0793721065131,5.810678688126567,337.9846256470357,878.1354244519905,408.03710853281297,42.245563652882204,1168.4076301812997,5.705311073660715,337.68605856473215,911.0176164469246,412.57619673859125,42.5052443578869,1168.4076301812997,5.705311073660715,337.68605856473215,911.0176164469246,412.57619673859125,42.5052443578869
2026-02-22 09:00:00+00:00,206.4769,0.0,355.1835,682.3479249999999,435.21145,49.71815,1100.8137060702988,5.810678688126567,337.92645818617206,886.5094726744138,408.44078220399405,42.245563652882204,1168.4076301812997,5.705311073660715,337.68605856473215,911.0176164469246,412.57619673859125,42.5052443578869,1168.4076301812997,5.705311073660715,337.68605856473215,911.0176164469246,412.57619673859125,42.5052443578869
2026-02-22 10:00:00+00:00,217.3252500000001,0.0,354.546575,732.60755,422.769675,50.198949999999996,1095.2856625158354,5.810678688126567,337.89423814768156,894.8835208968371,408.8198287804475,42.245563652882204,1168.4076301812997,5.705311073660715,337.68605856473215,911.0176164469246,412.57619673859125,42.5052443578869,1168.4076301812997,5.705311073660715,337.68605856473215,911.0176164469246,412.57619673859125,42.5052443578869
2026-02-22 11:00:00+00:00,217.35287500000004,0.0,355.02585,725.7942,413.01,50.224075,1087.3874181942647,5.810678688126567,337.8383519048314,903.2575691192603,409.4827381268923,42.245563652882204,1168.4076301812997,5.705311073660715,337.68605856473215,911.0176164469246,412.57619673859125,42.5052443578869,1168.4076301812997,5.705311073660715,337.68605856473215,911.0176164469246,412.57619673859125,42.5052443578869
2026-02-22 12:00:00+00:00,213.94005000000004,0.0,350.748825,696.998225,413.58979999999997,49.726025,1090.393453998868,5.810678688126567,337.97322058199626,911.6316173416836,410.7860171247899,42.245563652882204,1168.4076301812997,5.705311073660715,337.68605856473215,911.0176164469246,412.57619673859125,42.5052443578869,1168.4076301812997,5.705311073660715,337.68605856473215,911.0176164469246,412.57619673859125,42.5052443578869
2026-02-22 13:00:00+00:00,222.67082499999992,0.0,350.501675,736.10835,418.667825,48.4799,1087.6760671095392,5.810678688126567,337.8198182037775,920.005665564107,411.5386282776229,42.245563652882204,1168.4076301812997,5.705311073660715,337.68605856473215,911.0176164469246,412.57619673859125,42.5052443578869,1168.4076301812997,5.705311073660715,337.68605856473215,911.0176164469246,412.57619673859125,42.5052443578869
2026-02-22 14:00:00+00:00,226.66207499999996,0.0,351.930275,759.0099500000001,436.31815,49.440375,1112.7248989674463,5.810678688126567,337.74682433617636,928.3797137865301,412.8842866618111,42.245563652882204,1168.4076301812997,5.705311073660715,337.68605856473215,911.0176164469246,412.57619673859125,42.5052443578869,1168.4076301812997,5.705311073660715,337.68605856473215,911.0176164469246,412.57619673859125,42.5052443578869
2026-02-22 15:00:00+00:00,232.93960000000004,0.0,345.9957,777.164975,461.824125,48.985025,1141.541541021133,5.810678688126567,337.71802568833107,936.7537620089535,414.4817568312159,42.245563652882204,1168.4076301812997,5.705311073660715,337.68605856473215,911.0176164469246,412.57619673859125,42.5052443578869,1168.4076301812997,5.705311073660715,337.68605856473215,911.0176164469246,412.57619673859125,42.5052443578869
2026-02-22 16:00:00+00:00,248.138325,0.0,345.84235,1407.604425,488.173275,48.269175,1176.5311169597794,5.810678688126567,337.7260094660561,945.1278102313768,416.64020255085717,42.245563652882204,1168.4076301812997,5.705311073660715,337.68605856473215,911.0176164469246,412.57619673859125,42.5052443578869,1168.4076301812997,5.705311073660715,337.68605856473215,911.0176164469246,412.57619673859125,42.5052443578869
2026-02-22 17:00:00+00:00,246.07094999999993,0.0,345.7491,1528.5656000000001,496.298125,46.7291,1187.5293560312957,5.810678688126567,337.83207933766124,953.5018584538,418.24776405687766,42.245563652882204,1168.4076301812997,5.705311073660715,337.68605856473215,911.0176164469246,412.57619673859125,42.5052443578869,1168.4076301812997,5.705311073660715,337.68605856473215,911.0176164469246,412.57619673859125,42.5052443578869
2026-02-22 18:00:00+00:00,240.921925,0.0,345.86492499999997,1312.88715,488.44827499999997,47.768175,1185.3126521970773,5.810678688126567,337.8235255524775,961.8759066762233,418.84566859757325,42.245563652882204,1168.4076301812997,5.705311073660715,337.68605856473215,911.0176164469246,412.57619673859125,42.5052443578869,1168.4076301812997,5.705311073660715,337.68605856473215,911.0176164469246,412.57619673859125,42.5052443578869
2026-02-22 19:00:00+00:00,227.34777499999996,0.0,345.858,955.4302749999999,468.912125,48.2686,1173.9284845074353,5.810678688126567,337.8266618088708,970.2499548986465,419.41066167103855,42.245563652882204,1168.4076301812997,5.705311073660715,337.68605856473215,911.0176164469246,412.57619673859125,42.5052443578869,1168.4076301812997,5.705311073660715,337.68605856473215,911.0176164469246,412.57619673859125,42.5052443578869
2026-02-22 20:00:00+00:00,230.66117499999996,0.0,345.774175,760.0018,450.358375,48.85775,1176.9355849268745,5.810678688126567,337.8911018369047,978.6240031210698,420.39657451031746,42.245563652882204,1168.4076301812997,5.705311073660715,337.68605856473215,911.0176164469246,412.57619673859125,42.5052443578869,1168.4076301812997,5.705311073660715,337.68605856473215,911.0176164469246,412.57619673859125,42.5052443578869
2026-02-22 21:00:00+00:00,215.70519999999988,0.0,346.093425,941.68875,435.2734,48.781925,1165.6908782114008,5.810678688126567,337.9541167157693,986.9980513434931,421.5133581959569,42.245563652882204,1168.4076301812997,5.705311073660715,337.68605856473215,911.0176164469246,412.57619673859125,42.5052443578869,1168.4076301812997,5.705311073660715,337.68605856473215,911.0176164469246,412.57619673859125,42.5052443578869
2026-02-22 22:00:00+00:00,195.26305000000002,0.0,338.8894,671.98805,418.9029,51.3572,1139.1020692675795,5.810678688126567,337.96210049349435,995.3720995659163,422.100878463765,42.245563652882204,1168.4076301812997,5.705311073660715,337.68605856473215,911.0176164469246,412.57619673859125,42.5052443578869,1168.4076301812997,5.705311073660715,337.68605856473215,911.0176164469246,412.57619673859125,42.5052443578869
2026-02-22 23:00:00+00:00,176.15852500000005,0.0,333.280225,641.32245,405.281975,50.0247,1121.7653938955848,5.810678688126567,337.9886180266569,1003.7461477883396,422.8522940094618,42.245563652882204,1168.4076301812997,5.705311073660715,337.68605856473215,911.0176164469246,412.57619673859125,42.5052443578869,1168.4076301812997,5.705311073660715,337.68605856473215,911.0176164469246,412.57619673859125,42.5052443578869
2026-02-23 00:00:00+00:00,172.9556,0.0,325.29404999999997,662.0665499999999,397.392075,48.001625000000004,1105.4132141249972,5.810678688126567,338.0393717172542,811.1430386726045,400.37159028932433,42.245563652882204,1168.4076301812997,5.705311073660715,337.68605856473215,911.0176164469246,412.57619673859125,42.5052443578869,1168.4076301812997,5.705311073660715,337.68605856473215,911.0176164469246,412.57619673859125,42.5052443578869
2026-02-23 01:00:00+00:00,278.00019999999995,0.0,325.215625,707.13385,397.4187,48.152525,1108.7562145062711,5.810678688126567,337.97065433306165,819.5170868950277,401.14345034616247,42.245563652882204,1168.4076301812997,5.705311073660715,337.68605856473215,911.0176164469246,412.57619673859125,42.5052443578869,1168.4076301812997,5.705311073660715,337.68605856473215,911.0176164469246,412.57619673859125,42.5052443578869
2026-02-23 02:00:00+00:00,422.990775,0.0,325.151075,701.04365,397.489625,47.339,1124.0329999976118,5.810678688126567,338.00030812261747,827.891135117451,402.4755690676666,42.245563652882204,1168.4076301812997,5.705311073660715,337.68605856473215,911.0176164469246,412.57619673859125,42.5052443578869,1168.4076301812997,5.705311073660715,337.68605856473215,911.0176164469246,412.57619673859125,42.5052443578869
2026-02-23 03:00:00+00:00,519.518125,0.0,341.17855,762.74465,402.1064,47.861549999999994,1140.5872386192184,5.810678688126567,338.0827118442466,836.2651833398742,403.97016156238465,42.245563652882204,1168.4076301812997,5.705311073660715,337.68605856473215,911.0176164469246,412.57619673859125,42.5052443578869,1168.4076301812997,5.705311073660715,337.68605856473215,911.0176164469246,412.57619673859125,42.5052443578869
2026-02-23 04:00:00+00:00,499.770525,0.0,348.552375,645.5844,414.32405,47.618925,1177.4287075050945,5.810678688126567,338.06417808880906,844.6392315622975,405.9298061047846,42.245563652882204,1168.4076301812997,5.705311073660715,337.68605856473215,911.0176164469246,412.57619673859125,42.5052443578869,1168.4076301812997,5.705311073660715,337.68605856473215,911.0176164469246,412.57619673859125,42.5052443578869
2026-02-23 05:00:00+00:00,513.2508,0.0,353.928625,739.113375,441.08915,49.6588,1242.0270670399798,5.810678688126567,338.0664592578754,853.0132797847208,409.1982281677943,42.245563652882204,1168.4076301812997,5.705311073660715,337.68605856473215,911.0176164469246,412.57619673859125,42.5052443578869,1168.4076301812997,5.705311073660715,337.68605856473215,911.0176164469246,412.57619673859125,42.5052443578869
2026-02-23 06:00:00+00:00,548.3247,0.0,353.70647499999995,1126.599575,474.44375,51.696775,1285.307977659786,5.810678688126567,338.1006755378419,861.387328007144,411.4062183214833,42.245563652882204,1168.4076301812997,5.705311073660715,337.68605856473215,911.0176164469246,412.57619673859125,42.5052443578869,1168.4076301812997,5.705311073660715,337.68605856473215,911.0176164469246,412.57619673859125,42.5052443578869
2026-02-23 07:00:00+00:00,561.1948,0.0,318.430925,1334.29815,481.0217,42.171525,1281.5833627965126,5.810678688126567,338.06902550681,869.7613762295673,412.0719186843031,42.245563652882204,1168.4076301812997,5.705311073660715,337.68605856473215,911.0176164469246,412.57619673859125,42.5052443578869,1168.4076301812997,5.705311073660715,337.68605856473215,911.0176164469246,412.57619673859125,42.5052443578869
2026-02-23 08:00:00+00:00,565.3194,0.0,293.024175,1033.5594999999998,460.69995,37.34075,1250.521456388944,5.810678688126567,337.99774187368286,878.1354244519905,411.95897104829413,42.245563652882204,1168.4076301812997,5.705311073660715,337.68605856473215,911.0176164469246,412.57619673859125,42.5052443578869,1168.4076301812997,5.705311073660715,337.68605856473215,911.0176164469246,412.57619673859125,42.5052443578869
2026-02-23 09:00:00+00:00,548.7198,0.0,298.71375,698.2251,430.1309,38.26005,1213.579611227464,5.810678688126567,337.9284543243173,886.5094726744138,411.5356748298007,42.245563652882204,1168.4076301812997,5.705311073660715,337.68605856473215,911.0176164469246,412.57619673859125,42.5052443578869,1168.4076301812997,5.705311073660715,337.68605856473215,911.0176164469246,412.57619673859125,42.5052443578869
2026-02-23 10:00:00+00:00,544.57515,0.0,357.059875,737.506675,412.900675,38.671324999999996,1177.393632200566,5.810678688126567,337.6781069519838,894.8835208968371,410.8329879912845,42.245563652882204,1168.4076301812997,5.705311073660715,337.68605856473215,911.0176164469246,412.57619673859125,42.5052443578869,1168.4076301812997,5.705311073660715,337.68605856473215,911.0176164469246,412.57619673859125,42.5052443578869
2026-02-23 11:00:00+00:00,534.904125,0.0,368.351875,780.4802000000001,391.652025,39.810649999999995,1158.9764054094228,5.810678688126567,337.55293321415166,903.2575691192603,410.751984671566,42.245563652882204,1168.4076301812997,5.705311073660715,337.68605856473215,911.0176164469246,412.57619673859125,42.5052443578869,1168.4076301812997,5.705311073660715,337.68605856473215,911.0176164469246,412.57619673859125,42.5052443578869
2026-02-23 12:00:00+00:00,529.3611000000001,0.0,371.497725,666.86595,385.7969,40.32155,1148.309915019897,5.810678688126567,337.5178618958054,911.6316173416836,411.41485540899606,42.245563652882204,1168.4076301812997,5.705311073660715,337.68605856473215,911.0176164469246,412.57619673859125,42.5052443578869,1168.4076301812997,5.705311073660715,337.68605856473215,911.0176164469246,412.57619673859125,42.5052443578869
2026-02-23 13:00:00+00:00,363.08055,0.0,399.52145,642.9573750000001,386.47125,51.226600000000005,1136.8970136646194,5.810678688126567,337.4462932317571,920.005665564107,411.9122073364093,42.245563652882204,1168.4076301812997,5.705311073660715,337.68605856473215,911.0176164469246,412.57619673859125,42.5052443578869,1168.4076301812997,5.705311073660715,337.68605856473215,911.0176164469246,412.57619673859125,42.5052443578869
2026-02-23 14:00:00+00:00,312.3329,0.0,399.1486,705.9833249999999,396.65675,53.947275,1164.540460687841,5.810678688126567,337.5520781757719,928.3797137865301,413.4863821311337,42.245563652882204,1168.4076301812997,5.705311073660715,337.68605856473215,911.0176164469246,412.57619673859125,42.5052443578869,1168.4076301812997,5.705311073660715,337.68605856473215,911.0176164469246,412.57619673859125,42.5052443578869
2026-02-23 15:00:00+00:00,322.8595,0.0,432.536825,832.6749500000001,435.713725,53.1569,1222.651892779707,5.810678688126567,337.57089690774694,936.7537620089535,416.22917146819975,42.245563652882204,1168.4076301812997,5.705311073660715,337.68605856473215,911.0176164469246,412.57619673859125,42.5052443578869,1168.4076301812997,5.705311073660715,337.68605856473215,911.0176164469246,412.57619673859125,42.5052443578869
2026-02-23 16:00:00+00:00,337.694575,0.0,425.376825,988.988425,485.48287500000004,50.557900000000004,1279.7963222661338,5.810678688126567,337.64018435378176,945.1278102313768,418.97446628976866,42.245563652882204,1168.4076301812997,5.705311073660715,337.68605856473215,911.0176164469246,412.57619673859125,42.5052443578869,1168.4076301812997,5.705311073660715,337.68605856473215,911.0176164469246,412.57619673859125,42.5052443578869
2026-02-23 17:00:00+00:00,498.882425,0.0,411.432475,971.801375,499.7907,49.59285,1297.4918623602648,5.810678688126567,337.75195678509846,953.5018584538,420.8989211755501,42.245563652882204,1168.4076301812997,5.705311073660715,337.68605856473215,911.0176164469246,412.57619673859125,42.5052443578869,1168.4076301812997,5.705311073660715,337.68605856473215,911.0176164469246,412.57619673859125,42.5052443578869
2026-02-23 18:00:00+00:00,473.32792500000005,0.0,422.159375,1049.756475,494.39785,50.29875,1285.9650035010789,5.810678688126567,337.7781892873399,961.8759066762233,421.6998906365411,42.245563652882204,1168.4076301812997,5.705311073660715,337.68605856473215,911.0176164469246,412.57619673859125,42.5052443578869,1168.4076301812997,5.705311073660715,337.68605856473215,911.0176164469246,412.57619673859125,42.5052443578869
2026-02-23 19:00:00+00:00,452.0947,0.0,424.374775,820.6684999999999,478.15525,50.027875,1265.2826077408158,5.810678688126567,337.87484935386425,970.2499548986465,422.30182712981787,42.245563652882204,1168.4076301812997,5.705311073660715,337.68605856473215,911.0176164469246,412.57619673859125,42.5052443578869,1168.4076301812997,5.705311073660715,337.68605856473215,911.0176164469246,412.57619673859125,42.5052443578869
2026-02-23 20:00:00+00:00,445.80050000000006,0.0,424.876225,816.7028250000001,457.319325,51.237925,1239.9339780473517,5.810678688126567,337.925318067924,978.6240031210698,422.64951928515154,42.245563652882204,1168.4076301812997,5.705311073660715,337.68605856473215,911.0176164469246,412.57619673859125,42.5052443578869,1168.4076301812997,5.705311073660715,337.68605856473215,911.0176164469246,412.57619673859125,42.5052443578869
2026-02-23 21:00:00+00:00,411.391875,0.0,425.073975,770.5526249999999,441.74395,51.089349999999996,1214.2402115258324,5.810678688126567,337.95696799562506,986.9980513434931,422.77572995958855,42.245563652882204,1168.4076301812997,5.705311073660715,337.68605856473215,911.0176164469246,412.57619673859125,42.5052443578869,1168.4076301812997,5.705311073660715,337.68605856473215,911.0176164469246,412.57619673859125,42.5052443578869
2026-02-23 22:00:00+00:00,377.42515000000003,0.0,414.8131,655.8073999999999,423.90755,52.144175,1192.4848511301473,5.810678688126567,337.94898421790003,995.3720995659163,422.80252776040606,42.245563652882204,1168.4076301812997,5.705311073660715,337.68605856473215,911.0176164469246,412.57619673859125,42.5052443578869,1168.4076301812997,5.705311073660715,337.68605856473215,911.0176164469246,412.57619673859125,42.5052443578869
2026-02-23 23:00:00+00:00,363.133925,0.0,412.40317500000003,994.8717999999999,413.2812,53.577375,1188.344059655631,5.810678688126567,337.94898421790003,1003.7461477883396,423.35085126171305,42.245563652882204,1168.4076301812997,5.705311073660715,337.68605856473215,911.0176164469246,412.57619673859125,42.5052443578869,1168.4076301812997,5.705311073660715,337.68605856473215,911.0176164469246,412.57619673859125,42.5052443578869
2026-02-24 00:00:00+00:00,526.3680999999999,0.0,397.082575,1274.960125,404.74435,51.3309,1191.4204221886444,5.810678688126567,338.0718767866658,811.1430386726045,401.5759755967159,42.245563652882204,1168.4076301812997,5.705311073660715,337.68605856473215,911.0176164469246,412.57619673859125,42.5052443578869,1168.4076301812997,5.705311073660715,337.68605856473215,911.0176164469246,412.57619673859125,42.5052443578869
2026-02-24 01:00:00+00:00,859.4674,0.0,394.9645,958.287925,397.01665,50.277275,1205.141544075952,5.810678688126567,338.1485778996362,819.5170868950277,403.215262715231,42.245563652882204,1168.4076301812997,5.705311073660715,337.68605856473215,911.0176164469246,412.57619673859125,42.5052443578869,1168.4076301812997,5.705311073660715,337.68605856473215,911.0176164469246,412.57619673859125,42.5052443578869
2026-02-24 02:00:00+00:00,1308.20005,0.0,394.5589,1023.677375,397.7172,49.75505,1225.2240157109675,5.810678688126567,338.17224415294305,827.891135117451,404.9082896466226,42.245563652882204,1168.4076301812997,5.705311073660715,337.68605856473215,911.0176164469246,412.57619673859125,42.5052443578869,1168.4076301812997,5.705311073660715,337.68605856473215,911.0176164469246,412.57619673859125,42.5052443578869
2026-02-24 03:00:00+00:00,1603.3344,0.0,394.447,889.4072,403.66895,49.728049999999996,1245.3509575471412,5.810678688126567,338.1936291338527,836.2651833398742,406.58750000854445,42.245563652882204,1168.4076301812997,5.705311073660715,337.68605856473215,911.0176164469246,412.57619673859125,42.5052443578869,1168.4076301812997,5.705311073660715,337.68605856473215,911.0176164469246,412.57619673859125,42.5052443578869
2026-02-24 04:00:00+00:00,2264.655475,0.0,396.828275,1061.7782,418.94015,48.480525,1273.541494327998,5.810678688126567,338.1907779573277,844.6392315622975,408.36628802842205,42.245563652882204,1168.4076301812997,5.705311073660715,337.68605856473215,911.0176164469246,412.57619673859125,42.5052443578869,1168.4076301812997,5.705311073660715,337.68605856473215,911.0176164469246,412.57619673859125,42.5052443578869
2026-02-24 05:00:00+00:00,2609.212325,0.0,403.932125,1595.995775,443.560975,48.268100000000004,1345.2143931915373,5.810678688126567,338.15884289537473,853.0132797847208,410.75594394513104,42.245563652882204,1168.4076301812997,5.705311073660715,337.68605856473215,911.0176164469246,412.57619673859125,42.5052443578869,1168.4076301812997,5.705311073660715,337.68605856473215,911.0176164469246,412.57619673859125,42.5052443578869
2026-02-24 06:00:00+00:00,2735.7234,0.0,420.238775,2118.4254,475.7545,48.493625,1398.1375305525125,5.810678688126567,338.198761631722,861.387328007144,413.07006512440324,42.245563652882204,1168.4076301812997,5.705311073660715,337.68605856473215,911.0176164469246,412.57619673859125,42.5052443578869,1168.4076301812997,5.705311073660715,337.68605856473215,911.0176164469246,412.57619673859125,42.5052443578869
2026-02-24 07:00:00+00:00,2680.611925,75.25545,448.725975,1847.7655499999998,476.704625,40.34285,1412.6110244691222,5.810678688126567,338.1984766551845,869.7613762295673,414.5352541197593,42.245563652882204,1168.4076301812997,5.705311073660715,337.68605856473215,911.0176164469246,412.57619673859125,42.5052443578869,1168.4076301812997,5.705311073660715,337.68605856473215,911.0176164469246,412.57619673859125,42.5052443578869
2026-02-24 08:00:00+00:00,2640.465075,21.5984,473.791425,1707.8893249999999,457.18487500000003,39.90255,1398.9634345415393,5.810678688126567,338.17994289974695,878.1354244519905,415.1452379167699,42.245563652882204,1168.4076301812997,5.705311073660715,337.68605856473215,911.0176164469246,412.57619673859125,42.5052443578869,1168.4076301812997,5.705311073660715,337.68605856473215,911.0176164469246,412.57619673859125,42.5052443578869
2026-02-24 09:00:00+00:00,2738.0628500000003,0.0,423.2913,1106.93245,429.932025,40.74065,1386.444115947922,5.810678688126567,338.0650341087062,886.5094726744138,415.53856979276605,42.245563652882204,1168.4076301812997,5.705311073660715,337.68605856473215,911.0176164469246,412.57619673859125,42.5052443578869,1168.4076301812997,5.705311073660715,337.68605856473215,911.0176164469246,412.57619673859125,42.5052443578869
2026-02-24 10:00:00+00:00,2495.066275,0.0,429.72665,960.8700749999999,408.155475,38.586325,1357.5094069521788,5.810678688126567,338.01570556727813,894.8835208968371,415.6441180262548,42.245563652882204,1168.4076301812997,5.705311073660715,337.68605856473215,911.0176164469246,412.57619673859125,42.5052443578869,1168.4076301812997,5.705311073660715,337.68605856473215,911.0176164469246,412.57619673859125,42.5052443578869
2026-02-24 11:00:00+00:00,2126.442375,0.0,432.4797,719.9152500000001,398.87085,39.9891,1348.6154387154738,5.810678688126567,337.9273142060692,903.2575691192603,415.9787698175456,42.245563652882204,1168.4076301812997,5.705311073660715,337.68605856473215,911.0176164469246,412.57619673859125,42.5052443578869,1168.4076301812997,5.705311073660715,337.68605856473215,911.0176164469246,412.57619673859125,42.5052443578869
2026-02-24 12:00:00+00:00,2100.0412,0.0,432.3811,765.61315,391.64695,38.68455,1352.3253521659685,5.810678688126567,337.85289426216514,911.6316173416836,416.91704079508634,42.245563652882204,1168.4076301812997,5.705311073660715,337.68605856473215,911.0176164469246,412.57619673859125,42.5052443578869,1168.4076301812997,5.705311073660715,337.68605856473215,911.0176164469246,412.57619673859125,42.5052443578869
2026-02-24 13:00:00+00:00,2679.74385,10.2646,434.932775,735.4173,401.517425,46.46595,1357.4103421275836,5.810678688126567,337.74112183084844,920.005665564107,417.7522054285663,42.245563652882204,1168.4076301812997,5.705311073660715,337.68605856473215,911.0176164469246,412.57619673859125,42.5052443578869,1168.4076301812997,5.705311073660715,337.68605856473215,911.0176164469246,412.57619673859125,42.5052443578869
2026-02-24 14:00:00+00:00,2837.76635,12.282775,441.35360000000003,1020.76895,420.5494,47.705425,1369.1218732582856,5.810678688126567,337.66156943802224,928.3797137865301,418.84725691524983,42.245563652882204,1168.4076301812997,5.705311073660715,337.68605856473215,911.0176164469246,412.57619673859125,42.5052443578869,1168.4076301812997,5.705311073660715,337.68605856473215,911.0176164469246,412.57619673859125,42.5052443578869
2026-02-24 15:00:00+00:00,2844.039925,16.9179,426.15635,1415.566725,445.3764,49.547825,1381.1728890021654,5.810678688126567,337.5868644142499,936.7537620089535,419.8713865858957,42.245563652882204,1168.4076301812997,5.705311073660715,337.68605856473215,911.0176164469246,412.57619673859125,42.5052443578869,1168.4076301812997,5.705311073660715,337.68605856473215,911.0176164469246,412.57619673859125,42.5052443578869
2026-02-24 16:00:00+00:00,2872.615,16.47945,424.620625,1799.4375250000003,484.4406,49.196625,1409.7414809168824,5.810678688126567,337.6456018825722,945.1278102313768,421.8215023867093,42.245563652882204,1168.4076301812997,5.705311073660715,337.68605856473215,911.0176164469246,412.57619673859125,42.5052443578869,1168.4076301812997,5.705311073660715,337.68605856473215,911.0176164469246,412.57619673859125,42.5052443578869
2026-02-24 17:00:00+00:00,2862.52935,0.0,407.0559,1809.788525,499.576475,44.42015,1425.229959103289,5.810678688126567,337.8831181625104,953.5018584538,423.84621825099634,42.245563652882204,1168.4076301812997,5.705311073660715,337.68605856473215,911.0176164469246,412.57619673859125,42.5052443578869,1168.4076301812997,5.705311073660715,337.68605856473215,911.0176164469246,412.57619673859125,42.5052443578869
2026-02-24 18:00:00+00:00,2829.8038500000002,0.0,405.398075,1743.1507,493.85925,47.445875,1419.170973895574,5.810678688126567,338.0034443790108,961.8759066762233,424.8713757994776,42.245563652882204,1168.4076301812997,5.705311073660715,337.68605856473215,911.0176164469246,412.57619673859125,42.5052443578869,1168.4076301812997,5.705311073660715,337.68605856473215,911.0176164469246,412.57619673859125,42.5052443578869
2026-02-24 19:00:00+00:00,2777.9643,0.0,438.117725,1580.4475750000001,476.03815000000003,52.02755,1392.905642647728,5.810678688126567,337.9609593937289,970.2499548986465,425.0092429713951,42.245563652882204,1168.4076301812997,5.705311073660715,337.68605856473215,911.0176164469246,412.57619673859125,42.5052443578869,1168.4076301812997,5.705311073660715,337.68605856473215,911.0176164469246,412.57619673859125,42.5052443578869
2026-02-24 20:00:00+00:00,2284.618925,0.0,438.5181,1344.8043750000002,451.5857,50.11395,1364.8717249385418,5.810678688126567,338.0456442844244,978.6240031210698,425.4872364176042,42.245563652882204,1168.4076301812997,5.705311073660715,337.68605856473215,911.0176164469246,412.57619673859125,42.5052443578869,1168.4076301812997,5.705311073660715,337.68605856473215,911.0176164469246,412.57619673859125,42.5052443578869
2026-02-24 21:00:00+00:00,1768.04695,0.0,441.645425,1652.6131249999999,440.296775,52.2405,1335.8447051265352,5.810678688126567,338.21672434651816,986.9980513434931,426.3084758549079,42.245563652882204,1168.4076301812997,5.705311073660715,337.68605856473215,911.0176164469246,412.57619673859125,42.5052443578869,1168.4076301812997,5.705311073660715,337.68605856473215,911.0176164469246,412.57619673859125,42.5052443578869
2026-02-24 22:00:00+00:00,1699.862525,0.0,445.190625,1013.5981,422.55165,52.0276,1311.6714369669585,5.810678688126567,338.29085931116646,995.3720995659163,426.9629765899614,42.245563652882204,1168.4076301812997,5.705311073660715,337.68605856473215,911.0176164469246,412.57619673859125,42.5052443578869,1168.4076301812997,5.705311073660715,337.68605856473215,911.0176164469246,412.57619673859125,42.5052443578869
2026-02-24 23:00:00+00:00,1571.55815,0.0,445.3198,1093.6210250000001,405.088725,51.823875,1289.1363277480139,5.810678688126567,338.3641391368225,1003.7461477883396,427.68575894326943,42.245563652882204,1168.4076301812997,5.705311073660715,337.68605856473215,911.0176164469246,412.57619673859125,42.5052443578869,1168.4076301812997,5.705311073660715,337.68605856473215,911.0176164469246,412.57619673859125,42.5052443578869
2026-02-25 00:00:00+00:00,1569.029875,0.0,444.685275,806.055625,402.5594,54.360875,1261.705315777354,5.810678688126567,338.0131393183435,811.1430386726045,404.22140811180356,42.245563652882204,1168.4076301812997,5.705311073660715,337.68605856473215,911.0176164469246,412.57619673859125,42.5052443578869,1168.4076301812997,5.705311073660715,337.68605856473215,911.0176164469246,412.57619673859125,42.5052443578869
2026-02-25 01:00:00+00:00,1526.2265,0.0,425.09125,799.823525,397.648575,52.9199,1259.6341409887848,5.810678688126567,338.1095143539467,819.5170868950277,405.3949055060515,42.245563652882204,1168.4076301812997,5.705311073660715,337.68605856473215,911.0176164469246,412.57619673859125,42.5052443578869,1168.4076301812997,5.705311073660715,337.68605856473215,911.0176164469246,412.57619673859125,42.5052443578869
2026-02-25 02:00:00+00:00,1525.0243249999999,0.0,413.5706,1010.8490999999999,402.1412,50.411775,1265.6862715143052,5.810678688126567,338.23782429922494,827.891135117451,406.7782919835362,42.245563652882204,1168.4076301812997,5.705311073660715,337.68605856473215,911.0176164469246,412.57619673859125,42.5052443578869,1168.4076301812997,5.705311073660715,337.68605856473215,911.0176164469246,412.57619673859125,42.5052443578869
2026-02-25 03:00:00+00:00,1628.23325,0.0,413.536075,1331.87675,412.56215,49.0517,1280.451542477784,5.810678688126567,338.27232555844716,836.2651833398742,408.28994213585787,42.245563652882204,1168.4076301812997,5.705311073660715,337.68605856473215,911.0176164469246,412.57619673859125,42.5052443578869,1168.4076301812997,5.705311073660715,337.68605856473215,911.0176164469246,412.57619673859125,42.5052443578869
2026-02-25 04:00:00+00:00,1724.494,0.0,421.016175,1436.73925,427.32155,50.1687,1305.7957008089716,5.810678688126567,338.3042605170694,844.6392315622975,409.95407567757945,42.245563652882204,1168.4076301812997,5.705311073660715,337.68605856473215,911.0176164469246,412.57619673859125,42.5052443578869,1168.4076301812997,5.705311073660715,337.68605856473215,911.0176164469246,412.57619673859125,42.5052443578869
2026-02-25 05:00:00+00:00,1720.19005,0.0,444.471775,1806.9479749999998,449.296325,49.804,1365.8032915672386,5.810678688126567,338.3282117985791,853.0132797847208,412.54359258733945,42.245563652882204,1168.4076301812997,5.705311073660715,337.68605856473215,911.0176164469246,412.57619673859125,42.5052443578869,1168.4076301812997,5.705311073660715,337.68605856473215,911.0176164469246,412.57619673859125,42.5052443578869
2026-02-25 06:00:00+00:00,1735.994975,0.0,482.252525,1749.98925,475.69304999999997,55.171025,1399.4146225620427,5.810678688126567,338.2401055689038,861.387328007144,414.23601284157587,42.245563652882204,1168.4076301812997,5.705311073660715,337.68605856473215,911.0176164469246,412.57619673859125,42.5052443578869,1168.4076301812997,5.705311073660715,337.68605856473215,911.0176164469246,412.57619673859125,42.5052443578869
2026-02-25 07:00:00+00:00,1654.007275,0.0,520.033275,1044.3113749999998,479.01795,63.092475,1382.9756398414152,5.810678688126567,338.2349730710346,869.7613762295673,414.6380727976532,42.245563652882204,1168.4076301812997,5.705311073660715,337.68605856473215,911.0176164469246,412.57619673859125,42.5052443578869,1168.4076301812997,5.705311073660715,337.68605856473215,911.0176164469246,412.57619673859125,42.5052443578869
2026-02-25 08:00:00+00:00,1035.193975,0.0,442.6005,1199.1111750000002,469.74645,63.2315,1337.66371853764,5.810678688126567,338.20047181181235,878.1354244519905,413.80059247534524,42.245563652882204,1168.4076301812997,5.705311073660715,337.68605856473215,911.0176164469246,412.57619673859125,42.5052443578869,1168.4076301812997,5.705311073660715,337.68605856473215,911.0176164469246,412.57619673859125,42.5052443578869
2026-02-25 09:00:00+00:00,615.894225,0.0,444.262225,920.7188249999999,435.97935,63.370525,1284.2626844788524,5.810678688126567,338.1012454963534,886.5094726744138,412.85429212553214,42.245563652882204,1168.4076301812997,5.705311073660715,337.68605856473215,911.0176164469246,412.57619673859125,42.5052443578869,1168.4076301812997,5.705311073660715,337.68605856473215,911.0176164469246,412.57619673859125,42.5052443578869
2026-02-25 10:00:00+00:00,419.71529999999996,0.0,443.83585,864.6869,416.333175,61.705875,1219.3478605685157,5.810678688126567,337.91476809021145,894.8835208968371,411.24766475139523,42.245563652882204,1168.4076301812997,5.705311073660715,337.68605856473215,911.0176164469246,412.57619673859125,42.5052443578869,1168.4076301812997,5.705311073660715,337.68605856473215,911.0176164469246,412.57619673859125,42.5052443578869
2026-02-25 11:00:00+00:00,403.51685,0.0,401.89525000000003,734.212275,403.075275,59.2286,1154.3218864280957,5.810678688126567,337.6937894275656,903.2575691192603,409.39928677212345,42.245563652882204,1168.4076301812997,5.705311073660715,337.68605856473215,911.0176164469246,412.57619673859125,42.5052443578869,1168.4076301812997,5.705311073660715,337.68605856473215,911.0176164469246,412.57619673859125,42.5052443578869
2026-02-25 12:00:00+00:00,394.21777499999996,0.0,395.089,693.015225,395.81675,55.504275,1117.496979800975,5.810678688126567,337.56776054802293,911.6316173416836,408.74211609801694,42.245563652882204,1168.4076301812997,5.705311073660715,337.68605856473215,911.0176164469246,412.57619673859125,42.5052443578869,1168.4076301812997,5.705311073660715,337.68605856473215,911.0176164469246,412.57619673859125,42.5052443578869
2026-02-25 13:00:00+00:00,388.046925,0.0,416.522975,734.4388250000001,406.96112500000004,52.98075,1116.7439767297851,5.810678688126567,337.3949694793176,920.005665564107,409.09026860214846,42.245563652882204,1168.4076301812997,5.705311073660715,337.68605856473215,911.0176164469246,412.57619673859125,42.5052443578869,1168.4076301812997,5.705311073660715,337.68605856473215,911.0176164469246,412.57619673859125,42.5052443578869
2026-02-25 14:00:00+00:00,445.003925,0.0,407.77695,875.221025,430.653925,47.123225,1164.2368877501337,5.810678688126567,337.24869568816615,928.3797137865301,411.0504729683959,42.245563652882204,1168.4076301812997,5.705311073660715,337.68605856473215,911.0176164469246,412.57619673859125,42.5052443578869,1168.4076301812997,5.705311073660715,337.68605856473215,911.0176164469246,412.57619673859125,42.5052443578869
2026-02-25 15:00:00+00:00,721.6686,0.0,401.610275,1297.5494499999998,472.026975,48.601925,1249.0624907750707,5.810678688126567,337.1985120050275,936.7537620089535,414.3765606834699,42.245563652882204,1168.4076301812997,5.705311073660715,337.68605856473215,911.0176164469246,412.57619673859125,42.5052443578869,1168.4076301812997,5.705311073660715,337.68605856473215,911.0176164469246,412.57619673859125,42.5052443578869
2026-02-25 16:00:00+00:00,773.256275,10.626625,403.17835,1726.3861,509.22592499999996,48.88115,1336.0290265512579,5.810678688126567,337.3265370227154,945.1278102313768,418.6144905822287,42.245563652882204,1168.4076301812997,5.705311073660715,337.68605856473215,911.0176164469246,412.57619673859125,42.5052443578869,1168.4076301812997,5.705311073660715,337.68605856473215,911.0176164469246,412.57619673859125,42.5052443578869
2026-02-25 17:00:00+00:00,767.898,112.3399,403.163025,1577.610025,516.100725,46.520725,1362.0838349695193,5.810678688126567,337.66156943802224,953.5018584538,421.67168621033426,42.245563652882204,1168.4076301812997,5.705311073660715,337.68605856473215,911.0176164469246,412.57619673859125,42.5052443578869,1168.4076301812997,5.705311073660715,337.68605856473215,911.0176164469246,412.57619673859125,42.5052443578869
2026-02-25 18:00:00+00:00,764.877975,16.8503,401.417675,1134.3521,514.185475,45.880875,1359.1600355040284,5.810678688126567,337.7796154180265,961.8759066762233,423.0173123227354,42.245563652882204,1168.4076301812997,5.705311073660715,337.68605856473215,911.0176164469246,412.57619673859125,42.5052443578869,1168.4076301812997,5.705311073660715,337.68605856473215,911.0176164469246,412.57619673859125,42.5052443578869
2026-02-25 19:00:00+00:00,616.278,0.0,400.347,765.1818000000001,493.76315,45.465,1340.8877863120044,5.810678688126567,337.92218273866445,970.2499548986465,423.9484212503653,42.245563652882204,1168.4076301812997,5.705311073660715,337.68605856473215,911.0176164469246,412.57619673859125,42.5052443578869,1168.4076301812997,5.705311073660715,337.68605856473215,911.0176164469246,412.57619673859125,42.5052443578869
2026-02-25 20:00:00+00:00,544.4312,0.0,404.70635,689.70985,471.91345,46.254975,1320.8183894759998,5.810678688126567,337.9923253753569,978.6240031210698,424.7899470063691,42.245563652882204,1168.4076301812997,5.705311073660715,337.68605856473215,911.0176164469246,412.57619673859125,42.5052443578869,1168.4076301812997,5.705311073660715,337.68605856473215,911.0176164469246,412.57619673859125,42.5052443578869
2026-02-25 21:00:00+00:00,391.53925000000004,0.0,411.2207,693.10535,451.98969999999997,47.703625,1292.3886572253093,5.810678688126567,338.0713066758764,986.9980513434931,425.52326549768566,42.245563652882204,1168.4076301812997,5.705311073660715,337.68605856473215,911.0176164469246,412.57619673859125,42.5052443578869,1168.4076301812997,5.705311073660715,337.68605856473215,911.0176164469246,412.57619673859125,42.5052443578869
2026-02-25 22:00:00+00:00,246.679625,0.0,430.02459999999996,651.64145,430.88565,49.1181,1271.6090531517573,5.810678688126567,338.2093116094345,995.3720995659163,426.31596742195404,42.245563652882204,1168.4076301812997,5.705311073660715,337.68605856473215,911.0176164469246,412.57619673859125,42.5052443578869,1168.4076301812997,5.705311073660715,337.68605856473215,911.0176164469246,412.57619673859125,42.5052443578869
2026-02-25 23:00:00+00:00,233.67922499999997,0.0,432.078125,669.297175,419.97265,48.7146,1252.557536201525,5.810678688126567,338.29656280073,1003.7461477883396,426.98506362636556,42.245563652882204,1168.4076301812997,5.705311073660715,337.68605856473215,911.0176164469246,412.57619673859125,42.5052443578869,1168.4076301812997,5.705311073660715,337.68605856473215,911.0176164469246,412.57619673859125,42.5052443578869
2026-02-26 00:00:00+00:00,212.28739999999993,0.0,424.760025,672.503625,411.44725,45.686425,1238.4621756995186,5.810678688126567,338.4559527151978,811.1430386726045,405.1718784061174,42.245563652882204,1168.4076301812997,5.705311073660715,337.68605856473215,911.0176164469246,412.57619673859125,42.5052443578869,1168.4076301812997,5.705311073660715,337.68605856473215,911.0176164469246,412.57619673859125,42.5052443578869
2026-02-26 01:00:00+00:00,213.08055000000013,0.0,418.742625,712.3856499999999,406.862775,46.30655,1231.5037177265779,5.810678688126567,338.512409017172,819.5170868950277,406.254822407003,42.245563652882204,1168.4076301812997,5.705311073660715,337.68605856473215,911.0176164469246,412.57619673859125,42.5052443578869,1168.4076301812997,5.705311073660715,337.68605856473215,911.0176164469246,412.57619673859125,42.5052443578869
2026-02-26 02:00:00+00:00,214.03492500000004,0.0,421.330475,679.902725,406.4075,46.3548,1233.812905669456,5.810678688126567,338.54491403491824,827.891135117451,407.44009331277243,42.245563652882204,1168.4076301812997,5.705311073660715,337.68605856473215,911.0176164469246,412.57619673859125,42.5052443578869,1168.4076301812997,5.705311073660715,337.68605856473215,911.0176164469246,412.57619673859125,42.5052443578869
2026-02-26 03:00:00+00:00,218.76725,0.0,420.572125,688.107725,411.46075,45.5009,1249.0216169340342,5.810678688126567,338.5962378879703,836.2651833398742,408.8362476311293,42.245563652882204,1168.4076301812997,5.705311073660715,337.68605856473215,911.0176164469246,412.57619673859125,42.5052443578869,1168.4076301812997,5.705311073660715,337.68605856473215,911.0176164469246,412.57619673859125,42.5052443578869
2026-02-26 04:00:00+00:00,258.271575,0.0,430.55622500000004,795.2242500000001,424.15970000000004,46.874700000000004,1277.2299938713315,5.810678688126567,338.62589167752617,844.6392315622975,410.6754470418807,42.245563652882204,1168.4076301812997,5.705311073660715,337.68605856473215,911.0176164469246,412.57619673859125,42.5052443578869,1168.4076301812997,5.705311073660715,337.68605856473215,911.0176164469246,412.57619673859125,42.5052443578869
2026-02-26 05:00:00+00:00,373.5584,114.151125,433.0082,1018.712625,451.26210000000003,45.229925,1331.04235422072,5.810678688126567,338.66324416493876,853.0132797847208,413.3840666358171,42.245563652882204,1168.4076301812997,5.705311073660715,337.68605856473215,911.0176164469246,412.57619673859125,42.5052443578869,1168.4076301812997,5.705311073660715,337.68605856473215,911.0176164469246,412.57619673859125,42.5052443578869
2026-02-26 06:00:00+00:00,354.3084,120.2655,433.066325,1213.983875,482.83957499999997,45.425025,1366.1439082964132,5.810678688126567,338.60051527132083,861.387328007144,415.2482853945806,42.245563652882204,1168.4076301812997,5.705311073660715,337.68605856473215,911.0176164469246,412.57619673859125,42.5052443578869,1168.4076301812997,5.705311073660715,337.68605856473215,911.0176164469246,412.57619673859125,42.5052443578869
2026-02-26 07:00:00+00:00,314.73917499999993,120.20152499999999,431.92205,918.904775,492.40785,45.8411,1350.9332583714722,5.810678688126567,338.53122774914704,869.7613762295673,415.0813085247036,42.245563652882204,1168.4076301812997,5.705311073660715,337.68605856473215,911.0176164469246,412.57619673859125,42.5052443578869,1168.4076301812997,5.705311073660715,337.68605856473215,911.0176164469246,412.57619673859125,42.5052443578869
2026-02-26 08:00:00+00:00,328.25945,7.060625,429.590875,951.1265249999999,480.1597,45.64965,1296.116030071388,5.810678688126567,338.43513779341214,878.1354244519905,413.26792994382714,42.245563652882204,1168.4076301812997,5.705311073660715,337.68605856473215,911.0176164469246,412.57619673859125,42.5052443578869,1168.4076301812997,5.705311073660715,337.68605856473215,911.0176164469246,412.57619673859125,42.5052443578869
2026-02-26 09:00:00+00:00,319.116075,0.0,429.88515,652.6739249999999,448.48115,43.568425,1224.9472334813966,5.810678688126567,338.2429577786116,886.5094726744138,410.8658812719131,42.245563652882204,1168.4076301812997,5.705311073660715,337.68605856473215,911.0176164469246,412.57619673859125,42.5052443578869,1168.4076301812997,5.705311073660715,337.68605856473215,911.0176164469246,412.57619673859125,42.5052443578869
2026-02-26 10:00:00+00:00,322.2342,0.0,403.9076,685.033175,431.45372499999996,48.3121,1155.1616557743705,5.810678688126567,337.90792541225187,894.8835208968371,408.3048715636018,42.245563652882204,1168.4076301812997,5.705311073660715,337.68605856473215,911.0176164469246,412.57619673859125,42.5052443578869,1168.4076301812997,5.705311073660715,337.68605856473215,911.0176164469246,412.57619673859125,42.5052443578869
2026-02-26 11:00:00+00:00,302.44297499999993,0.0,390.666075,702.1955999999999,419.477775,47.434925,1099.3426312357417,5.810678688126567,337.5466606469815,903.2575691192603,406.26747319439386,42.245563652882204,1168.4076301812997,5.705311073660715,337.68605856473215,911.0176164469246,412.57619673859125,42.5052443578869,1168.4076301812997,5.705311073660715,337.68605856473215,911.0176164469246,412.57619673859125,42.5052443578869
2026-02-26 12:00:00+00:00,268.5131000000001,0.0,384.228875,714.0595500000001,418.959675,49.399425,1078.7425602985443,5.810678688126567,337.4505705879158,911.6316173416836,406.4383093396905,42.245563652882204,1168.4076301812997,5.705311073660715,337.68605856473215,911.0176164469246,412.57619673859125,42.5052443578869,1168.4076301812997,5.705311073660715,337.68605856473215,911.0176164469246,412.57619673859125,42.5052443578869
2026-02-26 13:00:00+00:00,265.06484999999986,0.0,385.537775,678.9786750000001,419.71665,49.289875,1091.4204101946268,5.810678688126567,337.22731075620356,920.005665564107,407.33957159931225,42.245563652882204,1168.4076301812997,5.705311073660715,337.68605856473215,911.0176164469246,412.57619673859125,42.5052443578869,1168.4076301812997,5.705311073660715,337.68605856473215,911.0176164469246,412.57619673859125,42.5052443578869
2026-02-26 14:00:00+00:00,266.166975,0.0,405.093325,760.0436749999999,433.266525,49.097075000000004,1130.4991513639536,5.810678688126567,337.08902074277717,928.3797137865301,409.3484234393863,42.245563652882204,1168.4076301812997,5.705311073660715,337.68605856473215,911.0176164469246,412.57619673859125,42.5052443578869,1168.4076301812997,5.705311073660715,337.68605856473215,911.0176164469246,412.57619673859125,42.5052443578869
2026-02-26 15:00:00+00:00,345.704025,0.0,409.4519,1289.3538,468.98497499999996,49.629525,1216.1909335575272,5.810678688126567,337.0254358564539,936.7537620089535,412.95426101666214,42.245563652882204,1168.4076301812997,5.705311073660715,337.68605856473215,911.0176164469246,412.57619673859125,42.5052443578869,1168.4076301812997,5.705311073660715,337.68605856473215,911.0176164469246,412.57619673859125,42.5052443578869
2026-02-26 16:00:00+00:00,420.65752499999996,0.0,411.774675,1835.0353,502.648875,49.948100000000004,1306.6658308776136,5.810678688126567,337.1719945751957,945.1278102313768,417.4181648189527,42.245563652882204,1168.4076301812997,5.705311073660715,337.68605856473215,911.0176164469246,412.57619673859125,42.5052443578869,1168.4076301812997,5.705311073660715,337.68605856473215,911.0176164469246,412.57619673859125,42.5052443578869
2026-02-26 17:00:00+00:00,550.058325,0.0,411.779475,1786.1678,512.72565,48.249725,1329.88025059791,5.810678688126567,337.47281071053607,953.5018584538,420.50762637343865,42.245563652882204,1168.4076301812997,5.705311073660715,337.68605856473215,911.0176164469246,412.57619673859125,42.5052443578869,1168.4076301812997,5.705311073660715,337.68605856473215,911.0176164469246,412.57619673859125,42.5052443578869
2026-02-26 18:00:00+00:00,814.629375,0.0,412.657775,1147.066325,505.067475,44.649775,1312.811365421495,5.810678688126567,337.6062532570144,961.8759066762233,421.86951554903544,42.245563652882204,1168.4076301812997,5.705311073660715,337.68605856473215,911.0176164469246,412.57619673859125,42.5052443578869,1168.4076301812997,5.705311073660715,337.68605856473215,911.0176164469246,412.57619673859125,42.5052443578869
2026-02-26 19:00:00+00:00,845.8566000000001,0.0,413.445025,803.234125,486.777775,43.7119,1287.1596521520648,5.810678688126567,337.7183116463859,970.2499548986465,422.8801265607299,42.245563652882204,1168.4076301812997,5.705311073660715,337.68605856473215,911.0176164469246,412.57619673859125,42.5052443578869,1168.4076301812997,5.705311073660715,337.68605856473215,911.0176164469246,412.57619673859125,42.5052443578869
2026-02-26 20:00:00+00:00,838.7135000000001,0.0,412.43354999999997,684.9473250000001,464.02565,41.008225,1261.4418303798716,5.810678688126567,337.7645030532341,978.6240031210698,423.31827043649247,42.245563652882204,1168.4076301812997,5.705311073660715,337.68605856473215,911.0176164469246,412.57619673859125,42.5052443578869,1168.4076301812997,5.705311073660715,337.68605856473215,911.0176164469246,412.57619673859125,42.5052443578869
2026-02-26 21:00:00+00:00,726.634625,0.0,413.09479999999996,644.6986250000001,447.0489,44.166225,1247.1190617859293,5.810678688126567,337.908210443173,986.9980513434931,424.0088770162912,42.245563652882204,1168.4076301812997,5.705311073660715,337.68605856473215,911.0176164469246,412.57619673859125,42.5052443578869,1168.4076301812997,5.705311073660715,337.68605856473215,911.0176164469246,412.57619673859125,42.5052443578869
2026-02-26 22:00:00+00:00,818.8280500000001,0.0,431.874125,618.792275,431.4115,50.401875000000004,1227.5826377170495,5.810678688126567,338.01713159463395,995.3720995659163,424.61278418260997,42.245563652882204,1168.4076301812997,5.705311073660715,337.68605856473215,911.0176164469246,412.57619673859125,42.5052443578869,1168.4076301812997,5.705311073660715,337.68605856473215,911.0176164469246,412.57619673859125,42.5052443578869
2026-02-26 23:00:00+00:00,820.71405,0.0,403.730525,741.9789000000001,419.397775,58.79185,1216.5470243613456,5.810678688126567,338.09155164186876,1003.7461477883396,425.3572990813253,42.245563652882204,1168.4076301812997,5.705311073660715,337.68605856473215,911.0176164469246,412.57619673859125,42.5052443578869,1168.4076301812997,5.705311073660715,337.68605856473215,911.0176164469246,412.57619673859125,42.5052443578869
2026-02-27 00:00:00+00:00,666.18895,0.0,344.495025,709.373625,412.759475,49.091925,1198.50227906078,5.810678688126567,338.1750954817459,811.1430386726045,403.3748337488028,42.245563652882204,1168.4076301812997,5.705311073660715,337.68605856473215,911.0176164469246,412.57619673859125,42.5052443578869,1168.4076301812997,5.705311073660715,337.68605856473215,911.0176164469246,412.57619673859125,42.5052443578869
2026-02-27 01:00:00+00:00,655.273575,0.0,344.807075,620.034275,410.7279,49.821600000000004,1193.0686708995315,5.810678688126567,338.26263165229716,819.5170868950277,404.753960361271,42.245563652882204,1168.4076301812997,5.705311073660715,337.68605856473215,911.0176164469246,412.57619673859125,42.5052443578869,1168.4076301812997,5.705311073660715,337.68605856473215,911.0176164469246,412.57619673859125,42.5052443578869
2026-02-27 02:00:00+00:00,651.8036500000001,0.0,344.464475,613.1293,413.6314,50.080349999999996,1200.2670280574182,5.810678688126567,338.2991290496646,827.891135117451,406.15672151801033,42.245563652882204,1168.4076301812997,5.705311073660715,337.68605856473215,911.0176164469246,412.57619673859125,42.5052443578869,1168.4076301812997,5.705311073660715,337.68605856473215,911.0176164469246,412.57619673859125,42.5052443578869
2026-02-27 03:00:00+00:00,703.6982250000001,0.0,344.4775,628.402625,423.365625,47.3711,1220.1816596259064,5.810678688126567,338.36613532663307,836.2651833398742,407.7275811774918,42.245563652882204,1168.4076301812997,5.705311073660715,337.68605856473215,911.0176164469246,412.57619673859125,42.5052443578869,1168.4076301812997,5.705311073660715,337.68605856473215,911.0176164469246,412.57619673859125,42.5052443578869
2026-02-27 04:00:00+00:00,1033.0398500000001,0.0,344.776475,681.0332999999999,435.7477,46.295775,1252.0284902437631,5.810678688126567,338.44397660951694,844.6392315622975,409.8247760723235,42.245563652882204,1168.4076301812997,5.705311073660715,337.68605856473215,911.0176164469246,412.57619673859125,42.5052443578869,1168.4076301812997,5.705311073660715,337.68605856473215,911.0176164469246,412.57619673859125,42.5052443578869
2026-02-27 05:00:00+00:00,1224.609875,0.0,363.1967,810.8745,468.42575,44.878425,1311.9111206820194,5.810678688126567,338.56230668787214,853.0132797847208,412.8672366143013,42.245563652882204,1168.4076301812997,5.705311073660715,337.68605856473215,911.0176164469246,412.57619673859125,42.5052443578869,1168.4076301812997,5.705311073660715,337.68605856473215,911.0176164469246,412.57619673859125,42.5052443578869
2026-02-27 06:00:00+00:00,1057.575725,0.0,374.0961,1052.42325,505.4928,48.54165,1340.5234245081976,5.810678688126567,338.5970929263501,861.387328007144,414.48180940697233,42.245563652882204,1168.4076301812997,5.705311073660715,337.68605856473215,911.0176164469246,412.57619673859125,42.5052443578869,1168.4076301812997,5.705311073660715,337.68605856473215,911.0176164469246,412.57619673859125,42.5052443578869
2026-02-27 07:00:00+00:00,728.1569,0.0,374.6193,794.49005,509.209375,53.405825,1307.5349321969788,5.810678688126567,338.6293129648406,869.7613762295673,413.7178719126386,42.245563652882204,1168.4076301812997,5.705311073660715,337.68605856473215,911.0176164469246,412.57619673859125,42.5052443578869,1168.4076301812997,5.705311073660715,337.68605856473215,911.0176164469246,412.57619673859125,42.5052443578869
2026-02-27 08:00:00+00:00,618.4183,0.0,368.38905,631.2518749999999,492.068,59.10965,1223.5624054603643,5.810678688126567,338.2532217438856,878.1354244519905,410.8263558270618,42.245563652882204,1168.4076301812997,5.705311073660715,337.68605856473215,911.0176164469246,412.57619673859125,42.5052443578869,1168.4076301812997,5.705311073660715,337.68605856473215,911.0176164469246,412.57619673859125,42.5052443578869
2026-02-27 09:00:00+00:00,260.4931,0.0,364.815975,650.606525,458.17265,59.583225,1146.9650852388231,5.810678688126567,337.8095542385035,886.5094726744138,407.7212808778286,42.245563652882204,1168.4076301812997,5.705311073660715,337.68605856473215,911.0176164469246,412.57619673859125,42.5052443578869,1168.4076301812997,5.705311073660715,337.68605856473215,911.0176164469246,412.57619673859125,42.5052443578869
2026-02-27 10:00:00+00:00,251.29270000000008,0.0,363.985475,641.2348,437.1687,62.15245,1084.6797441573904,5.810678688126567,337.4251942089023,894.8835208968371,405.4096774367984,42.245563652882204,1168.4076301812997,5.705311073660715,337.68605856473215,911.0176164469246,412.57619673859125,42.5052443578869,1168.4076301812997,5.705311073660715,337.68605856473215,911.0176164469246,412.57619673859125,42.5052443578869
2026-02-27 11:00:00+00:00,244.81372499999998,0.0,355.353125,668.4066250000001,426.338475,62.279975,1043.4578238684744,5.810678688126567,337.14091563647065,903.2575691192603,404.08396544557326,42.245563652882204,1168.4076301812997,5.705311073660715,337.68605856473215,911.0176164469246,412.57619673859125,42.5052443578869,1168.4076301812997,5.705311073660715,337.68605856473215,911.0176164469246,412.57619673859125,42.5052443578869
2026-02-27 12:00:00+00:00,246.97749999999996,0.0,345.736,659.7620999999999,425.81162500000005,63.298550000000006,1029.3104027145873,5.810678688126567,336.8592032640265,911.6316173416836,403.70237706270393,42.245563652882204,1168.4076301812997,5.705311073660715,337.68605856473215,911.0176164469246,412.57619673859125,42.5052443578869,1168.4076301812997,5.705311073660715,337.68605856473215,911.0176164469246,412.57619673859125,42.5052443578869
2026-02-27 13:00:00+00:00,246.66599999999994,0.0,350.480275,658.088675,433.807425,61.0571125,1032.059341923548,5.810678688126567,336.6892634207933,920.005665564107,404.3252458026681,42.245563652882204,1168.4076301812997,5.705311073660715,337.68605856473215,911.0176164469246,412.57619673859125,42.5052443578869,1168.4076301812997,5.705311073660715,337.68605856473215,911.0176164469246,412.57619673859125,42.5052443578869
2026-02-27 14:00:00+00:00,268.14785000000006,0.0,372.393975,651.095475,448.89495,58.815675,1070.517935266775,5.810678688126567,336.594028454491,928.3797137865301,406.58058799580505,42.245563652882204,1168.4076301812997,5.705311073660715,337.68605856473215,911.0176164469246,412.57619673859125,42.5052443578869,1168.4076301812997,5.705311073660715,337.68605856473215,911.0176164469246,412.57619673859125,42.5052443578869
2026-02-27 15:00:00+00:00,324.446325,0.0,387.9421,1370.143075,485.37645,54.6372,1166.5331018236884,5.810678688126567,336.62881479086326,936.7537620089535,410.5399841247794,42.245563652882204,1168.4076301812997,5.705311073660715,337.68605856473215,911.0176164469246,412.57619673859125,42.5052443578869,1168.4076301812997,5.705311073660715,337.68605856473215,911.0176164469246,412.57619673859125,42.5052443578869
2026-02-27 16:00:00+00:00,454.845875,0.0,401.634275,1665.87095,511.760175,54.828275,1271.8969668004468,5.810678688126567,336.8768808962361,945.1278102313768,415.4028144181211,42.245563652882204,1168.4076301812997,5.705311073660715,337.68605856473215,911.0176164469246,412.57619673859125,42.5052443578869,1168.4076301812997,5.705311073660715,337.68605856473215,911.0176164469246,412.57619673859125,42.5052443578869
2026-02-27 17:00:00+00:00,464.5856,0.0,429.073275,1330.6336000000001,517.221125,58.00995,1306.0775255651315,5.810678688126567,337.3005896003422,953.5018584538,418.5867519816447,42.245563652882204,1168.4076301812997,5.705311073660715,337.68605856473215,911.0176164469246,412.57619673859125,42.5052443578869,1168.4076301812997,5.705311073660715,337.68605856473215,911.0176164469246,412.57619673859125,42.5052443578869
2026-02-27 18:00:00+00:00,386.77852499999995,0.0,430.892025,1379.238075,515.8587,56.678075,1292.2569534971383,5.810678688126567,337.3447857472318,961.8759066762233,419.44944961804686,42.245563652882204,1168.4076301812997,5.705311073660715,337.68605856473215,911.0176164469246,412.57619673859125,42.5052443578869,1168.4076301812997,5.705311073660715,337.68605856473215,911.0176164469246,412.57619673859125,42.5052443578869
2026-02-27 19:00:00+00:00,378.93067500000006,0.0,431.73365,1306.701475,499.090625,58.1181,1277.602404168519,5.810678688126567,337.4083706335551,970.2499548986465,420.1662229726501,42.245563652882204,1168.4076301812997,5.705311073660715,337.68605856473215,911.0176164469246,412.57619673859125,42.5052443578869,1168.4076301812997,5.705311073660715,337.68605856473215,911.0176164469246,412.57619673859125,42.5052443578869
2026-02-27 20:00:00+00:00,297.50775,0.0,432.92875,1047.8442499999999,476.5494,57.467,1257.2888539609314,5.810678688126567,337.59484808864414,978.6240031210698,421.1628655840524,42.245563652882204,1168.4076301812997,5.705311073660715,337.68605856473215,911.0176164469246,412.57619673859125,42.5052443578869,1168.4076301812997,5.705311073660715,337.68605856473215,911.0176164469246,412.57619673859125,42.5052443578869
2026-02-27 21:00:00+00:00,251.51960000000008,0.0,413.489575,1112.1954250000001,458.10275,52.38365,1232.772531410128,5.810678688126567,337.660144288853,986.9980513434931,421.9327213845947,42.245563652882204,1168.4076301812997,5.705311073660715,337.68605856473215,911.0176164469246,412.57619673859125,42.5052443578869,1168.4076301812997,5.705311073660715,337.68605856473215,911.0176164469246,412.57619673859125,42.5052443578869
2026-02-27 22:00:00+00:00,225.650575,0.0,404.307125,965.2840999999999,438.430975,52.23925,1220.797315860973,5.810678688126567,337.8414892460728,995.3720995659163,423.08982821318983,42.245563652882204,1168.4076301812997,5.705311073660715,337.68605856473215,911.0176164469246,412.57619673859125,42.5052443578869,1168.4076301812997,5.705311073660715,337.68605856473215,911.0176164469246,412.57619673859125,42.5052443578869
2026-02-27 23:00:00+00:00,215.01150000000007,0.0,405.849275,942.904825,427.6012,54.195075,1196.517538611775,5.810678688126567,337.9769279306963,1003.7461477883396,424.1892504337486,42.245563652882204,1168.4076301812997,5.705311073660715,337.68605856473215,911.0176164469246,412.57619673859125,42.5052443578869,1168.4076301812997,5.705311073660715,337.68605856473215,911.0176164469246,412.57619673859125,42.5052443578869
