date,hard_coal_50hz_actual,lignite_50hz_actual,oil_50hz_actual,other_fossil_50hz_actual,gas_50hz_actual,renewables_50hz_actual,biomass_50hz_actual,waste_50hz_actual,hard_coal_50hz_fitted,lignite_50hz_fitted,oil_50hz_fitted,other_fossil_50hz_fitted,gas_50hz_fitted,renewables_50hz_fitted,biomass_50hz_fitted,waste_50hz_fitted,hard_coal_50hz_lower,lignite_50hz_lower,oil_50hz_lower,other_fossil_50hz_lower,gas_50hz_lower,renewables_50hz_lower,biomass_50hz_lower,waste_50hz_lower,hard_coal_50hz_upper,lignite_50hz_upper,oil_50hz_upper,other_fossil_50hz_upper,gas_50hz_upper,renewables_50hz_upper,biomass_50hz_upper,waste_50hz_upper
2026-01-24 00:00:00+00:00,1133.5425,4713.77,424.462,177.49475,3863.3525,141.29925000000003,1029.7625,425.92625,907.9239681664202,5785.287698639782,190.38959170776656,173.66578659142698,3593.8828430261474,124.64282708870678,974.8652088967505,389.3269976738209,485.4113284821428,4427.6351160466265,321.30533287202377,59.96197808035714,1769.5455587698416,543.2219096676587,988.6460096775795,331.8802791071429,485.4113284821428,4427.6351160466265,321.30533287202377,59.96197808035714,1769.5455587698416,543.2219096676587,988.6460096775795,331.8802791071429
2026-01-24 01:00:00+00:00,1132.5475000000001,4451.55,424.462,177.46875,3808.4775,142.51600000000002,1040.1075,419.8615,923.4217326840912,5765.789074676575,184.6723025419774,175.4933218776853,3558.7055016978243,198.23481932818686,1004.6884395518352,404.78764546107897,485.4113284821428,4427.6351160466265,321.30533287202377,59.96197808035714,1769.5455587698416,543.2219096676587,988.6460096775795,331.8802791071429,485.4113284821428,4427.6351160466265,321.30533287202377,59.96197808035714,1769.5455587698416,543.2219096676587,988.6460096775795,331.8802791071429
2026-01-24 02:00:00+00:00,1132.955,4431.275,424.462,177.5,3802.4525000000003,142.32150000000001,1038.5774999999999,427.44075,926.9235759834473,5737.69488687657,207.5128980498969,178.36920133474445,3497.238945416515,198.20337232601855,999.507889732361,398.72296072907227,485.4113284821428,4427.6351160466265,321.30533287202377,59.96197808035714,1769.5455587698416,543.2219096676587,988.6460096775795,331.8802791071429,485.4113284821428,4427.6351160466265,321.30533287202377,59.96197808035714,1769.5455587698416,543.2219096676587,988.6460096775795,331.8802791071429
2026-01-24 03:00:00+00:00,1129.0675,4477.245,424.462,177.65800000000002,3836.8075,142.36325,1038.9,419.9915,914.5072022802685,5893.054057932755,193.7295353895798,175.72256113222966,3468.5074604762654,174.47769052118855,1007.4106549266188,401.11392464912274,485.4113284821428,4427.6351160466265,321.30533287202377,59.96197808035714,1769.5455587698416,543.2219096676587,988.6460096775795,331.8802791071429,485.4113284821428,4427.6351160466265,321.30533287202377,59.96197808035714,1769.5455587698416,543.2219096676587,988.6460096775795,331.8802791071429
2026-01-24 04:00:00+00:00,1126.545,4630.1175,424.462,177.918,3823.5825,143.4405,1048.0525,427.1485,928.4134103844634,5875.691117028361,248.04949692889232,171.67545654236983,3514.81448125054,222.94462552847256,995.0712420553949,397.9517179961441,485.4113284821428,4427.6351160466265,321.30533287202377,59.96197808035714,1769.5455587698416,543.2219096676587,988.6460096775795,331.8802791071429,485.4113284821428,4427.6351160466265,321.30533287202377,59.96197808035714,1769.5455587698416,543.2219096676587,988.6460096775795,331.8802791071429
2026-01-24 05:00:00+00:00,1127.6875,4618.094999999999,424.462,178.23975,3786.0775,143.69999999999993,1050.325,428.41325,883.1419246728365,5575.434929506423,289.83418576121596,169.60345024577504,3449.338618918191,327.23510732139033,972.6102807571699,378.6542977011337,485.4113284821428,4427.6351160466265,321.30533287202377,59.96197808035714,1769.5455587698416,543.2219096676587,988.6460096775795,331.8802791071429,485.4113284821428,4427.6351160466265,321.30533287202377,59.96197808035714,1769.5455587698416,543.2219096676587,988.6460096775795,331.8802791071429
2026-01-24 06:00:00+00:00,1131.9425,4830.18,424.462,178.50825,3877.435,220.9375,1056.8975,427.64300000000003,909.1196813421313,6111.709572679527,298.62934765624146,169.40791479915714,3807.5782691903214,468.93049377831716,956.2784504288059,393.22684660238497,485.4113284821428,4427.6351160466265,321.30533287202377,59.96197808035714,1769.5455587698416,543.2219096676587,988.6460096775795,331.8802791071429,485.4113284821428,4427.6351160466265,321.30533287202377,59.96197808035714,1769.5455587698416,543.2219096676587,988.6460096775795,331.8802791071429
2026-01-24 07:00:00+00:00,1131.4175,5176.02,424.462,179.198,3998.75,327.5274999999999,1061.2350000000001,431.241,907.8900133576071,5761.366672672555,301.5090581015764,159.26419876880192,3855.1521756297375,713.0177652392591,947.7086782481912,375.7137568689429,485.4113284821428,4427.6351160466265,321.30533287202377,59.96197808035714,1769.5455587698416,543.2219096676587,988.6460096775795,331.8802791071429,485.4113284821428,4427.6351160466265,321.30533287202377,59.96197808035714,1769.5455587698416,543.2219096676587,988.6460096775795,331.8802791071429
2026-01-24 08:00:00+00:00,1130.495,5241.7075,424.462,179.4685,4005.07,428.353,1051.1325000000002,427.06,913.5337698105186,5869.503380624177,308.5959025266849,157.66386435968928,3876.538532136314,654.101701665012,924.6490750481605,376.3840898671582,485.4113284821428,4427.6351160466265,321.30533287202377,59.96197808035714,1769.5455587698416,543.2219096676587,988.6460096775795,331.8802791071429,485.4113284821428,4427.6351160466265,321.30533287202377,59.96197808035714,1769.5455587698416,543.2219096676587,988.6460096775795,331.8802791071429
2026-01-24 09:00:00+00:00,1133.0125,5164.3575,424.462,179.392,3986.7475,371.3495,1052.305,413.696,923.7728881460864,5891.526932573515,297.92500702170344,167.72035051663363,3717.4426685475664,376.85038491200146,939.4850925880068,398.10008340881444,485.4113284821428,4427.6351160466265,321.30533287202377,59.96197808035714,1769.5455587698416,543.2219096676587,988.6460096775795,331.8802791071429,485.4113284821428,4427.6351160466265,321.30533287202377,59.96197808035714,1769.5455587698416,543.2219096676587,988.6460096775795,331.8802791071429
2026-01-24 10:00:00+00:00,1136.08,4892.6025,424.462,179.1355,3882.7599999999998,301.07025,1047.1025,413.613,923.9040037528214,6143.275394800066,320.7545297929603,167.99114355272187,3732.2634548234128,260.5007911173825,1009.5774907903555,393.8620527119018,485.4113284821428,4427.6351160466265,321.30533287202377,59.96197808035714,1769.5455587698416,543.2219096676587,988.6460096775795,331.8802791071429,485.4113284821428,4427.6351160466265,321.30533287202377,59.96197808035714,1769.5455587698416,543.2219096676587,988.6460096775795,331.8802791071429
2026-01-24 11:00:00+00:00,1053.075,4898.4974999999995,424.462,178.83350000000002,3772.2799999999997,237.038,1045.5075,426.536,955.4187587731255,6419.963299583385,311.99955427643187,171.50471078132375,3549.705155105263,202.08950247843256,980.9420479996285,401.7661200052647,485.4113284821428,4427.6351160466265,321.30533287202377,59.96197808035714,1769.5455587698416,543.2219096676587,988.6460096775795,331.8802791071429,485.4113284821428,4427.6351160466265,321.30533287202377,59.96197808035714,1769.5455587698416,543.2219096676587,988.6460096775795,331.8802791071429
2026-01-24 12:00:00+00:00,1117.58,4903.1325,424.462,178.502,3822.02,218.77274999999997,1038.7775000000001,421.959,982.030976150356,6409.793001329112,311.4443014028241,173.0259561986535,3511.112879209095,195.87212229211843,991.2733017856029,402.80286293354186,485.4113284821428,4427.6351160466265,321.30533287202377,59.96197808035714,1769.5455587698416,543.2219096676587,988.6460096775795,331.8802791071429,485.4113284821428,4427.6351160466265,321.30533287202377,59.96197808035714,1769.5455587698416,543.2219096676587,988.6460096775795,331.8802791071429
2026-01-24 13:00:00+00:00,1132.605,4955.26,424.462,178.1875,3773.3125,271.017,1040.76,423.8085,920.3448907991828,6488.507837391429,328.8783740876838,178.73611674971397,3598.7786963060526,233.18016714237484,972.058386909121,390.1216446593319,485.4113284821428,4427.6351160466265,321.30533287202377,59.96197808035714,1769.5455587698416,543.2219096676587,988.6460096775795,331.8802791071429,485.4113284821428,4427.6351160466265,321.30533287202377,59.96197808035714,1769.5455587698416,543.2219096676587,988.6460096775795,331.8802791071429
2026-01-24 14:00:00+00:00,1132.7175,5233.0925,424.462,177.82325,3978.4725,585.43575,1037.7549999999999,424.8465,1037.0915411661194,6539.308541976719,347.4952917584891,177.0264102411016,3707.297232271365,438.15713300782556,962.6177021893768,378.90915571744654,485.4113284821428,4427.6351160466265,321.30533287202377,59.96197808035714,1769.5455587698416,543.2219096676587,988.6460096775795,331.8802791071429,485.4113284821428,4427.6351160466265,321.30533287202377,59.96197808035714,1769.5455587698416,543.2219096676587,988.6460096775795,331.8802791071429
2026-01-24 15:00:00+00:00,1128.8925,5330.2475,424.462,177.78025,4104.2875,1149.2377500000002,1072.1175,430.67925,1116.1167940894527,6564.079163566887,320.0588052058775,177.94790028263918,3904.1651862032795,1069.7606292283426,1012.9731790111316,388.72278513861164,485.4113284821428,4427.6351160466265,321.30533287202377,59.96197808035714,1769.5455587698416,543.2219096676587,988.6460096775795,331.8802791071429,485.4113284821428,4427.6351160466265,321.30533287202377,59.96197808035714,1769.5455587698416,543.2219096676587,988.6460096775795,331.8802791071429
2026-01-24 16:00:00+00:00,1131.29,5319.2025,424.462,178.1875,4198.0875,1529.05825,1068.6475,439.54275,1089.6704606804635,6583.5533016705085,328.0319325447042,177.2859287548133,4151.025107451958,1648.8120317967182,1046.7403892411958,387.1317308328182,485.4113284821428,4427.6351160466265,321.30533287202377,59.96197808035714,1769.5455587698416,543.2219096676587,988.6460096775795,331.8802791071429,485.4113284821428,4427.6351160466265,321.30533287202377,59.96197808035714,1769.5455587698416,543.2219096676587,988.6460096775795,331.8802791071429
2026-01-24 17:00:00+00:00,1134.7475,5295.425,424.462,177.56925,4197.12,1423.54575,1069.36,439.145,1085.0570500373124,6361.903549336928,308.4258249013416,188.27903933272796,4256.152596997374,1395.4985658347864,1039.8653391788334,390.249521874052,485.4113284821428,4427.6351160466265,321.30533287202377,59.96197808035714,1769.5455587698416,543.2219096676587,988.6460096775795,331.8802791071429,485.4113284821428,4427.6351160466265,321.30533287202377,59.96197808035714,1769.5455587698416,543.2219096676587,988.6460096775795,331.8802791071429
2026-01-24 18:00:00+00:00,1134.4850000000001,5306.4175,424.462,176.6735,4177.7725,1011.93975,1078.57,439.92,1056.323923040544,6369.610797902707,277.36578471807775,179.92922000074492,4094.0729097490653,1018.025936021384,1036.656754361683,380.7835606452955,485.4113284821428,4427.6351160466265,321.30533287202377,59.96197808035714,1769.5455587698416,543.2219096676587,988.6460096775795,331.8802791071429,485.4113284821428,4427.6351160466265,321.30533287202377,59.96197808035714,1769.5455587698416,543.2219096676587,988.6460096775795,331.8802791071429
2026-01-24 19:00:00+00:00,1136.035,5324.25,424.462,177.005,4136.605,387.13325,1087.33,424.92575,1007.3912116412275,6484.180218340412,344.55199221558536,181.96272872497585,3924.876733615228,513.4560044020944,998.2497045163182,368.6539878553366,485.4113284821428,4427.6351160466265,321.30533287202377,59.96197808035714,1769.5455587698416,543.2219096676587,988.6460096775795,331.8802791071429,485.4113284821428,4427.6351160466265,321.30533287202377,59.96197808035714,1769.5455587698416,543.2219096676587,988.6460096775795,331.8802791071429
2026-01-24 20:00:00+00:00,1134.3475,5403.1125,424.462,177.7165,4074.1549999999997,250.11599999999999,1048.23,436.23175,944.6174125664626,6276.412110251938,359.8329932137298,183.90343013145952,3638.6015782611257,400.683802519499,983.7511205050025,372.750291811216,485.4113284821428,4427.6351160466265,321.30533287202377,59.96197808035714,1769.5455587698416,543.2219096676587,988.6460096775795,331.8802791071429,485.4113284821428,4427.6351160466265,321.30533287202377,59.96197808035714,1769.5455587698416,543.2219096676587,988.6460096775795,331.8802791071429
2026-01-24 21:00:00+00:00,1118.9275,5522.555,424.462,176.76999999999998,3934.82,258.93125,1043.745,428.58075,932.5967363358561,6239.4263797171525,350.8376077227099,180.07155004828152,3545.0793832415434,227.93152873315125,1016.7048571027018,388.68162862911515,485.4113284821428,4427.6351160466265,321.30533287202377,59.96197808035714,1769.5455587698416,543.2219096676587,988.6460096775795,331.8802791071429,485.4113284821428,4427.6351160466265,321.30533287202377,59.96197808035714,1769.5455587698416,543.2219096676587,988.6460096775795,331.8802791071429
2026-01-24 22:00:00+00:00,1123.2875,5535.047500000001,424.462,177.684,3832.4825,191.743,1031.39,418.69825000000003,926.6962269678913,6113.824151630601,337.18537224844897,179.83016801332252,3331.84484165125,195.41458238555583,1013.1175335516036,383.20299435307965,485.4113284821428,4427.6351160466265,321.30533287202377,59.96197808035714,1769.5455587698416,543.2219096676587,988.6460096775795,331.8802791071429,485.4113284821428,4427.6351160466265,321.30533287202377,59.96197808035714,1769.5455587698416,543.2219096676587,988.6460096775795,331.8802791071429
2026-01-24 23:00:00+00:00,1113.545,5461.42,107.96049999999997,176.9545,3860.2,142.19000000000005,1029.675,417.63925,874.9386445703716,6177.880838736691,349.1066799637909,177.45489680688127,3222.278339602476,174.5326369796931,980.4218816954167,380.8716612339019,485.4113284821428,4427.6351160466265,321.30533287202377,59.96197808035714,1769.5455587698416,543.2219096676587,988.6460096775795,331.8802791071429,485.4113284821428,4427.6351160466265,321.30533287202377,59.96197808035714,1769.5455587698416,543.2219096676587,988.6460096775795,331.8802791071429
2026-01-25 00:00:00+00:00,1084.83,5131.965,107.07900000000001,175.89,3883.45,141.40224999999998,1030.5549999999998,427.29200000000003,905.7816643025722,6057.851904803998,357.32734230306227,167.89338580562492,3160.4686136163587,133.2541397379165,968.3955960786043,397.2686089218646,485.4113284821428,4427.6351160466265,321.30533287202377,59.96197808035714,1769.5455587698416,543.2219096676587,988.6460096775795,331.8802791071429,485.4113284821428,4427.6351160466265,321.30533287202377,59.96197808035714,1769.5455587698416,543.2219096676587,988.6460096775795,331.8802791071429
2026-01-25 01:00:00+00:00,1132.3825000000002,5005.165,107.07900000000001,175.191,3856.31,141.40925000000004,1030.69,419.272,835.1629252201262,6018.256864730854,361.12714304855797,165.3669214976407,3206.2476931635306,153.1131020643487,990.4074865991101,395.4679927486941,485.4113284821428,4427.6351160466265,321.30533287202377,59.96197808035714,1769.5455587698416,543.2219096676587,988.6460096775795,331.8802791071429,485.4113284821428,4427.6351160466265,321.30533287202377,59.96197808035714,1769.5455587698416,543.2219096676587,988.6460096775795,331.8802791071429
2026-01-25 02:00:00+00:00,1129.49,5091.53,107.07900000000001,174.86599999999999,3827.4525000000003,141.41550000000007,1030.7175,426.324,858.5728751918782,6080.748368986058,353.9984779839198,165.5838456899699,3184.860298402443,155.2104465656389,973.6277323969093,395.39671157818213,485.4113284821428,4427.6351160466265,321.30533287202377,59.96197808035714,1769.5455587698416,543.2219096676587,988.6460096775795,331.8802791071429,485.4113284821428,4427.6351160466265,321.30533287202377,59.96197808035714,1769.5455587698416,543.2219096676587,988.6460096775795,331.8802791071429
2026-01-25 03:00:00+00:00,1130.79,5320.835,107.07900000000001,174.82875,3832.1150000000002,141.05325,1027.6525,419.4325,957.6896393125123,6087.178904430748,344.1943485001665,168.6181749201138,3327.971154138646,174.2742410557882,1001.0621475829557,395.39671157818213,485.4113284821428,4427.6351160466265,321.30533287202377,59.96197808035714,1769.5455587698416,543.2219096676587,988.6460096775795,331.8802791071429,485.4113284821428,4427.6351160466265,321.30533287202377,59.96197808035714,1769.5455587698416,543.2219096676587,988.6460096775795,331.8802791071429
2026-01-25 04:00:00+00:00,1127.845,5391.06,107.07900000000001,175.21925,3842.9325,141.49624999999997,1031.42,416.92375,912.4560694426618,6241.873520373778,344.96925910888405,171.29975457997463,3212.685046748174,193.19568292103054,977.8177152172535,403.58827245269777,485.4113284821428,4427.6351160466265,321.30533287202377,59.96197808035714,1769.5455587698416,543.2219096676587,988.6460096775795,331.8802791071429,485.4113284821428,4427.6351160466265,321.30533287202377,59.96197808035714,1769.5455587698416,543.2219096676587,988.6460096775795,331.8802791071429
2026-01-25 05:00:00+00:00,1124.7175,5414.7025,107.07900000000001,175.88175,3880.86,142.02025000000003,1035.98,422.80649999999997,843.6376628531186,6220.563177497429,325.9153782576991,170.7887592004445,3271.367357121627,231.19454278104183,991.7350635262861,403.70902662800574,485.4113284821428,4427.6351160466265,321.30533287202377,59.96197808035714,1769.5455587698416,543.2219096676587,988.6460096775795,331.8802791071429,485.4113284821428,4427.6351160466265,321.30533287202377,59.96197808035714,1769.5455587698416,543.2219096676587,988.6460096775795,331.8802791071429
2026-01-25 06:00:00+00:00,1126.095,5638.53,107.07900000000001,176.03125,3944.6175,141.43800000000005,1030.96,423.813,798.3275989779697,5988.816829027326,339.5115137975273,170.5607654541889,3332.3196529712177,259.7960577666972,987.4817240771498,400.3628251327035,485.4113284821428,4427.6351160466265,321.30533287202377,59.96197808035714,1769.5455587698416,543.2219096676587,988.6460096775795,331.8802791071429,485.4113284821428,4427.6351160466265,321.30533287202377,59.96197808035714,1769.5455587698416,543.2219096676587,988.6460096775795,331.8802791071429
2026-01-25 07:00:00+00:00,1127.5375,6077.0125,107.07900000000001,176.93075,3989.3225,141.54575,1031.0425,425.50424999999996,810.9070678980747,5979.842146888133,342.74159411206114,173.12274052199552,3338.8248458099215,502.1268329314632,949.8750608134516,401.06854413841836,485.4113284821428,4427.6351160466265,321.30533287202377,59.96197808035714,1769.5455587698416,543.2219096676587,988.6460096775795,331.8802791071429,485.4113284821428,4427.6351160466265,321.30533287202377,59.96197808035714,1769.5455587698416,543.2219096676587,988.6460096775795,331.8802791071429
2026-01-25 08:00:00+00:00,1130.9175,6220.2475,107.07900000000001,177.9025,3997.52,141.916,1034.895,430.93975,810.6097456413477,6068.902205618691,344.62013682312806,169.51365301096263,3546.6329340298066,521.1365975900824,966.4455416702237,394.1041426495637,485.4113284821428,4427.6351160466265,321.30533287202377,59.96197808035714,1769.5455587698416,543.2219096676587,988.6460096775795,331.8802791071429,485.4113284821428,4427.6351160466265,321.30533287202377,59.96197808035714,1769.5455587698416,543.2219096676587,988.6460096775795,331.8802791071429
2026-01-25 09:00:00+00:00,1132.7749999999999,6358.4375,107.07900000000001,178.0205,4010.315,142.78499999999997,1042.31,418.15525,886.784356925137,5967.757565546909,343.847236753699,169.65676107646266,3611.2784722382244,379.4711921261946,965.3764323550805,399.73142120078484,485.4113284821428,4427.6351160466265,321.30533287202377,59.96197808035714,1769.5455587698416,543.2219096676587,988.6460096775795,331.8802791071429,485.4113284821428,4427.6351160466265,321.30533287202377,59.96197808035714,1769.5455587698416,543.2219096676587,988.6460096775795,331.8802791071429
2026-01-25 10:00:00+00:00,1132.3899999999999,6395.2125,107.07900000000001,178.1325,3992.7825,142.85575,1042.6325,424.698,942.0129541548255,6105.274399155441,313.12903439739426,177.11570396226548,3640.7349440744288,333.36092807628916,978.8743877088464,402.01392574275917,485.4113284821428,4427.6351160466265,321.30533287202377,59.96197808035714,1769.5455587698416,543.2219096676587,988.6460096775795,331.8802791071429,485.4113284821428,4427.6351160466265,321.30533287202377,59.96197808035714,1769.5455587698416,543.2219096676587,988.6460096775795,331.8802791071429
2026-01-25 11:00:00+00:00,1155.2725,6181.2725,107.07900000000001,178.04575,3989.0675,142.21925,1037.5275000000001,426.80975,966.713474366439,6159.3114718314755,340.8100400533132,179.00508964103886,3667.8321120382006,249.98792138887814,966.1471257190291,404.1246700810111,485.4113284821428,4427.6351160466265,321.30533287202377,59.96197808035714,1769.5455587698416,543.2219096676587,988.6460096775795,331.8802791071429,485.4113284821428,4427.6351160466265,321.30533287202377,59.96197808035714,1769.5455587698416,543.2219096676587,988.6460096775795,331.8802791071429
2026-01-25 12:00:00+00:00,1175.6325,6188.6525,107.07900000000001,178.2485,3988.565,143.02425,1044.4675,424.7935,957.7093723835824,6106.996693634135,315.8633682904037,170.08180183288033,3609.9080942721343,238.57254432633175,975.9582797601523,403.947328135634,485.4113284821428,4427.6351160466265,321.30533287202377,59.96197808035714,1769.5455587698416,543.2219096676587,988.6460096775795,331.8802791071429,485.4113284821428,4427.6351160466265,321.30533287202377,59.96197808035714,1769.5455587698416,543.2219096676587,988.6460096775795,331.8802791071429
2026-01-25 13:00:00+00:00,1181.305,6271.585,107.07900000000001,178.19275,4019.1575000000003,143.39875,1047.6399999999999,429.2835,942.4758727073531,6266.758410754275,334.49349053680004,172.21289417745797,3471.1242638345307,313.75639197970037,987.4272563690738,398.8693520859247,485.4113284821428,4427.6351160466265,321.30533287202377,59.96197808035714,1769.5455587698416,543.2219096676587,988.6460096775795,331.8802791071429,485.4113284821428,4427.6351160466265,321.30533287202377,59.96197808035714,1769.5455587698416,543.2219096676587,988.6460096775795,331.8802791071429
2026-01-25 14:00:00+00:00,1177.52,6689.6225,107.07900000000001,178.19899999999998,4039.6025,142.94325000000003,1043.585,419.96675,1023.0408572029971,6311.339684368977,338.380678221171,164.36464294634752,3559.2804840853105,649.4616871290111,1007.3220341383562,406.78162626095866,485.4113284821428,4427.6351160466265,321.30533287202377,59.96197808035714,1769.5455587698416,543.2219096676587,988.6460096775795,331.8802791071429,485.4113284821428,4427.6351160466265,321.30533287202377,59.96197808035714,1769.5455587698416,543.2219096676587,988.6460096775795,331.8802791071429
2026-01-25 15:00:00+00:00,1185.0925,6840.0825,107.07900000000001,178.01925,4136.335000000001,351.5115,1080.7075,426.24275,1046.6511583069541,6431.30788549971,335.61666625181033,161.69398886504263,3579.5788043416005,947.8506722666641,1010.7063981516276,408.46457592926816,485.4113284821428,4427.6351160466265,321.30533287202377,59.96197808035714,1769.5455587698416,543.2219096676587,988.6460096775795,331.8802791071429,485.4113284821428,4427.6351160466265,321.30533287202377,59.96197808035714,1769.5455587698416,543.2219096676587,988.6460096775795,331.8802791071429
2026-01-25 16:00:00+00:00,1189.76,6836.75,107.07900000000001,178.02375,4215.2775,982.0894999999999,1082.3225,429.18325,1049.7359350050008,6395.8196695740735,299.01858229556683,166.2923983328027,3684.5846639242372,1420.7285620975833,1053.8232470077053,430.4167628507937,485.4113284821428,4427.6351160466265,321.30533287202377,59.96197808035714,1769.5455587698416,543.2219096676587,988.6460096775795,331.8802791071429,485.4113284821428,4427.6351160466265,321.30533287202377,59.96197808035714,1769.5455587698416,543.2219096676587,988.6460096775795,331.8802791071429
2026-01-25 17:00:00+00:00,1194.605,6834.0825,107.07900000000001,178.246,4221.24,1346.0477500000002,1086.705,435.56224999999995,1066.9401416315586,6517.864420548518,282.3207485061597,174.10944437827192,3850.1626720912027,1153.19954817739,1042.870961170707,437.41680558268195,485.4113284821428,4427.6351160466265,321.30533287202377,59.96197808035714,1769.5455587698416,543.2219096676587,988.6460096775795,331.8802791071429,485.4113284821428,4427.6351160466265,321.30533287202377,59.96197808035714,1769.5455587698416,543.2219096676587,988.6460096775795,331.8802791071429
2026-01-25 18:00:00+00:00,1193.405,6818.389999999999,107.07900000000001,178.28575,4208.6075,987.5772499999999,1083.3375,434.16175,1021.0208833276074,6328.149189687984,298.93767124955417,169.2438176861264,3949.766071529229,832.9304318309877,1049.1586696716495,436.9793551061871,485.4113284821428,4427.6351160466265,321.30533287202377,59.96197808035714,1769.5455587698416,543.2219096676587,988.6460096775795,331.8802791071429,485.4113284821428,4427.6351160466265,321.30533287202377,59.96197808035714,1769.5455587698416,543.2219096676587,988.6460096775795,331.8802791071429
2026-01-25 19:00:00+00:00,1199.625,6823.025000000001,107.07900000000001,177.62875,4160.77,322.5625,1085.925,430.52324999999996,1006.4215008595404,6226.774640104925,336.09169170328107,177.11609044978104,3835.0128867709327,288.2770845189223,1034.3109310406585,431.326881051199,485.4113284821428,4427.6351160466265,321.30533287202377,59.96197808035714,1769.5455587698416,543.2219096676587,988.6460096775795,331.8802791071429,485.4113284821428,4427.6351160466265,321.30533287202377,59.96197808035714,1769.5455587698416,543.2219096676587,988.6460096775795,331.8802791071429
2026-01-25 20:00:00+00:00,1219.8200000000002,6838.6175,107.07900000000001,176.334,4028.815,143.84125,1051.415,423.653,1033.8144265842564,6361.521088075008,335.99482140218055,176.3077703145953,3780.4663644288376,300.26891472921346,1024.7857943193806,409.1168072814074,485.4113284821428,4427.6351160466265,321.30533287202377,59.96197808035714,1769.5455587698416,543.2219096676587,988.6460096775795,331.8802791071429,485.4113284821428,4427.6351160466265,321.30533287202377,59.96197808035714,1769.5455587698416,543.2219096676587,988.6460096775795,331.8802791071429
2026-01-25 21:00:00+00:00,1221.825,6822.360000000001,107.07900000000001,175.97275000000002,3988.285,142.25574999999998,1037.8600000000001,432.47925,1031.4220280137588,6562.914244607033,364.59585198412015,174.65007256992646,3684.8070687857735,48.876124785308605,1014.0206360476135,410.0561866037892,485.4113284821428,4427.6351160466265,321.30533287202377,59.96197808035714,1769.5455587698416,543.2219096676587,988.6460096775795,331.8802791071429,485.4113284821428,4427.6351160466265,321.30533287202377,59.96197808035714,1769.5455587698416,543.2219096676587,988.6460096775795,331.8802791071429
2026-01-25 22:00:00+00:00,1229.4850000000001,6799.955,107.07900000000001,172.49975,3891.43,141.61775,1032.445,432.5575,1009.443544907539,6457.129832542566,329.7756623153948,164.6317508750082,3652.477553921316,76.89415516620028,991.34530335711,415.5811322532596,485.4113284821428,4427.6351160466265,321.30533287202377,59.96197808035714,1769.5455587698416,543.2219096676587,988.6460096775795,331.8802791071429,485.4113284821428,4427.6351160466265,321.30533287202377,59.96197808035714,1769.5455587698416,543.2219096676587,988.6460096775795,331.8802791071429
2026-01-25 23:00:00+00:00,1225.0,7078.2625,105.8495,154.40275,3764.84,140.25574999999998,1019.8875,429.36875,994.0177519120272,6474.061109531764,341.55676052836134,156.88707058633062,3354.1694894270504,84.03357254993392,984.0671535501652,413.1605914101901,485.4113284821428,4427.6351160466265,321.30533287202377,59.96197808035714,1769.5455587698416,543.2219096676587,988.6460096775795,331.8802791071429,485.4113284821428,4427.6351160466265,321.30533287202377,59.96197808035714,1769.5455587698416,543.2219096676587,988.6460096775795,331.8802791071429
2026-01-26 00:00:00+00:00,1220.605,7243.6325,105.846,161.52825,3700.1475,138.09924999999998,1002.4485,424.6085,969.3503199877086,6549.544357174955,351.17981929243876,153.8065577281601,3275.855258436334,205.15997201994298,983.7105161104749,397.93708556420023,485.4113284821428,4427.6351160466265,321.30533287202377,59.96197808035714,1769.5455587698416,543.2219096676587,988.6460096775795,331.8802791071429,485.4113284821428,4427.6351160466265,321.30533287202377,59.96197808035714,1769.5455587698416,543.2219096676587,988.6460096775795,331.8802791071429
2026-01-26 01:00:00+00:00,1222.7625,7243.735000000001,105.846,159.1535,3708.7975,187.64274999999998,1001.817,412.56174999999996,989.4467122776675,6459.196706677025,371.3666935292149,146.47671836424007,3284.39058110975,190.53437176939389,1009.2474357046854,393.2084185244246,485.4113284821428,4427.6351160466265,321.30533287202377,59.96197808035714,1769.5455587698416,543.2219096676587,988.6460096775795,331.8802791071429,485.4113284821428,4427.6351160466265,321.30533287202377,59.96197808035714,1769.5455587698416,543.2219096676587,988.6460096775795,331.8802791071429
2026-01-26 02:00:00+00:00,1218.3600000000001,7395.012500000001,105.846,169.71875,3761.56,138.52800000000002,1006.0525,401.4515,977.0968684350153,6437.346415576763,316.11072459063615,152.9944418862628,3154.0065601716133,205.24079002598597,1006.2648603451217,385.5416744089825,485.4113284821428,4427.6351160466265,321.30533287202377,59.96197808035714,1769.5455587698416,543.2219096676587,988.6460096775795,331.8802791071429,485.4113284821428,4427.6351160466265,321.30533287202377,59.96197808035714,1769.5455587698416,543.2219096676587,988.6460096775795,331.8802791071429
2026-01-26 03:00:00+00:00,1208.53,7610.9425,105.846,169.87199999999999,3819.8025,138.4715,1005.545,425.29375,916.058276793359,6314.32659915991,303.11984501658,145.62619872027824,3242.2628183663164,159.0846334977819,1029.9629112169619,385.5660608003487,485.4113284821428,4427.6351160466265,321.30533287202377,59.96197808035714,1769.5455587698416,543.2219096676587,988.6460096775795,331.8802791071429,485.4113284821428,4427.6351160466265,321.30533287202377,59.96197808035714,1769.5455587698416,543.2219096676587,988.6460096775795,331.8802791071429
2026-01-26 04:00:00+00:00,1195.7875,7586.6925,105.846,170.16575,4021.4449999999997,164.92775,978.917,436.64275,927.9032833097564,6291.383802864016,330.3299685307325,138.1240063319289,3232.102217633339,218.19096594970887,1005.7984350276027,389.35785509869936,485.4113284821428,4427.6351160466265,321.30533287202377,59.96197808035714,1769.5455587698416,543.2219096676587,988.6460096775795,331.8802791071429,485.4113284821428,4427.6351160466265,321.30533287202377,59.96197808035714,1769.5455587698416,543.2219096676587,988.6460096775795,331.8802791071429
2026-01-26 05:00:00+00:00,1199.665,7416.25,152.28125,159.80975,4418.86,218.33225,989.0944999999999,446.992,997.7195241250545,6703.015327616617,365.4903575621754,133.48472901536547,3935.765877311353,268.1234398387146,974.9752699394128,409.18090334242964,485.4113284821428,4427.6351160466265,321.30533287202377,59.96197808035714,1769.5455587698416,543.2219096676587,988.6460096775795,331.8802791071429,485.4113284821428,4427.6351160466265,321.30533287202377,59.96197808035714,1769.5455587698416,543.2219096676587,988.6460096775795,331.8802791071429
2026-01-26 06:00:00+00:00,1207.225,7099.555,295.81675,141.07475,4539.665,584.582,990.23725,445.2485,983.4512825568693,6918.609564828677,408.1819140315682,150.04697752488943,4173.222508147759,483.3329414153292,969.4035348148824,421.1840504303525,485.4113284821428,4427.6351160466265,321.30533287202377,59.96197808035714,1769.5455587698416,543.2219096676587,988.6460096775795,331.8802791071429,485.4113284821428,4427.6351160466265,321.30533287202377,59.96197808035714,1769.5455587698416,543.2219096676587,988.6460096775795,331.8802791071429
2026-01-26 07:00:00+00:00,1210.5475000000001,7183.594999999999,308.61475,122.58975000000001,4473.7775,1187.8622500000001,1022.7975,452.26800000000003,1048.7077424891268,6575.563522012102,402.3428772377873,158.62803893081917,4315.756441831533,1106.250695468038,996.0692947567675,387.31674803425113,485.4113284821428,4427.6351160466265,321.30533287202377,59.96197808035714,1769.5455587698416,543.2219096676587,988.6460096775795,331.8802791071429,485.4113284821428,4427.6351160466265,321.30533287202377,59.96197808035714,1769.5455587698416,543.2219096676587,988.6460096775795,331.8802791071429
2026-01-26 08:00:00+00:00,1209.1475,7515.07,302.26075000000003,140.253,4529.8475,1218.494,1028.0875,462.8825,1049.8155962754488,6495.76606390867,460.96729203433176,154.14524234425403,4270.298068034015,1112.520742172314,990.7687522542312,405.15182002537176,485.4113284821428,4427.6351160466265,321.30533287202377,59.96197808035714,1769.5455587698416,543.2219096676587,988.6460096775795,331.8802791071429,485.4113284821428,4427.6351160466265,321.30533287202377,59.96197808035714,1769.5455587698416,543.2219096676587,988.6460096775795,331.8802791071429
2026-01-26 09:00:00+00:00,1208.78,7565.9,308.86875,144.55975,4526.2,882.5699999999999,1041.1475,465.019,1063.5793254882385,6383.163317138722,448.8849630603683,160.4740569595298,4208.666598577285,894.9382753147363,1018.8699612213193,406.2460678652732,485.4113284821428,4427.6351160466265,321.30533287202377,59.96197808035714,1769.5455587698416,543.2219096676587,988.6460096775795,331.8802791071429,485.4113284821428,4427.6351160466265,321.30533287202377,59.96197808035714,1769.5455587698416,543.2219096676587,988.6460096775795,331.8802791071429
2026-01-26 10:00:00+00:00,1206.71,7608.61,308.639,156.04425,4520.54,689.178,1057.45,462.094,1071.7064776098396,6316.756517072407,423.18205461256423,161.0111826810812,4142.848395926651,654.78498249443,1015.5393682073623,377.3433400992739,485.4113284821428,4427.6351160466265,321.30533287202377,59.96197808035714,1769.5455587698416,543.2219096676587,988.6460096775795,331.8802791071429,485.4113284821428,4427.6351160466265,321.30533287202377,59.96197808035714,1769.5455587698416,543.2219096676587,988.6460096775795,331.8802791071429
2026-01-26 11:00:00+00:00,1210.4650000000001,7579.115,299.2275,170.55025,4593.025,449.453,1037.1825,464.31925,1078.6598175051015,6286.948673386656,426.0365535968682,170.26964210363025,4220.278594370098,532.5669504503155,992.3583144755502,378.04586654998866,485.4113284821428,4427.6351160466265,321.30533287202377,59.96197808035714,1769.5455587698416,543.2219096676587,988.6460096775795,331.8802791071429,485.4113284821428,4427.6351160466265,321.30533287202377,59.96197808035714,1769.5455587698416,543.2219096676587,988.6460096775795,331.8802791071429
2026-01-26 12:00:00+00:00,1209.07,7561.8,293.0555,171.72975,4575.0025000000005,488.23199999999997,1054.6425,454.67499999999995,1067.2906862515977,6292.523274747156,383.7005634947719,182.40234124854672,4194.298100254491,549.1318629712998,986.7332563013704,371.7154665011142,485.4113284821428,4427.6351160466265,321.30533287202377,59.96197808035714,1769.5455587698416,543.2219096676587,988.6460096775795,331.8802791071429,485.4113284821428,4427.6351160466265,321.30533287202377,59.96197808035714,1769.5455587698416,543.2219096676587,988.6460096775795,331.8802791071429
2026-01-26 13:00:00+00:00,1203.665,7534.3150000000005,293.30174999999997,172.06725,4572.76,530.15525,981.4907499999999,454.61825,1081.1041017558614,6326.27213133977,383.54085425003285,179.12554579729476,4128.877440255654,620.4585907597215,996.8112032885766,362.5900680548288,485.4113284821428,4427.6351160466265,321.30533287202377,59.96197808035714,1769.5455587698416,543.2219096676587,988.6460096775795,331.8802791071429,485.4113284821428,4427.6351160466265,321.30533287202377,59.96197808035714,1769.5455587698416,543.2219096676587,988.6460096775795,331.8802791071429
2026-01-26 14:00:00+00:00,1197.2725,7487.72,294.02375,172.389,4515.425,976.90725,909.76425,457.67,1072.5508881204505,6292.72006025022,387.48343603744644,173.32578142146284,4214.371310860672,829.4481752469986,968.8690971333044,368.93459703845303,485.4113284821428,4427.6351160466265,321.30533287202377,59.96197808035714,1769.5455587698416,543.2219096676587,988.6460096775795,331.8802791071429,485.4113284821428,4427.6351160466265,321.30533287202377,59.96197808035714,1769.5455587698416,543.2219096676587,988.6460096775795,331.8802791071429
2026-01-26 15:00:00+00:00,1205.3975,7495.625,167.9615,172.53300000000002,4531.89,1189.2627499999999,931.71775,463.564,1103.9062689467696,6249.293655713222,386.9267774561064,167.23377138810343,4303.098529537623,990.4258859356512,985.2668054406769,360.7925931408472,485.4113284821428,4427.6351160466265,321.30533287202377,59.96197808035714,1769.5455587698416,543.2219096676587,988.6460096775795,331.8802791071429,485.4113284821428,4427.6351160466265,321.30533287202377,59.96197808035714,1769.5455587698416,543.2219096676587,988.6460096775795,331.8802791071429
2026-01-26 16:00:00+00:00,1205.08,7474.455,230.20425,172.83425,4613.1475,1328.6515,938.07675,462.95625,1087.405017633393,6433.42053527481,409.6236252168011,156.30284932717313,4476.186999815416,1573.4158195178952,994.5103406271222,379.30789106337,485.4113284821428,4427.6351160466265,321.30533287202377,59.96197808035714,1769.5455587698416,543.2219096676587,988.6460096775795,331.8802791071429,485.4113284821428,4427.6351160466265,321.30533287202377,59.96197808035714,1769.5455587698416,543.2219096676587,988.6460096775795,331.8802791071429
2026-01-26 17:00:00+00:00,1200.605,7504.1925,217.745,172.89475,4592.49,1431.1955,946.71725,464.587,1090.1686108090207,6410.372830987223,427.36598050660075,161.5476164926567,4538.436192425934,1015.5484003305301,986.2756047803106,391.128389171061,485.4113284821428,4427.6351160466265,321.30533287202377,59.96197808035714,1769.5455587698416,543.2219096676587,988.6460096775795,331.8802791071429,485.4113284821428,4427.6351160466265,321.30533287202377,59.96197808035714,1769.5455587698416,543.2219096676587,988.6460096775795,331.8802791071429
2026-01-26 18:00:00+00:00,1204.5175,7494.1475,199.2525,172.64625,4551.6725,1377.197,951.5585,461.7345,1055.1936998476137,6500.266462755135,379.69993882517446,168.35087378665202,4529.698811582745,1003.4915470457178,1013.9544721015907,386.9005909293893,485.4113284821428,4427.6351160466265,321.30533287202377,59.96197808035714,1769.5455587698416,543.2219096676587,988.6460096775795,331.8802791071429,485.4113284821428,4427.6351160466265,321.30533287202377,59.96197808035714,1769.5455587698416,543.2219096676587,988.6460096775795,331.8802791071429
2026-01-26 19:00:00+00:00,1200.47,7433.0725,105.846,172.53625,4480.205,1001.98225,932.9952499999999,414.284,998.3559120830109,6653.141198719088,337.20990791337505,165.45698591106526,4394.402440977467,679.164542537654,1020.8374666943947,374.5474672377119,485.4113284821428,4427.6351160466265,321.30533287202377,59.96197808035714,1769.5455587698416,543.2219096676587,988.6460096775795,331.8802791071429,485.4113284821428,4427.6351160466265,321.30533287202377,59.96197808035714,1769.5455587698416,543.2219096676587,988.6460096775795,331.8802791071429
2026-01-26 20:00:00+00:00,1189.4975,7410.475,105.846,172.38675,4311.887499999999,267.23125,909.47525,336.15375,1152.9767467075146,6870.9897576141775,342.88534334980085,161.76360158625138,4197.331764860251,431.8002062070778,1005.840432751987,398.94676999531407,485.4113284821428,4427.6351160466265,321.30533287202377,59.96197808035714,1769.5455587698416,543.2219096676587,988.6460096775795,331.8802791071429,485.4113284821428,4427.6351160466265,321.30533287202377,59.96197808035714,1769.5455587698416,543.2219096676587,988.6460096775795,331.8802791071429
2026-01-26 21:00:00+00:00,1176.95,7395.635,105.846,171.91675,4194.985000000001,294.80949999999996,910.2355,437.322,1108.2096112339832,6929.313957334576,340.7064593043025,160.0763322222797,4068.1891517960476,209.18586534420535,1007.8802430298114,393.06662680619627,485.4113284821428,4427.6351160466265,321.30533287202377,59.96197808035714,1769.5455587698416,543.2219096676587,988.6460096775795,331.8802791071429,485.4113284821428,4427.6351160466265,321.30533287202377,59.96197808035714,1769.5455587698416,543.2219096676587,988.6460096775795,331.8802791071429
2026-01-26 22:00:00+00:00,1170.5,7374.65,105.846,172.66675,4019.4425,126.66399999999999,901.015,445.09375,1082.6584389782522,6870.005373034681,331.4969405739454,164.80754038558632,3937.136683325258,158.8145700609167,996.8119006815467,399.64116912792076,485.4113284821428,4427.6351160466265,321.30533287202377,59.96197808035714,1769.5455587698416,543.2219096676587,988.6460096775795,331.8802791071429,485.4113284821428,4427.6351160466265,321.30533287202377,59.96197808035714,1769.5455587698416,543.2219096676587,988.6460096775795,331.8802791071429
2026-01-26 23:00:00+00:00,1174.9975,7268.360000000001,105.53875000000002,173.5465,4010.8925,125.3125,893.1755,449.5285,992.2876548248832,7064.650268332827,333.187325867858,162.46301527892714,3730.586498127959,176.27240550717693,973.0294990754371,404.2354417885294,485.4113284821428,4427.6351160466265,321.30533287202377,59.96197808035714,1769.5455587698416,543.2219096676587,988.6460096775795,331.8802791071429,485.4113284821428,4427.6351160466265,321.30533287202377,59.96197808035714,1769.5455587698416,543.2219096676587,988.6460096775795,331.8802791071429
2026-01-27 00:00:00+00:00,1181.5425,7136.75,105.53800000000004,174.61225,3924.2475,124.32774999999992,884.73975,445.26775,1037.4447413521236,6902.229336867681,358.08381834548123,163.9508525290608,3578.8245681201834,214.97384141775188,997.8540161357281,399.76997120562953,485.4113284821428,4427.6351160466265,321.30533287202377,59.96197808035714,1769.5455587698416,543.2219096676587,988.6460096775795,331.8802791071429,485.4113284821428,4427.6351160466265,321.30533287202377,59.96197808035714,1769.5455587698416,543.2219096676587,988.6460096775795,331.8802791071429
2026-01-27 01:00:00+00:00,1174.09,6556.5875,105.53800000000004,174.68775,3877.9700000000003,125.26575000000003,892.7605,442.06075,1089.8523973245287,6992.813245812935,359.61583939859963,156.0004121280137,3579.370199469725,195.1642356540346,994.0928035111219,386.93228775618434,485.4113284821428,4427.6351160466265,321.30533287202377,59.96197808035714,1769.5455587698416,543.2219096676587,988.6460096775795,331.8802791071429,485.4113284821428,4427.6351160466265,321.30533287202377,59.96197808035714,1769.5455587698416,543.2219096676587,988.6460096775795,331.8802791071429
2026-01-27 02:00:00+00:00,1175.1925,6524.4325,105.53800000000004,174.99475,3897.1125,132.473,954.3205,445.25625,1050.7542131959806,6935.038768091146,358.38291282995,164.20435626789833,3757.5637375643123,199.2391488077717,978.6484563197687,390.06667045829903,485.4113284821428,4427.6351160466265,321.30533287202377,59.96197808035714,1769.5455587698416,543.2219096676587,988.6460096775795,331.8802791071429,485.4113284821428,4427.6351160466265,321.30533287202377,59.96197808035714,1769.5455587698416,543.2219096676587,988.6460096775795,331.8802791071429
2026-01-27 03:00:00+00:00,1185.7024999999999,6541.3949999999995,105.53800000000004,174.96025,3951.535,131.47275000000002,915.98875,449.82475,1063.5670522238565,7063.603110320904,366.9429981311755,169.36389527267812,3721.4915361337225,208.68731996888732,991.8097120771565,390.4969150168015,485.4113284821428,4427.6351160466265,321.30533287202377,59.96197808035714,1769.5455587698416,543.2219096676587,988.6460096775795,331.8802791071429,485.4113284821428,4427.6351160466265,321.30533287202377,59.96197808035714,1769.5455587698416,543.2219096676587,988.6460096775795,331.8802791071429
2026-01-27 04:00:00+00:00,1212.6825,6787.1275000000005,105.53800000000004,175.326,4123.9475,163.77074999999996,868.8105,452.8565,1007.0446303041554,6988.798171728176,378.77595267297704,164.2492082621385,3834.18829578096,205.98512684380825,994.1673333841401,387.4329158673115,485.4113284821428,4427.6351160466265,321.30533287202377,59.96197808035714,1769.5455587698416,543.2219096676587,988.6460096775795,331.8802791071429,485.4113284821428,4427.6351160466265,321.30533287202377,59.96197808035714,1769.5455587698416,543.2219096676587,988.6460096775795,331.8802791071429
2026-01-27 05:00:00+00:00,1215.2825,7314.3425,138.16349999999997,175.4105,4526.13,888.8695,878.27425,452.7355,952.0391671535674,7137.590795882058,425.25221865568363,170.45060844885577,4368.087095926153,352.8223462347705,1006.380818765384,338.54971754442096,485.4113284821428,4427.6351160466265,321.30533287202377,59.96197808035714,1769.5455587698416,543.2219096676587,988.6460096775795,331.8802791071429,485.4113284821428,4427.6351160466265,321.30533287202377,59.96197808035714,1769.5455587698416,543.2219096676587,988.6460096775795,331.8802791071429
2026-01-27 06:00:00+00:00,1212.215,7402.9349999999995,288.94225,173.93650000000002,4635.93,1400.5992500000002,910.0459999999999,452.29325,1007.0254274518454,6613.227162017238,471.94709540971576,172.97200933734572,4487.900074479192,1178.2262153444199,957.079352581051,363.65347051778747,485.4113284821428,4427.6351160466265,321.30533287202377,59.96197808035714,1769.5455587698416,543.2219096676587,988.6460096775795,331.8802791071429,485.4113284821428,4427.6351160466265,321.30533287202377,59.96197808035714,1769.5455587698416,543.2219096676587,988.6460096775795,331.8802791071429
2026-01-27 07:00:00+00:00,1211.6950000000002,7350.22,299.44899999999996,173.83375,4655.2125,1449.4415,916.04475,461.1465,979.351026195653,6718.325792227966,469.5429308001528,173.6352866322307,4476.412559709727,1625.4846175375906,988.5974679607394,350.92427029086326,485.4113284821428,4427.6351160466265,321.30533287202377,59.96197808035714,1769.5455587698416,543.2219096676587,988.6460096775795,331.8802791071429,485.4113284821428,4427.6351160466265,321.30533287202377,59.96197808035714,1769.5455587698416,543.2219096676587,988.6460096775795,331.8802791071429
2026-01-27 08:00:00+00:00,1209.995,7317.65,306.95225,173.66775,4548.7,1331.7195,916.93375,461.336,915.0029585029845,6655.603935627483,441.25953236708654,173.36218864821606,4435.93357918686,1188.2091084440003,987.8919814347267,370.34400407635286,485.4113284821428,4427.6351160466265,321.30533287202377,59.96197808035714,1769.5455587698416,543.2219096676587,988.6460096775795,331.8802791071429,485.4113284821428,4427.6351160466265,321.30533287202377,59.96197808035714,1769.5455587698416,543.2219096676587,988.6460096775795,331.8802791071429
2026-01-27 09:00:00+00:00,1208.9524999999999,7278.4125,305.88425,176.0815,4590.0325,1082.74725,915.096,461.317,997.9345207848744,6905.264776582793,394.8117543547222,179.65236257246096,4482.769368073705,630.2697420090315,1032.9761043431192,348.90045110827276,485.4113284821428,4427.6351160466265,321.30533287202377,59.96197808035714,1769.5455587698416,543.2219096676587,988.6460096775795,331.8802791071429,485.4113284821428,4427.6351160466265,321.30533287202377,59.96197808035714,1769.5455587698416,543.2219096676587,988.6460096775795,331.8802791071429
2026-01-27 10:00:00+00:00,1208.9875,7290.57,300.8845,173.90475,4569.955,505.9365,901.8405,462.238,1073.2569178029323,6737.592207409769,407.2932742115041,180.55267620487578,4121.283906610331,528.1810134365087,1046.9986661105972,338.0384264167896,485.4113284821428,4427.6351160466265,321.30533287202377,59.96197808035714,1769.5455587698416,543.2219096676587,988.6460096775795,331.8802791071429,485.4113284821428,4427.6351160466265,321.30533287202377,59.96197808035714,1769.5455587698416,543.2219096676587,988.6460096775795,331.8802791071429
2026-01-27 11:00:00+00:00,1207.6875,7196.535,292.902,175.29875,4518.4725,188.65249999999997,886.8435,457.693,1009.1612984355108,6696.724675418489,396.8210668387734,176.16749230194122,4224.913987232232,465.660750213562,1064.2867850373914,338.10970758730156,485.4113284821428,4427.6351160466265,321.30533287202377,59.96197808035714,1769.5455587698416,543.2219096676587,988.6460096775795,331.8802791071429,485.4113284821428,4427.6351160466265,321.30533287202377,59.96197808035714,1769.5455587698416,543.2219096676587,988.6460096775795,331.8802791071429
2026-01-27 12:00:00+00:00,1209.9575,7226.075,283.9735,175.2845,4451.9875,155.88225,868.178,447.26275,946.3028934237465,6457.038292530092,400.66433507100527,176.08730703390182,4138.418665502064,442.099607918723,1030.3202406125072,344.06035193894036,485.4113284821428,4427.6351160466265,321.30533287202377,59.96197808035714,1769.5455587698416,543.2219096676587,988.6460096775795,331.8802791071429,485.4113284821428,4427.6351160466265,321.30533287202377,59.96197808035714,1769.5455587698416,543.2219096676587,988.6460096775795,331.8802791071429
2026-01-27 13:00:00+00:00,1211.8975,7223.327499999999,291.5675,175.3835,4462.155000000001,118.99475000000001,838.254,444.7605,950.3892800722163,6358.971215430724,399.101997874286,179.99313225256589,4093.5348776773067,476.69855227602545,1029.9337751882456,343.89100506900616,485.4113284821428,4427.6351160466265,321.30533287202377,59.96197808035714,1769.5455587698416,543.2219096676587,988.6460096775795,331.8802791071429,485.4113284821428,4427.6351160466265,321.30533287202377,59.96197808035714,1769.5455587698416,543.2219096676587,988.6460096775795,331.8802791071429
2026-01-27 14:00:00+00:00,1210.33,7372.1675000000005,291.29375,175.7145,4513.8975,124.89075000000003,824.86225,447.1775,931.0798490443312,6128.582491566814,430.69019889111655,178.59158790196267,3956.026509688072,1091.3788911757663,1049.547723523968,360.2733266588137,485.4113284821428,4427.6351160466265,321.30533287202377,59.96197808035714,1769.5455587698416,543.2219096676587,988.6460096775795,331.8802791071429,485.4113284821428,4427.6351160466265,321.30533287202377,59.96197808035714,1769.5455587698416,543.2219096676587,988.6460096775795,331.8802791071429
2026-01-27 15:00:00+00:00,1206.9475,7393.0825,171.06475,175.559,4538.7,196.48275,871.27475,456.2875,914.550192420423,6051.442944066814,424.44738691073974,164.22329143767445,3916.291076199594,1202.170477830949,1064.8312300087287,366.8419290974746,485.4113284821428,4427.6351160466265,321.30533287202377,59.96197808035714,1769.5455587698416,543.2219096676587,988.6460096775795,331.8802791071429,485.4113284821428,4427.6351160466265,321.30533287202377,59.96197808035714,1769.5455587698416,543.2219096676587,988.6460096775795,331.8802791071429
2026-01-27 16:00:00+00:00,1210.395,7396.2525000000005,116.58850000000001,175.66025000000002,4570.99,317.61749999999995,911.1855,462.05375,990.6236956427616,5969.817688925311,419.5614642383704,175.599188216639,4418.423097012681,1453.891494671786,1067.5281876336658,385.862633473934,485.4113284821428,4427.6351160466265,321.30533287202377,59.96197808035714,1769.5455587698416,543.2219096676587,988.6460096775795,331.8802791071429,485.4113284821428,4427.6351160466265,321.30533287202377,59.96197808035714,1769.5455587698416,543.2219096676587,988.6460096775795,331.8802791071429
2026-01-27 17:00:00+00:00,1210.8625,7403.62,136.14275,175.06275,4572.9925,461.96124999999995,937.852,467.27675,954.9597508635507,6030.8419650347405,398.20672101116565,179.00707682007396,4486.83820082774,768.6845953135702,1049.9248968432498,386.3568738439433,485.4113284821428,4427.6351160466265,321.30533287202377,59.96197808035714,1769.5455587698416,543.2219096676587,988.6460096775795,331.8802791071429,485.4113284821428,4427.6351160466265,321.30533287202377,59.96197808035714,1769.5455587698416,543.2219096676587,988.6460096775795,331.8802791071429
2026-01-27 18:00:00+00:00,1198.2075,7399.2474999999995,136.1445,173.23125,4486.610000000001,321.86,946.10525,465.59975,961.7926629118024,5828.270723027575,430.1991948385869,174.3864858080168,4437.340201499689,400.2046578479398,1037.2055426915074,381.7719166724443,485.4113284821428,4427.6351160466265,321.30533287202377,59.96197808035714,1769.5455587698416,543.2219096676587,988.6460096775795,331.8802791071429,485.4113284821428,4427.6351160466265,321.30533287202377,59.96197808035714,1769.5455587698416,543.2219096676587,988.6460096775795,331.8802791071429
2026-01-27 19:00:00+00:00,1196.3625,7379.195,114.19774999999998,172.9615,4344.9125,229.69650000000001,927.429,454.90725,946.5381096795873,5936.570412371024,372.5376602716194,171.70928750416803,4235.570336596467,373.0795602227066,1052.3922394035337,371.8064060534356,485.4113284821428,4427.6351160466265,321.30533287202377,59.96197808035714,1769.5455587698416,543.2219096676587,988.6460096775795,331.8802791071429,485.4113284821428,4427.6351160466265,321.30533287202377,59.96197808035714,1769.5455587698416,543.2219096676587,988.6460096775795,331.8802791071429
2026-01-27 20:00:00+00:00,1197.45,7366.8575,105.53800000000004,172.877,4089.8925,166.88400000000001,926.78675,451.24725,994.3930232665991,6067.528351390677,365.5615217215548,162.38206528650636,4046.3179444150305,202.62762753936818,1054.3999233023308,402.8258369234977,485.4113284821428,4427.6351160466265,321.30533287202377,59.96197808035714,1769.5455587698416,543.2219096676587,988.6460096775795,331.8802791071429,485.4113284821428,4427.6351160466265,321.30533287202377,59.96197808035714,1769.5455587698416,543.2219096676587,988.6460096775795,331.8802791071429
2026-01-27 21:00:00+00:00,1209.3525,7344.195,105.53800000000004,174.113,3958.5175,127.9375,915.59575,451.424,1038.0164126854443,6116.606422052728,365.3525267214976,162.98776038915543,3983.8056251827793,166.99430462489067,1050.4313839764945,388.15067890477667,485.4113284821428,4427.6351160466265,321.30533287202377,59.96197808035714,1769.5455587698416,543.2219096676587,988.6460096775795,331.8802791071429,485.4113284821428,4427.6351160466265,321.30533287202377,59.96197808035714,1769.5455587698416,543.2219096676587,988.6460096775795,331.8802791071429
2026-01-27 22:00:00+00:00,1206.0925,7305.5925,105.53800000000004,173.712,3846.7975,127.01274999999998,907.67925,448.86125000000004,1010.0528863020565,5983.880699458748,385.34530391724934,157.83542963388402,3681.349776149651,174.14610207353638,1027.0406381164246,389.3283248083313,485.4113284821428,4427.6351160466265,321.30533287202377,59.96197808035714,1769.5455587698416,543.2219096676587,988.6460096775795,331.8802791071429,485.4113284821428,4427.6351160466265,321.30533287202377,59.96197808035714,1769.5455587698416,543.2219096676587,988.6460096775795,331.8802791071429
2026-01-27 23:00:00+00:00,1202.125,7155.955,111.25831632653063,174.364,3717.6025,127.42725000000002,911.221,448.1135,969.4851303952132,5882.484980226936,384.97669377529087,124.22333794406497,3325.1289469046815,192.4753490810108,981.3689533685076,396.737377600234,485.4113284821428,4427.6351160466265,321.30533287202377,59.96197808035714,1769.5455587698416,543.2219096676587,988.6460096775795,331.8802791071429,485.4113284821428,4427.6351160466265,321.30533287202377,59.96197808035714,1769.5455587698416,543.2219096676587,988.6460096775795,331.8802791071429
2026-01-28 00:00:00+00:00,1204.9825,6589.1775,116.9786326530612,174.56425000000002,3687.2,126.81350000000003,905.9947500000001,446.1675,865.1822971167082,5491.222850203854,381.81571212615745,130.09366935615213,3285.185595324062,192.51302919531565,962.7718685385223,396.4103002142456,485.4113284821428,4427.6351160466265,321.30533287202377,59.96197808035714,1769.5455587698416,543.2219096676587,988.6460096775795,331.8802791071429,485.4113284821428,4427.6351160466265,321.30533287202377,59.96197808035714,1769.5455587698416,543.2219096676587,988.6460096775795,331.8802791071429
2026-01-28 01:00:00+00:00,1200.7975,6601.7725,122.69894897959179,173.07625000000002,3648.41,126.94400000000002,907.09,435.11525,867.9177027402467,5865.122014714444,389.69195942344055,122.99865391892072,3131.780377442855,253.61142305698354,998.2010514552813,396.389726840636,485.4113284821428,4427.6351160466265,321.30533287202377,59.96197808035714,1769.5455587698416,543.2219096676587,988.6460096775795,331.8802791071429,485.4113284821428,4427.6351160466265,321.30533287202377,59.96197808035714,1769.5455587698416,543.2219096676587,988.6460096775795,331.8802791071429
2026-01-28 02:00:00+00:00,1203.3625,6620.4,128.41926530612244,172.8635,3640.59,128.25525,918.29475,437.04975,886.8501611199843,5842.633702675574,368.2111228489996,130.4204551821793,3212.7727644310135,183.3644392347229,971.4883743429343,372.6323746946289,485.4113284821428,4427.6351160466265,321.30533287202377,59.96197808035714,1769.5455587698416,543.2219096676587,988.6460096775795,331.8802791071429,485.4113284821428,4427.6351160466265,321.30533287202377,59.96197808035714,1769.5455587698416,543.2219096676587,988.6460096775795,331.8802791071429
2026-01-28 03:00:00+00:00,1208.955,6815.1775,134.13958163265306,163.00575,3566.4300000000003,129.36325,927.7575,437.49725,949.836716641686,6091.355302182397,364.49366903654516,127.2845429400658,3267.2690523748824,208.20830383563947,981.7172929219707,380.21212800725493,485.4113284821428,4427.6351160466265,321.30533287202377,59.96197808035714,1769.5455587698416,543.2219096676587,988.6460096775795,331.8802791071429,485.4113284821428,4427.6351160466265,321.30533287202377,59.96197808035714,1769.5455587698416,543.2219096676587,988.6460096775795,331.8802791071429
2026-01-28 04:00:00+00:00,1196.1775,7429.485000000001,139.85989795918366,171.92175,3682.51,144.13875000000007,930.1245,439.6245,945.4396446637169,6225.849733805693,365.2448488651266,132.83255907110447,3466.157762708997,307.99819300754643,986.0066854609141,392.9829511475341,485.4113284821428,4427.6351160466265,321.30533287202377,59.96197808035714,1769.5455587698416,543.2219096676587,988.6460096775795,331.8802791071429,485.4113284821428,4427.6351160466265,321.30533287202377,59.96197808035714,1769.5455587698416,543.2219096676587,988.6460096775795,331.8802791071429
2026-01-28 05:00:00+00:00,1112.3375,7442.12,145.58021428571428,157.789,3691.2,258.30225,929.623,447.46549999999996,1017.2642421743487,6482.643438315965,334.9995108749911,133.43501666037926,3976.3321502535955,469.9832751770706,1041.1005676380673,391.8264583127862,485.4113284821428,4427.6351160466265,321.30533287202377,59.96197808035714,1769.5455587698416,543.2219096676587,988.6460096775795,331.8802791071429,485.4113284821428,4427.6351160466265,321.30533287202377,59.96197808035714,1769.5455587698416,543.2219096676587,988.6460096775795,331.8802791071429
2026-01-28 06:00:00+00:00,1033.6975,7444.3575,151.30053061224487,172.436,4128.0925,779.14025,916.27275,447.589,1064.7893067260388,6645.067965448679,344.89100043713285,143.57761923151514,4265.188013344379,984.6346309695022,1044.1424770701215,402.88522370426267,485.4113284821428,4427.6351160466265,321.30533287202377,59.96197808035714,1769.5455587698416,543.2219096676587,988.6460096775795,331.8802791071429,485.4113284821428,4427.6351160466265,321.30533287202377,59.96197808035714,1769.5455587698416,543.2219096676587,988.6460096775795,331.8802791071429
2026-01-28 07:00:00+00:00,1066.9,7472.014999999999,157.0208469387755,173.0265,4253.9125,1210.9862500000002,920.55625,441.7095,1077.0889926174466,6534.174169480402,339.15606025192994,146.2078922403511,4317.234405553852,1516.9481309148853,1032.2294547288923,403.87933716151554,485.4113284821428,4427.6351160466265,321.30533287202377,59.96197808035714,1769.5455587698416,543.2219096676587,988.6460096775795,331.8802791071429,485.4113284821428,4427.6351160466265,321.30533287202377,59.96197808035714,1769.5455587698416,543.2219096676587,988.6460096775795,331.8802791071429
2026-01-28 08:00:00+00:00,1025.725,7406.4825,162.7411632653061,172.86025,4166.4575,1111.604,930.325,451.58500000000004,1079.672105125221,6571.062777844989,325.65137901764683,153.35480623741034,4304.651627122488,1012.4917441533194,1044.6241399269147,416.71746778512465,485.4113284821428,4427.6351160466265,321.30533287202377,59.96197808035714,1769.5455587698416,543.2219096676587,988.6460096775795,331.8802791071429,485.4113284821428,4427.6351160466265,321.30533287202377,59.96197808035714,1769.5455587698416,543.2219096676587,988.6460096775795,331.8802791071429
2026-01-28 09:00:00+00:00,1060.155,7418.285,168.46147959183673,172.79975000000002,4262.1025,976.39525,924.8017500000001,460.25575,1086.4821041404707,6411.795674863793,346.5554599513146,149.02479916306078,4209.331019189489,572.4010912837181,1047.9030250992835,418.3558002415925,485.4113284821428,4427.6351160466265,321.30533287202377,59.96197808035714,1769.5455587698416,543.2219096676587,988.6460096775795,331.8802791071429,485.4113284821428,4427.6351160466265,321.30533287202377,59.96197808035714,1769.5455587698416,543.2219096676587,988.6460096775795,331.8802791071429
2026-01-28 10:00:00+00:00,1075.2975000000001,7413.94,174.18179591836733,172.67000000000002,4171.3925,715.4685,911.25125,459.61325,1100.4750942145167,6367.3815407185175,372.6509293466219,136.07474421521735,4131.878519097572,420.4161698660256,1051.5008098713872,421.0023063222497,485.4113284821428,4427.6351160466265,321.30533287202377,59.96197808035714,1769.5455587698416,543.2219096676587,988.6460096775795,331.8802791071429,485.4113284821428,4427.6351160466265,321.30533287202377,59.96197808035714,1769.5455587698416,543.2219096676587,988.6460096775795,331.8802791071429
2026-01-28 11:00:00+00:00,1009.99425,7368.4875,179.90211224489792,172.738,4004.265,511.6569999999999,910.35825,459.2625,1089.6890282476093,6420.1984221035955,376.33361930676915,150.54023026960533,4189.124866729296,440.81671304553214,1051.0584312335063,415.07840528465664,485.4113284821428,4427.6351160466265,321.30533287202377,59.96197808035714,1769.5455587698416,543.2219096676587,988.6460096775795,331.8802791071429,485.4113284821428,4427.6351160466265,321.30533287202377,59.96197808035714,1769.5455587698416,543.2219096676587,988.6460096775795,331.8802791071429
2026-01-28 12:00:00+00:00,984.08575,7384.9375,185.62242857142854,172.78,3908.8525,496.83649999999994,908.84,446.79225,1117.6221283453608,6485.215063308349,380.09789685431736,141.14962514094168,4071.713816450218,390.5752029386518,1045.2261611937502,408.6166790890737,485.4113284821428,4427.6351160466265,321.30533287202377,59.96197808035714,1769.5455587698416,543.2219096676587,988.6460096775795,331.8802791071429,485.4113284821428,4427.6351160466265,321.30533287202377,59.96197808035714,1769.5455587698416,543.2219096676587,988.6460096775795,331.8802791071429
2026-01-28 13:00:00+00:00,1015.971,7374.2875,191.34274489795916,172.78924999999998,4006.4125,582.52925,912.5722499999999,447.93550000000005,1112.920820389707,6572.343988184677,383.54337695685894,140.6290857493209,4074.270762410683,575.6424464736186,1052.1471161707443,404.685306769577,485.4113284821428,4427.6351160466265,321.30533287202377,59.96197808035714,1769.5455587698416,543.2219096676587,988.6460096775795,331.8802791071429,485.4113284821428,4427.6351160466265,321.30533287202377,59.96197808035714,1769.5455587698416,543.2219096676587,988.6460096775795,331.8802791071429
2026-01-28 14:00:00+00:00,987.177,7371.84,197.0630612244898,173.15475,4099.9475,616.7235000000001,913.2695,436.62275,1085.649199968224,6458.064897619972,378.1918971822051,151.398666114022,4085.6517020516285,986.4007169746804,1023.7560868696557,415.9831077035805,485.4113284821428,4427.6351160466265,321.30533287202377,59.96197808035714,1769.5455587698416,543.2219096676587,988.6460096775795,331.8802791071429,485.4113284821428,4427.6351160466265,321.30533287202377,59.96197808035714,1769.5455587698416,543.2219096676587,988.6460096775795,331.8802791071429
2026-01-28 15:00:00+00:00,946.436,7415.0275,202.78337755102038,173.93125,4173.765,904.94225,944.9645,437.668,1107.398510626711,6328.147588098798,377.2267279889051,140.73812799901694,4061.729448074723,1035.5039573610827,1075.6761551841325,423.77656433515006,485.4113284821428,4427.6351160466265,321.30533287202377,59.96197808035714,1769.5455587698416,543.2219096676587,988.6460096775795,331.8802791071429,485.4113284821428,4427.6351160466265,321.30533287202377,59.96197808035714,1769.5455587698416,543.2219096676587,988.6460096775795,331.8802791071429
2026-01-28 16:00:00+00:00,976.59725,7467.5225,208.50369387755097,173.94875000000002,4228.1525,1182.8495,937.891,452.3335,1066.9549231968326,6537.921275612889,367.3854711521882,152.86072054172124,4150.125965778228,1433.740883211865,1081.9704417087028,425.5811569649016,485.4113284821428,4427.6351160466265,321.30533287202377,59.96197808035714,1769.5455587698416,543.2219096676587,988.6460096775795,331.8802791071429,485.4113284821428,4427.6351160466265,321.30533287202377,59.96197808035714,1769.5455587698416,543.2219096676587,988.6460096775795,331.8802791071429
2026-01-28 17:00:00+00:00,909.55825,7441.04,214.2240102040816,173.85275000000001,4230.07,1184.25875,930.19975,458.44175,1012.07502112866,6511.477221484553,365.8618065020251,165.63268621604777,4283.016999377352,937.5649910376832,1073.482471057251,435.5114812516821,485.4113284821428,4427.6351160466265,321.30533287202377,59.96197808035714,1769.5455587698416,543.2219096676587,988.6460096775795,331.8802791071429,485.4113284821428,4427.6351160466265,321.30533287202377,59.96197808035714,1769.5455587698416,543.2219096676587,988.6460096775795,331.8802791071429
2026-01-28 18:00:00+00:00,952.6305,7442.105,219.94432653061222,173.8205,4226.18,941.8172500000001,926.5235,446.99199999999996,1009.3859873369738,6368.937065855536,367.0944617869813,153.19802701475874,4267.047132676273,636.9696234871034,1066.214929356404,426.51918376868446,485.4113284821428,4427.6351160466265,321.30533287202377,59.96197808035714,1769.5455587698416,543.2219096676587,988.6460096775795,331.8802791071429,485.4113284821428,4427.6351160466265,321.30533287202377,59.96197808035714,1769.5455587698416,543.2219096676587,988.6460096775795,331.8802791071429
2026-01-28 19:00:00+00:00,900.8887500000001,7389.7925000000005,225.66464285714284,173.998,4163.1675,350.90299999999996,915.9427499999999,447.1005,1053.8142007076854,6420.401811539712,380.1089307288312,145.0242939997587,4028.103452007252,242.24523922789206,1061.1993651200155,427.80971561618605,485.4113284821428,4427.6351160466265,321.30533287202377,59.96197808035714,1769.5455587698416,543.2219096676587,988.6460096775795,331.8802791071429,485.4113284821428,4427.6351160466265,321.30533287202377,59.96197808035714,1769.5455587698416,543.2219096676587,988.6460096775795,331.8802791071429
2026-01-28 20:00:00+00:00,903.047,7336.9675,231.38495918367346,174.06275,3976.9075,176.81425000000002,911.66625,443.55625,1067.838099477557,6329.9357915003175,383.7261438377735,134.56047522876588,3824.2074406571605,325.02371330130944,1063.718765586656,426.60287824772087,485.4113284821428,4427.6351160466265,321.30533287202377,59.96197808035714,1769.5455587698416,543.2219096676587,988.6460096775795,331.8802791071429,485.4113284821428,4427.6351160466265,321.30533287202377,59.96197808035714,1769.5455587698416,543.2219096676587,988.6460096775795,331.8802791071429
2026-01-28 21:00:00+00:00,956.99725,7296.8925,237.10527551020402,173.3775,3800.5075,157.887,906.2685,438.862,983.2072264671966,6228.764794022728,374.6383575949613,119.97424663060337,3508.528763472833,106.52922996938838,1057.930730238937,393.9807290453005,485.4113284821428,4427.6351160466265,321.30533287202377,59.96197808035714,1769.5455587698416,543.2219096676587,988.6460096775795,331.8802791071429,485.4113284821428,4427.6351160466265,321.30533287202377,59.96197808035714,1769.5455587698416,543.2219096676587,988.6460096775795,331.8802791071429
2026-01-28 22:00:00+00:00,867.0527499999998,7091.78,242.82559183673465,173.35025000000002,3588.8925,132.255,903.091,443.23975,955.6600876290821,6279.559590686309,379.77566029406046,133.0173741283964,3438.6655143995213,123.27103774260064,1034.731020788542,392.19129107921077,485.4113284821428,4427.6351160466265,321.30533287202377,59.96197808035714,1769.5455587698416,543.2219096676587,988.6460096775795,331.8802791071429,485.4113284821428,4427.6351160466265,321.30533287202377,59.96197808035714,1769.5455587698416,543.2219096676587,988.6460096775795,331.8802791071429
2026-01-28 23:00:00+00:00,1048.8425,6603.5275,248.54590816326527,173.786,3704.56,127.12099999999998,908.434,441.73125,967.7087232595454,6322.478746296868,377.6622602999122,151.1552203794957,3545.456819228062,109.72385466312545,1027.3991143806402,416.95081810607894,485.4113284821428,4427.6351160466265,321.30533287202377,59.96197808035714,1769.5455587698416,543.2219096676587,988.6460096775795,331.8802791071429,485.4113284821428,4427.6351160466265,321.30533287202377,59.96197808035714,1769.5455587698416,543.2219096676587,988.6460096775795,331.8802791071429
2026-01-29 00:00:00+00:00,1044.815,6431.7725,254.2662244897959,173.93825,3700.1225,127.39875,911.10175,443.343,965.7725559340499,6455.665863217283,345.7120152686565,153.24142361533347,3331.1344597389843,213.65496235158446,1015.1265936571874,411.1314983455705,485.4113284821428,4427.6351160466265,321.30533287202377,59.96197808035714,1769.5455587698416,543.2219096676587,988.6460096775795,331.8802791071429,485.4113284821428,4427.6351160466265,321.30533287202377,59.96197808035714,1769.5455587698416,543.2219096676587,988.6460096775795,331.8802791071429
2026-01-29 01:00:00+00:00,1044.405,6359.8099999999995,259.9865408163265,173.51325,3706.9224999999997,130.16649999999998,934.74325,438.64875,949.0979121065234,6405.948694158825,350.6014934296735,154.58710231334913,3317.9085489677896,213.65496235158446,1017.71725289397,407.8989791239442,485.4113284821428,4427.6351160466265,321.30533287202377,59.96197808035714,1769.5455587698416,543.2219096676587,988.6460096775795,331.8802791071429,485.4113284821428,4427.6351160466265,321.30533287202377,59.96197808035714,1769.5455587698416,543.2219096676587,988.6460096775795,331.8802791071429
2026-01-29 02:00:00+00:00,1042.755,6394.9575,265.70685714285713,174.088,3711.9375,128.35075,919.23425,431.3445,956.2453246952387,6264.024149917129,354.2675870487709,152.2362251280282,3263.7133091408123,178.16194583523952,1016.3860718619898,405.0324807612386,485.4113284821428,4427.6351160466265,321.30533287202377,59.96197808035714,1769.5455587698416,543.2219096676587,988.6460096775795,331.8802791071429,485.4113284821428,4427.6351160466265,321.30533287202377,59.96197808035714,1769.5455587698416,543.2219096676587,988.6460096775795,331.8802791071429
2026-01-29 03:00:00+00:00,998.01925,6487.7425,271.4271734693877,174.95825,3688.5125,127.82425,914.7365,433.2385,991.2613288758619,6278.486658519554,344.5444771132934,142.87461635726999,3310.9986624508497,191.2049814204205,1009.1901055990228,396.4237112749855,485.4113284821428,4427.6351160466265,321.30533287202377,59.96197808035714,1769.5455587698416,543.2219096676587,988.6460096775795,331.8802791071429,485.4113284821428,4427.6351160466265,321.30533287202377,59.96197808035714,1769.5455587698416,543.2219096676587,988.6460096775795,331.8802791071429
2026-01-29 04:00:00+00:00,1041.1275,6697.0725,277.1474897959183,175.5505,3907.465,150.71974999999998,904.5455000000001,442.66425,998.545477828339,6338.85296419812,361.9213879240792,147.7322963771596,3396.1123728618504,212.97257890665497,1004.9748596293301,400.17679356033346,485.4113284821428,4427.6351160466265,321.30533287202377,59.96197808035714,1769.5455587698416,543.2219096676587,988.6460096775795,331.8802791071429,485.4113284821428,4427.6351160466265,321.30533287202377,59.96197808035714,1769.5455587698416,543.2219096676587,988.6460096775795,331.8802791071429
2026-01-29 05:00:00+00:00,1060.9425,7156.485000000001,282.86780612244894,174.9425,4169.995,373.48999999999995,913.50175,446.306,1063.2940425621234,6487.449964255084,356.0573081303631,140.51089726980433,3779.244265054871,307.24328176516906,998.9213404616221,399.60503675773293,485.4113284821428,4427.6351160466265,321.30533287202377,59.96197808035714,1769.5455587698416,543.2219096676587,988.6460096775795,331.8802791071429,485.4113284821428,4427.6351160466265,321.30533287202377,59.96197808035714,1769.5455587698416,543.2219096676587,988.6460096775795,331.8802791071429
2026-01-29 06:00:00+00:00,1059.275,7536.450000000001,288.58812244897956,157.71675,4213.56,629.63225,917.42525,446.6395,1130.37524413128,6936.454694089451,386.26596007672543,151.23090830600069,4014.3926756499004,480.52217408145776,1035.4464108505629,422.8152460231329,485.4113284821428,4427.6351160466265,321.30533287202377,59.96197808035714,1769.5455587698416,543.2219096676587,988.6460096775795,331.8802791071429,485.4113284821428,4427.6351160466265,321.30533287202377,59.96197808035714,1769.5455587698416,543.2219096676587,988.6460096775795,331.8802791071429
2026-01-29 07:00:00+00:00,1047.025,7584.98,294.3084387755102,141.53625,4188.575,1152.27525,925.55125,446.223,1135.13030716724,6942.326324462892,372.9343689332104,151.43924900215694,4010.13166895753,1029.728965499832,1007.4318384338012,431.4245767052345,485.4113284821428,4427.6351160466265,321.30533287202377,59.96197808035714,1769.5455587698416,543.2219096676587,988.6460096775795,331.8802791071429,485.4113284821428,4427.6351160466265,321.30533287202377,59.96197808035714,1769.5455587698416,543.2219096676587,988.6460096775795,331.8802791071429
2026-01-29 08:00:00+00:00,1048.295,7518.22,300.02875510204075,138.732,4085.9775,1230.2069999999999,935.66475,438.13725,1142.2491362418455,6863.883368127029,384.48198088730027,156.88125229026465,4134.785553522353,935.3201087875839,1012.044321421632,432.6412403942293,485.4113284821428,4427.6351160466265,321.30533287202377,59.96197808035714,1769.5455587698416,543.2219096676587,988.6460096775795,331.8802791071429,485.4113284821428,4427.6351160466265,321.30533287202377,59.96197808035714,1769.5455587698416,543.2219096676587,988.6460096775795,331.8802791071429
2026-01-29 09:00:00+00:00,1046.5225,7505.2575,305.74907142857137,138.67125000000001,4083.8325,1237.2467499999998,913.5835,449.49425,1159.308409177842,6887.016056828803,393.26739242078787,153.31475250096352,4347.241346675555,691.0532645414669,1018.5715182761788,434.6957245791831,485.4113284821428,4427.6351160466265,321.30533287202377,59.96197808035714,1769.5455587698416,543.2219096676587,988.6460096775795,331.8802791071429,485.4113284821428,4427.6351160466265,321.30533287202377,59.96197808035714,1769.5455587698416,543.2219096676587,988.6460096775795,331.8802791071429
2026-01-29 10:00:00+00:00,1046.6425,7478.5075,311.469387755102,138.658,4077.0750000000003,1097.67375,918.27725,447.251,1185.1064651391866,6652.813193529306,402.37662167031726,154.9956438957625,4278.358817982609,763.3521920116966,1007.5413515577069,433.29203202501446,485.4113284821428,4427.6351160466265,321.30533287202377,59.96197808035714,1769.5455587698416,543.2219096676587,988.6460096775795,331.8802791071429,485.4113284821428,4427.6351160466265,321.30533287202377,59.96197808035714,1769.5455587698416,543.2219096676587,988.6460096775795,331.8802791071429
2026-01-29 11:00:00+00:00,1047.335,7467.55,317.1897040816326,138.641,4046.32,986.4982500000001,915.02775,455.061,1195.1321425202332,6608.724999830538,390.4313536284608,152.3056743242151,4342.5410500268545,685.5636730164433,990.7165608249991,438.4215987090488,485.4113284821428,4427.6351160466265,321.30533287202377,59.96197808035714,1769.5455587698416,543.2219096676587,988.6460096775795,331.8802791071429,485.4113284821428,4427.6351160466265,321.30533287202377,59.96197808035714,1769.5455587698416,543.2219096676587,988.6460096775795,331.8802791071429
2026-01-29 12:00:00+00:00,1048.83,7416.555,322.91002040816323,138.6955,4023.5575,977.6525,911.358,427.18775,1188.0533429551444,6559.019337411605,402.0743423462635,159.04632826584708,4301.477220956902,691.1286299384271,998.6336364803882,440.8290935342322,485.4113284821428,4427.6351160466265,321.30533287202377,59.96197808035714,1769.5455587698416,543.2219096676587,988.6460096775795,331.8802791071429,485.4113284821428,4427.6351160466265,321.30533287202377,59.96197808035714,1769.5455587698416,543.2219096676587,988.6460096775795,331.8802791071429
2026-01-29 13:00:00+00:00,1059.375,7508.8275,328.6303367346938,138.83425,4047.23,779.86275,918.163,454.44225,1182.2726976017818,6616.26605434207,411.93332961203504,166.51782344463203,4302.050597735873,677.803876266098,996.2120510649409,443.16604669961396,485.4113284821428,4427.6351160466265,321.30533287202377,59.96197808035714,1769.5455587698416,543.2219096676587,988.6460096775795,331.8802791071429,485.4113284821428,4427.6351160466265,321.30533287202377,59.96197808035714,1769.5455587698416,543.2219096676587,988.6460096775795,331.8802791071429
2026-01-29 14:00:00+00:00,1053.755,7503.51,334.3506530612244,139.28875,4061.52,592.1095,919.0635,452.4165,1170.5240460191837,6561.138864446673,403.1504273212623,149.82049003304377,4376.623854714106,893.256803224407,1017.3881269735685,444.5697392537826,485.4113284821428,4427.6351160466265,321.30533287202377,59.96197808035714,1769.5455587698416,543.2219096676587,988.6460096775795,331.8802791071429,485.4113284821428,4427.6351160466265,321.30533287202377,59.96197808035714,1769.5455587698416,543.2219096676587,988.6460096775795,331.8802791071429
2026-01-29 15:00:00+00:00,1049.2725,7488.5975,340.07096938775504,155.1215,4104.3475,986.79125,941.4435,446.43525,1132.7204302658276,6778.748726780127,402.83093466809987,145.52697133372266,4375.150333482675,1016.3914531072425,1059.1237230033366,438.12068723896346,485.4113284821428,4427.6351160466265,321.30533287202377,59.96197808035714,1769.5455587698416,543.2219096676587,988.6460096775795,331.8802791071429,485.4113284821428,4427.6351160466265,321.30533287202377,59.96197808035714,1769.5455587698416,543.2219096676587,988.6460096775795,331.8802791071429
2026-01-29 16:00:00+00:00,1054.845,7505.405000000001,345.79128571428566,157.714,4158.8075,1359.47325,943.124,442.6755,1160.6707130556392,6968.8410025818375,384.567836078061,154.89051979873517,4398.0419508417,1445.9320825424247,1059.631033243649,437.97177839632985,485.4113284821428,4427.6351160466265,321.30533287202377,59.96197808035714,1769.5455587698416,543.2219096676587,988.6460096775795,331.8802791071429,485.4113284821428,4427.6351160466265,321.30533287202377,59.96197808035714,1769.5455587698416,543.2219096676587,988.6460096775795,331.8802791071429
2026-01-29 17:00:00+00:00,1051.84,7524.8150000000005,351.5116020408163,157.58325,4195.92,1359.4865,930.1600000000001,459.543,1147.8652884430671,6910.557570969977,384.1009228213691,143.10326733071705,4443.126104036618,1270.307148342604,1043.1358522964572,436.42083221512496,485.4113284821428,4427.6351160466265,321.30533287202377,59.96197808035714,1769.5455587698416,543.2219096676587,988.6460096775795,331.8802791071429,485.4113284821428,4427.6351160466265,321.30533287202377,59.96197808035714,1769.5455587698416,543.2219096676587,988.6460096775795,331.8802791071429
2026-01-29 18:00:00+00:00,1046.3825000000002,7468.795,357.2319183673469,157.68025,4152.655,875.53775,929.69475,455.82825,1154.5469182369493,6649.767957115768,395.87690228171635,160.90386814562714,4474.823992768852,815.0892265421465,1051.1377925318734,436.4410779312051,485.4113284821428,4427.6351160466265,321.30533287202377,59.96197808035714,1769.5455587698416,543.2219096676587,988.6460096775795,331.8802791071429,485.4113284821428,4427.6351160466265,321.30533287202377,59.96197808035714,1769.5455587698416,543.2219096676587,988.6460096775795,331.8802791071429
2026-01-29 19:00:00+00:00,1045.7775,7474.9,362.95223469387753,157.8245,4105.06,542.923,917.81525,447.59574999999995,1145.2321579445256,6614.447832542994,387.6776892000703,165.01277591221162,4387.9162127571,462.2366088898458,1050.4156015840583,430.03068256685134,485.4113284821428,4427.6351160466265,321.30533287202377,59.96197808035714,1769.5455587698416,543.2219096676587,988.6460096775795,331.8802791071429,485.4113284821428,4427.6351160466265,321.30533287202377,59.96197808035714,1769.5455587698416,543.2219096676587,988.6460096775795,331.8802791071429
2026-01-29 20:00:00+00:00,1058.5375,7600.555,368.6725510204081,158.37425000000002,4025.4474999999998,348.94399999999996,1150.9725,443.6545,1125.6536423721816,6550.49576810114,389.3439825583214,170.33327890676821,4286.453780585976,318.56713630704644,1067.3595172193257,427.56087368123866,485.4113284821428,4427.6351160466265,321.30533287202377,59.96197808035714,1769.5455587698416,543.2219096676587,988.6460096775795,331.8802791071429,485.4113284821428,4427.6351160466265,321.30533287202377,59.96197808035714,1769.5455587698416,543.2219096676587,988.6460096775795,331.8802791071429
2026-01-29 21:00:00+00:00,1047.6675,7579.2525000000005,374.3928673469387,176.46975,4063.4999999999995,297.92525,1097.2825,441.78525,1085.1085428535368,6371.03238755731,380.88268906831394,127.84506858219315,4080.1051641872427,107.46840049429846,1058.148688618458,414.7603789254375,485.4113284821428,4427.6351160466265,321.30533287202377,59.96197808035714,1769.5455587698416,543.2219096676587,988.6460096775795,331.8802791071429,485.4113284821428,4427.6351160466265,321.30533287202377,59.96197808035714,1769.5455587698416,543.2219096676587,988.6460096775795,331.8802791071429
2026-01-29 22:00:00+00:00,955.3442500000001,7431.59,380.11318367346934,176.77625,3910.445,178.20625,1022.76,438.22525,1075.6156068212651,6160.548136846697,372.8971277813533,126.29226802506422,3908.1853237618257,174.01371587614,998.2368072760811,405.24141360851115,485.4113284821428,4427.6351160466265,321.30533287202377,59.96197808035714,1769.5455587698416,543.2219096676587,988.6460096775795,331.8802791071429,485.4113284821428,4427.6351160466265,321.30533287202377,59.96197808035714,1769.5455587698416,543.2219096676587,988.6460096775795,331.8802791071429
2026-01-29 23:00:00+00:00,974.7795000000001,6718.8875,385.83349999999996,176.7,3846.49,146.35199999999998,1020.4075,439.45175,1046.3158719087464,6129.689051011531,365.236208049732,160.77000180774672,3781.681703596137,170.4325698937568,1010.673400855436,401.48833132316315,485.4113284821428,4427.6351160466265,321.30533287202377,59.96197808035714,1769.5455587698416,543.2219096676587,988.6460096775795,331.8802791071429,485.4113284821428,4427.6351160466265,321.30533287202377,59.96197808035714,1769.5455587698416,543.2219096676587,988.6460096775795,331.8802791071429
2026-01-30 00:00:00+00:00,1051.8775,6215.0875,386.715,176.49824999999998,3800.8925,143.74349999999998,1012.94,441.02175,1024.0934643591215,6102.344113927858,352.5940684971182,164.96909205187308,3693.2047673166962,189.77396511089773,1020.1332425366725,392.77561777387393,485.4113284821428,4427.6351160466265,321.30533287202377,59.96197808035714,1769.5455587698416,543.2219096676587,988.6460096775795,331.8802791071429,485.4113284821428,4427.6351160466265,321.30533287202377,59.96197808035714,1769.5455587698416,543.2219096676587,988.6460096775795,331.8802791071429
2026-01-30 01:00:00+00:00,1060.5975,6023.6925,386.715,176.26,3798.9225,142.04575,1010.5174999999999,436.75800000000004,1011.3960201741688,6075.975103671583,350.8857739216604,166.79899546049478,3668.0320382078107,242.08031851520985,1003.1401974759393,397.545257976152,485.4113284821428,4427.6351160466265,321.30533287202377,59.96197808035714,1769.5455587698416,543.2219096676587,988.6460096775795,331.8802791071429,485.4113284821428,4427.6351160466265,321.30533287202377,59.96197808035714,1769.5455587698416,543.2219096676587,988.6460096775795,331.8802791071429
2026-01-30 02:00:00+00:00,1063.3125,6033.055,386.715,176.56099999999998,3699.045,143.39724999999999,1022.0475,433.36125,1040.2511550655959,5961.9211805102095,344.73766839652757,168.30486174320492,3709.990305495845,323.6865023224191,998.182709138633,397.47397680564006,485.4113284821428,4427.6351160466265,321.30533287202377,59.96197808035714,1769.5455587698416,543.2219096676587,988.6460096775795,331.8802791071429,485.4113284821428,4427.6351160466265,321.30533287202377,59.96197808035714,1769.5455587698416,543.2219096676587,988.6460096775795,331.8802791071429
2026-01-30 03:00:00+00:00,1060.4250000000002,6132.3675,386.715,177.2935,3740.1975,144.26824999999997,1017.115,431.68025,1071.1844744044693,6237.84678564466,346.93208701383907,165.60068336880147,3758.9593303471593,322.8530501855953,1002.8934710783551,397.47397680564006,485.4113284821428,4427.6351160466265,321.30533287202377,59.96197808035714,1769.5455587698416,543.2219096676587,988.6460096775795,331.8802791071429,485.4113284821428,4427.6351160466265,321.30533287202377,59.96197808035714,1769.5455587698416,543.2219096676587,988.6460096775795,331.8802791071429
2026-01-30 04:00:00+00:00,988.664,6490.2925,386.715,177.8505,3952.6375,168.41725000000002,1011.1084999999999,442.92875000000004,1053.1743365447524,6525.640702999723,362.0023674379409,164.7481904358578,3808.059462181429,316.03222767653324,1008.2236675547729,391.02492479082093,485.4113284821428,4427.6351160466265,321.30533287202377,59.96197808035714,1769.5455587698416,543.2219096676587,988.6460096775795,331.8802791071429,485.4113284821428,4427.6351160466265,321.30533287202377,59.96197808035714,1769.5455587698416,543.2219096676587,988.6460096775795,331.8802791071429
2026-01-30 05:00:00+00:00,1057.8899999999999,7156.68,386.715,177.587,4203.8325,372.69925,1020.69,432.45425,1073.5222454439613,6695.144127860528,362.3552177877861,170.7618027890762,4177.752190046065,422.99178212948203,1043.7887948572213,399.13939234598456,485.4113284821428,4427.6351160466265,321.30533287202377,59.96197808035714,1769.5455587698416,543.2219096676587,988.6460096775795,331.8802791071429,485.4113284821428,4427.6351160466265,321.30533287202377,59.96197808035714,1769.5455587698416,543.2219096676587,988.6460096775795,331.8802791071429
2026-01-30 06:00:00+00:00,1060.3825000000002,7549.8150000000005,386.715,177.3435,4313.26,1322.24675,1027.2275,435.904,986.2490355150046,6530.121462936542,396.725689714453,169.81884914495032,4349.086638809226,927.2020300060177,1019.5777862719186,426.71099376779216,485.4113284821428,4427.6351160466265,321.30533287202377,59.96197808035714,1769.5455587698416,543.2219096676587,988.6460096775795,331.8802791071429,485.4113284821428,4427.6351160466265,321.30533287202377,59.96197808035714,1769.5455587698416,543.2219096676587,988.6460096775795,331.8802791071429
2026-01-30 07:00:00+00:00,1059.1275,7609.7275,386.715,177.19299999999998,4363.125,1729.16925,1003.5504999999999,445.8785,1031.9638721032159,6453.99457993618,401.46341352179525,170.95787363669604,4336.690892934481,1353.2975278141007,1002.5997181318162,427.27381746824403,485.4113284821428,4427.6351160466265,321.30533287202377,59.96197808035714,1769.5455587698416,543.2219096676587,988.6460096775795,331.8802791071429,485.4113284821428,4427.6351160466265,321.30533287202377,59.96197808035714,1769.5455587698416,543.2219096676587,988.6460096775795,331.8802791071429
2026-01-30 08:00:00+00:00,1060.7325,7596.1475,386.715,171.73825,4333.3825,1563.22,970.08925,448.95799999999997,1077.346039435182,6451.707877056816,385.2215761756234,173.70054326086222,4331.794453444942,1053.5446069276757,1025.8930988755333,422.54802148134706,485.4113284821428,4427.6351160466265,321.30533287202377,59.96197808035714,1769.5455587698416,543.2219096676587,988.6460096775795,331.8802791071429,485.4113284821428,4427.6351160466265,321.30533287202377,59.96197808035714,1769.5455587698416,543.2219096676587,988.6460096775795,331.8802791071429
2026-01-30 09:00:00+00:00,1062.67,7592.6849999999995,386.715,170.43225,4293.415,1331.85225,1031.85,436.3,1094.7040833576275,6487.342320125243,351.6199191932973,178.24158309191967,4334.380282248259,565.3251708145659,1035.434137569338,417.1898513069484,485.4113284821428,4427.6351160466265,321.30533287202377,59.96197808035714,1769.5455587698416,543.2219096676587,988.6460096775795,331.8802791071429,485.4113284821428,4427.6351160466265,321.30533287202377,59.96197808035714,1769.5455587698416,543.2219096676587,988.6460096775795,331.8802791071429
2026-01-30 10:00:00+00:00,1068.745,7589.22,386.715,153.09475,4120.03,411.79775,1042.6174999999998,432.99875,1108.4778027442908,6520.301052899231,333.1661607130711,179.35148577223896,4276.943764548727,305.15944119124424,1037.9908004224242,418.7443032154788,485.4113284821428,4427.6351160466265,321.30533287202377,59.96197808035714,1769.5455587698416,543.2219096676587,988.6460096775795,331.8802791071429,485.4113284821428,4427.6351160466265,321.30533287202377,59.96197808035714,1769.5455587698416,543.2219096676587,988.6460096775795,331.8802791071429
2026-01-30 11:00:00+00:00,1064.0,7541.5375,386.715,162.2035,4169.415,210.90625,1034.3725,442.2805,1102.339475238317,6091.062384614604,318.12057044538034,179.6318730676428,4169.37001022931,263.27772369445916,1035.4931670174828,429.008315333031,485.4113284821428,4427.6351160466265,321.30533287202377,59.96197808035714,1769.5455587698416,543.2219096676587,988.6460096775795,331.8802791071429,485.4113284821428,4427.6351160466265,321.30533287202377,59.96197808035714,1769.5455587698416,543.2219096676587,988.6460096775795,331.8802791071429
2026-01-30 12:00:00+00:00,1062.02,7581.2325,386.715,162.588,4127.0525,227.56275,1030.555,447.04175,1092.3221373605884,6113.364404034992,321.49711063182093,169.02855141631096,4148.817761857766,256.600070725769,1039.2511915339662,429.008315333031,485.4113284821428,4427.6351160466265,321.30533287202377,59.96197808035714,1769.5455587698416,543.2219096676587,988.6460096775795,331.8802791071429,485.4113284821428,4427.6351160466265,321.30533287202377,59.96197808035714,1769.5455587698416,543.2219096676587,988.6460096775795,331.8802791071429
2026-01-30 13:00:00+00:00,1059.7024999999999,7559.275,386.715,172.36825,4095.065,202.30449999999996,1036.245,456.15425,1110.8262926805783,6120.563670967708,348.37859216555256,165.81917929926092,4142.313672527234,278.0900383229287,1028.633678696591,420.9566614789769,485.4113284821428,4427.6351160466265,321.30533287202377,59.96197808035714,1769.5455587698416,543.2219096676587,988.6460096775795,331.8802791071429,485.4113284821428,4427.6351160466265,321.30533287202377,59.96197808035714,1769.5455587698416,543.2219096676587,988.6460096775795,331.8802791071429
2026-01-30 14:00:00+00:00,1059.355,7553.15,386.715,173.81125,4163.6975,243.44225000000006,1042.5575,457.218,1105.9594421091178,6211.589441305431,328.7581546418384,170.6664629544264,4124.686852822277,737.0194300768579,1032.6308612139876,419.78750164766933,485.4113284821428,4427.6351160466265,321.30533287202377,59.96197808035714,1769.5455587698416,543.2219096676587,988.6460096775795,331.8802791071429,485.4113284821428,4427.6351160466265,321.30533287202377,59.96197808035714,1769.5455587698416,543.2219096676587,988.6460096775795,331.8802791071429
2026-01-30 15:00:00+00:00,1062.9325,7538.3,386.715,145.13025,3995.135,260.30525,1047.72,455.47175,1105.7901100370825,6230.364256192542,332.9919750950387,172.7420472197113,4196.543902924687,1004.2843113859818,1063.7585011627573,415.0361012042548,485.4113284821428,4427.6351160466265,321.30533287202377,59.96197808035714,1769.5455587698416,543.2219096676587,988.6460096775795,331.8802791071429,485.4113284821428,4427.6351160466265,321.30533287202377,59.96197808035714,1769.5455587698416,543.2219096676587,988.6460096775795,331.8802791071429
2026-01-30 16:00:00+00:00,1064.7949999999998,7442.22,386.715,139.26575,3887.9475,299.24125,1043.4225000000001,456.594,1070.5921833071038,6488.934943070311,337.43564428525553,172.98571517299678,4310.433188492509,1373.603861464305,1057.3129155190538,407.1828629388432,485.4113284821428,4427.6351160466265,321.30533287202377,59.96197808035714,1769.5455587698416,543.2219096676587,988.6460096775795,331.8802791071429,485.4113284821428,4427.6351160466265,321.30533287202377,59.96197808035714,1769.5455587698416,543.2219096676587,988.6460096775795,331.8802791071429
2026-01-30 17:00:00+00:00,1060.74,7419.4325,386.715,139.27499999999998,3851.34,285.7445,1066.9025,461.98474999999996,1097.8325764876156,6347.765280297881,332.15848046977277,170.34080922279247,4358.124240823492,584.8262000954817,1064.0529470297588,414.066434973092,485.4113284821428,4427.6351160466265,321.30533287202377,59.96197808035714,1769.5455587698416,543.2219096676587,988.6460096775795,331.8802791071429,485.4113284821428,4427.6351160466265,321.30533287202377,59.96197808035714,1769.5455587698416,543.2219096676587,988.6460096775795,331.8802791071429
2026-01-30 18:00:00+00:00,1055.6375,7264.415,386.715,139.388,3817.755,236.10625,1046.345,454.921,1075.0273476094455,6126.739556927866,335.759446970471,164.3218112065789,4300.41277171683,325.4226623052182,1060.3735212743518,421.7896142843855,485.4113284821428,4427.6351160466265,321.30533287202377,59.96197808035714,1769.5455587698416,543.2219096676587,988.6460096775795,331.8802791071429,485.4113284821428,4427.6351160466265,321.30533287202377,59.96197808035714,1769.5455587698416,543.2219096676587,988.6460096775795,331.8802791071429
2026-01-30 19:00:00+00:00,1055.1599999999999,7138.57,386.715,139.42075,3800.7200000000003,208.73025,1036.1399999999999,450.8175,1074.825701070463,5935.292499191023,335.4679108121033,156.90539542588772,4035.6526569816306,162.49153756037418,1010.5634767331762,406.4651529162578,485.4113284821428,4427.6351160466265,321.30533287202377,59.96197808035714,1769.5455587698416,543.2219096676587,988.6460096775795,331.8802791071429,485.4113284821428,4427.6351160466265,321.30533287202377,59.96197808035714,1769.5455587698416,543.2219096676587,988.6460096775795,331.8802791071429
2026-01-30 20:00:00+00:00,950.3072500000001,6708.3025,386.715,139.46625,3588.0074999999997,140.80875000000003,1025.6175,449.08225,1021.7570800609387,5890.655987952583,344.9965841947897,167.0849477260233,3823.9473176237143,241.02165875720254,1012.0966917382989,393.1269125626201,485.4113284821428,4427.6351160466265,321.30533287202377,59.96197808035714,1769.5455587698416,543.2219096676587,988.6460096775795,331.8802791071429,485.4113284821428,4427.6351160466265,321.30533287202377,59.96197808035714,1769.5455587698416,543.2219096676587,988.6460096775795,331.8802791071429
2026-01-30 21:00:00+00:00,843.922,6318.56,386.715,139.55225000000002,3405.6,140.43225,1022.3525,442.94550000000004,1007.0800213198597,6142.34323205142,352.75616354866065,146.44311493934947,3420.3170242643137,118.36177778072812,994.7948668746207,398.36869017694664,485.4113284821428,4427.6351160466265,321.30533287202377,59.96197808035714,1769.5455587698416,543.2219096676587,988.6460096775795,331.8802791071429,485.4113284821428,4427.6351160466265,321.30533287202377,59.96197808035714,1769.5455587698416,543.2219096676587,988.6460096775795,331.8802791071429
2026-01-30 22:00:00+00:00,801.8555,5198.0075,386.715,141.86825,3287.0275,139.808,1017.0125,443.6155,966.4654344526946,6222.085404531224,364.1197554787232,157.82565610398956,3316.443571194413,130.0292964856544,1018.0352528930046,408.46966717816633,485.4113284821428,4427.6351160466265,321.30533287202377,59.96197808035714,1769.5455587698416,543.2219096676587,988.6460096775795,331.8802791071429,485.4113284821428,4427.6351160466265,321.30533287202377,59.96197808035714,1769.5455587698416,543.2219096676587,988.6460096775795,331.8802791071429
2026-01-30 23:00:00+00:00,918.58975,5483.175,387.48375,159.13175,3495.715,139.62324999999998,1015.3975,441.92725,901.8024038960707,6081.293383356136,343.3130836682185,144.77355388740506,3200.553480079552,87.99018427713753,1007.2393482776199,396.99991530656604,485.4113284821428,4427.6351160466265,321.30533287202377,59.96197808035714,1769.5455587698416,543.2219096676587,988.6460096775795,331.8802791071429,485.4113284821428,4427.6351160466265,321.30533287202377,59.96197808035714,1769.5455587698416,543.2219096676587,988.6460096775795,331.8802791071429
2026-01-31 00:00:00+00:00,917.33825,4695.32,387.486,171.017,3604.3275,139.72974999999997,1016.3875,437.625,761.1197330320545,5109.628561469314,345.6304173074889,153.1920844254904,3258.142297028051,182.97032001672238,1014.5130536072423,441.8824153880841,485.4113284821428,4427.6351160466265,321.30533287202377,59.96197808035714,1769.5455587698416,543.2219096676587,988.6460096775795,331.8802791071429,485.4113284821428,4427.6351160466265,321.30533287202377,59.96197808035714,1769.5455587698416,543.2219096676587,988.6460096775795,331.8802791071429
2026-01-31 01:00:00+00:00,943.20825,4373.555,387.486,171.09525,3627.0775,138.8275,1008.5550000000001,435.576,675.915588663322,5077.404769005312,358.7092347661779,160.32909315295362,3276.276572697092,161.52029205886578,1007.0714974096658,445.2356529497519,485.4113284821428,4427.6351160466265,321.30533287202377,59.96197808035714,1769.5455587698416,543.2219096676587,988.6460096775795,331.8802791071429,485.4113284821428,4427.6351160466265,321.30533287202377,59.96197808035714,1769.5455587698416,543.2219096676587,988.6460096775795,331.8802791071429
2026-01-31 02:00:00+00:00,903.4110000000001,4140.245,387.486,171.40275,3627.7,139.14875,1011.33,428.79425000000003,651.6829389899218,4632.014847785765,366.8296264599677,163.66458240847066,3293.7830008932315,171.9789952086578,1012.1070629561189,442.6643554574754,485.4113284821428,4427.6351160466265,321.30533287202377,59.96197808035714,1769.5455587698416,543.2219096676587,988.6460096775795,331.8802791071429,485.4113284821428,4427.6351160466265,321.30533287202377,59.96197808035714,1769.5455587698416,543.2219096676587,988.6460096775795,331.8802791071429
2026-01-31 03:00:00+00:00,978.3634999999999,3949.995,387.486,171.175,3620.2749999999996,140.57074999999998,1023.4425,435.58625,645.6688802158887,4502.357717551806,363.89461435624963,167.95866422101216,3295.601342072975,166.39739244572615,1008.3402543408081,441.0558616547456,485.4113284821428,4427.6351160466265,321.30533287202377,59.96197808035714,1769.5455587698416,543.2219096676587,988.6460096775795,331.8802791071429,485.4113284821428,4427.6351160466265,321.30533287202377,59.96197808035714,1769.5455587698416,543.2219096676587,988.6460096775795,331.8802791071429
2026-01-31 04:00:00+00:00,1000.9122500000001,3703.0550000000003,387.486,171.0935,3666.0075,140.48825,1022.7750000000001,443.19625,660.7878034389724,4518.437509131391,399.3575139480583,163.10449037209204,3173.6880423299126,173.49875967865324,1000.3284333011537,438.4639161962908,485.4113284821428,4427.6351160466265,321.30533287202377,59.96197808035714,1769.5455587698416,543.2219096676587,988.6460096775795,331.8802791071429,485.4113284821428,4427.6351160466265,321.30533287202377,59.96197808035714,1769.5455587698416,543.2219096676587,988.6460096775795,331.8802791071429
2026-01-31 05:00:00+00:00,921.4110000000001,4177.2275,387.486,156.85625,3667.215,140.98325,1027.0525,451.93625,805.4122087508252,4505.6611786117455,395.47124711375596,165.8512446009894,3190.0878423097656,200.58964129353444,1007.4923720018289,436.07195170932715,485.4113284821428,4427.6351160466265,321.30533287202377,59.96197808035714,1769.5455587698416,543.2219096676587,988.6460096775795,331.8802791071429,485.4113284821428,4427.6351160466265,321.30533287202377,59.96197808035714,1769.5455587698416,543.2219096676587,988.6460096775795,331.8802791071429
2026-01-31 06:00:00+00:00,834.65825,5784.9525,387.486,156.065,3714.7875,165.3995,1029.3225,446.82225,863.6939712678663,4518.332142589144,385.55216817124165,161.3150210069714,3432.3612036803115,395.55045876392546,965.086735833087,417.8265497758813,485.4113284821428,4427.6351160466265,321.30533287202377,59.96197808035714,1769.5455587698416,543.2219096676587,988.6460096775795,331.8802791071429,485.4113284821428,4427.6351160466265,321.30533287202377,59.96197808035714,1769.5455587698416,543.2219096676587,988.6460096775795,331.8802791071429
2026-01-31 07:00:00+00:00,836.24425,5666.9875,387.486,156.09550000000002,3708.885,142.51775000000004,1034.6975,447.0025,887.4865173456188,4776.270923832752,364.1419947518497,163.24490125209016,3657.8342998004323,561.2302249030187,992.5434839801601,429.8206380474105,485.4113284821428,4427.6351160466265,321.30533287202377,59.96197808035714,1769.5455587698416,543.2219096676587,988.6460096775795,331.8802791071429,485.4113284821428,4427.6351160466265,321.30533287202377,59.96197808035714,1769.5455587698416,543.2219096676587,988.6460096775795,331.8802791071429
2026-01-31 08:00:00+00:00,827.05825,5617.8125,387.486,155.874,3763.61,140.52825000000007,1023.2425,441.4715,979.3728134116814,4852.325391012419,339.26077544125957,158.98328803039809,3790.169645348469,387.65199829194404,996.8833327381664,427.21976142756193,485.4113284821428,4427.6351160466265,321.30533287202377,59.96197808035714,1769.5455587698416,543.2219096676587,988.6460096775795,331.8802791071429,485.4113284821428,4427.6351160466265,321.30533287202377,59.96197808035714,1769.5455587698416,543.2219096676587,988.6460096775795,331.8802791071429
2026-01-31 09:00:00+00:00,868.82475,5233.465,387.486,155.74124999999998,3820.48,140.82025,1025.6799999999998,442.72249999999997,992.5865207216027,5042.38356279193,320.8552695156205,159.38614099467378,3876.936817699838,355.0562490644223,1004.1325316317893,428.5183936066819,485.4113284821428,4427.6351160466265,321.30533287202377,59.96197808035714,1769.5455587698416,543.2219096676587,988.6460096775795,331.8802791071429,485.4113284821428,4427.6351160466265,321.30533287202377,59.96197808035714,1769.5455587698416,543.2219096676587,988.6460096775795,331.8802791071429
2026-01-31 10:00:00+00:00,867.12225,4940.875,387.486,155.89675,3751.5675,139.75025,1016.525,442.76025000000004,1031.32188576951,5053.813773213573,321.636687093641,163.9157032689999,3947.3129077973877,183.01732276248418,1027.6160032700366,423.02137296279915,485.4113284821428,4427.6351160466265,321.30533287202377,59.96197808035714,1769.5455587698416,543.2219096676587,988.6460096775795,331.8802791071429,485.4113284821428,4427.6351160466265,321.30533287202377,59.96197808035714,1769.5455587698416,543.2219096676587,988.6460096775795,331.8802791071429
2026-01-31 11:00:00+00:00,749.83025,4594.6875,387.486,155.89825,3713.165,140.73075,1024.825,444.272,1038.316063712661,5347.590157302438,297.05358089384254,165.3178113636306,3892.5125656845894,128.92786488224863,1008.8755680598617,421.7322503693495,485.4113284821428,4427.6351160466265,321.30533287202377,59.96197808035714,1769.5455587698416,543.2219096676587,988.6460096775795,331.8802791071429,485.4113284821428,4427.6351160466265,321.30533287202377,59.96197808035714,1769.5455587698416,543.2219096676587,988.6460096775795,331.8802791071429
2026-01-31 12:00:00+00:00,739.99425,4474.0,387.486,155.82075,3715.3675,140.60699999999997,1023.765,439.791,1040.6332662674156,5207.674409269621,345.52949240017375,177.63315857508115,3868.685695601175,140.98157276713368,1007.9738341973328,436.6858580244004,485.4113284821428,4427.6351160466265,321.30533287202377,59.96197808035714,1769.5455587698416,543.2219096676587,988.6460096775795,331.8802791071429,485.4113284821428,4427.6351160466265,321.30533287202377,59.96197808035714,1769.5455587698416,543.2219096676587,988.6460096775795,331.8802791071429
2026-01-31 13:00:00+00:00,743.5777499999999,4689.255,387.486,155.85424999999998,3710.5325000000003,140.95600000000002,1026.7150000000001,438.90175,1033.37035038732,5217.8938343387035,326.46701364203847,163.8886624913846,3855.5641604944985,154.28318131125587,1013.1531563674698,436.33893097797625,485.4113284821428,4427.6351160466265,321.30533287202377,59.96197808035714,1769.5455587698416,543.2219096676587,988.6460096775795,331.8802791071429,485.4113284821428,4427.6351160466265,321.30533287202377,59.96197808035714,1769.5455587698416,543.2219096676587,988.6460096775795,331.8802791071429
2026-01-31 14:00:00+00:00,743.5695000000001,5561.58,387.486,155.90625,3712.7975,141.31925000000007,1029.87,432.7715,1053.6090008624092,5282.406535982354,330.47602562746533,163.03875343916076,3885.3681082714343,343.89045238552853,1010.4447112418143,434.0766527866473,485.4113284821428,4427.6351160466265,321.30533287202377,59.96197808035714,1769.5455587698416,543.2219096676587,988.6460096775795,331.8802791071429,485.4113284821428,4427.6351160466265,321.30533287202377,59.96197808035714,1769.5455587698416,543.2219096676587,988.6460096775795,331.8802791071429
2026-01-31 15:00:00+00:00,744.62475,5807.6525,387.486,155.9315,3803.4925,444.7215,1065.21,444.73825,1047.2869087437632,5218.018461243781,348.0465059790082,154.0954172089217,3907.5809588848115,837.1980619298142,1011.9582083004854,437.58800961670056,485.4113284821428,4427.6351160466265,321.30533287202377,59.96197808035714,1769.5455587698416,543.2219096676587,988.6460096775795,331.8802791071429,485.4113284821428,4427.6351160466265,321.30533287202377,59.96197808035714,1769.5455587698416,543.2219096676587,988.6460096775795,331.8802791071429
2026-01-31 16:00:00+00:00,758.811,5591.4974999999995,387.486,155.9125,3879.54,1559.4959999999999,1069.915,446.11875,1037.5931926612204,5236.6287774262355,173.96045842757488,156.71250176164796,4015.645569210902,1100.2303632835215,1051.2509683417447,430.46442907059486,485.4113284821428,4427.6351160466265,321.30533287202377,59.96197808035714,1769.5455587698416,543.2219096676587,988.6460096775795,331.8802791071429,485.4113284821428,4427.6351160466265,321.30533287202377,59.96197808035714,1769.5455587698416,543.2219096676587,988.6460096775795,331.8802791071429
2026-01-31 17:00:00+00:00,796.1305,5598.155,387.486,155.83925,3879.4775,1695.0504999999998,1075.385,441.7845,1025.0415497047481,5255.244348097369,140.64820348214764,168.50090919646502,3920.7677375772782,779.6577092787937,1026.973452518581,431.08679003509604,485.4113284821428,4427.6351160466265,321.30533287202377,59.96197808035714,1769.5455587698416,543.2219096676587,988.6460096775795,331.8802791071429,485.4113284821428,4427.6351160466265,321.30533287202377,59.96197808035714,1769.5455587698416,543.2219096676587,988.6460096775795,331.8802791071429
2026-01-31 18:00:00+00:00,805.8389999999999,5941.335,387.486,155.78825,3876.9525,1529.2302499999998,1073.425,442.02049999999997,997.6340070438882,5028.523190232026,129.365064861586,175.80355165311315,3933.8097551856113,472.9535542937813,1013.9972155112083,433.1559039967887,485.4113284821428,4427.6351160466265,321.30533287202377,59.96197808035714,1769.5455587698416,543.2219096676587,988.6460096775795,331.8802791071429,485.4113284821428,4427.6351160466265,321.30533287202377,59.96197808035714,1769.5455587698416,543.2219096676587,988.6460096775795,331.8802791071429
2026-01-31 19:00:00+00:00,797.211,5938.46,387.486,155.992,3762.7775,499.50399999999996,1043.335,436.523,1013.2409601072136,4824.662882551907,180.27604614651543,172.7704978206768,3880.7649120152796,283.49143543214194,968.7157450354184,439.32214006690936,485.4113284821428,4427.6351160466265,321.30533287202377,59.96197808035714,1769.5455587698416,543.2219096676587,988.6460096775795,331.8802791071429,485.4113284821428,4427.6351160466265,321.30533287202377,59.96197808035714,1769.5455587698416,543.2219096676587,988.6460096775795,331.8802791071429
2026-01-31 20:00:00+00:00,796.9222500000001,6068.2775,387.486,155.97325,3719.9,191.15875,1031.1975,439.5245,1003.9957703477,4812.256791210842,201.2180276216904,169.30520918664314,3877.51498153305,217.40900009517173,975.8238703336766,438.27601622249244,485.4113284821428,4427.6351160466265,321.30533287202377,59.96197808035714,1769.5455587698416,543.2219096676587,988.6460096775795,331.8802791071429,485.4113284821428,4427.6351160466265,321.30533287202377,59.96197808035714,1769.5455587698416,543.2219096676587,988.6460096775795,331.8802791071429
2026-01-31 21:00:00+00:00,794.136,5907.025,387.486,156.13524999999998,3694.715,207.38299999999998,1029.505,430.7145,1029.8697384278732,4898.321199985565,176.72776529081693,175.4560682431499,3836.85106170206,126.43260235169515,964.4288132433089,437.50857371771826,485.4113284821428,4427.6351160466265,321.30533287202377,59.96197808035714,1769.5455587698416,543.2219096676587,988.6460096775795,331.8802791071429,485.4113284821428,4427.6351160466265,321.30533287202377,59.96197808035714,1769.5455587698416,543.2219096676587,988.6460096775795,331.8802791071429
2026-01-31 22:00:00+00:00,884.2662500000001,5521.34,387.486,156.80375,3627.6825,196.2955,1005.25625,431.82550000000003,1023.8331078605268,5001.610493477317,174.03408086978814,176.8405883224264,3765.434752362983,103.49013378473876,936.153413832835,444.83910898424347,485.4113284821428,4427.6351160466265,321.30533287202377,59.96197808035714,1769.5455587698416,543.2219096676587,988.6460096775795,331.8802791071429,485.4113284821428,4427.6351160466265,321.30533287202377,59.96197808035714,1769.5455587698416,543.2219096676587,988.6460096775795,331.8802791071429
2026-01-31 23:00:00+00:00,912.98875,5267.0425,386.71725,172.649,3744.335,142.269,1029.5925,428.55925,1006.237546753724,4987.023113802833,254.49124949445286,178.32822724601186,3557.1645741090974,173.99237374118172,939.1544979895208,443.9027158213547,485.4113284821428,4427.6351160466265,321.30533287202377,59.96197808035714,1769.5455587698416,543.2219096676587,988.6460096775795,331.8802791071429,485.4113284821428,4427.6351160466265,321.30533287202377,59.96197808035714,1769.5455587698416,543.2219096676587,988.6460096775795,331.8802791071429
2026-02-01 00:00:00+00:00,1007.8905,4789.1900000000005,386.715,174.1965,3814.295,140.11374999999998,1019.7175,433.852,1005.136318487361,5630.908580131375,226.282585348966,172.7466041106879,3443.740731385769,184.53323936740827,956.5399277458622,450.065697594761,485.4113284821428,4427.6351160466265,321.30533287202377,59.96197808035714,1769.5455587698416,543.2219096676587,988.6460096775795,331.8802791071429,485.4113284821428,4427.6351160466265,321.30533287202377,59.96197808035714,1769.5455587698416,543.2219096676587,988.6460096775795,331.8802791071429
2026-02-01 01:00:00+00:00,1092.3200000000002,4354.2675,386.715,174.4695,3825.78,141.80425000000002,1033.755,427.74875,965.5001143633431,5630.518981125486,226.7461189694408,173.38936202597858,3459.9590066503106,180.9132899486276,960.2404149254266,445.75288760927236,485.4113284821428,4427.6351160466265,321.30533287202377,59.96197808035714,1769.5455587698416,543.2219096676587,988.6460096775795,331.8802791071429,485.4113284821428,4427.6351160466265,321.30533287202377,59.96197808035714,1769.5455587698416,543.2219096676587,988.6460096775795,331.8802791071429
2026-02-01 02:00:00+00:00,1022.2775000000001,4251.0125,386.715,174.365,3760.5150000000003,140.38150000000002,1022.0025,422.14025,935.6627555455827,5631.125534287232,186.86669457034793,172.1724235048378,3437.6561729763966,149.96664224817812,978.959901366606,443.75743509128296,485.4113284821428,4427.6351160466265,321.30533287202377,59.96197808035714,1769.5455587698416,543.2219096676587,988.6460096775795,331.8802791071429,485.4113284821428,4427.6351160466265,321.30533287202377,59.96197808035714,1769.5455587698416,543.2219096676587,988.6460096775795,331.8802791071429
2026-02-01 03:00:00+00:00,1074.38,4252.99,386.715,173.8905,3727.7125,138.5965,1006.72,425.5365,1010.6230514028587,5621.167611552573,201.87927063956278,169.79621111779804,3447.4210145663374,80.44409462527443,985.6814145714371,443.4720486927595,485.4113284821428,4427.6351160466265,321.30533287202377,59.96197808035714,1769.5455587698416,543.2219096676587,988.6460096775795,331.8802791071429,485.4113284821428,4427.6351160466265,321.30533287202377,59.96197808035714,1769.5455587698416,543.2219096676587,988.6460096775795,331.8802791071429
2026-02-01 04:00:00+00:00,1065.5774999999999,4276.5975,386.715,175.2025,3785.1725000000006,140.48975000000002,1022.8625,433.633,978.6043449093552,5467.593018500684,226.17558518637082,170.51409627857447,3485.5784083524854,78.95347582003188,979.5229073161298,443.4720486927595,485.4113284821428,4427.6351160466265,321.30533287202377,59.96197808035714,1769.5455587698416,543.2219096676587,988.6460096775795,331.8802791071429,485.4113284821428,4427.6351160466265,321.30533287202377,59.96197808035714,1769.5455587698416,543.2219096676587,988.6460096775795,331.8802791071429
2026-02-01 05:00:00+00:00,1123.1375,4275.635,386.715,175.95575,3783.23,141.86399999999992,1033.43,432.695,971.3539540876119,5285.071296231005,243.34635593187036,176.9282379157783,3510.6207449681438,112.18810166831895,944.4144030288685,447.8448850021593,485.4113284821428,4427.6351160466265,321.30533287202377,59.96197808035714,1769.5455587698416,543.2219096676587,988.6460096775795,331.8802791071429,485.4113284821428,4427.6351160466265,321.30533287202377,59.96197808035714,1769.5455587698416,543.2219096676587,988.6460096775795,331.8802791071429
2026-02-01 06:00:00+00:00,1155.4675,4513.925,386.715,175.30175,3848.1025,141.74675000000002,1033.6374999999998,430.573,906.3561541995982,5255.6430074988375,196.52081698123664,176.40405636420516,3374.927851316317,207.0935682694589,965.492137150087,430.408421215563,485.4113284821428,4427.6351160466265,321.30533287202377,59.96197808035714,1769.5455587698416,543.2219096676587,988.6460096775795,331.8802791071429,485.4113284821428,4427.6351160466265,321.30533287202377,59.96197808035714,1769.5455587698416,543.2219096676587,988.6460096775795,331.8802791071429
2026-02-01 07:00:00+00:00,1185.1525000000001,5110.395,386.715,175.73325,3899.3875,141.873,1034.2325,441.6255,978.6430787240494,5033.37391793979,238.54355745779225,176.32338453347154,3768.861042539156,319.9217867396592,969.6555605569513,444.09186758843714,485.4113284821428,4427.6351160466265,321.30533287202377,59.96197808035714,1769.5455587698416,543.2219096676587,988.6460096775795,331.8802791071429,485.4113284821428,4427.6351160466265,321.30533287202377,59.96197808035714,1769.5455587698416,543.2219096676587,988.6460096775795,331.8802791071429
2026-02-01 08:00:00+00:00,1199.1825,5103.6975,386.715,175.681,3918.1175,140.51549999999997,1023.0575,444.42275,937.0142106713398,5096.516589188672,157.11562330986033,175.3744852577833,3802.193962185873,396.61349834399834,948.094529142576,438.5022298221535,485.4113284821428,4427.6351160466265,321.30533287202377,59.96197808035714,1769.5455587698416,543.2219096676587,988.6460096775795,331.8802791071429,485.4113284821428,4427.6351160466265,321.30533287202377,59.96197808035714,1769.5455587698416,543.2219096676587,988.6460096775795,331.8802791071429
2026-02-01 09:00:00+00:00,1213.575,4805.9,386.715,175.392,3897.205,141.49725,1031.4099999999999,447.62375,958.948192826535,5422.51664160164,119.78930766927513,170.9454025116941,3861.292919254973,240.71304450305314,959.8838427723852,428.9806369936939,485.4113284821428,4427.6351160466265,321.30533287202377,59.96197808035714,1769.5455587698416,543.2219096676587,988.6460096775795,331.8802791071429,485.4113284821428,4427.6351160466265,321.30533287202377,59.96197808035714,1769.5455587698416,543.2219096676587,988.6460096775795,331.8802791071429
2026-02-01 10:00:00+00:00,1220.735,4676.8975,386.715,175.07524999999998,3912.48,138.64699999999993,1007.04075,447.187,1023.113435789455,5475.747682899075,151.92372434144693,174.440920745006,3824.655509894565,173.66738105008625,938.933081368303,427.93697300413135,485.4113284821428,4427.6351160466265,321.30533287202377,59.96197808035714,1769.5455587698416,543.2219096676587,988.6460096775795,331.8802791071429,485.4113284821428,4427.6351160466265,321.30533287202377,59.96197808035714,1769.5455587698416,543.2219096676587,988.6460096775795,331.8802791071429
2026-02-01 11:00:00+00:00,1225.705,4490.3875,386.715,164.512,3806.1475,135.59500000000003,980.9545,448.7075,1020.0071370290964,5462.32699299239,141.93439765268542,178.28667029844152,3788.604775303508,120.84450788352683,992.1511610433429,439.464164267639,485.4113284821428,4427.6351160466265,321.30533287202377,59.96197808035714,1769.5455587698416,543.2219096676587,988.6460096775795,331.8802791071429,485.4113284821428,4427.6351160466265,321.30533287202377,59.96197808035714,1769.5455587698416,543.2219096676587,988.6460096775795,331.8802791071429
2026-02-01 12:00:00+00:00,1216.3,4361.3925,386.715,173.3785,3791.8475,134.99625000000003,975.8217500000001,449.65,986.5066054854708,5302.050163701312,144.40656258713346,171.673335664638,3664.0491125679887,123.64743677023,963.4815081366677,448.30260532105564,485.4113284821428,4427.6351160466265,321.30533287202377,59.96197808035714,1769.5455587698416,543.2219096676587,988.6460096775795,331.8802791071429,485.4113284821428,4427.6351160466265,321.30533287202377,59.96197808035714,1769.5455587698416,543.2219096676587,988.6460096775795,331.8802791071429
2026-02-01 13:00:00+00:00,1218.1875,4687.3575,386.715,173.77125,3805.0925,135.97750000000002,983.829,448.36625,1005.0056883341936,5405.8786640640055,150.39400627639174,176.8885678595418,3729.7900246822255,213.7036987563282,984.1671766441038,447.3056887774935,485.4113284821428,4427.6351160466265,321.30533287202377,59.96197808035714,1769.5455587698416,543.2219096676587,988.6460096775795,331.8802791071429,485.4113284821428,4427.6351160466265,321.30533287202377,59.96197808035714,1769.5455587698416,543.2219096676587,988.6460096775795,331.8802791071429
2026-02-01 14:00:00+00:00,1222.8125,5439.1425,386.715,174.87574999999998,3935.0,135.68574999999998,981.76475,446.116,1005.8988264623781,5212.757150123941,200.10427130480207,182.4158288693821,3880.2647179956884,287.72927097317347,974.515562488586,442.4495074405013,485.4113284821428,4427.6351160466265,321.30533287202377,59.96197808035714,1769.5455587698416,543.2219096676587,988.6460096775795,331.8802791071429,485.4113284821428,4427.6351160466265,321.30533287202377,59.96197808035714,1769.5455587698416,543.2219096676587,988.6460096775795,331.8802791071429
2026-02-01 15:00:00+00:00,1152.12,5797.62,386.715,174.64175,3982.3525,138.01475,1001.683,453.728,995.3781234864675,5190.487339364044,111.979201478819,176.4753222154131,4027.4161708859647,647.0059364884181,1027.8327757374277,434.72175230325877,485.4113284821428,4427.6351160466265,321.30533287202377,59.96197808035714,1769.5455587698416,543.2219096676587,988.6460096775795,331.8802791071429,485.4113284821428,4427.6351160466265,321.30533287202377,59.96197808035714,1769.5455587698416,543.2219096676587,988.6460096775795,331.8802791071429
2026-02-01 16:00:00+00:00,1054.7825,5851.6525,386.715,171.568,4018.4224999999997,709.1595,1000.809,458.46375,974.8681865419917,5203.7133613188,125.59078848877252,168.83589815316498,4008.561299996449,1135.7103485689697,969.7573607819264,429.0697871504499,485.4113284821428,4427.6351160466265,321.30533287202377,59.96197808035714,1769.5455587698416,543.2219096676587,988.6460096775795,331.8802791071429,485.4113284821428,4427.6351160466265,321.30533287202377,59.96197808035714,1769.5455587698416,543.2219096676587,988.6460096775795,331.8802791071429
2026-02-01 17:00:00+00:00,1065.3125,5835.59,386.715,171.6085,4036.2,1029.0415,1025.585,457.6785,1022.1689032177467,5559.08728474248,168.52016609153196,168.1848117108172,4082.5910087994685,792.960154226526,1002.3718225761403,431.1659065664507,485.4113284821428,4427.6351160466265,321.30533287202377,59.96197808035714,1769.5455587698416,543.2219096676587,988.6460096775795,331.8802791071429,485.4113284821428,4427.6351160466265,321.30533287202377,59.96197808035714,1769.5455587698416,543.2219096676587,988.6460096775795,331.8802791071429
2026-02-01 18:00:00+00:00,1129.68,5835.1425,386.715,173.2145,4066.94,964.79825,1080.6525,445.346,1010.6919734880764,5368.653914658458,157.78316767206687,172.80193076269063,4009.412423712527,545.4305717630402,1009.1095856045893,430.7716626820477,485.4113284821428,4427.6351160466265,321.30533287202377,59.96197808035714,1769.5455587698416,543.2219096676587,988.6460096775795,331.8802791071429,485.4113284821428,4427.6351160466265,321.30533287202377,59.96197808035714,1769.5455587698416,543.2219096676587,988.6460096775795,331.8802791071429
2026-02-01 19:00:00+00:00,1092.955,5847.26,386.715,172.316,4008.965,390.20275,1075.92,437.0585,999.1738188454665,5501.501644361809,158.52760726374746,169.97113225150537,3853.9441768335873,255.01510037243196,960.0642756248716,431.83793922190824,485.4113284821428,4427.6351160466265,321.30533287202377,59.96197808035714,1769.5455587698416,543.2219096676587,988.6460096775795,331.8802791071429,485.4113284821428,4427.6351160466265,321.30533287202377,59.96197808035714,1769.5455587698416,543.2219096676587,988.6460096775795,331.8802791071429
2026-02-01 20:00:00+00:00,1145.86,5650.885,386.715,159.06074999999998,3913.82,195.05875000000003,1000.70975,438.36175000000003,957.9409665192413,5453.193570085562,118.66827988108773,169.80733960738002,3774.5586189018823,123.37110717819752,975.1320860273266,428.79241372048864,485.4113284821428,4427.6351160466265,321.30533287202377,59.96197808035714,1769.5455587698416,543.2219096676587,988.6460096775795,331.8802791071429,485.4113284821428,4427.6351160466265,321.30533287202377,59.96197808035714,1769.5455587698416,543.2219096676587,988.6460096775795,331.8802791071429
2026-02-01 21:00:00+00:00,1207.09,5557.2,386.715,173.765,3917.3975,213.77625,888.073,438.042,952.3573007147425,5520.8101214836415,147.256082907815,170.88284715684023,3696.221792382321,68.4096491785379,969.9444184198819,431.64415855571826,485.4113284821428,4427.6351160466265,321.30533287202377,59.96197808035714,1769.5455587698416,543.2219096676587,988.6460096775795,331.8802791071429,485.4113284821428,4427.6351160466265,321.30533287202377,59.96197808035714,1769.5455587698416,543.2219096676587,988.6460096775795,331.8802791071429
2026-02-01 22:00:00+00:00,1144.76,5452.16,386.715,159.2415,3721.8925,155.05825000000004,882.672,436.33925,765.8255866153087,5232.323264241573,136.89351587798822,173.33251427089553,3683.3132985603197,120.84403134356648,954.159617590171,443.6158884331876,485.4113284821428,4427.6351160466265,321.30533287202377,59.96197808035714,1769.5455587698416,543.2219096676587,988.6460096775795,331.8802791071429,485.4113284821428,4427.6351160466265,321.30533287202377,59.96197808035714,1769.5455587698416,543.2219096676587,988.6460096775795,331.8802791071429
2026-02-01 23:00:00+00:00,1133.2024999999999,3558.225,388.25174999999996,174.2855,3826.1175,178.72924999999998,877.78225,428.849,684.8758005105365,4032.8653370857555,203.1444550582434,172.50402947344884,3506.209422648464,154.85311961736323,923.6391111667947,444.70342892721175,485.4113284821428,4427.6351160466265,321.30533287202377,59.96197808035714,1769.5455587698416,543.2219096676587,988.6460096775795,331.8802791071429,485.4113284821428,4427.6351160466265,321.30533287202377,59.96197808035714,1769.5455587698416,543.2219096676587,988.6460096775795,331.8802791071429
2026-02-02 00:00:00+00:00,1179.9975,3015.6125,388.256,174.83575000000002,3849.1875,123.83175,880.5907500000001,434.6395,722.2769872387618,3825.6350218804228,293.2652714601535,171.80477321999962,3487.7144545798615,193.17133375926022,972.0808607918326,437.34517647706116,485.4113284821428,4427.6351160466265,321.30533287202377,59.96197808035714,1769.5455587698416,543.2219096676587,988.6460096775795,331.8802791071429,485.4113284821428,4427.6351160466265,321.30533287202377,59.96197808035714,1769.5455587698416,543.2219096676587,988.6460096775795,331.8802791071429
2026-02-02 01:00:00+00:00,1220.44,2899.7875,388.256,175.14525,3832.255,123.41649999999998,877.062,429.567,674.4423905707995,3880.246477211481,291.7364773609347,173.66379297559953,3512.6475519460582,260.56762634192006,986.9328181150648,445.4591399218835,485.4113284821428,4427.6351160466265,321.30533287202377,59.96197808035714,1769.5455587698416,543.2219096676587,988.6460096775795,331.8802791071429,485.4113284821428,4427.6351160466265,321.30533287202377,59.96197808035714,1769.5455587698416,543.2219096676587,988.6460096775795,331.8802791071429
2026-02-02 02:00:00+00:00,1223.1425,3029.9925000000003,388.256,175.13049999999998,3828.87,123.49099999999999,877.71925,422.91325,721.813787194977,3963.280532075067,241.8196260013456,174.85935797911927,3552.6794151848126,252.5029355925879,971.185110682901,443.7764042130535,485.4113284821428,4427.6351160466265,321.30533287202377,59.96197808035714,1769.5455587698416,543.2219096676587,988.6460096775795,331.8802791071429,485.4113284821428,4427.6351160466265,321.30533287202377,59.96197808035714,1769.5455587698416,543.2219096676587,988.6460096775795,331.8802791071429
2026-02-02 03:00:00+00:00,1225.075,3073.2799999999997,388.256,175.29575,3873.4025,123.202,875.16525,424.7985,743.015304358416,3858.5069149690003,219.2127931386638,178.32206318301596,3591.8749517148262,268.53928995413065,975.7966755513121,443.12312956451484,485.4113284821428,4427.6351160466265,321.30533287202377,59.96197808035714,1769.5455587698416,543.2219096676587,988.6460096775795,331.8802791071429,485.4113284821428,4427.6351160466265,321.30533287202377,59.96197808035714,1769.5455587698416,543.2219096676587,988.6460096775795,331.8802791071429
2026-02-02 04:00:00+00:00,1225.37,3797.7924999999996,388.256,174.78175,3947.1575000000003,127.77350000000001,878.94475,434.55925,737.6323324417659,4705.816258459974,222.37635145084943,177.44119147734597,3622.9490329150785,278.20984254994846,968.9902879699441,447.9801615403418,485.4113284821428,4427.6351160466265,321.30533287202377,59.96197808035714,1769.5455587698416,543.2219096676587,988.6460096775795,331.8802791071429,485.4113284821428,4427.6351160466265,321.30533287202377,59.96197808035714,1769.5455587698416,543.2219096676587,988.6460096775795,331.8802791071429
2026-02-02 05:00:00+00:00,1216.0025,5159.945,388.256,174.91649999999998,4083.9025,285.753,889.03275,432.046,942.3100780663829,5443.240359252043,291.1819867602816,176.43230102722276,3961.131795379668,293.53875461258895,980.6217519433097,442.27056515341775,485.4113284821428,4427.6351160466265,321.30533287202377,59.96197808035714,1769.5455587698416,543.2219096676587,988.6460096775795,331.8802791071429,485.4113284821428,4427.6351160466265,321.30533287202377,59.96197808035714,1769.5455587698416,543.2219096676587,988.6460096775795,331.8802791071429
2026-02-02 06:00:00+00:00,1213.62,5440.135,388.256,173.904,4217.3975,653.615,883.52,434.7835,897.9361858229203,5515.459656940851,299.1899501666539,181.6048452281586,4126.366076940767,821.1082052118509,991.2333242070126,418.1769225963362,485.4113284821428,4427.6351160466265,321.30533287202377,59.96197808035714,1769.5455587698416,543.2219096676587,988.6460096775795,331.8802791071429,485.4113284821428,4427.6351160466265,321.30533287202377,59.96197808035714,1769.5455587698416,543.2219096676587,988.6460096775795,331.8802791071429
2026-02-02 07:00:00+00:00,1210.0475000000001,5401.2825,388.256,174.18099999999998,4225.17,1204.681,883.77125,446.313,963.9108693007171,5531.2493741830785,240.4510741791321,180.2224913888379,4157.858239930052,1304.6245327784086,1005.6418894516933,449.34144583837167,485.4113284821428,4427.6351160466265,321.30533287202377,59.96197808035714,1769.5455587698416,543.2219096676587,988.6460096775795,331.8802791071429,485.4113284821428,4427.6351160466265,321.30533287202377,59.96197808035714,1769.5455587698416,543.2219096676587,988.6460096775795,331.8802791071429
2026-02-02 08:00:00+00:00,1150.8075,5649.9825,388.256,173.95425,4158.5925,651.08925,880.7225,442.58675,925.4397023104933,5579.983702467154,202.75621826683954,179.2445297442614,4140.309248956644,861.3144841322364,986.1597733524827,443.02810832206,485.4113284821428,4427.6351160466265,321.30533287202377,59.96197808035714,1769.5455587698416,543.2219096676587,988.6460096775795,331.8802791071429,485.4113284821428,4427.6351160466265,321.30533287202377,59.96197808035714,1769.5455587698416,543.2219096676587,988.6460096775795,331.8802791071429
2026-02-02 09:00:00+00:00,1064.9275,5600.264999999999,388.256,173.9645,4017.4975,449.75649999999996,878.63525,444.39300000000003,902.8201087430473,5723.697619904887,214.07126103278762,180.71211621699786,4118.929593390425,488.6619336627672,1000.967119749356,437.0153744902011,485.4113284821428,4427.6351160466265,321.30533287202377,59.96197808035714,1769.5455587698416,543.2219096676587,988.6460096775795,331.8802791071429,485.4113284821428,4427.6351160466265,321.30533287202377,59.96197808035714,1769.5455587698416,543.2219096676587,988.6460096775795,331.8802791071429
2026-02-02 10:00:00+00:00,1065.1575,5241.035,388.256,173.96775,3966.2675,211.64049999999997,873.87,441.48275,1024.5004452272397,5945.019621959339,229.72852810643832,182.0839458368606,3940.913824731935,373.10536692801014,1008.728692904853,441.5713116156844,485.4113284821428,4427.6351160466265,321.30533287202377,59.96197808035714,1769.5455587698416,543.2219096676587,988.6460096775795,331.8802791071429,485.4113284821428,4427.6351160466265,321.30533287202377,59.96197808035714,1769.5455587698416,543.2219096676587,988.6460096775795,331.8802791071429
2026-02-02 11:00:00+00:00,1082.7575000000002,5099.995,388.256,175.0815,3944.9775,193.74874999999997,871.18925,438.46775,1049.2282943084404,5969.469825406766,233.5242224457714,174.4144599079322,3880.713542356067,255.16715695198275,1060.6950795893968,443.3714120088421,485.4113284821428,4427.6351160466265,321.30533287202377,59.96197808035714,1769.5455587698416,543.2219096676587,988.6460096775795,331.8802791071429,485.4113284821428,4427.6351160466265,321.30533287202377,59.96197808035714,1769.5455587698416,543.2219096676587,988.6460096775795,331.8802791071429
2026-02-02 12:00:00+00:00,1070.5149999999999,5307.9775,388.256,175.29075,3897.4125,204.6085,864.428,448.781,1051.0940815235324,5949.831041798966,180.9231860714074,172.8535651703437,4177.57777839464,247.31834939834368,1023.5538393949217,433.09494051178154,485.4113284821428,4427.6351160466265,321.30533287202377,59.96197808035714,1769.5455587698416,543.2219096676587,988.6460096775795,331.8802791071429,485.4113284821428,4427.6351160466265,321.30533287202377,59.96197808035714,1769.5455587698416,543.2219096676587,988.6460096775795,331.8802791071429
2026-02-02 13:00:00+00:00,1016.1475,5376.915,388.256,175.38325,3895.7675,219.9755,860.259,442.53075,1010.3554172481479,5951.381564347466,189.44235605747733,169.1476970713967,4102.247869969175,265.5184926415353,1008.7231130608618,433.161390669781,485.4113284821428,4427.6351160466265,321.30533287202377,59.96197808035714,1769.5455587698416,543.2219096676587,988.6460096775795,331.8802791071429,485.4113284821428,4427.6351160466265,321.30533287202377,59.96197808035714,1769.5455587698416,543.2219096676587,988.6460096775795,331.8802791071429
2026-02-02 14:00:00+00:00,937.84175,5563.3575,388.256,175.416,3946.3375,183.42575,865.65425,434.312,995.3083076441346,5746.498421300239,196.13512725036912,172.54894452046858,4105.874256053332,408.55431606396996,1028.5063060543982,430.7543740067772,485.4113284821428,4427.6351160466265,321.30533287202377,59.96197808035714,1769.5455587698416,543.2219096676587,988.6460096775795,331.8802791071429,485.4113284821428,4427.6351160466265,321.30533287202377,59.96197808035714,1769.5455587698416,543.2219096676587,988.6460096775795,331.8802791071429
2026-02-02 15:00:00+00:00,937.7275,5431.51,388.256,175.28425,4035.545,201.2079999999999,895.38225,438.06975,921.2436279284211,5350.50586778897,170.50036575412935,174.98042686334844,4081.6182104268255,905.5475821902182,1025.143390435452,438.6828781010794,485.4113284821428,4427.6351160466265,321.30533287202377,59.96197808035714,1769.5455587698416,543.2219096676587,988.6460096775795,331.8802791071429,485.4113284821428,4427.6351160466265,321.30533287202377,59.96197808035714,1769.5455587698416,543.2219096676587,988.6460096775795,331.8802791071429
2026-02-02 16:00:00+00:00,934.783,5676.475,388.256,175.35925,4147.86,362.587,898.5095,439.425,924.1030546517128,5243.644211270207,180.85917041853065,169.7855400372976,4178.825763471985,1207.5130744642242,1000.6896219307662,439.06919873303667,485.4113284821428,4427.6351160466265,321.30533287202377,59.96197808035714,1769.5455587698416,543.2219096676587,988.6460096775795,331.8802791071429,485.4113284821428,4427.6351160466265,321.30533287202377,59.96197808035714,1769.5455587698416,543.2219096676587,988.6460096775795,331.8802791071429
2026-02-02 17:00:00+00:00,1016.0297499999999,5693.3925,388.256,175.4,4163.48,283.08175,898.12825,441.7765,888.7071121784667,5218.86307215417,133.41060202561818,173.37812330417728,4145.279981731854,704.6236008899621,985.7792605057599,424.59292165645,485.4113284821428,4427.6351160466265,321.30533287202377,59.96197808035714,1769.5455587698416,543.2219096676587,988.6460096775795,331.8802791071429,485.4113284821428,4427.6351160466265,321.30533287202377,59.96197808035714,1769.5455587698416,543.2219096676587,988.6460096775795,331.8802791071429
2026-02-02 18:00:00+00:00,1037.495,5694.96,388.256,175.53175,4083.6925,269.804,905.09025,440.898,924.4522505336647,5404.847407542258,143.03913993873527,174.72011724656727,4096.858488152833,328.5259211810942,1011.2647740474877,446.5673116105703,485.4113284821428,4427.6351160466265,321.30533287202377,59.96197808035714,1769.5455587698416,543.2219096676587,988.6460096775795,331.8802791071429,485.4113284821428,4427.6351160466265,321.30533287202377,59.96197808035714,1769.5455587698416,543.2219096676587,988.6460096775795,331.8802791071429
2026-02-02 19:00:00+00:00,1041.2225,5420.5599999999995,388.256,175.57875,3971.7200000000003,356.88625,902.4115,442.39675,968.7345652873275,5253.92373032324,156.8860029245767,181.97371380977916,4168.057227977266,272.6493239579682,1014.2300989942639,446.1082816982149,485.4113284821428,4427.6351160466265,321.30533287202377,59.96197808035714,1769.5455587698416,543.2219096676587,988.6460096775795,331.8802791071429,485.4113284821428,4427.6351160466265,321.30533287202377,59.96197808035714,1769.5455587698416,543.2219096676587,988.6460096775795,331.8802791071429
2026-02-02 20:00:00+00:00,1124.4325000000001,4195.4775,388.256,175.16225,4029.685,182.71899999999994,873.8489999999999,436.28375,921.770834451522,5277.577589434332,138.332691042093,174.7675972703439,4006.1299118963657,119.1777360232112,1008.9340851696497,440.11096803689884,485.4113284821428,4427.6351160466265,321.30533287202377,59.96197808035714,1769.5455587698416,543.2219096676587,988.6460096775795,331.8802791071429,485.4113284821428,4427.6351160466265,321.30533287202377,59.96197808035714,1769.5455587698416,543.2219096676587,988.6460096775795,331.8802791071429
2026-02-02 21:00:00+00:00,1188.25,3427.325,388.256,172.66475,4018.14,192.32375000000002,870.74325,437.894,876.3953740167285,5045.731192894605,169.10915222778056,169.9016797416406,3769.896507179516,147.1866734971988,1013.5165496063422,435.9940120647648,485.4113284821428,4427.6351160466265,321.30533287202377,59.96197808035714,1769.5455587698416,543.2219096676587,988.6460096775795,331.8802791071429,485.4113284821428,4427.6351160466265,321.30533287202377,59.96197808035714,1769.5455587698416,543.2219096676587,988.6460096775795,331.8802791071429
2026-02-02 22:00:00+00:00,1194.0725,2986.495,388.256,172.50900000000001,3917.5075,166.20125000000002,862.3702499999999,432.85025,750.6723111627673,4616.941002320367,181.60230358865272,172.6841907710869,3758.378651533005,94.3218962052552,1003.3934787930284,435.2163800688924,485.4113284821428,4427.6351160466265,321.30533287202377,59.96197808035714,1769.5455587698416,543.2219096676587,988.6460096775795,331.8802791071429,485.4113284821428,4427.6351160466265,321.30533287202377,59.96197808035714,1769.5455587698416,543.2219096676587,988.6460096775795,331.8802791071429
2026-02-02 23:00:00+00:00,1079.3802500000002,2747.1575,388.256,172.2595,3795.6825,121.57999999999993,861.32375,422.01975000000004,654.5879173285309,3755.8570881334117,284.3888682321348,173.22131402690673,3667.776653420602,169.0866122916276,993.9436568373155,435.3017610752654,485.4113284821428,4427.6351160466265,321.30533287202377,59.96197808035714,1769.5455587698416,543.2219096676587,988.6460096775795,331.8802791071429,485.4113284821428,4427.6351160466265,321.30533287202377,59.96197808035714,1769.5455587698416,543.2219096676587,988.6460096775795,331.8802791071429
2026-02-03 00:00:00+00:00,941.6695,2763.0075,388.256,172.68574999999998,3705.74,121.3675,859.5305,416.84875,678.5230590396461,3773.1860799329793,229.21468306530383,179.74552601336518,3873.8809426014327,207.56649008628386,990.8377493636333,435.2297590480828,485.4113284821428,4427.6351160466265,321.30533287202377,59.96197808035714,1769.5455587698416,543.2219096676587,988.6460096775795,331.8802791071429,485.4113284821428,4427.6351160466265,321.30533287202377,59.96197808035714,1769.5455587698416,543.2219096676587,988.6460096775795,331.8802791071429
2026-02-03 01:00:00+00:00,938.69975,2755.0675,388.256,172.77450000000002,3589.8325,121.58724999999998,861.458,418.3525,671.4297121141901,3438.9600408208985,203.78579443997205,173.18346024592066,3748.2511480387525,195.6518591784395,984.1824225508319,437.6469253951301,485.4113284821428,4427.6351160466265,321.30533287202377,59.96197808035714,1769.5455587698416,543.2219096676587,988.6460096775795,331.8802791071429,485.4113284821428,4427.6351160466265,321.30533287202377,59.96197808035714,1769.5455587698416,543.2219096676587,988.6460096775795,331.8802791071429
2026-02-03 02:00:00+00:00,985.4555,2781.0475,388.256,172.9305,3667.1549999999997,121.7835,863.099,410.25475,636.5471204318895,3615.2840975954064,191.9715404243231,177.18876828229207,3675.752867021641,110.44017205716852,984.1861792237542,429.8538070945657,485.4113284821428,4427.6351160466265,321.30533287202377,59.96197808035714,1769.5455587698416,543.2219096676587,988.6460096775795,331.8802791071429,485.4113284821428,4427.6351160466265,321.30533287202377,59.96197808035714,1769.5455587698416,543.2219096676587,988.6460096775795,331.8802791071429
2026-02-03 03:00:00+00:00,948.0775000000001,2770.5825,388.256,172.4265,3611.665,121.91525000000001,864.1875,426.77125,648.2907871513225,3349.339165322843,163.117817703201,172.4414485951877,3663.695238311312,125.8365578436123,993.0063694911353,417.58192916251994,485.4113284821428,4427.6351160466265,321.30533287202377,59.96197808035714,1769.5455587698416,543.2219096676587,988.6460096775795,331.8802791071429,485.4113284821428,4427.6351160466265,321.30533287202377,59.96197808035714,1769.5455587698416,543.2219096676587,988.6460096775795,331.8802791071429
2026-02-03 04:00:00+00:00,943.3305,2760.2799999999997,388.256,172.3775,3786.8375,121.94675000000001,864.456,427.8465,679.5700152036402,3488.423602304005,201.90423797937228,170.59187498572987,3686.3113892297133,47.01590048864193,1016.386211430113,412.3795202063816,485.4113284821428,4427.6351160466265,321.30533287202377,59.96197808035714,1769.5455587698416,543.2219096676587,988.6460096775795,331.8802791071429,485.4113284821428,4427.6351160466265,321.30533287202377,59.96197808035714,1769.5455587698416,543.2219096676587,988.6460096775795,331.8802791071429
2026-02-03 05:00:00+00:00,1131.3475,3257.9125,388.256,169.309,3915.455,122.86675000000002,871.68425,420.62149999999997,785.7998614778919,4299.320540173405,239.520533460801,168.1635478581724,3707.89998664586,208.31194438855732,1021.1402080556416,421.22129419825785,485.4113284821428,4427.6351160466265,321.30533287202377,59.96197808035714,1769.5455587698416,543.2219096676587,988.6460096775795,331.8802791071429,485.4113284821428,4427.6351160466265,321.30533287202377,59.96197808035714,1769.5455587698416,543.2219096676587,988.6460096775795,331.8802791071429
2026-02-03 06:00:00+00:00,1195.5725,3861.5975,388.256,166.886,3831.5725,123.44900000000007,877.32575,431.606,835.9816246481846,4443.948039960762,162.8244817981266,162.34499231092883,3940.98029565264,650.4366451042147,999.1733980735874,418.33530943044605,485.4113284821428,4427.6351160466265,321.30533287202377,59.96197808035714,1769.5455587698416,543.2219096676587,988.6460096775795,331.8802791071429,485.4113284821428,4427.6351160466265,321.30533287202377,59.96197808035714,1769.5455587698416,543.2219096676587,988.6460096775795,331.8802791071429
2026-02-03 07:00:00+00:00,1190.555,4259.9175000000005,388.256,169.829,3922.3225,227.24799999999993,881.74175,425.3915,813.0268564506149,4726.74666369086,160.69927088882318,158.50001144718453,3948.757029243597,1047.3896711285024,971.8377455373892,411.51168881149965,485.4113284821428,4427.6351160466265,321.30533287202377,59.96197808035714,1769.5455587698416,543.2219096676587,988.6460096775795,331.8802791071429,485.4113284821428,4427.6351160466265,321.30533287202377,59.96197808035714,1769.5455587698416,543.2219096676587,988.6460096775795,331.8802791071429
2026-02-03 08:00:00+00:00,1188.1775,4333.0625,388.256,170.37475,3830.8475,237.7249999999999,872.163,417.89300000000003,874.9048542715188,4489.672139870244,207.402938763775,162.13157584469835,3992.324982728294,702.7114628880406,982.871564255398,395.6581113920485,485.4113284821428,4427.6351160466265,321.30533287202377,59.96197808035714,1769.5455587698416,543.2219096676587,988.6460096775795,331.8802791071429,485.4113284821428,4427.6351160466265,321.30533287202377,59.96197808035714,1769.5455587698416,543.2219096676587,988.6460096775795,331.8802791071429
2026-02-03 09:00:00+00:00,1181.0500000000002,3872.01,388.256,170.46225,3918.87,228.07375000000002,858.22325,444.7765,800.4629384040363,4567.419196448745,209.5080458919989,160.0542610362548,3902.604155860513,398.6142698681183,992.3906997297399,410.6092514531446,485.4113284821428,4427.6351160466265,321.30533287202377,59.96197808035714,1769.5455587698416,543.2219096676587,988.6460096775795,331.8802791071429,485.4113284821428,4427.6351160466265,321.30533287202377,59.96197808035714,1769.5455587698416,543.2219096676587,988.6460096775795,331.8802791071429
2026-02-03 10:00:00+00:00,1162.56,3713.5825,388.256,170.452,3980.5575,224.93824999999998,868.0137500000001,421.71475,822.1890924756397,4548.052817120405,209.12495002461247,167.57233962353536,3823.1295894963746,416.75776288469314,1002.5269397601506,402.5873746267911,485.4113284821428,4427.6351160466265,321.30533287202377,59.96197808035714,1769.5455587698416,543.2219096676587,988.6460096775795,331.8802791071429,485.4113284821428,4427.6351160466265,321.30533287202377,59.96197808035714,1769.5455587698416,543.2219096676587,988.6460096775795,331.8802791071429
2026-02-03 11:00:00+00:00,1158.335,3706.5550000000003,388.256,170.83325,3976.77,202.832,864.235,431.24025,869.6097176546257,4394.141041093056,214.6035636317762,161.83934572896518,3818.734040280334,310.6787331947754,991.8569925868433,409.98397250361745,485.4113284821428,4427.6351160466265,321.30533287202377,59.96197808035714,1769.5455587698416,543.2219096676587,988.6460096775795,331.8802791071429,485.4113284821428,4427.6351160466265,321.30533287202377,59.96197808035714,1769.5455587698416,543.2219096676587,988.6460096775795,331.8802791071429
2026-02-03 12:00:00+00:00,1157.9975,4296.849999999999,388.256,175.19625,3944.31,248.2745,864.057,432.224,891.4558994611348,4500.441755293566,224.23980657178237,163.2607235140033,3934.3842494947808,210.77744706289917,997.486244373197,413.69092787030337,485.4113284821428,4427.6351160466265,321.30533287202377,59.96197808035714,1769.5455587698416,543.2219096676587,988.6460096775795,331.8802791071429,485.4113284821428,4427.6351160466265,321.30533287202377,59.96197808035714,1769.5455587698416,543.2219096676587,988.6460096775795,331.8802791071429
2026-02-03 13:00:00+00:00,1160.5025,3931.7,388.256,175.88400000000001,3880.3675,281.5485,863.6904999999999,429.265,895.8665845882922,4657.112816487691,232.06220242216102,170.33260939556442,3923.2565601771016,233.2792482179301,1014.751365729416,441.54776099582745,485.4113284821428,4427.6351160466265,321.30533287202377,59.96197808035714,1769.5455587698416,543.2219096676587,988.6460096775795,331.8802791071429,485.4113284821428,4427.6351160466265,321.30533287202377,59.96197808035714,1769.5455587698416,543.2219096676587,988.6460096775795,331.8802791071429
2026-02-03 14:00:00+00:00,1164.55,4656.8025,388.256,176.725,4132.795,205.41674999999998,866.11175,442.6035,871.1410719913262,4703.188679761797,243.46922374345604,166.8226841234823,3759.019384031528,375.33356576281665,1000.2362735967732,380.1261002355836,485.4113284821428,4427.6351160466265,321.30533287202377,59.96197808035714,1769.5455587698416,543.2219096676587,988.6460096775795,331.8802791071429,485.4113284821428,4427.6351160466265,321.30533287202377,59.96197808035714,1769.5455587698416,543.2219096676587,988.6460096775795,331.8802791071429
2026-02-03 15:00:00+00:00,1165.9175,5226.5025,388.256,176.82524999999998,4306.5875,229.62025,892.0889999999999,441.8515,875.1744061517306,4744.528851379395,196.611252966993,153.02222940448354,3800.369021144429,653.1188966369915,1034.4946732199378,420.73243368432134,485.4113284821428,4427.6351160466265,321.30533287202377,59.96197808035714,1769.5455587698416,543.2219096676587,988.6460096775795,331.8802791071429,485.4113284821428,4427.6351160466265,321.30533287202377,59.96197808035714,1769.5455587698416,543.2219096676587,988.6460096775795,331.8802791071429
2026-02-03 16:00:00+00:00,1105.1675,5368.547500000001,388.256,176.65275,4395.995,517.5005,897.17675,444.63775,860.8582062753101,5000.331998485058,199.06819588580015,140.4565589606949,3799.6012288771917,1022.6118797841468,1021.9193227218187,408.79304556910205,485.4113284821428,4427.6351160466265,321.30533287202377,59.96197808035714,1769.5455587698416,543.2219096676587,988.6460096775795,331.8802791071429,485.4113284821428,4427.6351160466265,321.30533287202377,59.96197808035714,1769.5455587698416,543.2219096676587,988.6460096775795,331.8802791071429
2026-02-03 17:00:00+00:00,1039.105,5342.3724999999995,388.256,176.73874999999998,4410.6675000000005,926.9785,897.70525,447.0175,872.2303363798435,5044.263986292351,194.75651721791817,151.9561386319831,3786.243196637476,811.477190036288,1014.4679194836804,415.5546994345344,485.4113284821428,4427.6351160466265,321.30533287202377,59.96197808035714,1769.5455587698416,543.2219096676587,988.6460096775795,331.8802791071429,485.4113284821428,4427.6351160466265,321.30533287202377,59.96197808035714,1769.5455587698416,543.2219096676587,988.6460096775795,331.8802791071429
2026-02-03 18:00:00+00:00,1049.7925,5393.8375,388.256,176.70825,4375.75,764.1389999999999,895.54625,448.32349999999997,928.7651567838091,5538.312598197551,194.45997673299223,158.9295372467586,3856.7202365354797,606.2255262063861,1009.1828127004746,412.0000607650389,485.4113284821428,4427.6351160466265,321.30533287202377,59.96197808035714,1769.5455587698416,543.2219096676587,988.6460096775795,331.8802791071429,485.4113284821428,4427.6351160466265,321.30533287202377,59.96197808035714,1769.5455587698416,543.2219096676587,988.6460096775795,331.8802791071429
2026-02-03 19:00:00+00:00,1051.8525,5449.455,388.256,176.97050000000002,4313.8,301.3615,882.70175,446.747,949.5626061190146,5533.4474827090435,181.48624575535345,159.92885856822616,3882.8622046616056,259.4690456907848,1007.8929778025445,421.0708744170927,485.4113284821428,4427.6351160466265,321.30533287202377,59.96197808035714,1769.5455587698416,543.2219096676587,988.6460096775795,331.8802791071429,485.4113284821428,4427.6351160466265,321.30533287202377,59.96197808035714,1769.5455587698416,543.2219096676587,988.6460096775795,331.8802791071429
2026-02-03 20:00:00+00:00,1052.4425,5492.5575,388.256,177.01350000000002,4130.130000000001,301.54625,851.01825,441.84475000000003,941.5424925738749,5573.9007061646935,174.44406951779914,155.54161501088174,3908.215150205603,200.12582364834333,948.704389679891,402.15275829342255,485.4113284821428,4427.6351160466265,321.30533287202377,59.96197808035714,1769.5455587698416,543.2219096676587,988.6460096775795,331.8802791071429,485.4113284821428,4427.6351160466265,321.30533287202377,59.96197808035714,1769.5455587698416,543.2219096676587,988.6460096775795,331.8802791071429
2026-02-03 21:00:00+00:00,1046.275,5283.1849999999995,388.256,176.838,4083.1075,289.92924999999997,846.43625,437.84875,983.7290331283359,5877.0337550638515,163.59208974289663,162.54623970143493,3893.442779884622,92.41829578568974,947.219124594514,420.5548125779641,485.4113284821428,4427.6351160466265,321.30533287202377,59.96197808035714,1769.5455587698416,543.2219096676587,988.6460096775795,331.8802791071429,485.4113284821428,4427.6351160466265,321.30533287202377,59.96197808035714,1769.5455587698416,543.2219096676587,988.6460096775795,331.8802791071429
2026-02-03 22:00:00+00:00,1063.195,5186.617499999999,388.256,177.31425,4057.8775,136.2095,833.94775,437.043,913.4739464288964,5709.190490655419,197.96533172127667,170.18449111146214,3885.6832182884846,64.61472693041435,969.7258714279977,427.90769134821414,485.4113284821428,4427.6351160466265,321.30533287202377,59.96197808035714,1769.5455587698416,543.2219096676587,988.6460096775795,331.8802791071429,485.4113284821428,4427.6351160466265,321.30533287202377,59.96197808035714,1769.5455587698416,543.2219096676587,988.6460096775795,331.8802791071429
2026-02-03 23:00:00+00:00,1135.4775,5117.6625,391.32849999999996,177.541,3870.7174999999997,120.05899999999997,848.2950000000001,432.71275,937.7314219425034,5778.107720631475,245.49137410610456,169.53687868925766,3732.753461362076,93.83636902689608,976.6660331029905,420.2634640330525,485.4113284821428,4427.6351160466265,321.30533287202377,59.96197808035714,1769.5455587698416,543.2219096676587,988.6460096775795,331.8802791071429,485.4113284821428,4427.6351160466265,321.30533287202377,59.96197808035714,1769.5455587698416,543.2219096676587,988.6460096775795,331.8802791071429
2026-02-04 00:00:00+00:00,1164.9325,5154.295,391.337,177.20850000000002,3873.4449999999997,129.82524999999998,931.723,437.156,965.6308424606473,5889.017037269521,230.2803086668502,169.44081184305233,3755.5317481016878,81.58921698012989,972.6394761236019,400.9367106439537,485.4113284821428,4427.6351160466265,321.30533287202377,59.96197808035714,1769.5455587698416,543.2219096676587,988.6460096775795,331.8802791071429,485.4113284821428,4427.6351160466265,321.30533287202377,59.96197808035714,1769.5455587698416,543.2219096676587,988.6460096775795,331.8802791071429
2026-02-04 01:00:00+00:00,1168.315,5205.62,391.337,177.309,3863.1925,136.30925000000008,987.1485,430.7155,995.1245485134341,5947.54452375417,194.0910931386648,167.69921698791913,3780.4131835947846,83.57415940020564,985.4527634128704,406.2975093340565,485.4113284821428,4427.6351160466265,321.30533287202377,59.96197808035714,1769.5455587698416,543.2219096676587,988.6460096775795,331.8802791071429,485.4113284821428,4427.6351160466265,321.30533287202377,59.96197808035714,1769.5455587698416,543.2219096676587,988.6460096775795,331.8802791071429
2026-02-04 02:00:00+00:00,1180.165,5350.655,391.337,176.67175,3866.4225,135.93025,983.87,415.86875,988.0838458484591,6105.2844646945705,199.41749473761604,167.50155606116755,3734.1505433549455,81.88670071177904,975.3893703388412,412.012357201019,485.4113284821428,4427.6351160466265,321.30533287202377,59.96197808035714,1769.5455587698416,543.2219096676587,988.6460096775795,331.8802791071429,485.4113284821428,4427.6351160466265,321.30533287202377,59.96197808035714,1769.5455587698416,543.2219096676587,988.6460096775795,331.8802791071429
2026-02-04 03:00:00+00:00,1196.075,5634.8775000000005,391.337,175.84550000000002,4001.4075000000003,134.995,975.9725,433.52475,1002.7769495906248,6164.86581834133,143.60342732441873,169.92887214964207,3761.6416930924106,107.41392251720174,974.5940889616915,406.83618816404896,485.4113284821428,4427.6351160466265,321.30533287202377,59.96197808035714,1769.5455587698416,543.2219096676587,988.6460096775795,331.8802791071429,485.4113284821428,4427.6351160466265,321.30533287202377,59.96197808035714,1769.5455587698416,543.2219096676587,988.6460096775795,331.8802791071429
2026-02-04 04:00:00+00:00,1198.19,6074.075000000001,391.337,175.83350000000002,4230.88,159.88475,976.84875,443.34625,1005.8975181792616,6027.908295088389,229.89929175171392,173.45640571442573,3963.924818399494,150.95665782397577,1016.4179604484716,402.49178923515416,485.4113284821428,4427.6351160466265,321.30533287202377,59.96197808035714,1769.5455587698416,543.2219096676587,988.6460096775795,331.8802791071429,485.4113284821428,4427.6351160466265,321.30533287202377,59.96197808035714,1769.5455587698416,543.2219096676587,988.6460096775795,331.8802791071429
2026-02-04 05:00:00+00:00,1196.73,6367.77,391.337,175.92975,4462.98,274.7625,981.9875,450.48,1108.7846144625207,6418.799233319319,270.6177594993317,169.92290840799478,4158.071417694464,279.03739777515904,972.1933143087842,385.7840472306487,485.4113284821428,4427.6351160466265,321.30533287202377,59.96197808035714,1769.5455587698416,543.2219096676587,988.6460096775795,331.8802791071429,485.4113284821428,4427.6351160466265,321.30533287202377,59.96197808035714,1769.5455587698416,543.2219096676587,988.6460096775795,331.8802791071429
2026-02-04 06:00:00+00:00,1194.345,6511.01,391.337,175.87025,4491.219999999999,1230.6895,997.74775,438.2795,1094.0191397114843,6459.985799185269,270.54346647496243,170.83208763509862,4174.148529009219,973.4736587184675,1010.0310241780039,398.3544683243909,485.4113284821428,4427.6351160466265,321.30533287202377,59.96197808035714,1769.5455587698416,543.2219096676587,988.6460096775795,331.8802791071429,485.4113284821428,4427.6351160466265,321.30533287202377,59.96197808035714,1769.5455587698416,543.2219096676587,988.6460096775795,331.8802791071429
2026-02-04 07:00:00+00:00,1192.0700000000002,6633.5375,391.337,175.749,4522.2675,1301.39375,998.75675,433.33325,1112.6293298823452,6558.8050808997905,231.68684309494262,166.7620728000171,4239.785236693395,1363.8874997155517,999.7209697450054,406.35349020698237,485.4113284821428,4427.6351160466265,321.30533287202377,59.96197808035714,1769.5455587698416,543.2219096676587,988.6460096775795,331.8802791071429,485.4113284821428,4427.6351160466265,321.30533287202377,59.96197808035714,1769.5455587698416,543.2219096676587,988.6460096775795,331.8802791071429
2026-02-04 08:00:00+00:00,1192.165,6636.205,391.337,175.67374999999998,4479.615,1056.49825,1004.405,424.553,1113.1542017898485,6882.38822578966,266.93279886672923,170.22780835322789,4220.986649929662,1053.0959423052218,1022.6317060998292,398.32372534180035,485.4113284821428,4427.6351160466265,321.30533287202377,59.96197808035714,1769.5455587698416,543.2219096676587,988.6460096775795,331.8802791071429,485.4113284821428,4427.6351160466265,321.30533287202377,59.96197808035714,1769.5455587698416,543.2219096676587,988.6460096775795,331.8802791071429
2026-02-04 09:00:00+00:00,1181.7525,6641.3099999999995,391.33725,175.98825,4434.5275,512.888,998.142,419.48325,1112.7318365090455,6456.089109644107,234.46313496266367,165.8082946351435,4058.3829286694486,422.06350044458577,972.5679002870252,409.5447756568575,485.4113284821428,4427.6351160466265,321.30533287202377,59.96197808035714,1769.5455587698416,543.2219096676587,988.6460096775795,331.8802791071429,485.4113284821428,4427.6351160466265,321.30533287202377,59.96197808035714,1769.5455587698416,543.2219096676587,988.6460096775795,331.8802791071429
2026-02-04 10:00:00+00:00,1173.6775,6550.2325,391.337,176.168,4455.23,307.66025,992.86425,430.5645,1109.414761100551,6620.643032638958,247.7161614724277,164.7362481127995,4099.851133844467,344.94627308834845,1022.1364689115416,410.58255966142315,485.4113284821428,4427.6351160466265,321.30533287202377,59.96197808035714,1769.5455587698416,543.2219096676587,988.6460096775795,331.8802791071429,485.4113284821428,4427.6351160466265,321.30533287202377,59.96197808035714,1769.5455587698416,543.2219096676587,988.6460096775795,331.8802791071429
2026-02-04 11:00:00+00:00,1158.775,6454.2125,391.337,176.142,4365.485000000001,263.1715,990.02675,435.91200000000003,1144.4380569448958,6446.340599329532,231.48868500944252,175.69606485220712,4084.5043473746414,253.64733592589488,1009.3163863470654,407.6110894222197,485.4113284821428,4427.6351160466265,321.30533287202377,59.96197808035714,1769.5455587698416,543.2219096676587,988.6460096775795,331.8802791071429,485.4113284821428,4427.6351160466265,321.30533287202377,59.96197808035714,1769.5455587698416,543.2219096676587,988.6460096775795,331.8802791071429
2026-02-04 12:00:00+00:00,1155.82,6689.264999999999,391.337,176.36125,4315.5825,250.7285,985.9482499999999,437.974,1152.476142964995,6381.816944943245,279.6906004737142,170.2798624292284,3980.949620974134,255.69609521760128,991.1123276024936,413.95304724714583,485.4113284821428,4427.6351160466265,321.30533287202377,59.96197808035714,1769.5455587698416,543.2219096676587,988.6460096775795,331.8802791071429,485.4113284821428,4427.6351160466265,321.30533287202377,59.96197808035714,1769.5455587698416,543.2219096676587,988.6460096775795,331.8802791071429
2026-02-04 13:00:00+00:00,1157.8175,6715.705,391.337,176.5785,4347.36,298.153,995.9145,427.39549999999997,1195.0645853500191,6476.578863342289,296.6779078708857,173.15814331289798,4022.0980260292927,244.66302677724343,1006.0234306771587,335.30708854617086,485.4113284821428,4427.6351160466265,321.30533287202377,59.96197808035714,1769.5455587698416,543.2219096676587,988.6460096775795,331.8802791071429,485.4113284821428,4427.6351160466265,321.30533287202377,59.96197808035714,1769.5455587698416,543.2219096676587,988.6460096775795,331.8802791071429
2026-02-04 14:00:00+00:00,1158.155,6679.7775,391.337,176.823,4356.7775,267.66075,998.42075,433.421,1122.0292041465698,6359.421837637591,218.64490488165063,172.0003269945072,4044.462709780195,358.143004095587,1009.7841533719576,394.1912387477014,485.4113284821428,4427.6351160466265,321.30533287202377,59.96197808035714,1769.5455587698416,543.2219096676587,988.6460096775795,331.8802791071429,485.4113284821428,4427.6351160466265,321.30533287202377,59.96197808035714,1769.5455587698416,543.2219096676587,988.6460096775795,331.8802791071429
2026-02-04 15:00:00+00:00,1158.6225,6694.405,391.337,176.6225,4410.45,311.31325,1019.4449999999999,445.63925,1106.6278475092358,6259.971518448934,231.81098285462824,175.3286632179085,4075.0024980384123,834.1102485213302,997.8749405322122,417.54954483371216,485.4113284821428,4427.6351160466265,321.30533287202377,59.96197808035714,1769.5455587698416,543.2219096676587,988.6460096775795,331.8802791071429,485.4113284821428,4427.6351160466265,321.30533287202377,59.96197808035714,1769.5455587698416,543.2219096676587,988.6460096775795,331.8802791071429
2026-02-04 16:00:00+00:00,1159.955,6675.795,391.337,176.25775,4414.47,852.6745000000001,1031.4075,445.995,1108.0550793141006,6101.83288482427,197.9389355168923,172.2233269546461,4109.781971836929,1257.631505600975,1004.5965753882472,416.39968671444524,485.4113284821428,4427.6351160466265,321.30533287202377,59.96197808035714,1769.5455587698416,543.2219096676587,988.6460096775795,331.8802791071429,485.4113284821428,4427.6351160466265,321.30533287202377,59.96197808035714,1769.5455587698416,543.2219096676587,988.6460096775795,331.8802791071429
2026-02-04 17:00:00+00:00,1160.08,6656.6825,391.337,176.40125,4389.8525,644.2205,1055.3375,448.9495,1091.6103822778105,6099.320055843662,236.54830052013637,174.66185983497178,4223.142974320728,891.9884076569981,989.8483825732983,417.3188848074428,485.4113284821428,4427.6351160466265,321.30533287202377,59.96197808035714,1769.5455587698416,543.2219096676587,988.6460096775795,331.8802791071429,485.4113284821428,4427.6351160466265,321.30533287202377,59.96197808035714,1769.5455587698416,543.2219096676587,988.6460096775795,331.8802791071429
2026-02-04 18:00:00+00:00,1158.5675,6620.285,391.337,177.3425,4317.99,388.91375,1047.6675,446.474,1057.129926067175,6215.753013902375,230.73974409310134,174.7776697003027,4280.287596263766,511.0601654439766,994.0166701699312,421.59792069701075,485.4113284821428,4427.6351160466265,321.30533287202377,59.96197808035714,1769.5455587698416,543.2219096676587,988.6460096775795,331.8802791071429,485.4113284821428,4427.6351160466265,321.30533287202377,59.96197808035714,1769.5455587698416,543.2219096676587,988.6460096775795,331.8802791071429
2026-02-04 19:00:00+00:00,1163.7475,6599.74,391.337,177.38325,4199.655,142.71575,1035.94,435.40575,1035.291342423142,5862.241964446348,193.2323927193229,175.38508288195297,4146.691650264849,283.02391273424627,1015.3986833215645,417.0857605575859,485.4113284821428,4427.6351160466265,321.30533287202377,59.96197808035714,1769.5455587698416,543.2219096676587,988.6460096775795,331.8802791071429,485.4113284821428,4427.6351160466265,321.30533287202377,59.96197808035714,1769.5455587698416,543.2219096676587,988.6460096775795,331.8802791071429
2026-02-04 20:00:00+00:00,1163.365,6565.26,391.337,177.5275,4108.4075,147.93875000000003,999.0945,435.772,1054.2642515232417,6024.88121591399,203.97082590013275,177.8535905919935,4032.6507530419876,129.4290899341309,1005.1814725691473,402.4393649803641,485.4113284821428,4427.6351160466265,321.30533287202377,59.96197808035714,1769.5455587698416,543.2219096676587,988.6460096775795,331.8802791071429,485.4113284821428,4427.6351160466265,321.30533287202377,59.96197808035714,1769.5455587698416,543.2219096676587,988.6460096775795,331.8802791071429
2026-02-04 21:00:00+00:00,1166.8,6542.41,391.337,177.78825,3978.6125,168.49099999999999,1005.245,435.79,1026.921588279299,6279.9390435669175,208.17891203128443,178.56215942094536,3835.2837407081815,60.21754614355581,1001.1203971063164,424.8645064547798,485.4113284821428,4427.6351160466265,321.30533287202377,59.96197808035714,1769.5455587698416,543.2219096676587,988.6460096775795,331.8802791071429,485.4113284821428,4427.6351160466265,321.30533287202377,59.96197808035714,1769.5455587698416,543.2219096676587,988.6460096775795,331.8802791071429
2026-02-04 22:00:00+00:00,1167.58,6333.407499999999,391.337,177.43,3848.615,138.26174999999995,1003.8755,438.2885,964.6973685582307,6172.771631057416,155.79176209365005,172.76507990509472,3830.08332676948,105.31206383064432,1007.5293215197834,410.39083542863096,485.4113284821428,4427.6351160466265,321.30533287202377,59.96197808035714,1769.5455587698416,543.2219096676587,988.6460096775795,331.8802791071429,485.4113284821428,4427.6351160466265,321.30533287202377,59.96197808035714,1769.5455587698416,543.2219096676587,988.6460096775795,331.8802791071429
2026-02-04 23:00:00+00:00,1166.42,6283.8575,425.13875,176.891,3753.61,139.21524999999997,1011.8725,428.2755,973.1771749328159,6152.370512743296,194.62295307631211,169.69506296642555,3696.702883572045,89.4218415377004,992.5223033626131,404.58708034427906,485.4113284821428,4427.6351160466265,321.30533287202377,59.96197808035714,1769.5455587698416,543.2219096676587,988.6460096775795,331.8802791071429,485.4113284821428,4427.6351160466265,321.30533287202377,59.96197808035714,1769.5455587698416,543.2219096676587,988.6460096775795,331.8802791071429
2026-02-05 00:00:00+00:00,1163.7825,6482.87,425.233,176.60999999999999,3689.9475,138.17899999999997,1003.11675,434.2455,1036.9040561862314,6215.47131520242,229.21238624096878,169.29318404699723,3757.2076045846807,109.98694130759895,997.2144736703177,426.4078080214547,485.4113284821428,4427.6351160466265,321.30533287202377,59.96197808035714,1769.5455587698416,543.2219096676587,988.6460096775795,331.8802791071429,485.4113284821428,4427.6351160466265,321.30533287202377,59.96197808035714,1769.5455587698416,543.2219096676587,988.6460096775795,331.8802791071429
2026-02-05 01:00:00+00:00,1160.095,6389.635,425.233,176.284,3627.365,137.57350000000008,997.873,419.79925000000003,994.9646744773077,6155.101694456314,160.4653795218252,166.62437638526458,3673.844429227414,115.58364025014822,984.0507666475455,441.59407895719664,485.4113284821428,4427.6351160466265,321.30533287202377,59.96197808035714,1769.5455587698416,543.2219096676587,988.6460096775795,331.8802791071429,485.4113284821428,4427.6351160466265,321.30533287202377,59.96197808035714,1769.5455587698416,543.2219096676587,988.6460096775795,331.8802791071429
2026-02-05 02:00:00+00:00,1158.635,6454.62,425.233,176.06375,3538.76,138.00650000000002,1001.5775,424.488,1037.6296264248563,6178.9920977028105,177.56389150969548,169.0914057206349,3706.009895237753,100.11498584355928,976.7113652150096,420.20358789674736,485.4113284821428,4427.6351160466265,321.30533287202377,59.96197808035714,1769.5455587698416,543.2219096676587,988.6460096775795,331.8802791071429,485.4113284821428,4427.6351160466265,321.30533287202377,59.96197808035714,1769.5455587698416,543.2219096676587,988.6460096775795,331.8802791071429
2026-02-05 03:00:00+00:00,1158.025,6470.047500000001,425.233,175.59675,3588.9925000000003,138.9735,1009.8325,430.33799999999997,1058.3998234208755,6034.432067065769,109.61604273815044,168.41926396740365,3688.719621427518,109.63915795285737,969.3007083834323,421.6177859442728,485.4113284821428,4427.6351160466265,321.30533287202377,59.96197808035714,1769.5455587698416,543.2219096676587,988.6460096775795,331.8802791071429,485.4113284821428,4427.6351160466265,321.30533287202377,59.96197808035714,1769.5455587698416,543.2219096676587,988.6460096775795,331.8802791071429
2026-02-05 04:00:00+00:00,1157.4725,6549.3525,425.233,175.27275,3753.59,150.06099999999998,1009.9175,439.21275,1015.6787948977235,6169.891157304046,112.79818188022526,168.6754054616568,3836.5704714039316,148.7358612603594,989.7570319612558,415.9384801031182,485.4113284821428,4427.6351160466265,321.30533287202377,59.96197808035714,1769.5455587698416,543.2219096676587,988.6460096775795,331.8802791071429,485.4113284821428,4427.6351160466265,321.30533287202377,59.96197808035714,1769.5455587698416,543.2219096676587,988.6460096775795,331.8802791071429
2026-02-05 05:00:00+00:00,1156.4275,6620.73,427.41925000000003,174.887,3916.6925,225.83999999999997,1008.5550000000001,432.99775,1080.1865927351325,6897.197045909961,183.336285253046,165.37775824621735,4052.8245768447846,304.2378886611408,1044.9665351629844,448.1579895819369,485.4113284821428,4427.6351160466265,321.30533287202377,59.96197808035714,1769.5455587698416,543.2219096676587,988.6460096775795,331.8802791071429,485.4113284821428,4427.6351160466265,321.30533287202377,59.96197808035714,1769.5455587698416,543.2219096676587,988.6460096775795,331.8802791071429
2026-02-05 06:00:00+00:00,1159.66,6412.8875,499.53525,174.78075,4040.6949999999997,414.04025,1028.6275,439.7915,1020.252424620933,6951.949372313484,230.01151652872647,174.25550505735168,4233.087940533233,867.1922245835763,1030.8989448238656,436.90473196030143,485.4113284821428,4427.6351160466265,321.30533287202377,59.96197808035714,1769.5455587698416,543.2219096676587,988.6460096775795,331.8802791071429,485.4113284821428,4427.6351160466265,321.30533287202377,59.96197808035714,1769.5455587698416,543.2219096676587,988.6460096775795,331.8802791071429
2026-02-05 07:00:00+00:00,1167.0575,6609.63,543.54,175.06275,4058.765,1032.2475,1040.98,447.773,1050.1138707116725,7175.420880728876,230.77601287694608,167.28754539320113,4253.484309680343,1395.3501206710407,1023.9307994350795,426.8644301544593,485.4113284821428,4427.6351160466265,321.30533287202377,59.96197808035714,1769.5455587698416,543.2219096676587,988.6460096775795,331.8802791071429,485.4113284821428,4427.6351160466265,321.30533287202377,59.96197808035714,1769.5455587698416,543.2219096676587,988.6460096775795,331.8802791071429
2026-02-05 08:00:00+00:00,1164.095,6374.3375,539.2695416666667,175.11175,4063.0924999999997,748.9835,1039.0075,447.74075,968.3630270916258,7093.325135724446,260.27909234434554,161.79415934486107,4239.190409771998,1069.8736084753316,1020.2436673351514,414.59466786041486,485.4113284821428,4427.6351160466265,321.30533287202377,59.96197808035714,1769.5455587698416,543.2219096676587,988.6460096775795,331.8802791071429,485.4113284821428,4427.6351160466265,321.30533287202377,59.96197808035714,1769.5455587698416,543.2219096676587,988.6460096775795,331.8802791071429
2026-02-05 09:00:00+00:00,1164.525,5877.43,534.9990833333333,174.98425,4029.5525,543.28975,1033.125,447.5435,1018.347536973803,7023.228670233324,304.76347891298377,171.40237831097113,4189.04525811881,598.7816106319411,1022.9308570396772,417.3803166162298,485.4113284821428,4427.6351160466265,321.30533287202377,59.96197808035714,1769.5455587698416,543.2219096676587,988.6460096775795,331.8802791071429,485.4113284821428,4427.6351160466265,321.30533287202377,59.96197808035714,1769.5455587698416,543.2219096676587,988.6460096775795,331.8802791071429
2026-02-05 10:00:00+00:00,1168.48,6094.295,530.728625,174.5965,4012.3725,334.77025,1028.5525,436.18875,986.7703772290886,7024.121603970549,316.0275211400395,183.40588568802835,4231.509275312415,369.4673610911068,1010.2247225230178,420.06668547304645,485.4113284821428,4427.6351160466265,321.30533287202377,59.96197808035714,1769.5455587698416,543.2219096676587,988.6460096775795,331.8802791071429,485.4113284821428,4427.6351160466265,321.30533287202377,59.96197808035714,1769.5455587698416,543.2219096676587,988.6460096775795,331.8802791071429
2026-02-05 11:00:00+00:00,1158.6075,6067.3025,526.4581666666667,174.02225,4020.0925,193.02724999999998,1012.61425,437.0165,1045.958671528739,7077.409552014199,298.9899749847875,153.5426717553393,4235.728560866986,313.6600042063477,992.8096575526304,428.5528111726857,485.4113284821428,4427.6351160466265,321.30533287202377,59.96197808035714,1769.5455587698416,543.2219096676587,988.6460096775795,331.8802791071429,485.4113284821428,4427.6351160466265,321.30533287202377,59.96197808035714,1769.5455587698416,543.2219096676587,988.6460096775795,331.8802791071429
2026-02-05 12:00:00+00:00,1157.0700000000002,6066.2975,522.1877083333333,173.7775,3991.87,176.64800000000002,986.1815,438.10625,1068.2151737944355,7158.72751122459,285.06787927853446,154.2678438790122,4187.935161837165,278.10801863312753,962.2759020173571,426.6209038078894,485.4113284821428,4427.6351160466265,321.30533287202377,59.96197808035714,1769.5455587698416,543.2219096676587,988.6460096775795,331.8802791071429,485.4113284821428,4427.6351160466265,321.30533287202377,59.96197808035714,1769.5455587698416,543.2219096676587,988.6460096775795,331.8802791071429
2026-02-05 13:00:00+00:00,1165.855,6065.6625,517.91725,173.811,3979.04,230.08675,999.413,443.78225,1057.2223289692133,7220.36118454721,299.8523080466869,178.28246590544813,4223.543216380005,185.39240112407953,993.447824146425,427.17821318273775,485.4113284821428,4427.6351160466265,321.30533287202377,59.96197808035714,1769.5455587698416,543.2219096676587,988.6460096775795,331.8802791071429,485.4113284821428,4427.6351160466265,321.30533287202377,59.96197808035714,1769.5455587698416,543.2219096676587,988.6460096775795,331.8802791071429
2026-02-05 14:00:00+00:00,1167.0975,6259.7675,517.7049999999999,173.51024999999998,4055.945,291.93724999999995,1010.3199999999999,444.30674999999997,1087.5922202676488,7240.850216965175,280.6149216109541,173.84215567489807,4240.627921600952,552.9422367871416,1013.0507442311468,423.6089327058548,485.4113284821428,4427.6351160466265,321.30533287202377,59.96197808035714,1769.5455587698416,543.2219096676587,988.6460096775795,331.8802791071429,485.4113284821428,4427.6351160466265,321.30533287202377,59.96197808035714,1769.5455587698416,543.2219096676587,988.6460096775795,331.8802791071429
2026-02-05 15:00:00+00:00,1163.4724999999999,6613.1675,517.71325,173.48925,4227.885,940.9455,1046.5925,451.75075,1191.1500446972254,7135.051766611075,310.2950181669205,175.08928401097924,4328.285074769628,1018.2821027236762,1033.0757712001293,441.1299893838293,485.4113284821428,4427.6351160466265,321.30533287202377,59.96197808035714,1769.5455587698416,543.2219096676587,988.6460096775795,331.8802791071429,485.4113284821428,4427.6351160466265,321.30533287202377,59.96197808035714,1769.5455587698416,543.2219096676587,988.6460096775795,331.8802791071429
2026-02-05 16:00:00+00:00,1168.4275,6823.1275,508.55425,173.33974999999998,4373.3075,1270.4255,1052.555,458.43899999999996,1183.6838346092388,7427.384361231412,324.6772972835057,174.96282254066122,4423.092885525861,1566.7803432661026,1031.0840809819304,433.982084341875,485.4113284821428,4427.6351160466265,321.30533287202377,59.96197808035714,1769.5455587698416,543.2219096676587,988.6460096775795,331.8802791071429,485.4113284821428,4427.6351160466265,321.30533287202377,59.96197808035714,1769.5455587698416,543.2219096676587,988.6460096775795,331.8802791071429
2026-02-05 17:00:00+00:00,1167.8225,7074.469999999999,499.39525000000003,172.75925,4436.827499999999,1289.4795,1059.67,463.4625,1196.2596018386005,7687.536010398921,308.68213086571546,182.74247648834825,4475.966118995306,1080.328575487084,1029.720779838248,443.50718963189667,485.4113284821428,4427.6351160466265,321.30533287202377,59.96197808035714,1769.5455587698416,543.2219096676587,988.6460096775795,331.8802791071429,485.4113284821428,4427.6351160466265,321.30533287202377,59.96197808035714,1769.5455587698416,543.2219096676587,988.6460096775795,331.8802791071429
2026-02-05 18:00:00+00:00,1172.5875,7094.077499999999,490.23625,172.42149999999998,4390.8675,1128.7585,1037.33,460.21625,1187.571914761062,7539.067736183892,362.3554557825946,173.74313316150096,4525.136735469947,811.1447291125344,1019.5512848783087,438.8190989121105,485.4113284821428,4427.6351160466265,321.30533287202377,59.96197808035714,1769.5455587698416,543.2219096676587,988.6460096775795,331.8802791071429,485.4113284821428,4427.6351160466265,321.30533287202377,59.96197808035714,1769.5455587698416,543.2219096676587,988.6460096775795,331.8802791071429
2026-02-05 19:00:00+00:00,1176.0675,7039.435,481.07725,168.2775,4270.58,584.5025,1019.7225,448.87075000000004,1178.2935734794796,7480.031885021686,405.34566622864844,181.63998697949557,4459.19874691174,566.5746508855298,1050.8180433278646,413.5222929156343,485.4113284821428,4427.6351160466265,321.30533287202377,59.96197808035714,1769.5455587698416,543.2219096676587,988.6460096775795,331.8802791071429,485.4113284821428,4427.6351160466265,321.30533287202377,59.96197808035714,1769.5455587698416,543.2219096676587,988.6460096775795,331.8802791071429
2026-02-05 20:00:00+00:00,1174.655,7036.57,425.233,168.17525,4134.9925,293.12874999999997,995.3275,436.75725,1149.126489924737,7461.590363219862,311.27789241081535,165.8454893467973,4124.5911759449955,346.64783929673433,1082.6836601330647,402.0736952782,485.4113284821428,4427.6351160466265,321.30533287202377,59.96197808035714,1769.5455587698416,543.2219096676587,988.6460096775795,331.8802791071429,485.4113284821428,4427.6351160466265,321.30533287202377,59.96197808035714,1769.5455587698416,543.2219096676587,988.6460096775795,331.8802791071429
2026-02-05 21:00:00+00:00,1169.98,6956.105,425.233,168.216,4029.375,245.70024999999993,995.60175,432.38475,1139.0692602904753,7450.2521381624565,343.3375747287086,167.58227131398704,3969.206125966852,125.01175898651047,1057.0402605024992,405.6197424376182,485.4113284821428,4427.6351160466265,321.30533287202377,59.96197808035714,1769.5455587698416,543.2219096676587,988.6460096775795,331.8802791071429,485.4113284821428,4427.6351160466265,321.30533287202377,59.96197808035714,1769.5455587698416,543.2219096676587,988.6460096775795,331.8802791071429
2026-02-05 22:00:00+00:00,1166.56,6621.71,425.233,171.07975,3935.895,199.83050000000003,1001.291,426.52275,1086.0302051611986,7405.197478444095,347.5596526543526,168.84655466533388,3854.972818344935,162.09935167851432,1029.43104037305,382.3142799934907,485.4113284821428,4427.6351160466265,321.30533287202377,59.96197808035714,1769.5455587698416,543.2219096676587,988.6460096775795,331.8802791071429,485.4113284821428,4427.6351160466265,321.30533287202377,59.96197808035714,1769.5455587698416,543.2219096676587,988.6460096775795,331.8802791071429
2026-02-05 23:00:00+00:00,1165.8600000000001,6504.34,420.62375,172.3775,3857.4725,138.87475,1004.2625,431.6355,1104.5114227441943,7239.647858753133,340.1670569245545,165.30495640363597,3692.486312260869,159.617068842992,1026.7288827959455,371.14029124284394,485.4113284821428,4427.6351160466265,321.30533287202377,59.96197808035714,1769.5455587698416,543.2219096676587,988.6460096775795,331.8802791071429,485.4113284821428,4427.6351160466265,321.30533287202377,59.96197808035714,1769.5455587698416,543.2219096676587,988.6460096775795,331.8802791071429
2026-02-06 00:00:00+00:00,1160.08,6282.612499999999,420.611,172.6565,3840.29,137.4665,996.9615,435.20025,1049.2798142650977,7333.843476940419,314.6411914150518,168.95922124162882,3664.6109491459147,161.59500130049253,1042.2768454711984,381.06702208009114,485.4113284821428,4427.6351160466265,321.30533287202377,59.96197808035714,1769.5455587698416,543.2219096676587,988.6460096775795,331.8802791071429,485.4113284821428,4427.6351160466265,321.30533287202377,59.96197808035714,1769.5455587698416,543.2219096676587,988.6460096775795,331.8802791071429
2026-02-06 01:00:00+00:00,1159.875,6256.3425,420.611,172.391,3789.82,137.82724999999994,1000.0405,432.73025,1012.8930207140766,7042.435666544803,358.20876789196825,156.12550423648042,3578.111947838077,144.21474038605044,1044.5862895196817,376.26450954481055,485.4113284821428,4427.6351160466265,321.30533287202377,59.96197808035714,1769.5455587698416,543.2219096676587,988.6460096775795,331.8802791071429,485.4113284821428,4427.6351160466265,321.30533287202377,59.96197808035714,1769.5455587698416,543.2219096676587,988.6460096775795,331.8802791071429
2026-02-06 02:00:00+00:00,1159.9875,6349.3575,420.611,172.15825,3793.8925,137.44400000000002,996.8032499999999,422.47575,950.9550706688974,7308.635556694495,373.6501025694799,156.56419032356757,3611.8531799347948,136.2592619642839,1030.6582901993802,366.72582993979523,485.4113284821428,4427.6351160466265,321.30533287202377,59.96197808035714,1769.5455587698416,543.2219096676587,988.6460096775795,331.8802791071429,485.4113284821428,4427.6351160466265,321.30533287202377,59.96197808035714,1769.5455587698416,543.2219096676587,988.6460096775795,331.8802791071429
2026-02-06 03:00:00+00:00,1160.76,6518.675,420.611,171.92825,3887.5775000000003,137.212,994.85675,417.92575,1079.9621866638115,7304.914712202359,330.48328148925594,153.62641760080572,3697.7580823210037,115.51854659335544,1005.1220737153416,362.6409353342525,485.4113284821428,4427.6351160466265,321.30533287202377,59.96197808035714,1769.5455587698416,543.2219096676587,988.6460096775795,331.8802791071429,485.4113284821428,4427.6351160466265,321.30533287202377,59.96197808035714,1769.5455587698416,543.2219096676587,988.6460096775795,331.8802791071429
2026-02-06 04:00:00+00:00,1164.8600000000001,6907.1825,420.611,171.31,4031.3974999999996,138.86900000000003,993.5387499999999,426.29975,1018.977978335729,7569.065805872688,299.847856141332,168.45072085719846,3640.7527842364843,182.9833856186296,1033.1846842051086,382.6001657293044,485.4113284821428,4427.6351160466265,321.30533287202377,59.96197808035714,1769.5455587698416,543.2219096676587,988.6460096775795,331.8802791071429,485.4113284821428,4427.6351160466265,321.30533287202377,59.96197808035714,1769.5455587698416,543.2219096676587,988.6460096775795,331.8802791071429
2026-02-06 05:00:00+00:00,1163.15,6987.8925,420.611,170.66225,4313.0650000000005,392.2412499999999,997.4955,429.79575,1040.9893849755729,7566.192659470022,362.9291758260236,167.53223146972917,4113.323842800907,299.2297842116333,1040.9997210063661,407.5739677813844,485.4113284821428,4427.6351160466265,321.30533287202377,59.96197808035714,1769.5455587698416,543.2219096676587,988.6460096775795,331.8802791071429,485.4113284821428,4427.6351160466265,321.30533287202377,59.96197808035714,1769.5455587698416,543.2219096676587,988.6460096775795,331.8802791071429
2026-02-06 06:00:00+00:00,1164.7375,6973.795,420.611,170.62625,4393.255,1309.2040000000002,998.8985,429.76475,996.1210858915872,7368.297689020367,456.32111774334237,162.17696097065783,4328.935846608836,1080.268392430713,1025.8242676138038,398.50188718791856,485.4113284821428,4427.6351160466265,321.30533287202377,59.96197808035714,1769.5455587698416,543.2219096676587,988.6460096775795,331.8802791071429,485.4113284821428,4427.6351160466265,321.30533287202377,59.96197808035714,1769.5455587698416,543.2219096676587,988.6460096775795,331.8802791071429
2026-02-06 07:00:00+00:00,1165.67,7052.385,439.57325,170.9545,4425.0599999999995,1234.3194999999998,1000.0635,429.4185,950.5814896752868,7248.75900152491,467.10475636105775,171.7395104867906,4443.4986581439225,1469.5992337657021,1021.5738419123705,402.51682392603936,485.4113284821428,4427.6351160466265,321.30533287202377,59.96197808035714,1769.5455587698416,543.2219096676587,988.6460096775795,331.8802791071429,485.4113284821428,4427.6351160466265,321.30533287202377,59.96197808035714,1769.5455587698416,543.2219096676587,988.6460096775795,331.8802791071429
2026-02-06 08:00:00+00:00,1165.2325,7053.21,436.12225,170.88675,4385.365,1141.6925,979.92325,437.09000000000003,951.2184313938096,7370.493798179281,417.0517743595221,170.31566475053256,4441.6475561916095,1241.2595016696262,1021.0451947757496,382.09854320489563,485.4113284821428,4427.6351160466265,321.30533287202377,59.96197808035714,1769.5455587698416,543.2219096676587,988.6460096775795,331.8802791071429,485.4113284821428,4427.6351160466265,321.30533287202377,59.96197808035714,1769.5455587698416,543.2219096676587,988.6460096775795,331.8802791071429
2026-02-06 09:00:00+00:00,1163.465,6919.885,428.3635,171.05375,4326.549999999999,935.7875,999.018,438.42825,961.39595549399,7161.586431589425,445.3668500884189,172.10458023134703,4453.427396654759,786.4816415125125,1016.5657072645753,379.7307385793009,485.4113284821428,4427.6351160466265,321.30533287202377,59.96197808035714,1769.5455587698416,543.2219096676587,988.6460096775795,331.8802791071429,485.4113284821428,4427.6351160466265,321.30533287202377,59.96197808035714,1769.5455587698416,543.2219096676587,988.6460096775795,331.8802791071429
2026-02-06 10:00:00+00:00,1161.3625,6270.7675,420.611,171.0695,4351.62,824.783,1004.747,439.45050000000003,988.5182482312202,7120.16024169993,436.1152459867677,173.16052228522108,4370.196146089133,481.70263790099085,1000.8893970288664,378.5270774238559,485.4113284821428,4427.6351160466265,321.30533287202377,59.96197808035714,1769.5455587698416,543.2219096676587,988.6460096775795,331.8802791071429,485.4113284821428,4427.6351160466265,321.30533287202377,59.96197808035714,1769.5455587698416,543.2219096676587,988.6460096775795,331.8802791071429
2026-02-06 11:00:00+00:00,1160.885,6231.6849999999995,420.611,171.012,4400.15,649.064,1018.7425000000001,440.7205,931.4101555411152,7179.930903373934,394.48482396978284,164.4475875783844,4401.164968235391,334.8717655529719,1017.326968832298,383.35012664653993,485.4113284821428,4427.6351160466265,321.30533287202377,59.96197808035714,1769.5455587698416,543.2219096676587,988.6460096775795,331.8802791071429,485.4113284821428,4427.6351160466265,321.30533287202377,59.96197808035714,1769.5455587698416,543.2219096676587,988.6460096775795,331.8802791071429
2026-02-06 12:00:00+00:00,1160.6100000000001,6260.4775,420.611,171.32125,4376.1,530.84425,1014.8675000000001,437.68225,920.4243560210448,7254.806735667695,415.5443912082537,156.10893806766066,4314.9165669803215,323.81960479301586,1034.001429401937,387.0422524017285,485.4113284821428,4427.6351160466265,321.30533287202377,59.96197808035714,1769.5455587698416,543.2219096676587,988.6460096775795,331.8802791071429,485.4113284821428,4427.6351160466265,321.30533287202377,59.96197808035714,1769.5455587698416,543.2219096676587,988.6460096775795,331.8802791071429
2026-02-06 13:00:00+00:00,1168.375,6243.6975,420.611,171.22925,4370.8925,542.96675,1016.925,423.073,929.9986470452266,7052.702840872282,414.44868128013803,149.19514528840176,4225.9957471727885,307.04815068843413,1023.3717769452733,387.9817824368522,485.4113284821428,4427.6351160466265,321.30533287202377,59.96197808035714,1769.5455587698416,543.2219096676587,988.6460096775795,331.8802791071429,485.4113284821428,4427.6351160466265,321.30533287202377,59.96197808035714,1769.5455587698416,543.2219096676587,988.6460096775795,331.8802791071429
2026-02-06 14:00:00+00:00,1167.5025,6223.4125,420.611,171.0265,4401.025,720.08175,1032.81,431.39275,914.1760026689899,7012.097485072649,408.508520044356,154.04999942599298,4179.304863838748,620.1518054137257,1041.9504916427375,393.7461538152168,485.4113284821428,4427.6351160466265,321.30533287202377,59.96197808035714,1769.5455587698416,543.2219096676587,988.6460096775795,331.8802791071429,485.4113284821428,4427.6351160466265,321.30533287202377,59.96197808035714,1769.5455587698416,543.2219096676587,988.6460096775795,331.8802791071429
2026-02-06 15:00:00+00:00,1165.5725,6152.8375,420.611,171.0255,4454.74,1225.8872499999998,1072.155,435.9945,987.738285588676,6975.3421035242645,407.93431728069237,161.6797580629825,4345.801444915016,1097.775790461645,1050.1641344126958,405.5219308791786,485.4113284821428,4427.6351160466265,321.30533287202377,59.96197808035714,1769.5455587698416,543.2219096676587,988.6460096775795,331.8802791071429,485.4113284821428,4427.6351160466265,321.30533287202377,59.96197808035714,1769.5455587698416,543.2219096676587,988.6460096775795,331.8802791071429
2026-02-06 16:00:00+00:00,1165.2675,6132.2,459.40774999999996,171.10675,4521.74,1535.3182499999998,1075.31,441.69725,961.6924519831957,7101.187879282984,429.3434986785202,174.8991943224028,4371.08248895961,1698.234590503751,1050.6555205710154,394.3530258918854,485.4113284821428,4427.6351160466265,321.30533287202377,59.96197808035714,1769.5455587698416,543.2219096676587,988.6460096775795,331.8802791071429,485.4113284821428,4427.6351160466265,321.30533287202377,59.96197808035714,1769.5455587698416,543.2219096676587,988.6460096775795,331.8802791071429
2026-02-06 17:00:00+00:00,1167.8025,6121.422500000001,515.6975,171.082,4524.7375,1387.4789999999998,1074.645,446.53000000000003,949.6227215862134,7341.35167398198,415.75680806732316,177.90496100617233,4469.277986185741,1469.913273252107,1067.3394994497362,402.87265022076076,485.4113284821428,4427.6351160466265,321.30533287202377,59.96197808035714,1769.5455587698416,543.2219096676587,988.6460096775795,331.8802791071429,485.4113284821428,4427.6351160466265,321.30533287202377,59.96197808035714,1769.5455587698416,543.2219096676587,988.6460096775795,331.8802791071429
2026-02-06 18:00:00+00:00,1167.26,6114.2775,430.36199999999997,170.65875,4453.1900000000005,602.5817499999999,1067.0925,457.3485,958.1574226382093,7297.644591228842,387.2148097912856,174.99681691582984,4533.199228636395,1209.538880996206,1071.9485092891139,395.2551424016397,485.4113284821428,4427.6351160466265,321.30533287202377,59.96197808035714,1769.5455587698416,543.2219096676587,988.6460096775795,331.8802791071429,485.4113284821428,4427.6351160466265,321.30533287202377,59.96197808035714,1769.5455587698416,543.2219096676587,988.6460096775795,331.8802791071429
2026-02-06 19:00:00+00:00,1171.675,6148.37,420.611,170.81025,4308.98,233.74574999999993,1038.22,435.36775,986.392388783742,7138.9512872381765,390.4561761829367,161.83112030600952,4317.322619127999,657.4047230751144,1041.8671206606123,390.47034778977456,485.4113284821428,4427.6351160466265,321.30533287202377,59.96197808035714,1769.5455587698416,543.2219096676587,988.6460096775795,331.8802791071429,485.4113284821428,4427.6351160466265,321.30533287202377,59.96197808035714,1769.5455587698416,543.2219096676587,988.6460096775795,331.8802791071429
2026-02-06 20:00:00+00:00,1174.26,6168.7375,420.611,170.24275,4158.4125,210.053,1023.01,421.20875,1016.7301991337226,6963.5398770787015,374.3515856732433,165.0665053655651,3872.69277188856,442.2850527249612,1046.731229967178,402.04803892368284,485.4113284821428,4427.6351160466265,321.30533287202377,59.96197808035714,1769.5455587698416,543.2219096676587,988.6460096775795,331.8802791071429,485.4113284821428,4427.6351160466265,321.30533287202377,59.96197808035714,1769.5455587698416,543.2219096676587,988.6460096775795,331.8802791071429
2026-02-06 21:00:00+00:00,1171.98,6061.7175,420.611,169.75925,3950.385,179.48825,1024.8125,421.6785,1035.5072106261443,7114.665402529436,361.6862572254884,163.45775343489606,3692.218085185542,210.62936612047343,1022.47710105635,395.4912421731967,485.4113284821428,4427.6351160466265,321.30533287202377,59.96197808035714,1769.5455587698416,543.2219096676587,988.6460096775795,331.8802791071429,485.4113284821428,4427.6351160466265,321.30533287202377,59.96197808035714,1769.5455587698416,543.2219096676587,988.6460096775795,331.8802791071429
2026-02-06 22:00:00+00:00,1142.4425,5987.2,420.611,170.0235,3834.965,169.8655,1025.08,421.653,1010.8772560123241,7253.023537262514,379.0562557989887,157.91881036963235,3489.7568733063376,226.2504748570036,1004.6047756686411,375.5071794451901,485.4113284821428,4427.6351160466265,321.30533287202377,59.96197808035714,1769.5455587698416,543.2219096676587,988.6460096775795,331.8802791071429,485.4113284821428,4427.6351160466265,321.30533287202377,59.96197808035714,1769.5455587698416,543.2219096676587,988.6460096775795,331.8802791071429
2026-02-06 23:00:00+00:00,1111.0425,6133.7725,113.32700000000003,170.77075,3756.8275000000003,201.3965,1015.26225,414.7715,1103.4633997818871,6748.246875792554,367.89430384727183,146.22948258312067,3160.7885258600004,166.78408952340067,1002.8994756097314,397.4471299694831,485.4113284821428,4427.6351160466265,321.30533287202377,59.96197808035714,1769.5455587698416,543.2219096676587,988.6460096775795,331.8802791071429,485.4113284821428,4427.6351160466265,321.30533287202377,59.96197808035714,1769.5455587698416,543.2219096676587,988.6460096775795,331.8802791071429
2026-02-07 00:00:00+00:00,1110.83,5970.565,112.471,171.079,3736.855,157.865,1001.2405,411.10675,998.9603254004921,6222.376813135726,321.2058529187627,105.35441402332552,3217.743813556549,155.5239742577901,1018.6504305782142,387.3951482102698,485.4113284821428,4427.6351160466265,321.30533287202377,59.96197808035714,1769.5455587698416,543.2219096676587,988.6460096775795,331.8802791071429,485.4113284821428,4427.6351160466265,321.30533287202377,59.96197808035714,1769.5455587698416,543.2219096676587,988.6460096775795,331.8802791071429
2026-02-07 01:00:00+00:00,1117.68,5892.3675,112.471,171.239,3724.455,132.61775,955.55825,403.18325,952.7883046693196,6426.608175877815,353.03593227199536,108.30313131685764,3049.8653531302507,147.7419982142768,1013.149155321324,375.3089487450404,485.4113284821428,4427.6351160466265,321.30533287202377,59.96197808035714,1769.5455587698416,543.2219096676587,988.6460096775795,331.8802791071429,485.4113284821428,4427.6351160466265,321.30533287202377,59.96197808035714,1769.5455587698416,543.2219096676587,988.6460096775795,331.8802791071429
2026-02-07 02:00:00+00:00,1116.2224999999999,5791.780000000001,112.471,171.272,3726.755,136.21874999999994,986.369,400.314,1015.4248200852226,6430.21337371178,361.13729189989215,119.81100097780633,2983.9679065861064,162.72743997866218,1013.9649013852556,370.36428985908117,485.4113284821428,4427.6351160466265,321.30533287202377,59.96197808035714,1769.5455587698416,543.2219096676587,988.6460096775795,331.8802791071429,485.4113284821428,4427.6351160466265,321.30533287202377,59.96197808035714,1769.5455587698416,543.2219096676587,988.6460096775795,331.8802791071429
2026-02-07 03:00:00+00:00,1125.8775,5835.655000000001,112.471,171.41750000000002,3728.775,147.8175,1004.625,402.99325,1010.8305421087589,6610.07285265897,357.2079593204776,134.0363758505594,3138.5393174792544,163.88727595110333,1008.8979883072833,365.84895703299406,485.4113284821428,4427.6351160466265,321.30533287202377,59.96197808035714,1769.5455587698416,543.2219096676587,988.6460096775795,331.8802791071429,485.4113284821428,4427.6351160466265,321.30533287202377,59.96197808035714,1769.5455587698416,543.2219096676587,988.6460096775795,331.8802791071429
2026-02-07 04:00:00+00:00,1151.56,5873.7825,112.471,171.65875,3794.46,148.293,1008.0699999999999,414.95475,994.2981301050354,6573.162918043243,356.5888579677254,122.46571459828426,3182.0158743747716,217.3016772761813,1007.6148727720578,388.94384168919623,485.4113284821428,4427.6351160466265,321.30533287202377,59.96197808035714,1769.5455587698416,543.2219096676587,988.6460096775795,331.8802791071429,485.4113284821428,4427.6351160466265,321.30533287202377,59.96197808035714,1769.5455587698416,543.2219096676587,988.6460096775795,331.8802791071429
2026-02-07 05:00:00+00:00,1155.0124999999998,6124.22,112.471,172.10399999999998,3832.9425,148.65250000000003,1010.24,413.06899999999996,1012.7802859515407,6710.737045349975,361.8348226950099,137.16478000789667,3410.51614211564,224.65122930723703,1014.1427568980881,381.6429015054085,485.4113284821428,4427.6351160466265,321.30533287202377,59.96197808035714,1769.5455587698416,543.2219096676587,988.6460096775795,331.8802791071429,485.4113284821428,4427.6351160466265,321.30533287202377,59.96197808035714,1769.5455587698416,543.2219096676587,988.6460096775795,331.8802791071429
2026-02-07 06:00:00+00:00,1148.9075,6305.095,112.471,172.12575,3914.6875,168.9065,1017.29,412.529,977.2961801142853,6728.813019671572,360.08762215058425,132.55750221093786,3352.781200428176,334.1977312531578,990.8657328359028,367.19791318116967,485.4113284821428,4427.6351160466265,321.30533287202377,59.96197808035714,1769.5455587698416,543.2219096676587,988.6460096775795,331.8802791071429,485.4113284821428,4427.6351160466265,321.30533287202377,59.96197808035714,1769.5455587698416,543.2219096676587,988.6460096775795,331.8802791071429
2026-02-07 07:00:00+00:00,1149.77,6305.085,112.471,172.1645,3976.6324999999997,177.79325,1011.07025,418.6415,961.2600391646561,6663.864135637736,352.16640975028196,133.20024607677277,3513.810792670255,377.9280044310203,992.855763556379,369.40533563357087,485.4113284821428,4427.6351160466265,321.30533287202377,59.96197808035714,1769.5455587698416,543.2219096676587,988.6460096775795,331.8802791071429,485.4113284821428,4427.6351160466265,321.30533287202377,59.96197808035714,1769.5455587698416,543.2219096676587,988.6460096775795,331.8802791071429
2026-02-07 08:00:00+00:00,1150.94,6270.3625,112.471,172.38825,3979.77,138.394,1002.99225,425.6895,985.3671960383059,6763.817137579243,355.03862560847494,139.636413036799,3548.5427946212817,398.0097942001663,988.354852128979,371.47729264294935,485.4113284821428,4427.6351160466265,321.30533287202377,59.96197808035714,1769.5455587698416,543.2219096676587,988.6460096775795,331.8802791071429,485.4113284821428,4427.6351160466265,321.30533287202377,59.96197808035714,1769.5455587698416,543.2219096676587,988.6460096775795,331.8802791071429
2026-02-07 09:00:00+00:00,1156.3325,6191.42,112.471,172.16875,3926.0175,138.72449999999998,1007.6725,418.19825000000003,831.6561871976769,6885.076723804927,363.2939967072587,109.38218297619514,3355.02087919743,273.00748956993687,975.1294078674573,382.74954516424305,485.4113284821428,4427.6351160466265,321.30533287202377,59.96197808035714,1769.5455587698416,543.2219096676587,988.6460096775795,331.8802791071429,485.4113284821428,4427.6351160466265,321.30533287202377,59.96197808035714,1769.5455587698416,543.2219096676587,988.6460096775795,331.8802791071429
2026-02-07 10:00:00+00:00,1151.93,6113.525,112.471,172.014,3878.7525,138.91649999999998,1009.385,429.7875,800.8659777711963,7240.163731249222,367.18628497629425,120.72805147901218,3123.2114667378037,265.2772830823164,973.9103977274809,383.263876399678,485.4113284821428,4427.6351160466265,321.30533287202377,59.96197808035714,1769.5455587698416,543.2219096676587,988.6460096775795,331.8802791071429,485.4113284821428,4427.6351160466265,321.30533287202377,59.96197808035714,1769.5455587698416,543.2219096676587,988.6460096775795,331.8802791071429
2026-02-07 11:00:00+00:00,1141.0125,6048.015,112.471,171.74124999999998,3820.23,138.07100000000003,1002.1955,436.654,835.5450265397218,7213.024918382123,356.4489815977936,110.60003119081043,3041.3143252250675,211.13472557547482,982.2236701763435,363.61449029004643,485.4113284821428,4427.6351160466265,321.30533287202377,59.96197808035714,1769.5455587698416,543.2219096676587,988.6460096775795,331.8802791071429,485.4113284821428,4427.6351160466265,321.30533287202377,59.96197808035714,1769.5455587698416,543.2219096676587,988.6460096775795,331.8802791071429
2026-02-07 12:00:00+00:00,1143.6825,6092.87,112.471,171.6105,3793.49,138.09974999999991,1002.40425,437.55425,810.1613712052524,7002.667353727422,333.58309101908856,103.33626098707721,3076.268240270797,133.77561746090117,967.7421013738496,360.16922685699205,485.4113284821428,4427.6351160466265,321.30533287202377,59.96197808035714,1769.5455587698416,543.2219096676587,988.6460096775795,331.8802791071429,485.4113284821428,4427.6351160466265,321.30533287202377,59.96197808035714,1769.5455587698416,543.2219096676587,988.6460096775795,331.8802791071429
2026-02-07 13:00:00+00:00,1146.6825,6135.9875,112.471,171.4625,3820.75,148.30325,997.1759999999999,432.7265,842.7687313444592,6740.56904543249,345.5632485529903,106.31423216026627,3074.4482253828755,131.6388319649738,968.5231098404453,354.4532983872204,485.4113284821428,4427.6351160466265,321.30533287202377,59.96197808035714,1769.5455587698416,543.2219096676587,988.6460096775795,331.8802791071429,485.4113284821428,4427.6351160466265,321.30533287202377,59.96197808035714,1769.5455587698416,543.2219096676587,988.6460096775795,331.8802791071429
2026-02-07 14:00:00+00:00,1146.3925,6259.75,112.471,171.3715,3882.1675,139.83750000000003,1002.3475,425.278,871.8472393652132,6894.4192057751,345.63999752122095,103.75743088705974,3170.107531971035,271.6485785311241,997.5787162162945,358.12070916059054,485.4113284821428,4427.6351160466265,321.30533287202377,59.96197808035714,1769.5455587698416,543.2219096676587,988.6460096775795,331.8802791071429,485.4113284821428,4427.6351160466265,321.30533287202377,59.96197808035714,1769.5455587698416,543.2219096676587,988.6460096775795,331.8802791071429
2026-02-07 15:00:00+00:00,1147.3725,6269.9725,112.471,171.549,3958.475,432.28574999999995,1024.83,436.2715,898.2828729404346,6653.255291002351,357.33174598839696,106.84165780464946,3341.761123516411,668.626835942619,1050.595227098577,366.2865579783314,485.4113284821428,4427.6351160466265,321.30533287202377,59.96197808035714,1769.5455587698416,543.2219096676587,988.6460096775795,331.8802791071429,485.4113284821428,4427.6351160466265,321.30533287202377,59.96197808035714,1769.5455587698416,543.2219096676587,988.6460096775795,331.8802791071429
2026-02-07 16:00:00+00:00,1145.6775,6297.8075,112.471,173.1715,4042.5599999999995,1201.4817500000001,1021.2225,452.54875,865.3126871665147,6776.092056440797,379.905385459981,127.54721399404939,3708.8471822093284,1390.8332384494977,1043.5491102311157,384.0087899971632,485.4113284821428,4427.6351160466265,321.30533287202377,59.96197808035714,1769.5455587698416,543.2219096676587,988.6460096775795,331.8802791071429,485.4113284821428,4427.6351160466265,321.30533287202377,59.96197808035714,1769.5455587698416,543.2219096676587,988.6460096775795,331.8802791071429
2026-02-07 17:00:00+00:00,1147.2125,6327.3925,112.471,173.43925000000002,4059.4825,1280.94375,1035.9575,454.44075,899.723561010278,6748.824692258264,385.7799653885771,148.93038410221158,3940.799000501894,1689.6534324520785,1038.5652470893292,386.56339774287187,485.4113284821428,4427.6351160466265,321.30533287202377,59.96197808035714,1769.5455587698416,543.2219096676587,988.6460096775795,331.8802791071429,485.4113284821428,4427.6351160466265,321.30533287202377,59.96197808035714,1769.5455587698416,543.2219096676587,988.6460096775795,331.8802791071429
2026-02-07 18:00:00+00:00,1152.4625,6342.6025,112.471,173.82975,4054.4825,882.27025,1035.8875,450.09075,922.3988210347516,6615.82001210567,393.556404595936,163.40527264172943,3931.7043060783353,1033.631621118971,1036.3185201774404,387.36719189137784,485.4113284821428,4427.6351160466265,321.30533287202377,59.96197808035714,1769.5455587698416,543.2219096676587,988.6460096775795,331.8802791071429,485.4113284821428,4427.6351160466265,321.30533287202377,59.96197808035714,1769.5455587698416,543.2219096676587,988.6460096775795,331.8802791071429
2026-02-07 19:00:00+00:00,1151.77,6339.5975,112.471,174.18825,4016.8575,203.42925000000002,1028.7675,445.2185,955.0800778957755,6483.246297332305,373.4552171807754,152.7935651833713,3816.0551787085087,524.6757483614192,1023.1803185450894,391.4754864494354,485.4113284821428,4427.6351160466265,321.30533287202377,59.96197808035714,1769.5455587698416,543.2219096676587,988.6460096775795,331.8802791071429,485.4113284821428,4427.6351160466265,321.30533287202377,59.96197808035714,1769.5455587698416,543.2219096676587,988.6460096775795,331.8802791071429
2026-02-07 20:00:00+00:00,1153.7475,6361.7825,112.471,173.09525000000002,3951.15,137.949,1001.1175,437.9575,980.8701857197647,6223.428024622166,368.4001466437387,144.87368126978595,3599.5794179484838,569.0761190388972,1012.2364984637899,398.7757592738608,485.4113284821428,4427.6351160466265,321.30533287202377,59.96197808035714,1769.5455587698416,543.2219096676587,988.6460096775795,331.8802791071429,485.4113284821428,4427.6351160466265,321.30533287202377,59.96197808035714,1769.5455587698416,543.2219096676587,988.6460096775795,331.8802791071429
2026-02-07 21:00:00+00:00,1159.2125,6347.16,112.471,172.78075,3854.01,137.28699999999998,995.4635000000001,434.6405,1000.9923566019597,6218.367481504143,377.2060629453244,137.43159555219512,3625.475830338382,373.8167993700856,1012.2364984637899,385.88068918740373,485.4113284821428,4427.6351160466265,321.30533287202377,59.96197808035714,1769.5455587698416,543.2219096676587,988.6460096775795,331.8802791071429,485.4113284821428,4427.6351160466265,321.30533287202377,59.96197808035714,1769.5455587698416,543.2219096676587,988.6460096775795,331.8802791071429
2026-02-07 22:00:00+00:00,1139.065,6344.1425,112.471,172.88125,3727.33,137.54375,997.658,441.32075,967.0276271277107,6208.061111258877,356.83731102935496,113.45555835594799,3260.710926319212,221.54445195146008,994.6363411606806,395.5480851335238,485.4113284821428,4427.6351160466265,321.30533287202377,59.96197808035714,1769.5455587698416,543.2219096676587,988.6460096775795,331.8802791071429,485.4113284821428,4427.6351160466265,321.30533287202377,59.96197808035714,1769.5455587698416,543.2219096676587,988.6460096775795,331.8802791071429
2026-02-07 23:00:00+00:00,1125.145,6347.594999999999,112.471,173.04425,3679.0075,170.18225,991.19825,438.62125000000003,981.8216841605747,6236.791429023596,369.2777349746957,128.3674565649021,3107.0215566319757,197.5539244920625,1007.0336961091502,394.10942001792324,485.4113284821428,4427.6351160466265,321.30533287202377,59.96197808035714,1769.5455587698416,543.2219096676587,988.6460096775795,331.8802791071429,485.4113284821428,4427.6351160466265,321.30533287202377,59.96197808035714,1769.5455587698416,543.2219096676587,988.6460096775795,331.8802791071429
2026-02-08 00:00:00+00:00,1127.13,6342.375,112.471,173.2185,3640.5825,134.82025,974.3855,437.164,986.3292307763986,6521.607686609517,268.38076949211404,132.98112056741675,2895.7993232855433,260.5075196656594,992.4469332535591,388.824672159143,485.4113284821428,4427.6351160466265,321.30533287202377,59.96197808035714,1769.5455587698416,543.2219096676587,988.6460096775795,331.8802791071429,485.4113284821428,4427.6351160466265,321.30533287202377,59.96197808035714,1769.5455587698416,543.2219096676587,988.6460096775795,331.8802791071429
2026-02-08 01:00:00+00:00,1128.575,6170.2875,112.471,173.18,3637.1724999999997,136.79425000000003,991.252,431.10625,1049.5715180030684,6741.052947529035,262.0709045858265,126.92294324683962,2881.342453593756,263.46854505054455,1013.6524562102052,407.64136420351565,485.4113284821428,4427.6351160466265,321.30533287202377,59.96197808035714,1769.5455587698416,543.2219096676587,988.6460096775795,331.8802791071429,485.4113284821428,4427.6351160466265,321.30533287202377,59.96197808035714,1769.5455587698416,543.2219096676587,988.6460096775795,331.8802791071429
2026-02-08 02:00:00+00:00,1137.62,6057.0825,112.471,173.33249999999998,3622.0699999999997,136.97625,992.76025,426.0795,1019.6500629886534,6569.621047959248,294.909865875204,129.78868483409826,2859.815926176442,187.90666912490508,1009.7161508465551,388.15307699927814,485.4113284821428,4427.6351160466265,321.30533287202377,59.96197808035714,1769.5455587698416,543.2219096676587,988.6460096775795,331.8802791071429,485.4113284821428,4427.6351160466265,321.30533287202377,59.96197808035714,1769.5455587698416,543.2219096676587,988.6460096775795,331.8802791071429
2026-02-08 03:00:00+00:00,1142.8025,6072.615,112.471,173.7005,3626.81,137.89249999999998,1000.612,426.145,1046.1878996975508,6659.468221036936,302.19574135600453,114.57295858412621,2971.1246969491763,121.8591804023983,1014.8525424603216,397.82125521775833,485.4113284821428,4427.6351160466265,321.30533287202377,59.96197808035714,1769.5455587698416,543.2219096676587,988.6460096775795,331.8802791071429,485.4113284821428,4427.6351160466265,321.30533287202377,59.96197808035714,1769.5455587698416,543.2219096676587,988.6460096775795,331.8802791071429
2026-02-08 04:00:00+00:00,1150.33,6103.3425,112.471,173.6,3658.6925,137.48525000000006,997.10675,432.13175,1076.2317687956788,6653.361110311973,265.4958391372714,111.1469267275217,2964.067051008249,140.22153297853833,1014.8525424603216,400.5717369668968,485.4113284821428,4427.6351160466265,321.30533287202377,59.96197808035714,1769.5455587698416,543.2219096676587,988.6460096775795,331.8802791071429,485.4113284821428,4427.6351160466265,321.30533287202377,59.96197808035714,1769.5455587698416,543.2219096676587,988.6460096775795,331.8802791071429
2026-02-08 05:00:00+00:00,1155.5375,6097.14,112.471,173.5205,3702.1349999999998,137.52499999999998,997.4395000000001,437.381,923.5555980690378,6666.989851619814,300.7865865240805,123.49272229308667,3019.5623918925944,161.68603875509052,1014.8525424603216,411.7781899950863,485.4113284821428,4427.6351160466265,321.30533287202377,59.96197808035714,1769.5455587698416,543.2219096676587,988.6460096775795,331.8802791071429,485.4113284821428,4427.6351160466265,321.30533287202377,59.96197808035714,1769.5455587698416,543.2219096676587,988.6460096775795,331.8802791071429
2026-02-08 06:00:00+00:00,1140.65,6171.13,112.471,173.55925,3779.2575,139.01675,1010.22,432.1115,1047.670646569153,6476.757138059689,242.8247001911249,136.6395765669124,3125.0220426341007,317.95437682661225,973.4824735954448,399.0617967842799,485.4113284821428,4427.6351160466265,321.30533287202377,59.96197808035714,1769.5455587698416,543.2219096676587,988.6460096775795,331.8802791071429,485.4113284821428,4427.6351160466265,321.30533287202377,59.96197808035714,1769.5455587698416,543.2219096676587,988.6460096775795,331.8802791071429
2026-02-08 07:00:00+00:00,1141.9575,6413.695,112.471,173.603,3838.8075,139.66674999999998,1015.7425000000001,441.08425,1021.0393623525606,6487.347580773196,270.3296376987722,152.51070480562282,3338.13957982479,338.29543587945307,976.2402139123653,409.1604780774477,485.4113284821428,4427.6351160466265,321.30533287202377,59.96197808035714,1769.5455587698416,543.2219096676587,988.6460096775795,331.8802791071429,485.4113284821428,4427.6351160466265,321.30533287202377,59.96197808035714,1769.5455587698416,543.2219096676587,988.6460096775795,331.8802791071429
2026-02-08 08:00:00+00:00,1139.625,6423.94,112.471,173.59275,3837.1549999999997,138.35825000000006,1004.6157499999999,437.52275,973.9477259249808,6622.654395622563,331.5590960175886,147.7359475373616,3404.901195779272,385.9364789173494,984.3220229630634,405.7764616175408,485.4113284821428,4427.6351160466265,321.30533287202377,59.96197808035714,1769.5455587698416,543.2219096676587,988.6460096775795,331.8802791071429,485.4113284821428,4427.6351160466265,321.30533287202377,59.96197808035714,1769.5455587698416,543.2219096676587,988.6460096775795,331.8802791071429
2026-02-08 09:00:00+00:00,1137.6299999999999,6410.7525000000005,112.471,173.63325,3780.6875,139.736,1016.265,436.99025,996.8593114937173,6722.75564567513,308.17453048290076,138.3626038342586,3306.0958358015637,300.07656433626835,983.3409338258826,405.2881387873392,485.4113284821428,4427.6351160466265,321.30533287202377,59.96197808035714,1769.5455587698416,543.2219096676587,988.6460096775795,331.8802791071429,485.4113284821428,4427.6351160466265,321.30533287202377,59.96197808035714,1769.5455587698416,543.2219096676587,988.6460096775795,331.8802791071429
2026-02-08 10:00:00+00:00,1141.38,6285.72,112.471,173.76999999999998,3660.54,140.47775000000001,1022.6625,435.56425,999.9053430591593,6837.269672193973,279.21877462283794,120.7461330968838,3341.6497603927523,252.54641595484412,991.9690956496271,406.19516532412354,485.4113284821428,4427.6351160466265,321.30533287202377,59.96197808035714,1769.5455587698416,543.2219096676587,988.6460096775795,331.8802791071429,485.4113284821428,4427.6351160466265,321.30533287202377,59.96197808035714,1769.5455587698416,543.2219096676587,988.6460096775795,331.8802791071429
2026-02-08 11:00:00+00:00,1141.7375,6124.02,112.471,173.73475,3620.0625,141.378,1030.385,433.55875,1019.5500052201453,6659.957886139503,311.73259073964374,143.3256939983999,3233.590426459798,239.44052603078603,953.7187484641031,402.58222679569894,485.4113284821428,4427.6351160466265,321.30533287202377,59.96197808035714,1769.5455587698416,543.2219096676587,988.6460096775795,331.8802791071429,485.4113284821428,4427.6351160466265,321.30533287202377,59.96197808035714,1769.5455587698416,543.2219096676587,988.6460096775795,331.8802791071429
2026-02-08 12:00:00+00:00,1134.8600000000001,6098.2075,112.471,173.63625,3609.5925,142.1307500000001,1036.7549999999999,435.5335,982.051542960257,6464.1264741874475,298.5261492312272,139.3209529590569,3268.62762473589,180.29078711477598,985.6409379899126,384.4776404053617,485.4113284821428,4427.6351160466265,321.30533287202377,59.96197808035714,1769.5455587698416,543.2219096676587,988.6460096775795,331.8802791071429,485.4113284821428,4427.6351160466265,321.30533287202377,59.96197808035714,1769.5455587698416,543.2219096676587,988.6460096775795,331.8802791071429
2026-02-08 13:00:00+00:00,1134.6175,6254.295,112.471,173.81,3681.185,141.75,1033.5525,432.8735,890.1955419895562,6543.618428136115,316.47961346548044,150.66239583456604,3283.1661917810443,219.36211436556505,984.1992332302883,423.4222257196498,485.4113284821428,4427.6351160466265,321.30533287202377,59.96197808035714,1769.5455587698416,543.2219096676587,988.6460096775795,331.8802791071429,485.4113284821428,4427.6351160466265,321.30533287202377,59.96197808035714,1769.5455587698416,543.2219096676587,988.6460096775795,331.8802791071429
2026-02-08 14:00:00+00:00,1139.695,6317.1425,112.471,173.81325,3747.98,165.962,1034.1399999999999,425.25375,970.4064867321939,6780.409395859315,317.2290266844606,160.70060838528988,3380.7465687556823,349.14446219365794,1013.1911129607828,415.57918005317697,485.4113284821428,4427.6351160466265,321.30533287202377,59.96197808035714,1769.5455587698416,543.2219096676587,988.6460096775795,331.8802791071429,485.4113284821428,4427.6351160466265,321.30533287202377,59.96197808035714,1769.5455587698416,543.2219096676587,988.6460096775795,331.8802791071429
2026-02-08 15:00:00+00:00,1154.795,6403.9625,112.471,173.77875,3953.1075,292.7895,1072.17,452.154,1082.423165344845,7115.103933171227,296.35275572719127,155.1807882747126,3658.619406593446,670.969101253319,1025.2505483256873,416.24465124333307,485.4113284821428,4427.6351160466265,321.30533287202377,59.96197808035714,1769.5455587698416,543.2219096676587,988.6460096775795,331.8802791071429,485.4113284821428,4427.6351160466265,321.30533287202377,59.96197808035714,1769.5455587698416,543.2219096676587,988.6460096775795,331.8802791071429
2026-02-08 16:00:00+00:00,1158.8525,6418.71,112.471,174.01975,4081.47,681.60575,1074.6175,441.66025,1086.1026077595811,7202.364829749866,296.49298847462677,151.90029457991733,3793.525318916829,1366.772253026287,1008.3897232664328,413.6740908686696,485.4113284821428,4427.6351160466265,321.30533287202377,59.96197808035714,1769.5455587698416,543.2219096676587,988.6460096775795,331.8802791071429,485.4113284821428,4427.6351160466265,321.30533287202377,59.96197808035714,1769.5455587698416,543.2219096676587,988.6460096775795,331.8802791071429
2026-02-08 17:00:00+00:00,1163.5349999999999,6416.7425,112.471,174.0065,4141.175,678.58175,1077.975,441.95275,1066.0893555183254,7267.183538617395,289.8187351158023,159.04644331352483,4037.442381847981,1567.6949436581826,1018.4061757064676,422.32851877004697,485.4113284821428,4427.6351160466265,321.30533287202377,59.96197808035714,1769.5455587698416,543.2219096676587,988.6460096775795,331.8802791071429,485.4113284821428,4427.6351160466265,321.30533287202377,59.96197808035714,1769.5455587698416,543.2219096676587,988.6460096775795,331.8802791071429
2026-02-08 18:00:00+00:00,1162.03,6419.7225,112.471,174.16625,4149.545,562.604,1077.2975000000001,440.267,1047.7494281400366,7312.6473038937,273.5738007879755,165.59643461164507,4083.4153160153883,903.7260211180549,1016.3632286357621,424.36051946556756,485.4113284821428,4427.6351160466265,321.30533287202377,59.96197808035714,1769.5455587698416,543.2219096676587,988.6460096775795,331.8802791071429,485.4113284821428,4427.6351160466265,321.30533287202377,59.96197808035714,1769.5455587698416,543.2219096676587,988.6460096775795,331.8802791071429
2026-02-08 19:00:00+00:00,1165.845,6411.2625,112.471,174.186,4075.925,181.33100000000002,1057.28,435.37575,1054.3996242077253,7170.996982106347,308.00337473911725,162.23536492688277,3814.4694126161867,505.92905090541905,1018.6417865925247,412.1936871369451,485.4113284821428,4427.6351160466265,321.30533287202377,59.96197808035714,1769.5455587698416,543.2219096676587,988.6460096775795,331.8802791071429,485.4113284821428,4427.6351160466265,321.30533287202377,59.96197808035714,1769.5455587698416,543.2219096676587,988.6460096775795,331.8802791071429
2026-02-08 20:00:00+00:00,1168.3625,6428.36,112.471,174.0575,3918.3725,143.28724999999997,1046.6825,427.36825,1051.0215901493882,7063.628226796234,318.6369512445998,162.73235472379088,3784.8946445560955,367.74125274520145,1013.3801104067139,410.90840164841075,485.4113284821428,4427.6351160466265,321.30533287202377,59.96197808035714,1769.5455587698416,543.2219096676587,988.6460096775795,331.8802791071429,485.4113284821428,4427.6351160466265,321.30533287202377,59.96197808035714,1769.5455587698416,543.2219096676587,988.6460096775795,331.8802791071429
2026-02-08 21:00:00+00:00,1173.105,6401.95,112.471,173.80475,3866.56,199.14249999999993,1026.795,422.30775,1046.8586984548824,6887.282976895118,315.4054896984656,162.1946488239077,3744.834243979327,215.33088493967398,1005.2283505648179,415.7542744805904,485.4113284821428,4427.6351160466265,321.30533287202377,59.96197808035714,1769.5455587698416,543.2219096676587,988.6460096775795,331.8802791071429,485.4113284821428,4427.6351160466265,321.30533287202377,59.96197808035714,1769.5455587698416,543.2219096676587,988.6460096775795,331.8802791071429
2026-02-08 22:00:00+00:00,1140.335,6261.4175,112.471,173.57825,3794.31,139.82,1017.065,425.454,1070.494459199242,6856.121202465934,327.88536236235325,157.29288101780827,3533.747825340252,187.81562367171654,995.8246231216415,415.53746620401665,485.4113284821428,4427.6351160466265,321.30533287202377,59.96197808035714,1769.5455587698416,543.2219096676587,988.6460096775795,331.8802791071429,485.4113284821428,4427.6351160466265,321.30533287202377,59.96197808035714,1769.5455587698416,543.2219096676587,988.6460096775795,331.8802791071429
2026-02-08 23:00:00+00:00,1130.28,5945.43,84.816,173.414,3785.8275,140.6275,1024.0025,422.886,1060.5096691383985,6728.100213145104,323.7437609155745,163.13493817953417,3346.7069565161837,159.29503341025122,1016.8101889188152,400.770802823961,485.4113284821428,4427.6351160466265,321.30533287202377,59.96197808035714,1769.5455587698416,543.2219096676587,988.6460096775795,331.8802791071429,485.4113284821428,4427.6351160466265,321.30533287202377,59.96197808035714,1769.5455587698416,543.2219096676587,988.6460096775795,331.8802791071429
2026-02-09 00:00:00+00:00,1132.1325,5934.3625,84.739,172.9835,3791.76,139.92275,1017.8575000000001,392.0995,1072.734143486225,6725.625541602849,342.24664512141334,159.3408414584942,3256.3932404679717,153.1064487785382,1001.8607538776731,399.9074783130737,485.4113284821428,4427.6351160466265,321.30533287202377,59.96197808035714,1769.5455587698416,543.2219096676587,988.6460096775795,331.8802791071429,485.4113284821428,4427.6351160466265,321.30533287202377,59.96197808035714,1769.5455587698416,543.2219096676587,988.6460096775795,331.8802791071429
2026-02-09 01:00:00+00:00,1126.075,5922.8875,84.739,172.87775,3792.3225,140.36849999999998,1021.6800000000001,415.4065,1046.3199924373978,6720.406155270317,327.8417089748109,157.15395253914878,3243.9984966777038,150.99803234317358,988.5443429442053,399.6117731080561,485.4113284821428,4427.6351160466265,321.30533287202377,59.96197808035714,1769.5455587698416,543.2219096676587,988.6460096775795,331.8802791071429,485.4113284821428,4427.6351160466265,321.30533287202377,59.96197808035714,1769.5455587698416,543.2219096676587,988.6460096775795,331.8802791071429
2026-02-09 02:00:00+00:00,1126.2675,5935.4575,84.739,172.63774999999998,3779.3975,140.44675,1022.1700000000001,413.32025,1056.3898434785576,6674.157514449847,332.1531789387584,157.4232528525032,3164.124165054117,149.66833589408895,996.5052641829295,397.5356465171605,485.4113284821428,4427.6351160466265,321.30533287202377,59.96197808035714,1769.5455587698416,543.2219096676587,988.6460096775795,331.8802791071429,485.4113284821428,4427.6351160466265,321.30533287202377,59.96197808035714,1769.5455587698416,543.2219096676587,988.6460096775795,331.8802791071429
2026-02-09 03:00:00+00:00,1124.3875,5950.3425,84.739,172.67425,3827.715,196.25625000000002,1022.5325,416.83875,992.6597748414883,6710.982477274352,333.08372325279186,163.2866317971865,3282.758027857963,152.68858996364747,986.3555885523616,394.87748604248713,485.4113284821428,4427.6351160466265,321.30533287202377,59.96197808035714,1769.5455587698416,543.2219096676587,988.6460096775795,331.8802791071429,485.4113284821428,4427.6351160466265,321.30533287202377,59.96197808035714,1769.5455587698416,543.2219096676587,988.6460096775795,331.8802791071429
2026-02-09 04:00:00+00:00,1152.3075,6122.6225,84.739,173.07775,3971.63,212.829,1027.2375,424.00175,940.5359427813671,7082.654057774549,345.5246361926123,162.997498850688,3633.0925319176613,266.66990559447675,993.7128275246918,387.5892475913875,485.4113284821428,4427.6351160466265,321.30533287202377,59.96197808035714,1769.5455587698416,543.2219096676587,988.6460096775795,331.8802791071429,485.4113284821428,4427.6351160466265,321.30533287202377,59.96197808035714,1769.5455587698416,543.2219096676587,988.6460096775795,331.8802791071429
2026-02-09 05:00:00+00:00,1161.7375,6307.91,84.739,174.01999999999998,4221.85,495.22925,1039.0625,413.3435,959.431346533717,7309.193372357964,360.8840178616516,162.9980134138262,4064.79593672504,385.0198451741143,996.6487064021323,395.5407401416867,485.4113284821428,4427.6351160466265,321.30533287202377,59.96197808035714,1769.5455587698416,543.2219096676587,988.6460096775795,331.8802791071429,485.4113284821428,4427.6351160466265,321.30533287202377,59.96197808035714,1769.5455587698416,543.2219096676587,988.6460096775795,331.8802791071429
2026-02-09 06:00:00+00:00,1155.165,6284.0325,88.21575000000001,174.38875000000002,4370.425,936.64775,1039.5875,410.41925,971.990052751446,7271.531656671581,376.15167397777236,150.4597537960887,4311.013635334266,1243.0246324775894,991.1248723242664,364.0026368285722,485.4113284821428,4427.6351160466265,321.30533287202377,59.96197808035714,1769.5455587698416,543.2219096676587,988.6460096775795,331.8802791071429,485.4113284821428,4427.6351160466265,321.30533287202377,59.96197808035714,1769.5455587698416,543.2219096676587,988.6460096775795,331.8802791071429
2026-02-09 07:00:00+00:00,1156.95,6183.675,90.13575,174.2185,4433.6125,1406.5697499999999,1055.1625,402.3995,1028.8964368130066,7240.217812943545,386.9158629089543,156.05679954907941,4380.644458922903,1360.9486168989392,998.2952315663006,394.2494887071508,485.4113284821428,4427.6351160466265,321.30533287202377,59.96197808035714,1769.5455587698416,543.2219096676587,988.6460096775795,331.8802791071429,485.4113284821428,4427.6351160466265,321.30533287202377,59.96197808035714,1769.5455587698416,543.2219096676587,988.6460096775795,331.8802791071429
2026-02-09 08:00:00+00:00,1155.525,6135.91,84.739,173.78175,4351.855,1311.56175,1049.4,406.91325,1102.4584864782103,7009.93019052449,411.7233932981614,157.45420855969468,4352.610509797527,1084.3154636411805,999.0670574290798,395.4282117449976,485.4113284821428,4427.6351160466265,321.30533287202377,59.96197808035714,1769.5455587698416,543.2219096676587,988.6460096775795,331.8802791071429,485.4113284821428,4427.6351160466265,321.30533287202377,59.96197808035714,1769.5455587698416,543.2219096676587,988.6460096775795,331.8802791071429
2026-02-09 09:00:00+00:00,1155.5225,6135.2525,84.739,173.83575000000002,4257.9,434.40375,1035.2475,405.04575,1083.5923720066735,6973.116762489523,410.577721471013,160.68282684130946,4231.74814317963,595.5789510929112,988.1111412474645,397.7883542011888,485.4113284821428,4427.6351160466265,321.30533287202377,59.96197808035714,1769.5455587698416,543.2219096676587,988.6460096775795,331.8802791071429,485.4113284821428,4427.6351160466265,321.30533287202377,59.96197808035714,1769.5455587698416,543.2219096676587,988.6460096775795,331.8802791071429
2026-02-09 10:00:00+00:00,1159.05,6168.3675,84.739,173.84550000000002,4247.8325,209.1175,1034.4524999999999,400.49699999999996,1074.2727529539993,6817.041734947626,401.9501337702909,171.54683231528418,4101.20412672513,458.0406679581765,982.1061010192492,413.3308957682171,485.4113284821428,4427.6351160466265,321.30533287202377,59.96197808035714,1769.5455587698416,543.2219096676587,988.6460096775795,331.8802791071429,485.4113284821428,4427.6351160466265,321.30533287202377,59.96197808035714,1769.5455587698416,543.2219096676587,988.6460096775795,331.8802791071429
2026-02-09 11:00:00+00:00,1159.375,6147.53,84.739,173.788,4238.595,480.006,1033.605,401.10225,1084.525852515975,6818.030075559742,392.96531958522854,169.15917232289087,4157.7934298405935,344.92564481981594,984.1071792870885,407.4518660171566,485.4113284821428,4427.6351160466265,321.30533287202377,59.96197808035714,1769.5455587698416,543.2219096676587,988.6460096775795,331.8802791071429,485.4113284821428,4427.6351160466265,321.30533287202377,59.96197808035714,1769.5455587698416,543.2219096676587,988.6460096775795,331.8802791071429
2026-02-09 12:00:00+00:00,1163.1325,6206.0625,84.739,173.71475,4241.7775,517.05,1031.0,407.9315,1036.0422751681106,6813.295302210383,368.91119446763014,168.94208427934595,4117.08844598935,362.09551753909955,994.9353341025566,392.8957131441465,485.4113284821428,4427.6351160466265,321.30533287202377,59.96197808035714,1769.5455587698416,543.2219096676587,988.6460096775795,331.8802791071429,485.4113284821428,4427.6351160466265,321.30533287202377,59.96197808035714,1769.5455587698416,543.2219096676587,988.6460096775795,331.8802791071429
2026-02-09 13:00:00+00:00,1111.0900000000001,6194.5599999999995,84.739,173.63025,4252.2225,563.08075,1032.4499999999998,405.7405,1171.0030060311144,6886.68231646668,374.91532256932203,168.98629450438645,4047.5980775544754,382.07276746689433,1002.2915741831099,390.37534851169966,485.4113284821428,4427.6351160466265,321.30533287202377,59.96197808035714,1769.5455587698416,543.2219096676587,988.6460096775795,331.8802791071429,485.4113284821428,4427.6351160466265,321.30533287202377,59.96197808035714,1769.5455587698416,543.2219096676587,988.6460096775795,331.8802791071429
2026-02-09 14:00:00+00:00,1080.1925,6236.3150000000005,84.739,173.60525,4257.49,848.2407499999999,1029.895,407.95425,1206.723070206696,6880.698766100893,373.4899191010993,176.45654985347193,4024.698003744947,507.3881181506496,982.0881939308601,383.8177236412283,485.4113284821428,4427.6351160466265,321.30533287202377,59.96197808035714,1769.5455587698416,543.2219096676587,988.6460096775795,331.8802791071429,485.4113284821428,4427.6351160466265,321.30533287202377,59.96197808035714,1769.5455587698416,543.2219096676587,988.6460096775795,331.8802791071429
2026-02-09 15:00:00+00:00,1080.3075,6206.8925,84.739,173.6395,4299.37,1450.6495,1056.6299999999999,398.759,1143.6137513831225,6872.378745320148,370.154955101886,167.654285320791,4105.554526760785,1149.0447750329054,1016.5514849924449,394.97390759704695,485.4113284821428,4427.6351160466265,321.30533287202377,59.96197808035714,1769.5455587698416,543.2219096676587,988.6460096775795,331.8802791071429,485.4113284821428,4427.6351160466265,321.30533287202377,59.96197808035714,1769.5455587698416,543.2219096676587,988.6460096775795,331.8802791071429
2026-02-09 16:00:00+00:00,1077.395,6225.4525,84.739,173.578,4367.2725,1557.72225,1054.93,423.42825,1127.4144398782094,6597.8269453353005,365.66188607841184,158.0276793571035,4262.916745298305,1862.5720846507988,1021.4493378915355,419.73128903917006,485.4113284821428,4427.6351160466265,321.30533287202377,59.96197808035714,1769.5455587698416,543.2219096676587,988.6460096775795,331.8802791071429,485.4113284821428,4427.6351160466265,321.30533287202377,59.96197808035714,1769.5455587698416,543.2219096676587,988.6460096775795,331.8802791071429
2026-02-09 17:00:00+00:00,1049.9175,6235.32,84.739,173.35425,4389.3125,1507.5505,1037.6575,417.9105,1124.7518231596273,6457.005987711905,367.14734542026576,171.25617275884667,4404.8994928978445,1625.3127181151694,982.6420534948904,427.95441933228926,485.4113284821428,4427.6351160466265,321.30533287202377,59.96197808035714,1769.5455587698416,543.2219096676587,988.6460096775795,331.8802791071429,485.4113284821428,4427.6351160466265,321.30533287202377,59.96197808035714,1769.5455587698416,543.2219096676587,988.6460096775795,331.8802791071429
2026-02-09 18:00:00+00:00,951.65275,6249.47,84.739,173.2385,4421.9575,1410.0295,1035.025,405.418,1111.0776693845978,6356.83047129567,349.3749688270215,172.49534631061127,4324.233151254995,1133.632907710451,976.4314873207305,411.46154688159277,485.4113284821428,4427.6351160466265,321.30533287202377,59.96197808035714,1769.5455587698416,543.2219096676587,988.6460096775795,331.8802791071429,485.4113284821428,4427.6351160466265,321.30533287202377,59.96197808035714,1769.5455587698416,543.2219096676587,988.6460096775795,331.8802791071429
2026-02-09 19:00:00+00:00,983.3442500000001,6249.555,84.739,172.97424999999998,4373.637499999999,662.1674999999999,1028.745,389.38625,1058.1616834624697,6491.046768034402,362.87653521480513,162.68120582359205,4263.0761370717555,730.3186918092146,950.4404961786847,411.5942051392287,485.4113284821428,4427.6351160466265,321.30533287202377,59.96197808035714,1769.5455587698416,543.2219096676587,988.6460096775795,331.8802791071429,485.4113284821428,4427.6351160466265,321.30533287202377,59.96197808035714,1769.5455587698416,543.2219096676587,988.6460096775795,331.8802791071429
2026-02-09 20:00:00+00:00,984.4359999999999,6239.305,84.739,172.8895,4247.452499999999,358.42199999999997,1018.5825,394.0865,1029.0614385011968,6564.632986499384,348.3337955372354,166.12266096544974,3785.844872947002,521.9525271908622,953.1631875405458,409.05480098229793,485.4113284821428,4427.6351160466265,321.30533287202377,59.96197808035714,1769.5455587698416,543.2219096676587,988.6460096775795,331.8802791071429,485.4113284821428,4427.6351160466265,321.30533287202377,59.96197808035714,1769.5455587698416,543.2219096676587,988.6460096775795,331.8802791071429
2026-02-09 21:00:00+00:00,979.82225,6229.92,84.739,171.78125,4084.27,210.2464999999999,1020.62,385.52049999999997,1033.3132145072802,6611.205080359774,348.12656913311946,165.25364677810586,3659.917346937003,286.4292485191993,970.6200332097069,410.4741310217322,485.4113284821428,4427.6351160466265,321.30533287202377,59.96197808035714,1769.5455587698416,543.2219096676587,988.6460096775795,331.8802791071429,485.4113284821428,4427.6351160466265,321.30533287202377,59.96197808035714,1769.5455587698416,543.2219096676587,988.6460096775795,331.8802791071429
2026-02-09 22:00:00+00:00,976.48325,6259.93,84.739,170.9485,4003.535,194.3245,1009.445,384.445,942.2371496721776,6604.394718102432,335.9256872270456,165.51275255255382,3468.2164303132886,363.6709666052575,981.9348546193622,402.90490595168967,485.4113284821428,4427.6351160466265,321.30533287202377,59.96197808035714,1769.5455587698416,543.2219096676587,988.6460096775795,331.8802791071429,485.4113284821428,4427.6351160466265,321.30533287202377,59.96197808035714,1769.5455587698416,543.2219096676587,988.6460096775795,331.8802791071429
2026-02-09 23:00:00+00:00,977.74175,6281.2525000000005,390.4855,170.3545,3919.9975,183.0165,1013.4549999999999,387.12350000000004,908.7667720605084,6374.561926493985,304.8108559677004,164.25387260355922,3252.5353282788565,335.8807380595598,977.7077260044396,403.1049810631957,485.4113284821428,4427.6351160466265,321.30533287202377,59.96197808035714,1769.5455587698416,543.2219096676587,988.6460096775795,331.8802791071429,485.4113284821428,4427.6351160466265,321.30533287202377,59.96197808035714,1769.5455587698416,543.2219096676587,988.6460096775795,331.8802791071429
2026-02-10 00:00:00+00:00,984.5997500000001,6284.625,391.337,170.30975,3898.2200000000003,139.09875,1011.02475,385.45574999999997,901.7872185729636,6401.721067862492,317.8116434876249,161.6635018912138,3273.967324200602,281.5085685742542,971.6497541297499,399.00873847723375,485.4113284821428,4427.6351160466265,321.30533287202377,59.96197808035714,1769.5455587698416,543.2219096676587,988.6460096775795,331.8802791071429,485.4113284821428,4427.6351160466265,321.30533287202377,59.96197808035714,1769.5455587698416,543.2219096676587,988.6460096775795,331.8802791071429
2026-02-10 01:00:00+00:00,982.372,6276.61,391.337,170.43725,3874.3199999999997,139.392,1013.55,380.75675,932.1083713360283,6517.369511101751,332.94414379412945,160.96183560192932,3249.955693963924,169.45839819885163,963.8262820660125,406.2314833841786,485.4113284821428,4427.6351160466265,321.30533287202377,59.96197808035714,1769.5455587698416,543.2219096676587,988.6460096775795,331.8802791071429,485.4113284821428,4427.6351160466265,321.30533287202377,59.96197808035714,1769.5455587698416,543.2219096676587,988.6460096775795,331.8802791071429
2026-02-10 02:00:00+00:00,984.53325,6297.55,391.337,170.57225,3870.0150000000003,139.57799999999997,1015.1075000000001,377.77825,886.4782175287141,6581.70866800962,347.1411720460125,162.94459735114526,3244.585084201948,166.02933824859372,964.3414581497436,406.19073889873573,485.4113284821428,4427.6351160466265,321.30533287202377,59.96197808035714,1769.5455587698416,543.2219096676587,988.6460096775795,331.8802791071429,485.4113284821428,4427.6351160466265,321.30533287202377,59.96197808035714,1769.5455587698416,543.2219096676587,988.6460096775795,331.8802791071429
2026-02-10 03:00:00+00:00,986.14725,6631.1,391.337,170.73725,3867.87,139.49475,1014.3925,379.71925,884.0110633180843,6630.051915937976,348.6092382142982,163.85609544730954,3242.251336697326,163.30730683292683,960.0607536027859,404.94195581352596,485.4113284821428,4427.6351160466265,321.30533287202377,59.96197808035714,1769.5455587698416,543.2219096676587,988.6460096775795,331.8802791071429,485.4113284821428,4427.6351160466265,321.30533287202377,59.96197808035714,1769.5455587698416,543.2219096676587,988.6460096775795,331.8802791071429
2026-02-10 04:00:00+00:00,989.2249999999999,6725.89,391.337,171.0895,3941.3824999999997,140.06799999999998,1019.325,386.49275,953.4854874776041,6921.076677768668,345.81587876372697,160.426430557995,3385.611663129634,229.06673457906618,972.9404910145987,408.08509364307105,485.4113284821428,4427.6351160466265,321.30533287202377,59.96197808035714,1769.5455587698416,543.2219096676587,988.6460096775795,331.8802791071429,485.4113284821428,4427.6351160466265,321.30533287202377,59.96197808035714,1769.5455587698416,543.2219096676587,988.6460096775795,331.8802791071429
2026-02-10 05:00:00+00:00,993.9525,6788.6425,391.337,171.48675,4093.5299999999997,431.92674999999997,1029.0975,385.27049999999997,1063.1772925594228,7038.523778075095,347.52784656802527,165.47560322736143,3738.587780415999,452.73446302339534,957.9487029713604,382.2885406046719,485.4113284821428,4427.6351160466265,321.30533287202377,59.96197808035714,1769.5455587698416,543.2219096676587,988.6460096775795,331.8802791071429,485.4113284821428,4427.6351160466265,321.30533287202377,59.96197808035714,1769.5455587698416,543.2219096676587,988.6460096775795,331.8802791071429
2026-02-10 06:00:00+00:00,993.2305,6860.1125,391.337,172.12675,4162.2275,1185.078,1025.8125,384.0295,1110.993730431506,6768.912508494086,349.8092949660744,159.38936940819477,4079.9379246859153,1309.8178417965682,965.9691635274945,390.3873874181901,485.4113284821428,4427.6351160466265,321.30533287202377,59.96197808035714,1769.5455587698416,543.2219096676587,988.6460096775795,331.8802791071429,485.4113284821428,4427.6351160466265,321.30533287202377,59.96197808035714,1769.5455587698416,543.2219096676587,988.6460096775795,331.8802791071429
2026-02-10 07:00:00+00:00,991.383,6918.71,391.337,172.35875,4173.2625,1174.965,1045.43,382.3905,1069.3416220138965,6482.827910139058,333.5267129103976,164.93968052556397,4052.5265379249363,1520.394333947153,965.0919612097921,410.66916417194983,485.4113284821428,4427.6351160466265,321.30533287202377,59.96197808035714,1769.5455587698416,543.2219096676587,988.6460096775795,331.8802791071429,485.4113284821428,4427.6351160466265,321.30533287202377,59.96197808035714,1769.5455587698416,543.2219096676587,988.6460096775795,331.8802791071429
2026-02-10 08:00:00+00:00,988.43875,6940.6900000000005,391.337,172.164,4149.76,855.06375,1048.805,389.13225,1030.5295347070164,6365.674122723378,353.1766962737731,170.04784279483005,4068.13161285298,907.4362589580771,959.6759527678284,403.7716469279136,485.4113284821428,4427.6351160466265,321.30533287202377,59.96197808035714,1769.5455587698416,543.2219096676587,988.6460096775795,331.8802791071429,485.4113284821428,4427.6351160466265,321.30533287202377,59.96197808035714,1769.5455587698416,543.2219096676587,988.6460096775795,331.8802791071429
2026-02-10 09:00:00+00:00,989.98325,6977.4325,391.337,171.98775,4134.9075,434.16225,1048.1875,394.17575,1039.2814360066657,6316.033181825398,314.66710365422404,169.43572718879324,3954.8628236018058,332.05152831716157,996.4731385699148,393.82225994147177,485.4113284821428,4427.6351160466265,321.30533287202377,59.96197808035714,1769.5455587698416,543.2219096676587,988.6460096775795,331.8802791071429,485.4113284821428,4427.6351160466265,321.30533287202377,59.96197808035714,1769.5455587698416,543.2219096676587,988.6460096775795,331.8802791071429
2026-02-10 10:00:00+00:00,990.3555000000001,6931.7675,391.337,171.41649999999998,4089.5175,190.73424999999997,1040.925,394.7625,1031.8440102123188,6583.094513560274,339.15581238581973,143.92003193182595,3528.9386647982687,245.9132535339843,1012.4938148828176,385.74386783994225,485.4113284821428,4427.6351160466265,321.30533287202377,59.96197808035714,1769.5455587698416,543.2219096676587,988.6460096775795,331.8802791071429,485.4113284821428,4427.6351160466265,321.30533287202377,59.96197808035714,1769.5455587698416,543.2219096676587,988.6460096775795,331.8802791071429
2026-02-10 11:00:00+00:00,991.075,6536.305,391.337,170.7405,4044.5125,179.79975000000002,1027.8075,405.28425,1039.2909463629244,6506.72027572321,346.4860022626688,127.6278096328658,3256.6144302382386,215.96523129749158,1037.0451585865312,393.18333879054666,485.4113284821428,4427.6351160466265,321.30533287202377,59.96197808035714,1769.5455587698416,543.2219096676587,988.6460096775795,331.8802791071429,485.4113284821428,4427.6351160466265,321.30533287202377,59.96197808035714,1769.5455587698416,543.2219096676587,988.6460096775795,331.8802791071429
2026-02-10 12:00:00+00:00,990.886,6720.21,391.337,170.17075,4016.0074999999997,185.39725000000004,1020.9325,389.14875,1005.8371321472639,6422.581431848866,334.226881352055,123.39626718026133,3391.6718494140905,232.0389264083525,1057.2253106317862,396.46976482049166,485.4113284821428,4427.6351160466265,321.30533287202377,59.96197808035714,1769.5455587698416,543.2219096676587,988.6460096775795,331.8802791071429,485.4113284821428,4427.6351160466265,321.30533287202377,59.96197808035714,1769.5455587698416,543.2219096676587,988.6460096775795,331.8802791071429
2026-02-10 13:00:00+00:00,992.6499999999999,7142.6775,391.337,169.52425,4029.365,205.54225000000008,1025.8200000000002,387.5375,995.9353718295732,6346.614449634757,325.34262805707266,136.46233161622666,3316.5749246543764,301.69269452345736,1028.158935621707,393.6414535819595,485.4113284821428,4427.6351160466265,321.30533287202377,59.96197808035714,1769.5455587698416,543.2219096676587,988.6460096775795,331.8802791071429,485.4113284821428,4427.6351160466265,321.30533287202377,59.96197808035714,1769.5455587698416,543.2219096676587,988.6460096775795,331.8802791071429
2026-02-10 14:00:00+00:00,992.06075,7156.23,391.337,169.44075,4055.7799999999997,313.85949999999997,1037.9650000000001,389.29575,1096.1297587994836,6465.119798291137,295.81145288668074,151.63673463767992,3485.544770239703,407.63601691909696,1016.8578161699825,391.6408130095589,485.4113284821428,4427.6351160466265,321.30533287202377,59.96197808035714,1769.5455587698416,543.2219096676587,988.6460096775795,331.8802791071429,485.4113284821428,4427.6351160466265,321.30533287202377,59.96197808035714,1769.5455587698416,543.2219096676587,988.6460096775795,331.8802791071429
2026-02-10 15:00:00+00:00,992.95825,7138.15,391.337,169.405,4117.6875,913.1595,1039.0575,389.4875,1059.218538700033,6526.127051041505,316.834262801513,161.1873698900389,3491.9072472250637,876.756350336778,984.095574820976,394.4488047662973,485.4113284821428,4427.6351160466265,321.30533287202377,59.96197808035714,1769.5455587698416,543.2219096676587,988.6460096775795,331.8802791071429,485.4113284821428,4427.6351160466265,321.30533287202377,59.96197808035714,1769.5455587698416,543.2219096676587,988.6460096775795,331.8802791071429
2026-02-10 16:00:00+00:00,993.64725,7128.5425,391.337,169.588,4132.297500000001,1237.3382499999998,1036.3825,391.95849999999996,1049.173265302273,6592.475926316013,271.2619958744536,158.8695151169592,4008.427069341529,1521.9346312173902,1028.314777766512,418.0612370384556,485.4113284821428,4427.6351160466265,321.30533287202377,59.96197808035714,1769.5455587698416,543.2219096676587,988.6460096775795,331.8802791071429,485.4113284821428,4427.6351160466265,321.30533287202377,59.96197808035714,1769.5455587698416,543.2219096676587,988.6460096775795,331.8802791071429
2026-02-10 17:00:00+00:00,994.847,7110.7825,391.337,170.367,4158.24,1099.0407500000001,1047.5825,391.52975000000004,1076.6418125451053,6676.563732466485,257.381167545502,165.52692595623597,3837.767110186605,1142.3041222328168,1029.037457437683,422.0444679292005,485.4113284821428,4427.6351160466265,321.30533287202377,59.96197808035714,1769.5455587698416,543.2219096676587,988.6460096775795,331.8802791071429,485.4113284821428,4427.6351160466265,321.30533287202377,59.96197808035714,1769.5455587698416,543.2219096676587,988.6460096775795,331.8802791071429
2026-02-10 18:00:00+00:00,993.8525,7119.5125,391.337,170.1195,4132.34,528.51825,1039.22,394.01225,1058.0671175981568,6660.538237266609,288.2478305199206,173.6233066216733,3808.2419549096594,917.4792325629413,1019.4303511749712,427.05756294092373,485.4113284821428,4427.6351160466265,321.30533287202377,59.96197808035714,1769.5455587698416,543.2219096676587,988.6460096775795,331.8802791071429,485.4113284821428,4427.6351160466265,321.30533287202377,59.96197808035714,1769.5455587698416,543.2219096676587,988.6460096775795,331.8802791071429
2026-02-10 19:00:00+00:00,995.85825,7154.415,391.337,170.07275,4066.37,194.764,1037.0349999999999,384.855,1043.2981520742762,6705.843209907699,310.56966165207194,162.72607569089985,3651.741917378029,615.1210290171366,1037.2137361333246,389.2498650406013,485.4113284821428,4427.6351160466265,321.30533287202377,59.96197808035714,1769.5455587698416,543.2219096676587,988.6460096775795,331.8802791071429,485.4113284821428,4427.6351160466265,321.30533287202377,59.96197808035714,1769.5455587698416,543.2219096676587,988.6460096775795,331.8802791071429
2026-02-10 20:00:00+00:00,975.4165,7156.0575,391.337,169.98075,3955.355,206.93275,1036.2625,389.45525,1055.6826948824446,6636.473138117233,303.74409980242325,161.42714249909085,3543.299168651335,276.58143176447044,1041.0661061951807,411.98067910746494,485.4113284821428,4427.6351160466265,321.30533287202377,59.96197808035714,1769.5455587698416,543.2219096676587,988.6460096775795,331.8802791071429,485.4113284821428,4427.6351160466265,321.30533287202377,59.96197808035714,1769.5455587698416,543.2219096676587,988.6460096775795,331.8802791071429
2026-02-10 21:00:00+00:00,962.75825,7118.755,391.337,169.45625,3857.1975,185.26074999999997,1041.83,384.76099999999997,1019.8229866618663,6731.460392683476,311.8018980498211,159.44960682551525,3486.4033233670784,142.71004058536096,1047.0065445577902,407.6056976396457,485.4113284821428,4427.6351160466265,321.30533287202377,59.96197808035714,1769.5455587698416,543.2219096676587,988.6460096775795,331.8802791071429,485.4113284821428,4427.6351160466265,321.30533287202377,59.96197808035714,1769.5455587698416,543.2219096676587,988.6460096775795,331.8802791071429
2026-02-10 22:00:00+00:00,956.48025,6889.855,391.337,169.18475,3729.46,181.75775,1038.1075,378.98575,1073.3622090955007,6767.3038500148305,307.42826422357734,150.85594348293944,3265.168794177467,148.8740089898592,1055.0561283312575,391.6508518722555,485.4113284821428,4427.6351160466265,321.30533287202377,59.96197808035714,1769.5455587698416,543.2219096676587,988.6460096775795,331.8802791071429,485.4113284821428,4427.6351160466265,321.30533287202377,59.96197808035714,1769.5455587698416,543.2219096676587,988.6460096775795,331.8802791071429
2026-02-10 23:00:00+00:00,905.23075,6711.0675,389.0325,168.6005,3687.4425,142.339,1035.6875,372.891,993.7998914048737,6473.775682276122,309.135856705285,146.10940487177425,3124.394552871129,150.2383660292603,1015.4206671956173,379.49245309771413,485.4113284821428,4427.6351160466265,321.30533287202377,59.96197808035714,1769.5455587698416,543.2219096676587,988.6460096775795,331.8802791071429,485.4113284821428,4427.6351160466265,321.30533287202377,59.96197808035714,1769.5455587698416,543.2219096676587,988.6460096775795,331.8802791071429
2026-02-11 00:00:00+00:00,902.73325,6591.37,389.026,168.12425000000002,3652.1349999999998,141.003,1027.3125,378.70050000000003,930.9008645629186,6859.661119294853,317.4612533276072,139.94581485883617,2914.3637236319273,142.4359430750127,1033.6621315245122,388.8567029650317,485.4113284821428,4427.6351160466265,321.30533287202377,59.96197808035714,1769.5455587698416,543.2219096676587,988.6460096775795,331.8802791071429,485.4113284821428,4427.6351160466265,321.30533287202377,59.96197808035714,1769.5455587698416,543.2219096676587,988.6460096775795,331.8802791071429
2026-02-11 01:00:00+00:00,900.43875,6425.900000000001,389.026,167.13275,3610.8525,142.12824999999992,1036.925,385.35275,926.2442902813963,6594.857149855049,321.3740259350441,126.9193000497948,2832.112593197551,165.14473139285394,992.336632210859,374.50474332439785,485.4113284821428,4427.6351160466265,321.30533287202377,59.96197808035714,1769.5455587698416,543.2219096676587,988.6460096775795,331.8802791071429,485.4113284821428,4427.6351160466265,321.30533287202377,59.96197808035714,1769.5455587698416,543.2219096676587,988.6460096775795,331.8802791071429
2026-02-11 02:00:00+00:00,900.6055,6426.702499999999,389.026,166.93125,3621.98,141.48975000000002,1031.4725,378.755,861.142317699258,6520.040212016509,309.8130254781735,124.77031856634017,2856.479166333357,149.63103459239716,1007.8358931661132,382.23945016297563,485.4113284821428,4427.6351160466265,321.30533287202377,59.96197808035714,1769.5455587698416,543.2219096676587,988.6460096775795,331.8802791071429,485.4113284821428,4427.6351160466265,321.30533287202377,59.96197808035714,1769.5455587698416,543.2219096676587,988.6460096775795,331.8802791071429
2026-02-11 03:00:00+00:00,902.10025,6445.3125,389.026,166.5005,3678.8424999999997,141.20725,1029.0575,385.66875,847.5239618589026,6463.889651974689,318.91893098139957,136.51286801707,2925.7180965066173,208.92710708821477,1018.9265458233449,382.67580445811456,485.4113284821428,4427.6351160466265,321.30533287202377,59.96197808035714,1769.5455587698416,543.2219096676587,988.6460096775795,331.8802791071429,485.4113284821428,4427.6351160466265,321.30533287202377,59.96197808035714,1769.5455587698416,543.2219096676587,988.6460096775795,331.8802791071429
2026-02-11 04:00:00+00:00,902.94175,6455.845,389.026,166.975,3803.2975,141.72525000000002,1033.4825,384.78625,956.5527342613109,6538.900524133209,265.14853572603846,148.57313770584292,3197.546826193329,233.39668822558838,1000.279279129601,370.0550659926456,485.4113284821428,4427.6351160466265,321.30533287202377,59.96197808035714,1769.5455587698416,543.2219096676587,988.6460096775795,331.8802791071429,485.4113284821428,4427.6351160466265,321.30533287202377,59.96197808035714,1769.5455587698416,543.2219096676587,988.6460096775795,331.8802791071429
2026-02-11 05:00:00+00:00,902.69425,6656.3025,389.026,167.5725,3920.525,243.85599999999994,1051.5625,380.748,1027.5731584339717,6761.474358567446,289.9401650607302,172.1589321666903,3554.0186690736055,379.107172454599,1010.5113748082005,396.58643951069956,485.4113284821428,4427.6351160466265,321.30533287202377,59.96197808035714,1769.5455587698416,543.2219096676587,988.6460096775795,331.8802791071429,485.4113284821428,4427.6351160466265,321.30533287202377,59.96197808035714,1769.5455587698416,543.2219096676587,988.6460096775795,331.8802791071429
2026-02-11 06:00:00+00:00,902.3612500000002,6872.4375,389.026,168.08249999999998,4000.3475,654.08475,1070.9175,385.64775,1079.3894835299864,6785.83821400468,291.928226550661,161.88373223140198,3613.1159080036086,1224.2029279155508,999.8702472550684,396.55172434274425,485.4113284821428,4427.6351160466265,321.30533287202377,59.96197808035714,1769.5455587698416,543.2219096676587,988.6460096775795,331.8802791071429,485.4113284821428,4427.6351160466265,321.30533287202377,59.96197808035714,1769.5455587698416,543.2219096676587,988.6460096775795,331.8802791071429
2026-02-11 07:00:00+00:00,900.06925,6866.4975,389.026,168.165,4058.4850000000006,856.85775,1079.9225000000001,393.5055,1088.66456166584,6766.90701123042,288.0066065412512,169.40888879323546,3473.795013595467,1175.2992436021618,1005.1340130973665,398.9794641664023,485.4113284821428,4427.6351160466265,321.30533287202377,59.96197808035714,1769.5455587698416,543.2219096676587,988.6460096775795,331.8802791071429,485.4113284821428,4427.6351160466265,321.30533287202377,59.96197808035714,1769.5455587698416,543.2219096676587,988.6460096775795,331.8802791071429
2026-02-11 08:00:00+00:00,902.6945000000001,6858.889999999999,389.026,167.82524999999998,4055.185,728.0034999999999,1081.6975,392.93875,1000.2581147728254,6715.891038811607,289.3851698671027,163.2226926008384,3321.7171283064486,996.3326190287319,998.7326489039618,376.86639187916836,485.4113284821428,4427.6351160466265,321.30533287202377,59.96197808035714,1769.5455587698416,543.2219096676587,988.6460096775795,331.8802791071429,485.4113284821428,4427.6351160466265,321.30533287202377,59.96197808035714,1769.5455587698416,543.2219096676587,988.6460096775795,331.8802791071429
2026-02-11 09:00:00+00:00,907.55,6852.3625,389.026,167.324,3997.08,283.5535,1087.5325,391.75025,946.993666383504,6625.227339996872,268.6429568348974,169.01655068409866,3375.0765488229054,535.1905972553435,989.1305131996555,422.2192471156744,485.4113284821428,4427.6351160466265,321.30533287202377,59.96197808035714,1769.5455587698416,543.2219096676587,988.6460096775795,331.8802791071429,485.4113284821428,4427.6351160466265,321.30533287202377,59.96197808035714,1769.5455587698416,543.2219096676587,988.6460096775795,331.8802791071429
2026-02-11 10:00:00+00:00,908.625,6778.3875,389.026,166.99575,3900.7175,271.7035,1082.5275000000001,392.15549999999996,992.4801170298365,6525.191644804783,300.8964750668889,169.09403442416098,3272.650323502805,394.57843236782486,995.9457177884414,405.5082496951295,485.4113284821428,4427.6351160466265,321.30533287202377,59.96197808035714,1769.5455587698416,543.2219096676587,988.6460096775795,331.8802791071429,485.4113284821428,4427.6351160466265,321.30533287202377,59.96197808035714,1769.5455587698416,543.2219096676587,988.6460096775795,331.8802791071429
2026-02-11 11:00:00+00:00,910.4805,6803.610000000001,389.026,165.7365,3863.59,268.55674999999997,1064.475,400.32875,948.0550014055235,6604.126364527341,300.37960585776614,161.7661214434825,3310.2979684423235,324.25123612319794,1002.9699139125551,401.71944231437874,485.4113284821428,4427.6351160466265,321.30533287202377,59.96197808035714,1769.5455587698416,543.2219096676587,988.6460096775795,331.8802791071429,485.4113284821428,4427.6351160466265,321.30533287202377,59.96197808035714,1769.5455587698416,543.2219096676587,988.6460096775795,331.8802791071429
2026-02-11 12:00:00+00:00,907.761,6746.0175,389.026,164.95,3754.6525,278.97775,1057.1,400.29025,999.5909363734763,6545.813126328367,331.18576690428654,153.89535764665942,3333.273306567273,365.33947118141,1010.1282866906874,393.61749955715715,485.4113284821428,4427.6351160466265,321.30533287202377,59.96197808035714,1769.5455587698416,543.2219096676587,988.6460096775795,331.8802791071429,485.4113284821428,4427.6351160466265,321.30533287202377,59.96197808035714,1769.5455587698416,543.2219096676587,988.6460096775795,331.8802791071429
2026-02-11 13:00:00+00:00,907.15825,6749.2,389.026,165.112,3755.7125,309.17975,1051.9925,394.5115,952.0581218895042,6600.620616339558,341.62577039133964,147.90117764195497,3199.39350480409,494.1889771074211,1002.2164137151237,386.5020654696011,485.4113284821428,4427.6351160466265,321.30533287202377,59.96197808035714,1769.5455587698416,543.2219096676587,988.6460096775795,331.8802791071429,485.4113284821428,4427.6351160466265,321.30533287202377,59.96197808035714,1769.5455587698416,543.2219096676587,988.6460096775795,331.8802791071429
2026-02-11 14:00:00+00:00,907.68875,6823.56,389.026,165.29500000000002,3848.285,268.18425,1053.4375,387.54325,1004.6162336915229,6574.441849868183,366.9220656262406,155.50300523804773,3227.51449737807,734.2073450375387,997.2645207915743,381.08081231353634,485.4113284821428,4427.6351160466265,321.30533287202377,59.96197808035714,1769.5455587698416,543.2219096676587,988.6460096775795,331.8802791071429,485.4113284821428,4427.6351160466265,321.30533287202377,59.96197808035714,1769.5455587698416,543.2219096676587,988.6460096775795,331.8802791071429
2026-02-11 15:00:00+00:00,907.25,6798.9075,389.026,165.83275,3948.6025,288.4285,1087.0925,382.628,1030.9104120885827,6578.771731256116,307.4162742393803,163.51089287908616,3270.8641312198097,1282.370776480229,1004.8172634873662,388.1531310196709,485.4113284821428,4427.6351160466265,321.30533287202377,59.96197808035714,1769.5455587698416,543.2219096676587,988.6460096775795,331.8802791071429,485.4113284821428,4427.6351160466265,321.30533287202377,59.96197808035714,1769.5455587698416,543.2219096676587,988.6460096775795,331.8802791071429
2026-02-11 16:00:00+00:00,908.34125,6822.9575,389.026,166.34075,4022.6425,558.6275,1083.77,384.411,1053.0727536646389,6517.099728269926,258.7923488782042,164.3513944469973,3443.484860309901,1748.9315269704266,1005.8502913288537,387.58515585176315,485.4113284821428,4427.6351160466265,321.30533287202377,59.96197808035714,1769.5455587698416,543.2219096676587,988.6460096775795,331.8802791071429,485.4113284821428,4427.6351160466265,321.30533287202377,59.96197808035714,1769.5455587698416,543.2219096676587,988.6460096775795,331.8802791071429
2026-02-11 17:00:00+00:00,900.136,6821.98,389.026,166.814,4015.61,663.04325,1069.5725,387.29625,1016.159568820787,6733.556425985878,270.39177625846986,175.86533007092024,3648.584642477492,1146.6847878350586,1001.7033804309713,407.13029850405803,485.4113284821428,4427.6351160466265,321.30533287202377,59.96197808035714,1769.5455587698416,543.2219096676587,988.6460096775795,331.8802791071429,485.4113284821428,4427.6351160466265,321.30533287202377,59.96197808035714,1769.5455587698416,543.2219096676587,988.6460096775795,331.8802791071429
2026-02-11 18:00:00+00:00,891.2555,6824.465,389.026,166.974,3955.92,295.39625,1053.725,383.1575,1032.6571064364055,6736.477616222695,320.2027809782047,164.4674327241254,3523.562651978025,1040.3415633387453,983.2330277229966,402.86625404367265,485.4113284821428,4427.6351160466265,321.30533287202377,59.96197808035714,1769.5455587698416,543.2219096676587,988.6460096775795,331.8802791071429,485.4113284821428,4427.6351160466265,321.30533287202377,59.96197808035714,1769.5455587698416,543.2219096676587,988.6460096775795,331.8802791071429
2026-02-11 19:00:00+00:00,893.49425,6854.3375,389.026,167.2715,3872.6875,249.10275000000001,1022.995,374.96875,977.486256420576,6861.827805764528,302.30407924126456,157.1661461964183,3395.3773042922567,723.7974086710292,1015.3843060364869,405.92337229658904,485.4113284821428,4427.6351160466265,321.30533287202377,59.96197808035714,1769.5455587698416,543.2219096676587,988.6460096775795,331.8802791071429,485.4113284821428,4427.6351160466265,321.30533287202377,59.96197808035714,1769.5455587698416,543.2219096676587,988.6460096775795,331.8802791071429
2026-02-11 20:00:00+00:00,907.0249999999999,6837.9625,389.026,167.26,3822.315,164.53550000000007,1011.585,379.1805,1001.4199421229928,6265.186619316188,274.47439465395684,131.85750542960508,3296.7833936507195,355.7748366768109,1000.6481674443629,382.35407016776946,485.4113284821428,4427.6351160466265,321.30533287202377,59.96197808035714,1769.5455587698416,543.2219096676587,988.6460096775795,331.8802791071429,485.4113284821428,4427.6351160466265,321.30533287202377,59.96197808035714,1769.5455587698416,543.2219096676587,988.6460096775795,331.8802791071429
2026-02-11 21:00:00+00:00,907.09725,6592.84,389.026,166.63850000000002,3680.38,138.7545,1008.10375,379.58425,945.85667911427,6015.376983251081,286.7405550516166,125.57750122449205,2971.560659764268,191.5187572727035,1008.9974513230658,399.91359434441256,485.4113284821428,4427.6351160466265,321.30533287202377,59.96197808035714,1769.5455587698416,543.2219096676587,988.6460096775795,331.8802791071429,485.4113284821428,4427.6351160466265,321.30533287202377,59.96197808035714,1769.5455587698416,543.2219096676587,988.6460096775795,331.8802791071429
2026-02-11 22:00:00+00:00,902.3389999999999,6150.762500000001,389.026,166.4545,3562.8899999999994,139.00574999999998,1010.25,380.36875,1022.7204223473245,6336.099090648617,286.03623016846086,135.891348317317,2924.5406681899376,250.7318386694173,1023.5990604601444,403.18193424268213,485.4113284821428,4427.6351160466265,321.30533287202377,59.96197808035714,1769.5455587698416,543.2219096676587,988.6460096775795,331.8802791071429,485.4113284821428,4427.6351160466265,321.30533287202377,59.96197808035714,1769.5455587698416,543.2219096676587,988.6460096775795,331.8802791071429
2026-02-11 23:00:00+00:00,901.73325,6127.8425,389.79475,165.67625,3511.01,138.02774999999997,1001.80175,382.80575,832.5713359960882,5727.846029513061,240.56638714129198,126.76472061560843,2846.9115377181743,213.2569093615947,1042.2521490754725,406.86352063105943,485.4113284821428,4427.6351160466265,321.30533287202377,59.96197808035714,1769.5455587698416,543.2219096676587,988.6460096775795,331.8802791071429,485.4113284821428,4427.6351160466265,321.30533287202377,59.96197808035714,1769.5455587698416,543.2219096676587,988.6460096775795,331.8802791071429
2026-02-12 00:00:00+00:00,899.5235,6249.0725,389.797,165.3625,3495.9575,139.89075000000003,1017.81,393.9825,698.952585102569,5515.547442184794,273.4105059133964,108.30261229140214,2448.1650581998933,162.63568285209146,1021.2505756706948,357.3146556580159,485.4113284821428,4427.6351160466265,321.30533287202377,59.96197808035714,1769.5455587698416,543.2219096676587,988.6460096775795,331.8802791071429,485.4113284821428,4427.6351160466265,321.30533287202377,59.96197808035714,1769.5455587698416,543.2219096676587,988.6460096775795,331.8802791071429
2026-02-12 01:00:00+00:00,738.7055,6399.69,389.797,165.03575,3496.4674999999997,140.50900000000001,1023.0925,385.6955,583.4744910805774,5569.509844103522,333.30249271739217,112.18896497799614,2376.6317256501356,145.5546342730379,993.1765467732944,331.49587777101146,485.4113284821428,4427.6351160466265,321.30533287202377,59.96197808035714,1769.5455587698416,543.2219096676587,988.6460096775795,331.8802791071429,485.4113284821428,4427.6351160466265,321.30533287202377,59.96197808035714,1769.5455587698416,543.2219096676587,988.6460096775795,331.8802791071429
2026-02-12 02:00:00+00:00,627.2112500000001,6393.8625,389.797,164.93875,3465.0925,137.12225,994.15,384.36025,512.1401109094024,5080.850174344785,317.63897561570207,106.94917162467553,2394.0679456839125,153.78504209519986,965.605973126318,338.49236156093673,485.4113284821428,4427.6351160466265,321.30533287202377,59.96197808035714,1769.5455587698416,543.2219096676587,988.6460096775795,331.8802791071429,485.4113284821428,4427.6351160466265,321.30533287202377,59.96197808035714,1769.5455587698416,543.2219096676587,988.6460096775795,331.8802791071429
2026-02-12 03:00:00+00:00,678.64725,6393.2325,389.797,164.7985,3486.1775,136.71800000000002,990.6765,385.27750000000003,531.9308904953882,5020.813560658803,338.5334138509669,105.41978205100082,2597.1072196357163,153.5350814495833,968.1738037584682,322.61989091374187,485.4113284821428,4427.6351160466265,321.30533287202377,59.96197808035714,1769.5455587698416,543.2219096676587,988.6460096775795,331.8802791071429,485.4113284821428,4427.6351160466265,321.30533287202377,59.96197808035714,1769.5455587698416,543.2219096676587,988.6460096775795,331.8802791071429
2026-02-12 04:00:00+00:00,867.97775,6428.735000000001,389.797,165.48175,3571.9425,136.72050000000002,990.73125,388.08475,856.516819370795,5955.158787980237,281.34437632963557,107.03642787246483,2939.046564694694,223.75499587703501,972.5560676480775,321.81158854883125,485.4113284821428,4427.6351160466265,321.30533287202377,59.96197808035714,1769.5455587698416,543.2219096676587,988.6460096775795,331.8802791071429,485.4113284821428,4427.6351160466265,321.30533287202377,59.96197808035714,1769.5455587698416,543.2219096676587,988.6460096775795,331.8802791071429
2026-02-12 05:00:00+00:00,904.81125,6728.4475,389.797,165.96975,3678.2875,232.09474999999998,997.95225,381.6495,935.5813170385272,6568.592091292754,284.601812376196,115.3210931746978,3134.0435727519025,324.28044795257534,985.5291789947887,361.3742320302343,485.4113284821428,4427.6351160466265,321.30533287202377,59.96197808035714,1769.5455587698416,543.2219096676587,988.6460096775795,331.8802791071429,485.4113284821428,4427.6351160466265,321.30533287202377,59.96197808035714,1769.5455587698416,543.2219096676587,988.6460096775795,331.8802791071429
2026-02-12 06:00:00+00:00,906.31375,6811.59,389.797,166.15550000000002,3866.215,563.1145,1027.455,385.72375,1033.6436711430301,6457.412151672028,296.201731730649,137.39988204323575,3041.413760840958,1172.3307542265316,974.3058020062567,375.0006832548271,485.4113284821428,4427.6351160466265,321.30533287202377,59.96197808035714,1769.5455587698416,543.2219096676587,988.6460096775795,331.8802791071429,485.4113284821428,4427.6351160466265,321.30533287202377,59.96197808035714,1769.5455587698416,543.2219096676587,988.6460096775795,331.8802791071429
2026-02-12 07:00:00+00:00,906.686,6808.35,389.797,165.83175,3873.0475,898.273,1030.3775,394.00350000000003,1025.1351343340652,6680.878846475845,277.05410924299906,140.07228086656113,3093.6074427228177,1200.0051429085543,1015.4270635682462,413.9370873671674,485.4113284821428,4427.6351160466265,321.30533287202377,59.96197808035714,1769.5455587698416,543.2219096676587,988.6460096775795,331.8802791071429,485.4113284821428,4427.6351160466265,321.30533287202377,59.96197808035714,1769.5455587698416,543.2219096676587,988.6460096775795,331.8802791071429
2026-02-12 08:00:00+00:00,905.08325,6828.2575,389.797,163.77375,3806.66,708.4165,1021.9375,390.8315,991.2172084156566,6489.332336662841,288.6802007244928,150.8632964545914,2980.93333851423,946.0455593911739,1029.6553532463543,394.92802153182237,485.4113284821428,4427.6351160466265,321.30533287202377,59.96197808035714,1769.5455587698416,543.2219096676587,988.6460096775795,331.8802791071429,485.4113284821428,4427.6351160466265,321.30533287202377,59.96197808035714,1769.5455587698416,543.2219096676587,988.6460096775795,331.8802791071429
2026-02-12 09:00:00+00:00,906.997,6573.58,389.797,162.877,3659.415,285.04449999999997,1023.775,394.33375,891.9241117542947,6334.124240011932,295.87687135675515,155.94147340187357,3073.6932021766033,422.03883599049976,1008.767427594288,390.60953170633104,485.4113284821428,4427.6351160466265,321.30533287202377,59.96197808035714,1769.5455587698416,543.2219096676587,988.6460096775795,331.8802791071429,485.4113284821428,4427.6351160466265,321.30533287202377,59.96197808035714,1769.5455587698416,543.2219096676587,988.6460096775795,331.8802791071429
2026-02-12 10:00:00+00:00,893.03325,6450.51,389.797,162.87825,3573.41,212.19150000000008,1011.21,394.2255,919.7877300126592,6461.241151452878,311.69465991758716,159.69049370449517,3005.487721483858,287.5857875878392,972.8408118430757,381.9494368290604,485.4113284821428,4427.6351160466265,321.30533287202377,59.96197808035714,1769.5455587698416,543.2219096676587,988.6460096775795,331.8802791071429,485.4113284821428,4427.6351160466265,321.30533287202377,59.96197808035714,1769.5455587698416,543.2219096676587,988.6460096775795,331.8802791071429
2026-02-12 11:00:00+00:00,834.125,6428.925,389.797,162.36,3513.025,176.89299999999997,1005.8065,395.09625,921.1854403846413,6365.897607604878,311.1207015128011,160.48822086852874,3017.130984536954,397.15696504525454,971.6027257905095,356.8830135060687,485.4113284821428,4427.6351160466265,321.30533287202377,59.96197808035714,1769.5455587698416,543.2219096676587,988.6460096775795,331.8802791071429,485.4113284821428,4427.6351160466265,321.30533287202377,59.96197808035714,1769.5455587698416,543.2219096676587,988.6460096775795,331.8802791071429
2026-02-12 12:00:00+00:00,859.39975,6367.73,389.797,162.42700000000002,3499.145,232.64825000000002,990.20925,384.0855,903.3936852203105,6324.85231441452,299.08852879573726,151.91924267473323,3031.4303597374824,373.2891310425075,948.9552268148043,377.2334339945639,485.4113284821428,4427.6351160466265,321.30533287202377,59.96197808035714,1769.5455587698416,543.2219096676587,988.6460096775795,331.8802791071429,485.4113284821428,4427.6351160466265,321.30533287202377,59.96197808035714,1769.5455587698416,543.2219096676587,988.6460096775795,331.8802791071429
2026-02-12 13:00:00+00:00,711.747,6425.715,389.797,162.88975,3519.585,219.664,999.31075,377.43925,906.4273739210389,6302.356930319709,310.0852708580069,157.88035293436644,3084.841990279862,367.15912393340454,958.6831058235363,393.45144795810324,485.4113284821428,4427.6351160466265,321.30533287202377,59.96197808035714,1769.5455587698416,543.2219096676587,988.6460096775795,331.8802791071429,485.4113284821428,4427.6351160466265,321.30533287202377,59.96197808035714,1769.5455587698416,543.2219096676587,988.6460096775795,331.8802791071429
2026-02-12 14:00:00+00:00,657.69425,6437.8475,389.797,163.0905,3533.395,252.67525,1003.9525,361.22925,1000.0973698228522,6190.654360920271,318.4302462413365,152.4820782110602,3071.746831773117,479.5010374390937,1000.2401592413846,383.2679995328462,485.4113284821428,4427.6351160466265,321.30533287202377,59.96197808035714,1769.5455587698416,543.2219096676587,988.6460096775795,331.8802791071429,485.4113284821428,4427.6351160466265,321.30533287202377,59.96197808035714,1769.5455587698416,543.2219096676587,988.6460096775795,331.8802791071429
2026-02-12 15:00:00+00:00,871.9,6539.725,389.797,163.7745,3614.5325,286.18499999999995,1033.9724999999999,362.116,959.7613540335133,6148.494372701095,262.2122842648643,152.49455275800096,3095.0773328088308,1032.7615990933655,1015.4133235143577,389.360140174117,485.4113284821428,4427.6351160466265,321.30533287202377,59.96197808035714,1769.5455587698416,543.2219096676587,988.6460096775795,331.8802791071429,485.4113284821428,4427.6351160466265,321.30533287202377,59.96197808035714,1769.5455587698416,543.2219096676587,988.6460096775795,331.8802791071429
2026-02-12 16:00:00+00:00,901.6802500000001,6811.6275,389.797,163.70075,3738.2825,530.654,1035.6075,375.826,1078.2943432027812,6421.227457736638,257.5727166482587,156.29180902358354,3263.635144720286,1614.2817425252497,1032.2095808238482,393.3730420454838,485.4113284821428,4427.6351160466265,321.30533287202377,59.96197808035714,1769.5455587698416,543.2219096676587,988.6460096775795,331.8802791071429,485.4113284821428,4427.6351160466265,321.30533287202377,59.96197808035714,1769.5455587698416,543.2219096676587,988.6460096775795,331.8802791071429
2026-02-12 17:00:00+00:00,905.02225,6817.105,389.797,164.2835,3834.6375,687.29375,1034.77,386.92475,1029.2618788101363,6645.9566120981945,299.91105395180983,153.64602345567243,3342.0471124061496,1192.376196439027,1041.108723796774,365.5395540383052,485.4113284821428,4427.6351160466265,321.30533287202377,59.96197808035714,1769.5455587698416,543.2219096676587,988.6460096775795,331.8802791071429,485.4113284821428,4427.6351160466265,321.30533287202377,59.96197808035714,1769.5455587698416,543.2219096676587,988.6460096775795,331.8802791071429
2026-02-12 18:00:00+00:00,903.2165,6846.9525,389.797,164.30225000000002,3851.8775,369.58774999999997,1027.98,390.54825,971.9380335058108,6553.090619976953,311.1242742086503,142.66801327508432,3339.195271466184,926.8390416294169,1024.3749312306782,371.85613225643186,485.4113284821428,4427.6351160466265,321.30533287202377,59.96197808035714,1769.5455587698416,543.2219096676587,988.6460096775795,331.8802791071429,485.4113284821428,4427.6351160466265,321.30533287202377,59.96197808035714,1769.5455587698416,543.2219096676587,988.6460096775795,331.8802791071429
2026-02-12 19:00:00+00:00,906.7057500000001,6776.27,389.797,164.18200000000002,3766.1525,141.46325000000002,1025.4075,393.49775,971.3418472771834,6444.851365655577,288.02645157423495,137.94484106300447,3272.8788705283428,642.672859438867,1028.3162534502744,365.831962323891,485.4113284821428,4427.6351160466265,321.30533287202377,59.96197808035714,1769.5455587698416,543.2219096676587,988.6460096775795,331.8802791071429,485.4113284821428,4427.6351160466265,321.30533287202377,59.96197808035714,1769.5455587698416,543.2219096676587,988.6460096775795,331.8802791071429
2026-02-12 20:00:00+00:00,905.6,6502.8275,389.797,164.553,3694.3375,139.12225,1011.1425,396.38975000000005,780.8595617594483,6045.872633753807,303.2876183719218,127.96040821398414,2771.3490768461747,360.71436445215653,1000.439471170609,338.96351348511024,485.4113284821428,4427.6351160466265,321.30533287202377,59.96197808035714,1769.5455587698416,543.2219096676587,988.6460096775795,331.8802791071429,485.4113284821428,4427.6351160466265,321.30533287202377,59.96197808035714,1769.5455587698416,543.2219096676587,988.6460096775795,331.8802791071429
2026-02-12 21:00:00+00:00,904.8612499999999,6377.1575,389.797,166.999,3598.065,137.10725000000002,993.432,394.19174999999996,793.664527153928,5815.293699742158,323.09073886349825,109.20876193563933,2813.459534655622,169.86707150359308,992.4473415202042,327.2413485176004,485.4113284821428,4427.6351160466265,321.30533287202377,59.96197808035714,1769.5455587698416,543.2219096676587,988.6460096775795,331.8802791071429,485.4113284821428,4427.6351160466265,321.30533287202377,59.96197808035714,1769.5455587698416,543.2219096676587,988.6460096775795,331.8802791071429
2026-02-12 22:00:00+00:00,837.1695,6312.485,389.797,168.66225,3467.425,136.483,988.7015,392.05075,765.0836775689154,5007.757195730339,310.2483931269167,120.30118983467636,2799.22956954035,121.05403614158462,996.8300226086816,334.34488244732404,485.4113284821428,4427.6351160466265,321.30533287202377,59.96197808035714,1769.5455587698416,543.2219096676587,988.6460096775795,331.8802791071429,485.4113284821428,4427.6351160466265,321.30533287202377,59.96197808035714,1769.5455587698416,543.2219096676587,988.6460096775795,331.8802791071429
2026-02-12 23:00:00+00:00,665.6635,6317.11,387.03075,169.00900000000001,3492.52,136.60475000000002,989.7055,391.93674999999996,648.7032018672804,4811.521268206897,316.2901640267968,110.69530140483866,2430.734765435305,114.61164035661625,966.634889367664,350.2933525263082,485.4113284821428,4427.6351160466265,321.30533287202377,59.96197808035714,1769.5455587698416,543.2219096676587,988.6460096775795,331.8802791071429,485.4113284821428,4427.6351160466265,321.30533287202377,59.96197808035714,1769.5455587698416,543.2219096676587,988.6460096775795,331.8802791071429
2026-02-13 00:00:00+00:00,663.4275,6305.4425,387.023,168.98825,3457.915,136.976,992.874,389.173,546.6570161115268,4416.5197149454725,339.6724832257869,101.82216952375737,2214.0639105692617,132.26137123939878,985.5602204299868,322.5098522336209,485.4113284821428,4427.6351160466265,321.30533287202377,59.96197808035714,1769.5455587698416,543.2219096676587,988.6460096775795,331.8802791071429,485.4113284821428,4427.6351160466265,321.30533287202377,59.96197808035714,1769.5455587698416,543.2219096676587,988.6460096775795,331.8802791071429
2026-02-13 01:00:00+00:00,684.09425,6218.2125,387.023,169.2525,3426.6400000000003,138.56825000000003,1006.48,392.70074999999997,504.53270510398806,4523.449904885672,315.5759451397983,109.46910123641757,2230.5343833932207,153.96460319155676,961.6296548694614,337.11411629896605,485.4113284821428,4427.6351160466265,321.30533287202377,59.96197808035714,1769.5455587698416,543.2219096676587,988.6460096775795,331.8802791071429,485.4113284821428,4427.6351160466265,321.30533287202377,59.96197808035714,1769.5455587698416,543.2219096676587,988.6460096775795,331.8802791071429
2026-02-13 02:00:00+00:00,688.8805,6196.8150000000005,387.023,169.498,3401.16,138.45849999999996,1005.525,389.01875,501.56445636130525,4411.892386944397,312.0944667920126,114.90318704216554,2241.173754060421,151.06709308555668,967.4661271667526,352.91816637377644,485.4113284821428,4427.6351160466265,321.30533287202377,59.96197808035714,1769.5455587698416,543.2219096676587,988.6460096775795,331.8802791071429,485.4113284821428,4427.6351160466265,321.30533287202377,59.96197808035714,1769.5455587698416,543.2219096676587,988.6460096775795,331.8802791071429
2026-02-13 03:00:00+00:00,687.136,6267.2825,387.023,170.053,3480.5575,139.30925000000002,1012.8275,398.82425,500.54557951231493,4451.893300054395,308.5924125872549,125.41366393035581,2272.856592744335,153.81811226090895,967.1562978619553,359.4935514462208,485.4113284821428,4427.6351160466265,321.30533287202377,59.96197808035714,1769.5455587698416,543.2219096676587,988.6460096775795,331.8802791071429,485.4113284821428,4427.6351160466265,321.30533287202377,59.96197808035714,1769.5455587698416,543.2219096676587,988.6460096775795,331.8802791071429
2026-02-13 04:00:00+00:00,846.68025,6445.83,387.023,170.46175,3566.7675,138.19675,1003.2875,396.2015,610.5010902593208,5602.441940067378,315.296969609685,139.40359678278736,2723.4105916254284,233.42276749462246,968.4737291377943,369.90041381302586,485.4113284821428,4427.6351160466265,321.30533287202377,59.96197808035714,1769.5455587698416,543.2219096676587,988.6460096775795,331.8802791071429,485.4113284821428,4427.6351160466265,321.30533287202377,59.96197808035714,1769.5455587698416,543.2219096676587,988.6460096775795,331.8802791071429
2026-02-13 05:00:00+00:00,926.708,6715.5824999999995,387.023,170.23775,3595.8475,220.92374999999998,1002.01925,385.93825000000004,1072.0611900450263,6313.38207161364,308.88264124502564,164.29897718886085,3207.3092832149628,314.3363164796783,987.6634253719639,393.12588459400706,485.4113284821428,4427.6351160466265,321.30533287202377,59.96197808035714,1769.5455587698416,543.2219096676587,988.6460096775795,331.8802791071429,485.4113284821428,4427.6351160466265,321.30533287202377,59.96197808035714,1769.5455587698416,543.2219096676587,988.6460096775795,331.8802791071429
2026-02-13 06:00:00+00:00,940.4192499999999,6891.295,387.023,170.451,3770.7925,702.8732499999999,1010.4325,395.364,1076.959573240063,6476.467475659941,302.20622949722946,161.77728509877124,3534.3732825595016,1097.0455754786594,970.375570277948,400.8159544033633,485.4113284821428,4427.6351160466265,321.30533287202377,59.96197808035714,1769.5455587698416,543.2219096676587,988.6460096775795,331.8802791071429,485.4113284821428,4427.6351160466265,321.30533287202377,59.96197808035714,1769.5455587698416,543.2219096676587,988.6460096775795,331.8802791071429
2026-02-13 07:00:00+00:00,946.6387500000001,6916.085,387.023,170.69525,3785.1475,878.9557499999999,1028.2175,401.056,1067.3819139600512,6619.891066452133,309.2651557651362,164.99116131312613,3637.7914555223797,1214.5251941170047,1020.960677327917,389.454322298501,485.4113284821428,4427.6351160466265,321.30533287202377,59.96197808035714,1769.5455587698416,543.2219096676587,988.6460096775795,331.8802791071429,485.4113284821428,4427.6351160466265,321.30533287202377,59.96197808035714,1769.5455587698416,543.2219096676587,988.6460096775795,331.8802791071429
2026-02-13 08:00:00+00:00,954.9445000000001,6889.6475,387.023,170.52425,3805.5625,612.6975,1014.32125,416.66675,1102.3800924617333,6564.952192546103,291.069814983736,159.98291814325756,3820.103314637255,958.867970893582,1042.7350593718234,412.13310911361117,485.4113284821428,4427.6351160466265,321.30533287202377,59.96197808035714,1769.5455587698416,543.2219096676587,988.6460096775795,331.8802791071429,485.4113284821428,4427.6351160466265,321.30533287202377,59.96197808035714,1769.5455587698416,543.2219096676587,988.6460096775795,331.8802791071429
2026-02-13 09:00:00+00:00,954.31925,6779.32,387.023,171.10899999999998,3752.65,205.84699999999998,1006.2665,413.92625,1108.021246925261,6661.898614896738,306.1785097612114,161.13197946615867,3878.41052705996,421.3862733414943,1039.4892905754982,408.68808266995114,485.4113284821428,4427.6351160466265,321.30533287202377,59.96197808035714,1769.5455587698416,543.2219096676587,988.6460096775795,331.8802791071429,485.4113284821428,4427.6351160466265,321.30533287202377,59.96197808035714,1769.5455587698416,543.2219096676587,988.6460096775795,331.8802791071429
2026-02-13 10:00:00+00:00,958.83875,6503.6025,387.023,171.12075,3727.1674999999996,196.60449999999997,1008.6475,413.0415,1116.8012354398566,6634.44113155431,360.067252306061,155.06314267610384,3861.3372684889587,360.055205638123,1034.6513291107892,407.8040426601772,485.4113284821428,4427.6351160466265,321.30533287202377,59.96197808035714,1769.5455587698416,543.2219096676587,988.6460096775795,331.8802791071429,485.4113284821428,4427.6351160466265,321.30533287202377,59.96197808035714,1769.5455587698416,543.2219096676587,988.6460096775795,331.8802791071429
2026-02-13 11:00:00+00:00,961.74175,6448.9974999999995,387.023,170.83024999999998,3791.925,221.85525,1009.4,408.41925000000003,1056.8136025185215,6684.047610740633,375.71910821055536,153.0458760389547,4023.5889499347704,313.81314038110395,1035.0364180764723,403.91773249757574,485.4113284821428,4427.6351160466265,321.30533287202377,59.96197808035714,1769.5455587698416,543.2219096676587,988.6460096775795,331.8802791071429,485.4113284821428,4427.6351160466265,321.30533287202377,59.96197808035714,1769.5455587698416,543.2219096676587,988.6460096775795,331.8802791071429
2026-02-13 12:00:00+00:00,967.9192499999999,6449.75,387.023,170.784,3796.8999999999996,206.74599999999998,1006.6424999999999,423.39775,1192.5986988644192,6767.357229658839,362.38352046611874,172.90752815197698,4031.971887300333,325.79606306695564,1017.4175067263759,374.9717332626744,485.4113284821428,4427.6351160466265,321.30533287202377,59.96197808035714,1769.5455587698416,543.2219096676587,988.6460096775795,331.8802791071429,485.4113284821428,4427.6351160466265,321.30533287202377,59.96197808035714,1769.5455587698416,543.2219096676587,988.6460096775795,331.8802791071429
2026-02-13 13:00:00+00:00,961.4304999999999,6693.02,387.023,171.03275,3918.4875,258.487,1015.69,421.70525,1097.1041781775275,6800.342427900182,382.5867676409638,171.30570323720048,4285.01749970966,345.6882072641895,1012.1286961860292,389.4459438990407,485.4113284821428,4427.6351160466265,321.30533287202377,59.96197808035714,1769.5455587698416,543.2219096676587,988.6460096775795,331.8802791071429,485.4113284821428,4427.6351160466265,321.30533287202377,59.96197808035714,1769.5455587698416,543.2219096676587,988.6460096775795,331.8802791071429
2026-02-13 14:00:00+00:00,957.76125,6884.297500000001,387.023,171.038,3978.935,442.1875,1036.645,418.60925,1007.4096286877614,6818.5319648588375,391.31237092169073,163.83879120870245,4147.218983348424,432.51121790774766,1033.4250180484491,395.335530517567,485.4113284821428,4427.6351160466265,321.30533287202377,59.96197808035714,1769.5455587698416,543.2219096676587,988.6460096775795,331.8802791071429,485.4113284821428,4427.6351160466265,321.30533287202377,59.96197808035714,1769.5455587698416,543.2219096676587,988.6460096775795,331.8802791071429
2026-02-13 15:00:00+00:00,967.5695000000001,6875.5575,431.41949999999997,170.6295,4033.5225,1068.02775,1072.7175,419.42150000000004,918.1472914843263,6676.519613521988,407.6342882077138,169.69005565698131,4230.587271703649,946.7548518024877,1045.7006350797342,398.07549884923986,485.4113284821428,4427.6351160466265,321.30533287202377,59.96197808035714,1769.5455587698416,543.2219096676587,988.6460096775795,331.8802791071429,485.4113284821428,4427.6351160466265,321.30533287202377,59.96197808035714,1769.5455587698416,543.2219096676587,988.6460096775795,331.8802791071429
2026-02-13 16:00:00+00:00,965.43875,6863.3875,509.278,170.69225,4131.3425,1568.0859999999998,1069.75,408.58325,1029.0170095230324,6778.373224062108,427.9771703798729,163.317935395989,4270.639084370756,1579.4368013077456,1056.3300562809634,411.519005161006,485.4113284821428,4427.6351160466265,321.30533287202377,59.96197808035714,1769.5455587698416,543.2219096676587,988.6460096775795,331.8802791071429,485.4113284821428,4427.6351160466265,321.30533287202377,59.96197808035714,1769.5455587698416,543.2219096676587,988.6460096775795,331.8802791071429
2026-02-13 17:00:00+00:00,967.1555000000001,6880.1325,466.47175,170.81975,4139.4625,1635.5432499999997,1068.785,418.12625,955.0361066616506,7126.436983611186,425.34975358590316,173.37905094766575,4332.3174059333305,1376.0642137593145,1037.861324839202,410.451980965265,485.4113284821428,4427.6351160466265,321.30533287202377,59.96197808035714,1769.5455587698416,543.2219096676587,988.6460096775795,331.8802791071429,485.4113284821428,4427.6351160466265,321.30533287202377,59.96197808035714,1769.5455587698416,543.2219096676587,988.6460096775795,331.8802791071429
2026-02-13 18:00:00+00:00,968.5775,6875.97,390.838,171.103,4105.547500000001,1498.59075,1063.9875,415.0215,925.5936205329556,6951.404528566982,396.9036112259314,160.08047692181418,4226.859197269643,1186.0992157990554,1031.8350731350697,406.3131992965879,485.4113284821428,4427.6351160466265,321.30533287202377,59.96197808035714,1769.5455587698416,543.2219096676587,988.6460096775795,331.8802791071429,485.4113284821428,4427.6351160466265,321.30533287202377,59.96197808035714,1769.5455587698416,543.2219096676587,988.6460096775795,331.8802791071429
2026-02-13 19:00:00+00:00,971.625,6916.7775,387.023,171.22525000000002,4071.4925,971.3632500000001,1042.9499999999998,419.91925000000003,1004.71252983617,6920.206759186836,371.69919490267245,160.46984400523195,4021.3815268356584,659.1893013249306,1016.7068063854547,413.898569041868,485.4113284821428,4427.6351160466265,321.30533287202377,59.96197808035714,1769.5455587698416,543.2219096676587,988.6460096775795,331.8802791071429,485.4113284821428,4427.6351160466265,321.30533287202377,59.96197808035714,1769.5455587698416,543.2219096676587,988.6460096775795,331.8802791071429
2026-02-13 20:00:00+00:00,974.0305,6885.55,387.023,171.8835,3918.765,304.95975,1023.8025,410.02925,1062.802136498014,6795.143108312101,365.427014050981,152.42560805846534,3932.924256430585,525.6001312876855,1037.728819131284,398.61609720003344,485.4113284821428,4427.6351160466265,321.30533287202377,59.96197808035714,1769.5455587698416,543.2219096676587,988.6460096775795,331.8802791071429,485.4113284821428,4427.6351160466265,321.30533287202377,59.96197808035714,1769.5455587698416,543.2219096676587,988.6460096775795,331.8802791071429
2026-02-13 21:00:00+00:00,983.4472499999999,6856.5225,387.023,171.78425,3774.77,139.54899999999998,1014.705,409.3635,1048.2521175597221,6946.495918291833,334.2254743837801,161.4791419681285,3761.8865531285064,209.4517997596712,1047.977358862024,398.4635337251418,485.4113284821428,4427.6351160466265,321.30533287202377,59.96197808035714,1769.5455587698416,543.2219096676587,988.6460096775795,331.8802791071429,485.4113284821428,4427.6351160466265,321.30533287202377,59.96197808035714,1769.5455587698416,543.2219096676587,988.6460096775795,331.8802791071429
2026-02-13 22:00:00+00:00,986.2335,6831.9375,387.023,171.29825,3702.78,139.17200000000003,1011.5675,423.47024999999996,1079.3631561028487,6666.6648945446395,367.00174923200376,147.7213671429971,3580.9163525949543,174.5634567990054,1020.5754149223609,398.04593763359674,485.4113284821428,4427.6351160466265,321.30533287202377,59.96197808035714,1769.5455587698416,543.2219096676587,988.6460096775795,331.8802791071429,485.4113284821428,4427.6351160466265,321.30533287202377,59.96197808035714,1769.5455587698416,543.2219096676587,988.6460096775795,331.8802791071429
2026-02-13 23:00:00+00:00,985.5554999999999,6869.8724999999995,423.59025,171.153,3694.735,139.93975,1018.1575,422.8465,1085.1240535163265,6550.796213433395,349.4851045140257,148.2107889268558,3223.5911724359603,181.89645867124415,973.7996528932506,392.0408942919209,485.4113284821428,4427.6351160466265,321.30533287202377,59.96197808035714,1769.5455587698416,543.2219096676587,988.6460096775795,331.8802791071429,485.4113284821428,4427.6351160466265,321.30533287202377,59.96197808035714,1769.5455587698416,543.2219096676587,988.6460096775795,331.8802791071429
2026-02-14 00:00:00+00:00,987.3777500000001,6619.6425,423.692,171.3085,3690.815,139.44475,1013.2825,424.23525,1104.7546114552451,6230.97320171851,359.8671439196786,163.53902576288658,3236.249816131053,173.55374945715488,992.9061292088,382.3418746326239,485.4113284821428,4427.6351160466265,321.30533287202377,59.96197808035714,1769.5455587698416,543.2219096676587,988.6460096775795,331.8802791071429,485.4113284821428,4427.6351160466265,321.30533287202377,59.96197808035714,1769.5455587698416,543.2219096676587,988.6460096775795,331.8802791071429
2026-02-14 01:00:00+00:00,980.6167500000001,6458.4825,423.692,171.689,3648.37,139.79525,1016.85,416.467,1078.968228236159,5885.531759620971,312.06384205709537,161.78381170660884,3227.4027580726433,168.49308734991405,997.1803944334948,381.7575262720672,485.4113284821428,4427.6351160466265,321.30533287202377,59.96197808035714,1769.5455587698416,543.2219096676587,988.6460096775795,331.8802791071429,485.4113284821428,4427.6351160466265,321.30533287202377,59.96197808035714,1769.5455587698416,543.2219096676587,988.6460096775795,331.8802791071429
2026-02-14 02:00:00+00:00,976.364,6455.0425,423.692,171.90025,3621.86,139.73000000000002,1016.3125,423.69025,985.9447526649435,6039.961664501907,310.9537888416821,162.83580265059248,3220.9959927921905,168.49308734991405,992.8415385444895,387.789138770299,485.4113284821428,4427.6351160466265,321.30533287202377,59.96197808035714,1769.5455587698416,543.2219096676587,988.6460096775795,331.8802791071429,485.4113284821428,4427.6351160466265,321.30533287202377,59.96197808035714,1769.5455587698416,543.2219096676587,988.6460096775795,331.8802791071429
2026-02-14 03:00:00+00:00,972.9804999999999,6459.7975,423.692,172.0705,3614.29,139.16375,1011.48,420.89675,832.5624062888198,6152.451179092951,352.38123370534447,161.14565470829547,3296.545250857651,185.8939498922266,986.3688857610384,388.76948075077775,485.4113284821428,4427.6351160466265,321.30533287202377,59.96197808035714,1769.5455587698416,543.2219096676587,988.6460096775795,331.8802791071429,485.4113284821428,4427.6351160466265,321.30533287202377,59.96197808035714,1769.5455587698416,543.2219096676587,988.6460096775795,331.8802791071429
2026-02-14 04:00:00+00:00,974.0527499999998,6492.23,423.692,172.62925,3700.1949999999997,139.06725000000006,1010.635,415.92224999999996,891.3277308143138,6212.517819708078,328.29129793014414,162.8634934113301,3340.829415893737,194.79990472491318,1007.1531408554549,390.5421213293009,485.4113284821428,4427.6351160466265,321.30533287202377,59.96197808035714,1769.5455587698416,543.2219096676587,988.6460096775795,331.8802791071429,485.4113284821428,4427.6351160466265,321.30533287202377,59.96197808035714,1769.5455587698416,543.2219096676587,988.6460096775795,331.8802791071429
2026-02-14 05:00:00+00:00,973.8305,6497.1625,423.692,173.322,3741.92,137.96625,1001.262,419.16375,881.4446022501199,6245.064514067584,331.7789839432892,178.18079488307976,3577.024621581425,217.48500649574748,1011.0767226893138,392.2491036798825,485.4113284821428,4427.6351160466265,321.30533287202377,59.96197808035714,1769.5455587698416,543.2219096676587,988.6460096775795,331.8802791071429,485.4113284821428,4427.6351160466265,321.30533287202377,59.96197808035714,1769.5455587698416,543.2219096676587,988.6460096775795,331.8802791071429
2026-02-14 06:00:00+00:00,970.22475,6776.485000000001,423.692,173.42725000000002,3787.44,139.00775000000004,1010.13,418.80899999999997,947.2202663257706,6236.212848749587,355.84422437440827,172.8428185879825,3512.6782116549493,402.9483123021315,989.2128686621012,378.3901933737723,485.4113284821428,4427.6351160466265,321.30533287202377,59.96197808035714,1769.5455587698416,543.2219096676587,988.6460096775795,331.8802791071429,485.4113284821428,4427.6351160466265,321.30533287202377,59.96197808035714,1769.5455587698416,543.2219096676587,988.6460096775795,331.8802791071429
2026-02-14 07:00:00+00:00,968.9000000000001,6953.86,423.692,173.5355,3786.4875,140.42325,1022.24,418.421,885.4880154156427,6461.02430491017,361.4974963994313,181.03538345358015,3811.7628927569644,395.65378521699506,973.1712523967657,378.2899582765553,485.4113284821428,4427.6351160466265,321.30533287202377,59.96197808035714,1769.5455587698416,543.2219096676587,988.6460096775795,331.8802791071429,485.4113284821428,4427.6351160466265,321.30533287202377,59.96197808035714,1769.5455587698416,543.2219096676587,988.6460096775795,331.8802791071429
2026-02-14 08:00:00+00:00,969.3335,6949.115,423.692,173.72125,3871.6800000000003,172.06675,1014.2574999999999,419.336,1028.6520705303901,6394.107239406815,362.02686167261135,182.23864790671036,3811.360336863989,422.1753756526133,967.5916505654288,379.1631832587945,485.4113284821428,4427.6351160466265,321.30533287202377,59.96197808035714,1769.5455587698416,543.2219096676587,988.6460096775795,331.8802791071429,485.4113284821428,4427.6351160466265,321.30533287202377,59.96197808035714,1769.5455587698416,543.2219096676587,988.6460096775795,331.8802791071429
2026-02-14 09:00:00+00:00,886.91925,6926.91,423.692,173.95525,3906.7525,239.1395,1014.63,422.0595,1039.7379199947707,6432.157548055729,315.9919551708585,178.6488478919099,4048.2993815695404,410.98994429532684,996.377473689164,379.6170039613844,485.4113284821428,4427.6351160466265,321.30533287202377,59.96197808035714,1769.5455587698416,543.2219096676587,988.6460096775795,331.8802791071429,485.4113284821428,4427.6351160466265,321.30533287202377,59.96197808035714,1769.5455587698416,543.2219096676587,988.6460096775795,331.8802791071429
2026-02-14 10:00:00+00:00,851.8362500000001,6921.63,423.692,173.88275,3945.6525,249.9995,1014.8325,423.7905,1071.6687802072686,6342.308961394772,305.02613248282876,179.1193870134434,3966.316690050504,381.0774001965371,1000.8802974486894,378.5312648728009,485.4113284821428,4427.6351160466265,321.30533287202377,59.96197808035714,1769.5455587698416,543.2219096676587,988.6460096775795,331.8802791071429,485.4113284821428,4427.6351160466265,321.30533287202377,59.96197808035714,1769.5455587698416,543.2219096676587,988.6460096775795,331.8802791071429
2026-02-14 11:00:00+00:00,873.93625,6911.225,423.692,173.811,3923.695,141.07875,1024.8575,422.43725,1077.7158172185304,6326.676256063188,309.0103118868892,166.8870708764257,3999.6200883414635,342.9221884774667,1016.3401234119507,372.9473803472396,485.4113284821428,4427.6351160466265,321.30533287202377,59.96197808035714,1769.5455587698416,543.2219096676587,988.6460096775795,331.8802791071429,485.4113284821428,4427.6351160466265,321.30533287202377,59.96197808035714,1769.5455587698416,543.2219096676587,988.6460096775795,331.8802791071429
2026-02-14 12:00:00+00:00,871.2862499999999,6909.025,423.692,173.301,3861.3675000000003,139.53199999999998,1014.6575,423.486,1020.0179977295873,6493.4518980759185,298.32799127718476,171.17175023625168,3949.722718793286,365.9373856393123,1022.2236178159436,361.73267658201735,485.4113284821428,4427.6351160466265,321.30533287202377,59.96197808035714,1769.5455587698416,543.2219096676587,988.6460096775795,331.8802791071429,485.4113284821428,4427.6351160466265,321.30533287202377,59.96197808035714,1769.5455587698416,543.2219096676587,988.6460096775795,331.8802791071429
2026-02-14 13:00:00+00:00,872.7749999999999,6906.13,423.692,173.54675,3823.995,139.531,1014.595,420.54975,979.4208719840528,6436.571311746424,323.3489212654952,165.028378418003,3859.590162180588,405.415860059898,1009.9322989572534,367.6303424692287,485.4113284821428,4427.6351160466265,321.30533287202377,59.96197808035714,1769.5455587698416,543.2219096676587,988.6460096775795,331.8802791071429,485.4113284821428,4427.6351160466265,321.30533287202377,59.96197808035714,1769.5455587698416,543.2219096676587,988.6460096775795,331.8802791071429
2026-02-14 14:00:00+00:00,873.6134999999999,6915.5875,423.692,174.14125,3854.7825000000003,263.28675,1017.935,426.163,999.5176382029658,6424.951325567064,317.57681172288187,161.6690175046491,3933.6898142328914,565.7561185569041,1024.6271496683278,368.94098248849946,485.4113284821428,4427.6351160466265,321.30533287202377,59.96197808035714,1769.5455587698416,543.2219096676587,988.6460096775795,331.8802791071429,485.4113284821428,4427.6351160466265,321.30533287202377,59.96197808035714,1769.5455587698416,543.2219096676587,988.6460096775795,331.8802791071429
2026-02-14 15:00:00+00:00,873.0052499999999,6927.1525,423.692,173.59075,3890.995,791.5975,1042.63,425.29925,1072.8376081400843,6456.172197879478,296.2158986514409,167.2920166661608,3951.721414045919,997.5298580762028,1024.1796654856773,370.19583759194984,485.4113284821428,4427.6351160466265,321.30533287202377,59.96197808035714,1769.5455587698416,543.2219096676587,988.6460096775795,331.8802791071429,485.4113284821428,4427.6351160466265,321.30533287202377,59.96197808035714,1769.5455587698416,543.2219096676587,988.6460096775795,331.8802791071429
2026-02-14 16:00:00+00:00,869.97775,6937.41,423.692,173.71875,3904.33,1602.77875,1065.685,428.7815,1146.0965644331113,6561.2580972025735,309.84731998005293,163.45788589838048,3977.042047065249,1542.779782285027,1047.6440809844098,371.1473756569873,485.4113284821428,4427.6351160466265,321.30533287202377,59.96197808035714,1769.5455587698416,543.2219096676587,988.6460096775795,331.8802791071429,485.4113284821428,4427.6351160466265,321.30533287202377,59.96197808035714,1769.5455587698416,543.2219096676587,988.6460096775795,331.8802791071429
2026-02-14 17:00:00+00:00,872.233,6908.11,423.692,174.01475,3914.7925,1742.623,1068.3525,432.806,1155.155073535075,6814.283320796727,309.09321279698395,173.88095832054807,4148.877921824529,1668.2241797020201,1019.0005396510343,389.6731292529835,485.4113284821428,4427.6351160466265,321.30533287202377,59.96197808035714,1769.5455587698416,543.2219096676587,988.6460096775795,331.8802791071429,485.4113284821428,4427.6351160466265,321.30533287202377,59.96197808035714,1769.5455587698416,543.2219096676587,988.6460096775795,331.8802791071429
2026-02-14 18:00:00+00:00,873.047,6913.5575,423.692,174.30525,3916.385,1660.5555,1049.0625,430.316,1122.390195569125,7099.025760298337,324.33695960783007,177.5779671730345,4089.4744227004358,1294.5832873838172,984.2043936403493,367.4559994719955,485.4113284821428,4427.6351160466265,321.30533287202377,59.96197808035714,1769.5455587698416,543.2219096676587,988.6460096775795,331.8802791071429,485.4113284821428,4427.6351160466265,321.30533287202377,59.96197808035714,1769.5455587698416,543.2219096676587,988.6460096775795,331.8802791071429
2026-02-14 19:00:00+00:00,870.789,6922.6849999999995,423.692,174.235,3907.4825,1119.843,1036.3125,426.80525,1090.8168790320694,7161.558899610514,325.4152354691928,174.10659591225482,3926.1626719258165,731.1614961337579,1021.9149978373722,377.7571208501792,485.4113284821428,4427.6351160466265,321.30533287202377,59.96197808035714,1769.5455587698416,543.2219096676587,988.6460096775795,331.8802791071429,485.4113284821428,4427.6351160466265,321.30533287202377,59.96197808035714,1769.5455587698416,543.2219096676587,988.6460096775795,331.8802791071429
2026-02-14 20:00:00+00:00,869.12225,6929.0125,423.692,175.34775000000002,3890.98,321.17249999999996,1033.115,419.40475000000004,1147.613630689129,7175.855451520314,326.91099445301387,171.34430825414677,3876.089350457281,348.0583413661411,1024.4411869729086,400.4936782823909,485.4113284821428,4427.6351160466265,321.30533287202377,59.96197808035714,1769.5455587698416,543.2219096676587,988.6460096775795,331.8802791071429,485.4113284821428,4427.6351160466265,321.30533287202377,59.96197808035714,1769.5455587698416,543.2219096676587,988.6460096775795,331.8802791071429
2026-02-14 21:00:00+00:00,868.4165,6739.8525,423.692,175.76175,3851.045,242.94574999999998,1039.3225,420.72175000000004,1048.2640641371468,7217.899033392216,335.442700425119,174.33389429393446,3708.1784930138983,247.68465173555938,1016.6402832547067,400.36845864608426,485.4113284821428,4427.6351160466265,321.30533287202377,59.96197808035714,1769.5455587698416,543.2219096676587,988.6460096775795,331.8802791071429,485.4113284821428,4427.6351160466265,321.30533287202377,59.96197808035714,1769.5455587698416,543.2219096676587,988.6460096775795,331.8802791071429
2026-02-14 22:00:00+00:00,862.0945,6605.0825,423.692,176.40125,3843.5275,257.269,1034.7225,426.14275,1009.8355656586934,7198.507142673449,370.67596281053756,174.22489181561002,3647.20087036397,183.3950620079841,1021.8675519084303,388.7252553639516,485.4113284821428,4427.6351160466265,321.30533287202377,59.96197808035714,1769.5455587698416,543.2219096676587,988.6460096775795,331.8802791071429,485.4113284821428,4427.6351160466265,321.30533287202377,59.96197808035714,1769.5455587698416,543.2219096676587,988.6460096775795,331.8802791071429
2026-02-14 23:00:00+00:00,864.6915,6487.85,426.7645,176.5285,3845.685,142.32524999999998,1033.8075,423.242,1131.9036824962284,6922.65364212657,378.6950439224799,167.58713488338793,3541.7169922956036,162.79613182257282,1028.1288338284457,368.59602519572655,485.4113284821428,4427.6351160466265,321.30533287202377,59.96197808035714,1769.5455587698416,543.2219096676587,988.6460096775795,331.8802791071429,485.4113284821428,4427.6351160466265,321.30533287202377,59.96197808035714,1769.5455587698416,543.2219096676587,988.6460096775795,331.8802791071429
2026-02-15 00:00:00+00:00,716.0805,6474.01,426.773,176.47225,3837.1175,140.47475000000003,1022.73,425.70875,1135.4112341432383,6788.47305132568,323.4038315261106,163.98528100142607,3479.761369537133,171.11515249258275,990.6577327204308,325.0204473888927,485.4113284821428,4427.6351160466265,321.30533287202377,59.96197808035714,1769.5455587698416,543.2219096676587,988.6460096775795,331.8802791071429,485.4113284821428,4427.6351160466265,321.30533287202377,59.96197808035714,1769.5455587698416,543.2219096676587,988.6460096775795,331.8802791071429
2026-02-15 01:00:00+00:00,417.74975,6474.5125,426.773,176.60475,3843.725,140.82150000000001,1025.62,417.692,1062.3878865669033,6690.363654005357,330.40460030962987,161.17910486942185,3494.506462337433,159.91532459071806,1019.7732232902481,288.9576593819904,485.4113284821428,4427.6351160466265,321.30533287202377,59.96197808035714,1769.5455587698416,543.2219096676587,988.6460096775795,331.8802791071429,485.4113284821428,4427.6351160466265,321.30533287202377,59.96197808035714,1769.5455587698416,543.2219096676587,988.6460096775795,331.8802791071429
2026-02-15 02:00:00+00:00,419.32775000000004,6483.7325,426.773,176.32675,3854.4975,182.822,1044.5774999999999,426.13125,1040.2291655581575,6841.38385845834,327.28994949838847,155.44081720581767,3383.4250236427333,161.77111195776666,1022.6339153465544,295.0644262329973,485.4113284821428,4427.6351160466265,321.30533287202377,59.96197808035714,1769.5455587698416,543.2219096676587,988.6460096775795,331.8802791071429,485.4113284821428,4427.6351160466265,321.30533287202377,59.96197808035714,1769.5455587698416,543.2219096676587,988.6460096775795,331.8802791071429
2026-02-15 03:00:00+00:00,420.12475,6501.245,426.773,176.6025,3850.5975,233.77999999999997,1044.4724999999999,424.19175,1006.1867485514024,6657.747549213029,348.3519814579099,134.64794098492655,3295.697608450717,200.76117218854648,1013.9962594182509,328.25750332371143,485.4113284821428,4427.6351160466265,321.30533287202377,59.96197808035714,1769.5455587698416,543.2219096676587,988.6460096775795,331.8802791071429,485.4113284821428,4427.6351160466265,321.30533287202377,59.96197808035714,1769.5455587698416,543.2219096676587,988.6460096775795,331.8802791071429
2026-02-15 04:00:00+00:00,420.01925,6505.0525,426.773,177.03625,3833.2475,172.341,1038.825,419.12275,957.4170214130289,6530.843807100382,345.62390077041385,126.81997586574641,3331.574915825151,261.87750328228344,1008.5600672173109,347.4659357386141,485.4113284821428,4427.6351160466265,321.30533287202377,59.96197808035714,1769.5455587698416,543.2219096676587,988.6460096775795,331.8802791071429,485.4113284821428,4427.6351160466265,321.30533287202377,59.96197808035714,1769.5455587698416,543.2219096676587,988.6460096775795,331.8802791071429
2026-02-15 05:00:00+00:00,412.84175,6497.21,426.773,177.2285,3844.6525,171.63125000000002,1033.525,423.7555,968.4181913674495,6636.340553623598,330.9392888472761,106.03531904393581,3385.5815693341865,261.49423860863715,1032.0170741693325,395.70091169043417,485.4113284821428,4427.6351160466265,321.30533287202377,59.96197808035714,1769.5455587698416,543.2219096676587,988.6460096775795,331.8802791071429,485.4113284821428,4427.6351160466265,321.30533287202377,59.96197808035714,1769.5455587698416,543.2219096676587,988.6460096775795,331.8802791071429
2026-02-15 06:00:00+00:00,368.08325,6495.395,426.773,176.98825,3880.085,171.35699999999997,1021.485,426.01475,999.9848885884537,6777.929925277338,261.93913753938875,100.72937024439692,3402.3948043846663,457.82029948874913,1019.4778906727156,376.3036029060332,485.4113284821428,4427.6351160466265,321.30533287202377,59.96197808035714,1769.5455587698416,543.2219096676587,988.6460096775795,331.8802791071429,485.4113284821428,4427.6351160466265,321.30533287202377,59.96197808035714,1769.5455587698416,543.2219096676587,988.6460096775795,331.8802791071429
2026-02-15 07:00:00+00:00,370.17775,6497.6825,426.773,175.72424999999998,3887.8374999999996,214.49025,1026.9775,425.60699999999997,1040.9609085341394,6758.963082474207,269.4121808815179,104.52623272291036,3471.5448509881726,494.1339287574473,1024.7994591975332,344.02135194635116,485.4113284821428,4427.6351160466265,321.30533287202377,59.96197808035714,1769.5455587698416,543.2219096676587,988.6460096775795,331.8802791071429,485.4113284821428,4427.6351160466265,321.30533287202377,59.96197808035714,1769.5455587698416,543.2219096676587,988.6460096775795,331.8802791071429
2026-02-15 08:00:00+00:00,370.06375,6429.04,426.773,175.165,3718.34,182.25375000000003,1032.4075,427.93375000000003,953.8777758249457,6144.393573514746,266.33517712278115,109.6310857914915,3587.5265239643295,301.82293572302353,1041.7139066556492,364.87135594455583,485.4113284821428,4427.6351160466265,321.30533287202377,59.96197808035714,1769.5455587698416,543.2219096676587,988.6460096775795,331.8802791071429,485.4113284821428,4427.6351160466265,321.30533287202377,59.96197808035714,1769.5455587698416,543.2219096676587,988.6460096775795,331.8802791071429
2026-02-15 09:00:00+00:00,368.8055,6318.74,426.773,175.4055,3691.64,172.58749999999998,1041.35,425.21525,942.7200213515184,5861.422891615772,268.7346818619207,93.37573374786481,3459.4331017752984,181.9229550906823,1035.984976095238,353.54138285824695,485.4113284821428,4427.6351160466265,321.30533287202377,59.96197808035714,1769.5455587698416,543.2219096676587,988.6460096775795,331.8802791071429,485.4113284821428,4427.6351160466265,321.30533287202377,59.96197808035714,1769.5455587698416,543.2219096676587,988.6460096775795,331.8802791071429
2026-02-15 10:00:00+00:00,369.414,5581.635,426.773,175.49425,3702.3,142.95725,1043.96,421.34950000000003,843.5022029928664,5385.383852449335,316.33217249688033,107.9955616856067,3307.524844483826,90.88354834604371,1057.7447674198222,327.4481407128941,485.4113284821428,4427.6351160466265,321.30533287202377,59.96197808035714,1769.5455587698416,543.2219096676587,988.6460096775795,331.8802791071429,485.4113284821428,4427.6351160466265,321.30533287202377,59.96197808035714,1769.5455587698416,543.2219096676587,988.6460096775795,331.8802791071429
2026-02-15 11:00:00+00:00,367.99175,5081.1849999999995,426.773,175.141,3681.3424999999997,142.44799999999992,1039.5975,425.80899999999997,753.7374884350708,4570.355798252453,336.2908400825437,133.67188387074788,2939.695097525824,107.84791672872814,1047.228538155426,361.9151158275528,485.4113284821428,4427.6351160466265,321.30533287202377,59.96197808035714,1769.5455587698416,543.2219096676587,988.6460096775795,331.8802791071429,485.4113284821428,4427.6351160466265,321.30533287202377,59.96197808035714,1769.5455587698416,543.2219096676587,988.6460096775795,331.8802791071429
2026-02-15 12:00:00+00:00,368.839,4319.7575,426.773,163.57299999999998,3517.7300000000005,141.5435,1031.8875,419.08175,648.2883809724768,3503.7739684733415,372.55123116340917,124.27429586743928,2890.0619268476275,72.4354433138974,1055.4759419673546,357.46083611748486,485.4113284821428,4427.6351160466265,321.30533287202377,59.96197808035714,1769.5455587698416,543.2219096676587,988.6460096775795,331.8802791071429,485.4113284821428,4427.6351160466265,321.30533287202377,59.96197808035714,1769.5455587698416,543.2219096676587,988.6460096775795,331.8802791071429
2026-02-15 13:00:00+00:00,366.011,4285.2825,426.773,163.247,3450.5675,141.41825,1030.8075,414.31175,569.5030283407308,3440.444338146083,372.37606979636956,121.60068831889373,2815.355709167876,110.89399989993126,1015.9352877067058,399.3997741552725,485.4113284821428,4427.6351160466265,321.30533287202377,59.96197808035714,1769.5455587698416,543.2219096676587,988.6460096775795,331.8802791071429,485.4113284821428,4427.6351160466265,321.30533287202377,59.96197808035714,1769.5455587698416,543.2219096676587,988.6460096775795,331.8802791071429
2026-02-15 14:00:00+00:00,368.69975,5536.9325,426.773,169.70825000000002,3678.88,141.36975,1030.3825,417.12800000000004,657.7560705771588,4366.523702525535,366.9567263537176,126.75068165450861,2998.804134105605,199.49813973535237,994.5309066643928,427.4241857002231,485.4113284821428,4427.6351160466265,321.30533287202377,59.96197808035714,1769.5455587698416,543.2219096676587,988.6460096775795,331.8802791071429,485.4113284821428,4427.6351160466265,321.30533287202377,59.96197808035714,1769.5455587698416,543.2219096676587,988.6460096775795,331.8802791071429
2026-02-15 15:00:00+00:00,364.2305,6318.3775000000005,426.773,170.51075,3782.2075,268.42825,1048.0625,415.3605,727.2143118889056,5025.550600286923,288.44001766405245,154.94110366938236,3327.8635634462207,516.4265250512532,967.9253856156471,411.0498915262076,485.4113284821428,4427.6351160466265,321.30533287202377,59.96197808035714,1769.5455587698416,543.2219096676587,988.6460096775795,331.8802791071429,485.4113284821428,4427.6351160466265,321.30533287202377,59.96197808035714,1769.5455587698416,543.2219096676587,988.6460096775795,331.8802791071429
2026-02-15 16:00:00+00:00,352.19175,6322.865,426.773,170.37775,3834.9875,700.5907500000001,1041.8125,423.225,845.4227907331372,5149.746761058511,388.96969718347486,153.36835309049417,3299.806786186052,1039.2349542333582,974.5772946220627,411.9193425999456,485.4113284821428,4427.6351160466265,321.30533287202377,59.96197808035714,1769.5455587698416,543.2219096676587,988.6460096775795,331.8802791071429,485.4113284821428,4427.6351160466265,321.30533287202377,59.96197808035714,1769.5455587698416,543.2219096676587,988.6460096775795,331.8802791071429
2026-02-15 17:00:00+00:00,376.60825,6394.327499999999,426.773,170.5125,3897.515,519.95125,913.11125,428.0905,793.751277208457,5126.816928355571,362.7460815732827,145.1399551118394,3441.2321539555232,1232.5253067184672,928.3935269580477,405.2340558153735,485.4113284821428,4427.6351160466265,321.30533287202377,59.96197808035714,1769.5455587698416,543.2219096676587,988.6460096775795,331.8802791071429,485.4113284821428,4427.6351160466265,321.30533287202377,59.96197808035714,1769.5455587698416,543.2219096676587,988.6460096775795,331.8802791071429
2026-02-15 18:00:00+00:00,403.38025,6407.0425,426.773,171.23975000000002,3792.8525,247.13225,915.2325,425.4435,734.7863743846431,5069.30168747226,359.94017406846825,142.78335532240436,3317.7691233346413,644.4448008352731,937.6989407884205,408.2550279312954,485.4113284821428,4427.6351160466265,321.30533287202377,59.96197808035714,1769.5455587698416,543.2219096676587,988.6460096775795,331.8802791071429,485.4113284821428,4427.6351160466265,321.30533287202377,59.96197808035714,1769.5455587698416,543.2219096676587,988.6460096775795,331.8802791071429
2026-02-15 19:00:00+00:00,407.67775,6025.3225,426.773,172.6575,3742.3424999999997,150.56525,917.726,419.551,734.6338507468205,3510.165158195772,349.43254237667537,138.39376953952052,3177.261944245279,379.6998895816755,952.9395832324758,400.6256080091725,485.4113284821428,4427.6351160466265,321.30533287202377,59.96197808035714,1769.5455587698416,543.2219096676587,988.6460096775795,331.8802791071429,485.4113284821428,4427.6351160466265,321.30533287202377,59.96197808035714,1769.5455587698416,543.2219096676587,988.6460096775795,331.8802791071429
2026-02-15 20:00:00+00:00,408.47225000000003,5482.6849999999995,426.773,174.29375000000002,3715.5275,134.199,969.189,419.48900000000003,709.5737126271547,2696.395968261393,341.97880008487317,146.54007934783857,3231.866226160133,337.9289973813838,959.5435573202355,412.03855147230763,485.4113284821428,4427.6351160466265,321.30533287202377,59.96197808035714,1769.5455587698416,543.2219096676587,988.6460096775795,331.8802791071429,485.4113284821428,4427.6351160466265,321.30533287202377,59.96197808035714,1769.5455587698416,543.2219096676587,988.6460096775795,331.8802791071429
2026-02-15 21:00:00+00:00,408.76675,5592.6825,426.773,174.298,3766.5425,141.79424999999992,1034.0725,420.39175,666.6557105458122,3131.225013670308,282.45491895655323,151.16272930547078,3498.2587664424736,281.9556042924462,954.2445643321327,401.6825919554692,485.4113284821428,4427.6351160466265,321.30533287202377,59.96197808035714,1769.5455587698416,543.2219096676587,988.6460096775795,331.8802791071429,485.4113284821428,4427.6351160466265,321.30533287202377,59.96197808035714,1769.5455587698416,543.2219096676587,988.6460096775795,331.8802791071429
2026-02-15 22:00:00+00:00,406.73900000000003,5499.33,426.773,173.91750000000002,3719.4375,170.7665,1013.2175,416.567,658.2377207738025,3221.3093864817065,283.20266291514076,152.13619975534635,3295.0648418291667,128.24362783309175,935.750746344487,394.4099853844895,485.4113284821428,4427.6351160466265,321.30533287202377,59.96197808035714,1769.5455587698416,543.2219096676587,988.6460096775795,331.8802791071429,485.4113284821428,4427.6351160466265,321.30533287202377,59.96197808035714,1769.5455587698416,543.2219096676587,988.6460096775795,331.8802791071429
2026-02-15 23:00:00+00:00,408.1445,4911.2,428.30975,152.29975000000002,3482.495,140.62149999999997,1024.0149999999999,417.01099999999997,593.5810974922355,2936.3541684084084,382.84208093365726,151.391814630554,3358.5712478340956,85.97293089483713,922.4324524046644,402.33782346878905,485.4113284821428,4427.6351160466265,321.30533287202377,59.96197808035714,1769.5455587698416,543.2219096676587,988.6460096775795,331.8802791071429,485.4113284821428,4427.6351160466265,321.30533287202377,59.96197808035714,1769.5455587698416,543.2219096676587,988.6460096775795,331.8802791071429
2026-02-16 00:00:00+00:00,407.51099999999997,4708.43,428.314,134.603,3320.5625,141.21024999999992,1029.0149999999999,417.9335,678.6022653258592,2929.1274031299636,343.0807927591901,145.10838072125378,3504.3754900459894,101.52553264222553,940.6325976834527,399.34369447211554,485.4113284821428,4427.6351160466265,321.30533287202377,59.96197808035714,1769.5455587698416,543.2219096676587,988.6460096775795,331.8802791071429,485.4113284821428,4427.6351160466265,321.30533287202377,59.96197808035714,1769.5455587698416,543.2219096676587,988.6460096775795,331.8802791071429
2026-02-16 01:00:00+00:00,406.78049999999996,4379.264999999999,428.314,118.3385,3218.09,140.96925,1027.02,409.12025,651.7459007195132,2851.7773299041305,249.7146367723247,148.3676154874591,3491.5139007004823,105.48965562851242,946.6392055521686,408.7517326353119,485.4113284821428,4427.6351160466265,321.30533287202377,59.96197808035714,1769.5455587698416,543.2219096676587,988.6460096775795,331.8802791071429,485.4113284821428,4427.6351160466265,321.30533287202377,59.96197808035714,1769.5455587698416,543.2219096676587,988.6460096775795,331.8802791071429
2026-02-16 02:00:00+00:00,405.1775,5006.955,428.314,112.733,3198.2675,142.70074999999997,1041.7825,410.168,660.0516025594467,2836.878718397962,250.94279251692734,154.63034806725696,3626.992271056699,98.21611426529626,949.8184718204085,399.1187295291278,485.4113284821428,4427.6351160466265,321.30533287202377,59.96197808035714,1769.5455587698416,543.2219096676587,988.6460096775795,331.8802791071429,485.4113284821428,4427.6351160466265,321.30533287202377,59.96197808035714,1769.5455587698416,543.2219096676587,988.6460096775795,331.8802791071429
2026-02-16 03:00:00+00:00,405.747,5357.7725,428.314,127.41075,3351.1099999999997,144.7665,1059.43,415.478,677.5283867581882,3159.6238466361947,271.72996967404964,161.63843189060742,3668.979677507141,154.27902204922634,949.376618101982,398.9526187099966,485.4113284821428,4427.6351160466265,321.30533287202377,59.96197808035714,1769.5455587698416,543.2219096676587,988.6460096775795,331.8802791071429,485.4113284821428,4427.6351160466265,321.30533287202377,59.96197808035714,1769.5455587698416,543.2219096676587,988.6460096775795,331.8802791071429
2026-02-16 04:00:00+00:00,418.7555,5904.82,428.314,146.34425,3645.9475,142.87450000000007,1043.3,402.71475,667.125976476944,3243.3157728909564,246.74588876607712,164.52376639008241,3649.6480283112496,155.54359597532164,947.1791842383993,390.6207251388376,485.4113284821428,4427.6351160466265,321.30533287202377,59.96197808035714,1769.5455587698416,543.2219096676587,988.6460096775795,331.8802791071429,485.4113284821428,4427.6351160466265,321.30533287202377,59.96197808035714,1769.5455587698416,543.2219096676587,988.6460096775795,331.8802791071429
2026-02-16 05:00:00+00:00,603.0830000000001,6882.39,428.314,164.37975,3759.545,213.46600000000007,1034.7575,400.94,830.8475571005206,4584.766461218495,236.88803319710678,165.69658406966414,3778.1264314971977,193.773994111724,954.9942535231671,397.71972173057947,485.4113284821428,4427.6351160466265,321.30533287202377,59.96197808035714,1769.5455587698416,543.2219096676587,988.6460096775795,331.8802791071429,485.4113284821428,4427.6351160466265,321.30533287202377,59.96197808035714,1769.5455587698416,543.2219096676587,988.6460096775795,331.8802791071429
2026-02-16 06:00:00+00:00,706.1665,7056.9475,428.314,170.308,4009.945,212.46074999999996,1045.7075,392.911,995.8385057247717,5242.42428578187,252.94101350070787,172.16321309398785,3784.897410079496,1011.5528623661164,947.1010093067393,407.48959564248986,485.4113284821428,4427.6351160466265,321.30533287202377,59.96197808035714,1769.5455587698416,543.2219096676587,988.6460096775795,331.8802791071429,485.4113284821428,4427.6351160466265,321.30533287202377,59.96197808035714,1769.5455587698416,543.2219096676587,988.6460096775795,331.8802791071429
2026-02-16 07:00:00+00:00,850.09725,7048.54,428.314,170.311,3922.475,224.15300000000002,1059.185,409.147,1066.0969895550895,5429.062473633581,254.02917882140224,171.12078876357617,3861.0374887597263,1050.9453042982195,971.1960529906978,405.89902200529207,485.4113284821428,4427.6351160466265,321.30533287202377,59.96197808035714,1769.5455587698416,543.2219096676587,988.6460096775795,331.8802791071429,485.4113284821428,4427.6351160466265,321.30533287202377,59.96197808035714,1769.5455587698416,543.2219096676587,988.6460096775795,331.8802791071429
2026-02-16 08:00:00+00:00,894.89975,6977.6,428.314,160.70725,3858.255,334.4265,1065.525,411.84574999999995,1069.9633477531877,5382.720942007,254.85997013336907,163.46927030225532,3840.601606497856,825.8642619908177,956.5326674173415,404.77048225873284,485.4113284821428,4427.6351160466265,321.30533287202377,59.96197808035714,1769.5455587698416,543.2219096676587,988.6460096775795,331.8802791071429,485.4113284821428,4427.6351160466265,321.30533287202377,59.96197808035714,1769.5455587698416,543.2219096676587,988.6460096775795,331.8802791071429
2026-02-16 09:00:00+00:00,536.59725,6970.1925,428.314,166.58175,3779.1575,264.253,1066.51,413.1175,1056.756910981938,5475.046112588172,271.4919162452667,170.3631792690524,3732.999306871913,341.1157517979183,963.9736039505934,391.8589847625112,485.4113284821428,4427.6351160466265,321.30533287202377,59.96197808035714,1769.5455587698416,543.2219096676587,988.6460096775795,331.8802791071429,485.4113284821428,4427.6351160466265,321.30533287202377,59.96197808035714,1769.5455587698416,543.2219096676587,988.6460096775795,331.8802791071429
2026-02-16 10:00:00+00:00,408.689,7002.4275,428.314,158.68225,3720.8125,261.522,1055.945,423.52175,1088.3673334098053,5781.152748052582,248.92431150258545,158.95052189715653,3583.000816666202,232.50146746056402,958.8152530887015,391.0097477103012,485.4113284821428,4427.6351160466265,321.30533287202377,59.96197808035714,1769.5455587698416,543.2219096676587,988.6460096775795,331.8802791071429,485.4113284821428,4427.6351160466265,321.30533287202377,59.96197808035714,1769.5455587698416,543.2219096676587,988.6460096775795,331.8802791071429
2026-02-16 11:00:00+00:00,407.49175,7038.9175000000005,428.314,168.62475,3838.0875,169.55475,1042.8274999999999,420.18225,1059.212568733908,6233.082990421877,285.0595249086472,157.8411032120526,3685.1882009419232,337.50185135077004,955.0080263039946,401.78202687492865,485.4113284821428,4427.6351160466265,321.30533287202377,59.96197808035714,1769.5455587698416,543.2219096676587,988.6460096775795,331.8802791071429,485.4113284821428,4427.6351160466265,321.30533287202377,59.96197808035714,1769.5455587698416,543.2219096676587,988.6460096775795,331.8802791071429
2026-02-16 12:00:00+00:00,408.71125,7066.860000000001,428.314,170.88375,3852.6725,143.183,1045.9,420.25575,1113.6722800997882,5927.695891779207,349.7236929091344,169.4352681965566,3626.210171873901,264.01036714384526,979.4740029440469,414.48810819420237,485.4113284821428,4427.6351160466265,321.30533287202377,59.96197808035714,1769.5455587698416,543.2219096676587,988.6460096775795,331.8802791071429,485.4113284821428,4427.6351160466265,321.30533287202377,59.96197808035714,1769.5455587698416,543.2219096676587,988.6460096775795,331.8802791071429
2026-02-16 13:00:00+00:00,407.17775,7239.6675,428.314,171.95875,3984.04,143.86124999999998,1051.6950000000002,411.269,1115.6785380012598,6219.689634975462,357.4265357347013,167.23954351507427,3609.307442997172,274.1746355127001,980.4491776140013,399.7000320941463,485.4113284821428,4427.6351160466265,321.30533287202377,59.96197808035714,1769.5455587698416,543.2219096676587,988.6460096775795,331.8802791071429,485.4113284821428,4427.6351160466265,321.30533287202377,59.96197808035714,1769.5455587698416,543.2219096676587,988.6460096775795,331.8802791071429
2026-02-16 14:00:00+00:00,410.51099999999997,7434.21,428.314,172.8865,4143.5975,182.103,1053.83,408.86975,1188.5263948131571,6220.836751150525,374.40803391937135,163.24538139049986,3788.02234051537,521.6245475020993,970.2646581150359,390.2494393388627,485.4113284821428,4427.6351160466265,321.30533287202377,59.96197808035714,1769.5455587698416,543.2219096676587,988.6460096775795,331.8802791071429,485.4113284821428,4427.6351160466265,321.30533287202377,59.96197808035714,1769.5455587698416,543.2219096676587,988.6460096775795,331.8802791071429
2026-02-16 15:00:00+00:00,423.547,7518.969999999999,428.314,172.805,4249.61,532.88525,1072.15,411.7205,1179.063136275199,6277.9696956562075,378.5529243076996,170.62264761088613,3908.2375847808735,1096.1782093628603,957.2376103465668,403.90141519059364,485.4113284821428,4427.6351160466265,321.30533287202377,59.96197808035714,1769.5455587698416,543.2219096676587,988.6460096775795,331.8802791071429,485.4113284821428,4427.6351160466265,321.30533287202377,59.96197808035714,1769.5455587698416,543.2219096676587,988.6460096775795,331.8802791071429
2026-02-16 16:00:00+00:00,424.7305,7539.8,428.314,172.7735,4358.9349999999995,933.317,1076.6425,436.84075,1135.7553449733612,6490.257693094543,327.28156145822015,166.37218386789232,4190.375494422728,1536.1644387427154,971.9745926479429,399.6292695962723,485.4113284821428,4427.6351160466265,321.30533287202377,59.96197808035714,1769.5455587698416,543.2219096676587,988.6460096775795,331.8802791071429,485.4113284821428,4427.6351160466265,321.30533287202377,59.96197808035714,1769.5455587698416,543.2219096676587,988.6460096775795,331.8802791071429
2026-02-16 17:00:00+00:00,423.5195,7547.7125,428.314,172.45625,4391.91,1021.683,1071.54,448.54625,1135.1845906176022,6719.708997039066,365.4434603626351,166.85855170717514,4396.356936832961,1485.0193976403812,967.6684375708018,413.0689791142894,485.4113284821428,4427.6351160466265,321.30533287202377,59.96197808035714,1769.5455587698416,543.2219096676587,988.6460096775795,331.8802791071429,485.4113284821428,4427.6351160466265,321.30533287202377,59.96197808035714,1769.5455587698416,543.2219096676587,988.6460096775795,331.8802791071429
2026-02-16 18:00:00+00:00,421.6995,7575.1925,428.314,172.56674999999998,4362.9925,838.72375,1074.47,444.16775,1116.4343894958101,6871.6573685873645,376.69921404323395,169.5364993113376,4284.208544267973,1296.8941775914732,962.382657990307,415.592024407914,485.4113284821428,4427.6351160466265,321.30533287202377,59.96197808035714,1769.5455587698416,543.2219096676587,988.6460096775795,331.8802791071429,485.4113284821428,4427.6351160466265,321.30533287202377,59.96197808035714,1769.5455587698416,543.2219096676587,988.6460096775795,331.8802791071429
2026-02-16 19:00:00+00:00,421.3585,7604.385,428.314,172.71824999999998,4287.9825,731.60775,1053.15,427.46500000000003,982.37211364219,6863.852739131529,376.19861151950715,170.7416493641002,4120.114455465475,734.1498206734394,957.4067143914169,410.572144573879,485.4113284821428,4427.6351160466265,321.30533287202377,59.96197808035714,1769.5455587698416,543.2219096676587,988.6460096775795,331.8802791071429,485.4113284821428,4427.6351160466265,321.30533287202377,59.96197808035714,1769.5455587698416,543.2219096676587,988.6460096775795,331.8802791071429
2026-02-16 20:00:00+00:00,422.075,7587.1875,428.314,172.68475,4106.1325,264.38375,1063.6075,423.5945,1026.8128569301805,6522.420005857748,384.77043330800575,177.74638364259047,3887.582525514523,507.7823237968964,959.3522291021309,382.3214257363156,485.4113284821428,4427.6351160466265,321.30533287202377,59.96197808035714,1769.5455587698416,543.2219096676587,988.6460096775795,331.8802791071429,485.4113284821428,4427.6351160466265,321.30533287202377,59.96197808035714,1769.5455587698416,543.2219096676587,988.6460096775795,331.8802791071429
2026-02-16 21:00:00+00:00,547.3025,7550.2325,428.314,172.80075,4001.0125,252.43175000000002,1052.92,421.45925,1106.7301982314784,6330.583930878703,298.0078911632192,173.50086570153803,3708.0577307469443,339.3879878322314,964.9654886457836,373.78514865041075,485.4113284821428,4427.6351160466265,321.30533287202377,59.96197808035714,1769.5455587698416,543.2219096676587,988.6460096775795,331.8802791071429,485.4113284821428,4427.6351160466265,321.30533287202377,59.96197808035714,1769.5455587698416,543.2219096676587,988.6460096775795,331.8802791071429
2026-02-16 22:00:00+00:00,811.614,7489.455,428.314,172.89875,3928.1675,242.5745,1032.335,421.79525,960.2848561045248,6117.200369180174,320.1060841541487,171.13069969720078,3731.544633674041,152.5987320685726,1007.4957051133232,372.37353704918917,485.4113284821428,4427.6351160466265,321.30533287202377,59.96197808035714,1769.5455587698416,543.2219096676587,988.6460096775795,331.8802791071429,485.4113284821428,4427.6351160466265,321.30533287202377,59.96197808035714,1769.5455587698416,543.2219096676587,988.6460096775795,331.8802791071429
2026-02-16 23:00:00+00:00,920.1610000000001,7245.4974999999995,428.314,172.882,3734.6549999999997,158.94,1030.8575,421.08125,919.5908464634183,5671.80102506158,330.37920254299945,171.2459480881108,3690.549642001785,122.71800100651586,1013.977299981492,390.0944210032716,485.4113284821428,4427.6351160466265,321.30533287202377,59.96197808035714,1769.5455587698416,543.2219096676587,988.6460096775795,331.8802791071429,485.4113284821428,4427.6351160466265,321.30533287202377,59.96197808035714,1769.5455587698416,543.2219096676587,988.6460096775795,331.8802791071429
2026-02-17 00:00:00+00:00,969.886,6978.155,428.314,172.61149999999998,3625.1325,140.94650000000001,1026.725,426.85,864.6213419325871,5906.210018948225,320.15020795851046,181.05190338015638,3637.516064998133,175.91114428172295,976.8677327994504,380.0376886613098,485.4113284821428,4427.6351160466265,321.30533287202377,59.96197808035714,1769.5455587698416,543.2219096676587,988.6460096775795,331.8802791071429,485.4113284821428,4427.6351160466265,321.30533287202377,59.96197808035714,1769.5455587698416,543.2219096676587,988.6460096775795,331.8802791071429
2026-02-17 01:00:00+00:00,968.90525,6514.7075,428.314,170.88774999999998,3655.41,140.51549999999997,1023.04,432.20925,862.9635734980423,6168.28720492832,312.597780547034,184.75883330710218,3669.3419725950394,170.66196576626913,986.0549899973868,388.85234086090855,485.4113284821428,4427.6351160466265,321.30533287202377,59.96197808035714,1769.5455587698416,543.2219096676587,988.6460096775795,331.8802791071429,485.4113284821428,4427.6351160466265,321.30533287202377,59.96197808035714,1769.5455587698416,543.2219096676587,988.6460096775795,331.8802791071429
2026-02-17 02:00:00+00:00,967.93075,6446.07,428.314,171.22625,3701.2474999999995,140.33974999999998,1021.5525,429.39225,868.1734215617712,6251.830353134372,327.04796701930655,184.28112001254425,3659.496501317367,172.27045480876404,992.257084898568,381.859347864101,485.4113284821428,4427.6351160466265,321.30533287202377,59.96197808035714,1769.5455587698416,543.2219096676587,988.6460096775795,331.8802791071429,485.4113284821428,4427.6351160466265,321.30533287202377,59.96197808035714,1769.5455587698416,543.2219096676587,988.6460096775795,331.8802791071429
2026-02-17 03:00:00+00:00,962.6302499999999,7067.575000000001,428.314,171.36425,3746.11,141.469,1031.2925,423.71799999999996,917.9685007606613,6759.0973327961,304.21345710345145,180.68591632608735,3804.904511683716,193.4752780447708,1001.5594417578316,381.3970983916287,485.4113284821428,4427.6351160466265,321.30533287202377,59.96197808035714,1769.5455587698416,543.2219096676587,988.6460096775795,331.8802791071429,485.4113284821428,4427.6351160466265,321.30533287202377,59.96197808035714,1769.5455587698416,543.2219096676587,988.6460096775795,331.8802791071429
2026-02-17 04:00:00+00:00,961.0330000000001,7150.9075,428.314,172.458,3871.9049999999997,141.0095,1027.315,426.631,1169.2956609699893,6844.574412240035,297.2054708920992,180.03693983821904,3822.0325570997024,171.76465584808477,1032.1939653833258,378.13981855298243,485.4113284821428,4427.6351160466265,321.30533287202377,59.96197808035714,1769.5455587698416,543.2219096676587,988.6460096775795,331.8802791071429,485.4113284821428,4427.6351160466265,321.30533287202377,59.96197808035714,1769.5455587698416,543.2219096676587,988.6460096775795,331.8802791071429
2026-02-17 05:00:00+00:00,967.4805,7438.1425,428.314,172.8185,4036.2999999999997,321.26025,1038.4475,420.231,1117.471176133343,6888.383517118838,322.2773418822659,179.09422309366437,3993.4299321904628,314.4200909515579,1025.871259773387,396.1558046236805,485.4113284821428,4427.6351160466265,321.30533287202377,59.96197808035714,1769.5455587698416,543.2219096676587,988.6460096775795,331.8802791071429,485.4113284821428,4427.6351160466265,321.30533287202377,59.96197808035714,1769.5455587698416,543.2219096676587,988.6460096775795,331.8802791071429
2026-02-17 06:00:00+00:00,968.7719999999999,7624.9349999999995,428.314,172.67849999999999,4087.9900000000002,894.6697499999999,1035.1925,424.7665,1095.6437833246302,6764.683196031276,316.73414185036387,169.92359616636801,4281.753936386817,1244.8883874725343,1016.080297058608,390.26472296764905,485.4113284821428,4427.6351160466265,321.30533287202377,59.96197808035714,1769.5455587698416,543.2219096676587,988.6460096775795,331.8802791071429,485.4113284821428,4427.6351160466265,321.30533287202377,59.96197808035714,1769.5455587698416,543.2219096676587,988.6460096775795,331.8802791071429
2026-02-17 07:00:00+00:00,965.2945,7628.8175,428.314,172.69175,4100.7775,1060.86475,1041.24,425.88425,1094.571984332468,6819.273308789419,346.2960310397524,172.23088199794216,4333.0977184395515,1384.2204836790493,1013.218957111049,398.59567743547075,485.4113284821428,4427.6351160466265,321.30533287202377,59.96197808035714,1769.5455587698416,543.2219096676587,988.6460096775795,331.8802791071429,485.4113284821428,4427.6351160466265,321.30533287202377,59.96197808035714,1769.5455587698416,543.2219096676587,988.6460096775795,331.8802791071429
2026-02-17 08:00:00+00:00,960.05575,7610.265,428.314,174.26875,4119.8175,951.9134999999999,1045.815,435.736,1130.817637530196,6790.480708231753,324.82747867759326,168.64539035338493,4346.043466260108,1142.2743094978107,1008.4804292960931,389.75343438227765,485.4113284821428,4427.6351160466265,321.30533287202377,59.96197808035714,1769.5455587698416,543.2219096676587,988.6460096775795,331.8802791071429,485.4113284821428,4427.6351160466265,321.30533287202377,59.96197808035714,1769.5455587698416,543.2219096676587,988.6460096775795,331.8802791071429
2026-02-17 09:00:00+00:00,966.7942499999999,7596.72,428.314,175.93275,4102.2475,654.4102499999999,1038.2675,434.1935,1160.2474454834062,6848.267627965479,342.83829405021606,174.06831178858548,4256.4580111074465,580.6791493129846,1016.9662995526126,402.61836087548636,485.4113284821428,4427.6351160466265,321.30533287202377,59.96197808035714,1769.5455587698416,543.2219096676587,988.6460096775795,331.8802791071429,485.4113284821428,4427.6351160466265,321.30533287202377,59.96197808035714,1769.5455587698416,543.2219096676587,988.6460096775795,331.8802791071429
2026-02-17 10:00:00+00:00,964.347,7580.5075,428.314,174.418,4064.3925,479.0105,1037.165,434.76175,1147.927366538601,6657.00977963624,339.7962077779507,177.44775894901417,4100.593186940856,355.66010319352597,983.4162527435656,402.28016158327523,485.4113284821428,4427.6351160466265,321.30533287202377,59.96197808035714,1769.5455587698416,543.2219096676587,988.6460096775795,331.8802791071429,485.4113284821428,4427.6351160466265,321.30533287202377,59.96197808035714,1769.5455587698416,543.2219096676587,988.6460096775795,331.8802791071429
2026-02-17 11:00:00+00:00,959.5722499999999,7607.8375,428.314,174.345,3998.525,230.221,1033.6025,441.209,1134.5377602745402,6977.076976703969,277.188892359428,183.89780572298469,3988.84207411533,257.2288184195245,989.5949349511126,409.0170575769506,485.4113284821428,4427.6351160466265,321.30533287202377,59.96197808035714,1769.5455587698416,543.2219096676587,988.6460096775795,331.8802791071429,485.4113284821428,4427.6351160466265,321.30533287202377,59.96197808035714,1769.5455587698416,543.2219096676587,988.6460096775795,331.8802791071429
2026-02-17 12:00:00+00:00,960.5805,7585.84,428.314,174.304,3999.7799999999997,232.20675,1040.6575,421.301,1095.26561687481,6669.5843744087015,320.29429175092315,182.19440844294905,3641.668201730304,219.57066655917453,967.5105233691463,398.85901197694926,485.4113284821428,4427.6351160466265,321.30533287202377,59.96197808035714,1769.5455587698416,543.2219096676587,988.6460096775795,331.8802791071429,485.4113284821428,4427.6351160466265,321.30533287202377,59.96197808035714,1769.5455587698416,543.2219096676587,988.6460096775795,331.8802791071429
2026-02-17 13:00:00+00:00,959.489,7516.8875,428.314,173.69425,3949.8475,242.72100000000006,1027.3575,432.0145,978.3925500257587,6585.814877732106,315.4185549158063,180.76531946835692,3609.5914455863335,211.97319165019758,988.4846047484873,389.7169918785852,485.4113284821428,4427.6351160466265,321.30533287202377,59.96197808035714,1769.5455587698416,543.2219096676587,988.6460096775795,331.8802791071429,485.4113284821428,4427.6351160466265,321.30533287202377,59.96197808035714,1769.5455587698416,543.2219096676587,988.6460096775795,331.8802791071429
2026-02-17 14:00:00+00:00,960.5472500000001,7508.5525,428.314,174.39725,3974.585,208.077,1005.4325,430.41825,992.3697633608087,6554.501343233429,311.0225163687546,173.602228634688,3550.9438370413063,383.7425017459867,1016.743274289699,391.6010939581824,485.4113284821428,4427.6351160466265,321.30533287202377,59.96197808035714,1769.5455587698416,543.2219096676587,988.6460096775795,331.8802791071429,485.4113284821428,4427.6351160466265,321.30533287202377,59.96197808035714,1769.5455587698416,543.2219096676587,988.6460096775795,331.8802791071429
2026-02-17 15:00:00+00:00,960.1972499999999,7447.3275,428.314,175.21300000000002,4051.8275,402.03425,1011.1675,434.848,1050.8849250437054,6711.813558959422,304.44841085978334,175.61780877989693,3605.167821363769,775.9335435712231,1006.7918340157377,393.9674103020262,485.4113284821428,4427.6351160466265,321.30533287202377,59.96197808035714,1769.5455587698416,543.2219096676587,988.6460096775795,331.8802791071429,485.4113284821428,4427.6351160466265,321.30533287202377,59.96197808035714,1769.5455587698416,543.2219096676587,988.6460096775795,331.8802791071429
2026-02-17 16:00:00+00:00,961.19175,7514.7,428.314,176.14925,4153.1875,1079.61225,1015.3525,449.02375,1075.446258958895,6518.541297895873,328.16291951113874,178.9838325339175,4070.772915818163,1623.7523043546703,1001.9184198308952,390.5329307546381,485.4113284821428,4427.6351160466265,321.30533287202377,59.96197808035714,1769.5455587698416,543.2219096676587,988.6460096775795,331.8802791071429,485.4113284821428,4427.6351160466265,321.30533287202377,59.96197808035714,1769.5455587698416,543.2219096676587,988.6460096775795,331.8802791071429
2026-02-17 17:00:00+00:00,959.8667500000001,7535.5675,428.314,176.35425,4206.3,1265.8242500000001,1011.0625,447.454,1096.2846473833597,6705.943882553109,265.34062283483183,166.71696130995758,4253.366259218331,1608.5157049294344,1002.7267392584769,390.28191986377095,485.4113284821428,4427.6351160466265,321.30533287202377,59.96197808035714,1769.5455587698416,543.2219096676587,988.6460096775795,331.8802791071429,485.4113284821428,4427.6351160466265,321.30533287202377,59.96197808035714,1769.5455587698416,543.2219096676587,988.6460096775795,331.8802791071429
2026-02-17 18:00:00+00:00,960.236,7601.215,428.314,176.03525000000002,4189.0675,1021.8422499999999,1012.1875,443.058,1087.5572634771304,7042.7860371657125,283.2942664228976,179.79746374856617,4327.265773581978,1169.6531105767135,1037.0693822127635,398.1730209413725,485.4113284821428,4427.6351160466265,321.30533287202377,59.96197808035714,1769.5455587698416,543.2219096676587,988.6460096775795,331.8802791071429,485.4113284821428,4427.6351160466265,321.30533287202377,59.96197808035714,1769.5455587698416,543.2219096676587,988.6460096775795,331.8802791071429
2026-02-17 19:00:00+00:00,961.48875,7577.7275,428.314,176.02175,4143.46,541.99775,1011.545,440.5765,1095.4889071591606,7140.395813347637,239.20860395951314,170.9651669022462,3920.95091827991,662.056365469788,1031.348261291901,395.8961009544883,485.4113284821428,4427.6351160466265,321.30533287202377,59.96197808035714,1769.5455587698416,543.2219096676587,988.6460096775795,331.8802791071429,485.4113284821428,4427.6351160466265,321.30533287202377,59.96197808035714,1769.5455587698416,543.2219096676587,988.6460096775795,331.8802791071429
2026-02-17 20:00:00+00:00,961.71625,7518.9725,428.314,176.0155,3926.71,194.36,1007.1675,435.8145,1054.9419161052756,6877.160991858609,164.26567353628235,168.85851099187943,3760.8561723825096,323.7235998022369,1031.0565280611966,374.60457605599555,485.4113284821428,4427.6351160466265,321.30533287202377,59.96197808035714,1769.5455587698416,543.2219096676587,988.6460096775795,331.8802791071429,485.4113284821428,4427.6351160466265,321.30533287202377,59.96197808035714,1769.5455587698416,543.2219096676587,988.6460096775795,331.8802791071429
2026-02-17 21:00:00+00:00,959.5165,7372.535,428.314,175.6415,3823.31,244.09949999999998,1000.44175,435.11075,1087.0314027719296,6521.67581314145,187.757121715232,173.29042281809043,3508.030823963032,236.57769601165597,1033.4482866482267,363.23238667983446,485.4113284821428,4427.6351160466265,321.30533287202377,59.96197808035714,1769.5455587698416,543.2219096676587,988.6460096775795,331.8802791071429,485.4113284821428,4427.6351160466265,321.30533287202377,59.96197808035714,1769.5455587698416,543.2219096676587,988.6460096775795,331.8802791071429
2026-02-17 22:00:00+00:00,959.58075,7345.76,428.314,175.0635,3730.2825000000003,267.8795,1007.8275,437.933,982.263968735054,6374.895265599992,238.22169642903458,173.8857867264154,3522.14332751244,222.39612968452315,1022.4715281129019,377.10476966710183,485.4113284821428,4427.6351160466265,321.30533287202377,59.96197808035714,1769.5455587698416,543.2219096676587,988.6460096775795,331.8802791071429,485.4113284821428,4427.6351160466265,321.30533287202377,59.96197808035714,1769.5455587698416,543.2219096676587,988.6460096775795,331.8802791071429
2026-02-17 23:00:00+00:00,966.6495,7329.3675,428.314,174.4765,3839.1225,138.59974999999991,1001.981,434.84325,1007.4576922501749,6276.486506686239,254.77639131122578,174.04682084331642,3499.274239658509,178.65172515820467,1022.028577832662,390.37209697118436,485.4113284821428,4427.6351160466265,321.30533287202377,59.96197808035714,1769.5455587698416,543.2219096676587,988.6460096775795,331.8802791071429,485.4113284821428,4427.6351160466265,321.30533287202377,59.96197808035714,1769.5455587698416,543.2219096676587,988.6460096775795,331.8802791071429
2026-02-18 00:00:00+00:00,1033.2325,7330.0675,428.314,174.06075,3844.9725,133.38699999999994,962.20375,437.75075000000004,1014.4047718186739,6113.137376059277,297.16691988379335,175.2004395409228,3448.2063615387615,171.8765269856185,1022.4871759392076,399.4719692504507,485.4113284821428,4427.6351160466265,321.30533287202377,59.96197808035714,1769.5455587698416,543.2219096676587,988.6460096775795,331.8802791071429,485.4113284821428,4427.6351160466265,321.30533287202377,59.96197808035714,1769.5455587698416,543.2219096676587,988.6460096775795,331.8802791071429
2026-02-18 01:00:00+00:00,1036.585,6690.0725,428.314,173.8895,3836.7925,134.2815,969.86075,438.895,1096.4922719775734,6408.450806527416,312.68726517286586,173.67760446018542,3624.6223409593813,153.02378439203824,1017.5217586601868,393.8663548277174,485.4113284821428,4427.6351160466265,321.30533287202377,59.96197808035714,1769.5455587698416,543.2219096676587,988.6460096775795,331.8802791071429,485.4113284821428,4427.6351160466265,321.30533287202377,59.96197808035714,1769.5455587698416,543.2219096676587,988.6460096775795,331.8802791071429
2026-02-18 02:00:00+00:00,1037.02,6497.1825,428.314,173.743,3841.0875,134.46475000000004,971.3675000000001,430.80325,1056.044994804072,6797.373541906056,292.05850585667315,177.1762820419935,3498.361300169359,141.29437000088814,984.6218487456343,402.11992169352135,485.4113284821428,4427.6351160466265,321.30533287202377,59.96197808035714,1769.5455587698416,543.2219096676587,988.6460096775795,331.8802791071429,485.4113284821428,4427.6351160466265,321.30533287202377,59.96197808035714,1769.5455587698416,543.2219096676587,988.6460096775795,331.8802791071429
2026-02-18 03:00:00+00:00,1030.9,7150.8525,428.314,174.4795,3922.0874999999996,135.02774999999997,976.1275,431.714,1059.7147248412277,6869.267700814695,298.66325689954664,182.3109728011044,3769.751194303911,196.34693905910376,990.1349756733154,395.6788444939882,485.4113284821428,4427.6351160466265,321.30533287202377,59.96197808035714,1769.5455587698416,543.2219096676587,988.6460096775795,331.8802791071429,485.4113284821428,4427.6351160466265,321.30533287202377,59.96197808035714,1769.5455587698416,543.2219096676587,988.6460096775795,331.8802791071429
2026-02-18 04:00:00+00:00,1029.4850000000001,7367.719999999999,428.314,174.29375,4100.9625,136.35825000000006,987.4955,425.25125,1060.8033626516753,6985.413262620499,283.9615821096323,179.8930583164151,4029.60727436628,233.76578978569694,1009.6830142979159,398.7666640998572,485.4113284821428,4427.6351160466265,321.30533287202377,59.96197808035714,1769.5455587698416,543.2219096676587,988.6460096775795,331.8802791071429,485.4113284821428,4427.6351160466265,321.30533287202377,59.96197808035714,1769.5455587698416,543.2219096676587,988.6460096775795,331.8802791071429
2026-02-18 05:00:00+00:00,1028.0775,7473.5425,428.314,175.7105,4326.1275,957.0257499999999,995.2255,432.94500000000005,1092.0867045629625,7195.218213009617,334.8223021718801,176.83318656752965,4222.571484008873,457.9612752670269,1024.7933601206769,404.33332120325844,485.4113284821428,4427.6351160466265,321.30533287202377,59.96197808035714,1769.5455587698416,543.2219096676587,988.6460096775795,331.8802791071429,485.4113284821428,4427.6351160466265,321.30533287202377,59.96197808035714,1769.5455587698416,543.2219096676587,988.6460096775795,331.8802791071429
2026-02-18 06:00:00+00:00,1033.325,7450.3575,428.314,176.31525,4369.055,1776.208,1013.9325,437.1845,1105.0794457199477,6795.555910979032,426.7577807689364,167.3499932137803,4270.211380928135,1618.947398019493,1059.2291333232497,405.93671457773905,485.4113284821428,4427.6351160466265,321.30533287202377,59.96197808035714,1769.5455587698416,543.2219096676587,988.6460096775795,331.8802791071429,485.4113284821428,4427.6351160466265,321.30533287202377,59.96197808035714,1769.5455587698416,543.2219096676587,988.6460096775795,331.8802791071429
2026-02-18 07:00:00+00:00,1046.67,7513.827499999999,428.314,175.69075,4359.855,1760.0127499999999,1051.69,434.155,1091.6922987008443,7176.882232119144,440.0991748088133,174.67995918822692,4436.605019025847,1694.5214715581728,1057.4855806154662,413.49325354116445,485.4113284821428,4427.6351160466265,321.30533287202377,59.96197808035714,1769.5455587698416,543.2219096676587,988.6460096775795,331.8802791071429,485.4113284821428,4427.6351160466265,321.30533287202377,59.96197808035714,1769.5455587698416,543.2219096676587,988.6460096775795,331.8802791071429
2026-02-18 08:00:00+00:00,1046.4475,7434.0125,428.314,174.89974999999998,4215.3425,1497.0455,1042.8925,425.313,1124.7424731768742,7205.727898357722,448.3782901514978,173.23450424039038,4349.091755521014,1159.7738499174257,1041.209274736424,388.52188788472995,485.4113284821428,4427.6351160466265,321.30533287202377,59.96197808035714,1769.5455587698416,543.2219096676587,988.6460096775795,331.8802791071429,485.4113284821428,4427.6351160466265,321.30533287202377,59.96197808035714,1769.5455587698416,543.2219096676587,988.6460096775795,331.8802791071429
2026-02-18 09:00:00+00:00,1055.545,7557.3625,428.314,175.4095,4272.3150000000005,597.9135,1035.925,420.9125,1127.9467104251012,7244.247797962651,428.02131164043124,171.63329657108315,4255.361411439121,556.8637426462268,1025.7582759760244,407.59006024576695,485.4113284821428,4427.6351160466265,321.30533287202377,59.96197808035714,1769.5455587698416,543.2219096676587,988.6460096775795,331.8802791071429,485.4113284821428,4427.6351160466265,321.30533287202377,59.96197808035714,1769.5455587698416,543.2219096676587,988.6460096775795,331.8802791071429
2026-02-18 10:00:00+00:00,1053.5325,7483.7625,428.314,175.23,4206.3275,164.9495,1018.12,445.87775,1086.3776894153827,7236.787159025309,406.3197068571704,171.65996952738408,4241.278943880917,434.71140431120887,1034.754276080657,418.64033656334004,485.4113284821428,4427.6351160466265,321.30533287202377,59.96197808035714,1769.5455587698416,543.2219096676587,988.6460096775795,331.8802791071429,485.4113284821428,4427.6351160466265,321.30533287202377,59.96197808035714,1769.5455587698416,543.2219096676587,988.6460096775795,331.8802791071429
2026-02-18 11:00:00+00:00,1043.9125,7320.2525000000005,428.314,175.08275,4179.755,188.276,1006.0475,433.747,1172.4932075969157,7058.655464674463,383.5702255410933,173.34187072543824,4169.58039381663,318.85667631249146,1026.7038219816827,416.17623980125467,485.4113284821428,4427.6351160466265,321.30533287202377,59.96197808035714,1769.5455587698416,543.2219096676587,988.6460096775795,331.8802791071429,485.4113284821428,4427.6351160466265,321.30533287202377,59.96197808035714,1769.5455587698416,543.2219096676587,988.6460096775795,331.8802791071429
2026-02-18 12:00:00+00:00,1036.425,7266.6900000000005,428.314,175.05125,4145.42,178.62775,1001.65425,432.65975000000003,1189.807135147196,6993.997277127635,357.1878526951684,169.89902248753936,4153.4596805321835,348.8864771769967,1026.807987201185,403.0887903639434,485.4113284821428,4427.6351160466265,321.30533287202377,59.96197808035714,1769.5455587698416,543.2219096676587,988.6460096775795,331.8802791071429,485.4113284821428,4427.6351160466265,321.30533287202377,59.96197808035714,1769.5455587698416,543.2219096676587,988.6460096775795,331.8802791071429
2026-02-18 13:00:00+00:00,1039.11,7366.8325,428.314,174.9665,4149.1125,215.87175000000008,1004.58475,426.6175,1185.0257141245254,6770.8954193579,365.2935202056609,172.4503426171757,3945.213603060733,337.5052968085139,1004.6770883653227,380.07237441810685,485.4113284821428,4427.6351160466265,321.30533287202377,59.96197808035714,1769.5455587698416,543.2219096676587,988.6460096775795,331.8802791071429,485.4113284821428,4427.6351160466265,321.30533287202377,59.96197808035714,1769.5455587698416,543.2219096676587,988.6460096775795,331.8802791071429
2026-02-18 14:00:00+00:00,1046.01,7608.53,428.314,174.99575,4220.360000000001,281.3485,1002.3985,425.54675,1157.865571389079,6800.071145379676,372.5111322578842,170.62147498520844,4093.3142886682026,538.8704516200252,1023.3316527589246,366.80956519941526,485.4113284821428,4427.6351160466265,321.30533287202377,59.96197808035714,1769.5455587698416,543.2219096676587,988.6460096775795,331.8802791071429,485.4113284821428,4427.6351160466265,321.30533287202377,59.96197808035714,1769.5455587698416,543.2219096676587,988.6460096775795,331.8802791071429
2026-02-18 15:00:00+00:00,1030.34,7552.865,428.314,175.02499999999998,4312.0,856.8054999999999,1015.205,438.22425,1119.2476803710272,6843.580413131868,411.9180235541196,172.45010769026732,4452.519505640384,1106.865155002027,1012.2621872393181,413.0695013360633,485.4113284821428,4427.6351160466265,321.30533287202377,59.96197808035714,1769.5455587698416,543.2219096676587,988.6460096775795,331.8802791071429,485.4113284821428,4427.6351160466265,321.30533287202377,59.96197808035714,1769.5455587698416,543.2219096676587,988.6460096775795,331.8802791071429
2026-02-18 16:00:00+00:00,1036.4975,7553.8525,442.481,174.88400000000001,4396.345,1147.5977500000001,1015.505,448.106,1207.128535082827,6986.779320705594,382.9279988914147,166.429780984481,4458.552641226344,1583.3640081666772,1029.0099742967732,419.61913092764996,485.4113284821428,4427.6351160466265,321.30533287202377,59.96197808035714,1769.5455587698416,543.2219096676587,988.6460096775795,331.8802791071429,485.4113284821428,4427.6351160466265,321.30533287202377,59.96197808035714,1769.5455587698416,543.2219096676587,988.6460096775795,331.8802791071429
2026-02-18 17:00:00+00:00,1042.0425,7538.7425,504.1825,174.99375,4420.3775000000005,1085.4837499999999,1022.77,449.936,1178.4205236058767,7159.533087590936,383.08254015924035,177.86004769742533,4533.000990974199,1519.4856206577813,1056.832092609396,429.3617622331877,485.4113284821428,4427.6351160466265,321.30533287202377,59.96197808035714,1769.5455587698416,543.2219096676587,988.6460096775795,331.8802791071429,485.4113284821428,4427.6351160466265,321.30533287202377,59.96197808035714,1769.5455587698416,543.2219096676587,988.6460096775795,331.8802791071429
2026-02-18 18:00:00+00:00,1046.25,7526.63,544.0564999999999,175.09175,4395.28,562.56675,1019.075,448.559,1193.7880637285411,7148.311659969195,388.9327716743429,180.82298591256637,4353.449826328713,810.7671024696888,1037.889440070904,415.20821374105157,485.4113284821428,4427.6351160466265,321.30533287202377,59.96197808035714,1769.5455587698416,543.2219096676587,988.6460096775795,331.8802791071429,485.4113284821428,4427.6351160466265,321.30533287202377,59.96197808035714,1769.5455587698416,543.2219096676587,988.6460096775795,331.8802791071429
2026-02-18 19:00:00+00:00,1049.9825,7422.8975,520.31825,175.2455,4286.84,308.3205,1017.6275,442.12575,1144.191127113149,7094.535674507697,418.63111958576883,179.71779692378237,4007.7326037880102,639.3208408181492,1051.8251451720441,394.803718671344,485.4113284821428,4427.6351160466265,321.30533287202377,59.96197808035714,1769.5455587698416,543.2219096676587,988.6460096775795,331.8802791071429,485.4113284821428,4427.6351160466265,321.30533287202377,59.96197808035714,1769.5455587698416,543.2219096676587,988.6460096775795,331.8802791071429
2026-02-18 20:00:00+00:00,1047.1475,7153.8225,435.492,175.91325,4101.4800000000005,263.7755,1011.3175,435.60375,1022.7662446924876,6897.217433113313,412.7053179544449,177.86034538964162,3984.664431068704,468.5798038278424,1045.2331494962148,402.44614355925916,485.4113284821428,4427.6351160466265,321.30533287202377,59.96197808035714,1769.5455587698416,543.2219096676587,988.6460096775795,331.8802791071429,485.4113284821428,4427.6351160466265,321.30533287202377,59.96197808035714,1769.5455587698416,543.2219096676587,988.6460096775795,331.8802791071429
2026-02-18 21:00:00+00:00,1049.4025000000001,7016.93,428.314,176.04375,3966.1125,249.02249999999998,1011.2275,427.03975,971.2096069814086,6407.258656445334,389.49190656339135,172.74290168674105,3845.2163405703136,270.5091820124043,1050.130826183632,404.536825344612,485.4113284821428,4427.6351160466265,321.30533287202377,59.96197808035714,1769.5455587698416,543.2219096676587,988.6460096775795,331.8802791071429,485.4113284821428,4427.6351160466265,321.30533287202377,59.96197808035714,1769.5455587698416,543.2219096676587,988.6460096775795,331.8802791071429
2026-02-18 22:00:00+00:00,963.24325,7015.21,428.314,175.187,3895.5474999999997,191.16500000000002,1004.805,430.99424999999997,966.2221264457928,5904.1046195744575,379.767330180268,177.13773874032572,3679.9512898899316,202.37971595143574,1038.3407632774197,398.00959434161047,485.4113284821428,4427.6351160466265,321.30533287202377,59.96197808035714,1769.5455587698416,543.2219096676587,988.6460096775795,331.8802791071429,485.4113284821428,4427.6351160466265,321.30533287202377,59.96197808035714,1769.5455587698416,543.2219096676587,988.6460096775795,331.8802791071429
2026-02-18 23:00:00+00:00,803.7887499999999,6950.6425,445.98275,174.33025,3709.4575,196.0,1026.0475000000001,415.397,837.9539992837938,4838.949200293606,324.44832269084253,174.86951191130422,3698.1308809597394,184.49841012289323,995.723722044835,385.24324919880735,485.4113284821428,4427.6351160466265,321.30533287202377,59.96197808035714,1769.5455587698416,543.2219096676587,988.6460096775795,331.8802791071429,485.4113284821428,4427.6351160466265,321.30533287202377,59.96197808035714,1769.5455587698416,543.2219096676587,988.6460096775795,331.8802791071429
2026-02-19 00:00:00+00:00,797.64425,6956.495,446.032,174.04275,3543.4,170.94099999999997,1025.72,410.89225,912.564056957372,3877.8218891690613,325.6749617257007,180.3717416439541,3661.1552778118084,177.87136520408023,960.9824088308989,396.23219587331045,485.4113284821428,4427.6351160466265,321.30533287202377,59.96197808035714,1769.5455587698416,543.2219096676587,988.6460096775795,331.8802791071429,485.4113284821428,4427.6351160466265,321.30533287202377,59.96197808035714,1769.5455587698416,543.2219096676587,988.6460096775795,331.8802791071429
2026-02-19 01:00:00+00:00,797.5275,6466.755,446.032,173.627,3612.515,138.15999999999997,1001.995,411.62850000000003,953.9500144775809,3932.693878401797,311.0316612926453,179.5793094199206,3732.678488503235,184.66065966568482,944.9076899005356,395.6034707922613,485.4113284821428,4427.6351160466265,321.30533287202377,59.96197808035714,1769.5455587698416,543.2219096676587,988.6460096775795,331.8802791071429,485.4113284821428,4427.6351160466265,321.30533287202377,59.96197808035714,1769.5455587698416,543.2219096676587,988.6460096775795,331.8802791071429
2026-02-19 02:00:00+00:00,793.5219999999999,6342.0725,446.032,173.204,3499.0474999999997,138.47499999999997,1004.505,411.7715,907.594319624224,3741.8543818362473,289.7539748854293,183.9291327726622,3708.2387049929553,114.94425298379218,915.900002082729,382.1484982058218,485.4113284821428,4427.6351160466265,321.30533287202377,59.96197808035714,1769.5455587698416,543.2219096676587,988.6460096775795,331.8802791071429,485.4113284821428,4427.6351160466265,321.30533287202377,59.96197808035714,1769.5455587698416,543.2219096676587,988.6460096775795,331.8802791071429
2026-02-19 03:00:00+00:00,794.8915,7051.0075,446.032,173.33350000000002,3497.0325000000003,138.404,1004.2025,413.18,993.0956039113695,4023.8175249104956,248.0404385461237,179.80254444202976,3793.3945833913303,127.56167137990656,910.0965196444118,386.35427039384945,485.4113284821428,4427.6351160466265,321.30533287202377,59.96197808035714,1769.5455587698416,543.2219096676587,988.6460096775795,331.8802791071429,485.4113284821428,4427.6351160466265,321.30533287202377,59.96197808035714,1769.5455587698416,543.2219096676587,988.6460096775795,331.8802791071429
2026-02-19 04:00:00+00:00,793.08875,7100.2875,446.032,173.39625,3585.2650000000003,137.86924999999997,988.917,407.01775,1036.2458734446632,4679.338812477037,278.94123249313935,177.23483745308317,3827.971612673697,100.67304536450337,920.224837555963,412.86399055566227,485.4113284821428,4427.6351160466265,321.30533287202377,59.96197808035714,1769.5455587698416,543.2219096676587,988.6460096775795,331.8802791071429,485.4113284821428,4427.6351160466265,321.30533287202377,59.96197808035714,1769.5455587698416,543.2219096676587,988.6460096775795,331.8802791071429
2026-02-19 05:00:00+00:00,858.703,7095.415,446.032,174.11075,3722.645,173.839,1010.415,399.69925,1150.7901991044653,5686.927895485747,297.51652692696706,176.68572022995448,3960.8418909521015,159.582438523085,935.0920848363261,402.8721072593255,485.4113284821428,4427.6351160466265,321.30533287202377,59.96197808035714,1769.5455587698416,543.2219096676587,988.6460096775795,331.8802791071429,485.4113284821428,4427.6351160466265,321.30533287202377,59.96197808035714,1769.5455587698416,543.2219096676587,988.6460096775795,331.8802791071429
2026-02-19 06:00:00+00:00,1025.73,7240.1475,446.032,174.50775,3821.7225,179.76025000000004,1017.6875,408.4645,1145.618072764827,5744.31011104738,315.5371367981034,175.56590787662032,4033.3903232484986,865.1293488778849,957.2317839228791,410.0105545560265,485.4113284821428,4427.6351160466265,321.30533287202377,59.96197808035714,1769.5455587698416,543.2219096676587,988.6460096775795,331.8802791071429,485.4113284821428,4427.6351160466265,321.30533287202377,59.96197808035714,1769.5455587698416,543.2219096676587,988.6460096775795,331.8802791071429
2026-02-19 07:00:00+00:00,1027.79,7478.49,446.032,174.5235,3893.295,325.57475,1018.3775,409.99075,1146.6703940712073,5760.50323238061,258.93243318927733,178.18301120670213,4130.284469725449,1044.9357271416084,961.385935877267,419.0989058856894,485.4113284821428,4427.6351160466265,321.30533287202377,59.96197808035714,1769.5455587698416,543.2219096676587,988.6460096775795,331.8802791071429,485.4113284821428,4427.6351160466265,321.30533287202377,59.96197808035714,1769.5455587698416,543.2219096676587,988.6460096775795,331.8802791071429
2026-02-19 08:00:00+00:00,1052.175,7515.3825,446.032,174.31775000000002,3932.2174999999997,384.9145,1035.67,403.624,1104.870065593852,5852.288536786489,250.62985820663928,176.12923361197588,4116.4020888713585,707.2548520696365,962.2858825056582,409.22854723427747,485.4113284821428,4427.6351160466265,321.30533287202377,59.96197808035714,1769.5455587698416,543.2219096676587,988.6460096775795,331.8802791071429,485.4113284821428,4427.6351160466265,321.30533287202377,59.96197808035714,1769.5455587698416,543.2219096676587,988.6460096775795,331.8802791071429
2026-02-19 09:00:00+00:00,1054.7825,7429.405,446.032,173.55175,3913.26,251.37800000000004,1020.1949999999999,410.26975,1121.165375822733,6109.529644721428,306.00131156658693,177.45644326419554,4067.221298402725,491.5100318002758,1008.3772912096516,416.229984073862,485.4113284821428,4427.6351160466265,321.30533287202377,59.96197808035714,1769.5455587698416,543.2219096676587,988.6460096775795,331.8802791071429,485.4113284821428,4427.6351160466265,321.30533287202377,59.96197808035714,1769.5455587698416,543.2219096676587,988.6460096775795,331.8802791071429
2026-02-19 10:00:00+00:00,1048.5825,7238.305,446.032,173.72125,3903.48,211.4255,1021.7,415.45225,1086.5608026787008,6191.957946254268,331.83494822637823,175.73819293753547,4012.6189292938557,499.4610835181442,983.0056039314803,414.58421827181223,485.4113284821428,4427.6351160466265,321.30533287202377,59.96197808035714,1769.5455587698416,543.2219096676587,988.6460096775795,331.8802791071429,485.4113284821428,4427.6351160466265,321.30533287202377,59.96197808035714,1769.5455587698416,543.2219096676587,988.6460096775795,331.8802791071429
2026-02-19 11:00:00+00:00,1052.4225000000001,6905.7575,446.032,174.4,3868.6025,193.84249999999997,1043.34,427.20625,1055.5618611034702,6240.941695664499,304.3499697642211,174.23241029038644,3909.5401854777047,292.97608521858166,999.1942606951702,413.5157838993277,485.4113284821428,4427.6351160466265,321.30533287202377,59.96197808035714,1769.5455587698416,543.2219096676587,988.6460096775795,331.8802791071429,485.4113284821428,4427.6351160466265,321.30533287202377,59.96197808035714,1769.5455587698416,543.2219096676587,988.6460096775795,331.8802791071429
2026-02-19 12:00:00+00:00,1051.9575,6924.5225,446.032,173.8475,3859.6575000000003,186.2095,1093.1625,421.54875,1000.5993028065554,6003.139527125819,314.08609203910015,169.4537683320149,3705.8567203348694,259.76197317857594,1006.3925128463161,414.81710636860873,485.4113284821428,4427.6351160466265,321.30533287202377,59.96197808035714,1769.5455587698416,543.2219096676587,988.6460096775795,331.8802791071429,485.4113284821428,4427.6351160466265,321.30533287202377,59.96197808035714,1769.5455587698416,543.2219096676587,988.6460096775795,331.8802791071429
2026-02-19 13:00:00+00:00,882.58275,6861.9525,446.032,173.7295,3869.2799999999997,179.87099999999998,1106.5275000000001,412.02750000000003,950.1345798700037,6238.537381078442,321.6504768375827,164.38493512970575,3585.1849887923145,234.1480310539082,1018.7221114369357,418.71748202249967,485.4113284821428,4427.6351160466265,321.30533287202377,59.96197808035714,1769.5455587698416,543.2219096676587,988.6460096775795,331.8802791071429,485.4113284821428,4427.6351160466265,321.30533287202377,59.96197808035714,1769.5455587698416,543.2219096676587,988.6460096775795,331.8802791071429
2026-02-19 14:00:00+00:00,792.15575,7057.225,446.032,173.6325,3894.2825,202.209,1086.2925,413.43899999999996,1032.6090881936918,6403.150995332916,325.4889707084326,166.98971174343833,3750.056969159308,472.1177837563527,1013.4142540121744,418.53889928679087,485.4113284821428,4427.6351160466265,321.30533287202377,59.96197808035714,1769.5455587698416,543.2219096676587,988.6460096775795,331.8802791071429,485.4113284821428,4427.6351160466265,321.30533287202377,59.96197808035714,1769.5455587698416,543.2219096676587,988.6460096775795,331.8802791071429
2026-02-19 15:00:00+00:00,999.5822499999999,7341.75,446.032,173.91649999999998,3954.55,254.48424999999997,1071.0475000000001,404.13025,1044.7087733886149,6486.621908222733,331.57970261280195,168.35464683222696,3960.418769876779,768.6733215811751,1009.9014751902812,418.4431136090681,485.4113284821428,4427.6351160466265,321.30533287202377,59.96197808035714,1769.5455587698416,543.2219096676587,988.6460096775795,331.8802791071429,485.4113284821428,4427.6351160466265,321.30533287202377,59.96197808035714,1769.5455587698416,543.2219096676587,988.6460096775795,331.8802791071429
2026-02-19 16:00:00+00:00,1046.665,7573.5825,446.032,175.8055,4054.3175,608.02925,1028.6025,425.839,1081.4737740414805,6459.095718844104,317.09154001452185,174.7199662685536,4064.6578302312223,1029.1913084547143,1029.1384872646515,426.75916288765717,485.4113284821428,4427.6351160466265,321.30533287202377,59.96197808035714,1769.5455587698416,543.2219096676587,988.6460096775795,331.8802791071429,485.4113284821428,4427.6351160466265,321.30533287202377,59.96197808035714,1769.5455587698416,543.2219096676587,988.6460096775795,331.8802791071429
2026-02-19 17:00:00+00:00,1047.4225000000001,7565.975,446.032,177.05925,4055.6549999999997,908.6152499999998,1035.6425,433.00025,1090.7629036077165,6410.315557559526,316.15018472881746,175.36578876511885,4201.1537390581125,968.0420301676863,1041.029544390603,423.68512279503454,485.4113284821428,4427.6351160466265,321.30533287202377,59.96197808035714,1769.5455587698416,543.2219096676587,988.6460096775795,331.8802791071429,485.4113284821428,4427.6351160466265,321.30533287202377,59.96197808035714,1769.5455587698416,543.2219096676587,988.6460096775795,331.8802791071429
2026-02-19 18:00:00+00:00,1048.4524999999999,7473.125,446.032,177.36,4075.6549999999997,822.95675,1037.4650000000001,430.21175,1063.0942676211919,6223.545171209338,312.3437673056693,178.56548076140254,4178.223093686212,436.37401822606375,1014.10880025201,430.0456337604205,485.4113284821428,4427.6351160466265,321.30533287202377,59.96197808035714,1769.5455587698416,543.2219096676587,988.6460096775795,331.8802791071429,485.4113284821428,4427.6351160466265,321.30533287202377,59.96197808035714,1769.5455587698416,543.2219096676587,988.6460096775795,331.8802791071429
2026-02-19 19:00:00+00:00,1042.8600000000001,7246.405,446.032,177.71875,4011.8825,306.6725,1019.1225,416.87925,1087.2203189314037,6136.06433536085,296.89058874672673,176.20904977977267,4023.4317054153635,341.14509684765113,1006.412919935886,422.47677552530496,485.4113284821428,4427.6351160466265,321.30533287202377,59.96197808035714,1769.5455587698416,543.2219096676587,988.6460096775795,331.8802791071429,485.4113284821428,4427.6351160466265,321.30533287202377,59.96197808035714,1769.5455587698416,543.2219096676587,988.6460096775795,331.8802791071429
2026-02-19 20:00:00+00:00,1018.66875,7170.6075,446.032,178.00175000000002,3983.15,132.209,1021.615,419.6185,1057.4984044590294,6163.316973871994,316.7079013182688,166.61260923118348,4000.3169437301303,278.0554182487956,1010.2009730027004,404.13730481790606,485.4113284821428,4427.6351160466265,321.30533287202377,59.96197808035714,1769.5455587698416,543.2219096676587,988.6460096775795,331.8802791071429,485.4113284821428,4427.6351160466265,321.30533287202377,59.96197808035714,1769.5455587698416,543.2219096676587,988.6460096775795,331.8802791071429
2026-02-19 21:00:00+00:00,986.30825,7000.9800000000005,446.032,177.23575,3875.33,117.12200000000001,998.99675,419.37425,1075.7695581707153,6149.17394428159,311.73424404984536,180.09696125261505,3889.320344990693,186.67326341868574,972.430061036764,386.957806804483,485.4113284821428,4427.6351160466265,321.30533287202377,59.96197808035714,1769.5455587698416,543.2219096676587,988.6460096775795,331.8802791071429,485.4113284821428,4427.6351160466265,321.30533287202377,59.96197808035714,1769.5455587698416,543.2219096676587,988.6460096775795,331.8802791071429
2026-02-19 22:00:00+00:00,863.14175,7034.9575,446.032,175.95075,3827.9900000000002,116.28475000000003,991.931,415.969,1108.6750369543302,5967.3173571915795,323.33852390842003,180.40118626614048,3816.366719936626,139.4979832204951,956.1164599534352,388.28830047755304,485.4113284821428,4427.6351160466265,321.30533287202377,59.96197808035714,1769.5455587698416,543.2219096676587,988.6460096775795,331.8802791071429,485.4113284821428,4427.6351160466265,321.30533287202377,59.96197808035714,1769.5455587698416,543.2219096676587,988.6460096775795,331.8802791071429
2026-02-19 23:00:00+00:00,732.97225,6973.1425,428.36325,176.04175,3654.9700000000003,116.64974999999993,995.273,414.6515,1109.5751685166872,5767.67331679604,315.8220152049201,168.7277925316797,3819.205909384049,89.2214450845965,975.6910246563918,395.23158935388807,485.4113284821428,4427.6351160466265,321.30533287202377,59.96197808035714,1769.5455587698416,543.2219096676587,988.6460096775795,331.8802791071429,485.4113284821428,4427.6351160466265,321.30533287202377,59.96197808035714,1769.5455587698416,543.2219096676587,988.6460096775795,331.8802791071429
2026-02-20 00:00:00+00:00,729.072,6951.4400000000005,428.314,175.9365,3626.63,126.54825,1000.157,413.90725,1082.7789086333005,5360.953578116876,344.4192193086344,167.46749494935364,3792.949328493879,195.59972094645155,986.2208869921296,392.869516130326,485.4113284821428,4427.6351160466265,321.30533287202377,59.96197808035714,1769.5455587698416,543.2219096676587,988.6460096775795,331.8802791071429,485.4113284821428,4427.6351160466265,321.30533287202377,59.96197808035714,1769.5455587698416,543.2219096676587,988.6460096775795,331.8802791071429
2026-02-20 01:00:00+00:00,730.4135,6895.595,428.314,175.58724999999998,3652.935,116.04950000000002,991.081,410.449,1076.7067190897892,5353.853312578733,338.1961725090879,163.2730941826976,3780.6946044565425,270.59284272927874,1007.3878380422597,390.233036936351,485.4113284821428,4427.6351160466265,321.30533287202377,59.96197808035714,1769.5455587698416,543.2219096676587,988.6460096775795,331.8802791071429,485.4113284821428,4427.6351160466265,321.30533287202377,59.96197808035714,1769.5455587698416,543.2219096676587,988.6460096775795,331.8802791071429
2026-02-20 02:00:00+00:00,729.386,6768.4425,428.314,175.65825,3679.84,116.2235,992.7792499999999,402.9115,1017.8333352216873,5451.158458237821,332.2781804619599,163.05635271333284,3778.316630846608,262.2070493275106,1010.648238099616,395.3865834361833,485.4113284821428,4427.6351160466265,321.30533287202377,59.96197808035714,1769.5455587698416,543.2219096676587,988.6460096775795,331.8802791071429,485.4113284821428,4427.6351160466265,321.30533287202377,59.96197808035714,1769.5455587698416,543.2219096676587,988.6460096775795,331.8802791071429
2026-02-20 03:00:00+00:00,751.29725,6801.2225,428.314,175.956,3806.7125,117.16624999999993,1000.486,397.079,1021.9307915422701,5527.742867776186,303.28190613506814,168.29807152368878,3897.6894359883186,172.2637529641949,975.3902248090635,400.002042342967,485.4113284821428,4427.6351160466265,321.30533287202377,59.96197808035714,1769.5455587698416,543.2219096676587,988.6460096775795,331.8802791071429,485.4113284821428,4427.6351160466265,321.30533287202377,59.96197808035714,1769.5455587698416,543.2219096676587,988.6460096775795,331.8802791071429
2026-02-20 04:00:00+00:00,909.31675,6994.59,428.314,175.29375,4065.8525,117.29825,1001.9747500000001,397.41200000000003,1038.8683983283913,5676.709425961135,306.3320034645594,172.25708062249691,4006.248069159391,208.82308248954422,961.7691465068189,390.73336936420344,485.4113284821428,4427.6351160466265,321.30533287202377,59.96197808035714,1769.5455587698416,543.2219096676587,988.6460096775795,331.8802791071429,485.4113284821428,4427.6351160466265,321.30533287202377,59.96197808035714,1769.5455587698416,543.2219096676587,988.6460096775795,331.8802791071429
2026-02-20 05:00:00+00:00,990.74425,7062.327499999999,428.314,173.91750000000002,4163.27,374.0045,1007.6275,395.956,1019.2400158541877,5856.016720101089,314.5807507964752,159.66958108522329,4226.0721169222015,373.5714570994462,941.7528519521927,393.4048074914033,485.4113284821428,4427.6351160466265,321.30533287202377,59.96197808035714,1769.5455587698416,543.2219096676587,988.6460096775795,331.8802791071429,485.4113284821428,4427.6351160466265,321.30533287202377,59.96197808035714,1769.5455587698416,543.2219096676587,988.6460096775795,331.8802791071429
2026-02-20 06:00:00+00:00,987.03325,6961.14,428.314,174.1485,4165.67,1464.34175,1005.5675,408.544,973.8009117175216,5747.960516467753,326.4217752515095,151.64321126341974,4082.4178433463403,1269.796882630617,971.3647059378221,400.1557583989396,485.4113284821428,4427.6351160466265,321.30533287202377,59.96197808035714,1769.5455587698416,543.2219096676587,988.6460096775795,331.8802791071429,485.4113284821428,4427.6351160466265,321.30533287202377,59.96197808035714,1769.5455587698416,543.2219096676587,988.6460096775795,331.8802791071429
2026-02-20 07:00:00+00:00,979.875,6945.3550000000005,428.314,174.421,4194.305,1534.488,1018.21,412.5315,1043.25669179777,5725.478815530621,373.1440794108223,159.4221187403753,4129.6034997631195,1198.963671449745,956.178777497206,403.3126785665912,485.4113284821428,4427.6351160466265,321.30533287202377,59.96197808035714,1769.5455587698416,543.2219096676587,988.6460096775795,331.8802791071429,485.4113284821428,4427.6351160466265,321.30533287202377,59.96197808035714,1769.5455587698416,543.2219096676587,988.6460096775795,331.8802791071429
2026-02-20 08:00:00+00:00,959.2135000000001,6886.3150000000005,428.314,174.26775,4133.96,827.729,1027.6475,402.46999999999997,1030.2896144597837,5841.337495116843,349.49334556782793,147.74472190299002,3949.2303762643705,604.7508074804695,993.4432519338293,389.40410257428624,485.4113284821428,4427.6351160466265,321.30533287202377,59.96197808035714,1769.5455587698416,543.2219096676587,988.6460096775795,331.8802791071429,485.4113284821428,4427.6351160466265,321.30533287202377,59.96197808035714,1769.5455587698416,543.2219096676587,988.6460096775795,331.8802791071429
2026-02-20 09:00:00+00:00,956.3305,6707.235,428.314,152.423,3715.475,300.03549999999996,1033.1075,408.1115,974.2280237201403,5386.197856529692,388.45328569348635,141.3707665930297,3682.9461175764236,337.1842778687385,965.3426017280352,341.5547398024561,485.4113284821428,4427.6351160466265,321.30533287202377,59.96197808035714,1769.5455587698416,543.2219096676587,988.6460096775795,331.8802791071429,485.4113284821428,4427.6351160466265,321.30533287202377,59.96197808035714,1769.5455587698416,543.2219096676587,988.6460096775795,331.8802791071429
2026-02-20 10:00:00+00:00,962.14175,6620.907499999999,428.314,139.31799999999998,3535.66,335.73675000000003,1021.255,404.56075,967.5488974164216,4855.805304127149,372.5931138713716,131.9312274173269,3611.918273353819,266.97163788528064,997.5047213676241,387.5109813042244,485.4113284821428,4427.6351160466265,321.30533287202377,59.96197808035714,1769.5455587698416,543.2219096676587,988.6460096775795,331.8802791071429,485.4113284821428,4427.6351160466265,321.30533287202377,59.96197808035714,1769.5455587698416,543.2219096676587,988.6460096775795,331.8802791071429
2026-02-20 11:00:00+00:00,979.19425,6392.76,428.314,139.38925,3628.305,121.72974999999997,1030.9425,407.19575,886.679470545915,4414.474293780415,366.74204215013293,133.534247810558,3516.3094274975538,229.94135025947855,1023.7738979762358,383.50435289803465,485.4113284821428,4427.6351160466265,321.30533287202377,59.96197808035714,1769.5455587698416,543.2219096676587,988.6460096775795,331.8802791071429,485.4113284821428,4427.6351160466265,321.30533287202377,59.96197808035714,1769.5455587698416,543.2219096676587,988.6460096775795,331.8802791071429
2026-02-20 12:00:00+00:00,951.9749999999999,6359.0875,428.314,139.64925,3618.785,119.82724999999999,1020.5975,412.06675,829.454528921086,4683.182479428845,360.5958202081679,133.2040282864575,3347.4593585945568,252.69970053690304,1029.1837253322092,395.96844111674056,485.4113284821428,4427.6351160466265,321.30533287202377,59.96197808035714,1769.5455587698416,543.2219096676587,988.6460096775795,331.8802791071429,485.4113284821428,4427.6351160466265,321.30533287202377,59.96197808035714,1769.5455587698416,543.2219096676587,988.6460096775795,331.8802791071429
2026-02-20 13:00:00+00:00,956.6112499999999,6367.1900000000005,428.314,148.04424999999998,3592.45,118.51600000000002,1009.3675,405.60025,857.9752046456906,5305.09984771476,325.3941655407657,128.1332294409144,3347.6115690390843,253.22742332542487,1067.441001570764,394.1079632320163,485.4113284821428,4427.6351160466265,321.30533287202377,59.96197808035714,1769.5455587698416,543.2219096676587,988.6460096775795,331.8802791071429,485.4113284821428,4427.6351160466265,321.30533287202377,59.96197808035714,1769.5455587698416,543.2219096676587,988.6460096775795,331.8802791071429
2026-02-20 14:00:00+00:00,802.24725,6029.635,428.314,132.65550000000002,3659.0575,134.87,1046.2125,391.757,985.5986005484849,6002.581711431616,321.3621134711957,130.17284286362894,3406.935790005189,614.6530549732508,1077.5225771402418,398.5549341603661,485.4113284821428,4427.6351160466265,321.30533287202377,59.96197808035714,1769.5455587698416,543.2219096676587,988.6460096775795,331.8802791071429,485.4113284821428,4427.6351160466265,321.30533287202377,59.96197808035714,1769.5455587698416,543.2219096676587,988.6460096775795,331.8802791071429
2026-02-20 15:00:00+00:00,803.04175,6164.92,428.314,115.99025,3789.9675,141.22424999999998,915.012,418.53375,1044.3295776873704,6411.3765739805185,348.5753581731052,133.47155059078236,3648.806236107161,838.5303800172785,1059.4472126681674,400.6389437067531,485.4113284821428,4427.6351160466265,321.30533287202377,59.96197808035714,1769.5455587698416,543.2219096676587,988.6460096775795,331.8802791071429,485.4113284821428,4427.6351160466265,321.30533287202377,59.96197808035714,1769.5455587698416,543.2219096676587,988.6460096775795,331.8802791071429
2026-02-20 16:00:00+00:00,809.11925,6319.6175,428.314,126.31649999999999,3931.2475,207.36124999999998,921.456,426.46175,1060.86395289027,6570.632723131798,361.4525833820589,146.59231328614544,3625.9011759379714,1346.7139128703725,1068.2260743667998,417.57130753587006,485.4113284821428,4427.6351160466265,321.30533287202377,59.96197808035714,1769.5455587698416,543.2219096676587,988.6460096775795,331.8802791071429,485.4113284821428,4427.6351160466265,321.30533287202377,59.96197808035714,1769.5455587698416,543.2219096676587,988.6460096775795,331.8802791071429
2026-02-20 17:00:00+00:00,794.8305,5978.12,428.314,108.83525,3684.0075,134.13850000000002,936.0825,427.69100000000003,925.8645601763592,6365.169577017211,328.4418038052499,157.20253754155658,3783.928006531437,983.4250792311004,1053.1273991936048,427.2767975355058,485.4113284821428,4427.6351160466265,321.30533287202377,59.96197808035714,1769.5455587698416,543.2219096676587,988.6460096775795,331.8802791071429,485.4113284821428,4427.6351160466265,321.30533287202377,59.96197808035714,1769.5455587698416,543.2219096676587,988.6460096775795,331.8802791071429
2026-02-20 18:00:00+00:00,665.64725,6291.4475,428.314,122.453,3604.4025,147.39549999999997,926.821,419.618,915.4009599817209,5849.9501555123625,277.22708788281426,143.4530122033919,3556.087315333967,434.3077224546671,1017.8982751886729,395.64393906767987,485.4113284821428,4427.6351160466265,321.30533287202377,59.96197808035714,1769.5455587698416,543.2219096676587,988.6460096775795,331.8802791071429,485.4113284821428,4427.6351160466265,321.30533287202377,59.96197808035714,1769.5455587698416,543.2219096676587,988.6460096775795,331.8802791071429
2026-02-20 19:00:00+00:00,445.264,5942.96,428.314,108.481,3326.0775,141.32725000000005,919.88075,410.72,823.5991086656344,4566.051211582893,307.8507446856347,138.06917095647304,3457.3518644760056,285.06813455771305,1002.6486174169662,374.8847480134293,485.4113284821428,4427.6351160466265,321.30533287202377,59.96197808035714,1769.5455587698416,543.2219096676587,988.6460096775795,331.8802791071429,485.4113284821428,4427.6351160466265,321.30533287202377,59.96197808035714,1769.5455587698416,543.2219096676587,988.6460096775795,331.8802791071429
2026-02-20 20:00:00+00:00,441.4445,4866.7425,428.314,109.205,3131.2425,156.2165,909.4345,406.76975,666.0593242948617,3248.4473792075705,346.57490542096684,136.93865603104865,3287.1186597762817,382.5422752512144,982.1820351924495,367.464382817652,485.4113284821428,4427.6351160466265,321.30533287202377,59.96197808035714,1769.5455587698416,543.2219096676587,988.6460096775795,331.8802791071429,485.4113284821428,4427.6351160466265,321.30533287202377,59.96197808035714,1769.5455587698416,543.2219096676587,988.6460096775795,331.8802791071429
2026-02-20 21:00:00+00:00,442.43600000000004,3649.255,428.314,109.39625000000001,2793.3875,127.11374999999998,902.84625,406.7545,635.8638750275774,2901.498505542561,257.62000774824935,133.04567952863545,3166.8066794202377,179.2818057895609,979.3610136090559,349.999145313265,485.4113284821428,4427.6351160466265,321.30533287202377,59.96197808035714,1769.5455587698416,543.2219096676587,988.6460096775795,331.8802791071429,485.4113284821428,4427.6351160466265,321.30533287202377,59.96197808035714,1769.5455587698416,543.2219096676587,988.6460096775795,331.8802791071429
2026-02-20 22:00:00+00:00,438.95825,2404.3125,428.314,92.91975,2442.02,125.61725000000001,895.88225,410.48199999999997,500.9225918096722,2230.526701397914,277.03613840031505,119.72059975195606,3049.9651641361374,133.4857201563147,973.1381614836755,372.78976228022856,485.4113284821428,4427.6351160466265,321.30533287202377,59.96197808035714,1769.5455587698416,543.2219096676587,988.6460096775795,331.8802791071429,485.4113284821428,4427.6351160466265,321.30533287202377,59.96197808035714,1769.5455587698416,543.2219096676587,988.6460096775795,331.8802791071429
2026-02-20 23:00:00+00:00,430.57225,2124.3025,430.61875,72.52775,2097.305,126.21775000000002,901.01325,404.69125,462.3691969430727,1900.665115919287,291.49314529689394,100.42631455630114,2459.116457613238,217.40264021615525,963.838864973013,367.36838934887896,485.4113284821428,4427.6351160466265,321.30533287202377,59.96197808035714,1769.5455587698416,543.2219096676587,988.6460096775795,331.8802791071429,485.4113284821428,4427.6351160466265,321.30533287202377,59.96197808035714,1769.5455587698416,543.2219096676587,988.6460096775795,331.8802791071429
2026-02-21 00:00:00+00:00,423.361,1557.4325,430.625,55.58525,1958.405,125.86599999999999,898.009,402.40274999999997,434.70706804996183,2394.583816104925,364.3779522013359,92.99648818210392,2385.688628832577,132.95871213007155,973.7492756822494,385.1638870960803,485.4113284821428,4427.6351160466265,321.30533287202377,59.96197808035714,1769.5455587698416,543.2219096676587,988.6460096775795,331.8802791071429,485.4113284821428,4427.6351160466265,321.30533287202377,59.96197808035714,1769.5455587698416,543.2219096676587,988.6460096775795,331.8802791071429
2026-02-21 01:00:00+00:00,420.82500000000005,1558.7675,430.625,54.4445,1954.06,126.23725000000002,901.18075,402.94174999999996,415.31568665700917,2261.0442095726758,368.10506062089763,80.24348819508145,1636.0615914839664,103.807242560953,976.7718882190983,382.49321852907434,485.4113284821428,4427.6351160466265,321.30533287202377,59.96197808035714,1769.5455587698416,543.2219096676587,988.6460096775795,331.8802791071429,485.4113284821428,4427.6351160466265,321.30533287202377,59.96197808035714,1769.5455587698416,543.2219096676587,988.6460096775795,331.8802791071429
2026-02-21 02:00:00+00:00,416.77774999999997,1554.9475000000002,430.625,54.416,1933.8925,125.13024999999999,891.72375,395.0745,421.08558048763325,2408.3696773861243,371.9844346958407,76.18361681072103,1664.636523367425,120.0230813698281,999.540441992391,376.9939154987321,485.4113284821428,4427.6351160466265,321.30533287202377,59.96197808035714,1769.5455587698416,543.2219096676587,988.6460096775795,331.8802791071429,485.4113284821428,4427.6351160466265,321.30533287202377,59.96197808035714,1769.5455587698416,543.2219096676587,988.6460096775795,331.8802791071429
2026-02-21 03:00:00+00:00,413.0835,1592.7024999999999,430.625,54.40775,1932.1075,125.37225000000001,893.7905000000001,394.79449999999997,425.502067351471,2152.2942752900944,341.94375960217934,75.98288183543191,1671.6952040561212,122.98050019983316,985.5664225871988,361.4229484367171,485.4113284821428,4427.6351160466265,321.30533287202377,59.96197808035714,1769.5455587698416,543.2219096676587,988.6460096775795,331.8802791071429,485.4113284821428,4427.6351160466265,321.30533287202377,59.96197808035714,1769.5455587698416,543.2219096676587,988.6460096775795,331.8802791071429
2026-02-21 04:00:00+00:00,410.622,1627.1175000000003,430.625,54.282250000000005,1941.93,125.0095,890.692,401.04975,425.2936958331058,2175.683718379397,336.18838776206195,72.01168653212702,1737.073433664338,256.33256667059067,943.6350232642942,366.8989061050573,485.4113284821428,4427.6351160466265,321.30533287202377,59.96197808035714,1769.5455587698416,543.2219096676587,988.6460096775795,331.8802791071429,485.4113284821428,4427.6351160466265,321.30533287202377,59.96197808035714,1769.5455587698416,543.2219096676587,988.6460096775795,331.8802791071429
2026-02-21 05:00:00+00:00,414.28875,1715.0,430.625,54.2145,2004.1375,124.8675,889.47675,406.85699999999997,416.963231687702,2038.2971709243075,368.0456440497897,73.68482382726283,1855.38947200352,216.75520612060757,975.560597959921,323.9178693713928,485.4113284821428,4427.6351160466265,321.30533287202377,59.96197808035714,1769.5455587698416,543.2219096676587,988.6460096775795,331.8802791071429,485.4113284821428,4427.6351160466265,321.30533287202377,59.96197808035714,1769.5455587698416,543.2219096676587,988.6460096775795,331.8802791071429
2026-02-21 06:00:00+00:00,412.15,1733.375,430.625,53.951499999999996,1972.7475,197.22500000000002,897.087,412.02575,436.28585773938664,1670.3463017624172,385.73690550980893,70.28729989150688,1943.5413905218027,480.38728460511015,1016.7028921932498,302.3124390130731,485.4113284821428,4427.6351160466265,321.30533287202377,59.96197808035714,1769.5455587698416,543.2219096676587,988.6460096775795,331.8802791071429,485.4113284821428,4427.6351160466265,321.30533287202377,59.96197808035714,1769.5455587698416,543.2219096676587,988.6460096775795,331.8802791071429
2026-02-21 07:00:00+00:00,412.21125,1720.7424999999998,430.625,53.93125,2040.705,205.99649999999997,906.9032500000001,416.83299999999997,370.83927103852295,2169.0577813324117,387.2801238695065,68.88249326508766,2247.4433643090856,508.34729447904033,1031.9999336092974,344.8470484750342,485.4113284821428,4427.6351160466265,321.30533287202377,59.96197808035714,1769.5455587698416,543.2219096676587,988.6460096775795,331.8802791071429,485.4113284821428,4427.6351160466265,321.30533287202377,59.96197808035714,1769.5455587698416,543.2219096676587,988.6460096775795,331.8802791071429
2026-02-21 08:00:00+00:00,410.33325,1709.6574999999998,430.625,54.114,2135.375,430.46375,908.19475,415.342,346.72300793601516,2341.071373955339,380.4753639701367,70.46389020286105,2242.7120692063277,553.104979886524,1019.5562574253134,359.2340841354388,485.4113284821428,4427.6351160466265,321.30533287202377,59.96197808035714,1769.5455587698416,543.2219096676587,988.6460096775795,331.8802791071429,485.4113284821428,4427.6351160466265,321.30533287202377,59.96197808035714,1769.5455587698416,543.2219096676587,988.6460096775795,331.8802791071429
2026-02-21 09:00:00+00:00,411.961,1707.3024999999998,430.625,54.25925,2130.795,300.34774999999996,905.92175,414.577,327.8876641220171,2241.0708211138926,365.44619236928145,52.27842628522684,1990.135299402918,437.3195573488912,1009.3379775036519,367.74331415338946,485.4113284821428,4427.6351160466265,321.30533287202377,59.96197808035714,1769.5455587698416,543.2219096676587,988.6460096775795,331.8802791071429,485.4113284821428,4427.6351160466265,321.30533287202377,59.96197808035714,1769.5455587698416,543.2219096676587,988.6460096775795,331.8802791071429
2026-02-21 10:00:00+00:00,411.93625,1859.8925,430.625,60.0265,2285.385,146.3785000000001,904.28475,413.20825,354.8541820885354,2572.949901157358,360.4260139847259,47.03325782786879,1666.9281079184263,386.19797642323044,1024.1258695882063,369.7297151749293,485.4113284821428,4427.6351160466265,321.30533287202377,59.96197808035714,1769.5455587698416,543.2219096676587,988.6460096775795,331.8802791071429,485.4113284821428,4427.6351160466265,321.30533287202377,59.96197808035714,1769.5455587698416,543.2219096676587,988.6460096775795,331.8802791071429
2026-02-21 11:00:00+00:00,412.5915,1998.5299999999997,430.625,89.13175,2634.305,150.8075,902.1445,417.34575,315.2596629981865,2305.7103119478597,339.269663442697,51.66707106742126,1699.3197442030644,359.24300899444654,1050.0939145292184,397.3048851402858,485.4113284821428,4427.6351160466265,321.30533287202377,59.96197808035714,1769.5455587698416,543.2219096676587,988.6460096775795,331.8802791071429,485.4113284821428,4427.6351160466265,321.30533287202377,59.96197808035714,1769.5455587698416,543.2219096676587,988.6460096775795,331.8802791071429
2026-02-21 12:00:00+00:00,416.975,2113.045,430.625,89.8785,2641.525,126.18549999999999,899.45875,417.5335,351.96770171487265,2598.778043569552,340.0052730264555,58.71844402657786,1723.629176939307,339.71140605427763,1072.6501765238427,372.91969798198915,485.4113284821428,4427.6351160466265,321.30533287202377,59.96197808035714,1769.5455587698416,543.2219096676587,988.6460096775795,331.8802791071429,485.4113284821428,4427.6351160466265,321.30533287202377,59.96197808035714,1769.5455587698416,543.2219096676587,988.6460096775795,331.8802791071429
2026-02-21 13:00:00+00:00,415.14425,2524.975,430.625,134.41675,2860.03,162.699,901.59525,422.54075,305.9366289186314,2568.807663927191,331.59276442058786,78.46904299203075,1523.2048235554284,358.0409565318952,1060.5848921678516,384.94189451158536,485.4113284821428,4427.6351160466265,321.30533287202377,59.96197808035714,1769.5455587698416,543.2219096676587,988.6460096775795,331.8802791071429,485.4113284821428,4427.6351160466265,321.30533287202377,59.96197808035714,1769.5455587698416,543.2219096676587,988.6460096775795,331.8802791071429
2026-02-21 14:00:00+00:00,415.175,2786.6875,430.625,170.27025,3161.2974999999997,626.776,906.0675,418.421,330.82077292012355,2821.546292748632,330.7211721424725,62.3900686805516,1587.4531506515182,386.7317927364555,1018.7540633597721,369.3838714013574,485.4113284821428,4427.6351160466265,321.30533287202377,59.96197808035714,1769.5455587698416,543.2219096676587,988.6460096775795,331.8802791071429,485.4113284821428,4427.6351160466265,321.30533287202377,59.96197808035714,1769.5455587698416,543.2219096676587,988.6460096775795,331.8802791071429
2026-02-21 15:00:00+00:00,415.01375,2995.37,430.625,171.13825,3366.6949999999997,1386.8490000000002,915.09275,425.007,387.56985854221904,3286.841084188375,333.72542169779473,73.10115415074569,1855.347053180499,727.9817296766934,1016.1679357878144,355.08102370403094,485.4113284821428,4427.6351160466265,321.30533287202377,59.96197808035714,1769.5455587698416,543.2219096676587,988.6460096775795,331.8802791071429,485.4113284821428,4427.6351160466265,321.30533287202377,59.96197808035714,1769.5455587698416,543.2219096676587,988.6460096775795,331.8802791071429
2026-02-21 16:00:00+00:00,415.03575,3011.605,430.625,156.57999999999998,3274.8525,1721.4502499999999,940.6465000000001,426.45074999999997,543.449906927452,3984.745217630964,336.89156468781607,81.36402170095768,2165.4740039098683,1419.128038895745,1009.109133162856,350.96794402738885,485.4113284821428,4427.6351160466265,321.30533287202377,59.96197808035714,1769.5455587698416,543.2219096676587,988.6460096775795,331.8802791071429,485.4113284821428,4427.6351160466265,321.30533287202377,59.96197808035714,1769.5455587698416,543.2219096676587,988.6460096775795,331.8802791071429
2026-02-21 17:00:00+00:00,413.67475,3012.2875,430.625,169.852,3226.3875,1761.48875,919.465,424.03175,654.3830406300198,4232.841635825371,359.2799013360052,106.76247672681791,2579.763655133126,1764.3664980886138,1028.6201356473637,369.55947140526735,485.4113284821428,4427.6351160466265,321.30533287202377,59.96197808035714,1769.5455587698416,543.2219096676587,988.6460096775795,331.8802791071429,485.4113284821428,4427.6351160466265,321.30533287202377,59.96197808035714,1769.5455587698416,543.2219096676587,988.6460096775795,331.8802791071429
2026-02-21 18:00:00+00:00,417.836,3017.8775,430.625,156.10675,3204.5425000000005,1697.28525,918.55375,432.03825,547.6565658549347,4217.139259850076,341.4823186518217,119.57075970293948,2601.3060215669148,1218.861340869706,1017.3401101839474,317.7207959514873,485.4113284821428,4427.6351160466265,321.30533287202377,59.96197808035714,1769.5455587698416,543.2219096676587,988.6460096775795,331.8802791071429,485.4113284821428,4427.6351160466265,321.30533287202377,59.96197808035714,1769.5455587698416,543.2219096676587,988.6460096775795,331.8802791071429
2026-02-21 19:00:00+00:00,415.28625,2975.6575,430.625,166.76575,3261.5525,1616.346,916.8515,421.49,443.2476222010819,4090.6889338234423,346.44277422531763,110.58676707772796,2760.4608263374976,613.1222391163421,1024.6448606108775,326.8764683891932,485.4113284821428,4427.6351160466265,321.30533287202377,59.96197808035714,1769.5455587698416,543.2219096676587,988.6460096775795,331.8802791071429,485.4113284821428,4427.6351160466265,321.30533287202377,59.96197808035714,1769.5455587698416,543.2219096676587,988.6460096775795,331.8802791071429
2026-02-21 20:00:00+00:00,403.9805,2922.4325,430.625,163.314,3200.1375,1366.40325,901.70075,410.97275,394.7036843988326,3861.008072590919,349.43721609680574,112.45852161619771,2487.575636618759,627.0593707087942,1019.3156328568487,344.88020014889423,485.4113284821428,4427.6351160466265,321.30533287202377,59.96197808035714,1769.5455587698416,543.2219096676587,988.6460096775795,331.8802791071429,485.4113284821428,4427.6351160466265,321.30533287202377,59.96197808035714,1769.5455587698416,543.2219096676587,988.6460096775795,331.8802791071429
2026-02-21 21:00:00+00:00,405.61400000000003,2796.41,430.625,153.89724999999999,3048.2975,1078.58525,905.6125,408.6835,372.62519586896155,3763.3796221587795,356.6904329797922,111.66227289114013,2478.907783433985,406.55087810508553,1010.7533740484633,339.4301329428711,485.4113284821428,4427.6351160466265,321.30533287202377,59.96197808035714,1769.5455587698416,543.2219096676587,988.6460096775795,331.8802791071429,485.4113284821428,4427.6351160466265,321.30533287202377,59.96197808035714,1769.5455587698416,543.2219096676587,988.6460096775795,331.8802791071429
2026-02-21 22:00:00+00:00,406.01675,2272.255,430.625,152.102,2985.225,483.563,899.10775,414.90225,343.4121679446308,3672.6307575051806,376.5236774103371,100.7941992628071,2275.6111297850885,247.11698644119372,999.9428686634672,351.096283152632,485.4113284821428,4427.6351160466265,321.30533287202377,59.96197808035714,1769.5455587698416,543.2219096676587,988.6460096775795,331.8802791071429,485.4113284821428,4427.6351160466265,321.30533287202377,59.96197808035714,1769.5455587698416,543.2219096676587,988.6460096775795,331.8802791071429
2026-02-21 23:00:00+00:00,405.0055,1749.9425,113.35475,135.53275,2713.2525,195.289,892.98975,412.317,365.17158352777005,3108.7154981543313,394.77098937911467,97.35643864001536,2152.5087961198983,281.4416375454683,976.1505249821194,349.13426232966657,485.4113284821428,4427.6351160466265,321.30533287202377,59.96197808035714,1769.5455587698416,543.2219096676587,988.6460096775795,331.8802791071429,485.4113284821428,4427.6351160466265,321.30533287202377,59.96197808035714,1769.5455587698416,543.2219096676587,988.6460096775795,331.8802791071429
2026-02-22 00:00:00+00:00,405.9,1663.3125,112.471,105.13675,2236.3025,259.89074999999997,886.6565,412.79675,375.44696693429785,3027.6472445014533,366.3928569642207,71.70171419335396,1563.417738169331,238.68851954560114,990.2865038039079,357.529641997365,485.4113284821428,4427.6351160466265,321.30533287202377,59.96197808035714,1769.5455587698416,543.2219096676587,988.6460096775795,331.8802791071429,485.4113284821428,4427.6351160466265,321.30533287202377,59.96197808035714,1769.5455587698416,543.2219096676587,988.6460096775795,331.8802791071429
2026-02-22 01:00:00+00:00,408.147,1658.02,112.471,96.6165,2052.0425,215.00150000000002,889.578,408.172,344.0843783153779,1972.303106159593,356.93767503262234,59.87837295376911,1617.7374269801614,269.04837368644803,990.3263782842922,381.87482473178886,485.4113284821428,4427.6351160466265,321.30533287202377,59.96197808035714,1769.5455587698416,543.2219096676587,988.6460096775795,331.8802791071429,485.4113284821428,4427.6351160466265,321.30533287202377,59.96197808035714,1769.5455587698416,543.2219096676587,988.6460096775795,331.8802791071429
2026-02-22 02:00:00+00:00,400.62775,1608.5025,112.471,96.54225,1919.855,160.12925,887.2742499999999,402.3445,351.7221777835603,2291.030500968097,344.5928935278444,55.31274015503052,1506.056715431482,209.34834802054672,984.7961474186369,411.28234857665296,485.4113284821428,4427.6351160466265,321.30533287202377,59.96197808035714,1769.5455587698416,543.2219096676587,988.6460096775795,331.8802791071429,485.4113284821428,4427.6351160466265,321.30533287202377,59.96197808035714,1769.5455587698416,543.2219096676587,988.6460096775795,331.8802791071429
2026-02-22 03:00:00+00:00,398.0305,1611.7675,112.471,77.55,1836.4575,125.33375000000001,893.4605,410.95025,368.9183498330475,2320.0093079196304,348.19091158856526,73.24416167417812,1466.1006571811495,202.60184804690732,998.5650794226513,406.684754990595,485.4113284821428,4427.6351160466265,321.30533287202377,59.96197808035714,1769.5455587698416,543.2219096676587,988.6460096775795,331.8802791071429,485.4113284821428,4427.6351160466265,321.30533287202377,59.96197808035714,1769.5455587698416,543.2219096676587,988.6460096775795,331.8802791071429
2026-02-22 04:00:00+00:00,405.12775,1618.0874999999996,112.471,84.43175,1838.645,125.57799999999997,895.547,410.29449999999997,379.2406875856055,2928.1812575979966,360.3041268714061,74.49113315614525,1489.6483537346494,126.42984694227096,990.9887088610998,384.4146131433322,485.4113284821428,4427.6351160466265,321.30533287202377,59.96197808035714,1769.5455587698416,543.2219096676587,988.6460096775795,331.8802791071429,485.4113284821428,4427.6351160466265,321.30533287202377,59.96197808035714,1769.5455587698416,543.2219096676587,988.6460096775795,331.8802791071429
2026-02-22 05:00:00+00:00,410.32775,1621.0550000000003,112.471,74.1795,1769.9625,124.49200000000008,886.2695,411.21,312.0706010349933,2956.398183843865,363.1897311542251,64.69654206827076,1449.9846281641383,134.04219587974075,1000.5119961274063,347.52017762858947,485.4113284821428,4427.6351160466265,321.30533287202377,59.96197808035714,1769.5455587698416,543.2219096676587,988.6460096775795,331.8802791071429,485.4113284821428,4427.6351160466265,321.30533287202377,59.96197808035714,1769.5455587698416,543.2219096676587,988.6460096775795,331.8802791071429
2026-02-22 06:00:00+00:00,408.4,1721.0325000000003,112.471,74.11375,1721.665,125.37025,893.7755,410.83925,321.4318665273453,2334.2804633081614,348.31181022782647,55.85854231199597,1207.9861708275894,297.5799754325732,1021.7568584852467,392.44195747833226,485.4113284821428,4427.6351160466265,321.30533287202377,59.96197808035714,1769.5455587698416,543.2219096676587,988.6460096775795,331.8802791071429,485.4113284821428,4427.6351160466265,321.30533287202377,59.96197808035714,1769.5455587698416,543.2219096676587,988.6460096775795,331.8802791071429
2026-02-22 07:00:00+00:00,408.97524999999996,1759.48,112.471,74.1585,1749.97,125.64175,896.094,413.2715,321.21555289582477,1892.4420474365947,359.0170669005532,37.68120757440603,1102.9407266096232,376.18130548037567,991.9838003004509,419.37412040820885,485.4113284821428,4427.6351160466265,321.30533287202377,59.96197808035714,1769.5455587698416,543.2219096676587,988.6460096775795,331.8802791071429,485.4113284821428,4427.6351160466265,321.30533287202377,59.96197808035714,1769.5455587698416,543.2219096676587,988.6460096775795,331.8802791071429
2026-02-22 08:00:00+00:00,409.71074999999996,1768.725,112.471,73.9485,1769.7625,158.79525,900.9292499999999,410.728,329.27853262853137,1729.8460822728657,357.02643794748934,26.0739070379827,990.8020421291337,312.24481336057556,1021.6248539611788,416.1218067423366,485.4113284821428,4427.6351160466265,321.30533287202377,59.96197808035714,1769.5455587698416,543.2219096676587,988.6460096775795,331.8802791071429,485.4113284821428,4427.6351160466265,321.30533287202377,59.96197808035714,1769.5455587698416,543.2219096676587,988.6460096775795,331.8802791071429
2026-02-22 09:00:00+00:00,409.97225000000003,1770.1975000000002,112.471,74.05525,1741.5125,125.64250000000004,896.013,416.102,303.55397161658755,1703.8682552714013,339.61003822639873,29.99020599863547,780.646710089574,314.80948292660474,1009.1612394984497,417.4213434641104,485.4113284821428,4427.6351160466265,321.30533287202377,59.96197808035714,1769.5455587698416,543.2219096676587,988.6460096775795,331.8802791071429,485.4113284821428,4427.6351160466265,321.30533287202377,59.96197808035714,1769.5455587698416,543.2219096676587,988.6460096775795,331.8802791071429
2026-02-22 10:00:00+00:00,408.911,1764.7875,112.471,74.1825,1712.5974999999999,125.87300000000005,898.033,419.283,301.1202414907268,1541.6210661390387,341.78721164241165,35.476121855354485,730.2147196530689,230.58328371784734,1039.6830738219378,416.88180517433494,485.4113284821428,4427.6351160466265,321.30533287202377,59.96197808035714,1769.5455587698416,543.2219096676587,988.6460096775795,331.8802791071429,485.4113284821428,4427.6351160466265,321.30533287202377,59.96197808035714,1769.5455587698416,543.2219096676587,988.6460096775795,331.8802791071429
2026-02-22 11:00:00+00:00,410.34175,1651.6275,112.471,74.10625,1692.885,125.44600000000003,894.408,413.7815,300.99338939300094,1390.1737795927302,343.2505267248105,21.873086881529836,694.7978102114848,252.89122165882344,1050.143263777877,421.79924728324505,485.4113284821428,4427.6351160466265,321.30533287202377,59.96197808035714,1769.5455587698416,543.2219096676587,988.6460096775795,331.8802791071429,485.4113284821428,4427.6351160466265,321.30533287202377,59.96197808035714,1769.5455587698416,543.2219096676587,988.6460096775795,331.8802791071429
2026-02-22 12:00:00+00:00,410.64725,1654.3675000000003,112.471,72.046,1687.3799999999999,125.23700000000002,892.579,417.91724999999997,262.8427972399633,1609.5074110505843,318.0187145451552,35.03622091082182,790.6320576410561,267.0282344111855,1074.4743401109577,433.45276980062647,485.4113284821428,4427.6351160466265,321.30533287202377,59.96197808035714,1769.5455587698416,543.2219096676587,988.6460096775795,331.8802791071429,485.4113284821428,4427.6351160466265,321.30533287202377,59.96197808035714,1769.5455587698416,543.2219096676587,988.6460096775795,331.8802791071429
2026-02-22 13:00:00+00:00,411.1945,1648.5425,112.471,62.95825,1637.82,124.37300000000005,885.2535,416.7695,267.868217667043,1634.868343834576,341.13207741079714,9.116283461042386,633.7513518909002,362.2588946887032,1078.0714469475674,427.27533319695,485.4113284821428,4427.6351160466265,321.30533287202377,59.96197808035714,1769.5455587698416,543.2219096676587,988.6460096775795,331.8802791071429,485.4113284821428,4427.6351160466265,321.30533287202377,59.96197808035714,1769.5455587698416,543.2219096676587,988.6460096775795,331.8802791071429
2026-02-22 14:00:00+00:00,411.7,1658.525,112.471,63.68575,1695.4850000000001,136.954,889.031,422.00575000000003,275.0860385595572,2007.3895564242662,349.9879827785127,27.430493683019904,704.5636787488527,400.38300010687715,1069.0383053769615,429.33740841652013,485.4113284821428,4427.6351160466265,321.30533287202377,59.96197808035714,1769.5455587698416,543.2219096676587,988.6460096775795,331.8802791071429,485.4113284821428,4427.6351160466265,321.30533287202377,59.96197808035714,1769.5455587698416,543.2219096676587,988.6460096775795,331.8802791071429
2026-02-22 15:00:00+00:00,413.65825,1704.7925,112.471,80.8545,2079.3125,193.84975000000003,901.3947499999999,413.382,288.5926299571545,1818.5394216328564,351.95641553681367,36.48010478368762,918.0035985169151,697.6414297731368,1044.3251932714677,425.06248593466967,485.4113284821428,4427.6351160466265,321.30533287202377,59.96197808035714,1769.5455587698416,543.2219096676587,988.6460096775795,331.8802791071429,485.4113284821428,4427.6351160466265,321.30533287202377,59.96197808035714,1769.5455587698416,543.2219096676587,988.6460096775795,331.8802791071429
2026-02-22 16:00:00+00:00,410.1945,2141.6549999999997,112.471,129.15975,2692.5175,719.8475,910.19975,403.9035,307.1189939213788,1767.089717624925,360.8905534809648,12.980599618988968,1023.6568664525429,1178.0331483929845,1007.7975911158661,413.8318952615966,485.4113284821428,4427.6351160466265,321.30533287202377,59.96197808035714,1769.5455587698416,543.2219096676587,988.6460096775795,331.8802791071429,485.4113284821428,4427.6351160466265,321.30533287202377,59.96197808035714,1769.5455587698416,543.2219096676587,988.6460096775795,331.8802791071429
2026-02-22 17:00:00+00:00,410.3445,2524.62,112.471,153.47424999999998,2958.3775,1134.43375,921.5045,405.322,295.98593743903376,1722.8898496547577,364.40874310904667,25.932285476476586,1331.1546992668063,1333.3306120476918,1022.9192982744646,442.33488846363537,485.4113284821428,4427.6351160466265,321.30533287202377,59.96197808035714,1769.5455587698416,543.2219096676587,988.6460096775795,331.8802791071429,485.4113284821428,4427.6351160466265,321.30533287202377,59.96197808035714,1769.5455587698416,543.2219096676587,988.6460096775795,331.8802791071429
2026-02-22 18:00:00+00:00,410.93325000000004,2394.39,112.471,162.9755,2983.05,1112.2930000000001,917.6925,413.66375,296.25530522325596,1723.1148669889453,360.1745261060838,27.809878371374204,1317.5241695685554,1061.3434570887098,993.7483745162087,417.98072288927136,485.4113284821428,4427.6351160466265,321.30533287202377,59.96197808035714,1769.5455587698416,543.2219096676587,988.6460096775795,331.8802791071429,485.4113284821428,4427.6351160466265,321.30533287202377,59.96197808035714,1769.5455587698416,543.2219096676587,988.6460096775795,331.8802791071429
2026-02-22 19:00:00+00:00,409.0305,2177.385,112.471,163.227,2961.5225,699.64125,916.8009999999999,416.69725,301.18954278472165,1770.4282128107693,359.96542572246,26.73427968589678,1126.062390990252,585.1968927752521,1003.0919096160956,395.9099129845421,485.4113284821428,4427.6351160466265,321.30533287202377,59.96197808035714,1769.5455587698416,543.2219096676587,988.6460096775795,331.8802791071429,485.4113284821428,4427.6351160466265,321.30533287202377,59.96197808035714,1769.5455587698416,543.2219096676587,988.6460096775795,331.8802791071429
2026-02-22 20:00:00+00:00,407.17775,2155.275,112.471,163.25775000000002,2957.9975,403.35299999999995,921.5465,404.26824999999997,340.02302230943906,1978.9973551321427,365.34527817280446,25.73781929923453,1138.9903139091416,392.0708171103526,1021.6646691026929,412.22755007606895,485.4113284821428,4427.6351160466265,321.30533287202377,59.96197808035714,1769.5455587698416,543.2219096676587,988.6460096775795,331.8802791071429,485.4113284821428,4427.6351160466265,321.30533287202377,59.96197808035714,1769.5455587698416,543.2219096676587,988.6460096775795,331.8802791071429
2026-02-22 21:00:00+00:00,408.65,1970.0124999999998,112.471,150.28425000000001,2805.665,271.92525,913.43725,416.479,323.1644949253701,1911.5706790704803,381.9552719468667,36.11830598819064,1186.334595668243,165.16845676472246,984.1766294232132,407.8431599724979,485.4113284821428,4427.6351160466265,321.30533287202377,59.96197808035714,1769.5455587698416,543.2219096676587,988.6460096775795,331.8802791071429,485.4113284821428,4427.6351160466265,321.30533287202377,59.96197808035714,1769.5455587698416,543.2219096676587,988.6460096775795,331.8802791071429
2026-02-22 22:00:00+00:00,410.789,1619.895,112.471,113.85125,2122.535,144.3945,898.235,416.16025,302.1158208748175,1753.7923887135407,377.32567777538424,33.32354453411932,1147.5810232344297,131.35626959978975,1010.6397238066659,399.9545308019091,485.4113284821428,4427.6351160466265,321.30533287202377,59.96197808035714,1769.5455587698416,543.2219096676587,988.6460096775795,331.8802791071429,485.4113284821428,4427.6351160466265,321.30533287202377,59.96197808035714,1769.5455587698416,543.2219096676587,988.6460096775795,331.8802791071429
2026-02-22 23:00:00+00:00,410.82775000000004,1588.7525,111.703,71.06925,1856.1399999999999,124.80624999999998,888.88325,399.86825,305.58631352571774,1828.9225102985624,372.51813818066836,37.56121234974462,1273.6717884345562,118.76086343813711,998.4108510935595,395.4070848811468,485.4113284821428,4427.6351160466265,321.30533287202377,59.96197808035714,1769.5455587698416,543.2219096676587,988.6460096775795,331.8802791071429,485.4113284821428,4427.6351160466265,321.30533287202377,59.96197808035714,1769.5455587698416,543.2219096676587,988.6460096775795,331.8802791071429
2026-02-23 00:00:00+00:00,409.7555,1577.6400000000003,111.701,70.51425,1805.2925,123.66525000000001,879.16375,410.4565,321.41479546144274,1904.5394296731888,397.9633317120481,54.08878485010313,1202.894903363985,171.57606764382422,949.4528613390585,376.23425802176126,485.4113284821428,4427.6351160466265,321.30533287202377,59.96197808035714,1769.5455587698416,543.2219096676587,988.6460096775795,331.8802791071429,485.4113284821428,4427.6351160466265,321.30533287202377,59.96197808035714,1769.5455587698416,543.2219096676587,988.6460096775795,331.8802791071429
2026-02-23 01:00:00+00:00,411.1665,1579.0524999999998,111.701,70.4965,1804.7375,125.18574999999998,892.176,410.7135,361.3839146587845,2373.261707298485,382.26009516483725,61.54329258942044,1221.9767014185732,142.1429910569704,925.2076354188708,337.4816236652099,485.4113284821428,4427.6351160466265,321.30533287202377,59.96197808035714,1769.5455587698416,543.2219096676587,988.6460096775795,331.8802791071429,485.4113284821428,4427.6351160466265,321.30533287202377,59.96197808035714,1769.5455587698416,543.2219096676587,988.6460096775795,331.8802791071429
2026-02-23 02:00:00+00:00,411.7695,1577.1825,111.701,70.34075,1835.2150000000001,125.13324999999998,891.67675,415.42175,376.4255742055725,2201.261371658227,386.3184183550723,41.67560093777239,1380.89847953123,166.4494655417907,921.4691671049848,392.8135119602398,485.4113284821428,4427.6351160466265,321.30533287202377,59.96197808035714,1769.5455587698416,543.2219096676587,988.6460096775795,331.8802791071429,485.4113284821428,4427.6351160466265,321.30533287202377,59.96197808035714,1769.5455587698416,543.2219096676587,988.6460096775795,331.8802791071429
2026-02-23 03:00:00+00:00,413.286,1617.0425,111.701,70.277,1883.7224999999999,125.17225000000008,892.0822499999999,431.6615,356.4659114703883,2348.641885196941,386.3094076018335,48.31673908941643,1392.113726685761,213.73267197259196,975.2636997151781,368.9695486778336,485.4113284821428,4427.6351160466265,321.30533287202377,59.96197808035714,1769.5455587698416,543.2219096676587,988.6460096775795,331.8802791071429,485.4113284821428,4427.6351160466265,321.30533287202377,59.96197808035714,1769.5455587698416,543.2219096676587,988.6460096775795,331.8802791071429
2026-02-23 04:00:00+00:00,412.58625,1934.0974999999999,111.701,71.84825000000001,2088.2475,124.82825000000003,889.144,418.32675,363.3798006523904,2058.5546791701117,357.8881137706889,58.38827958028817,1573.3931927307206,254.51927895675453,929.6350131502816,348.5779523619733,485.4113284821428,4427.6351160466265,321.30533287202377,59.96197808035714,1769.5455587698416,543.2219096676587,988.6460096775795,331.8802791071429,485.4113284821428,4427.6351160466265,321.30533287202377,59.96197808035714,1769.5455587698416,543.2219096676587,988.6460096775795,331.8802791071429
2026-02-23 05:00:00+00:00,414.85275,2258.8575,111.701,106.637,2774.595,620.759,853.4175,419.356,395.14862800839734,2968.3169657791323,378.47967242821505,75.21149585694717,2128.6664613805688,337.96381211696604,939.2334204769134,392.06164664376996,485.4113284821428,4427.6351160466265,321.30533287202377,59.96197808035714,1769.5455587698416,543.2219096676587,988.6460096775795,331.8802791071429,485.4113284821428,4427.6351160466265,321.30533287202377,59.96197808035714,1769.5455587698416,543.2219096676587,988.6460096775795,331.8802791071429
2026-02-23 06:00:00+00:00,413.18075,3039.015,111.701,161.845,3200.2625,1414.72075,886.6705,420.1225,481.1106718828093,3421.3439583026297,346.73144120502496,86.06480658467657,2138.582243574473,1247.4618104883857,979.9465266119249,305.8856825873869,485.4113284821428,4427.6351160466265,321.30533287202377,59.96197808035714,1769.5455587698416,543.2219096676587,988.6460096775795,331.8802791071429,485.4113284821428,4427.6351160466265,321.30533287202377,59.96197808035714,1769.5455587698416,543.2219096676587,988.6460096775795,331.8802791071429
2026-02-23 07:00:00+00:00,414.25025,3164.7725,111.701,166.49849999999998,3232.88,1375.3277500000002,905.62525,430.40975000000003,472.65062256964177,2802.309803188019,357.10785216750395,67.35672641202564,1934.4957730995768,934.7668895412157,1024.2271292059952,350.80693861170494,485.4113284821428,4427.6351160466265,321.30533287202377,59.96197808035714,1769.5455587698416,543.2219096676587,988.6460096775795,331.8802791071429,485.4113284821428,4427.6351160466265,321.30533287202377,59.96197808035714,1769.5455587698416,543.2219096676587,988.6460096775795,331.8802791071429
2026-02-23 08:00:00+00:00,413.78625,3076.11,111.701,166.50475,3003.64,1203.8745000000001,899.8475,428.86850000000004,346.1681022935667,2571.8828709528225,382.8925714442254,63.43246309557024,1859.4556034685997,787.306190509089,1025.1373172528763,382.8108974732579,485.4113284821428,4427.6351160466265,321.30533287202377,59.96197808035714,1769.5455587698416,543.2219096676587,988.6460096775795,331.8802791071429,485.4113284821428,4427.6351160466265,321.30533287202377,59.96197808035714,1769.5455587698416,543.2219096676587,988.6460096775795,331.8802791071429
2026-02-23 09:00:00+00:00,410.82225,2499.175,111.701,162.25275,2669.3925,428.6225,886.6525,397.741,346.59558080744773,1746.8513671111496,385.95864536474676,54.28826432400404,1909.8385162698244,510.86855732235756,1042.1288720017276,377.3493078478859,485.4113284821428,4427.6351160466265,321.30533287202377,59.96197808035714,1769.5455587698416,543.2219096676587,988.6460096775795,331.8802791071429,485.4113284821428,4427.6351160466265,321.30533287202377,59.96197808035714,1769.5455587698416,543.2219096676587,988.6460096775795,331.8802791071429
2026-02-23 10:00:00+00:00,409.4665,2389.0725,111.701,91.405,2149.52,154.84425,879.113,370.68125,340.9427041455325,1272.0771308897647,383.7703387201076,44.80465239170249,1478.2997350233306,297.55787647204215,1074.7422271465198,415.7624947391468,485.4113284821428,4427.6351160466265,321.30533287202377,59.96197808035714,1769.5455587698416,543.2219096676587,988.6460096775795,331.8802791071429,485.4113284821428,4427.6351160466265,321.30533287202377,59.96197808035714,1769.5455587698416,543.2219096676587,988.6460096775795,331.8802791071429
2026-02-23 11:00:00+00:00,410.24975,2377.945,112.25749999999996,73.77924999999999,1931.29,118.00900000000001,830.8910000000001,373.1845,313.9743948805239,1262.115159676293,365.8554865009392,33.74186684412247,1241.7650552455857,138.98396980772094,1048.1449421256907,394.41419659206355,485.4113284821428,4427.6351160466265,321.30533287202377,59.96197808035714,1769.5455587698416,543.2219096676587,988.6460096775795,331.8802791071429,485.4113284821428,4427.6351160466265,321.30533287202377,59.96197808035714,1769.5455587698416,543.2219096676587,988.6460096775795,331.8802791071429
2026-02-23 12:00:00+00:00,408.40274999999997,2386.4025,112.28724999999997,73.59525,1927.55,117.35950000000003,825.342,377.8725,275.9711246383904,1261.480321290559,370.2935949549251,38.57512009883361,1335.3534031129461,287.4604820807729,1063.4256609348754,430.60500737161726,485.4113284821428,4427.6351160466265,321.30533287202377,59.96197808035714,1769.5455587698416,543.2219096676587,988.6460096775795,331.8802791071429,485.4113284821428,4427.6351160466265,321.30533287202377,59.96197808035714,1769.5455587698416,543.2219096676587,988.6460096775795,331.8802791071429
2026-02-23 13:00:00+00:00,409.74175,2409.0025,111.701,75.75275,2094.4125,139.17174999999997,849.23325,372.942,275.96530251964,1224.8268112003207,366.4835358219975,29.36216315065017,1099.6296590105824,309.98347719437845,1062.0670724675122,450.4911616222778,485.4113284821428,4427.6351160466265,321.30533287202377,59.96197808035714,1769.5455587698416,543.2219096676587,988.6460096775795,331.8802791071429,485.4113284821428,4427.6351160466265,321.30533287202377,59.96197808035714,1769.5455587698416,543.2219096676587,988.6460096775795,331.8802791071429
2026-02-23 14:00:00+00:00,410.21375,2934.5425,111.701,97.428,2583.335,184.07850000000002,878.02175,395.18125,347.27469448480406,1589.5024054484243,378.26104236985714,48.474809630392485,1396.396312739649,531.8275032330791,1066.0117132426292,422.5475009761086,485.4113284821428,4427.6351160466265,321.30533287202377,59.96197808035714,1769.5455587698416,543.2219096676587,988.6460096775795,331.8802791071429,485.4113284821428,4427.6351160466265,321.30533287202377,59.96197808035714,1769.5455587698416,543.2219096676587,988.6460096775795,331.8802791071429
2026-02-23 15:00:00+00:00,558.3415,4381.71,111.701,130.282,2968.615,208.09974999999997,911.44375,404.52675,348.83857471962233,2289.816028057628,372.6113494738788,71.01843730088756,2080.151319106072,615.4411698034046,1006.8837414901033,372.26040871063094,485.4113284821428,4427.6351160466265,321.30533287202377,59.96197808035714,1769.5455587698416,543.2219096676587,988.6460096775795,331.8802791071429,485.4113284821428,4427.6351160466265,321.30533287202377,59.96197808035714,1769.5455587698416,543.2219096676587,988.6460096775795,331.8802791071429
2026-02-23 16:00:00+00:00,705.378,4852.6475,111.701,151.69475,3199.2025,266.102,912.733,423.92775,519.1746690202357,3164.9423698116616,364.7984983575509,99.27628802864547,2344.319132378031,1465.391627561563,1030.7824828901157,337.80509255962784,485.4113284821428,4427.6351160466265,321.30533287202377,59.96197808035714,1769.5455587698416,543.2219096676587,988.6460096775795,331.8802791071429,485.4113284821428,4427.6351160466265,321.30533287202377,59.96197808035714,1769.5455587698416,543.2219096676587,988.6460096775795,331.8802791071429
2026-02-23 17:00:00+00:00,836.97775,5185.7525000000005,111.701,162.60975,3240.05,424.34574999999995,909.828,424.70799999999997,532.1262533670251,3555.9485062014583,368.13993745264537,99.0184882114946,2397.8016011990967,1482.2224381299438,995.5969965957391,349.1810767460148,485.4113284821428,4427.6351160466265,321.30533287202377,59.96197808035714,1769.5455587698416,543.2219096676587,988.6460096775795,331.8802791071429,485.4113284821428,4427.6351160466265,321.30533287202377,59.96197808035714,1769.5455587698416,543.2219096676587,988.6460096775795,331.8802791071429
2026-02-23 18:00:00+00:00,948.93025,5282.6825,111.701,162.99325,3293.945,463.71575,907.0435,428.13375,543.530401969402,3494.5125034015873,365.89416991778586,106.46108100169577,2438.3481012244547,1082.6640065428314,1024.8738999857812,363.04750600443566,485.4113284821428,4427.6351160466265,321.30533287202377,59.96197808035714,1769.5455587698416,543.2219096676587,988.6460096775795,331.8802791071429,485.4113284821428,4427.6351160466265,321.30533287202377,59.96197808035714,1769.5455587698416,543.2219096676587,988.6460096775795,331.8802791071429
2026-02-23 19:00:00+00:00,952.436,5278.34,111.701,163.054,3253.525,267.764,906.565,430.6155,481.48685532071,3262.9698743103636,371.59607868296246,93.66519013758942,2365.1769628646534,566.054595250928,975.5148224919569,401.69273836281707,485.4113284821428,4427.6351160466265,321.30533287202377,59.96197808035714,1769.5455587698416,543.2219096676587,988.6460096775795,331.8802791071429,485.4113284821428,4427.6351160466265,321.30533287202377,59.96197808035714,1769.5455587698416,543.2219096676587,988.6460096775795,331.8802791071429
2026-02-23 20:00:00+00:00,959.50575,5380.395,111.701,163.129,3206.9775,239.87525,902.655,421.794,442.40359465243876,3712.0477165469865,374.98212332729713,119.68751885322189,2607.0030423381686,306.63526120206893,985.4610162984895,349.8857070289977,485.4113284821428,4427.6351160466265,321.30533287202377,59.96197808035714,1769.5455587698416,543.2219096676587,988.6460096775795,331.8802791071429,485.4113284821428,4427.6351160466265,321.30533287202377,59.96197808035714,1769.5455587698416,543.2219096676587,988.6460096775795,331.8802791071429
2026-02-23 21:00:00+00:00,962.56925,5529.8925,111.701,163.19675,3179.4525,203.7405,901.9594999999999,425.578,452.7741583927994,4412.442395368651,374.29006097627746,114.19712387510725,2585.816265132074,362.733108340639,1014.6451068982411,353.52755619986766,485.4113284821428,4427.6351160466265,321.30533287202377,59.96197808035714,1769.5455587698416,543.2219096676587,988.6460096775795,331.8802791071429,485.4113284821428,4427.6351160466265,321.30533287202377,59.96197808035714,1769.5455587698416,543.2219096676587,988.6460096775795,331.8802791071429
2026-02-23 22:00:00+00:00,963.50825,5551.0925,111.701,161.63475,3122.425,169.59425,898.7625,425.83675,439.17925736546067,4968.405236932132,359.26144747194144,95.64988153542448,2518.5452436323594,193.62034125763188,996.6589787083377,379.6088017741499,485.4113284821428,4427.6351160466265,321.30533287202377,59.96197808035714,1769.5455587698416,543.2219096676587,988.6460096775795,331.8802791071429,485.4113284821428,4427.6351160466265,321.30533287202377,59.96197808035714,1769.5455587698416,543.2219096676587,988.6460096775795,331.8802791071429
2026-02-23 23:00:00+00:00,964.7945,5574.525,110.16424999999998,133.274,3017.865,126.54775000000001,897.65225,416.11424999999997,444.8243857423107,5040.440694901383,362.59662694277955,99.17567309526109,2473.4580260140183,190.9893354068211,1003.7976765497581,395.4063845383712,485.4113284821428,4427.6351160466265,321.30533287202377,59.96197808035714,1769.5455587698416,543.2219096676587,988.6460096775795,331.8802791071429,485.4113284821428,4427.6351160466265,321.30533287202377,59.96197808035714,1769.5455587698416,543.2219096676587,988.6460096775795,331.8802791071429
2026-02-24 00:00:00+00:00,966.969,5790.865,110.16,118.80575,2946.425,125.74549999999999,896.9422500000001,424.60175000000004,460.1170350901854,5265.8199643600965,347.7171681242327,93.64471945470885,2189.877752228262,199.14804821311003,990.8303756236172,351.851761209823,485.4113284821428,4427.6351160466265,321.30533287202377,59.96197808035714,1769.5455587698416,543.2219096676587,988.6460096775795,331.8802791071429,485.4113284821428,4427.6351160466265,321.30533287202377,59.96197808035714,1769.5455587698416,543.2219096676587,988.6460096775795,331.8802791071429
2026-02-24 01:00:00+00:00,965.6112499999999,5959.7125,110.16,118.83574999999999,2976.6525,125.1705,891.9785,421.0125,600.3139288844844,5550.669790205927,352.80761493875923,97.398796349555,2146.1711798026854,157.41808006026457,1005.0706574735195,354.2025791482391,485.4113284821428,4427.6351160466265,321.30533287202377,59.96197808035714,1769.5455587698416,543.2219096676587,988.6460096775795,331.8802791071429,485.4113284821428,4427.6351160466265,321.30533287202377,59.96197808035714,1769.5455587698416,543.2219096676587,988.6460096775795,331.8802791071429
2026-02-24 02:00:00+00:00,964.37225,6159.4625,110.16,118.836,2997.0925,125.80799999999999,896.5265,416.87525,783.5830872312147,5929.010097317554,359.25995299297546,109.92875782080358,2221.7044622144667,175.29115137261556,984.5707701959132,348.5108612633499,485.4113284821428,4427.6351160466265,321.30533287202377,59.96197808035714,1769.5455587698416,543.2219096676587,988.6460096775795,331.8802791071429,485.4113284821428,4427.6351160466265,321.30533287202377,59.96197808035714,1769.5455587698416,543.2219096676587,988.6460096775795,331.8802791071429
2026-02-24 03:00:00+00:00,962.725,6346.32,110.16,118.907,3023.9700000000003,265.15574999999995,897.74875,426.385,929.8696008913385,6113.20093996875,345.2411298005836,135.21364845000068,2570.247460931898,189.18453801480496,994.2027725958565,319.02882051630695,485.4113284821428,4427.6351160466265,321.30533287202377,59.96197808035714,1769.5455587698416,543.2219096676587,988.6460096775795,331.8802791071429,485.4113284821428,4427.6351160466265,321.30533287202377,59.96197808035714,1769.5455587698416,543.2219096676587,988.6460096775795,331.8802791071429
2026-02-24 04:00:00+00:00,960.69125,6644.975,110.16,133.2455,3105.1324999999997,255.66575,898.8495,417.89175,963.4116499727534,6426.03075575366,316.306337396682,135.45984792545255,2853.1782430055446,273.2875472471248,1030.3288814042583,357.39636192102483,485.4113284821428,4427.6351160466265,321.30533287202377,59.96197808035714,1769.5455587698416,543.2219096676587,988.6460096775795,331.8802791071429,485.4113284821428,4427.6351160466265,321.30533287202377,59.96197808035714,1769.5455587698416,543.2219096676587,988.6460096775795,331.8802791071429
2026-02-24 05:00:00+00:00,970.53875,7110.375,110.16,151.5275,3271.23,778.7494999999999,914.79675,408.81075,1038.5808486889403,6444.744761900669,303.22002929159544,139.2135142922753,3297.9147164273845,529.4873606143206,1050.6214238585471,376.68170939154425,485.4113284821428,4427.6351160466265,321.30533287202377,59.96197808035714,1769.5455587698416,543.2219096676587,988.6460096775795,331.8802791071429,485.4113284821428,4427.6351160466265,321.30533287202377,59.96197808035714,1769.5455587698416,543.2219096676587,988.6460096775795,331.8802791071429
2026-02-24 06:00:00+00:00,980.8387499999999,7165.28,110.16,162.99625,3369.04,1638.627,912.32875,411.88375,1057.3872627621402,6644.408452348178,297.5647439087137,135.11744393917382,3290.7261220400705,1512.0085768399517,929.9432292049446,385.8480794388922,485.4113284821428,4427.6351160466265,321.30533287202377,59.96197808035714,1769.5455587698416,543.2219096676587,988.6460096775795,331.8802791071429,485.4113284821428,4427.6351160466265,321.30533287202377,59.96197808035714,1769.5455587698416,543.2219096676587,988.6460096775795,331.8802791071429
2026-02-24 07:00:00+00:00,981.725,7207.105,110.16,162.91775,3353.4700000000003,1613.1889999999999,914.538,407.85125,1012.8611281753633,6674.488597354781,279.1852534405577,136.93142082959284,3294.594022063609,1527.5707470450634,996.9125579599465,381.4011968642934,485.4113284821428,4427.6351160466265,321.30533287202377,59.96197808035714,1769.5455587698416,543.2219096676587,988.6460096775795,331.8802791071429,485.4113284821428,4427.6351160466265,321.30533287202377,59.96197808035714,1769.5455587698416,543.2219096676587,988.6460096775795,331.8802791071429
2026-02-24 08:00:00+00:00,961.2165,7220.265,110.16,162.87575,3349.3625,1430.83725,912.717,411.772,952.5257148394298,6778.007065008928,313.5936299119631,143.38594700997766,3030.4461805651276,1077.953275154493,1004.9178230669502,397.947646955448,485.4113284821428,4427.6351160466265,321.30533287202377,59.96197808035714,1769.5455587698416,543.2219096676587,988.6460096775795,331.8802791071429,485.4113284821428,4427.6351160466265,321.30533287202377,59.96197808035714,1769.5455587698416,543.2219096676587,988.6460096775795,331.8802791071429
2026-02-24 09:00:00+00:00,948.49675,7227.1825,110.16,156.926,3253.085,486.9475,916.815,418.81775,1077.7189296873853,6955.566655853092,314.37689379800105,151.78281685111256,2991.4489515905543,559.9758146333174,963.8648105042391,416.62841372522234,485.4113284821428,4427.6351160466265,321.30533287202377,59.96197808035714,1769.5455587698416,543.2219096676587,988.6460096775795,331.8802791071429,485.4113284821428,4427.6351160466265,321.30533287202377,59.96197808035714,1769.5455587698416,543.2219096676587,988.6460096775795,331.8802791071429
2026-02-24 10:00:00+00:00,974.76925,7263.965,110.16,155.2,3243.4525,321.5635,921.5765,395.45625,1025.5100093430863,7150.9720474473925,335.03841669626274,147.2320048044856,3084.3320266912124,453.60079887534187,986.1049010593439,433.0147749029413,485.4113284821428,4427.6351160466265,321.30533287202377,59.96197808035714,1769.5455587698416,543.2219096676587,988.6460096775795,331.8802791071429,485.4113284821428,4427.6351160466265,321.30533287202377,59.96197808035714,1769.5455587698416,543.2219096676587,988.6460096775795,331.8802791071429
2026-02-24 11:00:00+00:00,937.5,7211.3575,110.16,155.27224999999999,3226.95,251.42950000000002,914.01425,392.053,1154.498483644708,7160.395814697802,325.7067802320521,126.49385897031623,3063.9098767206874,408.6648953933586,999.6763370816983,408.304210768742,485.4113284821428,4427.6351160466265,321.30533287202377,59.96197808035714,1769.5455587698416,543.2219096676587,988.6460096775795,331.8802791071429,485.4113284821428,4427.6351160466265,321.30533287202377,59.96197808035714,1769.5455587698416,543.2219096676587,988.6460096775795,331.8802791071429
2026-02-24 12:00:00+00:00,922.78075,7147.24,110.16,155.43725,3224.1549999999997,227.71525000000003,907.634,389.3845,1124.5032576684764,6910.6580448717295,317.24256755882453,132.0629045203082,3122.296343664651,288.1724681284171,981.4266713370928,392.5592575508658,485.4113284821428,4427.6351160466265,321.30533287202377,59.96197808035714,1769.5455587698416,543.2219096676587,988.6460096775795,331.8802791071429,485.4113284821428,4427.6351160466265,321.30533287202377,59.96197808035714,1769.5455587698416,543.2219096676587,988.6460096775795,331.8802791071429
2026-02-24 13:00:00+00:00,922.7305,7183.465,110.16,155.4195,3244.5925,275.13775,900.3045,388.6385,1127.5556499002316,6982.266074942208,304.4521957290576,133.574264406576,3027.8093762891704,295.9131024354423,981.1505352869132,402.87319212579473,485.4113284821428,4427.6351160466265,321.30533287202377,59.96197808035714,1769.5455587698416,543.2219096676587,988.6460096775795,331.8802791071429,485.4113284821428,4427.6351160466265,321.30533287202377,59.96197808035714,1769.5455587698416,543.2219096676587,988.6460096775795,331.8802791071429
2026-02-24 14:00:00+00:00,983.1405,7269.71,110.16,155.46224999999998,3256.7225,454.0555,1129.77,418.017,1085.1819073693744,6908.349768883731,278.5516721375254,134.54966644025933,3022.302189771778,590.8815296025222,1004.1550263409639,403.4385456015354,485.4113284821428,4427.6351160466265,321.30533287202377,59.96197808035714,1769.5455587698416,543.2219096676587,988.6460096775795,331.8802791071429,485.4113284821428,4427.6351160466265,321.30533287202377,59.96197808035714,1769.5455587698416,543.2219096676587,988.6460096775795,331.8802791071429
2026-02-24 15:00:00+00:00,1017.1725000000001,7284.6375,110.16,155.45725,3460.65,1219.5975,1065.1475,423.781,989.4804023946724,6852.717069549313,286.2665421208152,132.30856535360817,3149.382533846244,975.0549571773713,1011.570870724711,417.7716048082083,485.4113284821428,4427.6351160466265,321.30533287202377,59.96197808035714,1769.5455587698416,543.2219096676587,988.6460096775795,331.8802791071429,485.4113284821428,4427.6351160466265,321.30533287202377,59.96197808035714,1769.5455587698416,543.2219096676587,988.6460096775795,331.8802791071429
2026-02-24 16:00:00+00:00,1022.8925000000002,7287.65,135.41075,156.4985,3616.2,1711.64025,1037.6325000000002,432.3805,865.3226315429634,6907.367163839148,360.9339519546186,129.72028321730852,3220.598828003215,1677.9624450800975,1006.2082544234869,386.35904140237096,485.4113284821428,4427.6351160466265,321.30533287202377,59.96197808035714,1769.5455587698416,543.2219096676587,988.6460096775795,331.8802791071429,485.4113284821428,4427.6351160466265,321.30533287202377,59.96197808035714,1769.5455587698416,543.2219096676587,988.6460096775795,331.8802791071429
2026-02-24 17:00:00+00:00,1019.3325,7291.355,227.26524999999998,165.64375,3692.4425,1745.7437499999996,1032.2425,441.43525,846.9740849328655,6697.062807159249,396.2658160511676,141.74575516703004,3786.2415812700847,1498.9854988481736,1027.4520601387342,393.9648847033117,485.4113284821428,4427.6351160466265,321.30533287202377,59.96197808035714,1769.5455587698416,543.2219096676587,988.6460096775795,331.8802791071429,485.4113284821428,4427.6351160466265,321.30533287202377,59.96197808035714,1769.5455587698416,543.2219096676587,988.6460096775795,331.8802791071429
2026-02-24 18:00:00+00:00,1017.9125000000001,7284.515,267.07574999999997,165.76825,3677.2275,1714.1034999999997,1027.71,443.08475,873.2767266273969,6615.3623403925485,403.07150837944283,138.36322868606442,3566.2275857516483,1202.6006278440684,1007.0133173123054,407.8020062091981,485.4113284821428,4427.6351160466265,321.30533287202377,59.96197808035714,1769.5455587698416,543.2219096676587,988.6460096775795,331.8802791071429,485.4113284821428,4427.6351160466265,321.30533287202377,59.96197808035714,1769.5455587698416,543.2219096676587,988.6460096775795,331.8802791071429
2026-02-24 19:00:00+00:00,1018.6475,7277.8875,200.518,162.939,3661.45,1063.6924999999999,1034.0149999999999,440.4495,1111.1475107886786,6837.864895628998,394.018040066176,129.66460926309406,3516.2105672578,625.1179485609712,1039.3325529990188,403.1873061976667,485.4113284821428,4427.6351160466265,321.30533287202377,59.96197808035714,1769.5455587698416,543.2219096676587,988.6460096775795,331.8802791071429,485.4113284821428,4427.6351160466265,321.30533287202377,59.96197808035714,1769.5455587698416,543.2219096676587,988.6460096775795,331.8802791071429
2026-02-24 20:00:00+00:00,1021.8625,7147.475,117.33625,162.55349999999999,3518.73,571.12175,1035.5475,435.8,1054.6313353638484,6904.20559789558,350.2924883279843,121.7947453597759,3267.7694763482186,465.9833226523161,1026.70287144831,408.64574818911996,485.4113284821428,4427.6351160466265,321.30533287202377,59.96197808035714,1769.5455587698416,543.2219096676587,988.6460096775795,331.8802791071429,485.4113284821428,4427.6351160466265,321.30533287202377,59.96197808035714,1769.5455587698416,543.2219096676587,988.6460096775795,331.8802791071429
2026-02-24 21:00:00+00:00,989.4517500000001,7037.3325,110.16,152.1095,3228.3475,463.72325,1018.6375,433.7315,1048.4061648597537,6912.621569631823,351.1684708670282,125.5565179691899,3060.103180889646,308.65476330131116,1043.8800552768425,368.82751703129355,485.4113284821428,4427.6351160466265,321.30533287202377,59.96197808035714,1769.5455587698416,543.2219096676587,988.6460096775795,331.8802791071429,485.4113284821428,4427.6351160466265,321.30533287202377,59.96197808035714,1769.5455587698416,543.2219096676587,988.6460096775795,331.8802791071429
2026-02-24 22:00:00+00:00,954.6305,6978.6225,110.16,141.05450000000002,3046.855,140.15375,1017.0725,434.6915,1061.8713512703212,6812.314301142003,335.0451257244259,117.1353065946828,2961.113087694078,320.2934333285921,991.3613318230557,397.8408625408831,485.4113284821428,4427.6351160466265,321.30533287202377,59.96197808035714,1769.5455587698416,543.2219096676587,988.6460096775795,331.8802791071429,485.4113284821428,4427.6351160466265,321.30533287202377,59.96197808035714,1769.5455587698416,543.2219096676587,988.6460096775795,331.8802791071429
2026-02-24 23:00:00+00:00,930.88325,6996.202499999999,112.46449999999999,133.71,3000.86,140.5709999999999,1019.425,429.067,919.2787113818831,6629.97622922857,337.2296656138727,125.24325243109045,2839.026931045806,211.30107584784633,991.763581882609,388.53007811579175,485.4113284821428,4427.6351160466265,321.30533287202377,59.96197808035714,1769.5455587698416,543.2219096676587,988.6460096775795,331.8802791071429,485.4113284821428,4427.6351160466265,321.30533287202377,59.96197808035714,1769.5455587698416,543.2219096676587,988.6460096775795,331.8802791071429
2026-02-25 00:00:00+00:00,921.722,6857.35,112.471,137.2725,2927.9700000000003,139.301,1010.81,426.0545,845.9356059331476,6782.855971104141,340.07771323586184,126.62500975503366,2782.2113519720606,162.31592433657403,1009.6517262973186,363.5066327105686,485.4113284821428,4427.6351160466265,321.30533287202377,59.96197808035714,1769.5455587698416,543.2219096676587,988.6460096775795,331.8802791071429,485.4113284821428,4427.6351160466265,321.30533287202377,59.96197808035714,1769.5455587698416,543.2219096676587,988.6460096775795,331.8802791071429
2026-02-25 01:00:00+00:00,924.72775,6871.4,112.471,137.34125,2919.9325,140.27800000000002,1019.1275,423.65975,1029.462384197436,6732.023663682524,346.1885417564559,139.0656292164707,2873.223523946249,128.87458762424484,1005.933497879243,406.72994922947754,485.4113284821428,4427.6351160466265,321.30533287202377,59.96197808035714,1769.5455587698416,543.2219096676587,988.6460096775795,331.8802791071429,485.4113284821428,4427.6351160466265,321.30533287202377,59.96197808035714,1769.5455587698416,543.2219096676587,988.6460096775795,331.8802791071429
2026-02-25 02:00:00+00:00,922.34425,6882.075,112.471,137.29325,3040.1975,139.98450000000003,1016.91,421.942,909.3878803346257,6558.231309582731,348.36442320757425,144.80785264588087,3001.658745068793,134.5859237359669,1018.717618768843,409.274691571581,485.4113284821428,4427.6351160466265,321.30533287202377,59.96197808035714,1769.5455587698416,543.2219096676587,988.6460096775795,331.8802791071429,485.4113284821428,4427.6351160466265,321.30533287202377,59.96197808035714,1769.5455587698416,543.2219096676587,988.6460096775795,331.8802791071429
2026-02-25 03:00:00+00:00,936.8054999999999,6906.02,112.471,136.60399999999998,3106.1349999999998,140.103,1018.3125,430.79675,844.8779164724426,6566.529858356578,325.91122416463224,126.63539437786775,3298.8845013960363,139.40580281327271,1011.7123295799162,399.54661167814027,485.4113284821428,4427.6351160466265,321.30533287202377,59.96197808035714,1769.5455587698416,543.2219096676587,988.6460096775795,331.8802791071429,485.4113284821428,4427.6351160466265,321.30533287202377,59.96197808035714,1769.5455587698416,543.2219096676587,988.6460096775795,331.8802791071429
2026-02-25 04:00:00+00:00,994.689,7068.495,112.471,150.04475,3258.9224999999997,307.70949999999993,1018.0775,423.44675,886.9581670907869,6594.8074950588125,337.41569842425855,138.42634814881794,3535.3050697928884,287.2238912665833,995.6183491022833,362.8249554868626,485.4113284821428,4427.6351160466265,321.30533287202377,59.96197808035714,1769.5455587698416,543.2219096676587,988.6460096775795,331.8802791071429,485.4113284821428,4427.6351160466265,321.30533287202377,59.96197808035714,1769.5455587698416,543.2219096676587,988.6460096775795,331.8802791071429
2026-02-25 05:00:00+00:00,1008.3,7052.3175,169.58425,156.77875,3441.2175,899.65075,1019.9399999999999,417.318,972.8906693974027,6594.839412988825,363.4730522274869,149.8329044073572,3941.6476428597935,505.058173891978,1005.8563663200745,416.96678046201873,485.4113284821428,4427.6351160466265,321.30533287202377,59.96197808035714,1769.5455587698416,543.2219096676587,988.6460096775795,331.8802791071429,485.4113284821428,4427.6351160466265,321.30533287202377,59.96197808035714,1769.5455587698416,543.2219096676587,988.6460096775795,331.8802791071429
2026-02-25 06:00:00+00:00,1005.7175,7030.637500000001,211.54275,167.375,3496.9125,1423.565,1019.9475,420.85175,923.5293885714883,6462.677013037022,343.4696183019732,115.91705020595006,3603.276886115797,1497.8985662206164,990.4474653347544,407.5934259532023,485.4113284821428,4427.6351160466265,321.30533287202377,59.96197808035714,1769.5455587698416,543.2219096676587,988.6460096775795,331.8802791071429,485.4113284821428,4427.6351160466265,321.30533287202377,59.96197808035714,1769.5455587698416,543.2219096676587,988.6460096775795,331.8802791071429
2026-02-25 07:00:00+00:00,1005.6600000000001,7028.4325,112.471,167.97075,3524.2225,622.9955,1018.43675,423.54575,938.3533835146675,6751.106570289712,324.00749127543287,129.7210779237359,3468.8933820607144,1185.443581579471,1007.7950050474902,402.08982210595127,485.4113284821428,4427.6351160466265,321.30533287202377,59.96197808035714,1769.5455587698416,543.2219096676587,988.6460096775795,331.8802791071429,485.4113284821428,4427.6351160466265,321.30533287202377,59.96197808035714,1769.5455587698416,543.2219096676587,988.6460096775795,331.8802791071429
2026-02-25 08:00:00+00:00,895.5749999999999,6923.3,112.471,168.06775,3324.4975,238.23650000000004,1012.72425,410.68325,830.081366592366,6861.536803806486,317.8407747694451,128.08623109053138,3131.1511410746734,576.3196733197426,1016.3344541078219,384.8423444093906,485.4113284821428,4427.6351160466265,321.30533287202377,59.96197808035714,1769.5455587698416,543.2219096676587,988.6460096775795,331.8802791071429,485.4113284821428,4427.6351160466265,321.30533287202377,59.96197808035714,1769.5455587698416,543.2219096676587,988.6460096775795,331.8802791071429
2026-02-25 09:00:00+00:00,542.95,6897.365,112.471,169.541,3156.275,257.63675,1042.5025,410.64225,945.2388325873636,6494.808351513008,319.7131475316589,92.32323513695641,2524.6686909478444,215.6791408170822,1023.1428451337653,397.7632224031565,485.4113284821428,4427.6351160466265,321.30533287202377,59.96197808035714,1769.5455587698416,543.2219096676587,988.6460096775795,331.8802791071429,485.4113284821428,4427.6351160466265,321.30533287202377,59.96197808035714,1769.5455587698416,543.2219096676587,988.6460096775795,331.8802791071429
2026-02-25 10:00:00+00:00,408.12475,6689.5599999999995,112.471,163.45999999999998,3044.965,145.6535,1039.9125,410.93375000000003,764.2160442776718,5774.921693709301,307.2304651841147,101.7977243977699,2141.1964750771253,140.61801874491897,982.0083621264675,398.92107270011724,485.4113284821428,4427.6351160466265,321.30533287202377,59.96197808035714,1769.5455587698416,543.2219096676587,988.6460096775795,331.8802791071429,485.4113284821428,4427.6351160466265,321.30533287202377,59.96197808035714,1769.5455587698416,543.2219096676587,988.6460096775795,331.8802791071429
2026-02-25 11:00:00+00:00,397.5085,5601.5075,112.471,148.2095,2708.0,141.37599999999998,1029.825,418.55949999999996,597.6576012637041,5023.76315481308,325.67518523031947,89.42940140657744,1809.790844889492,145.9187497851296,967.9550698646822,353.0468836628972,485.4113284821428,4427.6351160466265,321.30533287202377,59.96197808035714,1769.5455587698416,543.2219096676587,988.6460096775795,331.8802791071429,485.4113284821428,4427.6351160466265,321.30533287202377,59.96197808035714,1769.5455587698416,543.2219096676587,988.6460096775795,331.8802791071429
2026-02-25 12:00:00+00:00,366.34975,5385.495,112.471,133.77425,2592.5875,139.738,1016.5074999999999,419.42875,579.1680574639486,4626.516532880966,319.2110651035502,67.06010508689849,1488.6955512760242,152.14100762160172,956.8449875916286,380.0274691344034,485.4113284821428,4427.6351160466265,321.30533287202377,59.96197808035714,1769.5455587698416,543.2219096676587,988.6460096775795,331.8802791071429,485.4113284821428,4427.6351160466265,321.30533287202377,59.96197808035714,1769.5455587698416,543.2219096676587,988.6460096775795,331.8802791071429
2026-02-25 13:00:00+00:00,362.46925,6059.8949999999995,112.471,133.40775,2566.9049999999997,140.1615,1020.0875,403.81100000000004,585.9417639294982,4425.734038944904,324.9804787147973,65.05843574600036,1479.5886786294839,156.51099753278015,954.6735793948218,380.60037153840864,485.4113284821428,4427.6351160466265,321.30533287202377,59.96197808035714,1769.5455587698416,543.2219096676587,988.6460096775795,331.8802791071429,485.4113284821428,4427.6351160466265,321.30533287202377,59.96197808035714,1769.5455587698416,543.2219096676587,988.6460096775795,331.8802791071429
2026-02-25 14:00:00+00:00,493.611,6608.6625,112.471,133.44,2685.325,256.4375,1023.6725,414.18675,716.7282719640027,5466.606454034367,325.58720385550254,79.04774437636969,1917.712419856753,156.6338905787814,965.7467611727404,384.88221426486837,485.4113284821428,4427.6351160466265,321.30533287202377,59.96197808035714,1769.5455587698416,543.2219096676587,988.6460096775795,331.8802791071429,485.4113284821428,4427.6351160466265,321.30533287202377,59.96197808035714,1769.5455587698416,543.2219096676587,988.6460096775795,331.8802791071429
2026-02-25 15:00:00+00:00,762.92775,6958.975,112.471,133.73275,3065.295,701.27925,1043.8375,423.96675,1043.7960615471036,6375.714018937839,326.9651932831748,87.41685334827004,2300.1753018631416,674.756069897943,1000.6963620980388,392.4523980075023,485.4113284821428,4427.6351160466265,321.30533287202377,59.96197808035714,1769.5455587698416,543.2219096676587,988.6460096775795,331.8802791071429,485.4113284821428,4427.6351160466265,321.30533287202377,59.96197808035714,1769.5455587698416,543.2219096676587,988.6460096775795,331.8802791071429
2026-02-25 16:00:00+00:00,989.74975,6996.1025,112.471,167.3155,3453.0725,1331.40525,1045.28,429.2615,1040.5470393631917,6527.204148657597,331.05835679361127,123.12766011167044,2770.5525292960483,1630.8842102404765,1008.4140141246885,391.7510253563716,485.4113284821428,4427.6351160466265,321.30533287202377,59.96197808035714,1769.5455587698416,543.2219096676587,988.6460096775795,331.8802791071429,485.4113284821428,4427.6351160466265,321.30533287202377,59.96197808035714,1769.5455587698416,543.2219096676587,988.6460096775795,331.8802791071429
2026-02-25 17:00:00+00:00,1021.2975000000001,6948.3575,112.471,169.9975,3496.1775,1282.56875,1050.0175,420.45574999999997,929.4731006608092,6653.691335388739,342.5513556150757,121.80721338935919,2920.6602141229423,1929.199621324046,1023.754919216281,379.1931017429915,485.4113284821428,4427.6351160466265,321.30533287202377,59.96197808035714,1769.5455587698416,543.2219096676587,988.6460096775795,331.8802791071429,485.4113284821428,4427.6351160466265,321.30533287202377,59.96197808035714,1769.5455587698416,543.2219096676587,988.6460096775795,331.8802791071429
2026-02-25 18:00:00+00:00,1019.5250000000001,6973.282499999999,112.471,166.17675,3350.73,746.2085,1045.4450000000002,427.41225000000003,881.9523967509122,6038.614575436821,296.41612796096103,111.72254181094767,2946.439882680461,1692.7455050856634,1035.1038103311826,404.0979376846229,485.4113284821428,4427.6351160466265,321.30533287202377,59.96197808035714,1769.5455587698416,543.2219096676587,988.6460096775795,331.8802791071429,485.4113284821428,4427.6351160466265,321.30533287202377,59.96197808035714,1769.5455587698416,543.2219096676587,988.6460096775795,331.8802791071429
2026-02-25 19:00:00+00:00,1019.8375000000001,6930.54,112.471,141.9835,3064.67,284.21975,1033.9875,428.6155,676.6448014075503,5521.345930855337,280.4863936866158,122.63315203494356,2732.7855101895193,464.3422808037183,1035.3706114436955,411.1707853624458,485.4113284821428,4427.6351160466265,321.30533287202377,59.96197808035714,1769.5455587698416,543.2219096676587,988.6460096775795,331.8802791071429,485.4113284821428,4427.6351160466265,321.30533287202377,59.96197808035714,1769.5455587698416,543.2219096676587,988.6460096775795,331.8802791071429
2026-02-25 20:00:00+00:00,978.287,6688.0825,112.471,123.54899999999999,2822.3,259.38824999999997,1028.5349999999999,431.20124999999996,616.5374953943374,4926.071006243202,296.3174515872675,103.75017808620593,2426.621395221553,508.35797032286143,1031.977574471812,405.5352310666336,485.4113284821428,4427.6351160466265,321.30533287202377,59.96197808035714,1769.5455587698416,543.2219096676587,988.6460096775795,331.8802791071429,485.4113284821428,4427.6351160466265,321.30533287202377,59.96197808035714,1769.5455587698416,543.2219096676587,988.6460096775795,331.8802791071429
2026-02-25 21:00:00+00:00,737.31675,6590.8675,112.471,116.6345,2726.8025,229.69675,1038.9475,414.966,578.5952367658597,4818.250056017762,305.9421798333335,80.69383913263438,2297.4387311481646,464.43762134681856,1031.7127857437335,386.56244383536955,485.4113284821428,4427.6351160466265,321.30533287202377,59.96197808035714,1769.5455587698416,543.2219096676587,988.6460096775795,331.8802791071429,485.4113284821428,4427.6351160466265,321.30533287202377,59.96197808035714,1769.5455587698416,543.2219096676587,988.6460096775795,331.8802791071429
2026-02-25 22:00:00+00:00,433.43325,6490.4775,112.471,92.60025,2468.3625,140.96524999999997,1022.4925000000001,422.3205,551.5024528361566,4683.24444844572,310.3119958396843,80.1980142324516,2085.306677227678,309.59146410142347,991.8387761235452,375.4365845044676,485.4113284821428,4427.6351160466265,321.30533287202377,59.96197808035714,1769.5455587698416,543.2219096676587,988.6460096775795,331.8802791071429,485.4113284821428,4427.6351160466265,321.30533287202377,59.96197808035714,1769.5455587698416,543.2219096676587,988.6460096775795,331.8802791071429
2026-02-25 23:00:00+00:00,386.328,6507.2075,109.39850000000001,114.922,2377.7650000000003,139.1255,1007.8225,417.61199999999997,499.00034421651105,4274.493037608337,275.3700595828015,83.32192565762539,2035.3844027043,442.9432293747409,1000.9301962648224,406.6025461961348,485.4113284821428,4427.6351160466265,321.30533287202377,59.96197808035714,1769.5455587698416,543.2219096676587,988.6460096775795,331.8802791071429,485.4113284821428,4427.6351160466265,321.30533287202377,59.96197808035714,1769.5455587698416,543.2219096676587,988.6460096775795,331.8802791071429
2026-02-26 00:00:00+00:00,370.62775,6327.1125,109.38999999999996,129.88575,2317.8625,137.54525,997.77325,427.27375,478.3461486791607,4079.291832491746,257.80694875982783,77.95245104897602,2091.7965315130373,367.8691430662222,1006.1785996649415,380.9964873652213,485.4113284821428,4427.6351160466265,321.30533287202377,59.96197808035714,1769.5455587698416,543.2219096676587,988.6460096775795,331.8802791071429,485.4113284821428,4427.6351160466265,321.30533287202377,59.96197808035714,1769.5455587698416,543.2219096676587,988.6460096775795,331.8802791071429
2026-02-26 01:00:00+00:00,370.722,6114.735,109.38999999999996,135.158,2351.5525,139.22950000000003,1012.1625,423.8225,510.267298781607,3963.3198672528956,285.9322921363771,72.42744671229816,2036.4852237019002,672.5950231089566,996.9286932192265,382.5935569816155,485.4113284821428,4427.6351160466265,321.30533287202377,59.96197808035714,1769.5455587698416,543.2219096676587,988.6460096775795,331.8802791071429,485.4113284821428,4427.6351160466265,321.30533287202377,59.96197808035714,1769.5455587698416,543.2219096676587,988.6460096775795,331.8802791071429
2026-02-26 02:00:00+00:00,362.09425,5778.8150000000005,109.38999999999996,137.6025,2378.7799999999997,142.18875000000003,1033.7225,419.99424999999997,479.50509384750137,4061.4294567338984,289.70134150026655,73.43220430378821,2058.3816101046596,419.02842853450574,979.9540828348244,358.6249572418595,485.4113284821428,4427.6351160466265,321.30533287202377,59.96197808035714,1769.5455587698416,543.2219096676587,988.6460096775795,331.8802791071429,485.4113284821428,4427.6351160466265,321.30533287202377,59.96197808035714,1769.5455587698416,543.2219096676587,988.6460096775795,331.8802791071429
2026-02-26 03:00:00+00:00,374.11400000000003,5737.07,109.38999999999996,153.543,2483.6425,190.02049999999997,1024.6225,421.521,501.7113480181282,4155.900180525168,274.8588671998852,103.51274239623459,2201.541655637433,217.58250626581878,981.3970953468014,365.38771864478235,485.4113284821428,4427.6351160466265,321.30533287202377,59.96197808035714,1769.5455587698416,543.2219096676587,988.6460096775795,331.8802791071429,485.4113284821428,4427.6351160466265,321.30533287202377,59.96197808035714,1769.5455587698416,543.2219096676587,988.6460096775795,331.8802791071429
2026-02-26 04:00:00+00:00,384.8165,6162.6925,109.38999999999996,151.73525,2639.6525,239.70825000000002,1027.79,414.2325,536.078269632803,4853.767978928411,279.03608309060274,91.02120923028583,2218.3910815073623,248.35818778450255,956.5631754220651,345.57444448530265,485.4113284821428,4427.6351160466265,321.30533287202377,59.96197808035714,1769.5455587698416,543.2219096676587,988.6460096775795,331.8802791071429,485.4113284821428,4427.6351160466265,321.30533287202377,59.96197808035714,1769.5455587698416,543.2219096676587,988.6460096775795,331.8802791071429
2026-02-26 05:00:00+00:00,384.12775,6545.8825,109.38999999999996,144.12125,3009.4325,813.515,1030.895,408.60425,592.8066858647952,5068.70556587027,289.01788005402784,98.51213898381667,2514.623002209108,433.0038833785877,955.3353196654506,324.31381517918413,485.4113284821428,4427.6351160466265,321.30533287202377,59.96197808035714,1769.5455587698416,543.2219096676587,988.6460096775795,331.8802791071429,485.4113284821428,4427.6351160466265,321.30533287202377,59.96197808035714,1769.5455587698416,543.2219096676587,988.6460096775795,331.8802791071429
2026-02-26 06:00:00+00:00,380.25,6577.9475,109.38999999999996,97.74775,2819.6375,1433.20325,1036.0325,404.53575,626.9796264018655,5129.363721164087,301.96398869856984,114.3141674232634,2591.6964072251735,1286.9983155864927,974.4427310909401,371.22575789795206,485.4113284821428,4427.6351160466265,321.30533287202377,59.96197808035714,1769.5455587698416,543.2219096676587,988.6460096775795,331.8802791071429,485.4113284821428,4427.6351160466265,321.30533287202377,59.96197808035714,1769.5455587698416,543.2219096676587,988.6460096775795,331.8802791071429
2026-02-26 07:00:00+00:00,383.55275,5920.625,109.38999999999996,71.19975,2454.075,772.72,1041.575,414.3295,640.1465699864808,4922.199384151187,305.8980339992674,127.82586662317149,2481.0235531228104,1163.495159484321,989.2507489471769,348.14969686299446,485.4113284821428,4427.6351160466265,321.30533287202377,59.96197808035714,1769.5455587698416,543.2219096676587,988.6460096775795,331.8802791071429,485.4113284821428,4427.6351160466265,321.30533287202377,59.96197808035714,1769.5455587698416,543.2219096676587,988.6460096775795,331.8802791071429
2026-02-26 08:00:00+00:00,369.06125,4251.7,109.38999999999996,60.575,2396.1675,174.42725000000002,1036.76,416.65225,568.9624964747602,3978.808837365452,279.9295939720446,87.1581413197518,2416.254494318351,545.0658807275867,1004.6530676568417,417.5755732281467,485.4113284821428,4427.6351160466265,321.30533287202377,59.96197808035714,1769.5455587698416,543.2219096676587,988.6460096775795,331.8802791071429,485.4113284821428,4427.6351160466265,321.30533287202377,59.96197808035714,1769.5455587698416,543.2219096676587,988.6460096775795,331.8802791071429
2026-02-26 09:00:00+00:00,379.358,3469.9175,109.38999999999996,49.96025,1766.885,141.2355,1029.2275,412.49525,485.96927353591,3678.513711640403,286.98714699968616,78.07744417511964,1919.2334577287174,263.8332833490356,1010.6103828562093,401.50580257260356,485.4113284821428,4427.6351160466265,321.30533287202377,59.96197808035714,1769.5455587698416,543.2219096676587,988.6460096775795,331.8802791071429,485.4113284821428,4427.6351160466265,321.30533287202377,59.96197808035714,1769.5455587698416,543.2219096676587,988.6460096775795,331.8802791071429
2026-02-26 10:00:00+00:00,396.4915,3056.48,109.38999999999996,49.17125,1650.455,141.63975,1032.7549999999999,401.59775,444.881217757521,3331.987244762896,298.6332306004666,67.06651917103221,1547.5104230127322,146.11423345200376,1013.9994742479771,425.40013397273356,485.4113284821428,4427.6351160466265,321.30533287202377,59.96197808035714,1769.5455587698416,543.2219096676587,988.6460096775795,331.8802791071429,485.4113284821428,4427.6351160466265,321.30533287202377,59.96197808035714,1769.5455587698416,543.2219096676587,988.6460096775795,331.8802791071429
2026-02-26 11:00:00+00:00,396.4945,2968.6775,109.38999999999996,49.235,1594.595,141.92549999999994,1035.195,399.81925,418.0710606668646,3323.8723524384604,315.57107055862457,50.6502477865662,1280.3415123785744,144.54001977904306,989.6570944559703,389.9342804277643,485.4113284821428,4427.6351160466265,321.30533287202377,59.96197808035714,1769.5455587698416,543.2219096676587,988.6460096775795,331.8802791071429,485.4113284821428,4427.6351160466265,321.30533287202377,59.96197808035714,1769.5455587698416,543.2219096676587,988.6460096775795,331.8802791071429
2026-02-26 12:00:00+00:00,382.72775,3005.1949999999997,109.38999999999996,49.41875,1544.4675,141.56799999999998,1031.875,399.30675,321.5474036582955,3055.625617339111,316.2385629231395,42.51266439261824,1006.7175299586728,128.615971847985,920.5258824045908,345.8261656484756,485.4113284821428,4427.6351160466265,321.30533287202377,59.96197808035714,1769.5455587698416,543.2219096676587,988.6460096775795,331.8802791071429,485.4113284821428,4427.6351160466265,321.30533287202377,59.96197808035714,1769.5455587698416,543.2219096676587,988.6460096775795,331.8802791071429
2026-02-26 13:00:00+00:00,362.53325,3318.8125,109.38999999999996,49.632,1587.1599999999999,141.74099999999993,1031.66,414.82675,218.27235408067537,3159.5303632899504,295.78723806271506,19.835959067474064,990.4941178819174,144.47618143742437,935.7826995083929,330.4209919993026,485.4113284821428,4427.6351160466265,321.30533287202377,59.96197808035714,1769.5455587698416,543.2219096676587,988.6460096775795,331.8802791071429,485.4113284821428,4427.6351160466265,321.30533287202377,59.96197808035714,1769.5455587698416,543.2219096676587,988.6460096775795,331.8802791071429
2026-02-26 14:00:00+00:00,357.439,4025.975,109.38999999999996,80.10225,1928.335,157.20925,1027.045,423.45050000000003,232.290744647118,3488.077986879196,288.14270284402653,37.76766727283851,1204.6032456361609,249.56147728816632,992.2074807235438,334.59988923629675,485.4113284821428,4427.6351160466265,321.30533287202377,59.96197808035714,1769.5455587698416,543.2219096676587,988.6460096775795,331.8802791071429,485.4113284821428,4427.6351160466265,321.30533287202377,59.96197808035714,1769.5455587698416,543.2219096676587,988.6460096775795,331.8802791071429
2026-02-26 15:00:00+00:00,362.5585,6007.0225,109.38999999999996,118.75025,2621.5975,690.5385,1023.515,422.0555,400.7572715069109,4229.640452909903,306.53595893828594,60.55441281183741,1630.5571326618315,697.8807990672727,1023.8063195145555,368.86202791826673,485.4113284821428,4427.6351160466265,321.30533287202377,59.96197808035714,1769.5455587698416,543.2219096676587,988.6460096775795,331.8802791071429,485.4113284821428,4427.6351160466265,321.30533287202377,59.96197808035714,1769.5455587698416,543.2219096676587,988.6460096775795,331.8802791071429
2026-02-26 16:00:00+00:00,374.425,6446.6175,109.38999999999996,140.37425000000002,3053.4875,1414.703,1029.885,436.69100000000003,562.3563248626521,4897.84695728226,290.2642662707254,90.3522771532075,2118.9484950810806,1523.2656299228113,1015.1211624394695,403.4794536363569,485.4113284821428,4427.6351160466265,321.30533287202377,59.96197808035714,1769.5455587698416,543.2219096676587,988.6460096775795,331.8802791071429,485.4113284821428,4427.6351160466265,321.30533287202377,59.96197808035714,1769.5455587698416,543.2219096676587,988.6460096775795,331.8802791071429
2026-02-26 17:00:00+00:00,379.69425,6425.55,109.38999999999996,146.3965,3016.9674999999997,1429.24125,1041.36,435.16325,646.5071817116121,5487.7395408337425,267.09617865802477,100.7087068980874,2360.607954089797,1591.320199392845,1030.526910501916,391.62455659778675,485.4113284821428,4427.6351160466265,321.30533287202377,59.96197808035714,1769.5455587698416,543.2219096676587,988.6460096775795,331.8802791071429,485.4113284821428,4427.6351160466265,321.30533287202377,59.96197808035714,1769.5455587698416,543.2219096676587,988.6460096775795,331.8802791071429
2026-02-26 18:00:00+00:00,363.0445,6353.0875,109.38999999999996,156.737,3056.3324999999995,1179.30575,1037.585,435.90375,453.6065378911477,5169.312835724426,292.6675559906618,90.0358106556062,2286.366143936996,1101.7959361327576,1032.6525736169338,375.3035869041544,485.4113284821428,4427.6351160466265,321.30533287202377,59.96197808035714,1769.5455587698416,543.2219096676587,988.6460096775795,331.8802791071429,485.4113284821428,4427.6351160466265,321.30533287202377,59.96197808035714,1769.5455587698416,543.2219096676587,988.6460096775795,331.8802791071429
2026-02-26 19:00:00+00:00,409.53049999999996,6248.9525,109.38999999999996,142.73475000000002,2828.3375,640.1285,1031.0475,439.99350000000004,397.4043014172204,4362.171134272307,293.279070670628,90.42415582766273,2152.0006893535647,399.2654381069723,1033.5779413054022,397.3382194882514,485.4113284821428,4427.6351160466265,321.30533287202377,59.96197808035714,1769.5455587698416,543.2219096676587,988.6460096775795,331.8802791071429,485.4113284821428,4427.6351160466265,321.30533287202377,59.96197808035714,1769.5455587698416,543.2219096676587,988.6460096775795,331.8802791071429
2026-02-26 20:00:00+00:00,406.147,5691.8575,109.38999999999996,120.63625,2403.3025000000002,243.78274999999996,1021.6949999999999,438.50100000000003,363.1331457738993,3774.5028245143412,281.1378236788797,76.30487860440289,2050.0497675175284,421.66668602737684,1039.0772303606514,377.1854405705792,485.4113284821428,4427.6351160466265,321.30533287202377,59.96197808035714,1769.5455587698416,543.2219096676587,988.6460096775795,331.8802791071429,485.4113284821428,4427.6351160466265,321.30533287202377,59.96197808035714,1769.5455587698416,543.2219096676587,988.6460096775795,331.8802791071429
2026-02-26 21:00:00+00:00,402.825,5402.68,109.38999999999996,102.108,2219.06,221.90775000000002,1020.2950000000001,435.32525,350.88539650274066,3700.9885045911724,278.01889597810214,64.52236731245793,1957.2433016020238,289.2543341189015,1036.8922281698617,372.27239495689196,485.4113284821428,4427.6351160466265,321.30533287202377,59.96197808035714,1769.5455587698416,543.2219096676587,988.6460096775795,331.8802791071429,485.4113284821428,4427.6351160466265,321.30533287202377,59.96197808035714,1769.5455587698416,543.2219096676587,988.6460096775795,331.8802791071429
2026-02-26 22:00:00+00:00,394.14975,4252.4575,109.38999999999996,97.46275,1960.8775,223.969,1014.9649999999999,432.67175,363.8754387039076,3494.410103435376,336.72041449205386,62.89579365342273,1607.801889931981,150.8204435977608,1024.9701296950102,357.0077460842094,485.4113284821428,4427.6351160466265,321.30533287202377,59.96197808035714,1769.5455587698416,543.2219096676587,988.6460096775795,331.8802791071429,485.4113284821428,4427.6351160466265,321.30533287202377,59.96197808035714,1769.5455587698416,543.2219096676587,988.6460096775795,331.8802791071429
2026-02-26 23:00:00+00:00,394.1665,3327.795,279.932,83.22825,1919.6875,155.695,1013.375,436.48525,370.6605940390011,3575.4759302516413,321.99689381046323,47.30284592233588,1583.1171964391137,143.49430552352328,1034.1243959670837,406.6153591840615,485.4113284821428,4427.6351160466265,321.30533287202377,59.96197808035714,1769.5455587698416,543.2219096676587,988.6460096775795,331.8802791071429,485.4113284821428,4427.6351160466265,321.30533287202377,59.96197808035714,1769.5455587698416,543.2219096676587,988.6460096775795,331.8802791071429
2026-02-27 00:00:00+00:00,386.41375,3311.0275,280.407,66.59100000000001,1747.1075,138.45775000000003,1003.1725,417.89825,366.65900367257643,2750.0265386155434,346.13965377466036,47.9037320968023,1617.6642732537057,273.8185618691978,1046.8464831757135,409.5617039890476,485.4113284821428,4427.6351160466265,321.30533287202377,59.96197808035714,1769.5455587698416,543.2219096676587,988.6460096775795,331.8802791071429,485.4113284821428,4427.6351160466265,321.30533287202377,59.96197808035714,1769.5455587698416,543.2219096676587,988.6460096775795,331.8802791071429
2026-02-27 01:00:00+00:00,375.3415,3305.4375,280.407,66.7825,1810.825,138.46325000000002,1003.7135,423.688,364.09867459417706,2460.5782659763586,343.6907225660869,43.17955484808079,1531.2722312245046,215.6260730081446,1011.0910440445449,389.4392370277186,485.4113284821428,4427.6351160466265,321.30533287202377,59.96197808035714,1769.5455587698416,543.2219096676587,988.6460096775795,331.8802791071429,485.4113284821428,4427.6351160466265,321.30533287202377,59.96197808035714,1769.5455587698416,543.2219096676587,988.6460096775795,331.8802791071429
2026-02-27 02:00:00+00:00,374.3945,3287.4049999999997,280.407,78.12125,1857.8725,138.81975,1007.0925,422.2575,352.53001369246385,2584.646378526173,337.58599783484874,49.57425308848812,1682.724923943719,316.89973108651066,1005.3236182526539,411.7425216665183,485.4113284821428,4427.6351160466265,321.30533287202377,59.96197808035714,1769.5455587698416,543.2219096676587,988.6460096775795,331.8802791071429,485.4113284821428,4427.6351160466265,321.30533287202377,59.96197808035714,1769.5455587698416,543.2219096676587,988.6460096775795,331.8802791071429
2026-02-27 03:00:00+00:00,375.3695,3374.1175,280.407,106.19624999999999,1984.58,141.0005,1007.555,433.3355,394.593684041108,2677.261678356007,349.1597179110172,53.80622152674816,1971.7958137729952,304.994524915567,987.4446809121922,418.9924858806448,485.4113284821428,4427.6351160466265,321.30533287202377,59.96197808035714,1769.5455587698416,543.2219096676587,988.6460096775795,331.8802791071429,485.4113284821428,4427.6351160466265,321.30533287202377,59.96197808035714,1769.5455587698416,543.2219096676587,988.6460096775795,331.8802791071429
2026-02-27 04:00:00+00:00,377.88625,4102.0425,280.407,124.8195,2285.84,156.27525000000003,1006.3344999999999,425.65049999999997,395.0550991916148,3663.9104882525958,347.7530239078733,68.32527203058024,2256.0039108094934,273.5855215737305,984.9286590121864,374.41371740361456,485.4113284821428,4427.6351160466265,321.30533287202377,59.96197808035714,1769.5455587698416,543.2219096676587,988.6460096775795,331.8802791071429,485.4113284821428,4427.6351160466265,321.30533287202377,59.96197808035714,1769.5455587698416,543.2219096676587,988.6460096775795,331.8802791071429
2026-02-27 05:00:00+00:00,383.53325,5669.71,280.407,130.641,2529.7575,721.5809999999999,1021.02,417.46175,442.9830868963295,4069.4486550036067,357.48082375377106,88.14947868307776,2388.763304024539,368.8126208676435,975.534712832171,372.53981034944326,485.4113284821428,4427.6351160466265,321.30533287202377,59.96197808035714,1769.5455587698416,543.2219096676587,988.6460096775795,331.8802791071429,485.4113284821428,4427.6351160466265,321.30533287202377,59.96197808035714,1769.5455587698416,543.2219096676587,988.6460096775795,331.8802791071429
2026-02-27 06:00:00+00:00,391.297,5949.25,280.407,148.44525,2654.78,1109.05475,1028.08,418.51975,470.5861279488752,4293.8951973153335,314.61994395210934,111.7839390767538,2379.5971214138344,998.2465309919887,982.3993104713884,400.3336604338368,485.4113284821428,4427.6351160466265,321.30533287202377,59.96197808035714,1769.5455587698416,543.2219096676587,988.6460096775795,331.8802791071429,485.4113284821428,4427.6351160466265,321.30533287202377,59.96197808035714,1769.5455587698416,543.2219096676587,988.6460096775795,331.8802791071429
2026-02-27 07:00:00+00:00,395.064,5430.5650000000005,280.407,132.32225,2502.71,779.192,1033.885,426.59375,515.0830655674731,3877.230131096294,303.5609718823045,79.70418920096608,2057.3313827078923,1092.8940281973837,986.8243479942134,395.28793163081207,485.4113284821428,4427.6351160466265,321.30533287202377,59.96197808035714,1769.5455587698416,543.2219096676587,988.6460096775795,331.8802791071429,485.4113284821428,4427.6351160466265,321.30533287202377,59.96197808035714,1769.5455587698416,543.2219096676587,988.6460096775795,331.8802791071429
2026-02-27 08:00:00+00:00,387.66375,3543.3,280.407,97.16375,2144.59,199.89074999999997,1029.08,432.17775,373.2779509907385,3045.993954598419,269.77409933195406,37.86163811147224,1447.2103078582754,338.7944570691759,991.4849640430434,390.21299288070827,485.4113284821428,4427.6351160466265,321.30533287202377,59.96197808035714,1769.5455587698416,543.2219096676587,988.6460096775795,331.8802791071429,485.4113284821428,4427.6351160466265,321.30533287202377,59.96197808035714,1769.5455587698416,543.2219096676587,988.6460096775795,331.8802791071429
2026-02-27 09:00:00+00:00,381.62525,3040.7625,280.407,52.712,1487.5149999999999,137.24025,995.1089999999999,425.926,315.6565334963324,2632.764022413814,298.6866343004683,32.96302214444708,976.6312028053951,218.38612456467615,1005.2916760671137,372.4577607375751,485.4113284821428,4427.6351160466265,321.30533287202377,59.96197808035714,1769.5455587698416,543.2219096676587,988.6460096775795,331.8802791071429,485.4113284821428,4427.6351160466265,321.30533287202377,59.96197808035714,1769.5455587698416,543.2219096676587,988.6460096775795,331.8802791071429
2026-02-27 10:00:00+00:00,379.3055,2857.3825,280.407,50.0855,1390.7,136.50374999999997,988.8785,413.8295,244.682140794275,2234.291472935159,277.5810394880609,30.893721128581774,808.2605403722472,141.34575624971887,939.547158441338,372.9805691270274,485.4113284821428,4427.6351160466265,321.30533287202377,59.96197808035714,1769.5455587698416,543.2219096676587,988.6460096775795,331.8802791071429,485.4113284821428,4427.6351160466265,321.30533287202377,59.96197808035714,1769.5455587698416,543.2219096676587,988.6460096775795,331.8802791071429
2026-02-27 11:00:00+00:00,370.68925,2823.5025,280.407,50.07425,1328.7275,134.39999999999998,970.9069999999999,419.69075,240.39179146195053,2173.018820902032,287.725020108492,14.363769499514362,798.0185212636093,144.44713819192134,903.033527092846,349.25868160727885,485.4113284821428,4427.6351160466265,321.30533287202377,59.96197808035714,1769.5455587698416,543.2219096676587,988.6460096775795,331.8802791071429,485.4113284821428,4427.6351160466265,321.30533287202377,59.96197808035714,1769.5455587698416,543.2219096676587,988.6460096775795,331.8802791071429
2026-02-27 12:00:00+00:00,364.37775,2875.8325,280.407,50.18475,1294.4825,136.33050000000003,987.3652500000001,420.96325,247.3002722994681,2182.683056464601,278.5121214271917,13.489493850760653,694.2195354986577,142.11854772010338,961.6199020705889,328.4525764286564,485.4113284821428,4427.6351160466265,321.30533287202377,59.96197808035714,1769.5455587698416,543.2219096676587,988.6460096775795,331.8802791071429,485.4113284821428,4427.6351160466265,321.30533287202377,59.96197808035714,1769.5455587698416,543.2219096676587,988.6460096775795,331.8802791071429
2026-02-27 13:00:00+00:00,364.2695,3076.1025,280.407,50.16475,1305.185,137.09524999999996,993.7645,418.278,210.1426507734676,2091.143855146403,270.55227839207583,14.300892851105914,843.1243949600237,143.06167089811885,946.2825553659197,321.1952786654457,485.4113284821428,4427.6351160466265,321.30533287202377,59.96197808035714,1769.5455587698416,543.2219096676587,988.6460096775795,331.8802791071429,485.4113284821428,4427.6351160466265,321.30533287202377,59.96197808035714,1769.5455587698416,543.2219096676587,988.6460096775795,331.8802791071429
2026-02-27 14:00:00+00:00,365.561,3836.94,280.407,50.10525,1594.6425,138.76749999999998,1007.3775,410.8145,198.93858420129897,2497.464200540612,278.485239060556,8.340695120303863,795.0999706396306,170.7872314412757,976.0376921057697,322.2509871984378,485.4113284821428,4427.6351160466265,321.30533287202377,59.96197808035714,1769.5455587698416,543.2219096676587,988.6460096775795,331.8802791071429,485.4113284821428,4427.6351160466265,321.30533287202377,59.96197808035714,1769.5455587698416,543.2219096676587,988.6460096775795,331.8802791071429
2026-02-27 15:00:00+00:00,431.85,5685.555,280.407,50.1385,2179.985,953.1285,1037.7425,424.722,378.25093938937687,4050.630116717127,289.14598971535537,16.21056909827437,1453.538108685533,494.17774921056275,963.0621587486728,320.36185102510717,485.4113284821428,4427.6351160466265,321.30533287202377,59.96197808035714,1769.5455587698416,543.2219096676587,988.6460096775795,331.8802791071429,485.4113284821428,4427.6351160466265,321.30533287202377,59.96197808035714,1769.5455587698416,543.2219096676587,988.6460096775795,331.8802791071429
2026-02-27 16:00:00+00:00,497.54725,6198.475,280.407,61.435,2438.895,1540.91125,1016.4775,434.18975,776.9221991999367,4738.62145516353,303.1779344546172,41.744550225973796,1938.2797989484898,1551.2437511577664,987.4029891459996,396.6771564159324,485.4113284821428,4427.6351160466265,321.30533287202377,59.96197808035714,1769.5455587698416,543.2219096676587,988.6460096775795,331.8802791071429,485.4113284821428,4427.6351160466265,321.30533287202377,59.96197808035714,1769.5455587698416,543.2219096676587,988.6460096775795,331.8802791071429
2026-02-27 17:00:00+00:00,506.68899999999996,6130.8925,280.407,70.82124999999999,2607.6275,1505.28,1011.28,430.5305,842.7087543167188,5808.530830771249,255.3530688472863,90.49403623488422,2027.0985051474631,1841.2292497940716,1026.4342691899813,333.79321865278155,485.4113284821428,4427.6351160466265,321.30533287202377,59.96197808035714,1769.5455587698416,543.2219096676587,988.6460096775795,331.8802791071429,485.4113284821428,4427.6351160466265,321.30533287202377,59.96197808035714,1769.5455587698416,543.2219096676587,988.6460096775795,331.8802791071429
2026-02-27 18:00:00+00:00,508.94975,6175.8725,280.407,78.02225,2657.6974999999998,1482.53,1021.0799999999999,423.8035,753.0640853987034,5380.76321204742,281.8644338568884,79.45651714239087,2040.4342764302407,1343.3641415560764,1027.4544727535765,359.41593940319854,485.4113284821428,4427.6351160466265,321.30533287202377,59.96197808035714,1769.5455587698416,543.2219096676587,988.6460096775795,331.8802791071429,485.4113284821428,4427.6351160466265,321.30533287202377,59.96197808035714,1769.5455587698416,543.2219096676587,988.6460096775795,331.8802791071429
2026-02-27 19:00:00+00:00,468.175,6078.48,280.407,77.53,2642.3075,1358.4492500000001,1014.7049999999999,436.36,702.4222243888662,5275.7994027069635,272.2875722290894,62.049268158358146,2129.0100100709356,1019.7939268195871,1038.4539059240713,355.24674475064415,485.4113284821428,4427.6351160466265,321.30533287202377,59.96197808035714,1769.5455587698416,543.2219096676587,988.6460096775795,331.8802791071429,485.4113284821428,4427.6351160466265,321.30533287202377,59.96197808035714,1769.5455587698416,543.2219096676587,988.6460096775795,331.8802791071429
2026-02-27 20:00:00+00:00,383.08025,6113.6425,280.407,62.7285,2580.6925,1206.0972500000003,1012.14,432.911,464.4486881456296,4598.469425257426,270.3918658140971,62.435803653759955,1840.101569920199,729.9190370690347,1025.2108306876414,366.2819344706103,485.4113284821428,4427.6351160466265,321.30533287202377,59.96197808035714,1769.5455587698416,543.2219096676587,988.6460096775795,331.8802791071429,485.4113284821428,4427.6351160466265,321.30533287202377,59.96197808035714,1769.5455587698416,543.2219096676587,988.6460096775795,331.8802791071429
2026-02-27 21:00:00+00:00,379.84725000000003,6101.88,280.407,53.625,2341.3375,952.52875,1008.5375,436.00100000000003,453.8771122643119,4361.511288380387,292.80975853968476,52.64121254253487,1713.862239670035,579.6243740108797,1028.6877062285394,369.91188451249315,485.4113284821428,4427.6351160466265,321.30533287202377,59.96197808035714,1769.5455587698416,543.2219096676587,988.6460096775795,331.8802791071429,485.4113284821428,4427.6351160466265,321.30533287202377,59.96197808035714,1769.5455587698416,543.2219096676587,988.6460096775795,331.8802791071429
2026-02-27 22:00:00+00:00,374.539,6090.99,280.407,53.68475,2142.0775000000003,583.54875,1002.8064999999999,437.49175,460.11595223098226,4206.8194700379345,299.6055252648789,47.695493207454746,1594.7700867362319,268.61762333376504,1024.462548275061,323.95545887810795,485.4113284821428,4427.6351160466265,321.30533287202377,59.96197808035714,1769.5455587698416,543.2219096676587,988.6460096775795,331.8802791071429,485.4113284821428,4427.6351160466265,321.30533287202377,59.96197808035714,1769.5455587698416,543.2219096676587,988.6460096775795,331.8802791071429
2026-02-27 23:00:00+00:00,362.39975,6101.125,283.48,53.60825,1835.3725,586.7135000000001,1000.2395,434.0675,412.00933190570055,4020.5531027366847,280.2215970825568,25.61370343369218,1432.0400566797125,250.58364199864297,1027.9658946165694,350.5540658173321,485.4113284821428,4427.6351160466265,321.30533287202377,59.96197808035714,1769.5455587698416,543.2219096676587,988.6460096775795,331.8802791071429,485.4113284821428,4427.6351160466265,321.30533287202377,59.96197808035714,1769.5455587698416,543.2219096676587,988.6460096775795,331.8802791071429
