date,hard_coal_tenn_actual,oil_tenn_actual,gas_tenn_actual,renewables_tenn_actual,biomass_tenn_actual,waste_tenn_actual,hard_coal_tenn_fitted,oil_tenn_fitted,gas_tenn_fitted,renewables_tenn_fitted,biomass_tenn_fitted,waste_tenn_fitted,hard_coal_tenn_lower,oil_tenn_lower,gas_tenn_lower,renewables_tenn_lower,biomass_tenn_lower,waste_tenn_lower,hard_coal_tenn_upper,oil_tenn_upper,gas_tenn_upper,renewables_tenn_upper,biomass_tenn_upper,waste_tenn_upper
2026-01-24 00:00:00+00:00,252.0,0.13099999999999978,3285.09725,573.316,1921.2649999999999,205.088,468.1424692600348,1.855739959273183,1746.8865328582283,1066.6481886437068,1885.7601695650533,249.21494401629073,517.1155107490081,2.167402700892857,1834.600113635913,1129.9374063640873,1906.9052626835316,249.32908860119045,517.1155107490081,2.167402700892857,1834.600113635913,1129.9374063640873,1906.9052626835316,249.32908860119045
2026-01-24 01:00:00+00:00,252.89999999999998,0.13099999999999978,3291.2307499999997,571.3365,1912.854,205.127,467.70345385797566,1.855739959273183,1736.8274318362944,1074.1539279534654,1888.9014727103252,249.21494401629073,517.1155107490081,2.167402700892857,1834.600113635913,1129.9374063640873,1906.9052626835316,249.32908860119045,517.1155107490081,2.167402700892857,1834.600113635913,1129.9374063640873,1906.9052626835316,249.32908860119045
2026-01-24 02:00:00+00:00,254.0,0.13099999999999978,3479.2415,569.72425,1909.937,205.088,472.84378331800275,1.855739959273183,1754.3203631184024,1081.659667263224,1891.81156068661,249.21494401629073,517.1155107490081,2.167402700892857,1834.600113635913,1129.9374063640873,1906.9052626835316,249.32908860119045,517.1155107490081,2.167402700892857,1834.600113635913,1129.9374063640873,1906.9052626835316,249.32908860119045
2026-01-24 03:00:00+00:00,264.35,0.13099999999999978,3498.21925,568.08075,1924.8555000000001,199.15325,476.31618021143396,1.855739959273183,1765.634764657302,1089.1654065729826,1894.2592178593102,249.21494401629073,517.1155107490081,2.167402700892857,1834.600113635913,1129.9374063640873,1906.9052626835316,249.32908860119045,517.1155107490081,2.167402700892857,1834.600113635913,1129.9374063640873,1906.9052626835316,249.32908860119045
2026-01-24 04:00:00+00:00,292.20000000000005,0.13099999999999978,3500.1015,558.4375,1958.82075,197.215,479.21508556080374,1.855739959273183,1790.94676975673,1096.6711458827415,1895.5600459325954,249.21494401629073,517.1155107490081,2.167402700892857,1834.600113635913,1129.9374063640873,1906.9052626835316,249.32908860119045,517.1155107490081,2.167402700892857,1834.600113635913,1129.9374063640873,1906.9052626835316,249.32908860119045
2026-01-24 05:00:00+00:00,345.85,0.13099999999999978,3509.75475,556.68675,2052.0815000000002,197.215,481.7135764169727,1.855739959273183,1825.6546716389319,1104.1768851925,1896.537172634445,249.21494401629073,517.1155107490081,2.167402700892857,1834.600113635913,1129.9374063640873,1906.9052626835316,249.32908860119045,517.1155107490081,2.167402700892857,1834.600113635913,1129.9374063640873,1906.9052626835316,249.32908860119045
2026-01-24 06:00:00+00:00,393.1,0.13099999999999978,3538.03425,546.2725,2196.0675,197.215,490.872519562608,1.855739959273183,1879.6184229905477,1111.6826245022587,1899.3177803988522,249.21494401629073,517.1155107490081,2.167402700892857,1834.600113635913,1129.9374063640873,1906.9052626835316,249.32908860119045,517.1155107490081,2.167402700892857,1834.600113635913,1129.9374063640873,1906.9052626835316,249.32908860119045
2026-01-24 07:00:00+00:00,355.1,0.13099999999999978,3605.0125,638.2294999999999,2282.867,197.254,499.5732706587353,1.855739959273183,1949.7589317167012,1119.1883638120175,1902.7457911681852,249.21494401629073,517.1155107490081,2.167402700892857,1834.600113635913,1129.9374063640873,1906.9052626835316,249.32908860119045,517.1155107490081,2.167402700892857,1834.600113635913,1129.9374063640873,1906.9052626835316,249.32908860119045
2026-01-24 08:00:00+00:00,328.3,0.13099999999999978,3610.7977499999997,728.32225,2264.47225,197.334,498.6911562029058,1.855739959273183,1967.6192580385868,1126.6941031217762,1904.2269672957345,249.21494401629073,517.1155107490081,2.167402700892857,1834.600113635913,1129.9374063640873,1906.9052626835316,249.32908860119045,517.1155107490081,2.167402700892857,1834.600113635913,1129.9374063640873,1906.9052626835316,249.32908860119045
2026-01-24 09:00:00+00:00,323.8,0.13099999999999978,3355.696,695.8555000000001,2222.487,203.34699999999998,497.48887669929474,1.855739959273183,1930.8247335129925,1134.1998424315348,1905.4676789322477,249.21494401629073,517.1155107490081,2.167402700892857,1834.600113635913,1129.9374063640873,1906.9052626835316,249.32908860119045,517.1155107490081,2.167402700892857,1834.600113635913,1129.9374063640873,1906.9052626835316,249.32908860119045
2026-01-24 10:00:00+00:00,315.4,0.13099999999999978,3057.2782500000003,560.305,2180.912,205.444,497.0410634364112,1.855739959273183,1889.3852925655665,1141.7055817412936,1906.6020307453841,249.21494401629073,517.1155107490081,2.167402700892857,1834.600113635913,1129.9374063640873,1906.9052626835316,249.32908860119045,517.1155107490081,2.167402700892857,1834.600113635913,1129.9374063640873,1906.9052626835316,249.32908860119045
2026-01-24 11:00:00+00:00,311.0,0.13099999999999978,3083.1255,535.7132500000001,2102.65575,205.523,501.0571027794144,1.855739959273183,1828.2990414525027,1149.2113210510522,1907.6253989544498,249.21494401629073,517.1155107490081,2.167402700892857,1834.600113635913,1129.9374063640873,1906.9052626835316,249.32908860119045,517.1155107490081,2.167402700892857,1834.600113635913,1129.9374063640873,1906.9052626835316,249.32908860119045
2026-01-24 12:00:00+00:00,313.5,0.13099999999999978,3260.935,523.79375,2078.479,205.641,502.7667654384761,1.855739959273183,1806.4865350456905,1156.7170603608108,1910.8915580652954,249.21494401629073,517.1155107490081,2.167402700892857,1834.600113635913,1129.9374063640873,1906.9052626835316,249.32908860119045,517.1155107490081,2.167402700892857,1834.600113635913,1129.9374063640873,1906.9052626835316,249.32908860119045
2026-01-24 13:00:00+00:00,315.8,0.13099999999999978,3253.26975,526.4982500000001,2084.2445,205.681,505.2363838502917,1.855739959273183,1847.2849637873387,1164.2227996705694,1913.0247612265318,249.21494401629073,517.1155107490081,2.167402700892857,1834.600113635913,1129.9374063640873,1906.9052626835316,249.32908860119045,517.1155107490081,2.167402700892857,1834.600113635913,1129.9374063640873,1906.9052626835316,249.32908860119045
2026-01-24 14:00:00+00:00,328.6,0.13099999999999978,3849.1865,445.2974999999999,2118.074,205.641,514.1379809810562,1.855739959273183,1929.0417455890245,1171.7285389803283,1916.041208348348,249.21494401629073,517.1155107490081,2.167402700892857,1834.600113635913,1129.9374063640873,1906.9052626835316,249.32908860119045,517.1155107490081,2.167402700892857,1834.600113635913,1129.9374063640873,1906.9052626835316,249.32908860119045
2026-01-24 15:00:00+00:00,371.2,0.13099999999999978,4215.87675,579.36625,2216.36575,205.523,525.1657435745906,1.855739959273183,2024.2570829366068,1179.2342782900869,1919.2934957176533,249.21494401629073,517.1155107490081,2.167402700892857,1834.600113635913,1129.9374063640873,1906.9052626835316,249.32908860119045,517.1155107490081,2.167402700892857,1834.600113635913,1129.9374063640873,1906.9052626835316,249.32908860119045
2026-01-24 16:00:00+00:00,469.9,0.13099999999999978,4274.9845000000005,1149.981,2303.018,205.444,532.2013113068159,1.855739959273183,2068.0325714674877,1186.7400175998455,1924.0255636183424,249.21494401629073,517.1155107490081,2.167402700892857,1834.600113635913,1129.9374063640873,1906.9052626835316,249.32908860119045,517.1155107490081,2.167402700892857,1834.600113635913,1129.9374063640873,1906.9052626835316,249.32908860119045
2026-01-24 17:00:00+00:00,468.6,0.13099999999999978,4277.59275,1100.69875,2319.06475,205.365,534.5478903111211,1.855739959273183,2073.0912767491864,1194.2457569096043,1927.791150132305,249.21494401629073,517.1155107490081,2.167402700892857,1834.600113635913,1129.9374063640873,1906.9052626835316,249.32908860119045,517.1155107490081,2.167402700892857,1834.600113635913,1129.9374063640873,1906.9052626835316,249.32908860119045
2026-01-24 18:00:00+00:00,408.8,0.13099999999999978,4275.035,469.36300000000006,2286.076,205.325,532.0710820367561,1.855739959273183,2034.9251943889267,1201.751496219363,1930.8214710457346,249.21494401629073,517.1155107490081,2.167402700892857,1834.600113635913,1129.9374063640873,1906.9052626835316,249.32908860119045,517.1155107490081,2.167402700892857,1834.600113635913,1129.9374063640873,1906.9052626835316,249.32908860119045
2026-01-24 19:00:00+00:00,348.6,0.13099999999999978,4217.42075,388.2265,2179.33175,205.246,526.8771256227146,1.855739959273183,1973.2371404200146,1209.2572355291215,1933.8471670598217,249.21494401629073,517.1155107490081,2.167402700892857,1834.600113635913,1129.9374063640873,1906.9052626835316,249.32908860119045,517.1155107490081,2.167402700892857,1834.600113635913,1129.9374063640873,1906.9052626835316,249.32908860119045
2026-01-24 20:00:00+00:00,288.65,0.13099999999999978,3969.73725,382.08925,2102.25575,205.206,521.9224296599522,1.855739959273183,1941.9706682030815,1216.7629748388804,1936.7341336858615,249.21494401629073,517.1155107490081,2.167402700892857,1834.600113635913,1129.9374063640873,1906.9052626835316,249.32908860119045,517.1155107490081,2.167402700892857,1834.600113635913,1129.9374063640873,1906.9052626835316,249.32908860119045
2026-01-24 21:00:00+00:00,266.4,0.13099999999999978,3483.33025,380.7964999999999,2038.1122500000001,205.167,522.0200689800226,1.855739959273183,1916.987234877291,1224.268714148639,1939.676592257264,249.21494401629073,517.1155107490081,2.167402700892857,1834.600113635913,1129.9374063640873,1906.9052626835316,249.32908860119045,517.1155107490081,2.167402700892857,1834.600113635913,1129.9374063640873,1906.9052626835316,249.32908860119045
2026-01-24 22:00:00+00:00,248.53375,0.13099999999999978,3389.7872500000003,372.169,2001.2082500000001,205.127,519.6154353535421,1.855739959273183,1863.623184538394,1231.7744534583976,1942.6652940829686,249.21494401629073,517.1155107490081,2.167402700892857,1834.600113635913,1129.9374063640873,1906.9052626835316,249.32908860119045,517.1155107490081,2.167402700892857,1834.600113635913,1129.9374063640873,1906.9052626835316,249.32908860119045
2026-01-24 23:00:00+00:00,416.15175,0.13099999999999978,3301.45525,370.05849999999987,1968.4769999999999,292.084,516.4647993099659,1.855739959273183,1832.1877740562732,1239.2801927681562,1945.2516809108724,249.21494401629073,517.1155107490081,2.167402700892857,1834.600113635913,1129.9374063640873,1906.9052626835316,249.32908860119045,517.1155107490081,2.167402700892857,1834.600113635913,1129.9374063640873,1906.9052626835316,249.32908860119045
2026-01-25 00:00:00+00:00,545.079,0.13099999999999978,3069.0654999999997,356.7595,1955.774,292.044,499.9672784481383,1.855739959273183,1706.035931802517,1066.6481886437068,1884.0260560525035,249.21494401629073,517.1155107490081,2.167402700892857,1834.600113635913,1129.9374063640873,1906.9052626835316,249.32908860119045,517.1155107490081,2.167402700892857,1834.600113635913,1129.9374063640873,1906.9052626835316,249.32908860119045
2026-01-25 01:00:00+00:00,637.8305,0.13099999999999978,3152.0077499999998,344.7027499999999,1943.90275,292.084,499.8144284257804,1.855739959273183,1684.3236916000685,1074.1539279534654,1886.4413430956956,249.21494401629073,517.1155107490081,2.167402700892857,1834.600113635913,1129.9374063640873,1906.9052626835316,249.32908860119045,517.1155107490081,2.167402700892857,1834.600113635913,1129.9374063640873,1906.9052626835316,249.32908860119045
2026-01-25 02:00:00+00:00,792.60225,0.13099999999999978,3167.3775,338.97675000000004,1936.12175,292.044,500.2995598186361,1.855739959273183,1695.848094171964,1081.659667263224,1889.0323528087001,249.21494401629073,517.1155107490081,2.167402700892857,1834.600113635913,1129.9374063640873,1906.9052626835316,249.32908860119045,517.1155107490081,2.167402700892857,1834.600113635913,1129.9374063640873,1906.9052626835316,249.32908860119045
2026-01-25 03:00:00+00:00,971.86075,0.13099999999999978,3161.52075,335.3710000000001,1949.3445,286.11,504.3703544281791,1.855739959273183,1717.2243408462857,1089.1654065729826,1891.0684454961722,249.21494401629073,517.1155107490081,2.167402700892857,1834.600113635913,1129.9374063640873,1906.9052626835316,249.32908860119045,517.1155107490081,2.167402700892857,1834.600113635913,1129.9374063640873,1906.9052626835316,249.32908860119045
2026-01-25 04:00:00+00:00,997.1395,0.13099999999999978,3187.73925,332.43449999999996,1983.08125,284.171,507.7097403575634,1.855739959273183,1718.827994530742,1096.6711458827415,1893.6039635063685,249.21494401629073,517.1155107490081,2.167402700892857,1834.600113635913,1129.9374063640873,1906.9052626835316,249.32908860119045,517.1155107490081,2.167402700892857,1834.600113635913,1129.9374063640873,1906.9052626835316,249.32908860119045
2026-01-25 05:00:00+00:00,1015.62725,0.13099999999999978,3283.1802500000003,332.1685,2081.7505,284.211,509.59612016513717,1.855739959273183,1738.3135739685026,1104.1768851925,1896.3152054924553,249.21494401629073,517.1155107490081,2.167402700892857,1834.600113635913,1129.9374063640873,1906.9052626835316,249.32908860119045,517.1155107490081,2.167402700892857,1834.600113635913,1129.9374063640873,1906.9052626835316,249.32908860119045
2026-01-25 06:00:00+00:00,1043.29975,0.13099999999999978,3434.7475000000004,328.5384999999999,2225.1859999999997,284.211,510.91740393643363,1.855739959273183,1764.1827479792955,1111.6826245022587,1899.5397468326776,249.21494401629073,517.1155107490081,2.167402700892857,1834.600113635913,1129.9374063640873,1906.9052626835316,249.32908860119045,517.1155107490081,2.167402700892857,1834.600113635913,1129.9374063640873,1906.9052626835316,249.32908860119045
2026-01-25 07:00:00+00:00,1055.7285,0.13099999999999978,3548.853,335.9145,2302.813,284.251,513.7985679526545,1.855739959273183,1827.9626610840933,1119.1883638120175,1902.588563998556,249.21494401629073,517.1155107490081,2.167402700892857,1834.600113635913,1129.9374063640873,1906.9052626835316,249.32908860119045,517.1155107490081,2.167402700892857,1834.600113635913,1129.9374063640873,1906.9052626835316,249.32908860119045
2026-01-25 08:00:00+00:00,1057.0104999999999,0.13099999999999978,3968.95,343.726,2287.35075,284.369,511.5521271078158,1.855739959273183,1895.5046764520864,1126.6941031217762,1904.7495130179848,249.21494401629073,517.1155107490081,2.167402700892857,1834.600113635913,1129.9374063640873,1906.9052626835316,249.32908860119045,517.1155107490081,2.167402700892857,1834.600113635913,1129.9374063640873,1906.9052626835316,249.32908860119045
2026-01-25 09:00:00+00:00,1056.0594999999998,0.13099999999999978,4039.6684999999998,341.83574999999996,2238.94725,290.46175,504.29071049384095,1.855739959273183,1929.9973126900973,1134.1998424315348,1906.4850257198932,249.21494401629073,517.1155107490081,2.167402700892857,1834.600113635913,1129.9374063640873,1906.9052626835316,249.32908860119045,517.1155107490081,2.167402700892857,1834.600113635913,1129.9374063640873,1906.9052626835316,249.32908860119045
2026-01-25 10:00:00+00:00,1049.5052500000002,0.13099999999999978,3928.5644999999995,362.216,2189.047,292.558,502.4663220767547,1.855739959273183,1935.6552866102272,1141.7055817412936,1907.906084404825,249.21494401629073,517.1155107490081,2.167402700892857,1834.600113635913,1129.9374063640873,1906.9052626835316,249.32908860119045,517.1155107490081,2.167402700892857,1834.600113635913,1129.9374063640873,1906.9052626835316,249.32908860119045
2026-01-25 11:00:00+00:00,1042.4435,0.13099999999999978,4065.32075,335.9955,2107.59225,292.638,501.5359538208812,1.855739959273183,1924.975617194923,1149.2113210510522,1909.4519991269945,249.21494401629073,517.1155107490081,2.167402700892857,1834.600113635913,1129.9374063640873,1906.9052626835316,249.32908860119045,517.1155107490081,2.167402700892857,1834.600113635913,1129.9374063640873,1906.9052626835316,249.32908860119045
2026-01-25 12:00:00+00:00,1021.21625,0.13099999999999978,3940.8557499999997,327.082,2066.82225,292.717,502.86203210856934,1.855739959273183,1922.8684476242493,1156.7170603608108,1912.8383919658386,249.21494401629073,517.1155107490081,2.167402700892857,1834.600113635913,1129.9374063640873,1906.9052626835316,249.32908860119045,517.1155107490081,2.167402700892857,1834.600113635913,1129.9374063640873,1906.9052626835316,249.32908860119045
2026-01-25 13:00:00+00:00,1017.97075,0.13099999999999978,3861.9182500000006,363.48325,2067.51775,292.717,504.71796613772983,1.855739959273183,1939.3976055259925,1164.2227996705694,1914.8004966704905,249.21494401629073,517.1155107490081,2.167402700892857,1834.600113635913,1129.9374063640873,1906.9052626835316,249.32908860119045,517.1155107490081,2.167402700892857,1834.600113635913,1129.9374063640873,1906.9052626835316,249.32908860119045
2026-01-25 14:00:00+00:00,1034.1725000000001,0.13099999999999978,3946.52125,331.278,2091.0434999999998,292.717,508.31452163611056,1.855739959273183,1975.2759818424404,1171.7285389803283,1917.8123194826078,249.21494401629073,517.1155107490081,2.167402700892857,1834.600113635913,1129.9374063640873,1906.9052626835316,249.32908860119045,517.1155107490081,2.167402700892857,1834.600113635913,1129.9374063640873,1906.9052626835316,249.32908860119045
2026-01-25 15:00:00+00:00,986.8399999999999,0.13099999999999978,4102.419,460.29999999999995,2185.846,292.638,513.8719109928189,1.855739959273183,2012.8584246963899,1179.2342782900869,1920.6946619560579,249.21494401629073,517.1155107490081,2.167402700892857,1834.600113635913,1129.9374063640873,1906.9052626835316,249.32908860119045,517.1155107490081,2.167402700892857,1834.600113635913,1129.9374063640873,1906.9052626835316,249.32908860119045
2026-01-25 16:00:00+00:00,826.3845,0.13099999999999978,4161.25925,601.183,2277.6025,292.558,522.1410798602635,1.855739959273183,2085.2376566017633,1186.7400175998455,1923.7666014916033,249.21494401629073,517.1155107490081,2.167402700892857,1834.600113635913,1129.9374063640873,1906.9052626835316,249.32908860119045,517.1155107490081,2.167402700892857,1834.600113635913,1129.9374063640873,1906.9052626835316,249.32908860119045
2026-01-25 17:00:00+00:00,826.84575,0.13099999999999978,4156.1745,500.64699999999993,2296.3225,292.558,525.1702117834493,1.855739959273183,2114.365974167599,1194.2457569096043,1926.7691762987736,249.21494401629073,517.1155107490081,2.167402700892857,1834.600113635913,1129.9374063640873,1906.9052626835316,249.32908860119045,517.1155107490081,2.167402700892857,1834.600113635913,1129.9374063640873,1906.9052626835316,249.32908860119045
2026-01-25 18:00:00+00:00,826.992,0.13099999999999978,4154.429749999999,652.732,2255.58975,292.558,525.3508330563094,1.855739959273183,2102.469416060301,1201.751496219363,1929.4804189709737,249.21494401629073,517.1155107490081,2.167402700892857,1834.600113635913,1129.9374063640873,1906.9052626835316,249.32908860119045,517.1155107490081,2.167402700892857,1834.600113635913,1129.9374063640873,1906.9052626835316,249.32908860119045
2026-01-25 19:00:00+00:00,814.471,0.13099999999999978,4144.549,477.0564999999999,2141.2735000000002,292.558,521.8334827555971,1.855739959273183,2072.0679919087033,1209.2572355291215,1931.877208521791,249.21494401629073,517.1155107490081,2.167402700892857,1834.600113635913,1129.9374063640873,1906.9052626835316,249.32908860119045,517.1155107490081,2.167402700892857,1834.600113635913,1129.9374063640873,1906.9052626835316,249.32908860119045
2026-01-25 20:00:00+00:00,731.5515,0.13099999999999978,4100.1835,605.46775,2057.044,292.558,521.924246068086,1.855739959273183,2049.4303038616986,1216.7629748388804,1934.2555005692082,249.21494401629073,517.1155107490081,2.167402700892857,1834.600113635913,1129.9374063640873,1906.9052626835316,249.32908860119045,517.1155107490081,2.167402700892857,1834.600113635913,1129.9374063640873,1906.9052626835316,249.32908860119045
2026-01-25 21:00:00+00:00,699.2925,0.13099999999999978,4059.5649999999996,597.8280000000001,2006.39625,292.558,525.9766502837052,1.855739959273183,2021.5131884954412,1224.268714148639,1936.7540249558583,249.21494401629073,517.1155107490081,2.167402700892857,1834.600113635913,1129.9374063640873,1906.9052626835316,249.32908860119045,517.1155107490081,2.167402700892857,1834.600113635913,1129.9374063640873,1906.9052626835316,249.32908860119045
2026-01-25 22:00:00+00:00,670.23425,0.13099999999999978,4027.072,586.3197500000001,1973.206,292.558,523.5839944545421,1.855739959273183,1977.8894069028386,1231.7744534583976,1938.7947426308742,249.21494401629073,517.1155107490081,2.167402700892857,1834.600113635913,1129.9374063640873,1906.9052626835316,249.32908860119045,517.1155107490081,2.167402700892857,1834.600113635913,1129.9374063640873,1906.9052626835316,249.32908860119045
2026-01-25 23:00:00+00:00,641.486,0.13099999999999978,3956.40075,324.69100000000003,1939.0394999999999,265.063,519.9301961457784,1.855739959273183,1947.1209748510023,1239.2801927681562,1940.6874825141258,249.21494401629073,517.1155107490081,2.167402700892857,1834.600113635913,1129.9374063640873,1906.9052626835316,249.32908860119045,517.1155107490081,2.167402700892857,1834.600113635913,1129.9374063640873,1906.9052626835316,249.32908860119045
2026-01-26 00:00:00+00:00,642.51325,0.13099999999999978,3957.018,307.9765,1921.45125,265.103,502.29037575905426,1.855739959273183,1805.905083615945,1066.6481886437068,1878.486127750927,249.21494401629073,517.1155107490081,2.167402700892857,1834.600113635913,1129.9374063640873,1906.9052626835316,249.32908860119045,517.1155107490081,2.167402700892857,1834.600113635913,1129.9374063640873,1906.9052626835316,249.32908860119045
2026-01-26 01:00:00+00:00,644.30575,0.13099999999999978,3935.22725,305.5107499999999,1899.696,265.063,497.25856353671185,1.855739959273183,1779.8458001929448,1074.1539279534654,1880.9985252513454,249.21494401629073,517.1155107490081,2.167402700892857,1834.600113635913,1129.9374063640873,1906.9052626835316,249.32908860119045,517.1155107490081,2.167402700892857,1834.600113635913,1129.9374063640873,1906.9052626835316,249.32908860119045
2026-01-26 02:00:00+00:00,645.345,0.13099999999999978,3664.627,314.22974999999997,1894.07325,265.103,495.5583158154788,1.855739959273183,1755.796155109226,1081.659667263224,1883.6681493124554,249.21494401629073,517.1155107490081,2.167402700892857,1834.600113635913,1129.9374063640873,1906.9052626835316,249.32908860119045,517.1155107490081,2.167402700892857,1834.600113635913,1129.9374063640873,1906.9052626835316,249.32908860119045
2026-01-26 03:00:00+00:00,537.992,0.13099999999999978,3764.17175,318.77099999999996,1911.17175,259.327,496.1084846750778,1.855739959273183,1777.712273250621,1089.1654065729826,1886.5597405486308,249.21494401629073,517.1155107490081,2.167402700892857,1834.600113635913,1129.9374063640873,1906.9052626835316,249.32908860119045,517.1155107490081,2.167402700892857,1834.600113635913,1129.9374063640873,1906.9052626835316,249.32908860119045
2026-01-26 04:00:00+00:00,324.09774999999996,0.13099999999999978,4286.3135,317.22900000000004,1941.203,257.23,505.1102554872152,1.855739959273183,1871.98520251942,1096.6711458827415,1889.2571108152267,249.21494401629073,517.1155107490081,2.167402700892857,1834.600113635913,1129.9374063640873,1906.9052626835316,249.32908860119045,517.1155107490081,2.167402700892857,1834.600113635913,1129.9374063640873,1906.9052626835316,249.32908860119045
2026-01-26 05:00:00+00:00,371.9,0.13099999999999978,4906.358,331.1410000000001,2013.11925,257.269,519.7190185180046,1.855739959273183,2052.8149752654076,1104.1768851925,1891.838873176323,249.21494401629073,517.1155107490081,2.167402700892857,1834.600113635913,1129.9374063640873,1906.9052626835316,249.32908860119045,517.1155107490081,2.167402700892857,1834.600113635913,1129.9374063640873,1906.9052626835316,249.32908860119045
2026-01-26 06:00:00+00:00,471.25,0.13099999999999978,4963.206750000001,701.5160000000001,2136.5015,257.269,533.6708743673752,1.855739959273183,2151.275124626908,1111.6826245022587,1894.1061823719351,249.21494401629073,517.1155107490081,2.167402700892857,1834.600113635913,1129.9374063640873,1906.9052626835316,249.32908860119045,517.1155107490081,2.167402700892857,1834.600113635913,1129.9374063640873,1906.9052626835316,249.32908860119045
2026-01-26 07:00:00+00:00,461.6,0.13099999999999978,5313.64225,978.5377500000001,2222.821,257.269,538.648520530221,1.855739959273183,2208.1345667918886,1119.1883638120175,1896.8266738013479,249.21494401629073,517.1155107490081,2.167402700892857,1834.600113635913,1129.9374063640873,1906.9052626835316,249.32908860119045,517.1155107490081,2.167402700892857,1834.600113635913,1129.9374063640873,1906.9052626835316,249.32908860119045
2026-01-26 08:00:00+00:00,472.1,0.13099999999999978,5480.31425,1098.4817500000001,2224.071,257.269,543.7711476121631,1.855739959273183,2226.0311895930995,1126.6941031217762,1899.2697064631393,249.21494401629073,517.1155107490081,2.167402700892857,1834.600113635913,1129.9374063640873,1906.9052626835316,249.32908860119045,517.1155107490081,2.167402700892857,1834.600113635913,1129.9374063640873,1906.9052626835316,249.32908860119045
2026-01-26 09:00:00+00:00,485.8,2.6445000000000003,5492.0795,1028.3945,2176.559,263.164,540.8932981854418,1.855739959273183,2218.3405491091216,1134.1998424315348,1901.7451088465054,249.21494401629073,517.1155107490081,2.167402700892857,1834.600113635913,1129.9374063640873,1906.9052626835316,249.32908860119045,517.1155107490081,2.167402700892857,1834.600113635913,1129.9374063640873,1906.9052626835316,249.32908860119045
2026-01-26 10:00:00+00:00,484.4,54.96125,5471.457,764.71525,2143.19325,265.103,541.3006219175637,1.855739959273183,2190.6241210738854,1141.7055817412936,1903.9661744875846,249.21494401629073,517.1155107490081,2.167402700892857,1834.600113635913,1129.9374063640873,1906.9052626835316,249.32908860119045,517.1155107490081,2.167402700892857,1834.600113635913,1129.9374063640873,1906.9052626835316,249.32908860119045
2026-01-26 11:00:00+00:00,478.4,2.56175,5239.9155,522.4467500000001,2080.2395,270.997,540.535018771181,1.855739959273183,2173.6502072814833,1149.2113210510522,1905.8774110992313,249.21494401629073,517.1155107490081,2.167402700892857,1834.600113635913,1129.9374063640873,1906.9052626835316,249.32908860119045,517.1155107490081,2.167402700892857,1834.600113635913,1129.9374063640873,1906.9052626835316,249.32908860119045
2026-01-26 12:00:00+00:00,473.6,0.13099999999999978,5175.18775,487.51475000000005,2059.33625,272.896,539.1145285284246,1.855739959273183,2152.0563778656488,1156.7170603608108,1907.7239072398315,249.21494401629073,517.1155107490081,2.167402700892857,1834.600113635913,1129.9374063640873,1906.9052626835316,249.32908860119045,517.1155107490081,2.167402700892857,1834.600113635913,1129.9374063640873,1906.9052626835316,249.32908860119045
2026-01-26 13:00:00+00:00,477.7,0.13099999999999978,5307.80675,448.404,2067.49025,272.896,542.4888985994395,1.855739959273183,2132.703139038682,1164.2227996705694,1909.8293645344015,249.21494401629073,517.1155107490081,2.167402700892857,1834.600113635913,1129.9374063640873,1906.9052626835316,249.32908860119045,517.1155107490081,2.167402700892857,1834.600113635913,1129.9374063640873,1906.9052626835316,249.32908860119045
2026-01-26 14:00:00+00:00,473.5,0.13099999999999978,5636.976500000001,679.4662500000001,2098.00125,272.896,546.8464867954292,1.855739959273183,2153.9116210619445,1171.7285389803283,1912.5914750489887,249.21494401629073,517.1155107490081,2.167402700892857,1834.600113635913,1129.9374063640873,1906.9052626835316,249.32908860119045,517.1155107490081,2.167402700892857,1834.600113635913,1129.9374063640873,1906.9052626835316,249.32908860119045
2026-01-26 15:00:00+00:00,486.05,0.13099999999999978,5655.639687500001,1273.9,2200.89925,272.936,553.1017602991873,1.855739959273183,2178.7970001147823,1179.2342782900869,1915.5986733722477,249.21494401629073,517.1155107490081,2.167402700892857,1834.600113635913,1129.9374063640873,1906.9052626835316,249.32908860119045,517.1155107490081,2.167402700892857,1834.600113635913,1129.9374063640873,1906.9052626835316,249.32908860119045
2026-01-26 16:00:00+00:00,484.1,0.13099999999999978,5674.302874999999,2020.4632500000002,2274.8655,273.411,559.0541252169544,1.855739959273183,2209.679755156801,1186.7400175998455,1918.7908438747975,249.21494401629073,517.1155107490081,2.167402700892857,1834.600113635913,1129.9374063640873,1906.9052626835316,249.32908860119045,517.1155107490081,2.167402700892857,1834.600113635913,1129.9374063640873,1906.9052626835316,249.32908860119045
2026-01-26 17:00:00+00:00,488.6,0.13099999999999978,5692.9660625,1971.339,2284.5769999999998,275.547,564.7869035823696,1.855739959273183,2237.993663505652,1194.2457569096043,1921.7379260945913,249.21494401629073,517.1155107490081,2.167402700892857,1834.600113635913,1129.9374063640873,1906.9052626835316,249.32908860119045,517.1155107490081,2.167402700892857,1834.600113635913,1129.9374063640873,1906.9052626835316,249.32908860119045
2026-01-26 18:00:00+00:00,489.1,0.13099999999999978,5711.62925,1402.0765,2248.2219999999998,277.011,564.8946499025217,1.855739959273183,2224.409901106156,1201.751496219363,1924.5370306101333,249.21494401629073,517.1155107490081,2.167402700892857,1834.600113635913,1129.9374063640873,1906.9052626835316,249.32908860119045,517.1155107490081,2.167402700892857,1834.600113635913,1129.9374063640873,1906.9052626835316,249.32908860119045
2026-01-26 19:00:00+00:00,474.45,0.13099999999999978,5278.2235,840.39775,2168.63075,272.975,562.5300083171069,1.855739959273183,2188.0078562388053,1209.2572355291215,1927.6552123831098,249.21494401629073,517.1155107490081,2.167402700892857,1834.600113635913,1129.9374063640873,1906.9052626835316,249.32908860119045,517.1155107490081,2.167402700892857,1834.600113635913,1129.9374063640873,1906.9052626835316,249.32908860119045
2026-01-26 20:00:00+00:00,460.1,0.13099999999999978,5381.3975,447.4135,2090.264,272.975,559.7535502665805,1.855739959273183,2137.528201093924,1216.7629748388804,1930.9213723454475,249.21494401629073,517.1155107490081,2.167402700892857,1834.600113635913,1129.9374063640873,1906.9052626835316,249.32908860119045,517.1155107490081,2.167402700892857,1834.600113635913,1129.9374063640873,1906.9052626835316,249.32908860119045
2026-01-26 21:00:00+00:00,338.95,0.13099999999999978,5262.742249999999,365.5994999999999,2025.6495,272.975,558.5229293247344,1.855739959273183,2108.2095931865133,1224.268714148639,1933.7251011183184,249.21494401629073,517.1155107490081,2.167402700892857,1834.600113635913,1129.9374063640873,1906.9052626835316,249.32908860119045,517.1155107490081,2.167402700892857,1834.600113635913,1129.9374063640873,1906.9052626835316,249.32908860119045
2026-01-26 22:00:00+00:00,264.25,0.13099999999999978,4807.709,378.9492499999999,1991.0565,272.936,547.7699121250404,1.855739959273183,2065.097402494835,1231.7744534583976,1936.584321616048,249.21494401629073,517.1155107490081,2.167402700892857,1834.600113635913,1129.9374063640873,1906.9052626835316,249.32908860119045,517.1155107490081,2.167402700892857,1834.600113635913,1129.9374063640873,1906.9052626835316,249.32908860119045
2026-01-26 23:00:00+00:00,259.3,0.13099999999999978,4674.567,383.91374999999994,1952.1577499999999,269.534,542.6407909501154,1.855739959273183,2030.4699193508463,1239.2801927681562,1939.6516362743014,249.21494401629073,517.1155107490081,2.167402700892857,1834.600113635913,1129.9374063640873,1906.9052626835316,249.32908860119045,517.1155107490081,2.167402700892857,1834.600113635913,1129.9374063640873,1906.9052626835316,249.32908860119045
2026-01-27 00:00:00+00:00,257.7,0.13099999999999978,4616.12475,396.13750000000005,1933.2625,268.901,534.7973642466437,1.855739959273183,1901.1875417684053,1066.6481886437068,1878.7173423109768,249.21494401629073,517.1155107490081,2.167402700892857,1834.600113635913,1129.9374063640873,1906.9052626835316,249.32908860119045,517.1155107490081,2.167402700892857,1834.600113635913,1129.9374063640873,1906.9052626835316,249.32908860119045
2026-01-27 01:00:00+00:00,256.7,0.13099999999999978,4562.16925,408.4939999999999,1921.60975,268.901,539.2641213546277,1.855739959273183,1886.0833697655394,1074.1539279534654,1881.576562869345,249.21494401629073,517.1155107490081,2.167402700892857,1834.600113635913,1129.9374063640873,1906.9052626835316,249.32908860119045,517.1155107490081,2.167402700892857,1834.600113635913,1129.9374063640873,1906.9052626835316,249.32908860119045
2026-01-27 02:00:00+00:00,253.5,0.13099999999999978,4909.468,403.3174999999999,1914.8377500000001,268.901,536.0820715703255,1.855739959273183,1898.051024555688,1081.659667263224,1884.8473470400875,249.21494401629073,517.1155107490081,2.167402700892857,1834.600113635913,1129.9374063640873,1906.9052626835316,249.32908860119045,517.1155107490081,2.167402700892857,1834.600113635913,1129.9374063640873,1906.9052626835316,249.32908860119045
2026-01-27 03:00:00+00:00,246.60000000000002,0.13099999999999978,5113.61675,472.24675,1927.865,263.00600000000003,535.711240049017,1.855739959273183,1928.999806719898,1089.1654065729826,1888.2291148190347,249.21494401629073,517.1155107490081,2.167402700892857,1834.600113635913,1129.9374063640873,1906.9052626835316,249.32908860119045,517.1155107490081,2.167402700892857,1834.600113635913,1129.9374063640873,1906.9052626835316,249.32908860119045
2026-01-27 04:00:00+00:00,282.5,0.13099999999999978,5593.33775,535.76925,1956.3845,261.028,546.2846270463042,1.855739959273183,1984.311564438249,1096.6711458827415,1891.3334235995203,249.21494401629073,517.1155107490081,2.167402700892857,1834.600113635913,1129.9374063640873,1906.9052626835316,249.32908860119045,517.1155107490081,2.167402700892857,1834.600113635913,1129.9374063640873,1906.9052626835316,249.32908860119045
2026-01-27 05:00:00+00:00,411.5,0.10524999999999984,5801.641,1175.92225,2017.576,261.067,554.9682571430276,1.855739959273183,2111.9199017025767,1104.1768851925,1894.442356868864,249.21494401629073,517.1155107490081,2.167402700892857,1834.600113635913,1129.9374063640873,1906.9052626835316,249.32908860119045,517.1155107490081,2.167402700892857,1834.600113635913,1129.9374063640873,1906.9052626835316,249.32908860119045
2026-01-27 06:00:00+00:00,465.4,0.06599999999999984,5881.9795,1734.32275,2117.1555,265.142,562.351400254819,1.855739959273183,2208.1874925935954,1111.6826245022587,1897.1582239196705,249.21494401629073,517.1155107490081,2.167402700892857,1834.600113635913,1129.9374063640873,1906.9052626835316,249.32908860119045,517.1155107490081,2.167402700892857,1834.600113635913,1129.9374063640873,1906.9052626835316,249.32908860119045
2026-01-27 07:00:00+00:00,470.1,0.06599999999999984,5920.49725,2130.47625,2203.9390000000003,265.142,565.8128098958874,1.855739959273183,2207.616301182665,1119.1883638120175,1901.649825805498,249.21494401629073,517.1155107490081,2.167402700892857,1834.600113635913,1129.9374063640873,1906.9052626835316,249.32908860119045,517.1155107490081,2.167402700892857,1834.600113635913,1129.9374063640873,1906.9052626835316,249.32908860119045
2026-01-27 08:00:00+00:00,468.85,0.06599999999999984,5890.429749999999,1140.74375,2218.10225,265.221,556.7534645195216,1.855739959273183,2142.530372773759,1126.6941031217762,1902.2153887854104,249.21494401629073,517.1155107490081,2.167402700892857,1834.600113635913,1129.9374063640873,1906.9052626835316,249.32908860119045,517.1155107490081,2.167402700892857,1834.600113635913,1129.9374063640873,1906.9052626835316,249.32908860119045
2026-01-27 09:00:00+00:00,467.95,0.06599999999999984,5699.77625,606.78875,2207.40175,269.45475,544.7284410139773,1.855739959273183,2076.4823664342375,1134.1998424315348,1903.090779890893,249.21494401629073,517.1155107490081,2.167402700892857,1834.600113635913,1129.9374063640873,1906.9052626835316,249.32908860119045,517.1155107490081,2.167402700892857,1834.600113635913,1129.9374063640873,1906.9052626835316,249.32908860119045
2026-01-27 10:00:00+00:00,469.0,0.06599999999999984,5665.26925,577.0585,2185.3495,268.901,536.6276002517396,1.855739959273183,2013.64241329173,1141.7055817412936,1904.128021864009,249.21494401629073,517.1155107490081,2.167402700892857,1834.600113635913,1129.9374063640873,1906.9052626835316,249.32908860119045,517.1155107490081,2.167402700892857,1834.600113635913,1129.9374063640873,1906.9052626835316,249.32908860119045
2026-01-27 11:00:00+00:00,474.85,0.06599999999999984,5709.934749999999,589.1600000000001,2121.803,268.901,529.4701531733048,1.855739959273183,2003.5151186493968,1149.2113210510522,1905.4658439467232,249.21494401629073,517.1155107490081,2.167402700892857,1834.600113635913,1129.9374063640873,1906.9052626835316,249.32908860119045,517.1155107490081,2.167402700892857,1834.600113635913,1129.9374063640873,1906.9052626835316,249.32908860119045
2026-01-27 12:00:00+00:00,480.1,0.06599999999999984,5579.07675,563.2460000000001,2099.0905000000002,268.94,523.4179933512679,1.855739959273183,1976.4069798401022,1156.7170603608108,1907.007135701103,249.21494401629073,517.1155107490081,2.167402700892857,1834.600113635913,1129.9374063640873,1906.9052626835316,249.32908860119045,517.1155107490081,2.167402700892857,1834.600113635913,1129.9374063640873,1906.9052626835316,249.32908860119045
2026-01-27 13:00:00+00:00,470.8,0.06599999999999984,5410.25975,531.3597500000001,2103.1192499999997,268.94,518.8261101459011,1.855739959273183,1999.8679610445447,1164.2227996705694,1908.9738640486335,249.21494401629073,517.1155107490081,2.167402700892857,1834.600113635913,1129.9374063640873,1906.9052626835316,249.32908860119045,517.1155107490081,2.167402700892857,1834.600113635913,1129.9374063640873,1906.9052626835316,249.32908860119045
2026-01-27 14:00:00+00:00,479.1,0.06599999999999984,5563.4965,504.88975000000005,2132.1504999999997,268.94,520.1536137772903,1.855739959273183,2032.32868725776,1171.7285389803283,1911.4770126815872,249.21494401629073,517.1155107490081,2.167402700892857,1834.600113635913,1129.9374063640873,1906.9052626835316,249.32908860119045,517.1155107490081,2.167402700892857,1834.600113635913,1129.9374063640873,1906.9052626835316,249.32908860119045
2026-01-27 15:00:00+00:00,484.2,0.06599999999999984,5584.6605,557.2150000000001,2237.13375,268.901,517.950135040816,1.855739959273183,2050.570012677176,1179.2342782900869,1915.0761232576826,249.21494401629073,517.1155107490081,2.167402700892857,1834.600113635913,1129.9374063640873,1906.9052626835316,249.32908860119045,517.1155107490081,2.167402700892857,1834.600113635913,1129.9374063640873,1906.9052626835316,249.32908860119045
2026-01-27 16:00:00+00:00,480.65,0.06599999999999984,5516.331,707.9372500000001,2308.0415000000003,268.901,518.6132729635556,1.855739959273183,2114.7495813288942,1186.7400175998455,1920.0347813205212,249.21494401629073,517.1155107490081,2.167402700892857,1834.600113635913,1129.9374063640873,1906.9052626835316,249.32908860119045,517.1155107490081,2.167402700892857,1834.600113635913,1129.9374063640873,1906.9052626835316,249.32908860119045
2026-01-27 17:00:00+00:00,491.5,0.06599999999999984,5317.917,753.2392500000001,2315.656,268.901,517.6666871956146,1.855739959273183,2145.834078404513,1194.2457569096043,1924.5217596061927,249.21494401629073,517.1155107490081,2.167402700892857,1834.600113635913,1129.9374063640873,1906.9052626835316,249.32908860119045,517.1155107490081,2.167402700892857,1834.600113635913,1129.9374063640873,1906.9052626835316,249.32908860119045
2026-01-27 18:00:00+00:00,479.2,0.06599999999999984,5247.80875,547.2305000000001,2277.69225,268.901,515.2775178718362,1.855739959273183,2140.343201782596,1201.751496219363,1926.853808632216,249.21494401629073,517.1155107490081,2.167402700892857,1834.600113635913,1129.9374063640873,1906.9052626835316,249.32908860119045,517.1155107490081,2.167402700892857,1834.600113635913,1129.9374063640873,1906.9052626835316,249.32908860119045
2026-01-27 19:00:00+00:00,358.15,0.06599999999999984,5269.84675,454.6254999999999,2196.9155,268.901,512.1503838928732,1.855739959273183,2116.0791401235883,1209.2572355291215,1929.000885521671,249.21494401629073,517.1155107490081,2.167402700892857,1834.600113635913,1129.9374063640873,1906.9052626835316,249.32908860119045,517.1155107490081,2.167402700892857,1834.600113635913,1129.9374063640873,1906.9052626835316,249.32908860119045
2026-01-27 20:00:00+00:00,320.8,0.06599999999999984,5278.34775,518.51325,2116.513,268.901,509.981226882416,1.855739959273183,2109.142631322662,1216.7629748388804,1931.5872716248728,249.21494401629073,517.1155107490081,2.167402700892857,1834.600113635913,1129.9374063640873,1906.9052626835316,249.32908860119045,517.1155107490081,2.167402700892857,1834.600113635913,1129.9374063640873,1906.9052626835316,249.32908860119045
2026-01-27 21:00:00+00:00,288.9,0.06599999999999984,5011.26825,505.32475,2064.6565,268.901,509.150202904876,1.855739959273183,2061.5554604612557,1224.268714148639,1934.6962047784518,249.21494401629073,517.1155107490081,2.167402700892857,1834.600113635913,1129.9374063640873,1906.9052626835316,249.32908860119045,517.1155107490081,2.167402700892857,1834.600113635913,1129.9374063640873,1906.9052626835316,249.32908860119045
2026-01-27 22:00:00+00:00,262.7,0.06599999999999984,5031.8855,427.06925,2017.1100000000001,268.901,502.8445210537492,1.855739959273183,2018.0047477048313,1231.7744534583976,1937.541552253371,249.21494401629073,517.1155107490081,2.167402700892857,1834.600113635913,1129.9374063640873,1906.9052626835316,249.32908860119045,517.1155107490081,2.167402700892857,1834.600113635913,1129.9374063640873,1906.9052626835316,249.32908860119045
2026-01-27 23:00:00+00:00,256.75,0.06599999999999984,5136.80825,425.13249999999994,1984.08175,264.984,496.2225911370526,1.855739959273183,1983.5531867702957,1239.2801927681562,1940.3406566724423,249.21494401629073,517.1155107490081,2.167402700892857,1834.600113635913,1129.9374063640873,1906.9052626835316,249.32908860119045,517.1155107490081,2.167402700892857,1834.600113635913,1129.9374063640873,1906.9052626835316,249.32908860119045
2026-01-28 00:00:00+00:00,262.3,0.06599999999999984,4554.8575,467.66675,1969.5675,264.984,478.95497087664205,1.855739959273183,1855.541282972098,1066.6481886437068,1878.6618491146628,249.21494401629073,517.1155107490081,2.167402700892857,1834.600113635913,1129.9374063640873,1906.9052626835316,249.32908860119045,517.1155107490081,2.167402700892857,1834.600113635913,1129.9374063640873,1906.9052626835316,249.32908860119045
2026-01-28 01:00:00+00:00,261.9,0.06599999999999984,4426.8215,480.00149999999996,1957.0145,265.409,476.4943010486058,1.855739959273183,1842.4103989490634,1074.1539279534654,1881.326848802679,249.21494401629073,517.1155107490081,2.167402700892857,1834.600113635913,1129.9374063640873,1906.9052626835316,249.32908860119045,517.1155107490081,2.167402700892857,1834.600113635913,1129.9374063640873,1906.9052626835316,249.32908860119045
2026-01-28 02:00:00+00:00,258.8,0.06599999999999984,4394.142,479.9192499999999,1948.926,264.984,476.92237423514746,1.855739959273183,1851.6309877328192,1081.659667263224,1884.1906937947797,249.21494401629073,517.1155107490081,2.167402700892857,1834.600113635913,1129.9374063640873,1906.9052626835316,249.32908860119045,517.1155107490081,2.167402700892857,1834.600113635913,1129.9374063640873,1906.9052626835316,249.32908860119045
2026-01-28 03:00:00+00:00,272.9,0.059499999999999886,4821.08175,501.4855,1952.4427500000002,259.05,485.21812725636437,1.855739959273183,1890.294177996333,1089.1654065729826,1886.9019364724925,249.21494401629073,517.1155107490081,2.167402700892857,1834.600113635913,1129.9374063640873,1906.9052626835316,249.32908860119045,517.1155107490081,2.167402700892857,1834.600113635913,1129.9374063640873,1906.9052626835316,249.32908860119045
2026-01-28 04:00:00+00:00,304.7,0.0,4759.58075,511.54150000000004,1972.24875,257.072,495.90496893288486,1.855739959273183,1949.0334127174083,1096.6711458827415,1890.168096313553,249.21494401629073,517.1155107490081,2.167402700892857,1834.600113635913,1129.9374063640873,1906.9052626835316,249.32908860119045,517.1155107490081,2.167402700892857,1834.600113635913,1129.9374063640873,1906.9052626835316,249.32908860119045
2026-01-28 05:00:00+00:00,379.65,0.0,4977.2564999999995,507.4337499999999,2018.118,257.072,511.7363552185068,1.855739959273183,2092.384639035782,1104.1768851925,1893.1383004484287,249.21494401629073,517.1155107490081,2.167402700892857,1834.600113635913,1129.9374063640873,1906.9052626835316,249.32908860119045,517.1155107490081,2.167402700892857,1834.600113635913,1129.9374063640873,1906.9052626835316,249.32908860119045
2026-01-28 06:00:00+00:00,466.6,0.0,5013.257,1049.5865,2128.3005000000003,258.39725,522.3515348963618,1.855739959273183,2189.669618013624,1111.6826245022587,1894.2911510241847,249.21494401629073,517.1155107490081,2.167402700892857,1834.600113635913,1129.9374063640873,1906.9052626835316,249.32908860119045,517.1155107490081,2.167402700892857,1834.600113635913,1129.9374063640873,1906.9052626835316,249.32908860119045
2026-01-28 07:00:00+00:00,459.5,0.0,5269.5675,1286.7907500000001,2216.651,262.412,524.7161675085914,1.855739959273183,2222.734987885663,1119.1883638120175,1897.1781178734848,249.21494401629073,517.1155107490081,2.167402700892857,1834.600113635913,1129.9374063640873,1906.9052626835316,249.32908860119045,517.1155107490081,2.167402700892857,1834.600113635913,1129.9374063640873,1906.9052626835316,249.32908860119045
2026-01-28 08:00:00+00:00,465.0,105.96724999999999,5030.929,935.21375,2215.098,262.412,517.5661666957952,1.855739959273183,2210.6896891129463,1126.6941031217762,1899.695139746997,249.21494401629073,517.1155107490081,2.167402700892857,1834.600113635913,1129.9374063640873,1906.9052626835316,249.32908860119045,517.1155107490081,2.167402700892857,1834.600113635913,1129.9374063640873,1906.9052626835316,249.32908860119045
2026-01-28 09:00:00+00:00,474.0,108.6303125,5183.333,778.80725,2168.19125,268.34675,514.7139419419244,1.855739959273183,2181.850719489807,1134.1998424315348,1901.6849900702482,249.21494401629073,517.1155107490081,2.167402700892857,1834.600113635913,1129.9374063640873,1906.9052626835316,249.32908860119045,517.1155107490081,2.167402700892857,1834.600113635913,1129.9374063640873,1906.9052626835316,249.32908860119045
2026-01-28 10:00:00+00:00,476.95,111.293375,5166.23325,598.37625,2133.79,270.325,512.6516158134648,1.855739959273183,2164.9934051401856,1141.7055817412936,1903.7118345157312,249.21494401629073,517.1155107490081,2.167402700892857,1834.600113635913,1129.9374063640873,1906.9052626835316,249.32908860119045,517.1155107490081,2.167402700892857,1834.600113635913,1129.9374063640873,1906.9052626835316,249.32908860119045
2026-01-28 11:00:00+00:00,509.25,113.9564375,5066.468750000001,663.885,2053.91725,270.285,512.5290862497274,1.855739959273183,2197.3083020612103,1149.2113210510522,1905.6091987438242,249.21494401629073,517.1155107490081,2.167402700892857,1834.600113635913,1129.9374063640873,1906.9052626835316,249.32908860119045,517.1155107490081,2.167402700892857,1834.600113635913,1129.9374063640873,1906.9052626835316,249.32908860119045
2026-01-28 12:00:00+00:00,508.25,116.6195,4912.3625,649.0935000000001,2027.2585,270.36425,517.3790355273635,1.855739959273183,2205.651371591256,1156.7170603608108,1907.7562756332793,249.21494401629073,517.1155107490081,2.167402700892857,1834.600113635913,1129.9374063640873,1906.9052626835316,249.32908860119045,517.1155107490081,2.167402700892857,1834.600113635913,1129.9374063640873,1906.9052626835316,249.32908860119045
2026-01-28 13:00:00+00:00,504.0,103.65475,4875.1245,838.772,2037.8622500000001,270.48325,526.4699035376734,1.855739959273183,2228.5581714832074,1164.2227996705694,1910.0143359834774,249.21494401629073,517.1155107490081,2.167402700892857,1834.600113635913,1129.9374063640873,1906.9052626835316,249.32908860119045,517.1155107490081,2.167402700892857,1834.600113635913,1129.9374063640873,1906.9052626835316,249.32908860119045
2026-01-28 14:00:00+00:00,502.25,82.316,4881.77225,633.43325,2077.093,270.285,530.4410035862087,1.855739959273183,2233.286315937071,1171.7285389803283,1913.405352762881,249.21494401629073,517.1155107490081,2.167402700892857,1834.600113635913,1129.9374063640873,1906.9052626835316,249.32908860119045,517.1155107490081,2.167402700892857,1834.600113635913,1129.9374063640873,1906.9052626835316,249.32908860119045
2026-01-28 15:00:00+00:00,507.85,73.16977777777778,4888.66825,655.97775,2150.58825,270.285,529.3174187544438,1.855739959273183,2261.1887102727524,1179.2342782900869,1917.4437723156811,249.21494401629073,517.1155107490081,2.167402700892857,1834.600113635913,1129.9374063640873,1906.9052626835316,249.32908860119045,517.1155107490081,2.167402700892857,1834.600113635913,1129.9374063640873,1906.9052626835316,249.32908860119045
2026-01-28 16:00:00+00:00,512.6,64.02355555555556,4899.22325,1205.598,2215.45875,270.325,532.5405863195557,1.855739959273183,2289.691002133952,1186.7400175998455,1921.533059347036,249.21494401629073,517.1155107490081,2.167402700892857,1834.600113635913,1129.9374063640873,1906.9052626835316,249.32908860119045,517.1155107490081,2.167402700892857,1834.600113635913,1129.9374063640873,1906.9052626835316,249.32908860119045
2026-01-28 17:00:00+00:00,510.9,54.87733333333333,4799.55125,1500.687,2238.50475,266.38824999999997,528.7171862733785,1.855739959273183,2261.789840764476,1194.2457569096043,1925.2570258280666,249.21494401629073,517.1155107490081,2.167402700892857,1834.600113635913,1129.9374063640873,1906.9052626835316,249.32908860119045,517.1155107490081,2.167402700892857,1834.600113635913,1129.9374063640873,1906.9052626835316,249.32908860119045
2026-01-28 18:00:00+00:00,512.65,45.73111111111111,4524.30125,936.2732500000001,2193.91925,265.063,521.6034461728051,1.855739959273183,2253.9578905718713,1201.751496219363,1927.9682685609055,249.21494401629073,517.1155107490081,2.167402700892857,1834.600113635913,1129.9374063640873,1906.9052626835316,249.32908860119045,517.1155107490081,2.167402700892857,1834.600113635913,1129.9374063640873,1906.9052626835316,249.32908860119045
2026-01-28 19:00:00+00:00,428.0,36.58488888888889,4491.201,477.03949999999986,2116.7149999999997,265.063,514.2362779795336,1.855739959273183,2219.2712663685047,1209.2572355291215,1930.3650581117226,249.21494401629073,517.1155107490081,2.167402700892857,1834.600113635913,1129.9374063640873,1906.9052626835316,249.32908860119045,517.1155107490081,2.167402700892857,1834.600113635913,1129.9374063640873,1906.9052626835316,249.32908860119045
2026-01-28 20:00:00+00:00,347.4,27.438666666666663,4426.43275,417.64025000000004,2043.11525,265.103,510.30762698843273,1.855739959273183,2156.494743001355,1216.7629748388804,1932.6138698066914,249.21494401629073,517.1155107490081,2.167402700892857,1834.600113635913,1129.9374063640873,1906.9052626835316,249.32908860119045,517.1155107490081,2.167402700892857,1834.600113635913,1129.9374063640873,1906.9052626835316,249.32908860119045
2026-01-28 21:00:00+00:00,337.9,18.292444444444442,4085.719,405.64474999999993,1994.5825,265.103,506.6184936539206,1.855739959273183,2081.6817484543217,1224.268714148639,1935.3806043060779,249.21494401629073,517.1155107490081,2.167402700892857,1834.600113635913,1129.9374063640873,1906.9052626835316,249.32908860119045,517.1155107490081,2.167402700892857,1834.600113635913,1129.9374063640873,1906.9052626835316,249.32908860119045
2026-01-28 22:00:00+00:00,349.5,9.146222222222221,3959.5095,392.1965,1956.2305000000001,265.103,504.52268596739384,1.855739959273183,2009.6277685454324,1231.7744534583976,1938.1473388127001,249.21494401629073,517.1155107490081,2.167402700892857,1834.600113635913,1129.9374063640873,1906.9052626835316,249.32908860119045,517.1155107490081,2.167402700892857,1834.600113635913,1129.9374063640873,1906.9052626835316,249.32908860119045
2026-01-28 23:00:00+00:00,226.762,0.0,3980.29075,379.83349999999996,1910.23875,259.16825,502.8717842184563,1.855739959273183,1970.4603016023402,1239.2801927681562,1940.918697690693,249.21494401629073,517.1155107490081,2.167402700892857,1834.600113635913,1129.9374063640873,1906.9052626835316,249.32908860119045,517.1155107490081,2.167402700892857,1834.600113635913,1129.9374063640873,1906.9052626835316,249.32908860119045
2026-01-29 00:00:00+00:00,227.61199999999997,0.0,4015.7905,386.279,1898.79575,257.23,489.80072769753775,1.855739959273183,1835.3280207885136,1066.6481886437068,1879.6930724245965,249.21494401629073,517.1155107490081,2.167402700892857,1834.600113635913,1129.9374063640873,1906.9052626835316,249.32908860119045,517.1155107490081,2.167402700892857,1834.600113635913,1129.9374063640873,1906.9052626835316,249.32908860119045
2026-01-29 01:00:00+00:00,226.812,0.0,3966.5604999999996,390.89175,1889.2495,257.19,491.6320753507249,1.855739959273183,1844.8433511971284,1074.1539279534654,1882.2563373050323,249.21494401629073,517.1155107490081,2.167402700892857,1834.600113635913,1129.9374063640873,1906.9052626835316,249.32908860119045,517.1155107490081,2.167402700892857,1834.600113635913,1129.9374063640873,1906.9052626835316,249.32908860119045
2026-01-29 02:00:00+00:00,223.11199999999997,0.0,3916.58425,399.22275,1884.4917500000001,257.23,493.1634667586716,1.855739959273183,1859.0879046831117,1081.659667263224,1884.7132429861886,249.21494401629073,517.1155107490081,2.167402700892857,1834.600113635913,1129.9374063640873,1906.9052626835316,249.32908860119045,517.1155107490081,2.167402700892857,1834.600113635913,1129.9374063640873,1906.9052626835316,249.32908860119045
2026-01-29 03:00:00+00:00,202.0,0.0,3980.8997499999996,425.88549999999987,1893.949,251.29600000000002,492.56348016046206,1.855739959273183,1879.3631888322975,1089.1654065729826,1887.2765078742038,249.21494401629073,517.1155107490081,2.167402700892857,1834.600113635913,1129.9374063640873,1906.9052626835316,249.32908860119045,517.1155107490081,2.167402700892857,1834.600113635913,1129.9374063640873,1906.9052626835316,249.32908860119045
2026-01-29 04:00:00+00:00,226.35000000000002,38.83,4328.5875,457.4569999999999,1920.5149999999999,249.318,498.97276600044717,1.855739959273183,1966.0052859324596,1096.6711458827415,1889.8860158125547,249.21494401629073,517.1155107490081,2.167402700892857,1834.600113635913,1129.9374063640873,1906.9052626835316,249.32908860119045,517.1155107490081,2.167402700892857,1834.600113635913,1129.9374063640873,1906.9052626835316,249.32908860119045
2026-01-29 05:00:00+00:00,326.9,83.21925,4796.8330000000005,484.4375,2001.07125,249.318,514.7586125865646,1.855739959273183,2121.5043076583825,1104.1768851925,1892.611131639868,249.21494401629073,517.1155107490081,2.167402700892857,1834.600113635913,1129.9374063640873,1906.9052626835316,249.32908860119045,517.1155107490081,2.167402700892857,1834.600113635913,1129.9374063640873,1906.9052626835316,249.32908860119045
2026-01-29 06:00:00+00:00,444.2,81.69725,4837.8485,789.5085000000001,2104.7707499999997,254.658,531.0170485642328,1.855739959273183,2245.0079421292608,1111.6826245022587,1895.1189047313608,249.21494401629073,517.1155107490081,2.167402700892857,1834.600113635913,1129.9374063640873,1906.9052626835316,249.32908860119045,517.1155107490081,2.167402700892857,1834.600113635913,1129.9374063640873,1906.9052626835316,249.32908860119045
2026-01-29 07:00:00+00:00,457.95,80.88624999999999,4845.696,1714.3,2166.526,254.658,540.1858018989783,1.855739959273183,2309.730172642327,1119.1883638120175,1897.6867940062514,249.21494401629073,517.1155107490081,2.167402700892857,1834.600113635913,1129.9374063640873,1906.9052626835316,249.32908860119045,517.1155107490081,2.167402700892857,1834.600113635913,1129.9374063640873,1906.9052626835316,249.32908860119045
2026-01-29 08:00:00+00:00,455.3,80.99924999999999,4843.32675,1726.32175,2158.0675,254.658,543.200983151726,1.855739959273183,2329.3875010724482,1126.6941031217762,1900.0835835570686,249.21494401629073,517.1155107490081,2.167402700892857,1834.600113635913,1129.9374063640873,1906.9052626835316,249.32908860119045,517.1155107490081,2.167402700892857,1834.600113635913,1129.9374063640873,1906.9052626835316,249.32908860119045
2026-01-29 09:00:00+00:00,448.0,80.67175,4918.022250000001,1476.6774999999998,2108.9345000000003,260.553,543.4376512980496,1.855739959273183,2335.0259163877054,1134.1998424315348,1902.4618756155112,249.21494401629073,517.1155107490081,2.167402700892857,1834.600113635913,1129.9374063640873,1906.9052626835316,249.32908860119045,517.1155107490081,2.167402700892857,1834.600113635913,1129.9374063640873,1906.9052626835316,249.32908860119045
2026-01-29 10:00:00+00:00,458.4,80.6135,4833.395,1274.2865,2070.77675,262.531,541.1693005754381,1.855739959273183,2339.462370532746,1141.7055817412936,1904.8401676739536,249.21494401629073,517.1155107490081,2.167402700892857,1834.600113635913,1129.9374063640873,1906.9052626835316,249.32908860119045,517.1155107490081,2.167402700892857,1834.600113635913,1129.9374063640873,1906.9052626835316,249.32908860119045
2026-01-29 11:00:00+00:00,461.9,81.08,4825.35725,640.6775,2009.60575,262.531,538.0868593186298,1.855739959273183,2343.4802650075003,1149.2113210510522,1907.1167248965635,249.21494401629073,517.1155107490081,2.167402700892857,1834.600113635913,1129.9374063640873,1906.9052626835316,249.32908860119045,517.1155107490081,2.167402700892857,1834.600113635913,1129.9374063640873,1906.9052626835316,249.32908860119045
2026-01-29 12:00:00+00:00,456.3,80.85375,4824.348,683.15025,1990.163,262.452,535.0664487103147,1.855739959273183,2341.343597410217,1156.7170603608108,1909.693862868028,249.21494401629073,517.1155107490081,2.167402700892857,1834.600113635913,1129.9374063640873,1906.9052626835316,249.32908860119045,517.1155107490081,2.167402700892857,1834.600113635913,1129.9374063640873,1906.9052626835316,249.32908860119045
2026-01-29 13:00:00+00:00,459.4,80.78524999999999,4833.03675,863.6147500000001,2000.45175,262.452,535.941408503304,1.855739959273183,2327.5811560334664,1164.2227996705694,1912.4929672733178,249.21494401629073,517.1155107490081,2.167402700892857,1834.600113635913,1129.9374063640873,1906.9052626835316,249.32908860119045,517.1155107490081,2.167402700892857,1834.600113635913,1129.9374063640873,1906.9052626835316,249.32908860119045
2026-01-29 14:00:00+00:00,474.2,81.01625,4947.23475,773.1765,2039.1637500000002,262.452,538.3065351205433,1.855739959273183,2327.172583853808,1171.7285389803283,1915.116348344731,249.21494401629073,517.1155107490081,2.167402700892857,1834.600113635913,1129.9374063640873,1906.9052626835316,249.32908860119045,517.1155107490081,2.167402700892857,1834.600113635913,1129.9374063640873,1906.9052626835316,249.32908860119045
2026-01-29 15:00:00+00:00,467.6,80.7545,5533.86875,933.3477500000001,2125.82425,262.492,540.6910707309281,1.855739959273183,2327.8448603129546,1179.2342782900869,1917.9385745989514,249.21494401629073,517.1155107490081,2.167402700892857,1834.600113635913,1129.9374063640873,1906.9052626835316,249.32908860119045,517.1155107490081,2.167402700892857,1834.600113635913,1129.9374063640873,1906.9052626835316,249.32908860119045
2026-01-29 16:00:00+00:00,463.15,80.88525,5765.36775,1603.49725,2220.30825,262.531,548.3973743784697,1.855739959273183,2354.742046923404,1186.7400175998455,1920.8255414454952,249.21494401629073,517.1155107490081,2.167402700892857,1834.600113635913,1129.9374063640873,1906.9052626835316,249.32908860119045,517.1155107490081,2.167402700892857,1834.600113635913,1129.9374063640873,1906.9052626835316,249.32908860119045
2026-01-29 17:00:00+00:00,457.6,81.03625,5398.329000000001,1981.1275,2255.7105,262.531,550.3443451528227,1.855739959273183,2365.4416547088185,1194.2457569096043,1923.7125081928123,249.21494401629073,517.1155107490081,2.167402700892857,1834.600113635913,1129.9374063640873,1906.9052626835316,249.32908860119045,517.1155107490081,2.167402700892857,1834.600113635913,1129.9374063640873,1906.9052626835316,249.32908860119045
2026-01-29 18:00:00+00:00,455.75,81.07175000000001,5026.70225,1317.846,2242.388,257.269,543.5324703107319,1.855739959273183,2356.846702186759,1201.751496219363,1926.590226271118,249.21494401629073,517.1155107490081,2.167402700892857,1834.600113635913,1129.9374063640873,1906.9052626835316,249.32908860119045,517.1155107490081,2.167402700892857,1834.600113635913,1129.9374063640873,1906.9052626835316,249.32908860119045
2026-01-29 19:00:00+00:00,376.95,81.6015,4841.626749999999,673.565,2172.81425,257.269,533.5992360075642,1.855739959273183,2291.560399820289,1209.2572355291215,1929.1858611260197,249.21494401629073,517.1155107490081,2.167402700892857,1834.600113635913,1129.9374063640873,1906.9052626835316,249.32908860119045,517.1155107490081,2.167402700892857,1834.600113635913,1129.9374063640873,1906.9052626835316,249.32908860119045
2026-01-29 20:00:00+00:00,307.6,80.96549999999999,4686.499,672.20775,2096.721,257.309,526.6619845064263,1.855739959273183,2221.915836809538,1216.7629748388804,1931.947971238187,249.21494401629073,517.1155107490081,2.167402700892857,1834.600113635913,1129.9374063640873,1906.9052626835316,249.32908860119045,517.1155107490081,2.167402700892857,1834.600113635913,1129.9374063640873,1906.9052626835316,249.32908860119045
2026-01-29 21:00:00+00:00,235.2,42.10275,4623.179749999999,458.73699999999997,2027.21625,257.309,525.2278511280465,1.855739959273183,2148.2168014563076,1224.268714148639,1934.955169600034,249.21494401629073,517.1155107490081,2.167402700892857,1834.600113635913,1129.9374063640873,1906.9052626835316,249.32908860119045,517.1155107490081,2.167402700892857,1834.600113635913,1129.9374063640873,1906.9052626835316,249.32908860119045
2026-01-29 22:00:00+00:00,235.0,0.0,4295.285,443.93224999999995,1975.65,257.309,519.6496382504911,1.855739959273183,2082.2060014381186,1231.7744534583976,1938.0224842045398,249.21494401629073,517.1155107490081,2.167402700892857,1834.600113635913,1129.9374063640873,1906.9052626835316,249.32908860119045,517.1155107490081,2.167402700892857,1834.600113635913,1129.9374063640873,1906.9052626835316,249.32908860119045
2026-01-29 23:00:00+00:00,214.10000000000002,0.010749999999999815,3985.1097499999996,417.59975,1924.5832500000001,243.46275,511.0334362223818,1.855739959273183,2033.8182957858228,1239.2801927681562,1941.8990528938402,249.21494401629073,517.1155107490081,2.167402700892857,1834.600113635913,1129.9374063640873,1906.9052626835316,249.32908860119045,517.1155107490081,2.167402700892857,1834.600113635913,1129.9374063640873,1906.9052626835316,249.32908860119045
2026-01-30 00:00:00+00:00,216.7,0.06599999999999984,3746.1885,423.818,1915.89925,245.441,491.8254713467793,1.855739959273183,1883.5727104469897,1066.6481886437068,1880.4607092402102,249.21494401629073,517.1155107490081,2.167402700892857,1834.600113635913,1129.9374063640873,1906.9052626835316,249.32908860119045,517.1155107490081,2.167402700892857,1834.600113635913,1129.9374063640873,1906.9052626835316,249.32908860119045
2026-01-30 01:00:00+00:00,218.3,0.06599999999999984,3664.76275,428.20375,1909.14975,245.441,488.657583351313,1.855739959273183,1866.459651334991,1074.1539279534654,1883.9257143633045,249.21494401629073,517.1155107490081,2.167402700892857,1834.600113635913,1129.9374063640873,1906.9052626835316,249.32908860119045,517.1155107490081,2.167402700892857,1834.600113635913,1129.9374063640873,1906.9052626835316,249.32908860119045
2026-01-30 02:00:00+00:00,221.8,0.06599999999999984,3676.892,428.42724999999996,1915.4560000000001,245.441,487.6801799585431,1.855739959273183,1872.5814653883294,1081.659667263224,1886.9236639403762,249.21494401629073,517.1155107490081,2.167402700892857,1834.600113635913,1129.9374063640873,1906.9052626835316,249.32908860119045,517.1155107490081,2.167402700892857,1834.600113635913,1129.9374063640873,1906.9052626835316,249.32908860119045
2026-01-30 03:00:00+00:00,233.3,0.06599999999999984,3707.063,460.741,1936.409,239.50625,491.262082073772,1.855739959273183,1895.921695924791,1089.1654065729826,1889.4776801731623,249.21494401629073,517.1155107490081,2.167402700892857,1834.600113635913,1129.9374063640873,1906.9052626835316,249.32908860119045,517.1155107490081,2.167402700892857,1834.600113635913,1129.9374063640873,1906.9052626835316,249.32908860119045
2026-01-30 04:00:00+00:00,258.5,0.06599999999999984,3899.48275,453.89225,1965.0605,237.528,501.9433178862904,1.855739959273183,1957.6613451883043,1096.6711458827415,1892.5819890859502,249.21494401629073,517.1155107490081,2.167402700892857,1834.600113635913,1129.9374063640873,1906.9052626835316,249.32908860119045,517.1155107490081,2.167402700892857,1834.600113635913,1129.9374063640873,1906.9052626835316,249.32908860119045
2026-01-30 05:00:00+00:00,284.2,0.06599999999999984,4450.207,508.74025000000006,2069.14525,237.528,515.489201021028,1.855739959273183,2081.2909512235397,1104.1768851925,1894.7151927293344,249.21494401629073,517.1155107490081,2.167402700892857,1834.600113635913,1129.9374063640873,1906.9052626835316,249.32908860119045,517.1155107490081,2.167402700892857,1834.600113635913,1129.9374063640873,1906.9052626835316,249.32908860119045
2026-01-30 06:00:00+00:00,320.7,0.06599999999999984,4924.1745,1162.02275,2186.8635,237.528,525.9908311918616,1.855739959273183,2182.7675952245136,1111.6826245022587,1897.005623076738,249.21494401629073,517.1155107490081,2.167402700892857,1834.600113635913,1129.9374063640873,1906.9052626835316,249.32908860119045,517.1155107490081,2.167402700892857,1834.600113635913,1129.9374063640873,1906.9052626835316,249.32908860119045
2026-01-30 07:00:00+00:00,334.2,0.06599999999999984,4927.329,1494.48075,2255.2445,237.489,528.4688114107568,1.855739959273183,2217.5286647795515,1119.1883638120175,1899.2914290951485,249.21494401629073,517.1155107490081,2.167402700892857,1834.600113635913,1129.9374063640873,1906.9052626835316,249.32908860119045,517.1155107490081,2.167402700892857,1834.600113635913,1129.9374063640873,1906.9052626835316,249.32908860119045
2026-01-30 08:00:00+00:00,324.9,0.06599999999999984,4919.93475,1168.06875,2249.30125,237.449,528.9433437708453,1.855739959273183,2175.685899376404,1126.6941031217762,1900.948328749516,249.21494401629073,517.1155107490081,2.167402700892857,1834.600113635913,1129.9374063640873,1906.9052626835316,249.32908860119045,517.1155107490081,2.167402700892857,1834.600113635913,1129.9374063640873,1906.9052626835316,249.32908860119045
2026-01-30 09:00:00+00:00,310.4,0.06599999999999984,4764.017250000001,1039.91625,2206.511,243.304,525.7356294256007,1.855739959273183,2118.9178539020677,1134.1998424315348,1902.822570448077,249.21494401629073,517.1155107490081,2.167402700892857,1834.600113635913,1129.9374063640873,1906.9052626835316,249.32908860119045,517.1155107490081,2.167402700892857,1834.600113635913,1129.9374063640873,1906.9052626835316,249.32908860119045
2026-01-30 10:00:00+00:00,293.4,0.06599999999999984,4899.250000000001,699.9932500000001,2158.81175,245.203,520.881848536318,1.855739959273183,2081.3025908900668,1141.7055817412936,1904.9141548135508,249.21494401629073,517.1155107490081,2.167402700892857,1834.600113635913,1129.9374063640873,1906.9052626835316,249.32908860119045,517.1155107490081,2.167402700892857,1834.600113635913,1129.9374063640873,1906.9052626835316,249.32908860119045
2026-01-30 11:00:00+00:00,277.5,0.06599999999999984,4461.259,525.45925,2088.758,245.203,510.70178635280683,1.855739959273183,2061.458388036311,1149.2113210510522,1906.7005348534424,249.21494401629073,517.1155107490081,2.167402700892857,1834.600113635913,1129.9374063640873,1906.9052626835316,249.32908860119045,517.1155107490081,2.167402700892857,1834.600113635913,1129.9374063640873,1906.9052626835316,249.32908860119045
2026-01-30 12:00:00+00:00,273.1,0.06599999999999984,4444.398999999999,530.2627500000001,2059.60825,245.164,505.3055149677824,1.855739959273183,2059.7275375219992,1156.7170603608108,1909.453396263523,249.21494401629073,517.1155107490081,2.167402700892857,1834.600113635913,1129.9374063640873,1906.9052626835316,249.32908860119045,517.1155107490081,2.167402700892857,1834.600113635913,1129.9374063640873,1906.9052626835316,249.32908860119045
2026-01-30 13:00:00+00:00,268.6,0.06599999999999984,4463.53675,531.0955000000001,2056.279,245.124,505.63177688179564,1.855739959273183,2057.0357005029605,1164.2227996705694,1911.1056715999227,249.21494401629073,517.1155107490081,2.167402700892857,1834.600113635913,1129.9374063640873,1906.9052626835316,249.32908860119045,517.1155107490081,2.167402700892857,1834.600113635913,1129.9374063640873,1906.9052626835316,249.32908860119045
2026-01-30 14:00:00+00:00,268.6,0.06599999999999984,4746.09375,514.05775,2075.827,245.124,509.73038347765953,1.855739959273183,2079.5669435979826,1171.7285389803283,1913.599571486689,249.21494401629073,517.1155107490081,2.167402700892857,1834.600113635913,1129.9374063640873,1906.9052626835316,249.32908860119045,517.1155107490081,2.167402700892857,1834.600113635913,1129.9374063640873,1906.9052626835316,249.32908860119045
2026-01-30 15:00:00+00:00,293.19999999999993,0.06599999999999984,5238.7775,535.16675,2153.2505,245.203,514.9625600876277,1.855739959273183,2119.833108692416,1179.2342782900869,1916.7408753732013,249.21494401629073,517.1155107490081,2.167402700892857,1834.600113635913,1129.9374063640873,1906.9052626835316,249.32908860119045,517.1155107490081,2.167402700892857,1834.600113635913,1129.9374063640873,1906.9052626835316,249.32908860119045
2026-01-30 16:00:00+00:00,295.25,0.06599999999999984,4955.81575,562.6755,2236.279,245.203,517.3589252605536,1.855739959273183,2134.324991928915,1186.7400175998455,1921.5608042271513,249.21494401629073,517.1155107490081,2.167402700892857,1834.600113635913,1129.9374063640873,1906.9052626835316,249.32908860119045,517.1155107490081,2.167402700892857,1834.600113635913,1129.9374063640873,1906.9052626835316,249.32908860119045
2026-01-30 17:00:00+00:00,292.4,0.06599999999999984,4959.09425,604.054,2259.28625,245.203,516.2518622686296,1.855739959273183,2158.6128999396383,1194.2457569096043,1925.0905491351778,249.21494401629073,517.1155107490081,2.167402700892857,1834.600113635913,1129.9374063640873,1906.9052626835316,249.32908860119045,517.1155107490081,2.167402700892857,1834.600113635913,1129.9374063640873,1906.9052626835316,249.32908860119045
2026-01-30 18:00:00+00:00,276.7,0.06599999999999984,4833.93675,456.65099999999995,2230.023,245.203,509.73775072273935,1.855739959273183,2132.025425095329,1201.751496219363,1926.88617856327,249.21494401629073,517.1155107490081,2.167402700892857,1834.600113635913,1129.9374063640873,1906.9052626835316,249.32908860119045,517.1155107490081,2.167402700892857,1834.600113635913,1129.9374063640873,1906.9052626835316,249.32908860119045
2026-01-30 19:00:00+00:00,258.4,0.06599999999999984,4182.9035,365.4379999999999,2141.09475,245.243,500.7279659087886,1.855739959273183,2077.487528301313,1209.2572355291215,1930.1430896278239,249.21494401629073,517.1155107490081,2.167402700892857,1834.600113635913,1129.9374063640873,1906.9052626835316,249.32908860119045,517.1155107490081,2.167402700892857,1834.600113635913,1129.9374063640873,1906.9052626835316,249.32908860119045
2026-01-30 20:00:00+00:00,250.10000000000002,0.06599999999999984,3355.1040000000003,361.4860000000001,2054.93475,245.203,491.12153787275236,1.855739959273183,2010.9845481876837,1216.7629748388804,1932.729475672454,249.21494401629073,517.1155107490081,2.167402700892857,1834.600113635913,1129.9374063640873,1906.9052626835316,249.32908860119045,517.1155107490081,2.167402700892857,1834.600113635913,1129.9374063640873,1906.9052626835316,249.32908860119045
2026-01-30 21:00:00+00:00,236.3,0.06599999999999984,3140.093,361.59075000000007,1995.93625,245.203,491.29266358220326,1.855739959273183,1940.7125477333223,1224.268714148639,1935.2141269188064,249.21494401629073,517.1155107490081,2.167402700892857,1834.600113635913,1129.9374063640873,1906.9052626835316,249.32908860119045,517.1155107490081,2.167402700892857,1834.600113635913,1129.9374063640873,1906.9052626835316,249.32908860119045
2026-01-30 22:00:00+00:00,216.8,0.06599999999999984,2902.589,361.828,1958.57225,245.203,486.58773975255417,1.855739959273183,1889.0256290904033,1231.7744534583976,1937.7126512679015,249.21494401629073,517.1155107490081,2.167402700892857,1834.600113635913,1129.9374063640873,1906.9052626835316,249.32908860119045,517.1155107490081,2.167402700892857,1834.600113635913,1129.9374063640873,1906.9052626835316,249.32908860119045
2026-01-30 23:00:00+00:00,219.8,0.06599999999999984,2941.6815,323.0540000000001,1923.069,253.155,483.08405557237546,1.855739959273183,1832.7731883145175,1239.2801927681562,1940.2712917731765,249.21494401629073,517.1155107490081,2.167402700892857,1834.600113635913,1129.9374063640873,1906.9052626835316,249.32908860119045,517.1155107490081,2.167402700892857,1834.600113635913,1129.9374063640873,1906.9052626835316,249.32908860119045
2026-01-31 00:00:00+00:00,221.10000000000002,0.06599999999999984,2940.6955000000003,335.69499999999994,1916.4455,253.155,467.17615910712584,2.0112242089598995,1756.0752942929853,1062.905633172574,1881.7372990530516,248.71476417606516,517.1155107490081,2.167402700892857,1834.600113635913,1129.9374063640873,1906.9052626835316,249.32908860119045,517.1155107490081,2.167402700892857,1834.600113635913,1129.9374063640873,1906.9052626835316,249.32908860119045
2026-01-31 01:00:00+00:00,222.0,0.06599999999999984,3022.75625,346.74575000000004,1915.037,253.155,466.77164111634494,2.0112242089598995,1738.3975304615647,1070.3749138674218,1884.6961349196824,248.71476417606516,517.1155107490081,2.167402700892857,1834.600113635913,1129.9374063640873,1906.9052626835316,249.32908860119045,517.1155107490081,2.167402700892857,1834.600113635913,1129.9374063640873,1906.9052626835316,249.32908860119045
2026-01-31 02:00:00+00:00,224.89999999999998,0.06599999999999984,3029.64725,356.41049999999996,1911.04975,253.155,464.2800596469625,2.0112242089598995,1721.6950172669697,1077.8441945622696,1887.8883665333778,248.71476417606516,517.1155107490081,2.167402700892857,1834.600113635913,1129.9374063640873,1906.9052626835316,249.32908860119045,517.1155107490081,2.167402700892857,1834.600113635913,1129.9374063640873,1906.9052626835316,249.32908860119045
2026-01-31 03:00:00+00:00,235.39999999999998,0.06599999999999984,3175.081,348.93949999999995,1926.5262500000001,243.26500000000001,465.2832510569192,2.0112242089598995,1726.3613367959251,1085.3134752571177,1890.6812644515833,248.71476417606516,517.1155107490081,2.167402700892857,1834.600113635913,1129.9374063640873,1906.9052626835316,249.32908860119045,517.1155107490081,2.167402700892857,1834.600113635913,1129.9374063640873,1906.9052626835316,249.32908860119045
2026-01-31 04:00:00+00:00,253.60000000000002,0.06599999999999984,3385.198,356.44499999999994,1945.57375,240.93,466.8812412490684,2.0112242089598995,1735.5550010843351,1092.7827559519656,1893.8343678762515,248.71476417606516,517.1155107490081,2.167402700892857,1834.600113635913,1129.9374063640873,1906.9052626835316,249.32908860119045,517.1155107490081,2.167402700892857,1834.600113635913,1129.9374063640873,1906.9052626835316,249.32908860119045
2026-01-31 05:00:00+00:00,245.3,0.06599999999999984,3304.9030000000002,361.125,2050.77375,244.887,462.4459121000349,2.0112242089598995,1788.9767445602904,1100.2520366468136,1897.442117632683,248.71476417606516,517.1155107490081,2.167402700892857,1834.600113635913,1129.9374063640873,1906.9052626835316,249.32908860119045,517.1155107490081,2.167402700892857,1834.600113635913,1129.9374063640873,1906.9052626835316,249.32908860119045
2026-01-31 06:00:00+00:00,249.2,21.11475,3316.3422499999997,369.87375,2184.4877500000002,244.926,468.00042316654765,2.0112242089598995,1861.693828358782,1107.7213173416615,1899.7911678401526,248.71476417606516,517.1155107490081,2.167402700892857,1834.600113635913,1129.9374063640873,1906.9052626835316,249.32908860119045,517.1155107490081,2.167402700892857,1834.600113635913,1129.9374063640873,1906.9052626835316,249.32908860119045
2026-01-31 07:00:00+00:00,261.1,20.7584375,3487.1320000000005,408.7494999999999,2243.4235,245.203,473.0036386558969,2.0112242089598995,1917.1987679810163,1115.1905980365093,1902.6245404306267,248.71476417606516,517.1155107490081,2.167402700892857,1834.600113635913,1129.9374063640873,1906.9052626835316,249.32908860119045,517.1155107490081,2.167402700892857,1834.600113635913,1129.9374063640873,1906.9052626835316,249.32908860119045
2026-01-31 08:00:00+00:00,263.30000000000007,20.402124999999998,3611.7695,421.30174999999997,2225.547,245.243,478.41399442213714,2.0112242089598995,1973.065205570124,1122.6598787313574,1904.632262504553,248.71476417606516,517.1155107490081,2.167402700892857,1834.600113635913,1129.9374063640873,1906.9052626835316,249.32908860119045,517.1155107490081,2.167402700892857,1834.600113635913,1129.9374063640873,1906.9052626835316,249.32908860119045
2026-01-31 09:00:00+00:00,263.05,20.0458125,3694.19125,441.22399999999993,2172.41125,251.21675,482.0986594980407,2.0112242089598995,1982.474741515835,1130.1291594262052,1905.687524366464,248.71476417606516,517.1155107490081,2.167402700892857,1834.600113635913,1129.9374063640873,1906.9052626835316,249.32908860119045,517.1155107490081,2.167402700892857,1834.600113635913,1129.9374063640873,1906.9052626835316,249.32908860119045
2026-01-31 10:00:00+00:00,260.2,19.6895,3806.2787500000004,465.65200000000004,2113.469,253.195,482.77695822448254,2.0112242089598995,1966.9685400596368,1137.598440121053,1906.6173227712907,248.71476417606516,517.1155107490081,2.167402700892857,1834.600113635913,1129.9374063640873,1906.9052626835316,249.32908860119045,517.1155107490081,2.167402700892857,1834.600113635913,1129.9374063640873,1906.9052626835316,249.32908860119045
2026-01-31 11:00:00+00:00,254.35000000000002,0.06599999999999984,3885.0464999999995,407.894,2035.58575,253.234,482.8290511035981,2.0112242089598995,1942.9311068008467,1145.067720815901,1907.6982213591543,248.71476417606516,517.1155107490081,2.167402700892857,1834.600113635913,1129.9374063640873,1906.9052626835316,249.32908860119045,517.1155107490081,2.167402700892857,1834.600113635913,1129.9374063640873,1906.9052626835316,249.32908860119045
2026-01-31 12:00:00+00:00,251.2,0.06599999999999984,3785.6855,399.14625,2009.30275,253.274,477.1319410747364,2.0112242089598995,1960.255798931577,1152.537001510749,1910.2833603131405,248.71476417606516,517.1155107490081,2.167402700892857,1834.600113635913,1129.9374063640873,1906.9052626835316,249.32908860119045,517.1155107490081,2.167402700892857,1834.600113635913,1129.9374063640873,1906.9052626835316,249.32908860119045
2026-01-31 13:00:00+00:00,247.39999999999998,0.06599999999999984,3758.75425,385.8855,2023.68375,253.274,479.09410823311424,2.0112242089598995,1987.4401021466426,1160.0062822055968,1912.6634329640274,248.71476417606516,517.1155107490081,2.167402700892857,1834.600113635913,1129.9374063640873,1906.9052626835316,249.32908860119045,517.1155107490081,2.167402700892857,1834.600113635913,1129.9374063640873,1906.9052626835316,249.32908860119045
2026-01-31 14:00:00+00:00,253.89999999999998,0.06599999999999984,3990.1665000000003,371.84574999999995,2054.8835,253.234,485.81865184261915,2.0112242089598995,2045.6608156862994,1167.4755629004449,1916.339986844132,248.71476417606516,517.1155107490081,2.167402700892857,1834.600113635913,1129.9374063640873,1906.9052626835316,249.32908860119045,517.1155107490081,2.167402700892857,1834.600113635913,1129.9374063640873,1906.9052626835316,249.32908860119045
2026-01-31 15:00:00+00:00,268.95,1.514,4025.8637499999995,373.96275,2153.58225,253.234,496.2357708562027,2.0112242089598995,2109.274711540794,1174.9448435952927,1920.5521364594365,248.71476417606516,517.1155107490081,2.167402700892857,1834.600113635913,1129.9374063640873,1906.9052626835316,249.32908860119045,517.1155107490081,2.167402700892857,1834.600113635913,1129.9374063640873,1906.9052626835316,249.32908860119045
2026-01-31 16:00:00+00:00,287.6,102.0185,4180.62225,849.98725,2217.8689999999997,253.195,502.0195192436338,2.0112242089598995,2169.6254411737145,1182.4141242901405,1925.0934691196974,248.71476417606516,517.1155107490081,2.167402700892857,1834.600113635913,1129.9374063640873,1906.9052626835316,249.32908860119045,517.1155107490081,2.167402700892857,1834.600113635913,1129.9374063640873,1906.9052626835316,249.32908860119045
2026-01-31 17:00:00+00:00,288.1,98.73762500000001,4246.13725,972.4807500000002,2244.00875,253.195,506.8995525258834,2.0112242089598995,2190.340190912329,1189.8834049849886,1928.2303880484687,248.71476417606516,517.1155107490081,2.167402700892857,1834.600113635913,1129.9374063640873,1906.9052626835316,249.32908860119045,517.1155107490081,2.167402700892857,1834.600113635913,1129.9374063640873,1906.9052626835316,249.32908860119045
2026-01-31 18:00:00+00:00,285.7,95.45675,4196.605750000001,761.03875,2216.7754999999997,253.155,504.1539331811537,2.0112242089598995,2172.012921062413,1197.3526856798364,1930.4040481120317,248.71476417606516,517.1155107490081,2.167402700892857,1834.600113635913,1129.9374063640873,1906.9052626835316,249.32908860119045,517.1155107490081,2.167402700892857,1834.600113635913,1129.9374063640873,1906.9052626835316,249.32908860119045
2026-01-31 19:00:00+00:00,257.6,92.17587499999999,3977.76725,341.87099999999987,2124.81275,253.155,499.1293313445624,2.0112242089598995,2104.970510245187,1204.8219663746845,1933.2778953331617,248.71476417606516,517.1155107490081,2.167402700892857,1834.600113635913,1129.9374063640873,1906.9052626835316,249.32908860119045,517.1155107490081,2.167402700892857,1834.600113635913,1129.9374063640873,1906.9052626835316,249.32908860119045
2026-01-31 20:00:00+00:00,245.2,88.895,3970.6094999999996,338.66125,2042.499,253.155,496.5799894772013,2.0112242089598995,2051.7693037017893,1212.2912470695323,1936.275859441993,248.71476417606516,517.1155107490081,2.167402700892857,1834.600113635913,1129.9374063640873,1906.9052626835316,249.32908860119045,517.1155107490081,2.167402700892857,1834.600113635913,1129.9374063640873,1906.9052626835316,249.32908860119045
2026-01-31 21:00:00+00:00,232.89999999999998,0.06599999999999984,3919.9439999999995,327.7495,1989.53225,253.155,497.4150256702168,2.0112242089598995,2020.6789024284271,1219.7605277643802,1938.971623601785,248.71476417606516,517.1155107490081,2.167402700892857,1834.600113635913,1129.9374063640873,1906.9052626835316,249.32908860119045,517.1155107490081,2.167402700892857,1834.600113635913,1129.9374063640873,1906.9052626835316,249.32908860119045
2026-01-31 22:00:00+00:00,213.60000000000002,0.06599999999999984,3777.2345,329.558,1956.46075,253.155,495.0223756303441,2.0112242089598995,1971.7508667298298,1227.229808459228,1941.6660413071834,248.71476417606516,517.1155107490081,2.167402700892857,1834.600113635913,1129.9374063640873,1906.9052626835316,249.32908860119045,517.1155107490081,2.167402700892857,1834.600113635913,1129.9374063640873,1906.9052626835316,249.32908860119045
2026-01-31 23:00:00+00:00,207.2,0.06599999999999984,3182.33875,322.85875,1918.97075,253.115,490.585838608685,2.0112242089598995,1890.3917084282944,1234.699089154076,1944.3874421175442,248.71476417606516,517.1155107490081,2.167402700892857,1834.600113635913,1129.9374063640873,1906.9052626835316,249.32908860119045,517.1155107490081,2.167402700892857,1834.600113635913,1129.9374063640873,1906.9052626835316,249.32908860119045
2026-02-01 00:00:00+00:00,208.10000000000002,0.06599999999999984,2904.3875,383.19900000000007,1910.43325,253.115,476.64937964500274,2.0112242089598995,1752.85359110667,1062.905633172574,1882.540005770123,248.71476417606516,517.1155107490081,2.167402700892857,1834.600113635913,1129.9374063640873,1906.9052626835316,249.32908860119045,517.1155107490081,2.167402700892857,1834.600113635913,1129.9374063640873,1906.9052626835316,249.32908860119045
2026-02-01 01:00:00+00:00,209.3,0.06599999999999984,2889.27275,335.67650000000003,1908.6495,253.115,474.6040737910382,2.0112242089598995,1749.67065031499,1070.3749138674218,1885.3315572380557,248.71476417606516,517.1155107490081,2.167402700892857,1834.600113635913,1129.9374063640873,1906.9052626835316,249.32908860119045,517.1155107490081,2.167402700892857,1834.600113635913,1129.9374063640873,1906.9052626835316,249.32908860119045
2026-02-01 02:00:00+00:00,208.0,0.06599999999999984,2787.044,328.40175,1908.39375,253.115,473.9928629396875,2.0112242089598995,1747.2088298602637,1077.8441945622696,1888.1379467025606,248.71476417606516,517.1155107490081,2.167402700892857,1834.600113635913,1129.9374063640873,1906.9052626835316,249.32908860119045,517.1155107490081,2.167402700892857,1834.600113635913,1129.9374063640873,1906.9052626835316,249.32908860119045
2026-02-01 03:00:00+00:00,220.0,0.06599999999999984,2800.9365,331.41100000000006,1929.7939999999999,247.181,475.00883698384683,2.0112242089598995,1761.2819594263158,1085.3134752571177,1890.7783982099963,248.71476417606516,517.1155107490081,2.167402700892857,1834.600113635913,1129.9374063640873,1906.9052626835316,249.32908860119045,517.1155107490081,2.167402700892857,1834.600113635913,1129.9374063640873,1906.9052626835316,249.32908860119045
2026-02-01 04:00:00+00:00,236.7,0.06599999999999984,2833.156,322.75924999999995,1963.211,245.243,477.1060286829503,2.0112242089598995,1758.5852210424066,1092.7827559519656,1893.4458328265157,248.71476417606516,517.1155107490081,2.167402700892857,1834.600113635913,1129.9374063640873,1906.9052626835316,249.32908860119045,517.1155107490081,2.167402700892857,1834.600113635913,1129.9374063640873,1906.9052626835316,249.32908860119045
2026-02-01 05:00:00+00:00,244.89999999999998,0.06599999999999984,2912.02825,320.47675000000004,2056.69875,245.203,480.43107414481733,2.0112242089598995,1771.2971903322812,1100.2520366468136,1895.989150567296,248.71476417606516,517.1155107490081,2.167402700892857,1834.600113635913,1129.9374063640873,1906.9052626835316,249.32908860119045,517.1155107490081,2.167402700892857,1834.600113635913,1129.9374063640873,1906.9052626835316,249.32908860119045
2026-02-01 06:00:00+00:00,248.39999999999998,0.06599999999999984,2947.756,316.41675,2178.6324999999997,245.243,484.4296482638209,2.0112242089598995,1799.2073399885135,1107.7213173416615,1898.4231894375534,248.71476417606516,517.1155107490081,2.167402700892857,1834.600113635913,1129.9374063640873,1906.9052626835316,249.32908860119045,517.1155107490081,2.167402700892857,1834.600113635913,1129.9374063640873,1906.9052626835316,249.32908860119045
2026-02-01 07:00:00+00:00,254.10000000000002,0.06599999999999984,2963.8045,318.7125,2253.484,245.243,488.43212314093734,2.0112242089598995,1850.2108826378874,1115.1905980365093,1901.0879311535273,248.71476417606516,517.1155107490081,2.167402700892857,1834.600113635913,1129.9374063640873,1906.9052626835316,249.32908860119045,517.1155107490081,2.167402700892857,1834.600113635913,1129.9374063640873,1906.9052626835316,249.32908860119045
2026-02-01 08:00:00+00:00,253.7,0.06599999999999984,2940.4787499999998,319.1624999999999,2236.628,245.203,489.9592786788098,2.0112242089598995,1885.7312252020738,1122.6598787313574,1903.5044391505912,248.71476417606516,517.1155107490081,2.167402700892857,1834.600113635913,1129.9374063640873,1906.9052626835316,249.32908860119045,517.1155107490081,2.167402700892857,1834.600113635913,1129.9374063640873,1906.9052626835316,249.32908860119045
2026-02-01 09:00:00+00:00,252.89999999999998,0.06599999999999984,2947.5205,318.47399999999993,2195.181,251.177,487.17857906750623,2.0112242089598995,1897.9053948161484,1130.1291594262052,1905.5256527211627,248.71476417606516,517.1155107490081,2.167402700892857,1834.600113635913,1129.9374063640873,1906.9052626835316,249.32908860119045,517.1155107490081,2.167402700892857,1834.600113635913,1129.9374063640873,1906.9052626835316,249.32908860119045
2026-02-01 10:00:00+00:00,250.5,0.06599999999999984,2937.326,317.57724999999994,2162.617,253.155,486.9987253782828,2.0112242089598995,1872.4567040369802,1137.598440121053,1907.2028453066976,248.71476417606516,517.1155107490081,2.167402700892857,1834.600113635913,1129.9374063640873,1906.9052626835316,249.32908860119045,517.1155107490081,2.167402700892857,1834.600113635913,1129.9374063640873,1906.9052626835316,249.32908860119045
2026-02-01 11:00:00+00:00,246.7,0.06599999999999984,2927.82125,311.17975,2083.39675,253.195,484.17827146573603,2.0112242089598995,1858.7706488214387,1145.067720815901,1908.9353505353433,248.71476417606516,517.1155107490081,2.167402700892857,1834.600113635913,1129.9374063640873,1906.9052626835316,249.32908860119045,517.1155107490081,2.167402700892857,1834.600113635913,1129.9374063640873,1906.9052626835316,249.32908860119045
2026-02-01 12:00:00+00:00,243.60000000000002,0.06599999999999984,2955.03325,309.36474999999996,2059.2495,253.234,479.5001204450117,2.0112242089598995,1848.9592591533865,1152.537001510749,1911.4678696880653,248.71476417606516,517.1155107490081,2.167402700892857,1834.600113635913,1129.9374063640873,1906.9052626835316,249.32908860119045,517.1155107490081,2.167402700892857,1834.600113635913,1129.9374063640873,1906.9052626835316,249.32908860119045
2026-02-01 13:00:00+00:00,240.2,0.06599999999999984,2956.918,307.71475,2056.6565,253.234,479.01158090601615,2.0112242089598995,1866.8033612725421,1160.0062822055968,1913.2111736535308,248.71476417606516,517.1155107490081,2.167402700892857,1834.600113635913,1129.9374063640873,1906.9052626835316,249.32908860119045,517.1155107490081,2.167402700892857,1834.600113635913,1129.9374063640873,1906.9052626835316,249.32908860119045
2026-02-01 14:00:00+00:00,267.2,0.06599999999999984,3135.172,304.38775,2107.35475,253.195,484.0861434480096,2.0112242089598995,1913.9006479934121,1167.4755629004449,1915.785513838531,248.71476417606516,517.1155107490081,2.167402700892857,1834.600113635913,1129.9374063640873,1906.9052626835316,249.32908860119045,517.1155107490081,2.167402700892857,1834.600113635913,1129.9374063640873,1906.9052626835316,249.32908860119045
2026-02-01 15:00:00+00:00,271.1,0.06599999999999984,3675.18675,307.7115,2210.36175,253.195,489.65783703364144,2.0112242089598995,1979.6757616987788,1174.9448435952927,1919.2124875172865,248.71476417606516,517.1155107490081,2.167402700892857,1834.600113635913,1129.9374063640873,1906.9052626835316,249.32908860119045,517.1155107490081,2.167402700892857,1834.600113635913,1129.9374063640873,1906.9052626835316,249.32908860119045
2026-02-01 16:00:00+00:00,296.2,16.424749999999996,4037.7782499999994,553.79775,2288.698,253.155,500.62450356339235,2.0112242089598995,2050.675443272817,1182.4141242901405,1924.3352763927437,248.71476417606516,517.1155107490081,2.167402700892857,1834.600113635913,1129.9374063640873,1906.9052626835316,249.32908860119045,517.1155107490081,2.167402700892857,1834.600113635913,1129.9374063640873,1906.9052626835316,249.32908860119045
2026-02-01 17:00:00+00:00,297.1,110.9515,3900.3475,715.821,2305.421,253.155,501.63631136191793,2.0112242089598995,2084.661380946188,1189.8834049849886,1928.3315611981088,248.71476417606516,517.1155107490081,2.167402700892857,1834.600113635913,1129.9374063640873,1906.9052626835316,249.32908860119045,517.1155107490081,2.167402700892857,1834.600113635913,1129.9374063640873,1906.9052626835316,249.32908860119045
2026-02-01 18:00:00+00:00,296.0,83.8445,3950.044,570.3705,2279.62525,253.115,496.567824860209,2.0112242089598995,2091.7938553827485,1197.3526856798364,1931.027325357901,248.71476417606516,517.1155107490081,2.167402700892857,1834.600113635913,1129.9374063640873,1906.9052626835316,249.32908860119045,517.1155107490081,2.167402700892857,1834.600113635913,1129.9374063640873,1906.9052626835316,249.32908860119045
2026-02-01 19:00:00+00:00,269.30000000000007,80.96025,3896.0649999999996,425.7215,2194.21525,253.115,496.963216501543,2.0112242089598995,2052.333692326719,1204.8219663746845,1934.3989864996915,248.71476417606516,517.1155107490081,2.167402700892857,1834.600113635913,1129.9374063640873,1906.9052626835316,249.32908860119045,517.1155107490081,2.167402700892857,1834.600113635913,1129.9374063640873,1906.9052626835316,249.32908860119045
2026-02-01 20:00:00+00:00,235.60000000000002,81.026,3758.76825,301.22875,2105.8525,253.115,488.16122334381834,2.0112242089598995,1985.0172543280387,1212.2912470695323,1937.3969505639927,248.71476417606516,517.1155107490081,2.167402700892857,1834.600113635913,1129.9374063640873,1906.9052626835316,249.32908860119045,517.1155107490081,2.167402700892857,1834.600113635913,1129.9374063640873,1906.9052626835316,249.32908860119045
2026-02-01 21:00:00+00:00,223.3,80.9,3579.7905,299.62149999999997,2034.02725,253.155,488.2159407025603,2.0112242089598995,1929.5368130866048,1219.7605277643802,1940.1453344591114,248.71476417606516,517.1155107490081,2.167402700892857,1834.600113635913,1129.9374063640873,1906.9052626835316,249.32908860119045,517.1155107490081,2.167402700892857,1834.600113635913,1129.9374063640873,1906.9052626835316,249.32908860119045
2026-02-01 22:00:00+00:00,209.39999999999998,81.29400000000001,3236.15175,303.92925,1985.7640000000001,253.511,478.71375604393904,2.0112242089598995,1845.3442287615724,1227.229808459228,1942.9072099087718,248.71476417606516,517.1155107490081,2.167402700892857,1834.600113635913,1129.9374063640873,1906.9052626835316,249.32908860119045,517.1155107490081,2.167402700892857,1834.600113635913,1129.9374063640873,1906.9052626835316,249.32908860119045
2026-02-01 23:00:00+00:00,216.5,0.06599999999999984,3273.5885,306.97325,1932.3697499999998,257.507,471.634515008567,2.0112242089598995,1767.0239450326503,1234.699089154076,1945.6717782919466,248.71476417606516,517.1155107490081,2.167402700892857,1834.600113635913,1129.9374063640873,1906.9052626835316,249.32908860119045,517.1155107490081,2.167402700892857,1834.600113635913,1129.9374063640873,1906.9052626835316,249.32908860119045
2026-02-02 00:00:00+00:00,210.5,0.06599999999999984,3183.2932499999997,304.39,1913.68275,257.507,453.8743499188993,2.0112242089598995,1647.579843859516,1062.905633172574,1883.7744421533168,248.71476417606516,517.1155107490081,2.167402700892857,1834.600113635913,1129.9374063640873,1906.9052626835316,249.32908860119045,517.1155107490081,2.167402700892857,1834.600113635913,1129.9374063640873,1906.9052626835316,249.32908860119045
2026-02-02 01:00:00+00:00,212.5,0.06599999999999984,3195.6385,313.97174999999993,1900.19375,256.636,451.7924504181457,2.0112242089598995,1637.909272672092,1070.3749138674218,1886.2503021205862,248.71476417606516,517.1155107490081,2.167402700892857,1834.600113635913,1129.9374063640873,1906.9052626835316,249.32908860119045,517.1155107490081,2.167402700892857,1834.600113635913,1129.9374063640873,1906.9052626835316,249.32908860119045
2026-02-02 02:00:00+00:00,219.10000000000002,0.06599999999999984,3232.243,317.5145,1897.2875,253.986,453.6030565957319,2.0112242089598995,1640.0980914016397,1077.8441945622696,1889.219936691068,248.71476417606516,517.1155107490081,2.167402700892857,1834.600113635913,1129.9374063640873,1906.9052626835316,249.32908860119045,517.1155107490081,2.167402700892857,1834.600113635913,1129.9374063640873,1906.9052626835316,249.32908860119045
2026-02-02 03:00:00+00:00,233.7,0.06599999999999984,3238.59775,313.24875,1913.71425,247.181,456.6704405184142,2.0112242089598995,1679.4907405391634,1085.3134752571177,1892.3109951382378,248.71476417606516,517.1155107490081,2.167402700892857,1834.600113635913,1129.9374063640873,1906.9052626835316,249.32908860119045,517.1155107490081,2.167402700892857,1834.600113635913,1129.9374063640873,1906.9052626835316,249.32908860119045
2026-02-02 04:00:00+00:00,256.6,0.06599999999999984,3131.85025,310.60574999999994,1941.7195000000002,245.243,465.90211155456166,2.0112242089598995,1762.0562858524754,1092.7827559519656,1895.375070476324,248.71476417606516,517.1155107490081,2.167402700892857,1834.600113635913,1129.9374063640873,1906.9052626835316,249.32908860119045,517.1155107490081,2.167402700892857,1834.600113635913,1129.9374063640873,1906.9052626835316,249.32908860119045
2026-02-02 05:00:00+00:00,293.6,0.06599999999999984,3172.0125,389.798,2013.584,245.282,479.28935774036046,2.0112242089598995,1943.7918496696266,1100.2520366468136,1898.4391458465768,248.71476417606516,517.1155107490081,2.167402700892857,1834.600113635913,1129.9374063640873,1906.9052626835316,249.32908860119045,517.1155107490081,2.167402700892857,1834.600113635913,1129.9374063640873,1906.9052626835316,249.32908860119045
2026-02-02 06:00:00+00:00,329.5,0.06599999999999984,3217.53075,482.13325,2136.0640000000003,245.322,494.75617585360663,2.0112242089598995,2075.628079213022,1107.7213173416615,1900.7045539412409,248.71476417606516,517.1155107490081,2.167402700892857,1834.600113635913,1129.9374063640873,1906.9052626835316,249.32908860119045,517.1155107490081,2.167402700892857,1834.600113635913,1129.9374063640873,1906.9052626835316,249.32908860119045
2026-02-02 07:00:00+00:00,319.5,0.06599999999999984,3247.549,1096.781,2206.5077499999998,245.322,497.5830231054769,2.0112242089598995,2133.536584638964,1115.1905980365093,1903.4448321311581,248.71476417606516,517.1155107490081,2.167402700892857,1834.600113635913,1129.9374063640873,1906.9052626835316,249.32908860119045,517.1155107490081,2.167402700892857,1834.600113635913,1129.9374063640873,1906.9052626835316,249.32908860119045
2026-02-02 08:00:00+00:00,312.7,0.06599999999999984,3265.6367499999997,794.096,2203.3545,245.282,488.47039449523743,2.0112242089598995,2109.2095169475515,1122.6598787313574,1906.101468060311,248.71476417606516,517.1155107490081,2.167402700892857,1834.600113635913,1129.9374063640873,1906.9052626835316,249.32908860119045,517.1155107490081,2.167402700892857,1834.600113635913,1129.9374063640873,1906.9052626835316,249.32908860119045
2026-02-02 09:00:00+00:00,296.5,0.06599999999999984,3120.06,641.2302500000001,2162.62925,263.04575,482.89337291268765,2.0112242089598995,2077.1212518296347,1130.1291594262052,1908.1145759851825,248.71476417606516,517.1155107490081,2.167402700892857,1834.600113635913,1129.9374063640873,1906.9052626835316,249.32908860119045,517.1155107490081,2.167402700892857,1834.600113635913,1129.9374063640873,1906.9052626835316,249.32908860119045
2026-02-02 10:00:00+00:00,275.0,0.06599999999999984,3171.8782499999998,629.7915,2113.13675,264.984,477.3135909179876,2.0112242089598995,2005.706493670157,1137.598440121053,1909.4315631048635,248.71476417606516,517.1155107490081,2.167402700892857,1834.600113635913,1129.9374063640873,1906.9052626835316,249.32908860119045,517.1155107490081,2.167402700892857,1834.600113635913,1129.9374063640873,1906.9052626835316,249.32908860119045
2026-02-02 11:00:00+00:00,295.35,0.06599999999999984,3178.3505,624.4272500000001,2035.86775,265.024,472.8414638881375,2.0112242089598995,1993.2899639001544,1145.067720815901,1910.6797460172452,248.71476417606516,517.1155107490081,2.167402700892857,1834.600113635913,1129.9374063640873,1906.9052626835316,249.32908860119045,517.1155107490081,2.167402700892857,1834.600113635913,1129.9374063640873,1906.9052626835316,249.32908860119045
2026-02-02 12:00:00+00:00,317.4,0.06599999999999984,3164.378,710.1447499999999,2011.598,265.024,475.41184786274994,2.0112242089598995,2018.947166336845,1152.537001510749,1912.9640313855207,248.71476417606516,517.1155107490081,2.167402700892857,1834.600113635913,1129.9374063640873,1906.9052626835316,249.32908860119045,517.1155107490081,2.167402700892857,1834.600113635913,1129.9374063640873,1906.9052626835316,249.32908860119045
2026-02-02 13:00:00+00:00,318.8285,0.06599999999999984,3160.75975,684.00375,2017.95575,265.024,476.4986873042856,2.0112242089598995,2044.5953983213235,1160.0062822055968,1914.7167874393188,248.71476417606516,517.1155107490081,2.167402700892857,1834.600113635913,1129.9374063640873,1906.9052626835316,249.32908860119045,517.1155107490081,2.167402700892857,1834.600113635913,1129.9374063640873,1906.9052626835316,249.32908860119045
2026-02-02 14:00:00+00:00,413.26625,0.06599999999999984,3111.284,446.9704999999999,2050.8485,265.024,485.6779505370711,2.0112242089598995,2077.841217044888,1167.4755629004449,1917.5312827722644,248.71476417606516,517.1155107490081,2.167402700892857,1834.600113635913,1129.9374063640873,1906.9052626835316,249.32908860119045,517.1155107490081,2.167402700892857,1834.600113635913,1129.9374063640873,1906.9052626835316,249.32908860119045
2026-02-02 15:00:00+00:00,516.615,0.39025,3342.5445,486.49475000000007,2137.61825,265.024,497.31448978045796,2.0112242089598995,2128.8160339857154,1174.9448435952927,1921.0365129766315,248.71476417606516,517.1155107490081,2.167402700892857,1834.600113635913,1129.9374063640873,1906.9052626835316,249.32908860119045,517.1155107490081,2.167402700892857,1834.600113635913,1129.9374063640873,1906.9052626835316,249.32908860119045
2026-02-02 16:00:00+00:00,408.7,81.63725,3667.20025,810.06175,2229.79425,265.103,505.1335211373715,2.0112242089598995,2137.9548175923587,1182.4141242901405,1925.3053216760743,248.71476417606516,517.1155107490081,2.167402700892857,1834.600113635913,1129.9374063640873,1906.9052626835316,249.32908860119045,517.1155107490081,2.167402700892857,1834.600113635913,1129.9374063640873,1906.9052626835316,249.32908860119045
2026-02-02 17:00:00+00:00,403.6,115.9735,3655.0675,1284.6552499999998,2263.7195,265.182,507.26824677355955,2.0112242089598995,2148.6554518270223,1189.8834049849886,1930.0139386640635,248.71476417606516,517.1155107490081,2.167402700892857,1834.600113635913,1129.9374063640873,1906.9052626835316,249.32908860119045,517.1155107490081,2.167402700892857,1834.600113635913,1129.9374063640873,1906.9052626835316,249.32908860119045
2026-02-02 18:00:00+00:00,339.4,81.71325,3549.70325,1464.81475,2229.7439999999997,265.182,502.1428913352211,2.0112242089598995,2131.602192615602,1197.3526856798364,1933.1076901412466,248.71476417606516,517.1155107490081,2.167402700892857,1834.600113635913,1129.9374063640873,1906.9052626835316,249.32908860119045,517.1155107490081,2.167402700892857,1834.600113635913,1129.9374063640873,1906.9052626835316,249.32908860119045
2026-02-02 19:00:00+00:00,303.1,80.72125,3312.384,434.5999999999999,2138.9305,265.221,494.4872605793127,2.0112242089598995,2084.431362182666,1204.8219663746845,1936.6560878623375,248.71476417606516,517.1155107490081,2.167402700892857,1834.600113635913,1129.9374063640873,1906.9052626835316,249.32908860119045,517.1155107490081,2.167402700892857,1834.600113635913,1129.9374063640873,1906.9052626835316,249.32908860119045
2026-02-02 20:00:00+00:00,274.5,80.718,3204.7115,393.6095,2068.5502500000002,265.221,484.2055059368097,2.0112242089598995,2022.4726446328898,1212.2912470695323,1940.2044854515525,248.71476417606516,517.1155107490081,2.167402700892857,1834.600113635913,1129.9374063640873,1906.9052626835316,249.32908860119045,517.1155107490081,2.167402700892857,1834.600113635913,1129.9374063640873,1906.9052626835316,249.32908860119045
2026-02-02 21:00:00+00:00,253.3,81.388,3237.6622500000003,401.27125,2021.3505,265.221,487.0062817240746,2.0112242089598995,1958.7821543526643,1219.7605277643802,1942.9393779706495,248.71476417606516,517.1155107490081,2.167402700892857,1834.600113635913,1129.9374063640873,1906.9052626835316,249.32908860119045,517.1155107490081,2.167402700892857,1834.600113635913,1129.9374063640873,1906.9052626835316,249.32908860119045
2026-02-02 22:00:00+00:00,267.6505,81.10875,3029.76975,372.56774999999993,1974.202,265.261,478.4446942626721,2.0112242089598995,1867.1080876592655,1227.229808459228,1945.6783095796222,248.71476417606516,517.1155107490081,2.167402700892857,1834.600113635913,1129.9374063640873,1906.9052626835316,249.32908860119045,517.1155107490081,2.167402700892857,1834.600113635913,1129.9374063640873,1906.9052626835316,249.32908860119045
2026-02-02 23:00:00+00:00,346.6325,80.8455,3192.03025,377.2170000000001,1931.49975,262.373,473.5491299920329,2.0112242089598995,1802.1307371279972,1234.699089154076,1948.1433709435526,248.71476417606516,517.1155107490081,2.167402700892857,1834.600113635913,1129.9374063640873,1906.9052626835316,249.32908860119045,517.1155107490081,2.167402700892857,1834.600113635913,1129.9374063640873,1906.9052626835316,249.32908860119045
2026-02-03 00:00:00+00:00,417.9715,81.294,3200.407,378.98474999999996,1919.5484999999999,261.384,456.79032865253316,2.0112242089598995,1671.2340212869433,1062.905633172574,1886.552274059849,248.71476417606516,517.1155107490081,2.167402700892857,1834.600113635913,1129.9374063640873,1906.9052626835316,249.32908860119045,517.1155107490081,2.167402700892857,1834.600113635913,1129.9374063640873,1906.9052626835316,249.32908860119045
2026-02-03 01:00:00+00:00,487.66650000000004,79.45025,3201.79025,378.751,1908.5725,261.344,454.24806714254163,2.0112242089598995,1646.8076647925463,1070.3749138674218,1888.3212146531625,248.71476417606516,517.1155107490081,2.167402700892857,1834.600113635913,1129.9374063640873,1906.9052626835316,249.32908860119045,517.1155107490081,2.167402700892857,1834.600113635913,1129.9374063640873,1906.9052626835316,249.32908860119045
2026-02-03 02:00:00+00:00,496.08675,79.4025,2990.5185,392.63725,1901.24825,261.384,451.9420289764795,2.0112242089598995,1673.507207641421,1077.8441945622696,1890.2466409314763,248.71476417606516,517.1155107490081,2.167402700892857,1834.600113635913,1129.9374063640873,1906.9052626835316,249.32908860119045,517.1155107490081,2.167402700892857,1834.600113635913,1129.9374063640873,1906.9052626835316,249.32908860119045
2026-02-03 03:00:00+00:00,440.12825,79.369,2996.12725,408.15725,1912.1395,255.45000000000002,451.2146858544198,2.0112242089598995,1699.8010426480284,1085.3134752571177,1892.7899587534753,248.71476417606516,517.1155107490081,2.167402700892857,1834.600113635913,1129.9374063640873,1906.9052626835316,249.32908860119045,517.1155107490081,2.167402700892857,1834.600113635913,1129.9374063640873,1906.9052626835316,249.32908860119045
2026-02-03 04:00:00+00:00,410.89824999999996,81.009,3387.4492500000006,404.80099999999993,1937.748,240.97025000000002,456.5719824620798,2.0112242089598995,1759.2047773801219,1092.7827559519656,1895.5976945713523,248.71476417606516,517.1155107490081,2.167402700892857,1834.600113635913,1129.9374063640873,1906.9052626835316,249.32908860119045,517.1155107490081,2.167402700892857,1834.600113635913,1129.9374063640873,1906.9052626835316,249.32908860119045
2026-02-03 05:00:00+00:00,490.68775,81.251,3427.885,389.9535000000001,2011.171,236.42,464.9141283708771,2.0112242089598995,1886.4687904102518,1100.2520366468136,1898.653664270175,248.71476417606516,517.1155107490081,2.167402700892857,1834.600113635913,1129.9374063640873,1906.9052626835316,249.32908860119045,517.1155107490081,2.167402700892857,1834.600113635913,1129.9374063640873,1906.9052626835316,249.32908860119045
2026-02-03 06:00:00+00:00,580.5807500000001,81.0085,2827.33425,476.00675,2115.75,236.42,474.04855820611385,2.0112242089598995,2006.7155164174121,1107.7213173416615,1901.5234721738575,248.71476417606516,517.1155107490081,2.167402700892857,1834.600113635913,1129.9374063640873,1906.9052626835316,249.32908860119045,517.1155107490081,2.167402700892857,1834.600113635913,1129.9374063640873,1906.9052626835316,249.32908860119045
2026-02-03 07:00:00+00:00,576.623,80.02825,2669.52575,520.8644999999999,2192.96675,236.381,477.64614018699103,2.0112242089598995,2081.229721560925,1115.1905980365093,1903.7227688950272,248.71476417606516,517.1155107490081,2.167402700892857,1834.600113635913,1129.9374063640873,1906.9052626835316,249.32908860119045,517.1155107490081,2.167402700892857,1834.600113635913,1129.9374063640873,1906.9052626835316,249.32908860119045
2026-02-03 08:00:00+00:00,554.921,80.38387499999999,2706.57175,538.5735,2199.5645,236.895,467.6902833425626,2.0112242089598995,2098.140300701167,1122.6598787313574,1905.4121066407208,248.71476417606516,517.1155107490081,2.167402700892857,1834.600113635913,1129.9374063640873,1906.9052626835316,249.32908860119045,517.1155107490081,2.167402700892857,1834.600113635913,1129.9374063640873,1906.9052626835316,249.32908860119045
2026-02-03 09:00:00+00:00,531.8355,80.73949999999999,2603.99025,414.94274999999993,2168.4345,242.27575,457.2448766868026,2.0112242089598995,2079.6708799449952,1130.1291594262052,1905.8899516724266,248.71476417606516,517.1155107490081,2.167402700892857,1834.600113635913,1129.9374063640873,1906.9052626835316,249.32908860119045,517.1155107490081,2.167402700892857,1834.600113635913,1129.9374063640873,1906.9052626835316,249.32908860119045
2026-02-03 10:00:00+00:00,519.0319999999999,81.2325,2578.943,597.54475,2126.337,244.293,460.38158175745394,2.0112242089598995,2064.5311675479848,1137.598440121053,1906.6524659175795,248.71476417606516,517.1155107490081,2.167402700892857,1834.600113635913,1129.9374063640873,1906.9052626835316,249.32908860119045,517.1155107490081,2.167402700892857,1834.600113635913,1129.9374063640873,1906.9052626835316,249.32908860119045
2026-02-03 11:00:00+00:00,537.72875,81.13125,2570.95225,448.856,2050.983,244.57,463.7158996669127,2.0112242089598995,2065.165045411391,1145.067720815901,1908.2568146237506,248.71476417606516,517.1155107490081,2.167402700892857,1834.600113635913,1129.9374063640873,1906.9052626835316,249.32908860119045,517.1155107490081,2.167402700892857,1834.600113635913,1129.9374063640873,1906.9052626835316,249.32908860119045
2026-02-03 12:00:00+00:00,536.77275,81.18375,2673.00675,401.63625,2021.3905,244.808,468.54315362651244,2.0112242089598995,2063.653870678248,1152.537001510749,1912.2504067255811,248.71476417606516,517.1155107490081,2.167402700892857,1834.600113635913,1129.9374063640873,1906.9052626835316,249.32908860119045,517.1155107490081,2.167402700892857,1834.600113635913,1129.9374063640873,1906.9052626835316,249.32908860119045
2026-02-03 13:00:00+00:00,661.70825,81.03225,2962.7977499999997,466.46775,2022.498,244.847,470.4184729037093,2.0112242089598995,2064.619100662204,1160.0062822055968,1914.8058694407614,248.71476417606516,517.1155107490081,2.167402700892857,1834.600113635913,1129.9374063640873,1906.9052626835316,249.32908860119045,517.1155107490081,2.167402700892857,1834.600113635913,1129.9374063640873,1906.9052626835316,249.32908860119045
2026-02-03 14:00:00+00:00,741.9245000000001,80.9095,3485.63425,650.27425,2047.6895,250.821,482.6149305752813,2.0112242089598995,2094.803823784127,1167.4755629004449,1916.7960605743524,248.71476417606516,517.1155107490081,2.167402700892857,1834.600113635913,1129.9374063640873,1906.9052626835316,249.32908860119045,517.1155107490081,2.167402700892857,1834.600113635913,1129.9374063640873,1906.9052626835316,249.32908860119045
2026-02-03 15:00:00+00:00,840.4605,80.8245,4039.4712499999996,655.08825,2138.88775,252.839,491.48188870839675,2.0112242089598995,2156.7382960717605,1174.9448435952927,1919.352870266104,248.71476417606516,517.1155107490081,2.167402700892857,1834.600113635913,1129.9374063640873,1906.9052626835316,249.32908860119045,517.1155107490081,2.167402700892857,1834.600113635913,1129.9374063640873,1906.9052626835316,249.32908860119045
2026-02-03 16:00:00+00:00,991.982,81.13125,4244.592000000001,833.5332500000001,2235.2375,252.878,496.2070444503377,2.0112242089598995,2236.3536336533025,1182.4141242901405,1924.1221856564819,248.71476417606516,517.1155107490081,2.167402700892857,1834.600113635913,1129.9374063640873,1906.9052626835316,249.32908860119045,517.1155107490081,2.167402700892857,1834.600113635913,1129.9374063640873,1906.9052626835316,249.32908860119045
2026-02-03 17:00:00+00:00,1035.98475,81.464,4258.8045,947.8017500000001,2258.635,252.839,499.2121296856332,2.0112242089598995,2257.365754574438,1189.8834049849886,1928.314084443424,248.71476417606516,517.1155107490081,2.167402700892857,1834.600113635913,1129.9374063640873,1906.9052626835316,249.32908860119045,517.1155107490081,2.167402700892857,1834.600113635913,1129.9374063640873,1906.9052626835316,249.32908860119045
2026-02-03 18:00:00+00:00,1071.60025,81.95474999999999,4254.51025,586.0322500000001,2228.505,252.799,496.1489870273736,2.0112242089598995,2241.7043214339114,1197.3526856798364,1930.1653205846821,248.71476417606516,517.1155107490081,2.167402700892857,1834.600113635913,1129.9374063640873,1906.9052626835316,249.32908860119045,517.1155107490081,2.167402700892857,1834.600113635913,1129.9374063640873,1906.9052626835316,249.32908860119045
2026-02-03 19:00:00+00:00,1012.981,0.06599999999999984,4262.312,403.1947499999999,2145.6414999999997,253.115,490.5879512585423,2.0112242089598995,2189.6063988630412,1204.8219663746845,1932.8071185906401,248.71476417606516,517.1155107490081,2.167402700892857,1834.600113635913,1129.9374063640873,1906.9052626835316,249.32908860119045,517.1155107490081,2.167402700892857,1834.600113635913,1129.9374063640873,1906.9052626835316,249.32908860119045
2026-02-03 20:00:00+00:00,954.441,0.06599999999999984,4077.5777499999995,357.74325,2069.983,259.089,486.3546902855004,2.0112242089598995,2139.6276969273613,1212.2912470695323,1936.3487570893699,248.71476417606516,517.1155107490081,2.167402700892857,1834.600113635913,1129.9374063640873,1906.9052626835316,249.32908860119045,517.1155107490081,2.167402700892857,1834.600113635913,1129.9374063640873,1906.9052626835316,249.32908860119045
2026-02-03 21:00:00+00:00,937.184,0.06599999999999984,4100.271,499.96900000000005,2015.345,261.067,492.006497840588,2.0112242089598995,2109.9452461797814,1219.7605277643802,1939.9605462213462,248.71476417606516,517.1155107490081,2.167402700892857,1834.600113635913,1129.9374063640873,1906.9052626835316,249.32908860119045,517.1155107490081,2.167402700892857,1834.600113635913,1129.9374063640873,1906.9052626835316,249.32908860119045
2026-02-03 22:00:00+00:00,900.11375,0.06599999999999984,3879.516,374.81075,1974.6154999999999,261.067,484.04085144680283,2.0112242089598995,2051.788851977814,1227.229808459228,1942.7844665672867,248.71476417606516,517.1155107490081,2.167402700892857,1834.600113635913,1129.9374063640873,1906.9052626835316,249.32908860119045,517.1155107490081,2.167402700892857,1834.600113635913,1129.9374063640873,1906.9052626835316,249.32908860119045
2026-02-03 23:00:00+00:00,932.51275,0.06599999999999984,3869.004,358.548,1939.93925,259.722,485.2842163173216,2.0112242089598995,2001.7428967193898,1234.699089154076,1945.3884827619156,248.71476417606516,517.1155107490081,2.167402700892857,1834.600113635913,1129.9374063640873,1906.9052626835316,249.32908860119045,517.1155107490081,2.167402700892857,1834.600113635913,1129.9374063640873,1906.9052626835316,249.32908860119045
2026-02-04 00:00:00+00:00,882.738,0.06599999999999984,3884.94125,360.6189999999999,1924.028,253.195,473.41976612535905,2.0112242089598995,1889.608405446446,1062.905633172574,1882.997372073648,248.71476417606516,517.1155107490081,2.167402700892857,1834.600113635913,1129.9374063640873,1906.9052626835316,249.32908860119045,517.1155107490081,2.167402700892857,1834.600113635913,1129.9374063640873,1906.9052626835316,249.32908860119045
2026-02-04 01:00:00+00:00,801.426,0.06599999999999984,3883.433,374.15874999999994,1909.5245,253.195,473.1553393750819,2.0112242089598995,1909.2431999909436,1070.3749138674218,1885.531237611106,248.71476417606516,517.1155107490081,2.167402700892857,1834.600113635913,1129.9374063640873,1906.9052626835316,249.32908860119045,517.1155107490081,2.167402700892857,1834.600113635913,1129.9374063640873,1906.9052626835316,249.32908860119045
2026-02-04 02:00:00+00:00,581.515,0.06599999999999984,3888.3417499999996,390.54475,1909.3197499999999,257.823,475.89696759250876,2.0112242089598995,1898.5654113081061,1077.8441945622696,1888.2580242270799,248.71476417606516,517.1155107490081,2.167402700892857,1834.600113635913,1129.9374063640873,1906.9052626835316,249.32908860119045,517.1155107490081,2.167402700892857,1834.600113635913,1129.9374063640873,1906.9052626835316,249.32908860119045
2026-02-04 03:00:00+00:00,586.3195000000001,0.06599999999999984,3894.1634999999997,398.59124999999995,1918.07725,247.26025,481.5727821132184,2.0112242089598995,1929.7187519994761,1085.3134752571177,1890.8188728736216,248.71476417606516,517.1155107490081,2.167402700892857,1834.600113635913,1129.9374063640873,1906.9052626835316,249.32908860119045,517.1155107490081,2.167402700892857,1834.600113635913,1129.9374063640873,1906.9052626835316,249.32908860119045
2026-02-04 04:00:00+00:00,613.01725,0.06599999999999984,3868.7844999999998,398.04875000000004,1943.703,235.471,490.4462572210006,2.0112242089598995,1993.1498647619105,1092.7827559519656,1893.4916932590652,248.71476417606516,517.1155107490081,2.167402700892857,1834.600113635913,1129.9374063640873,1906.9052626835316,249.32908860119045,517.1155107490081,2.167402700892857,1834.600113635913,1129.9374063640873,1906.9052626835316,249.32908860119045
2026-02-04 05:00:00+00:00,630.64625,0.06599999999999984,3736.6542499999996,426.3907499999999,2014.49725,229.418,507.5263476893539,2.0112242089598995,2152.348039363738,1100.2520366468136,1896.3277587661678,248.71476417606516,517.1155107490081,2.167402700892857,1834.600113635913,1129.9374063640873,1906.9052626835316,249.32908860119045,517.1155107490081,2.167402700892857,1834.600113635913,1129.9374063640873,1906.9052626835316,249.32908860119045
2026-02-04 06:00:00+00:00,698.392,0.06599999999999984,4013.7839999999997,822.18975,2125.773,229.418,519.5459114252161,2.0112242089598995,2233.89791988947,1107.7213173416615,1899.2110581745371,248.71476417606516,517.1155107490081,2.167402700892857,1834.600113635913,1129.9374063640873,1906.9052626835316,249.32908860119045,517.1155107490081,2.167402700892857,1834.600113635913,1129.9374063640873,1906.9052626835316,249.32908860119045
2026-02-04 07:00:00+00:00,714.6435,0.06599999999999984,4087.398,1624.442,2194.882,229.418,525.922211966881,2.0112242089598995,2258.322160097534,1115.1905980365093,1902.1523631852615,248.71476417606516,517.1155107490081,2.167402700892857,1834.600113635913,1129.9374063640873,1906.9052626835316,249.32908860119045,517.1155107490081,2.167402700892857,1834.600113635913,1129.9374063640873,1906.9052626835316,249.32908860119045
2026-02-04 08:00:00+00:00,704.11325,0.06599999999999984,3890.15075,478.97399999999993,2189.2870000000003,229.458,519.6797741328726,2.0112242089598995,2189.916341457768,1122.6598787313574,1904.2329558514316,248.71476417606516,517.1155107490081,2.167402700892857,1834.600113635913,1129.9374063640873,1906.9052626835316,249.32908860119045,517.1155107490081,2.167402700892857,1834.600113635913,1129.9374063640873,1906.9052626835316,249.32908860119045
2026-02-04 09:00:00+00:00,634.1632500000001,0.06599999999999984,3757.6459999999997,544.2785,2149.7380000000003,235.43175,513.7678768633366,2.0112242089598995,2091.1064456959084,1130.1291594262052,1905.589071151496,248.71476417606516,517.1155107490081,2.167402700892857,1834.600113635913,1129.9374063640873,1906.9052626835316,249.32908860119045,517.1155107490081,2.167402700892857,1834.600113635913,1129.9374063640873,1906.9052626835316,249.32908860119045
2026-02-04 10:00:00+00:00,547.2025,0.06599999999999984,3666.44925,610.02725,2104.09025,237.41,511.99908834275936,2.0112242089598995,2028.7971993158274,1137.598440121053,1906.748199066,248.71476417606516,517.1155107490081,2.167402700892857,1834.600113635913,1129.9374063640873,1906.9052626835316,249.32908860119045,517.1155107490081,2.167402700892857,1834.600113635913,1129.9374063640873,1906.9052626835316,249.32908860119045
2026-02-04 11:00:00+00:00,540.8235,0.06599999999999984,3468.4665,415.79675,2026.013,237.449,511.55104417075296,2.0112242089598995,2012.309493482425,1145.067720815901,1907.5849031201249,248.71476417606516,517.1155107490081,2.167402700892857,1834.600113635913,1129.9374063640873,1906.9052626835316,249.32908860119045,517.1155107490081,2.167402700892857,1834.600113635913,1129.9374063640873,1906.9052626835316,249.32908860119045
2026-02-04 12:00:00+00:00,536.06375,0.06599999999999984,3625.7005,422.788,1999.7202499999999,237.489,513.3481228801654,2.0112242089598995,2028.759212594015,1152.537001510749,1911.59333314515,248.71476417606516,517.1155107490081,2.167402700892857,1834.600113635913,1129.9374063640873,1906.9052626835316,249.32908860119045,517.1155107490081,2.167402700892857,1834.600113635913,1129.9374063640873,1906.9052626835316,249.32908860119045
2026-02-04 13:00:00+00:00,547.08425,0.06599999999999984,3851.69275,585.97675,1998.17775,237.449,516.8553397187035,2.0112242089598995,2062.108468917226,1160.0062822055968,1913.79532270494,248.71476417606516,517.1155107490081,2.167402700892857,1834.600113635913,1129.9374063640873,1906.9052626835316,249.32908860119045,517.1155107490081,2.167402700892857,1834.600113635913,1129.9374063640873,1906.9052626835316,249.32908860119045
2026-02-04 14:00:00+00:00,658.9159999999999,0.06599999999999984,3561.47225,529.3007500000001,2031.5127499999999,243.38299999999998,519.1328854394767,2.0112242089598995,2136.4528730803922,1167.4755629004449,1917.0833415168179,248.71476417606516,517.1155107490081,2.167402700892857,1834.600113635913,1129.9374063640873,1906.9052626835316,249.32908860119045,517.1155107490081,2.167402700892857,1834.600113635913,1129.9374063640873,1906.9052626835316,249.32908860119045
2026-02-04 15:00:00+00:00,828.42175,0.06599999999999984,3579.42925,521.2145,2146.56925,245.282,522.8060272249439,2.0112242089598995,2160.879561783832,1174.9448435952927,1921.0310730075787,248.71476417606516,517.1155107490081,2.167402700892857,1834.600113635913,1129.9374063640873,1906.9052626835316,249.32908860119045,517.1155107490081,2.167402700892857,1834.600113635913,1129.9374063640873,1906.9052626835316,249.32908860119045
2026-02-04 16:00:00+00:00,908.7225000000001,0.06599999999999984,3660.2349999999997,979.5275,2240.705,245.282,525.2506807557041,2.0112242089598995,2197.197498252778,1182.4141242901405,1925.146088855024,248.71476417606516,517.1155107490081,2.167402700892857,1834.600113635913,1129.9374063640873,1906.9052626835316,249.32908860119045,517.1155107490081,2.167402700892857,1834.600113635913,1129.9374063640873,1906.9052626835316,249.32908860119045
2026-02-04 17:00:00+00:00,872.8205,0.06599999999999984,3677.07275,986.64075,2271.1014999999998,246.944,526.887029832685,2.0112242089598995,2225.2367942250485,1189.8834049849886,1928.7133639799968,248.71476417606516,517.1155107490081,2.167402700892857,1834.600113635913,1129.9374063640873,1906.9052626835316,249.32908860119045,517.1155107490081,2.167402700892857,1834.600113635913,1129.9374063640873,1906.9052626835316,249.32908860119045
2026-02-04 18:00:00+00:00,818.09625,0.06599999999999984,3644.001,847.3795000000001,2255.479,245.243,520.7379474279571,2.0112242089598995,2214.637462190077,1197.3526856798364,1932.0283660191583,248.71476417606516,517.1155107490081,2.167402700892857,1834.600113635913,1129.9374063640873,1906.9052626835316,249.32908860119045,517.1155107490081,2.167402700892857,1834.600113635913,1129.9374063640873,1906.9052626835316,249.32908860119045
2026-02-04 19:00:00+00:00,828.6855,0.06599999999999984,3572.968,437.05724999999995,2164.638,245.243,515.7877888504247,2.0112242089598995,2156.62576421966,1204.8219663746845,1935.050620275112,248.71476417606516,517.1155107490081,2.167402700892857,1834.600113635913,1129.9374063640873,1906.9052626835316,249.32908860119045,517.1155107490081,2.167402700892857,1834.600113635913,1129.9374063640873,1906.9052626835316,249.32908860119045
2026-02-04 20:00:00+00:00,804.0677499999999,0.06599999999999984,3577.266,424.66774999999996,2078.0085,251.177,508.57976670672576,2.0112242089598995,2073.222682911122,1212.2912470695323,1937.964942110815,248.71476417606516,517.1155107490081,2.167402700892857,1834.600113635913,1129.9374063640873,1906.9052626835316,249.32908860119045,517.1155107490081,2.167402700892857,1834.600113635913,1129.9374063640873,1906.9052626835316,249.32908860119045
2026-02-04 21:00:00+00:00,775.9694999999999,0.06599999999999984,3476.54475,435.5305000000001,2020.40075,253.115,508.61798625561835,2.0112242089598995,2006.9345639665796,1219.7605277643802,1940.6607062706073,248.71476417606516,517.1155107490081,2.167402700892857,1834.600113635913,1129.9374063640873,1906.9052626835316,249.32908860119045,517.1155107490081,2.167402700892857,1834.600113635913,1129.9374063640873,1906.9052626835316,249.32908860119045
2026-02-04 22:00:00+00:00,673.60725,0.06599999999999984,3479.03425,426.98974999999996,1974.538,253.115,503.199289015529,2.0112242089598995,1956.2076387770724,1227.229808459228,1943.426621120539,248.71476417606516,517.1155107490081,2.167402700892857,1834.600113635913,1129.9374063640873,1906.9052626835316,249.32908860119045,517.1155107490081,2.167402700892857,1834.600113635913,1129.9374063640873,1906.9052626835316,249.32908860119045
2026-02-04 23:00:00+00:00,561.38275,0.06599999999999984,3432.36075,396.21775,1919.74025,253.115,499.02514802422536,2.0112242089598995,1923.1000515288079,1234.699089154076,1946.2195190473878,248.71476417606516,517.1155107490081,2.167402700892857,1834.600113635913,1129.9374063640873,1906.9052626835316,249.32908860119045,517.1155107490081,2.167402700892857,1834.600113635913,1129.9374063640873,1906.9052626835316,249.32908860119045
2026-02-05 00:00:00+00:00,480.31775,0.06599999999999984,3375.434,407.08624999999995,1907.1485,253.115,482.6954284384647,2.0112242089598995,1842.0286198605625,1062.905633172574,1883.4830408859182,248.71476417606516,517.1155107490081,2.167402700892857,1834.600113635913,1129.9374063640873,1906.9052626835316,249.32908860119045,517.1155107490081,2.167402700892857,1834.600113635913,1129.9374063640873,1906.9052626835316,249.32908860119045
2026-02-05 01:00:00+00:00,443.64375,0.06599999999999984,3392.17625,419.769,1895.91325,253.115,480.8661619530543,2.0112242089598995,1848.137139297329,1070.3749138674218,1886.4526753904622,248.71476417606516,517.1155107490081,2.167402700892857,1834.600113635913,1129.9374063640873,1906.9052626835316,249.32908860119045,517.1155107490081,2.167402700892857,1834.600113635913,1129.9374063640873,1906.9052626835316,249.32908860119045
2026-02-05 02:00:00+00:00,673.484,0.06599999999999984,3343.44625,411.471,1890.01125,253.115,483.57360014970067,2.0112242089598995,1883.2973927751564,1077.8441945622696,1889.2145508240394,248.71476417606516,517.1155107490081,2.167402700892857,1834.600113635913,1129.9374063640873,1906.9052626835316,249.32908860119045,517.1155107490081,2.167402700892857,1834.600113635913,1129.9374063640873,1906.9052626835316,249.32908860119045
2026-02-05 03:00:00+00:00,766.72925,0.06599999999999984,3360.368,412.54675,1904.5104999999999,247.181,488.3721172536088,2.0112242089598995,1905.6005653276611,1085.3134752571177,1891.7551756811602,248.71476417606516,517.1155107490081,2.167402700892857,1834.600113635913,1129.9374063640873,1906.9052626835316,249.32908860119045,517.1155107490081,2.167402700892857,1834.600113635913,1129.9374063640873,1906.9052626835316,249.32908860119045
2026-02-05 04:00:00+00:00,917.34375,0.06599999999999984,3527.70575,430.9575,1933.9470000000001,233.37425000000002,499.3328727068516,2.0112242089598995,1984.5349129358005,1092.7827559519656,1894.4482469725733,248.71476417606516,517.1155107490081,2.167402700892857,1834.600113635913,1129.9374063640873,1906.9052626835316,249.32908860119045,517.1155107490081,2.167402700892857,1834.600113635913,1129.9374063640873,1906.9052626835316,249.32908860119045
2026-02-05 05:00:00+00:00,1105.561,0.06599999999999984,3651.40625,492.1792499999999,2010.41425,229.418,511.26367021632717,2.0112242089598995,2157.6504590822974,1100.2520366468136,1897.1979772861996,248.71476417606516,517.1155107490081,2.167402700892857,1834.600113635913,1129.9374063640873,1906.9052626835316,249.32908860119045,517.1155107490081,2.167402700892857,1834.600113635913,1129.9374063640873,1906.9052626835316,249.32908860119045
2026-02-05 06:00:00+00:00,1172.70975,0.06599999999999984,3893.3149999999996,1229.3885,2119.634,229.418,530.035630993804,2.0112242089598995,2286.616493719078,1107.7213173416615,1899.6063795619789,248.71476417606516,517.1155107490081,2.167402700892857,1834.600113635913,1129.9374063640873,1906.9052626835316,249.32908860119045,517.1155107490081,2.167402700892857,1834.600113635913,1129.9374063640873,1906.9052626835316,249.32908860119045
2026-02-05 07:00:00+00:00,1129.28475,0.06599999999999984,3908.9032499999994,1690.7935,2192.70525,229.418,538.4589653119316,2.0112242089598995,2320.637735574522,1115.1905980365093,1901.928446725099,248.71476417606516,517.1155107490081,2.167402700892857,1834.600113635913,1129.9374063640873,1906.9052626835316,249.32908860119045,517.1155107490081,2.167402700892857,1834.600113635913,1129.9374063640873,1906.9052626835316,249.32908860119045
2026-02-05 08:00:00+00:00,1129.615,0.06599999999999984,4031.91075,1224.05125,2196.674,229.378,538.2978379994794,2.0112242089598995,2294.685418953804,1122.6598787313574,1904.0994138081019,248.71476417606516,517.1155107490081,2.167402700892857,1834.600113635913,1129.9374063640873,1906.9052626835316,249.32908860119045,517.1155107490081,2.167402700892857,1834.600113635913,1129.9374063640873,1906.9052626835316,249.32908860119045
2026-02-05 09:00:00+00:00,1105.17275,0.06599999999999984,4158.49475,1275.87725,2157.413,235.352,535.8709521997932,2.0112242089598995,2203.1063664871263,1130.1291594262052,1905.7874050709552,248.71476417606516,517.1155107490081,2.167402700892857,1834.600113635913,1129.9374063640873,1906.9052626835316,249.32908860119045,517.1155107490081,2.167402700892857,1834.600113635913,1129.9374063640873,1906.9052626835316,249.32908860119045
2026-02-05 10:00:00+00:00,1094.56825,0.06599999999999984,4283.29725,1134.52825,2119.7465,237.33,532.9828631580976,2.0112242089598995,2136.3828219623642,1137.598440121053,1906.927655480263,248.71476417606516,517.1155107490081,2.167402700892857,1834.600113635913,1129.9374063640873,1906.9052626835316,249.32908860119045,517.1155107490081,2.167402700892857,1834.600113635913,1129.9374063640873,1906.9052626835316,249.32908860119045
2026-02-05 11:00:00+00:00,1046.209,41.03375,4114.22725,701.2035,2045.05225,237.37,524.8270089292972,2.0112242089598995,2071.0202932692373,1145.067720815901,1907.447321576413,248.71476417606516,517.1155107490081,2.167402700892857,1834.600113635913,1129.9374063640873,1906.9052626835316,249.32908860119045,517.1155107490081,2.167402700892857,1834.600113635913,1129.9374063640873,1906.9052626835316,249.32908860119045
2026-02-05 12:00:00+00:00,942.47175,82.0015,3891.29025,651.3465,2028.676,237.41,522.2755553801834,2.0112242089598995,2025.0082602630557,1152.537001510749,1909.878667875413,248.71476417606516,517.1155107490081,2.167402700892857,1834.600113635913,1129.9374063640873,1906.9052626835316,249.32908860119045,517.1155107490081,2.167402700892857,1834.600113635913,1129.9374063640873,1906.9052626835316,249.32908860119045
2026-02-05 13:00:00+00:00,991.9905000000001,81.316,3988.8459999999995,634.6712500000001,2019.79425,237.41,525.3657691475134,2.0112242089598995,2037.030478426923,1160.0062822055968,1911.4722183722668,248.71476417606516,517.1155107490081,2.167402700892857,1834.600113635913,1129.9374063640873,1906.9052626835316,249.32908860119045,517.1155107490081,2.167402700892857,1834.600113635913,1129.9374063640873,1906.9052626835316,249.32908860119045
2026-02-05 14:00:00+00:00,904.30375,80.92325,4016.32675,548.9305,2036.4095,243.344,529.9464586221968,2.0112242089598995,2106.5535079619594,1167.4755629004449,1913.7686486305133,248.71476417606516,517.1155107490081,2.167402700892857,1834.600113635913,1129.9374063640873,1906.9052626835316,249.32908860119045,517.1155107490081,2.167402700892857,1834.600113635913,1129.9374063640873,1906.9052626835316,249.32908860119045
2026-02-05 15:00:00+00:00,1057.36025,79.91375,4212.5875,757.56375,2126.3655,245.282,538.2916247388512,2.0112242089598995,2212.521137252246,1174.9448435952927,1917.240136406937,248.71476417606516,517.1155107490081,2.167402700892857,1834.600113635913,1129.9374063640873,1906.9052626835316,249.32908860119045,517.1155107490081,2.167402700892857,1834.600113635913,1129.9374063640873,1906.9052626835316,249.32908860119045
2026-02-05 16:00:00+00:00,1083.2235,0.06599999999999984,4297.70925,1387.2145,2213.29925,245.282,546.4858913369358,2.0112242089598995,2290.6186951575905,1182.4141242901405,1922.8499404332658,248.71476417606516,517.1155107490081,2.167402700892857,1834.600113635913,1129.9374063640873,1906.9052626835316,249.32908860119045,517.1155107490081,2.167402700892857,1834.600113635913,1129.9374063640873,1906.9052626835316,249.32908860119045
2026-02-05 17:00:00+00:00,1185.3867500000001,0.06599999999999984,4313.6705,1416.4182500000002,2241.24925,245.243,550.263506016393,2.0112242089598995,2291.174694391702,1189.8834049849886,1927.5761154737247,248.71476417606516,517.1155107490081,2.167402700892857,1834.600113635913,1129.9374063640873,1906.9052626835316,249.32908860119045,517.1155107490081,2.167402700892857,1834.600113635913,1129.9374063640873,1906.9052626835316,249.32908860119045
2026-02-05 18:00:00+00:00,1199.74675,0.06599999999999984,4091.5,1092.6365,2217.77725,245.243,550.748869607383,2.0112242089598995,2274.9642421837284,1197.3526856798364,1930.5309120550742,248.71476417606516,517.1155107490081,2.167402700892857,1834.600113635913,1129.9374063640873,1906.9052626835316,249.32908860119045,517.1155107490081,2.167402700892857,1834.600113635913,1129.9374063640873,1906.9052626835316,249.32908860119045
2026-02-05 19:00:00+00:00,1129.75025,0.06599999999999984,4003.4299999999994,923.7727500000001,2131.338,245.243,549.0475968801252,2.0112242089598995,2215.2521764226485,1204.8219663746845,1934.1602590696436,248.71476417606516,517.1155107490081,2.167402700892857,1834.600113635913,1129.9374063640873,1906.9052626835316,249.32908860119045,517.1155107490081,2.167402700892857,1834.600113635913,1129.9374063640873,1906.9052626835316,249.32908860119045
2026-02-05 20:00:00+00:00,1341.81475,0.06599999999999984,3818.8064999999997,605.9505,2053.7235,251.177,544.3197930114532,2.0112242089598995,2170.121016461483,1212.2912470695323,1937.066475137418,248.71476417606516,517.1155107490081,2.167402700892857,1834.600113635913,1129.9374063640873,1906.9052626835316,249.32908860119045,517.1155107490081,2.167402700892857,1834.600113635913,1129.9374063640873,1906.9052626835316,249.32908860119045
2026-02-05 21:00:00+00:00,1306.5605,0.06599999999999984,3745.2535,461.70000000000005,1995.76875,253.115,541.5336700745339,2.0112242089598995,2120.4532236492796,1219.7605277643802,1939.7757309000012,248.71476417606516,517.1155107490081,2.167402700892857,1834.600113635913,1129.9374063640873,1906.9052626835316,249.32908860119045,517.1155107490081,2.167402700892857,1834.600113635913,1129.9374063640873,1906.9052626835316,249.32908860119045
2026-02-05 22:00:00+00:00,1165.9215,0.06599999999999984,3746.928,366.84399999999994,1959.01775,253.115,537.5090564716336,2.0112242089598995,2056.4972405209155,1227.229808459228,1942.4498977641642,248.71476417606516,517.1155107490081,2.167402700892857,1834.600113635913,1129.9374063640873,1906.9052626835316,249.32908860119045,517.1155107490081,2.167402700892857,1834.600113635913,1129.9374063640873,1906.9052626835316,249.32908860119045
2026-02-05 23:00:00+00:00,1142.63625,0.06599999999999984,3820.53175,359.63300000000004,1909.988,219.48775,533.1475821084113,2.0112242089598995,2022.0130742008846,1234.699089154076,1945.3048405662864,248.71476417606516,517.1155107490081,2.167402700892857,1834.600113635913,1129.9374063640873,1906.9052626835316,249.32908860119045,517.1155107490081,2.167402700892857,1834.600113635913,1129.9374063640873,1906.9052626835316,249.32908860119045
2026-02-06 00:00:00+00:00,1186.16775,0.06599999999999984,3873.43775,347.88225,1903.037,225.422,520.1783777177315,2.0112242089598995,1911.2881368846888,1062.905633172574,1882.823328351166,248.71476417606516,517.1155107490081,2.167402700892857,1834.600113635913,1129.9374063640873,1906.9052626835316,249.32908860119045,517.1155107490081,2.167402700892857,1834.600113635913,1129.9374063640873,1906.9052626835316,249.32908860119045
2026-02-06 01:00:00+00:00,1190.44725,0.06599999999999984,3773.5547500000002,349.0685,1895.7275,225.462,522.4868099707079,2.0112242089598995,1910.9111912021367,1070.3749138674218,1885.4516347543329,248.71476417606516,517.1155107490081,2.167402700892857,1834.600113635913,1129.9374063640873,1906.9052626835316,249.32908860119045,517.1155107490081,2.167402700892857,1834.600113635913,1129.9374063640873,1906.9052626835316,249.32908860119045
2026-02-06 02:00:00+00:00,1186.944,0.06599999999999984,3587.7487500000007,344.3175,1888.00975,225.462,527.8135921813574,2.0112242089598995,1926.4622580303965,1077.8441945622696,1888.5764086031606,248.71476417606516,517.1155107490081,2.167402700892857,1834.600113635913,1129.9374063640873,1906.9052626835316,249.32908860119045,517.1155107490081,2.167402700892857,1834.600113635913,1129.9374063640873,1906.9052626835316,249.32908860119045
2026-02-06 03:00:00+00:00,1177.7735,0.06599999999999984,3646.11425,345.9382499999999,1903.57125,219.488,531.3240845474857,2.0112242089598995,1969.9560209827566,1085.3134752571177,1891.825299319485,248.71476417606516,517.1155107490081,2.167402700892857,1834.600113635913,1129.9374063640873,1906.9052626835316,249.32908860119045,517.1155107490081,2.167402700892857,1834.600113635913,1129.9374063640873,1906.9052626835316,249.32908860119045
2026-02-06 04:00:00+00:00,1127.237,0.06599999999999984,3732.38125,356.47299999999996,1944.099,214.543,537.1405217675865,2.0112242089598995,2051.620460579882,1092.7827559519656,1894.6451803715006,248.71476417606516,517.1155107490081,2.167402700892857,1834.600113635913,1129.9374063640873,1906.9052626835316,249.32908860119045,517.1155107490081,2.167402700892857,1834.600113635913,1129.9374063640873,1906.9052626835316,249.32908860119045
2026-02-06 05:00:00+00:00,1313.97225,0.06599999999999984,4239.2162499999995,720.9935000000002,2050.2235,213.554,548.2624193890708,2.0112242089598995,2208.308951046513,1100.2520366468136,1897.3409445312927,248.71476417606516,517.1155107490081,2.167402700892857,1834.600113635913,1129.9374063640873,1906.9052626835316,249.32908860119045,517.1155107490081,2.167402700892857,1834.600113635913,1129.9374063640873,1906.9052626835316,249.32908860119045
2026-02-06 06:00:00+00:00,1266.03,0.06599999999999984,4379.283,1191.483,2149.18975,213.554,558.9474356350313,2.0112242089598995,2326.3679630740444,1107.7213173416615,1899.9665580009453,248.71476417606516,517.1155107490081,2.167402700892857,1834.600113635913,1129.9374063640873,1906.9052626835316,249.32908860119045,517.1155107490081,2.167402700892857,1834.600113635913,1129.9374063640873,1906.9052626835316,249.32908860119045
2026-02-06 07:00:00+00:00,1209.4015,0.06599999999999984,4270.5255,1387.4932500000002,2203.034,213.593,562.6090709097945,2.0112242089598995,2354.822381427521,1115.1905980365093,1902.5233673292364,248.71476417606516,517.1155107490081,2.167402700892857,1834.600113635913,1129.9374063640873,1906.9052626835316,249.32908860119045,517.1155107490081,2.167402700892857,1834.600113635913,1129.9374063640873,1906.9052626835316,249.32908860119045
2026-02-06 08:00:00+00:00,1204.53175,0.06599999999999984,4622.20275,996.26,2187.5145,213.593,562.7934564882125,2.0112242089598995,2310.0671457203666,1122.6598787313574,1903.3546856160417,248.71476417606516,517.1155107490081,2.167402700892857,1834.600113635913,1129.9374063640873,1906.9052626835316,249.32908860119045,517.1155107490081,2.167402700892857,1834.600113635913,1129.9374063640873,1906.9052626835316,249.32908860119045
2026-02-06 09:00:00+00:00,1341.4472500000002,0.06599999999999984,4648.598,875.13525,2118.8537499999998,219.567,561.3784405370508,2.0112242089598995,2253.135511160667,1130.1291594262052,1903.921585654469,248.71476417606516,517.1155107490081,2.167402700892857,1834.600113635913,1129.9374063640873,1906.9052626835316,249.32908860119045,517.1155107490081,2.167402700892857,1834.600113635913,1129.9374063640873,1906.9052626835316,249.32908860119045
2026-02-06 10:00:00+00:00,1432.42825,0.06599999999999984,4709.68775,979.2397500000001,2056.2715,221.585,560.721894242013,2.0112242089598995,2204.9999464158545,1137.598440121053,1904.3643689325488,248.71476417606516,517.1155107490081,2.167402700892857,1834.600113635913,1129.9374063640873,1906.9052626835316,249.32908860119045,517.1155107490081,2.167402700892857,1834.600113635913,1129.9374063640873,1906.9052626835316,249.32908860119045
2026-02-06 11:00:00+00:00,1415.1925,0.06599999999999984,4630.92075,598.424,2007.7640000000001,221.624,558.4704405831956,2.0112242089598995,2188.3950500676383,1145.067720815901,1904.363304730876,248.71476417606516,517.1155107490081,2.167402700892857,1834.600113635913,1129.9374063640873,1906.9052626835316,249.32908860119045,517.1155107490081,2.167402700892857,1834.600113635913,1129.9374063640873,1906.9052626835316,249.32908860119045
2026-02-06 12:00:00+00:00,1402.76575,0.06599999999999984,4601.564249999999,467.7739999999999,1998.088,221.664,555.1455689923321,2.0112242089598995,2171.638020834589,1152.537001510749,1906.326512707134,248.71476417606516,517.1155107490081,2.167402700892857,1834.600113635913,1129.9374063640873,1906.9052626835316,249.32908860119045,517.1155107490081,2.167402700892857,1834.600113635913,1129.9374063640873,1906.9052626835316,249.32908860119045
2026-02-06 13:00:00+00:00,1353.58525,0.06599999999999984,4634.62275,447.72375,2007.73325,221.664,553.7567291867772,2.0112242089598995,2179.4534548676215,1160.0062822055968,1908.8725231345634,248.71476417606516,517.1155107490081,2.167402700892857,1834.600113635913,1129.9374063640873,1906.9052626835316,249.32908860119045,517.1155107490081,2.167402700892857,1834.600113635913,1129.9374063640873,1906.9052626835316,249.32908860119045
2026-02-06 14:00:00+00:00,1191.20175,0.06599999999999984,4744.6717499999995,498.42975,2050.2135,221.664,554.8448186701429,2.0112242089598995,2231.8851492451226,1167.4755629004449,1911.929839349998,248.71476417606516,517.1155107490081,2.167402700892857,1834.600113635913,1129.9374063640873,1906.9052626835316,249.32908860119045,517.1155107490081,2.167402700892857,1834.600113635913,1129.9374063640873,1906.9052626835316,249.32908860119045
2026-02-06 15:00:00+00:00,1182.672,0.06599999999999984,4779.247,715.561,2152.9205,221.624,557.4708109954983,2.0112242089598995,2267.729279322152,1174.9448435952927,1914.6269501582776,248.71476417606516,517.1155107490081,2.167402700892857,1834.600113635913,1129.9374063640873,1906.9052626835316,249.32908860119045,517.1155107490081,2.167402700892857,1834.600113635913,1129.9374063640873,1906.9052626835316,249.32908860119045
2026-02-06 16:00:00+00:00,1043.71025,0.06599999999999984,4823.218500000001,1241.7795,2251.85,221.624,562.713370761323,2.0112242089598995,2304.3803067518957,1182.4141242901405,1918.3588169050365,248.71476417606516,517.1155107490081,2.167402700892857,1834.600113635913,1129.9374063640873,1906.9052626835316,249.32908860119045,517.1155107490081,2.167402700892857,1834.600113635913,1129.9374063640873,1906.9052626835316,249.32908860119045
2026-02-06 17:00:00+00:00,928.729,0.06599999999999984,4823.2785,1113.66325,2296.27,221.624,561.5874267122803,2.0112242089598995,2310.5574508735026,1189.8834049849886,1922.2161465170448,248.71476417606516,517.1155107490081,2.167402700892857,1834.600113635913,1129.9374063640873,1906.9052626835316,249.32908860119045,517.1155107490081,2.167402700892857,1834.600113635913,1129.9374063640873,1906.9052626835316,249.32908860119045
2026-02-06 18:00:00+00:00,929.5060000000001,0.06599999999999984,4803.6505,834.5260000000001,2278.784,221.624,556.8231662770858,2.0112242089598995,2270.1505278438835,1197.3526856798364,1925.2883009194254,248.71476417606516,517.1155107490081,2.167402700892857,1834.600113635913,1129.9374063640873,1906.9052626835316,249.32908860119045,517.1155107490081,2.167402700892857,1834.600113635913,1129.9374063640873,1906.9052626835316,249.32908860119045
2026-02-06 19:00:00+00:00,809.2950000000001,0.06599999999999984,4693.55425,433.5174999999999,2203.00425,221.624,548.2814974250225,2.0112242089598995,2190.5692735357916,1204.8219663746845,1927.927405564076,248.71476417606516,517.1155107490081,2.167402700892857,1834.600113635913,1129.9374063640873,1906.9052626835316,249.32908860119045,517.1155107490081,2.167402700892857,1834.600113635913,1129.9374063640873,1906.9052626835316,249.32908860119045
2026-02-06 20:00:00+00:00,801.957,0.06599999999999984,4599.24275,438.64324999999997,2104.705,224.59175,540.9616606739837,2.0112242089598995,2126.640324287085,1212.2912470695323,1931.4676977456124,248.71476417606516,517.1155107490081,2.167402700892857,1834.600113635913,1129.9374063640873,1906.9052626835316,249.32908860119045,517.1155107490081,2.167402700892857,1834.600113635913,1129.9374063640873,1906.9052626835316,249.32908860119045
2026-02-06 21:00:00+00:00,893.39,0.06599999999999984,4525.619500000001,433.1312499999999,2028.4655,225.581,541.0260252506171,2.0112242089598995,2069.2012896103556,1219.7605277643802,1934.952677092661,248.71476417606516,517.1155107490081,2.167402700892857,1834.600113635913,1129.9374063640873,1906.9052626835316,249.32908860119045,517.1155107490081,2.167402700892857,1834.600113635913,1129.9374063640873,1906.9052626835316,249.32908860119045
2026-02-06 22:00:00+00:00,960.40175,0.06599999999999984,3860.581,422.19875,1988.93275,229.181,536.4581478160962,2.0112242089598995,1993.618071569742,1227.229808459228,1938.4241648690847,248.71476417606516,517.1155107490081,2.167402700892857,1834.600113635913,1129.9374063640873,1906.9052626835316,249.32908860119045,517.1155107490081,2.167402700892857,1834.600113635913,1129.9374063640873,1906.9052626835316,249.32908860119045
2026-02-06 23:00:00+00:00,926.50425,0.06599999999999984,3677.3732499999996,412.77599999999995,1944.1925,205.325,529.7317525179951,2.0112242089598995,1920.4084256387487,1234.699089154076,1941.4248218652954,248.71476417606516,517.1155107490081,2.167402700892857,1834.600113635913,1129.9374063640873,1906.9052626835316,249.32908860119045,517.1155107490081,2.167402700892857,1834.600113635913,1129.9374063640873,1906.9052626835316,249.32908860119045
2026-02-07 00:00:00+00:00,924.783,0.06599999999999984,3607.55575,404.46849999999995,1936.3754999999999,200.815,514.7952823452217,2.2422809132205512,1838.5064258718496,1055.719123085125,1880.0932555202637,249.29383969298246,517.1155107490081,2.167402700892857,1834.600113635913,1129.9374063640873,1906.9052626835316,249.32908860119045,517.1155107490081,2.167402700892857,1834.600113635913,1129.9374063640873,1906.9052626835316,249.32908860119045
2026-02-07 01:00:00+00:00,933.4300000000001,0.06599999999999984,3558.7875,416.4480000000001,1925.718,201.567,512.3137491498974,2.2422809132205512,1834.471896611764,1063.1558007016013,1883.147871071513,249.29383969298246,517.1155107490081,2.167402700892857,1834.600113635913,1129.9374063640873,1906.9052626835316,249.32908860119045,517.1155107490081,2.167402700892857,1834.600113635913,1129.9374063640873,1906.9052626835316,249.32908860119045
2026-02-07 02:00:00+00:00,928.6915,0.06599999999999984,3541.872,415.01225,1918.74675,200.261,512.1696814702291,2.2422809132205512,1838.4470529539608,1070.5924783180776,1886.4457393830735,249.29383969298246,517.1155107490081,2.167402700892857,1834.600113635913,1129.9374063640873,1906.9052626835316,249.32908860119045,517.1155107490081,2.167402700892857,1834.600113635913,1129.9374063640873,1906.9052626835316,249.32908860119045
2026-02-07 03:00:00+00:00,928.2565,0.06599999999999984,3553.41975,402.1379999999999,1933.5185,197.887,512.4100593841434,2.2422809132205512,1860.710335426728,1078.029155934554,1889.6854839950768,249.29383969298246,517.1155107490081,2.167402700892857,1834.600113635913,1129.9374063640873,1906.9052626835316,249.32908860119045,517.1155107490081,2.167402700892857,1834.600113635913,1129.9374063640873,1906.9052626835316,249.32908860119045
2026-02-07 04:00:00+00:00,947.4082500000001,0.06599999999999984,3524.4182499999997,398.2102500000001,1965.4027500000002,198.87625,516.2182601030008,2.2422809132205512,1877.3680861000696,1085.4658335510303,1892.7171389730497,249.29383969298246,517.1155107490081,2.167402700892857,1834.600113635913,1129.9374063640873,1906.9052626835316,249.32908860119045,517.1155107490081,2.167402700892857,1834.600113635913,1129.9374063640873,1906.9052626835316,249.32908860119045
2026-02-07 05:00:00+00:00,927.62175,0.06599999999999984,3654.7365,403.8902499999999,2075.9314999999997,194.92000000000002,522.7431490173977,2.2422809132205512,1921.00042106383,1092.9025111675066,1895.9920471561643,249.29383969298246,517.1155107490081,2.167402700892857,1834.600113635913,1129.9374063640873,1906.9052626835316,249.32908860119045,517.1155107490081,2.167402700892857,1834.600113635913,1129.9374063640873,1906.9052626835316,249.32908860119045
2026-02-07 06:00:00+00:00,955.05075,0.06599999999999984,3689.2455,408.05774999999994,2210.06025,193.931,531.38490656933,2.2422809132205512,1967.7283421736283,1100.3391887839832,1897.5813584611055,249.29383969298246,517.1155107490081,2.167402700892857,1834.600113635913,1129.9374063640873,1906.9052626835316,249.32908860119045,517.1155107490081,2.167402700892857,1834.600113635913,1129.9374063640873,1906.9052626835316,249.32908860119045
2026-02-07 07:00:00+00:00,1000.7507499999999,0.06599999999999984,3843.7577499999998,442.4235,2259.346,193.931,538.0102598974556,2.2422809132205512,2011.6012026860035,1107.7758664004596,1900.6589341408007,249.29383969298246,517.1155107490081,2.167402700892857,1834.600113635913,1129.9374063640873,1906.9052626835316,249.32908860119045,517.1155107490081,2.167402700892857,1834.600113635913,1129.9374063640873,1906.9052626835316,249.32908860119045
2026-02-07 08:00:00+00:00,1001.6715,0.06599999999999984,3790.845,475.6424999999999,2232.21075,193.931,540.3327680479888,2.2422809132205512,1987.5764600718771,1115.212544016936,1902.1671610634248,249.29383969298246,517.1155107490081,2.167402700892857,1834.600113635913,1129.9374063640873,1906.9052626835316,249.32908860119045,517.1155107490081,2.167402700892857,1834.600113635913,1129.9374063640873,1906.9052626835316,249.32908860119045
2026-02-07 09:00:00+00:00,988.649,0.06599999999999984,3689.83075,499.47575000000006,2163.07725,196.938,537.8617388950918,2.2422809132205512,1929.232170501523,1122.6492216334123,1903.5024624192536,249.29383969298246,517.1155107490081,2.167402700892857,1834.600113635913,1129.9374063640873,1906.9052626835316,249.32908860119045,517.1155107490081,2.167402700892857,1834.600113635913,1129.9374063640873,1906.9052626835316,249.32908860119045
2026-02-07 10:00:00+00:00,946.1152500000001,0.06599999999999984,3644.34525,519.37175,2105.24525,197.927,537.7318842973406,2.2422809132205512,1856.3726933913479,1130.0858992498886,1904.759571842304,249.29383969298246,517.1155107490081,2.167402700892857,1834.600113635913,1129.9374063640873,1906.9052626835316,249.32908860119045,517.1155107490081,2.167402700892857,1834.600113635913,1129.9374063640873,1906.9052626835316,249.32908860119045
2026-02-07 11:00:00+00:00,923.23975,0.06599999999999984,3653.14225,509.55025,2040.43075,197.967,538.2067443047495,2.2422809132205512,1805.860509822967,1137.522576866365,1905.7475757011948,249.29383969298246,517.1155107490081,2.167402700892857,1834.600113635913,1129.9374063640873,1906.9052626835316,249.32908860119045,517.1155107490081,2.167402700892857,1834.600113635913,1129.9374063640873,1906.9052626835316,249.32908860119045
2026-02-07 12:00:00+00:00,874.671,0.06599999999999984,3647.33425,516.68625,2033.87675,197.967,538.9298377389407,2.2422809132205512,1776.3155662633735,1144.9592544828413,1907.0613624604546,249.29383969298246,517.1155107490081,2.167402700892857,1834.600113635913,1129.9374063640873,1906.9052626835316,249.32908860119045,517.1155107490081,2.167402700892857,1834.600113635913,1129.9374063640873,1906.9052626835316,249.32908860119045
2026-02-07 13:00:00+00:00,890.5409999999999,0.06599999999999984,3657.5607499999996,491.10775,2043.4825,198.52,540.6497036540632,2.2422809132205512,1813.4919011716538,1152.3959320993179,1909.6251332846577,249.29383969298246,517.1155107490081,2.167402700892857,1834.600113635913,1129.9374063640873,1906.9052626835316,249.32908860119045,517.1155107490081,2.167402700892857,1834.600113635913,1129.9374063640873,1906.9052626835316,249.32908860119045
2026-02-07 14:00:00+00:00,972.72425,0.06599999999999984,3804.684,469.44325000000003,2089.18275,198.243,546.4586209546519,2.2422809132205512,1910.4385878556286,1159.8326097157942,1912.516132818264,249.29383969298246,517.1155107490081,2.167402700892857,1834.600113635913,1129.9374063640873,1906.9052626835316,249.32908860119045,517.1155107490081,2.167402700892857,1834.600113635913,1129.9374063640873,1906.9052626835316,249.32908860119045
2026-02-07 15:00:00+00:00,1006.0922500000001,0.06599999999999984,3831.529,462.29475,2203.85,197.927,550.9410821976468,2.2422809132205512,2056.1619305278896,1167.2692873322706,1916.1842594771958,249.29383969298246,517.1155107490081,2.167402700892857,1834.600113635913,1129.9374063640873,1906.9052626835316,249.32908860119045,517.1155107490081,2.167402700892857,1834.600113635913,1129.9374063640873,1906.9052626835316,249.32908860119045
2026-02-07 16:00:00+00:00,1027.37025,0.06599999999999984,3901.67475,832.3182500000001,2278.47075,197.927,554.6013403258951,2.2422809132205512,2186.8649445763663,1174.705964948747,1920.9567425251707,249.29383969298246,517.1155107490081,2.167402700892857,1834.600113635913,1129.9374063640873,1906.9052626835316,249.32908860119045,517.1155107490081,2.167402700892857,1834.600113635913,1129.9374063640873,1906.9052626835316,249.32908860119045
2026-02-07 17:00:00+00:00,1015.90075,0.06599999999999984,3908.92075,904.221,2289.9845,197.887,551.9657174492895,2.2422809132205512,2239.5203973612793,1182.1426425652232,1925.5333398779046,249.29383969298246,517.1155107490081,2.167402700892857,1834.600113635913,1129.9374063640873,1906.9052626835316,249.32908860119045,517.1155107490081,2.167402700892857,1834.600113635913,1129.9374063640873,1906.9052626835316,249.32908860119045
2026-02-07 18:00:00+00:00,1016.3602500000001,0.06599999999999984,3880.8025,650.96,2257.0975,197.887,544.9820890551842,2.2422809132205512,2208.3619215332274,1189.5793201816996,1927.4635315801706,249.29383969298246,517.1155107490081,2.167402700892857,1834.600113635913,1129.9374063640873,1906.9052626835316,249.32908860119045,517.1155107490081,2.167402700892857,1834.600113635913,1129.9374063640873,1906.9052626835316,249.32908860119045
2026-02-07 19:00:00+00:00,988.056,0.06599999999999984,3862.603,433.92324999999994,2175.03575,197.887,537.0230766177191,2.2422809132205512,2133.8278016898653,1197.0159977981762,1931.3182335537208,249.29383969298246,517.1155107490081,2.167402700892857,1834.600113635913,1129.9374063640873,1906.9052626835316,249.32908860119045,517.1155107490081,2.167402700892857,1834.600113635913,1129.9374063640873,1906.9052626835316,249.32908860119045
2026-02-07 20:00:00+00:00,941.4594999999999,0.06599999999999984,3782.7045,431.3097499999999,2087.00975,197.967,532.4163446887318,2.2422809132205512,2077.214114765328,1204.4526754146525,1934.2092336416408,249.29383969298246,517.1155107490081,2.167402700892857,1834.600113635913,1129.9374063640873,1906.9052626835316,249.32908860119045,517.1155107490081,2.167402700892857,1834.600113635913,1129.9374063640873,1906.9052626835316,249.32908860119045
2026-02-07 21:00:00+00:00,936.1255,0.06599999999999984,3562.8095000000003,427.1334999999999,2025.5900000000001,205.00875,530.5806214598587,2.2422809132205512,2035.2709335313612,1211.8893530311288,1938.2749180341073,249.29383969298246,517.1155107490081,2.167402700892857,1834.600113635913,1129.9374063640873,1906.9052626835316,249.32908860119045,517.1155107490081,2.167402700892857,1834.600113635913,1129.9374063640873,1906.9052626835316,249.32908860119045
2026-02-07 22:00:00+00:00,951.6587499999998,0.06599999999999984,3400.00225,413.98225,1989.40175,201.844,525.721772831557,2.2422809132205512,1985.094813834227,1219.3260306476052,1943.0380905628808,249.29383969298246,517.1155107490081,2.167402700892857,1834.600113635913,1129.9374063640873,1906.9052626835316,249.32908860119045,517.1155107490081,2.167402700892857,1834.600113635913,1129.9374063640873,1906.9052626835316,249.32908860119045
2026-02-07 23:00:00+00:00,946.34525,0.06599999999999984,3369.763,394.17824999999993,1936.76925,207.897,520.7794977757856,2.2422809132205512,1939.0107662194682,1226.7627082640815,1946.3467159939532,249.29383969298246,517.1155107490081,2.167402700892857,1834.600113635913,1129.9374063640873,1906.9052626835316,249.32908860119045,517.1155107490081,2.167402700892857,1834.600113635913,1129.9374063640873,1906.9052626835316,249.32908860119045
2026-02-08 00:00:00+00:00,945.829,0.06599999999999984,3323.9365,379.8064999999999,1915.16125,205.048,504.19148296854246,2.2422809132205512,1828.5028162967049,1055.719123085125,1884.1511809225585,249.29383969298246,517.1155107490081,2.167402700892857,1834.600113635913,1129.9374063640873,1906.9052626835316,249.32908860119045,517.1155107490081,2.167402700892857,1834.600113635913,1129.9374063640873,1906.9052626835316,249.32908860119045
2026-02-08 01:00:00+00:00,945.212,0.06599999999999984,3504.75225,377.35175000000004,1911.27775,205.721,500.95746409117936,2.2422809132205512,1824.1333756497122,1063.1558007016013,1886.1366034937525,249.29383969298246,517.1155107490081,2.167402700892857,1834.600113635913,1129.9374063640873,1906.9052626835316,249.32908860119045,517.1155107490081,2.167402700892857,1834.600113635913,1129.9374063640873,1906.9052626835316,249.32908860119045
2026-02-08 02:00:00+00:00,943.27575,0.06599999999999984,3558.3105,365.8354999999999,1906.66975,204.415,498.36274447105734,2.2422809132205512,1826.435319711837,1070.5924783180776,1888.447809831431,249.29383969298246,517.1155107490081,2.167402700892857,1834.600113635913,1129.9374063640873,1906.9052626835316,249.32908860119045,517.1155107490081,2.167402700892857,1834.600113635913,1129.9374063640873,1906.9052626835316,249.32908860119045
2026-02-08 03:00:00+00:00,940.8665,0.06599999999999984,3462.3245,370.45550000000003,1918.84275,202.081,496.9860206124285,2.2422809132205512,1846.5117635543972,1078.029155934554,1891.013026187511,249.29383969298246,517.1155107490081,2.167402700892857,1834.600113635913,1129.9374063640873,1906.9052626835316,249.32908860119045,517.1155107490081,2.167402700892857,1834.600113635913,1129.9374063640873,1906.9052626835316,249.32908860119045
2026-02-08 04:00:00+00:00,926.86675,0.06599999999999984,3479.38125,382.0775,1948.6295,198.83700000000002,497.1506469904032,2.2422809132205512,1846.8493149646117,1085.4658335510303,1893.6256097763348,249.29383969298246,517.1155107490081,2.167402700892857,1834.600113635913,1129.9374063640873,1906.9052626835316,249.32908860119045,517.1155107490081,2.167402700892857,1834.600113635913,1129.9374063640873,1906.9052626835316,249.32908860119045
2026-02-08 05:00:00+00:00,935.86275,0.06599999999999984,3483.8525,374.438,2063.06025,197.848,499.25855993178703,2.2422809132205512,1854.2725317029367,1092.9025111675066,1896.2611535226997,249.29383969298246,517.1155107490081,2.167402700892857,1834.600113635913,1129.9374063640873,1906.9052626835316,249.32908860119045,517.1155107490081,2.167402700892857,1834.600113635913,1129.9374063640873,1906.9052626835316,249.32908860119045
2026-02-08 06:00:00+00:00,941.32375,0.06599999999999984,3385.0225,365.105,2185.6625,197.848,502.39987069419436,2.2422809132205512,1893.3679596978004,1100.3391887839832,1898.4424619221636,249.29383969298246,517.1155107490081,2.167402700892857,1834.600113635913,1129.9374063640873,1906.9052626835316,249.32908860119045,517.1155107490081,2.167402700892857,1834.600113635913,1129.9374063640873,1906.9052626835316,249.32908860119045
2026-02-08 07:00:00+00:00,943.84575,0.06599999999999984,3593.014,356.93100000000004,2232.3125,197.848,504.03166418920523,2.2422809132205512,1922.2535669102888,1107.7758664004596,1901.0550455109874,249.29383969298246,517.1155107490081,2.167402700892857,1834.600113635913,1129.9374063640873,1906.9052626835316,249.32908860119045,517.1155107490081,2.167402700892857,1834.600113635913,1129.9374063640873,1906.9052626835316,249.32908860119045
2026-02-08 08:00:00+00:00,946.0740000000001,0.06599999999999984,3578.55325,361.62649999999996,2194.1815,197.848,502.23567148737834,2.2422809132205512,1930.3959383747535,1115.212544016936,1902.993100843888,249.29383969298246,517.1155107490081,2.167402700892857,1834.600113635913,1129.9374063640873,1906.9052626835316,249.32908860119045,517.1155107490081,2.167402700892857,1834.600113635913,1129.9374063640873,1906.9052626835316,249.32908860119045
2026-02-08 09:00:00+00:00,937.4365,0.06599999999999984,3479.2675,384.875,2135.63375,200.85475,496.58507700845587,2.2422809132205512,1910.1474933571653,1122.6492216334123,1904.2731708402148,249.29383969298246,517.1155107490081,2.167402700892857,1834.600113635913,1129.9374063640873,1906.9052626835316,249.32908860119045,517.1155107490081,2.167402700892857,1834.600113635913,1129.9374063640873,1906.9052626835316,249.32908860119045
2026-02-08 10:00:00+00:00,926.71675,0.06599999999999984,3488.1975,440.76525000000004,2096.26575,201.844,496.44902977076146,2.2422809132205512,1902.2050652019784,1130.0858992498886,1906.0476113735833,249.29383969298246,517.1155107490081,2.167402700892857,1834.600113635913,1129.9374063640873,1906.9052626835316,249.32908860119045,517.1155107490081,2.167402700892857,1834.600113635913,1129.9374063640873,1906.9052626835316,249.32908860119045
2026-02-08 11:00:00+00:00,932.83975,0.06599999999999984,3492.87875,406.4984999999999,2037.22975,201.883,494.1954586362626,2.2422809132205512,1876.9400819190555,1137.522576866365,1907.6749792534886,249.29383969298246,517.1155107490081,2.167402700892857,1834.600113635913,1129.9374063640873,1906.9052626835316,249.32908860119045,517.1155107490081,2.167402700892857,1834.600113635913,1129.9374063640873,1906.9052626835316,249.32908860119045
2026-02-08 12:00:00+00:00,936.29125,0.06599999999999984,3502.6745,412.47875,2024.896,201.883,490.425790474938,2.2422809132205512,1855.3151893099878,1144.9592544828413,1910.963537074943,249.29383969298246,517.1155107490081,2.167402700892857,1834.600113635913,1129.9374063640873,1906.9052626835316,249.32908860119045,517.1155107490081,2.167402700892857,1834.600113635913,1129.9374063640873,1906.9052626835316,249.32908860119045
2026-02-08 13:00:00+00:00,938.18175,0.06599999999999984,3565.4215000000004,415.047,2043.4895000000001,202.2,492.5540684477437,2.2422809132205512,1862.6955364237322,1152.3959320993179,1912.8527789212353,249.29383969298246,517.1155107490081,2.167402700892857,1834.600113635913,1129.9374063640873,1906.9052626835316,249.32908860119045,517.1155107490081,2.167402700892857,1834.600113635913,1129.9374063640873,1906.9052626835316,249.32908860119045
2026-02-08 14:00:00+00:00,938.0360000000001,0.06599999999999984,3730.8955,427.24375,2104.04375,201.883,502.802532829925,2.2422809132205512,1915.2034280376176,1159.8326097157942,1915.2909903027594,249.29383969298246,517.1155107490081,2.167402700892857,1834.600113635913,1129.9374063640873,1906.9052626835316,249.32908860119045,517.1155107490081,2.167402700892857,1834.600113635913,1129.9374063640873,1906.9052626835316,249.32908860119045
2026-02-08 15:00:00+00:00,977.9355,0.06599999999999984,4203.477,443.9649999999999,2223.57875,201.844,517.9693290585684,2.2422809132205512,2022.4105110335972,1167.2692873322706,1918.0090651010412,249.29383969298246,517.1155107490081,2.167402700892857,1834.600113635913,1129.9374063640873,1906.9052626835316,249.32908860119045,517.1155107490081,2.167402700892857,1834.600113635913,1129.9374063640873,1906.9052626835316,249.32908860119045
2026-02-08 16:00:00+00:00,1036.04075,0.06599999999999984,4237.50375,503.8165,2296.31925,201.844,529.4328009082759,2.2422809132205512,2128.712367579467,1174.705964948747,1921.5394297642895,249.29383969298246,517.1155107490081,2.167402700892857,1834.600113635913,1129.9374063640873,1906.9052626835316,249.32908860119045,517.1155107490081,2.167402700892857,1834.600113635913,1129.9374063640873,1906.9052626835316,249.32908860119045
2026-02-08 17:00:00+00:00,1048.1605,0.06599999999999984,4242.6065,633.6107499999999,2308.2037499999997,205.167,531.0366572932097,2.2422809132205512,2182.7392328517417,1182.1426425652232,1925.3575213072568,249.29383969298246,517.1155107490081,2.167402700892857,1834.600113635913,1129.9374063640873,1906.9052626835316,249.32908860119045,517.1155107490081,2.167402700892857,1834.600113635913,1129.9374063640873,1906.9052626835316,249.32908860119045
2026-02-08 18:00:00+00:00,1033.584,0.06599999999999984,4213.74525,439.88750000000005,2280.48325,201.804,523.4294096173037,2.2422809132205512,2163.0300627293213,1189.5793201816996,1928.2958885697303,249.29383969298246,517.1155107490081,2.167402700892857,1834.600113635913,1129.9374063640873,1906.9052626835316,249.32908860119045,517.1155107490081,2.167402700892857,1834.600113635913,1129.9374063640873,1906.9052626835316,249.32908860119045
2026-02-08 19:00:00+00:00,953.40375,0.06599999999999984,4196.69225,392.53374999999994,2200.4480000000003,201.804,520.2641917402245,2.2422809132205512,2129.026119383631,1197.0159977981762,1932.104670009232,249.29383969298246,517.1155107490081,2.167402700892857,1834.600113635913,1129.9374063640873,1906.9052626835316,249.32908860119045,517.1155107490081,2.167402700892857,1834.600113635913,1129.9374063640873,1906.9052626835316,249.32908860119045
2026-02-08 20:00:00+00:00,934.9945,0.06599999999999984,4138.445,395.3364999999999,2116.56925,201.804,520.0784855922585,2.2422809132205512,2104.8177088619977,1204.4526754146525,1935.9364118543363,249.29383969298246,517.1155107490081,2.167402700892857,1834.600113635913,1129.9374063640873,1906.9052626835316,249.32908860119045,517.1155107490081,2.167402700892857,1834.600113635913,1129.9374063640873,1906.9052626835316,249.32908860119045
2026-02-08 21:00:00+00:00,933.39575,0.06599999999999984,3941.8197499999997,396.7752499999999,2055.42775,201.764,520.2841895039866,2.2422809132205512,2068.3703092935866,1211.8893530311288,1939.3505283417408,249.29383969298246,517.1155107490081,2.167402700892857,1834.600113635913,1129.9374063640873,1906.9052626835316,249.32908860119045,517.1155107490081,2.167402700892857,1834.600113635913,1129.9374063640873,1906.9052626835316,249.32908860119045
2026-02-08 22:00:00+00:00,945.0717500000001,0.06599999999999984,3859.6102499999997,375.0715,2004.618,201.764,518.5874344492478,2.2422809132205512,2007.8172333838181,1219.3260306476052,1941.915744643079,249.29383969298246,517.1155107490081,2.167402700892857,1834.600113635913,1129.9374063640873,1906.9052626835316,249.32908860119045,517.1155107490081,2.167402700892857,1834.600113635913,1129.9374063640873,1906.9052626835316,249.32908860119045
2026-02-08 23:00:00+00:00,944.72025,0.06599999999999984,4023.6802499999994,371.97675000000004,1960.14275,211.932,520.6207034842525,2.2422809132205512,1957.4830471017688,1226.7627082640815,1944.875625728841,249.29383969298246,517.1155107490081,2.167402700892857,1834.600113635913,1129.9374063640873,1906.9052626835316,249.32908860119045,517.1155107490081,2.167402700892857,1834.600113635913,1129.9374063640873,1906.9052626835316,249.32908860119045
2026-02-09 00:00:00+00:00,944.238,0.06599999999999984,3955.31225,374.23825,1951.0425,209.677,509.66914902454107,2.2422809132205512,1850.4784673772995,1055.719123085125,1883.0654451506334,249.29383969298246,517.1155107490081,2.167402700892857,1834.600113635913,1129.9374063640873,1906.9052626835316,249.32908860119045,517.1155107490081,2.167402700892857,1834.600113635913,1129.9374063640873,1906.9052626835316,249.32908860119045
2026-02-09 01:00:00+00:00,954.192,0.06599999999999984,3911.50525,373.51199999999994,1943.43125,210.666,510.9973104141988,2.2422809132205512,1848.0152477839486,1063.1558007016013,1885.9320386338277,249.29383969298246,517.1155107490081,2.167402700892857,1834.600113635913,1129.9374063640873,1906.9052626835316,249.32908860119045,517.1155107490081,2.167402700892857,1834.600113635913,1129.9374063640873,1906.9052626835316,249.32908860119045
2026-02-09 02:00:00+00:00,945.3865,0.06599999999999984,3930.27125,394.948,1939.3175,209.677,514.8416472945174,2.2422809132205512,1850.2081702027726,1070.5924783180776,1888.7297511191803,249.29383969298246,517.1155107490081,2.167402700892857,1834.600113635913,1129.9374063640873,1906.9052626835316,249.32908860119045,517.1155107490081,2.167402700892857,1834.600113635913,1129.9374063640873,1906.9052626835316,249.32908860119045
2026-02-09 03:00:00+00:00,945.7017500000001,0.06599999999999984,4024.1097499999996,379.34574999999995,1945.32925,203.74225,520.0522268921288,2.2422809132205512,1877.0120108504595,1078.029155934554,1891.5045033084134,249.29383969298246,517.1155107490081,2.167402700892857,1834.600113635913,1129.9374063640873,1906.9052626835316,249.32908860119045,517.1155107490081,2.167402700892857,1834.600113635913,1129.9374063640873,1906.9052626835316,249.32908860119045
2026-02-09 04:00:00+00:00,950.405,0.06599999999999984,4387.61525,374.18475,1979.0155,201.764,531.2951308448796,2.2422809132205512,1970.898100137425,1085.4658335510303,1894.360339909059,249.29383969298246,517.1155107490081,2.167402700892857,1834.600113635913,1129.9374063640873,1906.9052626835316,249.32908860119045,517.1155107490081,2.167402700892857,1834.600113635913,1129.9374063640873,1906.9052626835316,249.32908860119045
2026-02-09 05:00:00+00:00,1033.17775,0.06599999999999984,4721.0545,707.1717500000001,2088.3705,198.797,549.9852137200775,2.2422809132205512,2158.2872594419214,1092.9025111675066,1897.2054194047398,249.29383969298246,517.1155107490081,2.167402700892857,1834.600113635913,1129.9374063640873,1906.9052626835316,249.32908860119045,517.1155107490081,2.167402700892857,1834.600113635913,1129.9374063640873,1906.9052626835316,249.32908860119045
2026-02-09 06:00:00+00:00,1171.66825,0.06599999999999984,4771.99925,1676.21425,2203.8985000000002,202.121,562.9726170724841,2.2422809132205512,2276.3092329933074,1100.3391887839832,1899.493665515588,249.29383969298246,517.1155107490081,2.167402700892857,1834.600113635913,1129.9374063640873,1906.9052626835316,249.32908860119045,517.1155107490081,2.167402700892857,1834.600113635913,1129.9374063640873,1906.9052626835316,249.32908860119045
2026-02-09 07:00:00+00:00,1173.45525,0.06599999999999984,4799.95275,1618.94425,2264.53325,202.16,565.7426730905346,2.2422809132205512,2311.6912186297936,1107.7758664004596,1902.2224970578404,249.29383969298246,517.1155107490081,2.167402700892857,1834.600113635913,1129.9374063640873,1906.9052626835316,249.32908860119045,517.1155107490081,2.167402700892857,1834.600113635913,1129.9374063640873,1906.9052626835316,249.32908860119045
2026-02-09 08:00:00+00:00,1173.06275,0.06599999999999984,4774.769000000001,1054.7025,2244.638,202.16,563.1174083814011,2.2422809132205512,2262.107880246432,1115.212544016936,1904.6729118238397,249.29383969298246,517.1155107490081,2.167402700892857,1834.600113635913,1129.9374063640873,1906.9052626835316,249.32908860119045,517.1155107490081,2.167402700892857,1834.600113635913,1129.9374063640873,1906.9052626835316,249.32908860119045
2026-02-09 09:00:00+00:00,1165.036,0.06599999999999984,4820.358249999999,959.2717500000001,2196.468,208.134,560.0737440119267,2.2422809132205512,2175.322849966674,1122.6492216334123,1907.0436888480265,249.29383969298246,517.1155107490081,2.167402700892857,1834.600113635913,1129.9374063640873,1906.9052626835316,249.32908860119045,517.1155107490081,2.167402700892857,1834.600113635913,1129.9374063640873,1906.9052626835316,249.32908860119045
2026-02-09 10:00:00+00:00,1157.2015000000001,0.06599999999999984,4793.993,384.14924999999994,2152.2165,205.8,556.5587201962643,2.2422809132205512,2088.026097004086,1130.0858992498886,1908.856185679202,249.29383969298246,517.1155107490081,2.167402700892857,1834.600113635913,1129.9374063640873,1906.9052626835316,249.32908860119045,517.1155107490081,2.167402700892857,1834.600113635913,1129.9374063640873,1906.9052626835316,249.32908860119045
2026-02-09 11:00:00+00:00,1166.48375,0.06599999999999984,4847.797,480.3515,2072.354,205.8,557.3085659656435,2.2422809132205512,2069.9389240272876,1137.522576866365,1910.6364118336355,249.29383969298246,517.1155107490081,2.167402700892857,1834.600113635913,1129.9374063640873,1906.9052626835316,249.32908860119045,517.1155107490081,2.167402700892857,1834.600113635913,1129.9374063640873,1906.9052626835316,249.32908860119045
2026-02-09 12:00:00+00:00,1179.21575,0.06599999999999984,4847.850000000001,626.3085000000001,2046.07425,210.152,560.6935529207744,2.2422809132205512,2067.315345911365,1144.9592544828413,1912.9261041983482,249.29383969298246,517.1155107490081,2.167402700892857,1834.600113635913,1129.9374063640873,1906.9052626835316,249.32908860119045,517.1155107490081,2.167402700892857,1834.600113635913,1129.9374063640873,1906.9052626835316,249.32908860119045
2026-02-09 13:00:00+00:00,1160.40425,0.06599999999999984,4858.9035,771.2575,2046.98425,210.072,565.2295286238665,2.2422809132205512,2108.0035826040416,1152.3959320993179,1914.6941270777895,249.29383969298246,517.1155107490081,2.167402700892857,1834.600113635913,1129.9374063640873,1906.9052626835316,249.32908860119045,517.1155107490081,2.167402700892857,1834.600113635913,1129.9374063640873,1906.9052626835316,249.32908860119045
2026-02-09 14:00:00+00:00,1142.586,22.1115,4863.38,733.37125,2088.662,219.053,570.3633130202749,2.2422809132205512,2184.446406570324,1159.8326097157942,1916.9960228269777,249.29383969298246,517.1155107490081,2.167402700892857,1834.600113635913,1129.9374063640873,1906.9052626835316,249.32908860119045,517.1155107490081,2.167402700892857,1834.600113635913,1129.9374063640873,1906.9052626835316,249.32908860119045
2026-02-09 15:00:00+00:00,975.8835,117.271,4880.995500000001,925.8435000000001,2203.274,226.332,573.1264767545027,2.2422809132205512,2231.9785278886116,1167.2692873322706,1919.8748200265459,249.29383969298246,517.1155107490081,2.167402700892857,1834.600113635913,1129.9374063640873,1906.9052626835316,249.32908860119045,517.1155107490081,2.167402700892857,1834.600113635913,1129.9374063640873,1906.9052626835316,249.32908860119045
2026-02-09 16:00:00+00:00,965.988,115.64075,4908.1942500000005,1224.16275,2279.406,226.332,574.1085554136822,2.2422809132205512,2291.4330548261937,1174.705964948747,1923.7036685906407,249.29383969298246,517.1155107490081,2.167402700892857,1834.600113635913,1129.9374063640873,1906.9052626835316,249.32908860119045,517.1155107490081,2.167402700892857,1834.600113635913,1129.9374063640873,1906.9052626835316,249.32908860119045
2026-02-09 17:00:00+00:00,1110.60475,115.674,4909.5245,1179.083,2292.62175,225.937,570.3168427793096,2.2422809132205512,2322.877833264374,1182.1426425652232,1927.8353409770966,249.29383969298246,517.1155107490081,2.167402700892857,1834.600113635913,1129.9374063640873,1906.9052626835316,249.32908860119045,517.1155107490081,2.167402700892857,1834.600113635913,1129.9374063640873,1906.9052626835316,249.32908860119045
2026-02-09 18:00:00+00:00,1161.2952500000001,115.34724999999999,4885.477,826.9637500000001,2238.7065,217.47,565.7695589031191,2.2422809132205512,2304.399774776101,1189.5793201816996,1930.5778223253624,249.29383969298246,517.1155107490081,2.167402700892857,1834.600113635913,1129.9374063640873,1906.9052626835316,249.32908860119045,517.1155107490081,2.167402700892857,1834.600113635913,1129.9374063640873,1906.9052626835316,249.32908860119045
2026-02-09 19:00:00+00:00,1146.36575,21.094749999999998,4868.5475000000015,525.20725,2142.52875,214.46375,561.7451203269675,2.2422809132205512,2217.529223716273,1197.0159977981762,1934.2825591377202,249.29383969298246,517.1155107490081,2.167402700892857,1834.600113635913,1129.9374063640873,1906.9052626835316,249.32908860119045,517.1155107490081,2.167402700892857,1834.600113635913,1129.9374063640873,1906.9052626835316,249.32908860119045
2026-02-09 20:00:00+00:00,1145.0085,0.06599999999999984,4855.250750000001,453.09349999999995,2068.822,210.666,558.0915491198193,2.2422809132205512,2159.6317577696136,1204.4526754146525,1938.231995299601,249.29383969298246,517.1155107490081,2.167402700892857,1834.600113635913,1129.9374063640873,1906.9052626835316,249.32908860119045,517.1155107490081,2.167402700892857,1834.600113635913,1129.9374063640873,1906.9052626835316,249.32908860119045
2026-02-09 21:00:00+00:00,1147.41325,0.06599999999999984,4832.15075,486.0245,2017.34625,209.677,556.1611076915538,2.2422809132205512,2089.3870369834844,1211.8893530311288,1942.1355107195654,249.29383969298246,517.1155107490081,2.167402700892857,1834.600113635913,1129.9374063640873,1906.9052626835316,249.32908860119045,517.1155107490081,2.167402700892857,1834.600113635913,1129.9374063640873,1906.9052626835316,249.32908860119045
2026-02-09 22:00:00+00:00,987.19875,0.06599999999999984,4819.9445000000005,534.331,1976.8605,210.626,551.1792445369341,2.2422809132205512,2006.613069886298,1219.3260306476052,1945.6995926016764,249.29383969298246,517.1155107490081,2.167402700892857,1834.600113635913,1129.9374063640873,1906.9052626835316,249.32908860119045,517.1155107490081,2.167402700892857,1834.600113635913,1129.9374063640873,1906.9052626835316,249.32908860119045
2026-02-09 23:00:00+00:00,957.8987500000001,0.06599999999999984,4491.6345,547.6145,1930.98475,247.26,545.9203823923023,2.2422809132205512,1941.3502375519067,1226.7627082640815,1948.635067027971,249.29383969298246,517.1155107490081,2.167402700892857,1834.600113635913,1129.9374063640873,1906.9052626835316,249.32908860119045,517.1155107490081,2.167402700892857,1834.600113635913,1129.9374063640873,1906.9052626835316,249.32908860119045
2026-02-10 00:00:00+00:00,947.83,0.06599999999999984,4454.3595000000005,555.4934999999999,1919.7730000000001,247.181,531.5386461802581,2.2422809132205512,1815.3019993304936,1055.719123085125,1885.6193780798844,249.29383969298246,517.1155107490081,2.167402700892857,1834.600113635913,1129.9374063640873,1906.9052626835316,249.32908860119045,517.1155107490081,2.167402700892857,1834.600113635913,1129.9374063640873,1906.9052626835316,249.32908860119045
2026-02-10 01:00:00+00:00,948.53675,0.06599999999999984,4455.14775,569.00225,1908.4755,246.786,530.5837017505957,2.2422809132205512,1793.170851200989,1063.1558007016013,1888.5196888255841,249.29383969298246,517.1155107490081,2.167402700892857,1834.600113635913,1129.9374063640873,1906.9052626835316,249.32908860119045,517.1155107490081,2.167402700892857,1834.600113635913,1129.9374063640873,1906.9052626835316,249.32908860119045
2026-02-10 02:00:00+00:00,949.39325,0.06599999999999984,4361.969,546.58475,1906.5082499999999,245.361,530.4291317401938,2.2422809132205512,1802.0138134073982,1070.5924783180776,1892.1224589160581,249.29383969298246,517.1155107490081,2.167402700892857,1834.600113635913,1129.9374063640873,1906.9052626835316,249.32908860119045,517.1155107490081,2.167402700892857,1834.600113635913,1129.9374063640873,1906.9052626835316,249.32908860119045
2026-02-10 03:00:00+00:00,945.33925,0.06599999999999984,4382.95375,554.50775,1915.62425,245.243,533.6793430246099,2.2422809132205512,1808.644884797133,1078.029155934554,1895.4052309504982,249.29383969298246,517.1155107490081,2.167402700892857,1834.600113635913,1129.9374063640873,1906.9052626835316,249.32908860119045,517.1155107490081,2.167402700892857,1834.600113635913,1129.9374063640873,1906.9052626835316,249.32908860119045
2026-02-10 04:00:00+00:00,947.40125,0.06599999999999984,4400.75825,549.77825,1936.55375,245.243,538.9915153852678,2.2422809132205512,1863.3826643270702,1085.4658335510303,1898.423236151553,249.29383969298246,517.1155107490081,2.167402700892857,1834.600113635913,1129.9374063640873,1906.9052626835316,249.32908860119045,517.1155107490081,2.167402700892857,1834.600113635913,1129.9374063640873,1906.9052626835316,249.32908860119045
2026-02-10 05:00:00+00:00,922.32525,0.06599999999999984,4485.009,754.62225,2000.173,244.44125,551.4427511214308,2.2422809132205512,2016.1720393374494,1092.9025111675066,1901.2790727521983,249.29383969298246,517.1155107490081,2.167402700892857,1834.600113635913,1129.9374063640873,1906.9052626835316,249.32908860119045,517.1155107490081,2.167402700892857,1834.600113635913,1129.9374063640873,1906.9052626835316,249.32908860119045
2026-02-10 06:00:00+00:00,1027.74125,0.06599999999999984,4486.09425,1018.4545,2093.92625,250.2375,558.655179271793,2.2422809132205512,2128.2713425688207,1100.3391887839832,1903.916063055231,249.29383969298246,517.1155107490081,2.167402700892857,1834.600113635913,1129.9374063640873,1906.9052626835316,249.32908860119045,517.1155107490081,2.167402700892857,1834.600113635913,1129.9374063640873,1906.9052626835316,249.32908860119045
2026-02-10 07:00:00+00:00,1173.62475,0.06599999999999984,4477.557,1002.6375,2148.26075,256.775,555.4502858121575,2.2422809132205512,2140.2629007778182,1107.7758664004596,1906.7259788703172,249.29383969298246,517.1155107490081,2.167402700892857,1834.600113635913,1129.9374063640873,1906.9052626835316,249.32908860119045,517.1155107490081,2.167402700892857,1834.600113635913,1129.9374063640873,1906.9052626835316,249.32908860119045
2026-02-10 08:00:00+00:00,1183.8535000000002,0.06599999999999984,4470.76925,556.331,2149.81925,249.13975,544.9825179535808,2.2422809132205512,2118.220833009927,1115.212544016936,1907.3710241144456,249.29383969298246,517.1155107490081,2.167402700892857,1834.600113635913,1129.9374063640873,1906.9052626835316,249.32908860119045,517.1155107490081,2.167402700892857,1834.600113635913,1129.9374063640873,1906.9052626835316,249.32908860119045
2026-02-10 09:00:00+00:00,1172.454,0.06599999999999984,4471.171249999999,540.43425,2113.70875,233.53224999999998,534.2184435131059,2.2422809132205512,2099.9604314087887,1122.6492216334123,1906.6670131238848,249.29383969298246,517.1155107490081,2.167402700892857,1834.600113635913,1129.9374063640873,1906.9052626835316,249.32908860119045,517.1155107490081,2.167402700892857,1834.600113635913,1129.9374063640873,1906.9052626835316,249.32908860119045
2026-02-10 10:00:00+00:00,1090.9975,0.06599999999999984,4515.023999999999,544.0090000000001,2070.8365000000003,228.24124999999998,522.9983556927932,2.2422809132205512,2112.4779960941487,1130.0858992498886,1906.3332602437324,249.29383969298246,517.1155107490081,2.167402700892857,1834.600113635913,1129.9374063640873,1906.9052626835316,249.32908860119045,517.1155107490081,2.167402700892857,1834.600113635913,1129.9374063640873,1906.9052626835316,249.32908860119045
2026-02-10 11:00:00+00:00,1030.81475,0.06599999999999984,4552.24175,546.61275,2013.60525,230.724,515.040858025981,2.2422809132205512,2143.202799860946,1137.522576866365,1906.4322286682261,249.29383969298246,517.1155107490081,2.167402700892857,1834.600113635913,1129.9374063640873,1906.9052626835316,249.32908860119045,517.1155107490081,2.167402700892857,1834.600113635913,1129.9374063640873,1906.9052626835316,249.32908860119045
2026-02-10 12:00:00+00:00,1035.99225,0.06599999999999984,4660.942,504.6775,2009.402,233.10725,516.413646834242,2.2422809132205512,2148.056229868401,1144.9592544828413,1907.2946736387514,249.29383969298246,517.1155107490081,2.167402700892857,1834.600113635913,1129.9374063640873,1906.9052626835316,249.32908860119045,517.1155107490081,2.167402700892857,1834.600113635913,1129.9374063640873,1906.9052626835316,249.32908860119045
2026-02-10 13:00:00+00:00,1092.0335,0.06599999999999984,4844.887000000001,517.49425,2009.4325,241.3855,527.6997840704054,2.2422809132205512,2176.129050896901,1152.3959320993179,1909.189701492749,249.29383969298246,517.1155107490081,2.167402700892857,1834.600113635913,1129.9374063640873,1906.9052626835316,249.32908860119045,517.1155107490081,2.167402700892857,1834.600113635913,1129.9374063640873,1906.9052626835316,249.32908860119045
2026-02-10 14:00:00+00:00,1166.89625,0.06599999999999984,5036.64275,565.00675,2043.819,244.768,540.1451895333622,2.2422809132205512,2215.8230099765397,1159.8326097157942,1913.1132847994884,249.29383969298246,517.1155107490081,2.167402700892857,1834.600113635913,1129.9374063640873,1906.9052626835316,249.32908860119045,517.1155107490081,2.167402700892857,1834.600113635913,1129.9374063640873,1906.9052626835316,249.32908860119045
2026-02-10 15:00:00+00:00,1150.63225,0.06599999999999984,5087.75325,809.10825,2148.7692500000003,246.153,545.9408301234666,2.2422809132205512,2241.9674757270313,1167.2692873322706,1917.0246641092483,249.29383969298246,517.1155107490081,2.167402700892857,1834.600113635913,1129.9374063640873,1906.9052626835316,249.32908860119045,517.1155107490081,2.167402700892857,1834.600113635913,1129.9374063640873,1906.9052626835316,249.32908860119045
2026-02-10 16:00:00+00:00,1140.333,0.06599999999999984,5118.46775,811.47825,2262.81175,244.2735,548.2277347966602,2.2422809132205512,2276.7948557460413,1174.705964948747,1920.7738752086877,249.29383969298246,517.1155107490081,2.167402700892857,1834.600113635913,1129.9374063640873,1906.9052626835316,249.32908860119045,517.1155107490081,2.167402700892857,1834.600113635913,1129.9374063640873,1906.9052626835316,249.32908860119045
2026-02-10 17:00:00+00:00,1181.20125,0.06599999999999984,5128.847000000001,647.6102500000001,2304.21975,234.05675,549.8414726539456,2.2422809132205512,2265.288154260044,1182.1426425652232,1924.5582498210483,249.29383969298246,517.1155107490081,2.167402700892857,1834.600113635913,1129.9374063640873,1906.9052626835316,249.32908860119045,517.1155107490081,2.167402700892857,1834.600113635913,1129.9374063640873,1906.9052626835316,249.32908860119045
2026-02-10 18:00:00+00:00,1157.64875,0.06599999999999984,5117.568,772.82475,2291.8115,227.964,549.010142843777,2.2422809132205512,2237.325425701616,1189.5793201816996,1927.3696118318087,249.29383969298246,517.1155107490081,2.167402700892857,1834.600113635913,1129.9374063640873,1906.9052626835316,249.32908860119045,517.1155107490081,2.167402700892857,1834.600113635913,1129.9374063640873,1906.9052626835316,249.32908860119045
2026-02-10 19:00:00+00:00,1066.36125,0.06599999999999984,4764.9285,702.6892500000001,2224.371,226.38175,544.756102270779,2.2422809132205512,2163.30854670139,1197.0159977981762,1930.3998206141075,249.29383969298246,517.1155107490081,2.167402700892857,1834.600113635913,1129.9374063640873,1906.9052626835316,249.32908860119045,517.1155107490081,2.167402700892857,1834.600113635913,1129.9374063640873,1906.9052626835316,249.32908860119045
2026-02-10 20:00:00+00:00,950.30375,0.06599999999999984,4561.0740000000005,618.8177499999999,2157.3092500000002,226.49025,542.2589806852229,2.2422809132205512,2097.5168447680135,1204.4526754146525,1932.129786641428,249.29383969298246,517.1155107490081,2.167402700892857,1834.600113635913,1129.9374063640873,1906.9052626835316,249.32908860119045,517.1155107490081,2.167402700892857,1834.600113635913,1129.9374063640873,1906.9052626835316,249.32908860119045
2026-02-10 21:00:00+00:00,916.8755,0.06599999999999984,4438.018,516.83475,2088.2215,228.27075000000002,540.705656905061,2.2422809132205512,2015.4781111686507,1211.8893530311288,1934.9397026241877,249.29383969298246,517.1155107490081,2.167402700892857,1834.600113635913,1129.9374063640873,1906.9052626835316,249.32908860119045,517.1155107490081,2.167402700892857,1834.600113635913,1129.9374063640873,1906.9052626835316,249.32908860119045
2026-02-10 22:00:00+00:00,769.45725,0.06599999999999984,4269.86,488.913,2035.8464999999999,231.792,536.2818858373658,2.2422809132205512,1938.9767960031907,1219.3260306476052,1938.991736991674,249.29383969298246,517.1155107490081,2.167402700892857,1834.600113635913,1129.9374063640873,1906.9052626835316,249.32908860119045,517.1155107490081,2.167402700892857,1834.600113635913,1129.9374063640873,1906.9052626835316,249.32908860119045
2026-02-10 23:00:00+00:00,686.23475,0.06599999999999984,4177.84,483.70449999999994,1984.7655,254.619,531.9419756688064,2.2422809132205512,1898.9070490413444,1226.7627082640815,1943.0803815125862,249.29383969298246,517.1155107490081,2.167402700892857,1834.600113635913,1129.9374063640873,1906.9052626835316,249.32908860119045,517.1155107490081,2.167402700892857,1834.600113635913,1129.9374063640873,1906.9052626835316,249.32908860119045
2026-02-11 00:00:00+00:00,685.3165,0.06599999999999984,4110.7465,479.52575,1965.3252499999999,254.54,517.4587144694012,2.2422809132205512,1772.0347957440274,1055.719123085125,1881.50125072595,249.29383969298246,517.1155107490081,2.167402700892857,1834.600113635913,1129.9374063640873,1906.9052626835316,249.32908860119045,517.1155107490081,2.167402700892857,1834.600113635913,1129.9374063640873,1906.9052626835316,249.32908860119045
2026-02-11 01:00:00+00:00,685.971,0.06599999999999984,4128.9482499999995,486.1965,1955.73175,254.381,515.3061942922972,2.2422809132205512,1775.6602590133807,1063.1558007016013,1883.5404577334348,249.29383969298246,517.1155107490081,2.167402700892857,1834.600113635913,1129.9374063640873,1906.9052626835316,249.32908860119045,517.1155107490081,2.167402700892857,1834.600113635913,1129.9374063640873,1906.9052626835316,249.32908860119045
2026-02-11 02:00:00+00:00,682.53225,0.06599999999999984,4055.66575,479.0145,1946.9047500000001,253.353,514.6854709488551,2.2422809132205512,1781.147992450011,1070.5924783180776,1885.4203889801377,249.29383969298246,517.1155107490081,2.167402700892857,1834.600113635913,1129.9374063640873,1906.9052626835316,249.32908860119045,517.1155107490081,2.167402700892857,1834.600113635913,1129.9374063640873,1906.9052626835316,249.32908860119045
2026-02-11 03:00:00+00:00,673.1202499999999,0.06599999999999984,4069.2872500000003,479.8944999999999,1953.55175,253.353,515.0063769871406,2.2422809132205512,1776.9874446157257,1078.029155934554,1887.8048157521478,249.29383969298246,517.1155107490081,2.167402700892857,1834.600113635913,1129.9374063640873,1906.9052626835316,249.32908860119045,517.1155107490081,2.167402700892857,1834.600113635913,1129.9374063640873,1906.9052626835316,249.32908860119045
2026-02-11 04:00:00+00:00,718.08275,0.06599999999999984,4205.680249999999,481.96299999999997,1970.61475,254.777,522.9700923507755,2.2422809132205512,1854.493766928637,1085.4658335510303,1891.7312920045492,249.29383969298246,517.1155107490081,2.167402700892857,1834.600113635913,1129.9374063640873,1906.9052626835316,249.32908860119045,517.1155107490081,2.167402700892857,1834.600113635913,1129.9374063640873,1906.9052626835316,249.32908860119045
2026-02-11 05:00:00+00:00,959.6377500000001,0.06599999999999984,4644.30475,577.8745,2043.9074999999998,253.59,539.0591300950509,2.2422809132205512,2023.4165642281964,1092.9025111675066,1894.4019992929304,249.29383969298246,517.1155107490081,2.167402700892857,1834.600113635913,1129.9374063640873,1906.9052626835316,249.32908860119045,517.1155107490081,2.167402700892857,1834.600113635913,1129.9374063640873,1906.9052626835316,249.32908860119045
2026-02-11 06:00:00+00:00,1060.24125,0.06599999999999984,4714.26325,859.2850000000001,2149.07375,250.425,550.7084685865891,2.2422809132205512,2140.076865723865,1100.3391887839832,1894.4356116468139,249.29383969298246,517.1155107490081,2.167402700892857,1834.600113635913,1129.9374063640873,1906.9052626835316,249.32908860119045,517.1155107490081,2.167402700892857,1834.600113635913,1129.9374063640873,1906.9052626835316,249.32908860119045
2026-02-11 07:00:00+00:00,1086.5965,0.06599999999999984,4738.128000000001,1062.914,2220.047,250.94,553.7083556633946,2.2422809132205512,2162.6072691425834,1107.7758664004596,1896.8723766649898,249.29383969298246,517.1155107490081,2.167402700892857,1834.600113635913,1129.9374063640873,1906.9052626835316,249.32908860119045,517.1155107490081,2.167402700892857,1834.600113635913,1129.9374063640873,1906.9052626835316,249.32908860119045
2026-02-11 08:00:00+00:00,1078.0795,0.06599999999999984,4733.218,870.117,2209.19625,273.41075,549.5812962318936,2.2422809132205512,2141.258783044588,1115.212544016936,1898.5793820677409,249.29383969298246,517.1155107490081,2.167402700892857,1834.600113635913,1129.9374063640873,1906.9052626835316,249.32908860119045,517.1155107490081,2.167402700892857,1834.600113635913,1129.9374063640873,1906.9052626835316,249.32908860119045
2026-02-11 09:00:00+00:00,1029.5785,0.06599999999999984,4675.35675,520.7470000000001,2159.14175,283.064,542.2317207946514,2.2422809132205512,2124.3019790504786,1122.6492216334123,1898.9387780952738,249.29383969298246,517.1155107490081,2.167402700892857,1834.600113635913,1129.9374063640873,1906.9052626835316,249.32908860119045,517.1155107490081,2.167402700892857,1834.600113635913,1129.9374063640873,1906.9052626835316,249.32908860119045
2026-02-11 10:00:00+00:00,1019.67725,0.06599999999999984,4668.4125,716.8275,2106.35475,290.77799999999996,536.7009969351336,2.2422809132205512,2127.684964161517,1130.0858992498886,1899.1711688710936,249.29383969298246,517.1155107490081,2.167402700892857,1834.600113635913,1129.9374063640873,1906.9052626835316,249.32908860119045,517.1155107490081,2.167402700892857,1834.600113635913,1129.9374063640873,1906.9052626835316,249.32908860119045
2026-02-11 11:00:00+00:00,1027.8635,0.06599999999999984,4625.26175,567.0867499999999,2017.99,290.739,539.6106692111538,2.2422809132205512,2073.689013162289,1137.522576866365,1899.9632872537102,249.29383969298246,517.1155107490081,2.167402700892857,1834.600113635913,1129.9374063640873,1906.9052626835316,249.32908860119045,517.1155107490081,2.167402700892857,1834.600113635913,1129.9374063640873,1906.9052626835316,249.32908860119045
2026-02-11 12:00:00+00:00,1033.484,0.06599999999999984,4522.1002499999995,520.3887500000001,1986.05875,292.519,543.9255559502616,2.2422809132205512,2015.117524282518,1144.9592544828413,1905.2768758196414,249.29383969298246,517.1155107490081,2.167402700892857,1834.600113635913,1129.9374063640873,1906.9052626835316,249.32908860119045,517.1155107490081,2.167402700892857,1834.600113635913,1129.9374063640873,1906.9052626835316,249.32908860119045
2026-02-11 13:00:00+00:00,1035.932,0.06599999999999984,4568.10925,546.888,1990.2112499999998,292.835,546.5421469978734,2.2422809132205512,2021.1003925487805,1152.3959320993179,1906.7098048055868,249.29383969298246,517.1155107490081,2.167402700892857,1834.600113635913,1129.9374063640873,1906.9052626835316,249.32908860119045,517.1155107490081,2.167402700892857,1834.600113635913,1129.9374063640873,1906.9052626835316,249.32908860119045
2026-02-11 14:00:00+00:00,1036.01375,0.06599999999999984,4572.04425,522.4435000000001,2032.95375,293.864,549.8586287089664,2.2422809132205512,2031.5320512424166,1159.8326097157942,1908.113986385977,249.29383969298246,517.1155107490081,2.167402700892857,1834.600113635913,1129.9374063640873,1906.9052626835316,249.32908860119045,517.1155107490081,2.167402700892857,1834.600113635913,1129.9374063640873,1906.9052626835316,249.32908860119045
2026-02-11 15:00:00+00:00,1032.0815,0.06599999999999984,4648.60375,668.53075,2145.91025,265.89425,550.8500975513995,2.2422809132205512,2064.1868076687174,1167.2692873322706,1913.1189656761562,249.29383969298246,517.1155107490081,2.167402700892857,1834.600113635913,1129.9374063640873,1906.9052626835316,249.32908860119045,517.1155107490081,2.167402700892857,1834.600113635913,1129.9374063640873,1906.9052626835316,249.32908860119045
2026-02-11 16:00:00+00:00,1070.53375,0.06599999999999984,4689.61075,1070.7245,2261.996,258.417,550.7336321656663,2.2422809132205512,2120.7591779872896,1174.705964948747,1917.4967837172921,249.29383969298246,517.1155107490081,2.167402700892857,1834.600113635913,1129.9374063640873,1906.9052626835316,249.32908860119045,517.1155107490081,2.167402700892857,1834.600113635913,1129.9374063640873,1906.9052626835316,249.32908860119045
2026-02-11 17:00:00+00:00,1076.97275,0.06599999999999984,4723.86125,821.041,2285.8055,259.564,547.653736989221,2.2422809132205512,2164.4617373893057,1182.1426425652232,1920.65399719699,249.29383969298246,517.1155107490081,2.167402700892857,1834.600113635913,1129.9374063640873,1906.9052626835316,249.32908860119045,517.1155107490081,2.167402700892857,1834.600113635913,1129.9374063640873,1906.9052626835316,249.32908860119045
2026-02-11 18:00:00+00:00,1059.926,0.06599999999999984,4708.760249999999,714.4577500000001,2257.3557499999997,259.881,537.2112151365399,2.2422809132205512,2144.9919869035475,1189.5793201816996,1922.5647528665709,249.29383969298246,517.1155107490081,2.167402700892857,1834.600113635913,1129.9374063640873,1906.9052626835316,249.32908860119045,517.1155107490081,2.167402700892857,1834.600113635913,1129.9374063640873,1906.9052626835316,249.32908860119045
2026-02-11 19:00:00+00:00,968.50425,0.06599999999999984,4675.4285,536.71325,2173.31325,261.384,525.6340559774009,2.2422809132205512,2083.987488903816,1197.0159977981762,1926.209919338867,249.29383969298246,517.1155107490081,2.167402700892857,1834.600113635913,1129.9374063640873,1906.9052626835316,249.32908860119045,517.1155107490081,2.167402700892857,1834.600113635913,1129.9374063640873,1906.9052626835316,249.32908860119045
2026-02-11 20:00:00+00:00,902.23825,0.06599999999999984,3695.1225000000004,532.1795000000001,2084.315,257.269,511.8849253092354,2.2422809132205512,2037.9483817246596,1204.4526754146525,1929.1331899940458,249.29383969298246,517.1155107490081,2.167402700892857,1834.600113635913,1129.9374063640873,1906.9052626835316,249.32908860119045,517.1155107490081,2.167402700892857,1834.600113635913,1129.9374063640873,1906.9052626835316,249.32908860119045
2026-02-11 21:00:00+00:00,720.421,0.06599999999999984,3197.7577499999998,477.80099999999993,2024.3957500000001,257.269,505.59886374787743,2.2422809132205512,1996.3477220828333,1211.8893530311288,1932.2932969737199,249.29383969298246,517.1155107490081,2.167402700892857,1834.600113635913,1129.9374063640873,1906.9052626835316,249.32908860119045,517.1155107490081,2.167402700892857,1834.600113635913,1129.9374063640873,1906.9052626835316,249.32908860119045
2026-02-11 22:00:00+00:00,687.23175,0.06599999999999984,3121.912,554.277,1977.2465,260.87,499.5074416556503,2.2422809132205512,1922.230806223387,1219.3260306476052,1935.9248132020691,249.29383969298246,517.1155107490081,2.167402700892857,1834.600113635913,1129.9374063640873,1906.9052626835316,249.32908860119045,517.1155107490081,2.167402700892857,1834.600113635913,1129.9374063640873,1906.9052626835316,249.32908860119045
2026-02-11 23:00:00+00:00,632.02575,0.06599999999999984,2967.38175,494.0915,1931.43075,272.105,497.75349861978543,2.2422809132205512,1834.2256517621493,1226.7627082640815,1939.9768475695553,249.29383969298246,517.1155107490081,2.167402700892857,1834.600113635913,1129.9374063640873,1906.9052626835316,249.32908860119045,517.1155107490081,2.167402700892857,1834.600113635913,1129.9374063640873,1906.9052626835316,249.32908860119045
2026-02-12 00:00:00+00:00,631.4315,0.06599999999999984,2987.22475,482.30925,1920.44075,273.45,485.4553575370924,2.2422809132205512,1680.115665846748,1055.719123085125,1877.861765407479,249.29383969298246,517.1155107490081,2.167402700892857,1834.600113635913,1129.9374063640873,1906.9052626835316,249.32908860119045,517.1155107490081,2.167402700892857,1834.600113635913,1129.9374063640873,1906.9052626835316,249.32908860119045
2026-02-12 01:00:00+00:00,630.91125,0.06599999999999984,3017.91075,486.71825,1905.63225,273.015,485.2494101264158,2.2422809132205512,1654.4354068679204,1063.1558007016013,1881.829822330605,249.29383969298246,517.1155107490081,2.167402700892857,1834.600113635913,1129.9374063640873,1906.9052626835316,249.32908860119045,517.1155107490081,2.167402700892857,1834.600113635913,1129.9374063640873,1906.9052626835316,249.32908860119045
2026-02-12 02:00:00+00:00,629.0925,0.06599999999999984,3036.39725,492.49275,1900.35475,270.879,483.6733368418011,2.2422809132205512,1670.005816447609,1070.5924783180776,1884.5665178901327,249.29383969298246,517.1155107490081,2.167402700892857,1834.600113635913,1129.9374063640873,1906.9052626835316,249.32908860119045,517.1155107490081,2.167402700892857,1834.600113635913,1129.9374063640873,1906.9052626835316,249.32908860119045
2026-02-12 03:00:00+00:00,624.172,0.06599999999999984,3061.5592500000002,487.21925,1917.189,269.178,485.0178363926909,2.2422809132205512,1694.4424345923287,1078.029155934554,1886.902131066051,249.29383969298246,517.1155107490081,2.167402700892857,1834.600113635913,1129.9374063640873,1906.9052626835316,249.32908860119045,517.1155107490081,2.167402700892857,1834.600113635913,1129.9374063640873,1906.9052626835316,249.32908860119045
2026-02-12 04:00:00+00:00,668.01225,0.06599999999999984,3213.89175,497.66650000000004,1948.036,266.21025,492.42641378600973,2.2422809132205512,1792.83764945956,1085.4658335510303,1889.9825997495986,249.29383969298246,517.1155107490081,2.167402700892857,1834.600113635913,1129.9374063640873,1906.9052626835316,249.32908860119045,517.1155107490081,2.167402700892857,1834.600113635913,1129.9374063640873,1906.9052626835316,249.32908860119045
2026-02-12 05:00:00+00:00,864.53025,0.06599999999999984,3662.2785,550.6867500000001,2041.00175,266.804,506.8067660870261,2.2422809132205512,1979.9851044222644,1092.9025111675066,1892.7494878668151,249.29383969298246,517.1155107490081,2.167402700892857,1834.600113635913,1129.9374063640873,1906.9052626835316,249.32908860119045,517.1155107490081,2.167402700892857,1834.600113635913,1129.9374063640873,1906.9052626835316,249.32908860119045
2026-02-12 06:00:00+00:00,1047.82225,0.06599999999999984,4034.193,500.72775,2144.071,264.944,521.4989561100934,2.2422809132205512,2109.405534320573,1100.3391887839832,1894.514617742404,249.29383969298246,517.1155107490081,2.167402700892857,1834.600113635913,1129.9374063640873,1906.9052626835316,249.32908860119045,517.1155107490081,2.167402700892857,1834.600113635913,1129.9374063640873,1906.9052626835316,249.32908860119045
2026-02-12 07:00:00+00:00,1053.7265,0.06599999999999984,4098.5835,487.13200000000006,2193.65725,265.221,518.803334157946,2.2422809132205512,2158.7962176179512,1107.7758664004596,1897.5448262475459,249.29383969298246,517.1155107490081,2.167402700892857,1834.600113635913,1129.9374063640873,1906.9052626835316,249.32908860119045,517.1155107490081,2.167402700892857,1834.600113635913,1129.9374063640873,1906.9052626835316,249.32908860119045
2026-02-12 08:00:00+00:00,1019.99225,0.06599999999999984,4068.4579999999996,479.3332499999999,2177.59575,266.131,512.7895710025566,2.2422809132205512,2141.797892271661,1115.212544016936,1898.506976915948,249.29383969298246,517.1155107490081,2.167402700892857,1834.600113635913,1129.9374063640873,1906.9052626835316,249.32908860119045,517.1155107490081,2.167402700892857,1834.600113635913,1129.9374063640873,1906.9052626835316,249.32908860119045
2026-02-12 09:00:00+00:00,1011.6525,0.06599999999999984,3889.9492499999997,466.6975,2127.7557500000003,268.861,508.7579894184309,2.2422809132205512,2083.118485949614,1122.6492216334123,1898.496114486626,249.29383969298246,517.1155107490081,2.167402700892857,1834.600113635913,1129.9374063640873,1906.9052626835316,249.32908860119045,517.1155107490081,2.167402700892857,1834.600113635913,1129.9374063640873,1906.9052626835316,249.32908860119045
2026-02-12 10:00:00+00:00,1020.172,0.06599999999999984,3778.293,459.726,2082.909,276.14,510.96375298156164,2.2422809132205512,2045.5826057699487,1130.0858992498886,1899.890986459674,249.29383969298246,517.1155107490081,2.167402700892857,1834.600113635913,1129.9374063640873,1906.9052626835316,249.32908860119045,517.1155107490081,2.167402700892857,1834.600113635913,1129.9374063640873,1906.9052626835316,249.32908860119045
2026-02-12 11:00:00+00:00,1027.5049999999999,0.06599999999999984,3701.638,464.8812499999999,2013.84425,280.017,512.5951802455119,2.2422809132205512,1981.025423206193,1137.522576866365,1900.9184934758434,249.29383969298246,517.1155107490081,2.167402700892857,1834.600113635913,1129.9374063640873,1906.9052626835316,249.32908860119045,517.1155107490081,2.167402700892857,1834.600113635913,1129.9374063640873,1906.9052626835316,249.32908860119045
2026-02-12 12:00:00+00:00,1024.2839999999999,0.06599999999999984,3725.86575,455.2172499999999,1989.401,282.628,516.0366586572105,2.2422809132205512,1970.1437458447144,1144.9592544828413,1904.890890320484,249.29383969298246,517.1155107490081,2.167402700892857,1834.600113635913,1129.9374063640873,1906.9052626835316,249.32908860119045,517.1155107490081,2.167402700892857,1834.600113635913,1129.9374063640873,1906.9052626835316,249.32908860119045
2026-02-12 13:00:00+00:00,1036.38275,0.06599999999999984,3763.407,443.453,2000.22125,282.233,518.3439197343116,2.2422809132205512,1941.4112890016415,1152.3959320993179,1906.5383247706684,249.29383969298246,517.1155107490081,2.167402700892857,1834.600113635913,1129.9374063640873,1906.9052626835316,249.32908860119045,517.1155107490081,2.167402700892857,1834.600113635913,1129.9374063640873,1906.9052626835316,249.32908860119045
2026-02-12 14:00:00+00:00,1038.93525,0.12199999999999989,3695.8615,463.36275,2044.83275,281.481,518.7451454417245,2.2422809132205512,1991.8577630783327,1159.8326097157942,1912.9246311399531,249.29383969298246,517.1155107490081,2.167402700892857,1834.600113635913,1129.9374063640873,1906.9052626835316,249.32908860119045,517.1155107490081,2.167402700892857,1834.600113635913,1129.9374063640873,1906.9052626835316,249.32908860119045
2026-02-12 15:00:00+00:00,1030.36525,0.13099999999999978,3771.328,563.55975,2160.2425000000003,273.885,517.5291863468054,2.2422809132205512,2039.7868294287734,1167.2692873322706,1916.1966462097319,249.29383969298246,517.1155107490081,2.167402700892857,1834.600113635913,1129.9374063640873,1906.9052626835316,249.32908860119045,517.1155107490081,2.167402700892857,1834.600113635913,1129.9374063640873,1906.9052626835316,249.32908860119045
2026-02-12 16:00:00+00:00,1021.642,0.13099999999999978,4063.6229999999996,639.0155000000001,2260.96475,273.529,524.0250850812446,2.2422809132205512,2132.054572002649,1174.705964948747,1919.4794182424478,249.29383969298246,517.1155107490081,2.167402700892857,1834.600113635913,1129.9374063640873,1906.9052626835316,249.32908860119045,517.1155107490081,2.167402700892857,1834.600113635913,1129.9374063640873,1906.9052626835316,249.32908860119045
2026-02-12 17:00:00+00:00,1018.2465,0.13099999999999978,4069.5739999999996,630.6662500000001,2281.0695,275.784,530.3290257790811,2.2422809132205512,2176.9338018818876,1182.1426425652232,1922.6014684281913,249.29383969298246,517.1155107490081,2.167402700892857,1834.600113635913,1129.9374063640873,1906.9052626835316,249.32908860119045,517.1155107490081,2.167402700892857,1834.600113635913,1129.9374063640873,1906.9052626835316,249.32908860119045
2026-02-12 18:00:00+00:00,1002.2772500000001,0.13099999999999978,4062.432,515.38325,2260.4845,275.23,528.724337203212,2.2422809132205512,2129.3664215398717,1189.5793201816996,1924.8394544701168,249.29383969298246,517.1155107490081,2.167402700892857,1834.600113635913,1129.9374063640873,1906.9052626835316,249.32908860119045,517.1155107490081,2.167402700892857,1834.600113635913,1129.9374063640873,1906.9052626835316,249.32908860119045
2026-02-12 19:00:00+00:00,736.47425,0.13099999999999978,3997.2204999999994,418.06825000000003,2188.72425,276.101,521.9387236605546,2.2422809132205512,2054.575312220694,1197.0159977981762,1928.191107281708,249.29383969298246,517.1155107490081,2.167402700892857,1834.600113635913,1129.9374063640873,1906.9052626835316,249.32908860119045,517.1155107490081,2.167402700892857,1834.600113635913,1129.9374063640873,1906.9052626835316,249.32908860119045
2026-02-12 20:00:00+00:00,494.31075,0.13099999999999978,3842.2065000000002,407.25275,2100.60325,273.134,514.5414759121394,2.2422809132205512,1955.9262639415708,1204.4526754146525,1931.1265818174859,249.29383969298246,517.1155107490081,2.167402700892857,1834.600113635913,1129.9374063640873,1906.9052626835316,249.32908860119045,517.1155107490081,2.167402700892857,1834.600113635913,1129.9374063640873,1906.9052626835316,249.32908860119045
2026-02-12 21:00:00+00:00,488.56600000000003,0.13099999999999978,3555.48575,465.8444999999999,2035.97875,273.134,508.19010423367206,2.2422809132205512,1888.7221176820553,1211.8893530311288,1934.7918151954084,249.29383969298246,517.1155107490081,2.167402700892857,1834.600113635913,1129.9374063640873,1906.9052626835316,249.32908860119045,517.1155107490081,2.167402700892857,1834.600113635913,1129.9374063640873,1906.9052626835316,249.32908860119045
2026-02-12 22:00:00+00:00,478.356,0.13099999999999978,3237.60775,417.46425,1988.117,276.299,499.6040463324254,2.2422809132205512,1830.4150957502088,1219.3260306476052,1937.7868601294385,249.29383969298246,517.1155107490081,2.167402700892857,1834.600113635913,1129.9374063640873,1906.9052626835316,249.32908860119045,517.1155107490081,2.167402700892857,1834.600113635913,1129.9374063640873,1906.9052626835316,249.32908860119045
2026-02-12 23:00:00+00:00,336.825,0.13099999999999978,2829.27875,402.43550000000005,1913.3625,264.628,493.09363500182087,2.2422809132205512,1751.4605134523754,1226.7627082640815,1940.7876912901406,249.29383969298246,517.1155107490081,2.167402700892857,1834.600113635913,1129.9374063640873,1906.9052626835316,249.32908860119045,517.1155107490081,2.167402700892857,1834.600113635913,1129.9374063640873,1906.9052626835316,249.32908860119045
2026-02-13 00:00:00+00:00,333.7615,0.13099999999999978,2847.97925,402.5799999999999,1913.487,262.096,481.3743990634416,2.2422809132205512,1583.944844316592,1055.719123085125,1877.1297449305468,249.29383969298246,517.1155107490081,2.167402700892857,1834.600113635913,1129.9374063640873,1906.9052626835316,249.32908860119045,517.1155107490081,2.167402700892857,1834.600113635913,1129.9374063640873,1906.9052626835316,249.32908860119045
2026-02-13 01:00:00+00:00,333.93225,0.13099999999999978,2813.26725,411.81050000000005,1906.03575,261.621,483.91952546540165,2.2422809132205512,1524.121704745225,1063.1558007016013,1880.0832083623816,249.29383969298246,517.1155107490081,2.167402700892857,1834.600113635913,1129.9374063640873,1906.9052626835316,249.32908860119045,517.1155107490081,2.167402700892857,1834.600113635913,1129.9374063640873,1906.9052626835316,249.32908860119045
2026-02-13 02:00:00+00:00,345.5105,0.13099999999999978,2829.10725,411.82025,1904.13875,263.995,486.0057854770297,2.2422809132205512,1519.1789398626609,1070.5924783180776,1882.395861409854,249.29383969298246,517.1155107490081,2.167402700892857,1834.600113635913,1129.9374063640873,1906.9052626835316,249.32908860119045,517.1155107490081,2.167402700892857,1834.600113635913,1129.9374063640873,1906.9052626835316,249.32908860119045
2026-02-13 03:00:00+00:00,467.24625,0.13099999999999978,2892.6805,395.106,1922.1585,261.265,486.5305703573879,2.2422809132205512,1567.3450917945365,1078.029155934554,1885.762610609773,249.29383969298246,517.1155107490081,2.167402700892857,1834.600113635913,1129.9374063640873,1906.9052626835316,249.32908860119045,517.1155107490081,2.167402700892857,1834.600113635913,1129.9374063640873,1906.9052626835316,249.32908860119045
2026-02-13 04:00:00+00:00,607.102,0.13099999999999978,3215.191,467.8175,1955.47625,261.938,497.43081447865615,2.2422809132205512,1695.7865752082757,1085.4658335510303,1888.991598587289,249.29383969298246,517.1155107490081,2.167402700892857,1834.600113635913,1129.9374063640873,1906.9052626835316,249.32908860119045,517.1155107490081,2.167402700892857,1834.600113635913,1129.9374063640873,1906.9052626835316,249.32908860119045
2026-02-13 05:00:00+00:00,741.3095,0.13099999999999978,4286.51275,453.93174999999997,2064.516,258.298,517.2340928900796,2.2422809132205512,1911.3696876030372,1092.9025111675066,1892.1961790225737,249.29383969298246,517.1155107490081,2.167402700892857,1834.600113635913,1129.9374063640873,1906.9052626835316,249.32908860119045,517.1155107490081,2.167402700892857,1834.600113635913,1129.9374063640873,1906.9052626835316,249.32908860119045
2026-02-13 06:00:00+00:00,992.1512500000001,0.13099999999999978,4687.9085000000005,462.62175,2194.39075,257.309,531.705153190139,2.2422809132205512,2077.7755323186702,1100.3391887839832,1894.8503437782458,249.29383969298246,517.1155107490081,2.167402700892857,1834.600113635913,1129.9374063640873,1906.9052626835316,249.32908860119045,517.1155107490081,2.167402700892857,1834.600113635913,1129.9374063640873,1906.9052626835316,249.32908860119045
2026-02-13 07:00:00+00:00,1031.945,0.13099999999999978,4738.627,679.7547500000001,2228.35725,257.309,537.590524283799,2.2422809132205512,2168.2200048369727,1107.7758664004596,1898.1238052113724,249.29383969298246,517.1155107490081,2.167402700892857,1834.600113635913,1129.9374063640873,1906.9052626835316,249.32908860119045,517.1155107490081,2.167402700892857,1834.600113635913,1129.9374063640873,1906.9052626835316,249.32908860119045
2026-02-13 08:00:00+00:00,998.51025,0.13099999999999978,4730.2212500000005,574.701,2198.51875,257.309,532.6417182610782,2.2422809132205512,2160.038669846008,1115.212544016936,1899.7145628796613,249.29383969298246,517.1155107490081,2.167402700892857,1834.600113635913,1129.9374063640873,1906.9052626835316,249.32908860119045,517.1155107490081,2.167402700892857,1834.600113635913,1129.9374063640873,1906.9052626835316,249.32908860119045
2026-02-13 09:00:00+00:00,943.86625,0.13099999999999978,4708.49025,444.87974999999994,2133.89625,257.309,527.0327975943163,2.2422809132205512,2148.178250042303,1122.6492216334123,1900.6429961213332,249.29383969298246,517.1155107490081,2.167402700892857,1834.600113635913,1129.9374063640873,1906.9052626835316,249.32908860119045,517.1155107490081,2.167402700892857,1834.600113635913,1129.9374063640873,1906.9052626835316,249.32908860119045
2026-02-13 10:00:00+00:00,953.6827499999999,0.13099999999999978,4636.55125,451.249,2079.6045,260.276,522.7212586039759,2.2422809132205512,2131.7824362802057,1130.0858992498886,1901.9890542211326,249.29383969298246,517.1155107490081,2.167402700892857,1834.600113635913,1129.9374063640873,1906.9052626835316,249.32908860119045,517.1155107490081,2.167402700892857,1834.600113635913,1129.9374063640873,1906.9052626835316,249.32908860119045
2026-02-13 11:00:00+00:00,961.0455,0.13099999999999978,4570.53325,458.18574999999987,2022.75525,261.305,524.9067253166962,2.2422809132205512,2129.461614874072,1137.522576866365,1903.6393828419878,249.29383969298246,517.1155107490081,2.167402700892857,1834.600113635913,1129.9374063640873,1906.9052626835316,249.32908860119045,517.1155107490081,2.167402700892857,1834.600113635913,1129.9374063640873,1906.9052626835316,249.32908860119045
2026-02-13 12:00:00+00:00,963.11375,0.13099999999999978,4577.6425,468.24675,2013.599,261.265,532.210704149,2.2422809132205512,2120.0535992406453,1144.9592544828413,1906.068283288575,249.29383969298246,517.1155107490081,2.167402700892857,1834.600113635913,1129.9374063640873,1906.9052626835316,249.32908860119045,517.1155107490081,2.167402700892857,1834.600113635913,1129.9374063640873,1906.9052626835316,249.32908860119045
2026-02-13 13:00:00+00:00,964.11875,0.13099999999999978,4620.74025,559.31075,2024.77425,261.265,538.554661333005,2.2422809132205512,2163.7014271068624,1152.3959320993179,1908.8552390846987,249.29383969298246,517.1155107490081,2.167402700892857,1834.600113635913,1129.9374063640873,1906.9052626835316,249.32908860119045,517.1155107490081,2.167402700892857,1834.600113635913,1129.9374063640873,1906.9052626835316,249.32908860119045
2026-02-13 14:00:00+00:00,1009.4765,0.13099999999999978,4721.9145,628.1437500000001,2076.3165,261.265,549.9320913773557,2.2422809132205512,2222.3049619902113,1159.8326097157942,1911.5826237092895,249.29383969298246,517.1155107490081,2.167402700892857,1834.600113635913,1129.9374063640873,1906.9052626835316,249.32908860119045,517.1155107490081,2.167402700892857,1834.600113635913,1129.9374063640873,1906.9052626835316,249.32908860119045
2026-02-13 15:00:00+00:00,1105.69525,0.13099999999999978,4849.593,932.99675,2186.61825,261.265,559.1382293699398,2.2422809132205512,2285.5440986410113,1167.2692873322706,1914.7520410695863,249.29383969298246,517.1155107490081,2.167402700892857,1834.600113635913,1129.9374063640873,1906.9052626835316,249.32908860119045,517.1155107490081,2.167402700892857,1834.600113635913,1129.9374063640873,1906.9052626835316,249.32908860119045
2026-02-13 16:00:00+00:00,1103.2795,0.13099999999999978,4982.02275,1329.8365000000001,2271.46825,261.226,568.6414009523864,2.2422809132205512,2337.1304358175857,1174.705964948747,1918.9662439827403,249.29383969298246,517.1155107490081,2.167402700892857,1834.600113635913,1129.9374063640873,1906.9052626835316,249.32908860119045,517.1155107490081,2.167402700892857,1834.600113635913,1129.9374063640873,1906.9052626835316,249.32908860119045
2026-02-13 17:00:00+00:00,1117.6934999999999,0.13099999999999978,4995.021750000001,1529.19075,2300.62125,261.226,571.7217980216635,2.2422809132205512,2351.8216498505326,1182.1426425652232,1923.7709983712546,249.29383969298246,517.1155107490081,2.167402700892857,1834.600113635913,1129.9374063640873,1906.9052626835316,249.32908860119045,517.1155107490081,2.167402700892857,1834.600113635913,1129.9374063640873,1906.9052626835316,249.32908860119045
2026-02-13 18:00:00+00:00,1109.5765000000001,0.13099999999999978,4995.264000000001,1211.0375000000001,2280.72475,261.186,566.4459569962347,2.2422809132205512,2337.021710318343,1189.5793201816996,1927.3350799651096,249.29383969298246,517.1155107490081,2.167402700892857,1834.600113635913,1129.9374063640873,1906.9052626835316,249.32908860119045,517.1155107490081,2.167402700892857,1834.600113635913,1129.9374063640873,1906.9052626835316,249.32908860119045
2026-02-13 19:00:00+00:00,1052.37475,0.13099999999999978,4957.021000000001,636.00075,2200.833,261.186,559.295296377798,2.2422809132205512,2274.751153170867,1197.0159977981762,1930.1557529108068,249.29383969298246,517.1155107490081,2.167402700892857,1834.600113635913,1129.9374063640873,1906.9052626835316,249.32908860119045,517.1155107490081,2.167402700892857,1834.600113635913,1129.9374063640873,1906.9052626835316,249.32908860119045
2026-02-13 20:00:00+00:00,1008.63475,0.13099999999999978,4904.93725,514.7284999999999,2102.82675,261.146,554.288143019268,2.2422809132205512,2223.103708165785,1204.4526754146525,1934.0456187326254,249.29383969298246,517.1155107490081,2.167402700892857,1834.600113635913,1129.9374063640873,1906.9052626835316,249.32908860119045,517.1155107490081,2.167402700892857,1834.600113635913,1129.9374063640873,1906.9052626835316,249.32908860119045
2026-02-13 21:00:00+00:00,965.0705,0.13099999999999978,4845.06225,485.201,2037.3647500000002,263.322,550.7019622179683,2.2422809132205512,2147.242941997774,1211.8893530311288,1937.6326607320834,249.29383969298246,517.1155107490081,2.167402700892857,1834.600113635913,1129.9374063640873,1906.9052626835316,249.32908860119045,517.1155107490081,2.167402700892857,1834.600113635913,1129.9374063640873,1906.9052626835316,249.32908860119045
2026-02-13 22:00:00+00:00,967.178,0.13099999999999978,4830.45875,488.62799999999993,1982.55925,266.25,549.8461277820998,2.2422809132205512,2063.2531164723487,1219.3260306476052,1941.0438841608934,249.29383969298246,517.1155107490081,2.167402700892857,1834.600113635913,1129.9374063640873,1906.9052626835316,249.32908860119045,517.1155107490081,2.167402700892857,1834.600113635913,1129.9374063640873,1906.9052626835316,249.32908860119045
2026-02-13 23:00:00+00:00,913.24375,0.13099999999999978,4427.06425,444.3879999999999,1938.8690000000001,272.026,546.5864467643241,2.2422809132205512,1975.670239583198,1226.7627082640815,1944.1752444501028,249.29383969298246,517.1155107490081,2.167402700892857,1834.600113635913,1129.9374063640873,1906.9052626835316,249.32908860119045,517.1155107490081,2.167402700892857,1834.600113635913,1129.9374063640873,1906.9052626835316,249.32908860119045
2026-02-14 00:00:00+00:00,911.10225,0.13099999999999978,4283.12375,427.5754999999999,1931.028,273.015,536.2287338446049,2.2748643875313284,1861.4715381102003,1047.4485408229395,1883.5948281079773,249.91264819862155,517.1155107490081,2.167402700892857,1834.600113635913,1129.9374063640873,1906.9052626835316,249.32908860119045,517.1155107490081,2.167402700892857,1834.600113635913,1129.9374063640873,1906.9052626835316,249.32908860119045
2026-02-14 01:00:00+00:00,911.67125,0.13099999999999978,4209.339,426.71375,1926.30375,273.015,530.9044149149985,2.2748643875313284,1829.7386107890115,1054.8327564905464,1886.511986788153,249.91264819862155,517.1155107490081,2.167402700892857,1834.600113635913,1129.9374063640873,1906.9052626835316,249.32908860119045,517.1155107490081,2.167402700892857,1834.600113635913,1129.9374063640873,1906.9052626835316,249.32908860119045
2026-02-14 02:00:00+00:00,910.5867499999999,0.13099999999999978,4264.47175,393.22849999999994,1924.125,272.975,527.8743440490404,2.2748643875313284,1810.8390486607238,1062.216972158153,1889.7283439805901,249.91264819862155,517.1155107490081,2.167402700892857,1834.600113635913,1129.9374063640873,1906.9052626835316,249.32908860119045,517.1155107490081,2.167402700892857,1834.600113635913,1129.9374063640873,1906.9052626835316,249.32908860119045
2026-02-14 03:00:00+00:00,903.15425,0.13099999999999978,4270.7955,372.899,1944.49425,277.921,525.9286923475968,2.2748643875313284,1800.6975434399133,1069.60118782576,1892.7315462321292,249.91264819862155,517.1155107490081,2.167402700892857,1834.600113635913,1129.9374063640873,1906.9052626835316,249.32908860119045,517.1155107490081,2.167402700892857,1834.600113635913,1129.9374063640873,1906.9052626835316,249.32908860119045
2026-02-14 04:00:00+00:00,887.07425,0.13099999999999978,4258.0197499999995,380.3599999999999,1985.563,272.936,528.2260354897136,2.2748643875313284,1812.153574359032,1076.9854034933667,1896.1317678772955,249.91264819862155,517.1155107490081,2.167402700892857,1834.600113635913,1129.9374063640873,1906.9052626835316,249.32908860119045,517.1155107490081,2.167402700892857,1834.600113635913,1129.9374063640873,1906.9052626835316,249.32908860119045
2026-02-14 05:00:00+00:00,884.51525,0.13099999999999978,4368.014999999999,376.7845,2116.95925,267.002,533.6730218149277,2.2748643875313284,1836.128194730577,1084.3696191609736,1899.388706753118,249.91264819862155,517.1155107490081,2.167402700892857,1834.600113635913,1129.9374063640873,1906.9052626835316,249.32908860119045,517.1155107490081,2.167402700892857,1834.600113635913,1129.9374063640873,1906.9052626835316,249.32908860119045
2026-02-14 06:00:00+00:00,885.4615,0.13099999999999978,4686.3565,373.37525000000005,2245.1345,265.024,542.8413476812163,2.2748643875313284,1896.374710115521,1091.7538348285802,1902.031688387243,249.91264819862155,517.1155107490081,2.167402700892857,1834.600113635913,1129.9374063640873,1906.9052626835316,249.32908860119045,517.1155107490081,2.167402700892857,1834.600113635913,1129.9374063640873,1906.9052626835316,249.32908860119045
2026-02-14 07:00:00+00:00,893.709,0.13099999999999978,4843.26875,391.72024999999996,2280.91475,265.024,550.7307909113807,2.2748643875313284,1967.9979785573414,1099.1380504961871,1905.133139201495,249.91264819862155,517.1155107490081,2.167402700892857,1834.600113635913,1129.9374063640873,1906.9052626835316,249.32908860119045,517.1155107490081,2.167402700892857,1834.600113635913,1129.9374063640873,1906.9052626835316,249.32908860119045
2026-02-14 08:00:00+00:00,890.946,0.13099999999999978,4854.9075,420.91999999999996,2250.246,265.024,553.7656658581102,2.2748643875313284,2022.931058519791,1106.522266163794,1907.0728228943804,249.91264819862155,517.1155107490081,2.167402700892857,1834.600113635913,1129.9374063640873,1906.9052626835316,249.32908860119045,517.1155107490081,2.167402700892857,1834.600113635913,1129.9374063640873,1906.9052626835316,249.32908860119045
2026-02-14 09:00:00+00:00,895.1532500000001,0.13099999999999978,4834.6705,452.74299999999994,2181.5305,265.063,556.4255266748987,2.2748643875313284,2047.8333658741926,1113.9064818314007,1908.4449251163935,249.91264819862155,517.1155107490081,2.167402700892857,1834.600113635913,1129.9374063640873,1906.9052626835316,249.32908860119045,517.1155107490081,2.167402700892857,1834.600113635913,1129.9374063640873,1906.9052626835316,249.32908860119045
2026-02-14 10:00:00+00:00,901.20475,0.13099999999999978,4774.4310000000005,406.09850000000006,2125.58025,270.997,558.6494536450551,2.2748643875313284,2051.6181365765597,1121.2906974990076,1909.484326781501,249.91264819862155,517.1155107490081,2.167402700892857,1834.600113635913,1129.9374063640873,1906.9052626835316,249.32908860119045,517.1155107490081,2.167402700892857,1834.600113635913,1129.9374063640873,1906.9052626835316,249.32908860119045
2026-02-14 11:00:00+00:00,909.39275,0.13099999999999978,4753.615,414.23825,2048.07225,272.975,561.7828964345788,2.2748643875313284,2061.8661188868573,1128.6749131666143,1911.022657458477,249.91264819862155,517.1155107490081,2.167402700892857,1834.600113635913,1129.9374063640873,1906.9052626835316,249.32908860119045,517.1155107490081,2.167402700892857,1834.600113635913,1129.9374063640873,1906.9052626835316,249.32908860119045
2026-02-14 12:00:00+00:00,913.9512500000001,0.13099999999999978,4783.20175,384.26599999999996,2031.821,273.648,566.0760602145787,2.2748643875313284,2046.75757107129,1136.0591288342212,1913.5699524297777,249.91264819862155,517.1155107490081,2.167402700892857,1834.600113635913,1129.9374063640873,1906.9052626835316,249.32908860119045,517.1155107490081,2.167402700892857,1834.600113635913,1129.9374063640873,1906.9052626835316,249.32908860119045
2026-02-14 13:00:00+00:00,915.4625000000001,0.13099999999999978,4774.985000000001,555.9907499999999,2040.71175,273.015,569.2857940066053,2.2748643875313284,2046.2669175657447,1143.4433445018278,1916.1238990621046,249.91264819862155,517.1155107490081,2.167402700892857,1834.600113635913,1129.9374063640873,1906.9052626835316,249.32908860119045,517.1155107490081,2.167402700892857,1834.600113635913,1129.9374063640873,1906.9052626835316,249.32908860119045
2026-02-14 14:00:00+00:00,915.4792500000001,0.13099999999999978,4852.6685,761.44575,2090.21575,272.975,573.8237815105427,2.2748643875313284,2077.961268081926,1150.8275601694347,1919.363201660672,249.91264819862155,517.1155107490081,2.167402700892857,1834.600113635913,1129.9374063640873,1906.9052626835316,249.32908860119045,517.1155107490081,2.167402700892857,1834.600113635913,1129.9374063640873,1906.9052626835316,249.32908860119045
2026-02-14 15:00:00+00:00,971.67575,0.13099999999999978,4931.52425,835.9005000000001,2198.35275,272.975,581.9037984437705,2.2748643875313284,2119.018935298689,1158.2117758370416,1922.9824379114764,249.91264819862155,517.1155107490081,2.167402700892857,1834.600113635913,1129.9374063640873,1906.9052626835316,249.32908860119045,517.1155107490081,2.167402700892857,1834.600113635913,1129.9374063640873,1906.9052626835316,249.32908860119045
2026-02-14 16:00:00+00:00,1039.2215,0.13099999999999978,4981.8595000000005,1464.48675,2278.7995,272.936,591.0760847453026,2.2748643875313284,2204.60182918381,1165.5959915046483,1928.3885678081012,249.91264819862155,517.1155107490081,2.167402700892857,1834.600113635913,1129.9374063640873,1906.9052626835316,249.32908860119045,517.1155107490081,2.167402700892857,1834.600113635913,1129.9374063640873,1906.9052626835316,249.32908860119045
2026-02-14 17:00:00+00:00,1041.71825,0.13099999999999978,4994.7880000000005,1609.7322499999998,2301.24725,272.936,595.1059297401691,2.2748643875313284,2270.4464935062288,1172.9802071722552,1933.3295186937635,249.91264819862155,517.1155107490081,2.167402700892857,1834.600113635913,1129.9374063640873,1906.9052626835316,249.32908860119045,517.1155107490081,2.167402700892857,1834.600113635913,1129.9374063640873,1906.9052626835316,249.32908860119045
2026-02-14 18:00:00+00:00,1039.44325,0.13099999999999978,4979.46775,1523.1960000000001,2256.83075,272.896,592.0287157153333,2.2748643875313284,2265.591020691716,1180.3644228398618,1937.0043456297449,249.91264819862155,517.1155107490081,2.167402700892857,1834.600113635913,1129.9374063640873,1906.9052626835316,249.32908860119045,517.1155107490081,2.167402700892857,1834.600113635913,1129.9374063640873,1906.9052626835316,249.32908860119045
2026-02-14 19:00:00+00:00,970.85825,0.13099999999999978,5005.2455,1127.6565000000003,2161.146,272.936,585.218825307001,2.2748643875313284,2199.3920236181166,1187.7486385074687,1940.0982309226015,249.91264819862155,517.1155107490081,2.167402700892857,1834.600113635913,1129.9374063640873,1906.9052626835316,249.32908860119045,517.1155107490081,2.167402700892857,1834.600113635913,1129.9374063640873,1906.9052626835316,249.32908860119045
2026-02-14 20:00:00+00:00,901.32575,0.13099999999999978,4926.782999999999,618.797,2073.26925,272.975,580.5790246693157,2.2748643875313284,2162.2177750439077,1195.1328541750754,1943.2865822113033,249.91264819862155,517.1155107490081,2.167402700892857,1834.600113635913,1129.9374063640873,1906.9052626835316,249.32908860119045,517.1155107490081,2.167402700892857,1834.600113635913,1129.9374063640873,1906.9052626835316,249.32908860119045
2026-02-14 21:00:00+00:00,910.7465,0.13099999999999978,4884.94725,382.60799999999995,2008.45575,273.055,577.673576703073,2.2748643875313284,2150.773404740666,1202.5170698426823,1946.6312200351879,249.91264819862155,517.1155107490081,2.167402700892857,1834.600113635913,1129.9374063640873,1906.9052626835316,249.32908860119045,517.1155107490081,2.167402700892857,1834.600113635913,1129.9374063640873,1906.9052626835316,249.32908860119045
2026-02-14 22:00:00+00:00,922.40825,0.13099999999999978,4868.236,376.254,1967.0595,273.094,569.9589759367213,2.2748643875313284,2119.0279410824587,1209.901285510289,1949.9198968543694,249.91264819862155,517.1155107490081,2.167402700892857,1834.600113635913,1129.9374063640873,1906.9052626835316,249.32908860119045,517.1155107490081,2.167402700892857,1834.600113635913,1129.9374063640873,1906.9052626835316,249.32908860119045
2026-02-14 23:00:00+00:00,908.55375,0.13099999999999978,4187.84425,352.19849999999997,1925.725,269.771,560.5036887159681,2.2748643875313284,2061.623209996309,1217.2855011778959,1953.0676665239212,249.91264819862155,517.1155107490081,2.167402700892857,1834.600113635913,1129.9374063640873,1906.9052626835316,249.32908860119045,517.1155107490081,2.167402700892857,1834.600113635913,1129.9374063640873,1906.9052626835316,249.32908860119045
2026-02-15 00:00:00+00:00,906.5035,0.13099999999999978,3828.649,356.2175,1915.94875,270.206,545.80840446838,2.2748643875313284,1948.4871854083544,1047.4485408229395,1889.9198950704028,249.91264819862155,517.1155107490081,2.167402700892857,1834.600113635913,1129.9374063640873,1906.9052626835316,249.32908860119045,517.1155107490081,2.167402700892857,1834.600113635913,1129.9374063640873,1906.9052626835316,249.32908860119045
2026-02-15 01:00:00+00:00,905.485,0.13099999999999978,3335.3737499999997,360.69000000000005,1908.61725,269.89,540.0425545545422,2.2748643875313284,1941.5032320391304,1054.8327564905464,1893.393285872734,249.91264819862155,517.1155107490081,2.167402700892857,1834.600113635913,1129.9374063640873,1906.9052626835316,249.32908860119045,517.1155107490081,2.167402700892857,1834.600113635913,1129.9374063640873,1906.9052626835316,249.32908860119045
2026-02-15 02:00:00+00:00,907.601,0.13099999999999978,3015.2127499999997,362.02374999999995,1907.012,269.178,536.4114622076602,2.2748643875313284,1942.0887800243358,1062.216972158153,1896.6878154657718,249.91264819862155,517.1155107490081,2.167402700892857,1834.600113635913,1129.9374063640873,1906.9052626835316,249.32908860119045,517.1155107490081,2.167402700892857,1834.600113635913,1129.9374063640873,1906.9052626835316,249.32908860119045
2026-02-15 03:00:00+00:00,900.63675,0.13099999999999978,2940.12975,358.96174999999994,1925.58225,269.217,533.4694848079316,2.2748643875313284,1936.331194059019,1069.60118782576,1899.8059884896545,249.91264819862155,517.1155107490081,2.167402700892857,1834.600113635913,1129.9374063640873,1906.9052626835316,249.32908860119045,517.1155107490081,2.167402700892857,1834.600113635913,1129.9374063640873,1906.9052626835316,249.32908860119045
2026-02-15 04:00:00+00:00,886.8175,0.13099999999999978,2992.4595,368.30774999999994,1965.72225,269.257,533.144248838873,2.2748643875313284,1933.4372558934806,1076.9854034933667,1902.747740568124,249.91264819862155,517.1155107490081,2.167402700892857,1834.600113635913,1129.9374063640873,1906.9052626835316,249.32908860119045,517.1155107490081,2.167402700892857,1834.600113635913,1129.9374063640873,1906.9052626835316,249.32908860119045
2026-02-15 05:00:00+00:00,863.1347499999999,0.13099999999999978,2992.04775,368.58475,2098.84375,251.45425,530.3061761048162,2.2748643875313284,1924.2859216407523,1084.3696191609736,1905.657391097745,249.91264819862155,517.1155107490081,2.167402700892857,1834.600113635913,1129.9374063640873,1906.9052626835316,249.32908860119045,517.1155107490081,2.167402700892857,1834.600113635913,1129.9374063640873,1906.9052626835316,249.32908860119045
2026-02-15 06:00:00+00:00,747.369,0.13099999999999978,2847.7895,365.4575,2234.891,245.52,527.2793270687655,2.2748643875313284,1928.2033938131399,1091.7538348285802,1908.114489451321,249.91264819862155,517.1155107490081,2.167402700892857,1834.600113635913,1129.9374063640873,1906.9052626835316,249.32908860119045,517.1155107490081,2.167402700892857,1834.600113635913,1129.9374063640873,1906.9052626835316,249.32908860119045
2026-02-15 07:00:00+00:00,706.7645,0.13099999999999978,2853.0775000000003,460.77125,2269.21925,245.48,521.5814687370923,2.2748643875313284,1944.4540338319189,1099.1380504961871,1910.8315476301896,249.91264819862155,517.1155107490081,2.167402700892857,1834.600113635913,1129.9374063640873,1906.9052626835316,249.32908860119045,517.1155107490081,2.167402700892857,1834.600113635913,1129.9374063640873,1906.9052626835316,249.32908860119045
2026-02-15 08:00:00+00:00,603.102,0.13099999999999978,2670.68025,436.58375,2220.802,245.361,507.2600636051253,2.2748643875313284,1919.3622571758362,1106.522266163794,1912.9005956148312,249.91264819862155,517.1155107490081,2.167402700892857,1834.600113635913,1129.9374063640873,1906.9052626835316,249.32908860119045,517.1155107490081,2.167402700892857,1834.600113635913,1129.9374063640873,1906.9052626835316,249.32908860119045
2026-02-15 09:00:00+00:00,468.83275000000003,0.13099999999999978,2209.5535,375.41824999999994,2148.15275,245.203,496.81940252223734,2.2748643875313284,1871.36416446451,1113.9064818314007,1914.7218242114725,249.91264819862155,517.1155107490081,2.167402700892857,1834.600113635913,1129.9374063640873,1906.9052626835316,249.32908860119045,517.1155107490081,2.167402700892857,1834.600113635913,1129.9374063640873,1906.9052626835316,249.32908860119045
2026-02-15 10:00:00+00:00,227.98825,0.13099999999999978,2088.64625,375.3085,2089.784,251.177,486.7351191659032,2.2748643875313284,1801.0424530957005,1121.2906974990076,1916.4050788418904,249.91264819862155,517.1155107490081,2.167402700892857,1834.600113635913,1129.9374063640873,1906.9052626835316,249.32908860119045,517.1155107490081,2.167402700892857,1834.600113635913,1129.9374063640873,1906.9052626835316,249.32908860119045
2026-02-15 11:00:00+00:00,183.89999999999998,0.13099999999999978,2042.6385,379.31774999999993,2016.559,253.946,476.1975860625533,2.2748643875313284,1710.494794816232,1128.6749131666143,1917.9197261031343,249.91264819862155,517.1155107490081,2.167402700892857,1834.600113635913,1129.9374063640873,1906.9052626835316,249.32908860119045,517.1155107490081,2.167402700892857,1834.600113635913,1129.9374063640873,1906.9052626835316,249.32908860119045
2026-02-15 12:00:00+00:00,181.5,0.13099999999999978,1979.1475,387.4682499999999,1988.0765000000001,255.647,466.993532477498,2.2748643875313284,1603.3429707465868,1136.0591288342212,1920.7480331110312,249.91264819862155,517.1155107490081,2.167402700892857,1834.600113635913,1129.9374063640873,1906.9052626835316,249.32908860119045,517.1155107490081,2.167402700892857,1834.600113635913,1129.9374063640873,1906.9052626835316,249.32908860119045
2026-02-15 13:00:00+00:00,180.39999999999998,0.13099999999999978,1977.6585,383.8332499999999,2000.8485,255.291,460.69856528532796,2.2748643875313284,1619.7521172271254,1143.4433445018278,1922.6281559216802,249.91264819862155,517.1155107490081,2.167402700892857,1834.600113635913,1129.9374063640873,1906.9052626835316,249.32908860119045,517.1155107490081,2.167402700892857,1834.600113635913,1129.9374063640873,1906.9052626835316,249.32908860119045
2026-02-15 14:00:00+00:00,190.39999999999998,0.13099999999999978,2018.06625,377.30625,2037.72675,256.518,463.36061584788445,2.2748643875313284,1747.5108529880838,1150.8275601694347,1925.1443896033259,249.91264819862155,517.1155107490081,2.167402700892857,1834.600113635913,1129.9374063640873,1906.9052626835316,249.32908860119045,517.1155107490081,2.167402700892857,1834.600113635913,1129.9374063640873,1906.9052626835316,249.32908860119045
2026-02-15 15:00:00+00:00,177.39999999999998,0.13099999999999978,2157.9195,526.3152500000001,2140.9955,265.10275,474.13712619289925,2.2748643875313284,1849.760426263363,1158.2117758370416,1927.98179208676,249.91264819862155,517.1155107490081,2.167402700892857,1834.600113635913,1129.9374063640873,1906.9052626835316,249.32908860119045,517.1155107490081,2.167402700892857,1834.600113635913,1129.9374063640873,1906.9052626835316,249.32908860119045
2026-02-15 16:00:00+00:00,173.89999999999998,0.13099999999999978,2196.41775,1022.144,2221.89525,269.019,477.8483660158553,2.2748643875313284,1899.2190689528416,1165.5959915046483,1931.7163668080573,249.91264819862155,517.1155107490081,2.167402700892857,1834.600113635913,1129.9374063640873,1906.9052626835316,249.32908860119045,517.1155107490081,2.167402700892857,1834.600113635913,1129.9374063640873,1906.9052626835316,249.32908860119045
2026-02-15 17:00:00+00:00,201.39999999999998,0.13099999999999978,2193.876,812.50675,2244.4342500000002,268.98,475.29121268943953,2.2748643875313284,1945.1088086241073,1172.9802071722552,1935.3071080926131,249.91264819862155,517.1155107490081,2.167402700892857,1834.600113635913,1129.9374063640873,1906.9052626835316,249.32908860119045,517.1155107490081,2.167402700892857,1834.600113635913,1129.9374063640873,1906.9052626835316,249.32908860119045
2026-02-15 18:00:00+00:00,182.39999999999998,0.13099999999999978,2165.23875,561.153,2215.5204999999996,268.98,462.62819728038977,2.2748643875313284,1928.0395787636808,1180.3644228398618,1938.8960745721363,249.91264819862155,517.1155107490081,2.167402700892857,1834.600113635913,1129.9374063640873,1906.9052626835316,249.32908860119045,517.1155107490081,2.167402700892857,1834.600113635913,1129.9374063640873,1906.9052626835316,249.32908860119045
2026-02-15 19:00:00+00:00,186.39999999999998,0.13099999999999978,2121.7365,422.61725,2126.41925,268.98,458.18769596603784,2.2748643875313284,1930.6143774297789,1187.7486385074687,1942.282993455248,249.91264819862155,517.1155107490081,2.167402700892857,1834.600113635913,1129.9374063640873,1906.9052626835316,249.32908860119045,517.1155107490081,2.167402700892857,1834.600113635913,1129.9374063640873,1906.9052626835316,249.32908860119045
2026-02-15 20:00:00+00:00,193.8,0.13099999999999978,2068.70325,397.06375,2050.9595,268.94,457.3007154076437,2.2748643875313284,1922.5214373591807,1195.1328541750754,1945.9878452084774,249.91264819862155,517.1155107490081,2.167402700892857,1834.600113635913,1129.9374063640873,1906.9052626835316,249.32908860119045,517.1155107490081,2.167402700892857,1834.600113635913,1129.9374063640873,1906.9052626835316,249.32908860119045
2026-02-15 21:00:00+00:00,178.39999999999998,0.13099999999999978,2008.5172499999999,470.1115,1985.4085,268.94,469.2060942069312,2.2748643875313284,1940.3118526585572,1202.5170698426823,1948.8017518543618,249.91264819862155,517.1155107490081,2.167402700892857,1834.600113635913,1129.9374063640873,1906.9052626835316,249.32908860119045,517.1155107490081,2.167402700892857,1834.600113635913,1129.9374063640873,1906.9052626835316,249.32908860119045
2026-02-15 22:00:00+00:00,175.10000000000002,0.13099999999999978,2007.3542499999999,408.00199999999995,1944.33675,268.94,465.349381599892,2.2748643875313284,1881.322930772439,1209.901285510289,1951.364912593052,249.91264819862155,517.1155107490081,2.167402700892857,1834.600113635913,1129.9374063640873,1906.9052626835316,249.32908860119045,517.1155107490081,2.167402700892857,1834.600113635913,1129.9374063640873,1906.9052626835316,249.32908860119045
2026-02-15 23:00:00+00:00,174.89999999999998,0.13099999999999978,1899.67175,392.3187499999999,1903.80575,272.936,461.9994768108009,2.2748643875313284,1829.7886904743903,1217.2855011778959,1953.9230705835491,249.91264819862155,517.1155107490081,2.167402700892857,1834.600113635913,1129.9374063640873,1906.9052626835316,249.32908860119045,517.1155107490081,2.167402700892857,1834.600113635913,1129.9374063640873,1906.9052626835316,249.32908860119045
2026-02-16 00:00:00+00:00,173.8,0.13099999999999978,1897.62675,401.70624999999995,1886.2627499999999,272.936,450.0293552703904,2.2748643875313284,1718.097554948868,1047.4485408229395,1890.981432326449,249.91264819862155,517.1155107490081,2.167402700892857,1834.600113635913,1129.9374063640873,1906.9052626835316,249.32908860119045,517.1155107490081,2.167402700892857,1834.600113635913,1129.9374063640873,1906.9052626835316,249.32908860119045
2026-02-16 01:00:00+00:00,175.89999999999998,0.13099999999999978,1896.0752499999999,448.4575,1875.74025,272.975,450.82649003252374,2.2748643875313284,1701.7846571387925,1054.8327564905464,1892.327357461892,249.91264819862155,517.1155107490081,2.167402700892857,1834.600113635913,1129.9374063640873,1906.9052626835316,249.32908860119045,517.1155107490081,2.167402700892857,1834.600113635913,1129.9374063640873,1906.9052626835316,249.32908860119045
2026-02-16 02:00:00+00:00,174.10000000000002,0.13099999999999978,1901.0462499999999,509.90625,1871.4965,272.975,452.2389047306974,2.2748643875313284,1687.2972873540182,1062.216972158153,1891.0740444591956,249.91264819862155,517.1155107490081,2.167402700892857,1834.600113635913,1129.9374063640873,1906.9052626835316,249.32908860119045,517.1155107490081,2.167402700892857,1834.600113635913,1129.9374063640873,1906.9052626835316,249.32908860119045
2026-02-16 03:00:00+00:00,187.2,0.13099999999999978,1911.12025,506.6332500000001,1884.0417499999999,272.975,458.41721909243546,2.2748643875313284,1674.8020686892926,1069.60118782576,1892.5940689588442,249.91264819862155,517.1155107490081,2.167402700892857,1834.600113635913,1129.9374063640873,1906.9052626835316,249.32908860119045,517.1155107490081,2.167402700892857,1834.600113635913,1129.9374063640873,1906.9052626835316,249.32908860119045
2026-02-16 04:00:00+00:00,209.3,0.13099999999999978,1975.699,485.33175000000006,1910.11575,273.015,477.62950907493166,2.2748643875313284,1723.7001117519353,1076.9854034933667,1895.498107948905,249.91264819862155,517.1155107490081,2.167402700892857,1834.600113635913,1129.9374063640873,1906.9052626835316,249.32908860119045,517.1155107490081,2.167402700892857,1834.600113635913,1129.9374063640873,1906.9052626835316,249.32908860119045
2026-02-16 05:00:00+00:00,223.10000000000002,0.13099999999999978,2085.3247499999998,479.63824999999997,1996.787,264.11325,497.83661316897195,2.2748643875313284,1875.9918510264745,1084.3696191609736,1898.6558837774126,249.91264819862155,517.1155107490081,2.167402700892857,1834.600113635913,1129.9374063640873,1906.9052626835316,249.32908860119045,517.1155107490081,2.167402700892857,1834.600113635913,1129.9374063640873,1906.9052626835316,249.32908860119045
2026-02-16 06:00:00+00:00,251.029,0.13099999999999978,2715.25,602.206,2117.557,261.146,514.2201378905354,2.2748643875313284,1973.0079629597435,1091.7538348285802,1902.3741608926032,249.91264819862155,517.1155107490081,2.167402700892857,1834.600113635913,1129.9374063640873,1906.9052626835316,249.32908860119045,517.1155107490081,2.167402700892857,1834.600113635913,1129.9374063640873,1906.9052626835316,249.32908860119045
2026-02-16 07:00:00+00:00,496.62175,0.13099999999999978,3628.12575,562.1645000000001,2163.187,261.186,524.7584835510806,2.2748643875313284,2038.1573032123038,1099.1380504961871,1905.713907493742,249.91264819862155,517.1155107490081,2.167402700892857,1834.600113635913,1129.9374063640873,1906.9052626835316,249.32908860119045,517.1155107490081,2.167402700892857,1834.600113635913,1129.9374063640873,1906.9052626835316,249.32908860119045
2026-02-16 08:00:00+00:00,646.249,0.13099999999999978,3883.7375,622.1565,2145.50525,261.186,528.5523627120092,2.2748643875313284,2031.2075999309718,1106.522266163794,1905.875972572119,249.91264819862155,517.1155107490081,2.167402700892857,1834.600113635913,1129.9374063640873,1906.9052626835316,249.32908860119045,517.1155107490081,2.167402700892857,1834.600113635913,1129.9374063640873,1906.9052626835316,249.32908860119045
2026-02-16 09:00:00+00:00,765.11275,0.13099999999999978,3811.80425,534.0930000000001,2084.763,261.226,530.690371362394,2.2748643875313284,1989.8200990618752,1113.9064818314007,1906.6639549541994,249.91264819862155,517.1155107490081,2.167402700892857,1834.600113635913,1129.9374063640873,1906.9052626835316,249.32908860119045,517.1155107490081,2.167402700892857,1834.600113635913,1129.9374063640873,1906.9052626835316,249.32908860119045
2026-02-16 10:00:00+00:00,659.23,0.13099999999999978,3735.21,631.55,2042.43125,270.127,530.9043329383626,2.2748643875313284,1981.6281223735696,1121.2906974990076,1907.1850208248272,249.91264819862155,517.1155107490081,2.167402700892857,1834.600113635913,1129.9374063640873,1906.9052626835316,249.32908860119045,517.1155107490081,2.167402700892857,1834.600113635913,1129.9374063640873,1906.9052626835316,249.32908860119045
2026-02-16 11:00:00+00:00,633.42175,0.13099999999999978,3633.2355,721.048,1979.79,273.411,532.3392271749074,2.2748643875313284,1964.3577560170193,1128.6749131666143,1909.5801830257071,249.91264819862155,517.1155107490081,2.167402700892857,1834.600113635913,1129.9374063640873,1906.9052626835316,249.32908860119045,517.1155107490081,2.167402700892857,1834.600113635913,1129.9374063640873,1906.9052626835316,249.32908860119045
2026-02-16 12:00:00+00:00,635.75775,0.13099999999999978,3492.831,520.88375,1962.77225,274.597,534.6995422355171,2.2748643875313284,1963.5390470548814,1136.0591288342212,1911.7637157490892,249.91264819862155,517.1155107490081,2.167402700892857,1834.600113635913,1129.9374063640873,1906.9052626835316,249.32908860119045,517.1155107490081,2.167402700892857,1834.600113635913,1129.9374063640873,1906.9052626835316,249.32908860119045
2026-02-16 13:00:00+00:00,665.88325,0.13099999999999978,3662.366,607.52525,1967.29325,274.044,540.6287043622906,2.2748643875313284,1984.6732965701785,1143.4433445018278,1914.0105921170057,249.91264819862155,517.1155107490081,2.167402700892857,1834.600113635913,1129.9374063640873,1906.9052626835316,249.32908860119045,517.1155107490081,2.167402700892857,1834.600113635913,1129.9374063640873,1906.9052626835316,249.32908860119045
2026-02-16 14:00:00+00:00,838.3955000000001,0.13099999999999978,4020.594,540.241,2000.1125,274.4,552.5109176790373,2.2748643875313284,2005.8403643320996,1150.8275601694347,1916.5456822548138,249.91264819862155,517.1155107490081,2.167402700892857,1834.600113635913,1129.9374063640873,1906.9052626835316,249.32908860119045,517.1155107490081,2.167402700892857,1834.600113635913,1129.9374063640873,1906.9052626835316,249.32908860119045
2026-02-16 15:00:00+00:00,958.5137499999998,0.13099999999999978,4183.12575,848.193,2089.4595,277.446,565.3932992399571,2.2748643875313284,2096.419977934316,1158.2117758370416,1920.4813252779932,249.91264819862155,517.1155107490081,2.167402700892857,1834.600113635913,1129.9374063640873,1906.9052626835316,249.32908860119045,517.1155107490081,2.167402700892857,1834.600113635913,1129.9374063640873,1906.9052626835316,249.32908860119045
2026-02-16 16:00:00+00:00,1000.38775,0.13099999999999978,4248.8372500000005,1153.062,2199.19,286.466,573.810704670328,2.2748643875313284,2171.1276938848187,1165.5959915046483,1924.7940342735722,249.91264819862155,517.1155107490081,2.167402700892857,1834.600113635913,1129.9374063640873,1906.9052626835316,249.32908860119045,517.1155107490081,2.167402700892857,1834.600113635913,1129.9374063640873,1906.9052626835316,249.32908860119045
2026-02-16 17:00:00+00:00,1062.1889999999999,0.13099999999999978,4254.66075,1272.22475,2233.45425,293.627,577.9991068344882,2.2748643875313284,2228.363989642843,1172.9802071722552,1930.4291237956784,249.91264819862155,517.1155107490081,2.167402700892857,1834.600113635913,1129.9374063640873,1906.9052626835316,249.32908860119045,517.1155107490081,2.167402700892857,1834.600113635913,1129.9374063640873,1906.9052626835316,249.32908860119045
2026-02-16 18:00:00+00:00,1010.2592500000001,0.13099999999999978,4252.5405,1318.2315000000003,2215.19925,285.081,573.9299862144491,2.2748643875313284,2215.918472636725,1180.3644228398618,1934.1347673265216,249.91264819862155,517.1155107490081,2.167402700892857,1834.600113635913,1129.9374063640873,1906.9052626835316,249.32908860119045,517.1155107490081,2.167402700892857,1834.600113635913,1129.9374063640873,1906.9052626835316,249.32908860119045
2026-02-16 19:00:00+00:00,950.64075,0.13099999999999978,4213.12225,931.9842500000001,2146.88,276.14,565.92259545499,2.2748643875313284,2143.637539668678,1187.7486385074687,1936.1598212553852,249.91264819862155,517.1155107490081,2.167402700892857,1834.600113635913,1129.9374063640873,1906.9052626835316,249.32908860119045,517.1155107490081,2.167402700892857,1834.600113635913,1129.9374063640873,1906.9052626835316,249.32908860119045
2026-02-16 20:00:00+00:00,888.71075,0.13099999999999978,4015.178,718.77375,2070.74575,273.055,561.5025898624875,2.2748643875313284,2056.452107749355,1195.1328541750754,1939.7160816862518,249.91264819862155,517.1155107490081,2.167402700892857,1834.600113635913,1129.9374063640873,1906.9052626835316,249.32908860119045,517.1155107490081,2.167402700892857,1834.600113635913,1129.9374063640873,1906.9052626835316,249.32908860119045
2026-02-16 21:00:00+00:00,803.82525,0.13099999999999978,3687.7707500000006,569.0385000000001,2018.127,273.846,558.0508902263325,2.2748643875313284,1952.0792218947738,1202.5170698426823,1943.3998814598588,249.91264819862155,517.1155107490081,2.167402700892857,1834.600113635913,1129.9374063640873,1906.9052626835316,249.32908860119045,517.1155107490081,2.167402700892857,1834.600113635913,1129.9374063640873,1906.9052626835316,249.32908860119045
2026-02-16 22:00:00+00:00,691.2005,0.13099999999999978,3495.79525,527.211,1978.0839999999998,273.055,555.3342058009065,2.2748643875313284,1866.893676881266,1209.901285510289,1946.981527263917,249.91264819862155,517.1155107490081,2.167402700892857,1834.600113635913,1129.9374063640873,1906.9052626835316,249.32908860119045,517.1155107490081,2.167402700892857,1834.600113635913,1129.9374063640873,1906.9052626835316,249.32908860119045
2026-02-16 23:00:00+00:00,603.406,0.13099999999999978,3334.4955,476.2639999999999,1943.6685,254.223,551.3524685210162,2.2748643875313284,1812.2540012035208,1217.2855011778959,1950.104275126954,249.91264819862155,517.1155107490081,2.167402700892857,1834.600113635913,1129.9374063640873,1906.9052626835316,249.32908860119045,517.1155107490081,2.167402700892857,1834.600113635913,1129.9374063640873,1906.9052626835316,249.32908860119045
2026-02-17 00:00:00+00:00,601.4757500000001,0.13099999999999978,3356.7472500000003,472.45849999999996,1929.952,253.234,536.9276595696333,2.2748643875313284,1702.7078164261648,1047.4485408229395,1886.8029629563816,249.91264819862155,517.1155107490081,2.167402700892857,1834.600113635913,1129.9374063640873,1906.9052626835316,249.32908860119045,517.1155107490081,2.167402700892857,1834.600113635913,1129.9374063640873,1906.9052626835316,249.32908860119045
2026-02-17 01:00:00+00:00,601.25425,0.13099999999999978,3326.065,457.62725,1920.5505,253.274,531.968530446683,2.2748643875313284,1708.245569219241,1054.8327564905464,1888.3737584874327,249.91264819862155,517.1155107490081,2.167402700892857,1834.600113635913,1129.9374063640873,1906.9052626835316,249.32908860119045,517.1155107490081,2.167402700892857,1834.600113635913,1129.9374063640873,1906.9052626835316,249.32908860119045
2026-02-17 02:00:00+00:00,599.1995,0.13099999999999978,3334.58175,463.91724999999997,1907.32025,253.274,529.8439494425453,2.2748643875313284,1731.164795389914,1062.216972158153,1890.9112889730545,249.91264819862155,517.1155107490081,2.167402700892857,1834.600113635913,1129.9374063640873,1906.9052626835316,249.32908860119045,517.1155107490081,2.167402700892857,1834.600113635913,1129.9374063640873,1906.9052626835316,249.32908860119045
2026-02-17 03:00:00+00:00,603.2025,0.13099999999999978,3320.72525,498.1712500000001,1921.0475000000001,253.274,529.0456127721365,2.2748643875313284,1783.9416334845205,1069.60118782576,1894.1359460677622,249.91264819862155,517.1155107490081,2.167402700892857,1834.600113635913,1129.9374063640873,1906.9052626835316,249.32908860119045,517.1155107490081,2.167402700892857,1834.600113635913,1129.9374063640873,1906.9052626835316,249.32908860119045
2026-02-17 04:00:00+00:00,658.9385,0.13099999999999978,3406.5860000000002,523.35925,1957.3375,253.274,534.5444808120632,2.2748643875313284,1852.9996620540246,1076.9854034933667,1895.960723153749,249.91264819862155,517.1155107490081,2.167402700892857,1834.600113635913,1129.9374063640873,1906.9052626835316,249.32908860119045,517.1155107490081,2.167402700892857,1834.600113635913,1129.9374063640873,1906.9052626835316,249.32908860119045
2026-02-17 05:00:00+00:00,946.686,0.13099999999999978,3889.8059999999996,798.47125,2051.54025,247.3495,549.3953402960676,2.2748643875313284,2026.0164328986305,1084.3696191609736,1899.4950135272213,249.91264819862155,517.1155107490081,2.167402700892857,1834.600113635913,1129.9374063640873,1906.9052626835316,249.32908860119045,517.1155107490081,2.167402700892857,1834.600113635913,1129.9374063640873,1906.9052626835316,249.32908860119045
2026-02-17 06:00:00+00:00,1139.59325,0.13099999999999978,4232.9205,883.935,2146.1775,238.78425000000001,564.5730425952471,2.2748643875313284,2133.7642507604883,1091.7538348285802,1902.1874848916577,249.91264819862155,517.1155107490081,2.167402700892857,1834.600113635913,1129.9374063640873,1906.9052626835316,249.32908860119045,517.1155107490081,2.167402700892857,1834.600113635913,1129.9374063640873,1906.9052626835316,249.32908860119045
2026-02-17 07:00:00+00:00,1192.47075,0.13099999999999978,4238.47275,1062.5615,2182.23675,236.31175000000002,569.2537415736871,2.2748643875313284,2144.0672492498657,1099.1380504961871,1904.8737292995486,249.91264819862155,517.1155107490081,2.167402700892857,1834.600113635913,1129.9374063640873,1906.9052626835316,249.32908860119045,517.1155107490081,2.167402700892857,1834.600113635913,1129.9374063640873,1906.9052626835316,249.32908860119045
2026-02-17 08:00:00+00:00,1197.6664999999998,0.13099999999999978,4221.53875,1059.8045,2167.2765,234.22475,567.8915279670073,2.2748643875313284,2107.160408800432,1106.522266163794,1906.7940054829483,249.91264819862155,517.1155107490081,2.167402700892857,1834.600113635913,1129.9374063640873,1906.9052626835316,249.32908860119045,517.1155107490081,2.167402700892857,1834.600113635913,1129.9374063640873,1906.9052626835316,249.32908860119045
2026-02-17 09:00:00+00:00,1085.19275,0.13099999999999978,4228.742,791.1880000000001,2122.298,233.532,565.6213793742015,2.2748643875313284,2067.230196603182,1113.9064818314007,1907.9228053434892,249.91264819862155,517.1155107490081,2.167402700892857,1834.600113635913,1129.9374063640873,1906.9052626835316,249.32908860119045,517.1155107490081,2.167402700892857,1834.600113635913,1129.9374063640873,1906.9052626835316,249.32908860119045
2026-02-17 10:00:00+00:00,957.31025,0.13099999999999978,4004.01875,673.02875,2078.276,239.46675,566.7153712081622,2.2748643875313284,2014.7974093254254,1121.2906974990076,1909.7155419554358,249.91264819862155,517.1155107490081,2.167402700892857,1834.600113635913,1129.9374063640873,1906.9052626835316,249.32908860119045,517.1155107490081,2.167402700892857,1834.600113635913,1129.9374063640873,1906.9052626835316,249.32908860119045
2026-02-17 11:00:00+00:00,868.19825,0.13099999999999978,3829.9885,692.9992500000001,2014.5995,241.484,564.5373106592385,2.2748643875313284,1931.685930586002,1128.6749131666143,1911.179911518838,249.91264819862155,517.1155107490081,2.167402700892857,1834.600113635913,1129.9374063640873,1906.9052626835316,249.32908860119045,517.1155107490081,2.167402700892857,1834.600113635913,1129.9374063640873,1906.9052626835316,249.32908860119045
2026-02-17 12:00:00+00:00,865.44875,0.13099999999999978,3687.549,538.3405,1985.57075,242.196,555.9464307889856,2.2748643875313284,1872.5881732854398,1136.0591288342212,1914.1859820104996,249.91264819862155,517.1155107490081,2.167402700892857,1834.600113635913,1129.9374063640873,1906.9052626835316,249.32908860119045,517.1155107490081,2.167402700892857,1834.600113635913,1129.9374063640873,1906.9052626835316,249.32908860119045
2026-02-17 13:00:00+00:00,865.99525,0.08225000000000016,3788.3085,544.4177500000001,1983.1775,241.643,545.7552421208063,2.2748643875313284,1860.7255872768915,1143.4433445018278,1916.740475281443,249.91264819862155,517.1155107490081,2.167402700892857,1834.600113635913,1129.9374063640873,1906.9052626835316,249.32908860119045,517.1155107490081,2.167402700892857,1834.600113635913,1129.9374063640873,1906.9052626835316,249.32908860119045
2026-02-17 14:00:00+00:00,880.46575,0.06599999999999984,3990.91175,540.3715000000001,2009.69175,241.484,544.7055814662863,2.2748643875313284,1892.9285751588668,1150.8275601694347,1918.7315423135942,249.91264819862155,517.1155107490081,2.167402700892857,1834.600113635913,1129.9374063640873,1906.9052626835316,249.32908860119045,517.1155107490081,2.167402700892857,1834.600113635913,1129.9374063640873,1906.9052626835316,249.32908860119045
2026-02-17 15:00:00+00:00,1067.2910000000002,0.06599999999999984,4123.297500000001,582.8485000000001,2093.08925,262.21475,558.85098147312,2.2748643875313284,1952.1378862127633,1158.2117758370416,1922.3644489696242,249.91264819862155,517.1155107490081,2.167402700892857,1834.600113635913,1129.9374063640873,1906.9052626835316,249.32908860119045,517.1155107490081,2.167402700892857,1834.600113635913,1129.9374063640873,1906.9052626835316,249.32908860119045
2026-02-17 16:00:00+00:00,1152.259,0.06599999999999984,4243.41025,741.4302499999999,2185.04275,270.918,569.6698263391418,2.2748643875313284,2021.7877970134969,1165.5959915046483,1926.7668614617708,249.91264819862155,517.1155107490081,2.167402700892857,1834.600113635913,1129.9374063640873,1906.9052626835316,249.32908860119045,517.1155107490081,2.167402700892857,1834.600113635913,1129.9374063640873,1906.9052626835316,249.32908860119045
2026-02-17 17:00:00+00:00,1197.4525,0.06599999999999984,4291.86175,1103.1595,2229.6955,273.094,566.8346692156973,2.2748643875313284,2102.4727258317116,1172.9802071722552,1931.5127153222138,249.91264819862155,517.1155107490081,2.167402700892857,1834.600113635913,1129.9374063640873,1906.9052626835316,249.32908860119045,517.1155107490081,2.167402700892857,1834.600113635913,1129.9374063640873,1906.9052626835316,249.32908860119045
2026-02-17 18:00:00+00:00,1194.5327499999999,0.06599999999999984,4281.51125,740.065,2203.759,273.252,555.9459044695914,2.2748643875313284,2111.9331995922753,1180.3644228398618,1934.7696541676285,249.91264819862155,517.1155107490081,2.167402700892857,1834.600113635913,1129.9374063640873,1906.9052626835316,249.32908860119045,517.1155107490081,2.167402700892857,1834.600113635913,1129.9374063640873,1906.9052626835316,249.32908860119045
2026-02-17 19:00:00+00:00,1062.62875,0.06599999999999984,4153.21325,426.7505,2117.7345,269.99850000000004,541.3575984665881,2.2748643875313284,2049.059310666818,1187.7486385074687,1938.3860219395572,249.91264819862155,517.1155107490081,2.167402700892857,1834.600113635913,1129.9374063640873,1906.9052626835316,249.32908860119045,517.1155107490081,2.167402700892857,1834.600113635913,1129.9374063640873,1906.9052626835316,249.32908860119045
2026-02-17 20:00:00+00:00,958.2819999999999,0.06599999999999984,4098.2945,445.7080000000001,2036.109,269.019,531.8334202475214,2.2748643875313284,2034.0681020437341,1195.1328541750754,1941.966019287118,249.91264819862155,517.1155107490081,2.167402700892857,1834.600113635913,1129.9374063640873,1906.9052626835316,249.32908860119045,517.1155107490081,2.167402700892857,1834.600113635913,1129.9374063640873,1906.9052626835316,249.32908860119045
2026-02-17 21:00:00+00:00,871.58375,0.06599999999999984,3881.2397499999997,460.07674999999995,1992.1979999999999,269.03875,528.1851943469405,2.2748643875313284,1961.8841289830298,1202.5170698426823,1944.7651579587964,249.91264819862155,517.1155107490081,2.167402700892857,1834.600113635913,1129.9374063640873,1906.9052626835316,249.32908860119045,517.1155107490081,2.167402700892857,1834.600113635913,1129.9374063640873,1906.9052626835316,249.32908860119045
2026-02-17 22:00:00+00:00,857.85325,0.06599999999999984,3765.92,448.18325000000004,1956.89275,270.167,525.5421082627996,2.2748643875313284,1898.622894399354,1209.901285510289,1947.6062208618698,249.91264819862155,517.1155107490081,2.167402700892857,1834.600113635913,1129.9374063640873,1906.9052626835316,249.32908860119045,517.1155107490081,2.167402700892857,1834.600113635913,1129.9374063640873,1906.9052626835316,249.32908860119045
2026-02-17 23:00:00+00:00,857.7072499999999,0.06599999999999984,4546.232,441.34024999999997,1892.2175,247.063,528.5907246767491,2.2748643875313284,1876.9437951103914,1217.2855011778959,1951.2696992024769,249.91264819862155,517.1155107490081,2.167402700892857,1834.600113635913,1129.9374063640873,1906.9052626835316,249.32908860119045,517.1155107490081,2.167402700892857,1834.600113635913,1129.9374063640873,1906.9052626835316,249.32908860119045
2026-02-18 00:00:00+00:00,855.159,0.06599999999999984,4613.43425,446.6395,1870.07275,247.063,522.529910092129,2.2748643875313284,1804.9959515848839,1047.4485408229395,1887.1905811335491,249.91264819862155,517.1155107490081,2.167402700892857,1834.600113635913,1129.9374063640873,1906.9052626835316,249.32908860119045,517.1155107490081,2.167402700892857,1834.600113635913,1129.9374063640873,1906.9052626835316,249.32908860119045
2026-02-18 01:00:00+00:00,858.787,0.06599999999999984,4566.4685,454.741,1865.0845,246.35,526.7601578418195,2.2748643875313284,1832.72056566457,1054.8327564905464,1890.6321762871896,249.91264819862155,517.1155107490081,2.167402700892857,1834.600113635913,1129.9374063640873,1906.9052626835316,249.32908860119045,517.1155107490081,2.167402700892857,1834.600113635913,1129.9374063640873,1906.9052626835316,249.32908860119045
2026-02-18 02:00:00+00:00,865.39575,0.06599999999999984,4597.30675,450.10074999999995,1859.84025,245.23250000000002,533.2483513486497,2.2748643875313284,1878.232118074289,1062.216972158153,1893.946231705682,249.91264819862155,517.1155107490081,2.167402700892857,1834.600113635913,1129.9374063640873,1906.9052626835316,249.32908860119045,517.1155107490081,2.167402700892857,1834.600113635913,1129.9374063640873,1906.9052626835316,249.32908860119045
2026-02-18 03:00:00+00:00,880.59075,0.06599999999999984,4542.929,448.34574999999995,1872.2842500000002,241.64274999999998,544.509877479535,2.2748643875313284,1959.536361983047,1069.60118782576,1897.0058810722012,249.91264819862155,517.1155107490081,2.167402700892857,1834.600113635913,1129.9374063640873,1906.9052626835316,249.32908860119045,517.1155107490081,2.167402700892857,1834.600113635913,1129.9374063640873,1906.9052626835316,249.32908860119045
2026-02-18 04:00:00+00:00,943.8552500000001,0.06599999999999984,4704.50075,506.61275,1902.49375,241.37575,560.7246452873503,2.2748643875313284,2088.058735496323,1076.9854034933667,1899.416545042266,249.91264819862155,517.1155107490081,2.167402700892857,1834.600113635913,1129.9374063640873,1906.9052626835316,249.32908860119045,517.1155107490081,2.167402700892857,1834.600113635913,1129.9374063640873,1906.9052626835316,249.32908860119045
2026-02-18 05:00:00+00:00,1102.4295,0.06599999999999984,4937.31325,1020.7365,1976.42575,237.9835,583.7847960618606,2.2748643875313284,2275.5047915608748,1084.3696191609736,1901.9980763568824,249.91264819862155,517.1155107490081,2.167402700892857,1834.600113635913,1129.9374063640873,1906.9052626835316,249.32908860119045,517.1155107490081,2.167402700892857,1834.600113635913,1129.9374063640873,1906.9052626835316,249.32908860119045
2026-02-18 06:00:00+00:00,1182.31525,0.06599999999999984,5122.18875,1919.6592499999997,2078.23175,240.683,601.04460952863,2.2748643875313284,2424.3649146599955,1091.7538348285802,1905.7125126869498,249.91264819862155,517.1155107490081,2.167402700892857,1834.600113635913,1129.9374063640873,1906.9052626835316,249.32908860119045,517.1155107490081,2.167402700892857,1834.600113635913,1129.9374063640873,1906.9052626835316,249.32908860119045
2026-02-18 07:00:00+00:00,1182.1075,0.06599999999999984,5042.507250000001,1884.18325,2157.45425,237.65675,605.2525261733746,2.2748643875313284,2457.8214963550076,1099.1380504961871,1908.8715799732815,249.91264819862155,517.1155107490081,2.167402700892857,1834.600113635913,1129.9374063640873,1906.9052626835316,249.32908860119045,517.1155107490081,2.167402700892857,1834.600113635913,1129.9374063640873,1906.9052626835316,249.32908860119045
2026-02-18 08:00:00+00:00,1173.4245,0.06599999999999984,5008.889000000001,1633.0135,2164.8562500000003,237.7855,599.9315619135394,2.2748643875313284,2409.458030082189,1106.522266163794,1909.9713920302272,249.91264819862155,517.1155107490081,2.167402700892857,1834.600113635913,1129.9374063640873,1906.9052626835316,249.32908860119045,517.1155107490081,2.167402700892857,1834.600113635913,1129.9374063640873,1906.9052626835316,249.32908860119045
2026-02-18 09:00:00+00:00,1126.05325,0.06599999999999984,4988.62825,877.22525,2122.2259999999997,234.73874999999998,592.0250249492829,2.2748643875313284,2303.1352367087675,1113.9064818314007,1910.9486095020618,249.91264819862155,517.1155107490081,2.167402700892857,1834.600113635913,1129.9374063640873,1906.9052626835316,249.32908860119045,517.1155107490081,2.167402700892857,1834.600113635913,1129.9374063640873,1906.9052626835316,249.32908860119045
2026-02-18 10:00:00+00:00,1067.403,0.06599999999999984,4848.15225,675.94025,2083.14675,239.30875,581.3859070225232,2.2748643875313284,2211.3081035453565,1121.2906974990076,1912.4231072249015,249.91264819862155,517.1155107490081,2.167402700892857,1834.600113635913,1129.9374063640873,1906.9052626835316,249.32908860119045,517.1155107490081,2.167402700892857,1834.600113635913,1129.9374063640873,1906.9052626835316,249.32908860119045
2026-02-18 11:00:00+00:00,1035.97275,0.06599999999999984,4684.20575,628.1707500000001,2030.90375,241.445,573.0584634529077,2.2748643875313284,2149.1571303771507,1128.6749131666143,1914.6018175404593,249.91264819862155,517.1155107490081,2.167402700892857,1834.600113635913,1129.9374063640873,1906.9052626835316,249.32908860119045,517.1155107490081,2.167402700892857,1834.600113635913,1129.9374063640873,1906.9052626835316,249.32908860119045
2026-02-18 12:00:00+00:00,1030.08275,0.12349999999999994,4831.6165,531.20675,2014.5815,241.484,568.0565959417152,2.2748643875313284,2057.2404373341055,1136.0591288342212,1916.8895743462804,249.91264819862155,517.1155107490081,2.167402700892857,1834.600113635913,1129.9374063640873,1906.9052626835316,249.32908860119045,517.1155107490081,2.167402700892857,1834.600113635913,1129.9374063640873,1906.9052626835316,249.32908860119045
2026-02-18 13:00:00+00:00,1080.136,0.13099999999999978,4854.1355,516.14075,2023.0529999999999,241.366,566.5282776875538,2.2748643875313284,2057.6571661193952,1143.4433445018278,1918.7923366167795,249.91264819862155,517.1155107490081,2.167402700892857,1834.600113635913,1129.9374063640873,1906.9052626835316,249.32908860119045,517.1155107490081,2.167402700892857,1834.600113635913,1129.9374063640873,1906.9052626835316,249.32908860119045
2026-02-18 14:00:00+00:00,1230.1375,0.13099999999999978,4895.455,599.4460000000001,2054.85475,241.326,571.0670379001449,2.2748643875313284,2105.1376385310655,1150.8275601694347,1921.3595861745491,249.91264819862155,517.1155107490081,2.167402700892857,1834.600113635913,1129.9374063640873,1906.9052626835316,249.32908860119045,517.1155107490081,2.167402700892857,1834.600113635913,1129.9374063640873,1906.9052626835316,249.32908860119045
2026-02-18 15:00:00+00:00,1373.296,0.13099999999999978,4948.46975,1051.852,2158.2255,241.326,583.6314153892849,2.2748643875313284,2174.7112625456057,1158.2117758370416,1924.637764006021,249.91264819862155,517.1155107490081,2.167402700892857,1834.600113635913,1129.9374063640873,1906.9052626835316,249.32908860119045,517.1155107490081,2.167402700892857,1834.600113635913,1129.9374063640873,1906.9052626835316,249.32908860119045
2026-02-18 16:00:00+00:00,1445.968,0.13099999999999978,4975.183,1889.27725,2260.31525,241.366,588.9520833175626,2.2748643875313284,2211.228163381777,1165.5959915046483,1929.1918885045682,249.91264819862155,517.1155107490081,2.167402700892857,1834.600113635913,1129.9374063640873,1906.9052626835316,249.32908860119045,517.1155107490081,2.167402700892857,1834.600113635913,1129.9374063640873,1906.9052626835316,249.32908860119045
2026-02-18 17:00:00+00:00,1320.91975,0.13099999999999978,4974.0692500000005,1698.758,2293.77475,241.5435,579.5184767096973,2.2748643875313284,2202.910541370663,1172.9802071722552,1933.7284991381562,249.91264819862155,517.1155107490081,2.167402700892857,1834.600113635913,1129.9374063640873,1906.9052626835316,249.32908860119045,517.1155107490081,2.167402700892857,1834.600113635913,1129.9374063640873,1906.9052626835316,249.32908860119045
2026-02-18 18:00:00+00:00,1432.0810000000001,0.13099999999999978,5005.63625,761.7447500000001,2278.319,241.366,563.3427203818152,2.2748643875313284,2127.634957730384,1180.3644228398618,1936.9967288368075,249.91264819862155,517.1155107490081,2.167402700892857,1834.600113635913,1129.9374063640873,1906.9052626835316,249.32908860119045,517.1155107490081,2.167402700892857,1834.600113635913,1129.9374063640873,1906.9052626835316,249.32908860119045
2026-02-18 19:00:00+00:00,1170.1012500000002,0.13099999999999978,4748.17425,442.5,2200.88525,241.563,540.8141975582328,2.2748643875313284,2032.5656531814382,1187.7486385074687,1940.4563308530696,249.91264819862155,517.1155107490081,2.167402700892857,1834.600113635913,1129.9374063640873,1906.9052626835316,249.32908860119045,517.1155107490081,2.167402700892857,1834.600113635913,1129.9374063640873,1906.9052626835316,249.32908860119045
2026-02-18 20:00:00+00:00,892.0065,0.13099999999999978,4469.0467499999995,435.1645,2115.18375,241.366,521.8275694256196,2.2748643875313284,1935.0745700636598,1195.1328541750754,1943.6050795861586,249.91264819862155,517.1155107490081,2.167402700892857,1834.600113635913,1129.9374063640873,1906.9052626835316,249.32908860119045,517.1155107490081,2.167402700892857,1834.600113635913,1129.9374063640873,1906.9052626835316,249.32908860119045
2026-02-18 21:00:00+00:00,838.40575,0.13099999999999978,4374.21875,438.26225,2043.689,241.405,511.8726580629593,2.2748643875313284,1894.329016347344,1202.5170698426823,1946.713246588575,249.91264819862155,517.1155107490081,2.167402700892857,1834.600113635913,1129.9374063640873,1906.9052626835316,249.32908860119045,517.1155107490081,2.167402700892857,1834.600113635913,1129.9374063640873,1906.9052626835316,249.32908860119045
2026-02-18 22:00:00+00:00,750.44525,0.13099999999999978,4180.3189999999995,447.56975,1990.413,241.445,501.4107254155397,2.2748643875313284,1804.2846093363949,1209.901285510289,1949.4234152070123,249.91264819862155,517.1155107490081,2.167402700892857,1834.600113635913,1129.9374063640873,1906.9052626835316,249.32908860119045,517.1155107490081,2.167402700892857,1834.600113635913,1129.9374063640873,1906.9052626835316,249.32908860119045
2026-02-18 23:00:00+00:00,426.78,0.13099999999999978,3162.02,461.3795,1926.44325,254.1045,491.1175389689441,2.2748643875313284,1732.1580391330426,1217.2855011778959,1952.560808471337,249.91264819862155,517.1155107490081,2.167402700892857,1834.600113635913,1129.9374063640873,1906.9052626835316,249.32908860119045,517.1155107490081,2.167402700892857,1834.600113635913,1129.9374063640873,1906.9052626835316,249.32908860119045
2026-02-19 00:00:00+00:00,414.27425,0.13099999999999978,2677.6465,466.2347500000001,1911.9635,245.203,474.97128608006557,2.2748643875313284,1632.8669322725395,1047.4485408229395,1889.026995667337,249.91264819862155,517.1155107490081,2.167402700892857,1834.600113635913,1129.9374063640873,1906.9052626835316,249.32908860119045,517.1155107490081,2.167402700892857,1834.600113635913,1129.9374063640873,1906.9052626835316,249.32908860119045
2026-02-19 01:00:00+00:00,414.809,0.13099999999999978,2437.77825,455.2852499999999,1896.97475,245.203,468.9694992372256,2.2748643875313284,1652.7382676114778,1054.8327564905464,1892.0616231585961,249.91264819862155,517.1155107490081,2.167402700892857,1834.600113635913,1129.9374063640873,1906.9052626835316,249.32908860119045,517.1155107490081,2.167402700892857,1834.600113635913,1129.9374063640873,1906.9052626835316,249.32908860119045
2026-02-19 02:00:00+00:00,415.25350000000003,0.13099999999999978,2472.5065,435.24199999999996,1885.656,245.203,465.5597097477721,2.2748643875313284,1665.3176730172838,1062.216972158153,1895.1489149224444,249.91264819862155,517.1155107490081,2.167402700892857,1834.600113635913,1129.9374063640873,1906.9052626835316,249.32908860119045,517.1155107490081,2.167402700892857,1834.600113635913,1129.9374063640873,1906.9052626835316,249.32908860119045
2026-02-19 03:00:00+00:00,418.0915,0.13099999999999978,2501.26975,422.5435,1896.91425,245.203,466.9005213841185,2.2748643875313284,1730.185061769629,1069.60118782576,1898.3113878328043,249.91264819862155,517.1155107490081,2.167402700892857,1834.600113635913,1129.9374063640873,1906.9052626835316,249.32908860119045,517.1155107490081,2.167402700892857,1834.600113635913,1129.9374063640873,1906.9052626835316,249.32908860119045
2026-02-19 04:00:00+00:00,447.0775,0.13099999999999978,2619.0965,410.58349999999996,1932.68375,245.203,472.7822878825208,2.2748643875313284,1828.192087140571,1076.9854034933667,1901.1076579869382,249.91264819862155,517.1155107490081,2.167402700892857,1834.600113635913,1129.9374063640873,1906.9052626835316,249.32908860119045,517.1155107490081,2.167402700892857,1834.600113635913,1129.9374063640873,1906.9052626835316,249.32908860119045
2026-02-19 05:00:00+00:00,738.5015,0.13099999999999978,3291.04825,403.24149999999986,2033.04425,239.269,487.855758459761,2.2748643875313284,1968.5322698292675,1084.3696191609736,1903.8772000727924,249.91264819862155,517.1155107490081,2.167402700892857,1834.600113635913,1129.9374063640873,1906.9052626835316,249.32908860119045,517.1155107490081,2.167402700892857,1834.600113635913,1129.9374063640873,1906.9052626835316,249.32908860119045
2026-02-19 06:00:00+00:00,679.143,0.13099999999999978,3511.32675,407.1444999999999,2131.458,237.291,503.24203400464694,2.2748643875313284,2149.521189097613,1091.7538348285802,1906.8995646223482,249.91264819862155,517.1155107490081,2.167402700892857,1834.600113635913,1129.9374063640873,1906.9052626835316,249.32908860119045,517.1155107490081,2.167402700892857,1834.600113635913,1129.9374063640873,1906.9052626835316,249.32908860119045
2026-02-19 07:00:00+00:00,469.62775,0.13099999999999978,3691.45925,506.2059999999999,2179.639,237.291,507.03349797357214,2.2748643875313284,2196.321087033483,1099.1380504961871,1909.6728897278674,249.91264819862155,517.1155107490081,2.167402700892857,1834.600113635913,1129.9374063640873,1906.9052626835316,249.32908860119045,517.1155107490081,2.167402700892857,1834.600113635913,1129.9374063640873,1906.9052626835316,249.32908860119045
2026-02-19 08:00:00+00:00,417.392,0.13099999999999978,3518.752,608.0740000000001,2161.83725,237.291,505.5018444565032,2.2748643875313284,2176.720777801302,1106.522266163794,1911.3400376225597,249.91264819862155,517.1155107490081,2.167402700892857,1834.600113635913,1129.9374063640873,1906.9052626835316,249.32908860119045,517.1155107490081,2.167402700892857,1834.600113635913,1129.9374063640873,1906.9052626835316,249.32908860119045
2026-02-19 09:00:00+00:00,396.325,0.13099999999999978,3568.82625,575.7102500000001,2109.19825,237.33,504.8859860712078,2.2748643875313284,2149.0414754413773,1113.9064818314007,1913.061556133716,249.91264819862155,517.1155107490081,2.167402700892857,1834.600113635913,1129.9374063640873,1906.9052626835316,249.32908860119045,517.1155107490081,2.167402700892857,1834.600113635913,1129.9374063640873,1906.9052626835316,249.32908860119045
2026-02-19 10:00:00+00:00,374.31175,0.13099999999999978,3489.74175,423.63275,2051.4905,243.26475,501.94130109077895,2.2748643875313284,2151.685715294029,1121.2906974990076,1914.5309863480709,249.91264819862155,517.1155107490081,2.167402700892857,1834.600113635913,1129.9374063640873,1906.9052626835316,249.32908860119045,517.1155107490081,2.167402700892857,1834.600113635913,1129.9374063640873,1906.9052626835316,249.32908860119045
2026-02-19 11:00:00+00:00,389.005,0.13099999999999978,3623.5315,414.42975,1993.05475,245.282,498.665003249219,2.2748643875313284,2139.948750858255,1128.6749131666143,1916.6209028269059,249.91264819862155,517.1155107490081,2.167402700892857,1834.600113635913,1129.9374063640873,1906.9052626835316,249.32908860119045,517.1155107490081,2.167402700892857,1834.600113635913,1129.9374063640873,1906.9052626835316,249.32908860119045
2026-02-19 12:00:00+00:00,372.935,0.13099999999999978,3427.3410000000003,391.40575,1970.1175,245.322,491.6085880808126,2.2748643875313284,2134.8874990282843,1136.0591288342212,1919.7999107173048,249.91264819862155,517.1155107490081,2.167402700892857,1834.600113635913,1129.9374063640873,1906.9052626835316,249.32908860119045,517.1155107490081,2.167402700892857,1834.600113635913,1129.9374063640873,1906.9052626835316,249.32908860119045
2026-02-19 13:00:00+00:00,362.26125,0.13099999999999978,3378.02325,398.63024999999993,1969.70525,245.322,489.03750579351356,2.2748643875313284,2086.754153161937,1143.4433445018278,1922.6120463337734,249.91264819862155,517.1155107490081,2.167402700892857,1834.600113635913,1129.9374063640873,1906.9052626835316,249.32908860119045,517.1155107490081,2.167402700892857,1834.600113635913,1129.9374063640873,1906.9052626835316,249.32908860119045
2026-02-19 14:00:00+00:00,370.187,0.13099999999999978,3608.5115,437.74700000000007,2000.00125,245.322,497.7692526761168,2.2748643875313284,2109.693354747514,1150.8275601694347,1925.519745699844,249.91264819862155,517.1155107490081,2.167402700892857,1834.600113635913,1129.9374063640873,1906.9052626835316,249.32908860119045,517.1155107490081,2.167402700892857,1834.600113635913,1129.9374063640873,1906.9052626835316,249.32908860119045
2026-02-19 15:00:00+00:00,372.93275,0.13099999999999978,4045.7985,594.29575,2095.6655,245.322,510.24102299827695,2.2748643875313284,2164.2216624073976,1158.2117758370416,1928.5734776577417,249.91264819862155,517.1155107490081,2.167402700892857,1834.600113635913,1129.9374063640873,1906.9052626835316,249.32908860119045,517.1155107490081,2.167402700892857,1834.600113635913,1129.9374063640873,1906.9052626835316,249.32908860119045
2026-02-19 16:00:00+00:00,290.0,0.13099999999999978,4235.812,858.93625,2176.4465,245.282,517.7007229137718,2.2748643875313284,2246.0611622677548,1165.5959915046483,1931.8308448515827,249.91264819862155,517.1155107490081,2.167402700892857,1834.600113635913,1129.9374063640873,1906.9052626835316,249.32908860119045,517.1155107490081,2.167402700892857,1834.600113635913,1129.9374063640873,1906.9052626835316,249.32908860119045
2026-02-19 17:00:00+00:00,419.0,0.13099999999999978,4287.98825,747.64575,2218.37775,245.243,518.5188707025675,2.2748643875313284,2289.1673216974664,1172.9802071722552,1935.3047864552875,249.91264819862155,517.1155107490081,2.167402700892857,1834.600113635913,1129.9374063640873,1906.9052626835316,249.32908860119045,517.1155107490081,2.167402700892857,1834.600113635913,1129.9374063640873,1906.9052626835316,249.32908860119045
2026-02-19 18:00:00+00:00,413.5,0.13099999999999978,4268.0202500000005,596.036,2203.87,245.243,513.3148163870163,2.2748643875313284,2290.9174619092105,1180.3644228398618,1938.2675941803489,249.91264819862155,517.1155107490081,2.167402700892857,1834.600113635913,1129.9374063640873,1906.9052626835316,249.32908860119045,517.1155107490081,2.167402700892857,1834.600113635913,1129.9374063640873,1906.9052626835316,249.32908860119045
2026-02-19 19:00:00+00:00,291.0,0.13099999999999978,4159.4529999999995,428.40225,2116.281,245.203,507.0148142567486,2.2748643875313284,2228.7025923771616,1187.7486385074687,1941.4858448857697,249.91264819862155,517.1155107490081,2.167402700892857,1834.600113635913,1129.9374063640873,1906.9052626835316,249.32908860119045,517.1155107490081,2.167402700892857,1834.600113635913,1129.9374063640873,1906.9052626835316,249.32908860119045
2026-02-19 20:00:00+00:00,188.25,0.13099999999999978,4229.0735,426.0060000000001,2033.99225,245.282,503.4120994401334,2.2748643875313284,2140.114546910089,1195.1328541750754,1944.5393935647107,249.91264819862155,517.1155107490081,2.167402700892857,1834.600113635913,1129.9374063640873,1906.9052626835316,249.32908860119045,517.1155107490081,2.167402700892857,1834.600113635913,1129.9374063640873,1906.9052626835316,249.32908860119045
2026-02-19 21:00:00+00:00,175.05,0.13099999999999978,4163.38875,430.94925,1972.54125,245.361,499.6947692922151,2.2748643875313284,2079.065930631974,1202.5170698426823,1947.5017730969234,249.91264819862155,517.1155107490081,2.167402700892857,1834.600113635913,1129.9374063640873,1906.9052626835316,249.32908860119045,517.1155107490081,2.167402700892857,1834.600113635913,1129.9374063640873,1906.9052626835316,249.32908860119045
2026-02-19 22:00:00+00:00,174.0,0.13099999999999978,4058.44625,432.23375,1931.098,245.401,491.7944301684317,2.2748643875313284,2023.9279218317347,1209.901285510289,1950.2617374537635,249.91264819862155,517.1155107490081,2.167402700892857,1834.600113635913,1129.9374063640873,1906.9052626835316,249.32908860119045,517.1155107490081,2.167402700892857,1834.600113635913,1129.9374063640873,1906.9052626835316,249.32908860119045
2026-02-19 23:00:00+00:00,200.10000000000002,0.13099999999999978,3559.62475,436.29599999999994,1884.031,286.98,484.7442429423318,2.2748643875313284,1989.3453972723462,1217.2855011778959,1953.3368886288004,249.91264819862155,517.1155107490081,2.167402700892857,1834.600113635913,1129.9374063640873,1906.9052626835316,249.32908860119045,517.1155107490081,2.167402700892857,1834.600113635913,1129.9374063640873,1906.9052626835316,249.32908860119045
2026-02-20 00:00:00+00:00,197.60000000000002,0.13099999999999978,3394.59775,430.81475,1867.0755,288.998,476.0574572464347,2.2748643875313284,1918.3843237746312,1047.4485408229395,1890.3167145852349,249.91264819862155,517.1155107490081,2.167402700892857,1834.600113635913,1129.9374063640873,1906.9052626835316,249.32908860119045,517.1155107490081,2.167402700892857,1834.600113635913,1129.9374063640873,1906.9052626835316,249.32908860119045
2026-02-20 01:00:00+00:00,198.2,0.13099999999999978,3364.514,427.08825,1860.3105,289.037,480.5276529082639,2.2748643875313284,1922.349334265081,1054.8327564905464,1893.5052462137603,249.91264819862155,517.1155107490081,2.167402700892857,1834.600113635913,1129.9374063640873,1906.9052626835316,249.32908860119045,517.1155107490081,2.167402700892857,1834.600113635913,1129.9374063640873,1906.9052626835316,249.32908860119045
2026-02-20 02:00:00+00:00,199.8,0.13099999999999978,3345.2619999999997,411.28925000000004,1864.528,289.591,483.7805841692749,2.2748643875313284,1947.870292642624,1062.216972158153,1896.4847112241591,249.91264819862155,517.1155107490081,2.167402700892857,1834.600113635913,1129.9374063640873,1906.9052626835316,249.32908860119045,517.1155107490081,2.167402700892857,1834.600113635913,1129.9374063640873,1906.9052626835316,249.32908860119045
2026-02-20 03:00:00+00:00,313.50374999999997,0.13099999999999978,3348.41725,412.64474999999993,1877.2075,289.077,485.46895856701275,2.2748643875313284,1983.8813324318626,1069.60118782576,1899.3542732050114,249.91264819862155,517.1155107490081,2.167402700892857,1834.600113635913,1129.9374063640873,1906.9052626835316,249.32908860119045,517.1155107490081,2.167402700892857,1834.600113635913,1129.9374063640873,1906.9052626835316,249.32908860119045
2026-02-20 04:00:00+00:00,508.97974999999997,0.13099999999999978,3577.2512500000003,415.153,1916.91375,289.117,491.2627571424578,2.2748643875313284,2058.7356223568936,1076.9854034933667,1902.322875886862,249.91264819862155,517.1155107490081,2.167402700892857,1834.600113635913,1129.9374063640873,1906.9052626835316,249.32908860119045,517.1155107490081,2.167402700892857,1834.600113635913,1129.9374063640873,1906.9052626835316,249.32908860119045
2026-02-20 05:00:00+00:00,641.42675,0.13099999999999978,4045.5114999999996,473.38874999999996,2022.2415,283.97325,503.37981415861736,2.2748643875313284,2233.9628389285604,1084.3696191609736,1905.3645829386223,249.91264819862155,517.1155107490081,2.167402700892857,1834.600113635913,1129.9374063640873,1906.9052626835316,249.32908860119045,517.1155107490081,2.167402700892857,1834.600113635913,1129.9374063640873,1906.9052626835316,249.32908860119045
2026-02-20 06:00:00+00:00,814.80675,0.13099999999999978,3845.6627500000004,918.80075,2149.86475,284.686,513.6308000687989,2.2748643875313284,2353.5725916413744,1091.7538348285802,1908.1179536797652,249.91264819862155,517.1155107490081,2.167402700892857,1834.600113635913,1129.9374063640873,1906.9052626835316,249.32908860119045,517.1155107490081,2.167402700892857,1834.600113635913,1129.9374063640873,1906.9052626835316,249.32908860119045
2026-02-20 07:00:00+00:00,906.75725,0.13099999999999978,3877.8692499999997,1094.8912500000001,2203.64325,284.844,515.2710082252743,2.2748643875313284,2365.6528892373362,1099.1380504961871,1910.930946045973,249.91264819862155,517.1155107490081,2.167402700892857,1834.600113635913,1129.9374063640873,1906.9052626835316,249.32908860119045,517.1155107490081,2.167402700892857,1834.600113635913,1129.9374063640873,1906.9052626835316,249.32908860119045
2026-02-20 08:00:00+00:00,784.01575,0.13099999999999978,3887.44275,764.29975,2175.603,285.081,503.3144483028688,2.2748643875313284,2308.7798932375827,1106.522266163794,1912.540365034183,249.91264819862155,517.1155107490081,2.167402700892857,1834.600113635913,1129.9374063640873,1906.9052626835316,249.32908860119045,517.1155107490081,2.167402700892857,1834.600113635913,1129.9374063640873,1906.9052626835316,249.32908860119045
2026-02-20 09:00:00+00:00,539.3515,0.13099999999999978,3284.86325,693.8980000000001,2111.79275,285.2,487.7262597955521,2.2748643875313284,2279.2452554591473,1113.9064818314007,1913.7256082773845,249.91264819862155,517.1155107490081,2.167402700892857,1834.600113635913,1129.9374063640873,1906.9052626835316,249.32908860119045,517.1155107490081,2.167402700892857,1834.600113635913,1129.9374063640873,1906.9052626835316,249.32908860119045
2026-02-20 10:00:00+00:00,475.237,0.13099999999999978,2682.09875,472.385,2061.2145,286.86175,477.3900352015025,2.2748643875313284,2262.542965963123,1121.2906974990076,1914.6483289401795,249.91264819862155,517.1155107490081,2.167402700892857,1834.600113635913,1129.9374063640873,1906.9052626835316,249.32908860119045,517.1155107490081,2.167402700892857,1834.600113635913,1129.9374063640873,1906.9052626835316,249.32908860119045
2026-02-20 11:00:00+00:00,522.1445,0.13099999999999978,2640.04075,400.15824999999995,1995.93175,292.915,477.652378157072,2.2748643875313284,2242.1539288538083,1128.6749131666143,1915.6780843759705,249.91264819862155,517.1155107490081,2.167402700892857,1834.600113635913,1129.9374063640873,1906.9052626835316,249.32908860119045,517.1155107490081,2.167402700892857,1834.600113635913,1129.9374063640873,1906.9052626835316,249.32908860119045
2026-02-20 12:00:00+00:00,684.49325,0.13099999999999978,2523.77825,396.39774999999986,1981.0755,292.756,485.74917330556815,2.2748643875313284,2242.410286474184,1136.0591288342212,1917.7190614937701,249.91264819862155,517.1155107490081,2.167402700892857,1834.600113635913,1129.9374063640873,1906.9052626835316,249.32908860119045,517.1155107490081,2.167402700892857,1834.600113635913,1129.9374063640873,1906.9052626835316,249.32908860119045
2026-02-20 13:00:00+00:00,692.11775,0.13099999999999978,2645.0935,492.30949999999984,1990.03425,290.778,499.6870190364243,2.2748643875313284,2235.5014928852693,1143.4433445018278,1919.106356435716,249.91264819862155,517.1155107490081,2.167402700892857,1834.600113635913,1129.9374063640873,1906.9052626835316,249.32908860119045,517.1155107490081,2.167402700892857,1834.600113635913,1129.9374063640873,1906.9052626835316,249.32908860119045
2026-02-20 14:00:00+00:00,696.67425,0.13099999999999978,2788.251,445.3589999999999,2041.97825,289.037,512.5711486596957,2.2748643875313284,2246.0280329602665,1150.8275601694347,1921.5513140730911,249.91264819862155,517.1155107490081,2.167402700892857,1834.600113635913,1129.9374063640873,1906.9052626835316,249.32908860119045,517.1155107490081,2.167402700892857,1834.600113635913,1129.9374063640873,1906.9052626835316,249.32908860119045
2026-02-20 15:00:00+00:00,707.74725,0.13099999999999978,2977.34925,678.1995000000001,2159.295,292.598,520.6169680752587,2.2748643875313284,2280.693784125371,1158.2117758370416,1925.0950634486612,249.91264819862155,517.1155107490081,2.167402700892857,1834.600113635913,1129.9374063640873,1906.9052626835316,249.32908860119045,517.1155107490081,2.167402700892857,1834.600113635913,1129.9374063640873,1906.9052626835316,249.32908860119045
2026-02-20 16:00:00+00:00,724.11775,0.13099999999999978,3043.5775,812.72775,2250.13425,293.191,526.0344069039353,2.2748643875313284,2308.4270884203315,1165.5959915046483,1929.1592834451174,249.91264819862155,517.1155107490081,2.167402700892857,1834.600113635913,1129.9374063640873,1906.9052626835316,249.32908860119045,517.1155107490081,2.167402700892857,1834.600113635913,1129.9374063640873,1906.9052626835316,249.32908860119045
2026-02-20 17:00:00+00:00,730.72925,0.13099999999999978,2751.05475,448.2802499999999,2285.706,296.15875,520.034704776505,2.2748643875313284,2274.171776440882,1172.9802071722552,1932.4209195886542,249.91264819862155,517.1155107490081,2.167402700892857,1834.600113635913,1129.9374063640873,1906.9052626835316,249.32908860119045,517.1155107490081,2.167402700892857,1834.600113635913,1129.9374063640873,1906.9052626835316,249.32908860119045
2026-02-20 18:00:00+00:00,726.5265,0.13099999999999978,2511.835,402.27125,2254.58075,292.835,505.61546029647866,2.2748643875313284,2163.332162644023,1180.3644228398618,1935.1090574275624,249.91264819862155,517.1155107490081,2.167402700892857,1834.600113635913,1129.9374063640873,1906.9052626835316,249.32908860119045,517.1155107490081,2.167402700892857,1834.600113635913,1129.9374063640873,1906.9052626835316,249.32908860119045
2026-02-20 19:00:00+00:00,742.35275,0.13099999999999978,2392.02475,389.46425,2175.416,292.835,486.5631778075911,2.2748643875313284,2010.2471697354888,1187.7486385074687,1937.2723302179031,249.91264819862155,517.1155107490081,2.167402700892857,1834.600113635913,1129.9374063640873,1906.9052626835316,249.32908860119045,517.1155107490081,2.167402700892857,1834.600113635913,1129.9374063640873,1906.9052626835316,249.32908860119045
2026-02-20 20:00:00+00:00,561.047,0.13099999999999978,2381.68025,400.41625,2089.46425,292.835,471.9712664020153,2.2748643875313284,1856.2244196529998,1195.1328541750754,1939.7518876292356,249.91264819862155,517.1155107490081,2.167402700892857,1834.600113635913,1129.9374063640873,1906.9052626835316,249.32908860119045,517.1155107490081,2.167402700892857,1834.600113635913,1129.9374063640873,1906.9052626835316,249.32908860119045
2026-02-20 21:00:00+00:00,378.47225000000003,0.13099999999999978,2359.51275,408.32624999999996,2014.5985,292.835,466.09736969796336,2.2748643875313284,1759.3653192966765,1202.5170698426823,1942.6113787630043,249.91264819862155,517.1155107490081,2.167402700892857,1834.600113635913,1129.9374063640873,1906.9052626835316,249.32908860119045,517.1155107490081,2.167402700892857,1834.600113635913,1129.9374063640873,1906.9052626835316,249.32908860119045
2026-02-20 22:00:00+00:00,354.84725000000003,0.13099999999999978,2095.8917500000002,406.2024999999999,1953.846,292.875,454.6984114697242,2.2748643875313284,1671.533702115483,1209.901285510289,1944.9780418706118,249.91264819862155,517.1155107490081,2.167402700892857,1834.600113635913,1129.9374063640873,1906.9052626835316,249.32908860119045,517.1155107490081,2.167402700892857,1834.600113635913,1129.9374063640873,1906.9052626835316,249.32908860119045
2026-02-20 23:00:00+00:00,410.8735,0.13099999999999978,1276.148,408.74575000000004,1900.03525,263.20349999999996,444.41545938440447,2.2748643875313284,1600.7871661235918,1217.2855011778959,1947.0592373816994,249.91264819862155,517.1155107490081,2.167402700892857,1834.600113635913,1129.9374063640873,1906.9052626835316,249.32908860119045,517.1155107490081,2.167402700892857,1834.600113635913,1129.9374063640873,1906.9052626835316,249.32908860119045
2026-02-21 00:00:00+00:00,409.73325,0.13099999999999978,1176.151,394.99799999999993,1887.8185,253.392,428.30588550705704,2.2747404370300752,1498.3559481833024,1041.5666929452848,1884.2300915434985,250.79007485902255,517.1155107490081,2.167402700892857,1834.600113635913,1129.9374063640873,1906.9052626835316,249.32908860119045,517.1155107490081,2.167402700892857,1834.600113635913,1129.9374063640873,1906.9052626835316,249.32908860119045
2026-02-21 01:00:00+00:00,362.19675,0.13099999999999978,1180.59975,391.727,1883.412,253.353,425.2433059023973,2.2747404370300752,1472.2871798144429,1048.8999771762967,1887.1504258611303,250.79007485902255,517.1155107490081,2.167402700892857,1834.600113635913,1129.9374063640873,1906.9052626835316,249.32908860119045,517.1155107490081,2.167402700892857,1834.600113635913,1129.9374063640873,1906.9052626835316,249.32908860119045
2026-02-21 02:00:00+00:00,204.5,0.13099999999999978,1187.8935000000001,388.61699999999996,1889.16225,253.392,425.6449226549014,2.2747404370300752,1461.4175861334825,1056.2332614073086,1889.7597023265646,250.79007485902255,517.1155107490081,2.167402700892857,1834.600113635913,1129.9374063640873,1906.9052626835316,249.32908860119045,517.1155107490081,2.167402700892857,1834.600113635913,1129.9374063640873,1906.9052626835316,249.32908860119045
2026-02-21 03:00:00+00:00,213.95,0.13099999999999978,1193.24025,387.06075,1907.50125,253.392,427.3008734349926,2.2747404370300752,1476.5689322832975,1063.5665456383206,1892.1355142073553,250.79007485902255,517.1155107490081,2.167402700892857,1834.600113635913,1129.9374063640873,1906.9052626835316,249.32908860119045,517.1155107490081,2.167402700892857,1834.600113635913,1129.9374063640873,1906.9052626835316,249.32908860119045
2026-02-21 04:00:00+00:00,236.0,0.13099999999999978,1202.5485,393.92425000000003,1948.1675,253.353,426.96009069711465,2.2747404370300752,1530.3002039525027,1070.8998298693325,1894.7484868060449,250.79007485902255,517.1155107490081,2.167402700892857,1834.600113635913,1129.9374063640873,1906.9052626835316,249.32908860119045,517.1155107490081,2.167402700892857,1834.600113635913,1129.9374063640873,1906.9052626835316,249.32908860119045
2026-02-21 05:00:00+00:00,280.7,0.13099999999999978,1204.351,393.41149999999993,2081.89975,250.386,429.34783836721806,2.2747404370300752,1570.66275376796,1078.2331141003442,1896.482751989798,250.79007485902255,517.1155107490081,2.167402700892857,1834.600113635913,1129.9374063640873,1906.9052626835316,249.32908860119045,517.1155107490081,2.167402700892857,1834.600113635913,1129.9374063640873,1906.9052626835316,249.32908860119045
2026-02-21 06:00:00+00:00,286.4,0.13099999999999978,1268.0952499999999,392.9492499999999,2231.8535,249.397,436.6042808185823,2.2747404370300752,1641.3977935644502,1085.5663983313561,1898.5547664885062,250.79007485902255,517.1155107490081,2.167402700892857,1834.600113635913,1129.9374063640873,1906.9052626835316,249.32908860119045,517.1155107490081,2.167402700892857,1834.600113635913,1129.9374063640873,1906.9052626835316,249.32908860119045
2026-02-21 07:00:00+00:00,284.25,0.13099999999999978,1346.51425,403.21524999999997,2278.438,249.397,440.3897499628352,2.2747404370300752,1718.0679127241306,1092.899682562368,1901.4659093338958,250.79007485902255,517.1155107490081,2.167402700892857,1834.600113635913,1129.9374063640873,1906.9052626835316,249.32908860119045,517.1155107490081,2.167402700892857,1834.600113635913,1129.9374063640873,1906.9052626835316,249.32908860119045
2026-02-21 08:00:00+00:00,274.25,0.13099999999999978,1353.501,411.71849999999995,2256.951,249.357,440.25871233047474,2.2747404370300752,1722.241139999209,1100.23296679338,1903.6146844818134,250.79007485902255,517.1155107490081,2.167402700892857,1834.600113635913,1129.9374063640873,1906.9052626835316,249.32908860119045,517.1155107490081,2.167402700892857,1834.600113635913,1129.9374063640873,1906.9052626835316,249.32908860119045
2026-02-21 09:00:00+00:00,261.9,0.13099999999999978,1340.63275,418.78475000000003,2186.50675,249.357,441.5902678083336,2.2747404370300752,1738.775951774105,1107.5662510243917,1905.154553200656,250.79007485902255,517.1155107490081,2.167402700892857,1834.600113635913,1129.9374063640873,1906.9052626835316,249.32908860119045,517.1155107490081,2.167402700892857,1834.600113635913,1129.9374063640873,1906.9052626835316,249.32908860119045
2026-02-21 10:00:00+00:00,246.3,0.13099999999999978,1333.26975,449.52,2116.063,252.32399999999998,442.71544777065054,2.2747404370300752,1776.2833647250714,1114.8995352554036,1906.9299164178703,250.79007485902255,517.1155107490081,2.167402700892857,1834.600113635913,1129.9374063640873,1906.9052626835316,249.32908860119045,517.1155107490081,2.167402700892857,1834.600113635913,1129.9374063640873,1906.9052626835316,249.32908860119045
2026-02-21 11:00:00+00:00,232.85000000000002,0.13099999999999978,1330.297,419.63649999999996,2045.05225,253.274,443.0324941298843,2.2747404370300752,1756.1967485431435,1122.2328194864156,1907.8163152741377,250.79007485902255,517.1155107490081,2.167402700892857,1834.600113635913,1129.9374063640873,1906.9052626835316,249.32908860119045,517.1155107490081,2.167402700892857,1834.600113635913,1129.9374063640873,1906.9052626835316,249.32908860119045
2026-02-21 12:00:00+00:00,222.39999999999998,0.13099999999999978,1274.12625,452.40599999999995,2028.0172499999999,253.274,447.4205706801582,2.2747404370300752,1766.1071817283748,1129.5661037174275,1912.152486917325,250.79007485902255,517.1155107490081,2.167402700892857,1834.600113635913,1129.9374063640873,1906.9052626835316,249.32908860119045,517.1155107490081,2.167402700892857,1834.600113635913,1129.9374063640873,1906.9052626835316,249.32908860119045
2026-02-21 13:00:00+00:00,216.5,0.13099999999999978,1330.04525,492.0072499999999,2033.0842499999999,253.274,456.3934902495022,2.2747404370300752,1775.155212004099,1136.8993879484392,1914.5788792019284,250.79007485902255,517.1155107490081,2.167402700892857,1834.600113635913,1129.9374063640873,1906.9052626835316,249.32908860119045,517.1155107490081,2.167402700892857,1834.600113635913,1129.9374063640873,1906.9052626835316,249.32908860119045
2026-02-21 14:00:00+00:00,215.35000000000002,0.13099999999999978,1365.3542499999999,659.307,2068.066,253.234,470.15999077462135,2.2747404370300752,1802.3731275973896,1144.2326721794511,1917.337013525571,250.79007485902255,517.1155107490081,2.167402700892857,1834.600113635913,1129.9374063640873,1906.9052626835316,249.32908860119045,517.1155107490081,2.167402700892857,1834.600113635913,1129.9374063640873,1906.9052626835316,249.32908860119045
2026-02-21 15:00:00+00:00,219.8,0.13099999999999978,1413.28625,1441.6454999999999,2156.8469999999998,257.0125,491.72919096636986,2.2747404370300752,1868.0313430576591,1151.565956410463,1920.0967988613995,250.79007485902255,517.1155107490081,2.167402700892857,1834.600113635913,1129.9374063640873,1906.9052626835316,249.32908860119045,517.1155107490081,2.167402700892857,1834.600113635913,1129.9374063640873,1906.9052626835316,249.32908860119045
2026-02-21 16:00:00+00:00,264.9,0.13099999999999978,1471.0405,1642.3602500000002,2242.56425,256.913,516.2704016403218,2.2747404370300752,1918.8686759086215,1158.899240641475,1923.2747154450408,250.79007485902255,517.1155107490081,2.167402700892857,1834.600113635913,1129.9374063640873,1906.9052626835316,249.32908860119045,517.1155107490081,2.167402700892857,1834.600113635913,1129.9374063640873,1906.9052626835316,249.32908860119045
2026-02-21 17:00:00+00:00,280.20000000000005,0.13099999999999978,1521.416,1592.6290000000004,2258.966,257.823,528.8503901873423,2.2747404370300752,1924.3401824851505,1166.232524872487,1926.0238482786158,250.79007485902255,517.1155107490081,2.167402700892857,1834.600113635913,1129.9374063640873,1906.9052626835316,249.32908860119045,517.1155107490081,2.167402700892857,1834.600113635913,1129.9374063640873,1906.9052626835316,249.32908860119045
2026-02-21 18:00:00+00:00,282.29999999999995,0.13099999999999978,1501.638,1705.90325,2230.6535,257.111,528.1449144669009,2.2747404370300752,1886.9192307427993,1173.5658091034986,1928.5994771045705,250.79007485902255,517.1155107490081,2.167402700892857,1834.600113635913,1129.9374063640873,1906.9052626835316,249.32908860119045,517.1155107490081,2.167402700892857,1834.600113635913,1129.9374063640873,1906.9052626835316,249.32908860119045
2026-02-21 19:00:00+00:00,274.30000000000007,0.13099999999999978,1447.2785,1535.5975,2129.94275,257.705,516.9743526846968,2.2747404370300752,1802.1363535376104,1180.8990933345106,1931.3080397606525,250.79007485902255,517.1155107490081,2.167402700892857,1834.600113635913,1129.9374063640873,1906.9052626835316,249.32908860119045,517.1155107490081,2.167402700892857,1834.600113635913,1129.9374063640873,1906.9052626835316,249.32908860119045
2026-02-21 20:00:00+00:00,227.2,0.13099999999999978,1416.0555,1022.7285,2040.2965,255.58825000000002,506.02576660261224,2.2747404370300752,1748.338664390497,1188.2323775655225,1933.9765432804188,250.79007485902255,517.1155107490081,2.167402700892857,1834.600113635913,1129.9374063640873,1906.9052626835316,249.32908860119045,517.1155107490081,2.167402700892857,1834.600113635913,1129.9374063640873,1906.9052626835316,249.32908860119045
2026-02-21 21:00:00+00:00,198.3,0.13099999999999978,1390.3087500000001,1227.109,1976.79475,253.274,502.2754815217956,2.2747404370300752,1704.8582241976037,1195.5656617965344,1936.536115268271,250.79007485902255,517.1155107490081,2.167402700892857,1834.600113635913,1129.9374063640873,1906.9052626835316,249.32908860119045,517.1155107490081,2.167402700892857,1834.600113635913,1129.9374063640873,1906.9052626835316,249.32908860119045
2026-02-21 22:00:00+00:00,169.3,0.13099999999999978,1341.57125,1155.13925,1930.06725,256.162,499.74375131214634,2.2747404370300752,1606.816148125031,1202.8989460275461,1938.9677214032179,250.79007485902255,517.1155107490081,2.167402700892857,1834.600113635913,1129.9374063640873,1906.9052626835316,249.32908860119045,517.1155107490081,2.167402700892857,1834.600113635913,1129.9374063640873,1906.9052626835316,249.32908860119045
2026-02-21 23:00:00+00:00,164.89999999999998,0.13099999999999978,1305.58075,670.39275,1887.4492500000001,261.542,488.53072360397005,2.2747404370300752,1527.2017568740252,1210.232230258558,1941.8685498707316,250.79007485902255,517.1155107490081,2.167402700892857,1834.600113635913,1129.9374063640873,1906.9052626835316,249.32908860119045,517.1155107490081,2.167402700892857,1834.600113635913,1129.9374063640873,1906.9052626835316,249.32908860119045
2026-02-22 00:00:00+00:00,163.14999999999998,0.13099999999999978,1229.18975,649.8557500000001,1878.5865,258.496,469.8320103190376,2.2747404370300752,1390.786536949051,1041.5666929452848,1877.5894234370885,250.79007485902255,517.1155107490081,2.167402700892857,1834.600113635913,1129.9374063640873,1906.9052626835316,249.32908860119045,517.1155107490081,2.167402700892857,1834.600113635913,1129.9374063640873,1906.9052626835316,249.32908860119045
2026-02-22 01:00:00+00:00,141.89999999999998,0.13099999999999978,1143.10725,650.0930000000001,1871.83075,258.773,458.27519726406837,2.2747404370300752,1357.517760488373,1048.8999771762967,1881.2718207481244,250.79007485902255,517.1155107490081,2.167402700892857,1834.600113635913,1129.9374063640873,1906.9052626835316,249.32908860119045,517.1155107490081,2.167402700892857,1834.600113635913,1129.9374063640873,1906.9052626835316,249.32908860119045
2026-02-22 02:00:00+00:00,128.10000000000002,0.13099999999999978,1147.32425,671.31975,1870.5259999999998,258.338,447.8572144906861,2.2747404370300752,1369.9338575167249,1056.2332614073086,1884.244706360075,250.79007485902255,517.1155107490081,2.167402700892857,1834.600113635913,1129.9374063640873,1906.9052626835316,249.32908860119045,517.1155107490081,2.167402700892857,1834.600113635913,1129.9374063640873,1906.9052626835316,249.32908860119045
2026-02-22 03:00:00+00:00,114.5,0.13099999999999978,1155.883,695.48125,1887.88275,257.665,441.68551986003104,2.2747404370300752,1383.578955882334,1063.5665456383206,1886.6978471286252,250.79007485902255,517.1155107490081,2.167402700892857,1834.600113635913,1129.9374063640873,1906.9052626835316,249.32908860119045,517.1155107490081,2.167402700892857,1834.600113635913,1129.9374063640873,1906.9052626835316,249.32908860119045
2026-02-22 04:00:00+00:00,136.3,0.13099999999999978,1155.75075,703.98675,1929.44825,254.065,434.8807977368256,2.2747404370300752,1409.6242773915965,1070.8998298693325,1889.1948177074605,250.79007485902255,517.1155107490081,2.167402700892857,1834.600113635913,1129.9374063640873,1906.9052626835316,249.32908860119045,517.1155107490081,2.167402700892857,1834.600113635913,1129.9374063640873,1906.9052626835316,249.32908860119045
2026-02-22 05:00:00+00:00,140.7,0.13099999999999978,1148.839,711.7002500000001,2060.34675,250.22725,427.301779829683,2.2747404370300752,1357.3557581497957,1078.2331141003442,1891.4911228368362,250.79007485902255,517.1155107490081,2.167402700892857,1834.600113635913,1129.9374063640873,1906.9052626835316,249.32908860119045,517.1155107490081,2.167402700892857,1834.600113635913,1129.9374063640873,1906.9052626835316,249.32908860119045
2026-02-22 06:00:00+00:00,148.64999999999998,0.13099999999999978,1148.33125,711.8845,2209.9764999999998,249.238,428.73012658995395,2.2747404370300752,1384.5366043266235,1085.5663983313561,1893.231904829853,250.79007485902255,517.1155107490081,2.167402700892857,1834.600113635913,1129.9374063640873,1906.9052626835316,249.32908860119045,517.1155107490081,2.167402700892857,1834.600113635913,1129.9374063640873,1906.9052626835316,249.32908860119045
2026-02-22 07:00:00+00:00,209.8,0.13099999999999978,1157.7885,711.5602500000001,2252.96125,249.238,433.5571203507676,2.2747404370300752,1425.8959891279162,1092.899682562368,1895.3480707503602,250.79007485902255,517.1155107490081,2.167402700892857,1834.600113635913,1129.9374063640873,1906.9052626835316,249.32908860119045,517.1155107490081,2.167402700892857,1834.600113635913,1129.9374063640873,1906.9052626835316,249.32908860119045
2026-02-22 08:00:00+00:00,204.2,0.13099999999999978,1157.775,731.7825,2209.6425,249.792,438.5605070685926,2.2747404370300752,1449.1118856286073,1100.23296679338,1897.8572700614639,250.79007485902255,517.1155107490081,2.167402700892857,1834.600113635913,1129.9374063640873,1906.9052626835316,249.32908860119045,517.1155107490081,2.167402700892857,1834.600113635913,1129.9374063640873,1906.9052626835316,249.32908860119045
2026-02-22 09:00:00+00:00,196.89999999999998,0.13099999999999978,1157.101,738.77075,2135.16975,251.454,446.4757371286869,2.2747404370300752,1432.366073269308,1107.5662510243917,1899.5561049059036,250.79007485902255,517.1155107490081,2.167402700892857,1834.600113635913,1129.9374063640873,1906.9052626835316,249.32908860119045,517.1155107490081,2.167402700892857,1834.600113635913,1129.9374063640873,1906.9052626835316,249.32908860119045
2026-02-22 10:00:00+00:00,184.39999999999998,0.13099999999999978,1145.61025,730.5622500000001,2074.91375,255.489,447.48696310101934,2.2747404370300752,1438.813276705335,1114.8995352554036,1900.8389111642125,250.79007485902255,517.1155107490081,2.167402700892857,1834.600113635913,1129.9374063640873,1906.9052626835316,249.32908860119045,517.1155107490081,2.167402700892857,1834.600113635913,1129.9374063640873,1906.9052626835316,249.32908860119045
2026-02-22 11:00:00+00:00,166.7,0.13099999999999978,1145.235,733.1622500000001,2004.90625,257.23,442.6357516849544,2.2747404370300752,1416.6770807578325,1122.2328194864156,1901.6192264024564,250.79007485902255,517.1155107490081,2.167402700892857,1834.600113635913,1129.9374063640873,1906.9052626835316,249.32908860119045,517.1155107490081,2.167402700892857,1834.600113635913,1129.9374063640873,1906.9052626835316,249.32908860119045
2026-02-22 12:00:00+00:00,156.8,0.13099999999999978,1145.54375,725.8442500000001,1978.10625,259.287,435.5941190915973,2.2747404370300752,1416.8970192446916,1129.5661037174275,1905.7009093160623,250.79007485902255,517.1155107490081,2.167402700892857,1834.600113635913,1129.9374063640873,1906.9052626835316,249.32908860119045,517.1155107490081,2.167402700892857,1834.600113635913,1129.9374063640873,1906.9052626835316,249.32908860119045
2026-02-22 13:00:00+00:00,150.10000000000002,0.13099999999999978,1145.877,728.4367500000001,1981.1665,258.694,428.6461626539267,2.2747404370300752,1411.8425441705308,1136.8993879484392,1906.4747397900937,250.79007485902255,517.1155107490081,2.167402700892857,1834.600113635913,1129.9374063640873,1906.9052626835316,249.32908860119045,517.1155107490081,2.167402700892857,1834.600113635913,1129.9374063640873,1906.9052626835316,249.32908860119045
2026-02-22 14:00:00+00:00,153.45,0.13099999999999978,1146.32575,704.9602500000001,2022.76425,257.269,427.0899975343494,2.2747404370300752,1492.0498437959525,1144.2326721794511,1908.7081041288297,250.79007485902255,517.1155107490081,2.167402700892857,1834.600113635913,1129.9374063640873,1906.9052626835316,249.32908860119045,517.1155107490081,2.167402700892857,1834.600113635913,1129.9374063640873,1906.9052626835316,249.32908860119045
2026-02-22 15:00:00+00:00,160.35000000000002,0.13099999999999978,1201.92675,752.3775,2139.80975,255.529,429.8201545050476,2.2747404370300752,1577.8176040153485,1151.565956410463,1911.5054228180202,250.79007485902255,517.1155107490081,2.167402700892857,1834.600113635913,1129.9374063640873,1906.9052626835316,249.32908860119045,517.1155107490081,2.167402700892857,1834.600113635913,1129.9374063640873,1906.9052626835316,249.32908860119045
2026-02-22 16:00:00+00:00,177.10000000000002,0.13099999999999978,1229.266,1138.0872500000003,2249.90075,255.37,442.2847355522777,2.2747404370300752,1671.0034217123668,1158.899240641475,1915.2679381167566,250.79007485902255,517.1155107490081,2.167402700892857,1834.600113635913,1129.9374063640873,1906.9052626835316,249.32908860119045,517.1155107490081,2.167402700892857,1834.600113635913,1129.9374063640873,1906.9052626835316,249.32908860119045
2026-02-22 17:00:00+00:00,220.0,0.13099999999999978,1333.84025,1564.5512500000002,2295.61775,254.025,454.5182895415686,2.2747404370300752,1689.8669402944636,1166.232524872487,1919.5382182644414,250.79007485902255,517.1155107490081,2.167402700892857,1834.600113635913,1129.9374063640873,1906.9052626835316,249.32908860119045,517.1155107490081,2.167402700892857,1834.600113635913,1129.9374063640873,1906.9052626835316,249.32908860119045
2026-02-22 18:00:00+00:00,225.05,0.13099999999999978,1343.3980000000001,1361.4305,2290.30025,253.155,463.13302475209815,2.2747404370300752,1702.6868553365698,1173.5658091034986,1922.4656229864852,250.79007485902255,517.1155107490081,2.167402700892857,1834.600113635913,1129.9374063640873,1906.9052626835316,249.32908860119045,517.1155107490081,2.167402700892857,1834.600113635913,1129.9374063640873,1906.9052626835316,249.32908860119045
2026-02-22 19:00:00+00:00,222.2,0.13099999999999978,1341.955,1492.21975,2224.8067499999997,253.195,463.29911930571416,2.2747404370300752,1681.224842496256,1180.8990933345106,1925.1585834182765,250.79007485902255,517.1155107490081,2.167402700892857,1834.600113635913,1129.9374063640873,1906.9052626835316,249.32908860119045,517.1155107490081,2.167402700892857,1834.600113635913,1129.9374063640873,1906.9052626835316,249.32908860119045
2026-02-22 20:00:00+00:00,179.7,0.13099999999999978,1267.16275,1084.6032500000001,2139.05,253.748,458.90002214324966,2.2747404370300752,1702.0099084671967,1188.2323775655225,1928.575253739403,250.79007485902255,517.1155107490081,2.167402700892857,1834.600113635913,1129.9374063640873,1906.9052626835316,249.32908860119045,517.1155107490081,2.167402700892857,1834.600113635913,1129.9374063640873,1906.9052626835316,249.32908860119045
2026-02-22 21:00:00+00:00,175.85000000000002,0.13099999999999978,1215.42875,1150.1845,2067.6279999999997,257.19,462.6220169344896,2.2747404370300752,1645.6602842957775,1195.5656617965344,1931.2085905961749,250.79007485902255,517.1155107490081,2.167402700892857,1834.600113635913,1129.9374063640873,1906.9052626835316,249.32908860119045,517.1155107490081,2.167402700892857,1834.600113635913,1129.9374063640873,1906.9052626835316,249.32908860119045
2026-02-22 22:00:00+00:00,172.39999999999998,0.13099999999999978,1216.9825,647.6220000000001,2011.73175,259.208,460.5438673575881,2.2747404370300752,1557.04525080236,1202.8989460275461,1934.2528741865326,250.79007485902255,517.1155107490081,2.167402700892857,1834.600113635913,1129.9374063640873,1906.9052626835316,249.32908860119045,517.1155107490081,2.167402700892857,1834.600113635913,1129.9374063640873,1906.9052626835316,249.32908860119045
2026-02-22 23:00:00+00:00,147.2,0.13099999999999978,1212.12775,636.909,1957.9792499999999,267.47625,452.61486609872463,2.2747404370300752,1508.6494761489757,1210.232230258558,1937.5801767440619,250.79007485902255,517.1155107490081,2.167402700892857,1834.600113635913,1129.9374063640873,1906.9052626835316,249.32908860119045,517.1155107490081,2.167402700892857,1834.600113635913,1129.9374063640873,1906.9052626835316,249.32908860119045
2026-02-23 00:00:00+00:00,147.05,0.13099999999999978,1214.699,634.743,1934.6655,257.902,433.28808846343395,2.2747404370300752,1397.4075370317103,1041.5666929452848,1874.791906453008,250.79007485902255,517.1155107490081,2.167402700892857,1834.600113635913,1129.9374063640873,1906.9052626835316,249.32908860119045,517.1155107490081,2.167402700892857,1834.600113635913,1129.9374063640873,1906.9052626835316,249.32908860119045
2026-02-23 01:00:00+00:00,150.8,0.13099999999999978,1220.83625,639.0792499999999,1915.417,256.795,431.2573508725648,2.2747404370300752,1429.6110514761833,1048.8999771762967,1877.9240398462557,250.79007485902255,517.1155107490081,2.167402700892857,1834.600113635913,1129.9374063640873,1906.9052626835316,249.32908860119045,517.1155107490081,2.167402700892857,1834.600113635913,1129.9374063640873,1906.9052626835316,249.32908860119045
2026-02-23 02:00:00+00:00,150.64999999999998,0.13099999999999978,1198.3405,640.6537500000001,1909.09175,255.687,433.8070664265247,2.2747404370300752,1480.3456933134933,1056.2332614073086,1881.7025367480321,250.79007485902255,517.1155107490081,2.167402700892857,1834.600113635913,1129.9374063640873,1906.9052626835316,249.32908860119045,517.1155107490081,2.167402700892857,1834.600113635913,1129.9374063640873,1906.9052626835316,249.32908860119045
2026-02-23 03:00:00+00:00,151.5,0.13099999999999978,1240.06025,642.50175,1922.93975,251.691,439.5549075023851,2.2747404370300752,1528.5611606940545,1063.5665456383206,1885.044188704112,250.79007485902255,517.1155107490081,2.167402700892857,1834.600113635913,1129.9374063640873,1906.9052626835316,249.32908860119045,517.1155107490081,2.167402700892857,1834.600113635913,1129.9374063640873,1906.9052626835316,249.32908860119045
2026-02-23 04:00:00+00:00,195.75,0.13099999999999978,1304.7255,646.33775,1964.7692499999998,243.38325,444.25919652228663,2.2747404370300752,1634.1614256106877,1070.8998298693325,1887.7532045336118,250.79007485902255,517.1155107490081,2.167402700892857,1834.600113635913,1129.9374063640873,1906.9052626835316,249.32908860119045,517.1155107490081,2.167402700892857,1834.600113635913,1129.9374063640873,1906.9052626835316,249.32908860119045
2026-02-23 05:00:00+00:00,216.7,0.13099999999999978,1422.10375,695.6740000000001,2089.2575,241.405,453.3195395433088,2.2747404370300752,1783.0864594121015,1078.2331141003442,1890.959744477889,250.79007485902255,517.1155107490081,2.167402700892857,1834.600113635913,1129.9374063640873,1906.9052626835316,249.32908860119045,517.1155107490081,2.167402700892857,1834.600113635913,1129.9374063640873,1906.9052626835316,249.32908860119045
2026-02-23 06:00:00+00:00,221.8,0.13099999999999978,1501.89075,1024.70375,2221.201,241.405,468.9184006089239,2.2747404370300752,1900.9055486118873,1085.5663983313561,1893.515651883334,250.79007485902255,517.1155107490081,2.167402700892857,1834.600113635913,1129.9374063640873,1906.9052626835316,249.32908860119045,517.1155107490081,2.167402700892857,1834.600113635913,1129.9374063640873,1906.9052626835316,249.32908860119045
2026-02-23 07:00:00+00:00,221.45,0.13099999999999978,1555.3165,1310.9797500000002,2255.214,241.405,472.27924127422955,2.2747404370300752,1899.733739717504,1092.899682562368,1895.9541972292484,250.79007485902255,517.1155107490081,2.167402700892857,1834.600113635913,1129.9374063640873,1906.9052626835316,249.32908860119045,517.1155107490081,2.167402700892857,1834.600113635913,1129.9374063640873,1906.9052626835316,249.32908860119045
2026-02-23 08:00:00+00:00,201.2,0.13099999999999978,1502.45425,1016.1337500000001,2225.68825,241.366,463.68268563936454,2.2747404370300752,1808.5925815620417,1100.23296679338,1897.5183161214584,250.79007485902255,517.1155107490081,2.167402700892857,1834.600113635913,1129.9374063640873,1906.9052626835316,249.32908860119045,517.1155107490081,2.167402700892857,1834.600113635913,1129.9374063640873,1906.9052626835316,249.32908860119045
2026-02-23 09:00:00+00:00,174.14999999999998,0.13099999999999978,1469.45425,717.5707500000001,2148.5225,241.366,456.4518449240244,2.2747404370300752,1707.2932454055065,1107.5662510243917,1898.910902625249,250.79007485902255,517.1155107490081,2.167402700892857,1834.600113635913,1129.9374063640873,1906.9052626835316,249.32908860119045,517.1155107490081,2.167402700892857,1834.600113635913,1129.9374063640873,1906.9052626835316,249.32908860119045
2026-02-23 10:00:00+00:00,149.5,0.13099999999999978,1356.977,670.6577500000001,2072.056,247.26,449.70320991013625,2.2747404370300752,1630.9697581027378,1114.8995352554036,1900.4294093836688,250.79007485902255,517.1155107490081,2.167402700892857,1834.600113635913,1129.9374063640873,1906.9052626835316,249.32908860119045,517.1155107490081,2.167402700892857,1834.600113635913,1129.9374063640873,1906.9052626835316,249.32908860119045
2026-02-23 11:00:00+00:00,132.39999999999998,0.13099999999999978,1305.27475,672.59175,2002.5497500000001,249.199,445.11324946379966,2.2747404370300752,1598.952706320905,1122.2328194864156,1901.5948116657737,250.79007485902255,517.1155107490081,2.167402700892857,1834.600113635913,1129.9374063640873,1906.9052626835316,249.32908860119045,517.1155107490081,2.167402700892857,1834.600113635913,1129.9374063640873,1906.9052626835316,249.32908860119045
2026-02-23 12:00:00+00:00,130.45,0.13099999999999978,1291.962,636.0210000000001,1978.3565,249.199,440.0748859953742,2.2747404370300752,1566.2358776298215,1129.5661037174275,1904.083514252013,250.79007485902255,517.1155107490081,2.167402700892857,1834.600113635913,1129.9374063640873,1906.9052626835316,249.32908860119045,517.1155107490081,2.167402700892857,1834.600113635913,1129.9374063640873,1906.9052626835316,249.32908860119045
2026-02-23 13:00:00+00:00,132.3,0.13099999999999978,1271.34575,658.28875,1980.896,249.199,435.33089068756635,2.2747404370300752,1553.4622539361962,1136.8993879484392,1906.481414972376,250.79007485902255,517.1155107490081,2.167402700892857,1834.600113635913,1129.9374063640873,1906.9052626835316,249.32908860119045,517.1155107490081,2.167402700892857,1834.600113635913,1129.9374063640873,1906.9052626835316,249.32908860119045
2026-02-23 14:00:00+00:00,150.8,0.13099999999999978,1400.9292500000001,654.5945,2020.04775,249.238,443.5682812168981,2.2747404370300752,1661.4803167709072,1144.2326721794511,1909.0410445099676,250.79007485902255,517.1155107490081,2.167402700892857,1834.600113635913,1129.9374063640873,1906.9052626835316,249.32908860119045,517.1155107490081,2.167402700892857,1834.600113635913,1129.9374063640873,1906.9052626835316,249.32908860119045
2026-02-23 15:00:00+00:00,175.39999999999998,0.13099999999999978,1469.2395000000001,651.6645000000001,2132.54,249.238,456.1574426710566,2.2747404370300752,1816.4666052878583,1151.565956410463,1912.3837610680266,250.79007485902255,517.1155107490081,2.167402700892857,1834.600113635913,1129.9374063640873,1906.9052626835316,249.32908860119045,517.1155107490081,2.167402700892857,1834.600113635913,1129.9374063640873,1906.9052626835316,249.32908860119045
2026-02-23 16:00:00+00:00,179.39999999999998,0.13099999999999978,1557.2875,1103.97775,2248.686,255.41,476.2862412019475,2.2747404370300752,1985.5601556807442,1158.899240641475,1916.316802506039,250.79007485902255,517.1155107490081,2.167402700892857,1834.600113635913,1129.9374063640873,1906.9052626835316,249.32908860119045,517.1155107490081,2.167402700892857,1834.600113635913,1129.9374063640873,1906.9052626835316,249.32908860119045
2026-02-23 17:00:00+00:00,225.5,0.13099999999999978,1636.342,1491.2295000000001,2280.8125,255.489,480.8489480432218,2.2747404370300752,2028.9286276970713,1166.232524872487,1920.3450840548928,250.79007485902255,517.1155107490081,2.167402700892857,1834.600113635913,1129.9374063640873,1906.9052626835316,249.32908860119045,517.1155107490081,2.167402700892857,1834.600113635913,1129.9374063640873,1906.9052626835316,249.32908860119045
2026-02-23 18:00:00+00:00,193.10000000000002,0.13099999999999978,1634.02825,1399.32025,2255.7557500000003,255.647,479.4535589718893,2.2747404370300752,1991.4110002138457,1173.5658091034986,1923.1805484469774,250.79007485902255,517.1155107490081,2.167402700892857,1834.600113635913,1129.9374063640873,1906.9052626835316,249.32908860119045,517.1155107490081,2.167402700892857,1834.600113635913,1129.9374063640873,1906.9052626835316,249.32908860119045
2026-02-23 19:00:00+00:00,185.89999999999998,0.13099999999999978,1591.0555,1016.0765000000001,2171.9897499999997,256.636,481.4971433325183,2.2747404370300752,1937.5366749882396,1180.8990933345106,1926.8573177599683,250.79007485902255,517.1155107490081,2.167402700892857,1834.600113635913,1129.9374063640873,1906.9052626835316,249.32908860119045,517.1155107490081,2.167402700892857,1834.600113635913,1129.9374063640873,1906.9052626835316,249.32908860119045
2026-02-23 20:00:00+00:00,187.60000000000002,0.13099999999999978,1509.2005,766.6640000000001,2087.7685,249.318,483.3719612090463,2.2747404370300752,1871.3387879684046,1188.2323775655225,1930.6134060948164,250.79007485902255,517.1155107490081,2.167402700892857,1834.600113635913,1129.9374063640873,1906.9052626835316,249.32908860119045,517.1155107490081,2.167402700892857,1834.600113635913,1129.9374063640873,1906.9052626835316,249.32908860119045
2026-02-23 21:00:00+00:00,168.05,0.13099999999999978,1494.23525,727.1360000000001,2022.81275,253.432,488.10072815016497,2.2747404370300752,1826.767253026252,1195.5656617965344,1934.2969252726398,250.79007485902255,517.1155107490081,2.167402700892857,1834.600113635913,1129.9374063640873,1906.9052626835316,249.32908860119045,517.1155107490081,2.167402700892857,1834.600113635913,1129.9374063640873,1906.9052626835316,249.32908860119045
2026-02-23 22:00:00+00:00,167.45,0.13099999999999978,1492.5085,681.4687500000001,1972.17225,235.62924999999998,488.22706371509213,2.2747404370300752,1797.1220544794492,1202.8989460275461,1937.9101869133065,250.79007485902255,517.1155107490081,2.167402700892857,1834.600113635913,1129.9374063640873,1906.9052626835316,249.32908860119045,517.1155107490081,2.167402700892857,1834.600113635913,1129.9374063640873,1906.9052626835316,249.32908860119045
2026-02-23 23:00:00+00:00,160.39999999999998,0.13099999999999978,1769.71725,706.45475,1930.5484999999999,244.966,495.66624927547326,2.2747404370300752,1813.2382818136332,1210.232230258558,1940.968348288302,250.79007485902255,517.1155107490081,2.167402700892857,1834.600113635913,1129.9374063640873,1906.9052626835316,249.32908860119045,517.1155107490081,2.167402700892857,1834.600113635913,1129.9374063640873,1906.9052626835316,249.32908860119045
2026-02-24 00:00:00+00:00,161.06150000000002,0.13099999999999978,1812.133,741.30725,1915.44275,245.876,499.94989332861195,2.2747404370300752,1743.661173843665,1041.5666929452848,1876.8198195820798,250.79007485902255,517.1155107490081,2.167402700892857,1834.600113635913,1129.9374063640873,1906.9052626835316,249.32908860119045,517.1155107490081,2.167402700892857,1834.600113635913,1129.9374063640873,1906.9052626835316,249.32908860119045
2026-02-24 01:00:00+00:00,305.87,0.13099999999999978,2357.387,775.75125,1899.76925,245.282,514.1072927801058,2.2747404370300752,1776.2397817957844,1048.8999771762967,1879.3747626894017,250.79007485902255,517.1155107490081,2.167402700892857,1834.600113635913,1129.9374063640873,1906.9052626835316,249.32908860119045,517.1155107490081,2.167402700892857,1834.600113635913,1129.9374063640873,1906.9052626835316,249.32908860119045
2026-02-24 02:00:00+00:00,416.903,0.13099999999999978,2749.52675,828.1102500000001,1895.08625,244.214,528.4160562263268,2.2747404370300752,1828.5324890878003,1056.2332614073086,1882.8359803409362,250.79007485902255,517.1155107490081,2.167402700892857,1834.600113635913,1129.9374063640873,1906.9052626835316,249.32908860119045,517.1155107490081,2.167402700892857,1834.600113635913,1129.9374063640873,1906.9052626835316,249.32908860119045
2026-02-24 03:00:00+00:00,515.758,0.13099999999999978,3053.16925,930.9375000000002,1916.008,234.16525000000001,544.047070437263,2.2747404370300752,1880.3316487314798,1063.5665456383206,1886.0404742179537,250.79007485902255,517.1155107490081,2.167402700892857,1834.600113635913,1129.9374063640873,1906.9052626835316,249.32908860119045,517.1155107490081,2.167402700892857,1834.600113635913,1129.9374063640873,1906.9052626835316,249.32908860119045
2026-02-24 04:00:00+00:00,676.012,0.13099999999999978,3827.4885,1018.4847500000001,1946.97325,229.576,559.6143167801845,2.2747404370300752,1961.1949169888007,1070.8998298693325,1889.128702565854,250.79007485902255,517.1155107490081,2.167402700892857,1834.600113635913,1129.9374063640873,1906.9052626835316,249.32908860119045,517.1155107490081,2.167402700892857,1834.600113635913,1129.9374063640873,1906.9052626835316,249.32908860119045
2026-02-24 05:00:00+00:00,929.6815,0.13099999999999978,4715.89725,1431.8835,2024.00375,236.5,585.8522836686318,2.2747404370300752,2203.0201609701576,1078.2331141003442,1892.1874488271344,250.79007485902255,517.1155107490081,2.167402700892857,1834.600113635913,1129.9374063640873,1906.9052626835316,249.32908860119045,517.1155107490081,2.167402700892857,1834.600113635913,1129.9374063640873,1906.9052626835316,249.32908860119045
2026-02-24 06:00:00+00:00,1199.74775,0.13099999999999978,4813.837500000001,1963.4752500000002,2138.06075,245.361,603.3286669121306,2.2747404370300752,2368.8199166153604,1085.5663983313561,1895.834984355427,250.79007485902255,517.1155107490081,2.167402700892857,1834.600113635913,1129.9374063640873,1906.9052626835316,249.32908860119045,517.1155107490081,2.167402700892857,1834.600113635913,1129.9374063640873,1906.9052626835316,249.32908860119045
2026-02-24 07:00:00+00:00,1340.08475,0.13099999999999978,4826.61325,2406.2290000000003,2179.437,250.148,607.2507190061344,2.2747404370300752,2405.4467476880363,1092.899682562368,1898.3245625498769,250.79007485902255,517.1155107490081,2.167402700892857,1834.600113635913,1129.9374063640873,1906.9052626835316,249.32908860119045,517.1155107490081,2.167402700892857,1834.600113635913,1129.9374063640873,1906.9052626835316,249.32908860119045
2026-02-24 08:00:00+00:00,1417.255,0.13099999999999978,4815.35175,1961.4962500000001,2142.723,250.148,598.8069246247799,2.2747404370300752,2367.450049962849,1100.23296679338,1900.2016704725952,250.79007485902255,517.1155107490081,2.167402700892857,1834.600113635913,1129.9374063640873,1906.9052626835316,249.32908860119045,517.1155107490081,2.167402700892857,1834.600113635913,1129.9374063640873,1906.9052626835316,249.32908860119045
2026-02-24 09:00:00+00:00,1491.17775,0.13099999999999978,4777.7375,1382.449,2069.82575,250.148,591.7088483136637,2.2747404370300752,2344.6794234760537,1107.5662510243917,1902.0380589362476,250.79007485902255,517.1155107490081,2.167402700892857,1834.600113635913,1129.9374063640873,1906.9052626835316,249.32908860119045,517.1155107490081,2.167402700892857,1834.600113635913,1129.9374063640873,1906.9052626835316,249.32908860119045
2026-02-24 10:00:00+00:00,1476.2754999999997,0.13099999999999978,4726.818499999999,1345.83425,2020.1795,256.08275,581.0723941448275,2.2747404370300752,2269.947569832927,1114.8995352554036,1903.9976529774274,250.79007485902255,517.1155107490081,2.167402700892857,1834.600113635913,1129.9374063640873,1906.9052626835316,249.32908860119045,517.1155107490081,2.167402700892857,1834.600113635913,1129.9374063640873,1906.9052626835316,249.32908860119045
2026-02-24 11:00:00+00:00,1305.38675,0.13099999999999978,4576.10175,1140.66775,1962.14475,254.738,574.4408669169759,2.2747404370300752,2263.707070456935,1122.2328194864156,1906.1453633471826,250.79007485902255,517.1155107490081,2.167402700892857,1834.600113635913,1129.9374063640873,1906.9052626835316,249.32908860119045,517.1155107490081,2.167402700892857,1834.600113635913,1129.9374063640873,1906.9052626835316,249.32908860119045
2026-02-24 12:00:00+00:00,1163.809,0.13099999999999978,4529.4349999999995,1188.37025,1955.68775,245.678,568.8246838412949,2.2747404370300752,2274.029799878811,1129.5661037174275,1908.5526446514311,250.79007485902255,517.1155107490081,2.167402700892857,1834.600113635913,1129.9374063640873,1906.9052626835316,249.32908860119045,517.1155107490081,2.167402700892857,1834.600113635913,1129.9374063640873,1906.9052626835316,249.32908860119045
2026-02-24 13:00:00+00:00,1164.365,0.13099999999999978,4594.0830000000005,1108.8637500000002,1964.72275,254.738,567.896746654335,2.2747404370300752,2293.3243253090677,1136.8993879484392,1911.01854160667,250.79007485902255,517.1155107490081,2.167402700892857,1834.600113635913,1129.9374063640873,1906.9052626835316,249.32908860119045,517.1155107490081,2.167402700892857,1834.600113635913,1129.9374063640873,1906.9052626835316,249.32908860119045
2026-02-24 14:00:00+00:00,1186.68175,0.13099999999999978,4607.5689999999995,1191.5577500000002,1999.71075,258.061,574.4898635274375,2.2747404370300752,2338.468981859926,1144.2326721794511,1913.2082826484138,250.79007485902255,517.1155107490081,2.167402700892857,1834.600113635913,1129.9374063640873,1906.9052626835316,249.32908860119045,517.1155107490081,2.167402700892857,1834.600113635913,1129.9374063640873,1906.9052626835316,249.32908860119045
2026-02-24 15:00:00+00:00,1180.51575,0.13099999999999978,4721.6362500000005,1901.5985,2124.9342500000002,258.061,591.3655719952548,2.2747404370300752,2393.55135538159,1151.565956410463,1915.612378684401,250.79007485902255,517.1155107490081,2.167402700892857,1834.600113635913,1129.9374063640873,1906.9052626835316,249.32908860119045,517.1155107490081,2.167402700892857,1834.600113635913,1129.9374063640873,1906.9052626835316,249.32908860119045
2026-02-24 16:00:00+00:00,1118.242,0.13099999999999978,4799.93125,2528.7,2255.5465,258.061,608.2328370487917,2.2747404370300752,2480.3999766524703,1158.899240641475,1919.4152010198266,250.79007485902255,517.1155107490081,2.167402700892857,1834.600113635913,1129.9374063640873,1906.9052626835316,249.32908860119045,517.1155107490081,2.167402700892857,1834.600113635913,1129.9374063640873,1906.9052626835316,249.32908860119045
2026-02-24 17:00:00+00:00,1117.4105,0.13099999999999978,4799.93225,2434.1217500000002,2295.79675,258.061,610.6467165785933,2.2747404370300752,2512.1026973201765,1166.232524872487,1923.5500306115287,250.79007485902255,517.1155107490081,2.167402700892857,1834.600113635913,1129.9374063640873,1906.9052626835316,249.32908860119045,517.1155107490081,2.167402700892857,1834.600113635913,1129.9374063640873,1906.9052626835316,249.32908860119045
2026-02-24 18:00:00+00:00,1113.37325,0.13099999999999978,4785.5045,2406.96825,2282.92075,258.061,603.766250154083,2.2747404370300752,2489.3030744533075,1173.5658091034986,1926.5155645066068,250.79007485902255,517.1155107490081,2.167402700892857,1834.600113635913,1129.9374063640873,1906.9052626835316,249.32908860119045,517.1155107490081,2.167402700892857,1834.600113635913,1129.9374063640873,1906.9052626835316,249.32908860119045
2026-02-24 19:00:00+00:00,1113.0072499999999,0.13099999999999978,4770.378,1585.74475,2220.214,258.061,590.9158916107789,2.2747404370300752,2420.6725882948044,1180.8990933345106,1929.508946005979,250.79007485902255,517.1155107490081,2.167402700892857,1834.600113635913,1129.9374063640873,1906.9052626835316,249.32908860119045,517.1155107490081,2.167402700892857,1834.600113635913,1129.9374063640873,1906.9052626835316,249.32908860119045
2026-02-24 20:00:00+00:00,1071.8315,0.13099999999999978,4737.954,1322.4455,2137.25825,252.72,578.8332172748143,2.2747404370300752,2331.553272389536,1188.2323775655225,1932.762616328427,250.79007485902255,517.1155107490081,2.167402700892857,1834.600113635913,1129.9374063640873,1906.9052626835316,249.32908860119045,517.1155107490081,2.167402700892857,1834.600113635913,1129.9374063640873,1906.9052626835316,249.32908860119045
2026-02-24 21:00:00+00:00,995.0615,0.13099999999999978,4707.11325,1290.0500000000002,2077.0785,243.7,570.3861315713252,2.2747404370300752,2232.7055971728364,1195.5656617965344,1936.3674613653109,250.79007485902255,517.1155107490081,2.167402700892857,1834.600113635913,1129.9374063640873,1906.9052626835316,249.32908860119045,517.1155107490081,2.167402700892857,1834.600113635913,1129.9374063640873,1906.9052626835316,249.32908860119045
2026-02-24 22:00:00+00:00,929.0435,0.13099999999999978,4530.1085,1144.90325,2014.23625,246.034,561.4776928167312,2.2747404370300752,2161.939881501988,1202.8989460275461,1939.596279755007,250.79007485902255,517.1155107490081,2.167402700892857,1834.600113635913,1129.9374063640873,1906.9052626835316,249.32908860119045,517.1155107490081,2.167402700892857,1834.600113635913,1129.9374063640873,1906.9052626835316,249.32908860119045
2026-02-24 23:00:00+00:00,696.93175,0.13099999999999978,4077.084,1076.0055,1943.68025,270.88874999999996,554.3963935828436,2.2747404370300752,2088.3442155077328,1210.232230258558,1943.5664007861049,250.79007485902255,517.1155107490081,2.167402700892857,1834.600113635913,1129.9374063640873,1906.9052626835316,249.32908860119045,517.1155107490081,2.167402700892857,1834.600113635913,1129.9374063640873,1906.9052626835316,249.32908860119045
2026-02-25 00:00:00+00:00,602.37725,0.13099999999999978,3949.7960000000003,1071.289,1930.413,269.89,543.1501863567408,2.2747404370300752,1958.9694492733859,1041.5666929452848,1879.0187437610462,250.79007485902255,517.1155107490081,2.167402700892857,1834.600113635913,1129.9374063640873,1906.9052626835316,249.32908860119045,517.1155107490081,2.167402700892857,1834.600113635913,1129.9374063640873,1906.9052626835316,249.32908860119045
2026-02-25 01:00:00+00:00,602.5095,0.13099999999999978,3949.456,1070.7442500000002,1923.6965,268.94,541.4132534567863,2.2747404370300752,1945.8897884504138,1048.8999771762967,1881.8687457754424,250.79007485902255,517.1155107490081,2.167402700892857,1834.600113635913,1129.9374063640873,1906.9052626835316,249.32908860119045,517.1155107490081,2.167402700892857,1834.600113635913,1129.9374063640873,1906.9052626835316,249.32908860119045
2026-02-25 02:00:00+00:00,602.94325,0.13099999999999978,3958.10375,1058.3595,1921.5025,267.2985,542.6625152800268,2.2747404370300752,1955.9933330550111,1056.2332614073086,1885.3194602223891,250.79007485902255,517.1155107490081,2.167402700892857,1834.600113635913,1129.9374063640873,1906.9052626835316,249.32908860119045,517.1155107490081,2.167402700892857,1834.600113635913,1129.9374063640873,1906.9052626835316,249.32908860119045
2026-02-25 03:00:00+00:00,629.2705,0.13099999999999978,3969.7964999999995,1185.0885,1936.69125,257.962,548.8860392545599,2.2747404370300752,1994.8585642558041,1063.5665456383206,1889.558797529247,250.79007485902255,517.1155107490081,2.167402700892857,1834.600113635913,1129.9374063640873,1906.9052626835316,249.32908860119045,517.1155107490081,2.167402700892857,1834.600113635913,1129.9374063640873,1906.9052626835316,249.32908860119045
2026-02-25 04:00:00+00:00,780.265,0.13099999999999978,3987.441,1355.18125,1970.5985,250.31675,557.5286385104206,2.2747404370300752,2069.7172746778147,1070.8998298693325,1893.4172723352367,250.79007485902255,517.1155107490081,2.167402700892857,1834.600113635913,1129.9374063640873,1906.9052626835316,249.32908860119045,517.1155107490081,2.167402700892857,1834.600113635913,1129.9374063640873,1906.9052626835316,249.32908860119045
2026-02-25 05:00:00+00:00,928.0185,0.13099999999999978,4028.5339999999997,1800.4205000000002,2066.0625,243.76874999999998,570.1738889417223,2.2747404370300752,2243.1076359602175,1078.2331141003442,1897.5791485683721,250.79007485902255,517.1155107490081,2.167402700892857,1834.600113635913,1129.9374063640873,1906.9052626835316,249.32908860119045,517.1155107490081,2.167402700892857,1834.600113635913,1129.9374063640873,1906.9052626835316,249.32908860119045
2026-02-25 06:00:00+00:00,1000.4970000000001,0.13099999999999978,4079.3192499999996,2088.175,2181.7055,241.84,577.4122120141492,2.2747404370300752,2345.1988075158256,1085.5663983313561,1899.356425750412,250.79007485902255,517.1155107490081,2.167402700892857,1834.600113635913,1129.9374063640873,1906.9052626835316,249.32908860119045,517.1155107490081,2.167402700892857,1834.600113635913,1129.9374063640873,1906.9052626835316,249.32908860119045
2026-02-25 07:00:00+00:00,959.7860000000001,0.13099999999999978,4013.87875,1537.3062499999999,2230.16625,255.311,571.8813432203169,2.2747404370300752,2299.254675144185,1092.899682562368,1901.3546754637284,250.79007485902255,517.1155107490081,2.167402700892857,1834.600113635913,1129.9374063640873,1906.9052626835316,249.32908860119045,517.1155107490081,2.167402700892857,1834.600113635913,1129.9374063640873,1906.9052626835316,249.32908860119045
2026-02-25 08:00:00+00:00,868.741,0.13099999999999978,3831.03225,1265.4655,2204.00425,262.452,559.0277224814423,2.2747404370300752,2198.287515399184,1100.23296679338,1901.5609867562425,250.79007485902255,517.1155107490081,2.167402700892857,1834.600113635913,1129.9374063640873,1906.9052626835316,249.32908860119045,517.1155107490081,2.167402700892857,1834.600113635913,1129.9374063640873,1906.9052626835316,249.32908860119045
2026-02-25 09:00:00+00:00,746.712,0.13099999999999978,3443.332,1223.8772500000002,2139.8827499999998,257.6945,546.6809666867624,2.2747404370300752,2056.6092011362266,1107.5662510243917,1900.7031627410938,250.79007485902255,517.1155107490081,2.167402700892857,1834.600113635913,1129.9374063640873,1906.9052626835316,249.32908860119045,517.1155107490081,2.167402700892857,1834.600113635913,1129.9374063640873,1906.9052626835316,249.32908860119045
2026-02-25 10:00:00+00:00,401.494,0.13099999999999978,2975.477,1202.5874999999999,2088.665,264.84575,533.3377586248994,2.2747404370300752,1899.6217282116336,1114.8995352554036,1900.1360899281083,250.79007485902255,517.1155107490081,2.167402700892857,1834.600113635913,1129.9374063640873,1906.9052626835316,249.32908860119045,517.1155107490081,2.167402700892857,1834.600113635913,1129.9374063640873,1906.9052626835316,249.32908860119045
2026-02-25 11:00:00+00:00,330.46225000000004,0.13099999999999978,2549.8185,1139.6905000000002,2027.6185,270.404,517.2685827188133,2.2747404370300752,1758.3597327946452,1122.2328194864156,1899.4685604071176,250.79007485902255,517.1155107490081,2.167402700892857,1834.600113635913,1129.9374063640873,1906.9052626835316,249.32908860119045,517.1155107490081,2.167402700892857,1834.600113635913,1129.9374063640873,1906.9052626835316,249.32908860119045
2026-02-25 12:00:00+00:00,334.54949999999997,0.13099999999999978,2410.288,1149.7115000000001,2008.43125,272.066,506.40849231600225,2.2747404370300752,1673.8227142415494,1129.5661037174275,1901.2175521395152,250.79007485902255,517.1155107490081,2.167402700892857,1834.600113635913,1129.9374063640873,1906.9052626835316,249.32908860119045,517.1155107490081,2.167402700892857,1834.600113635913,1129.9374063640873,1906.9052626835316,249.32908860119045
2026-02-25 13:00:00+00:00,335.14075,0.13099999999999978,2523.47275,1129.3355,2007.49875,272.422,504.2486797649336,2.2747404370300752,1689.1296482109103,1136.8993879484392,1901.7783464046079,250.79007485902255,517.1155107490081,2.167402700892857,1834.600113635913,1129.9374063640873,1906.9052626835316,249.32908860119045,517.1155107490081,2.167402700892857,1834.600113635913,1129.9374063640873,1906.9052626835316,249.32908860119045
2026-02-25 14:00:00+00:00,334.97325,0.13099999999999978,3130.51475,1114.1915,2033.55475,260.949,516.8371437934558,2.2747404370300752,1830.0604229698035,1144.2326721794511,1903.6855784976042,250.79007485902255,517.1155107490081,2.167402700892857,1834.600113635913,1129.9374063640873,1906.9052626835316,249.32908860119045,517.1155107490081,2.167402700892857,1834.600113635913,1129.9374063640873,1906.9052626835316,249.32908860119045
2026-02-25 15:00:00+00:00,361.22125,0.13099999999999978,3683.5562499999996,1348.424,2139.2265,256.55724999999995,543.1447600571422,2.2747404370300752,2066.4218744396153,1151.565956410463,1906.8984148827121,250.79007485902255,517.1155107490081,2.167402700892857,1834.600113635913,1129.9374063640873,1906.9052626835316,249.32908860119045,517.1155107490081,2.167402700892857,1834.600113635913,1129.9374063640873,1906.9052626835316,249.32908860119045
2026-02-25 16:00:00+00:00,434.67,0.13099999999999978,3990.9584999999997,2163.17175,2239.86575,263.16425,564.6608360805351,2.2747404370300752,2272.030790529127,1158.899240641475,1912.154972429742,250.79007485902255,517.1155107490081,2.167402700892857,1834.600113635913,1129.9374063640873,1906.9052626835316,249.32908860119045,517.1155107490081,2.167402700892857,1834.600113635913,1129.9374063640873,1906.9052626835316,249.32908860119045
2026-02-25 17:00:00+00:00,313.5,0.13099999999999978,4139.65625,1927.64975,2300.39275,262.373,558.7000610010944,2.2747404370300752,2290.658046167034,1166.232524872487,1918.8220044049026,250.79007485902255,517.1155107490081,2.167402700892857,1834.600113635913,1129.9374063640873,1906.9052626835316,249.32908860119045,517.1155107490081,2.167402700892857,1834.600113635913,1129.9374063640873,1906.9052626835316,249.32908860119045
2026-02-25 18:00:00+00:00,254.25,0.13099999999999978,4093.0085,1414.3457500000002,2302.848,259.45525,544.434653907236,2.2747404370300752,2258.5987808332493,1173.5658091034986,1922.7520666520516,250.79007485902255,517.1155107490081,2.167402700892857,1834.600113635913,1129.9374063640873,1906.9052626835316,249.32908860119045,517.1155107490081,2.167402700892857,1834.600113635913,1129.9374063640873,1906.9052626835316,249.32908860119045
2026-02-25 19:00:00+00:00,192.175,0.13099999999999978,3741.33475,1045.94725,2234.4885,252.443,525.9661265877996,2.2747404370300752,2187.462140214372,1180.8990933345106,1927.080829028627,250.79007485902255,517.1155107490081,2.167402700892857,1834.600113635913,1129.9374063640873,1906.9052626835316,249.32908860119045,517.1155107490081,2.167402700892857,1834.600113635913,1129.9374063640873,1906.9052626835316,249.32908860119045
2026-02-25 20:00:00+00:00,188.3,0.13099999999999978,3106.66,1020.9770000000001,2137.94375,253.709,514.7595195042513,2.2747404370300752,2115.101889755855,1188.2323775655225,1932.3827660897728,250.79007485902255,517.1155107490081,2.167402700892857,1834.600113635913,1129.9374063640873,1906.9052626835316,249.32908860119045,517.1155107490081,2.167402700892857,1834.600113635913,1129.9374063640873,1906.9052626835316,249.32908860119045
2026-02-25 21:00:00+00:00,189.55,0.13099999999999978,2614.999,1013.2092500000001,2066.9145,256.36,508.45641488185413,2.2747404370300752,2019.4959855476534,1195.5656617965344,1936.3355595198634,250.79007485902255,517.1155107490081,2.167402700892857,1834.600113635913,1129.9374063640873,1906.9052626835316,249.32908860119045,517.1155107490081,2.167402700892857,1834.600113635913,1129.9374063640873,1906.9052626835316,249.32908860119045
2026-02-25 22:00:00+00:00,191.95,0.13099999999999978,2318.35275,1024.23675,2009.6435000000001,258.931,499.8162984159256,2.2747404370300752,1953.8021967613574,1202.8989460275461,1939.6522846592377,250.79007485902255,517.1155107490081,2.167402700892857,1834.600113635913,1129.9374063640873,1906.9052626835316,249.32908860119045,517.1155107490081,2.167402700892857,1834.600113635913,1129.9374063640873,1906.9052626835316,249.32908860119045
2026-02-25 23:00:00+00:00,148.0,0.13099999999999978,1590.31575,1009.105,1946.81175,266.962,486.88555051438993,2.2747404370300752,1894.6736644089528,1210.232230258558,1943.186871639542,250.79007485902255,517.1155107490081,2.167402700892857,1834.600113635913,1129.9374063640873,1906.9052626835316,249.32908860119045,517.1155107490081,2.167402700892857,1834.600113635913,1129.9374063640873,1906.9052626835316,249.32908860119045
2026-02-26 00:00:00+00:00,148.25,0.13099999999999978,1302.746,1034.38925,1938.0055,265.973,471.5934391903633,2.2747404370300752,1748.5158680547072,1041.5666929452848,1879.2141254264716,250.79007485902255,517.1155107490081,2.167402700892857,1834.600113635913,1129.9374063640873,1906.9052626835316,249.32908860119045,517.1155107490081,2.167402700892857,1834.600113635913,1129.9374063640873,1906.9052626835316,249.32908860119045
2026-02-26 01:00:00+00:00,149.0,0.13099999999999978,1299.14275,1016.5995000000001,1930.2997500000001,265.973,468.01400569555216,2.2747404370300752,1719.557304089,1048.8999771762967,1882.085077506206,250.79007485902255,517.1155107490081,2.167402700892857,1834.600113635913,1129.9374063640873,1906.9052626835316,249.32908860119045,517.1155107490081,2.167402700892857,1834.600113635913,1129.9374063640873,1906.9052626835316,249.32908860119045
2026-02-26 02:00:00+00:00,154.5,0.13099999999999978,1359.07125,1008.36825,1928.8452499999999,265.3,469.845375307137,2.2747404370300752,1725.1882101055126,1056.2332614073086,1885.0489034423097,250.79007485902255,517.1155107490081,2.167402700892857,1834.600113635913,1129.9374063640873,1906.9052626835316,249.32908860119045,517.1155107490081,2.167402700892857,1834.600113635913,1129.9374063640873,1906.9052626835316,249.32908860119045
2026-02-26 03:00:00+00:00,160.75,0.13099999999999978,1762.87475,1012.8435000000002,1943.164,254.42100000000002,474.31070097928904,2.2747404370300752,1776.3188051383165,1063.5665456383206,1888.0161043108294,250.79007485902255,517.1155107490081,2.167402700892857,1834.600113635913,1129.9374063640873,1906.9052626835316,249.32908860119045,517.1155107490081,2.167402700892857,1834.600113635913,1129.9374063640873,1906.9052626835316,249.32908860119045
2026-02-26 04:00:00+00:00,152.0,0.13099999999999978,2316.49625,991.90625,1978.0675,245.717,492.1555248985567,2.2747404370300752,1856.8644044732382,1070.8998298693325,1890.7761533068845,250.79007485902255,517.1155107490081,2.167402700892857,1834.600113635913,1129.9374063640873,1906.9052626835316,249.32908860119045,517.1155107490081,2.167402700892857,1834.600113635913,1129.9374063640873,1906.9052626835316,249.32908860119045
2026-02-26 05:00:00+00:00,155.39999999999998,0.13099999999999978,2878.23675,1005.42275,2091.0,240.218,508.2555823357077,2.2747404370300752,1998.183630575838,1078.2331141003442,1894.1599097800608,250.79007485902255,517.1155107490081,2.167402700892857,1834.600113635913,1129.9374063640873,1906.9052626835316,249.32908860119045,517.1155107490081,2.167402700892857,1834.600113635913,1129.9374063640873,1906.9052626835316,249.32908860119045
2026-02-26 06:00:00+00:00,165.25,0.13099999999999978,3080.0155,1328.7065,2193.3269999999998,240.139,515.6154147371404,2.2747404370300752,2108.887984723549,1085.5663983313561,1897.4531023166303,250.79007485902255,517.1155107490081,2.167402700892857,1834.600113635913,1129.9374063640873,1906.9052626835316,249.32908860119045,517.1155107490081,2.167402700892857,1834.600113635913,1129.9374063640873,1906.9052626835316,249.32908860119045
2026-02-26 07:00:00+00:00,166.5,0.13099999999999978,2689.51875,1221.1615000000002,2230.76375,242.434,513.2809627540867,2.2747404370300752,2105.2938455092503,1092.899682562368,1900.4050961577695,250.79007485902255,517.1155107490081,2.167402700892857,1834.600113635913,1129.9374063640873,1906.9052626835316,249.32908860119045,517.1155107490081,2.167402700892857,1834.600113635913,1129.9374063640873,1906.9052626835316,249.32908860119045
2026-02-26 08:00:00+00:00,148.5,0.13099999999999978,2668.8272500000003,1085.15275,2189.2765,246.113,504.12470866273605,2.2747404370300752,2014.9523775193622,1100.23296679338,1900.3941307805699,250.79007485902255,517.1155107490081,2.167402700892857,1834.600113635913,1129.9374063640873,1906.9052626835316,249.32908860119045,517.1155107490081,2.167402700892857,1834.600113635913,1129.9374063640873,1906.9052626835316,249.32908860119045
2026-02-26 09:00:00+00:00,155.35000000000002,0.13099999999999978,2388.911,1046.18825,2126.22825,250.504,498.7840597562787,2.2747404370300752,1876.5423997188943,1107.5662510243917,1898.7162140461573,250.79007485902255,517.1155107490081,2.167402700892857,1834.600113635913,1129.9374063640873,1906.9052626835316,249.32908860119045,517.1155107490081,2.167402700892857,1834.600113635913,1129.9374063640873,1906.9052626835316,249.32908860119045
2026-02-26 10:00:00+00:00,151.64999999999998,0.13099999999999978,1899.35925,1070.673,2079.14125,260.51375,492.0060571247085,2.2747404370300752,1742.4950661967912,1114.8995352554036,1897.074603092213,250.79007485902255,517.1155107490081,2.167402700892857,1834.600113635913,1129.9374063640873,1906.9052626835316,249.32908860119045,517.1155107490081,2.167402700892857,1834.600113635913,1129.9374063640873,1906.9052626835316,249.32908860119045
2026-02-26 11:00:00+00:00,143.8,0.13099999999999978,1336.2175,1017.7930000000001,2009.64525,265.933,485.29242677842234,2.2747404370300752,1653.1742427103552,1122.2328194864156,1895.8637638533432,250.79007485902255,517.1155107490081,2.167402700892857,1834.600113635913,1129.9374063640873,1906.9052626835316,249.32908860119045,517.1155107490081,2.167402700892857,1834.600113635913,1129.9374063640873,1906.9052626835316,249.32908860119045
2026-02-26 12:00:00+00:00,127.75,0.13099999999999978,1159.04925,1024.677,1996.88025,265.933,477.00334590787816,2.2747404370300752,1608.8848004229592,1129.5661037174275,1897.4184012709532,250.79007485902255,517.1155107490081,2.167402700892857,1834.600113635913,1129.9374063640873,1906.9052626835316,249.32908860119045,517.1155107490081,2.167402700892857,1834.600113635913,1129.9374063640873,1906.9052626835316,249.32908860119045
2026-02-26 13:00:00+00:00,131.25,0.13099999999999978,1125.163,1045.242,2001.0915,265.933,472.6985389616597,2.2747404370300752,1642.0673189913014,1136.8993879484392,1898.1700274626935,250.79007485902255,517.1155107490081,2.167402700892857,1834.600113635913,1129.9374063640873,1906.9052626835316,249.32908860119045,517.1155107490081,2.167402700892857,1834.600113635913,1129.9374063640873,1906.9052626835316,249.32908860119045
2026-02-26 14:00:00+00:00,138.0,0.13099999999999978,1162.50225,1018.5862500000001,2032.88775,265.933,477.80127915690093,2.2747404370300752,1737.7842781594454,1144.2326721794511,1900.1326584458795,250.79007485902255,517.1155107490081,2.167402700892857,1834.600113635913,1129.9374063640873,1906.9052626835316,249.32908860119045,517.1155107490081,2.167402700892857,1834.600113635913,1129.9374063640873,1906.9052626835316,249.32908860119045
2026-02-26 15:00:00+00:00,160.0,0.13099999999999978,1389.349,1373.5655000000002,2155.92875,265.933,505.6327324468703,2.2747404370300752,1960.3271789935418,1151.565956410463,1903.236621099397,250.79007485902255,517.1155107490081,2.167402700892857,1834.600113635913,1129.9374063640873,1906.9052626835316,249.32908860119045,517.1155107490081,2.167402700892857,1834.600113635913,1129.9374063640873,1906.9052626835316,249.32908860119045
2026-02-26 16:00:00+00:00,160.0,0.13099999999999978,1719.531,2086.46225,2270.3289999999997,264.391,528.1981003202169,2.2747404370300752,2170.460095091934,1158.899240641475,1908.6818801632146,250.79007485902255,517.1155107490081,2.167402700892857,1834.600113635913,1129.9374063640873,1906.9052626835316,249.32908860119045,517.1155107490081,2.167402700892857,1834.600113635913,1129.9374063640873,1906.9052626835316,249.32908860119045
2026-02-26 17:00:00+00:00,160.0,0.13099999999999978,1735.751,2044.97475,2311.07125,263.164,533.1055121691902,2.2747404370300752,2178.758840619726,1166.232524872487,1914.963610495533,250.79007485902255,517.1155107490081,2.167402700892857,1834.600113635913,1129.9374063640873,1906.9052626835316,249.32908860119045,517.1155107490081,2.167402700892857,1834.600113635913,1129.9374063640873,1906.9052626835316,249.32908860119045
2026-02-26 18:00:00+00:00,160.0,0.13099999999999978,1716.47075,1292.879,2303.059,263.639,521.2788760174628,2.2747404370300752,2088.544425005413,1173.5658091034986,1919.4223270593852,250.79007485902255,517.1155107490081,2.167402700892857,1834.600113635913,1129.9374063640873,1906.9052626835316,249.32908860119045,517.1155107490081,2.167402700892857,1834.600113635913,1129.9374063640873,1906.9052626835316,249.32908860119045
2026-02-26 19:00:00+00:00,145.0,0.13099999999999978,1685.8712500000001,1009.4357500000001,2237.716,264.47,505.49752723995545,2.2747404370300752,1975.6427163827022,1180.8990933345106,1923.578386471875,250.79007485902255,517.1155107490081,2.167402700892857,1834.600113635913,1129.9374063640873,1906.9052626835316,249.32908860119045,517.1155107490081,2.167402700892857,1834.600113635913,1129.9374063640873,1906.9052626835316,249.32908860119045
2026-02-26 20:00:00+00:00,146.0,0.13099999999999978,1633.72325,886.4425000000001,2148.8345,265.973,493.8984792383814,2.2747404370300752,1890.8466576789012,1188.2323775655225,1927.9240243148863,250.79007485902255,517.1155107490081,2.167402700892857,1834.600113635913,1129.9374063640873,1906.9052626835316,249.32908860119045,517.1155107490081,2.167402700892857,1834.600113635913,1129.9374063640873,1906.9052626835316,249.32908860119045
2026-02-26 21:00:00+00:00,146.0,0.13099999999999978,1622.2945,886.1175000000001,2072.8335,265.973,486.29812637490045,2.2747404370300752,1856.5400880750365,1195.5656617965344,1931.200631965109,250.79007485902255,517.1155107490081,2.167402700892857,1834.600113635913,1129.9374063640873,1906.9052626835316,249.32908860119045,517.1155107490081,2.167402700892857,1834.600113635913,1129.9374063640873,1906.9052626835316,249.32908860119045
2026-02-26 22:00:00+00:00,146.0,0.13099999999999978,1213.2714999999998,895.80425,2007.9302500000001,265.973,473.03759871072845,2.2747404370300752,1805.5199031293228,1202.8989460275461,1934.0428193273833,250.79007485902255,517.1155107490081,2.167402700892857,1834.600113635913,1129.9374063640873,1906.9052626835316,249.32908860119045,517.1155107490081,2.167402700892857,1834.600113635913,1129.9374063640873,1906.9052626835316,249.32908860119045
2026-02-26 23:00:00+00:00,121.0,0.13099999999999978,1326.74775,914.59,1936.5665,281.83725,469.0726982079352,2.2747404370300752,1786.1823353736638,1210.232230258558,1937.6516412322517,250.79007485902255,517.1155107490081,2.167402700892857,1834.600113635913,1129.9374063640873,1906.9052626835316,249.32908860119045,517.1155107490081,2.167402700892857,1834.600113635913,1129.9374063640873,1906.9052626835316,249.32908860119045
2026-02-27 00:00:00+00:00,121.0,0.13099999999999978,1326.616,928.03975,1921.267,275.982,457.68157210197035,2.2747404370300752,1630.633881550751,1041.5666929452848,1875.3368613670048,250.79007485902255,517.1155107490081,2.167402700892857,1834.600113635913,1129.9374063640873,1906.9052626835316,249.32908860119045,517.1155107490081,2.167402700892857,1834.600113635913,1129.9374063640873,1906.9052626835316,249.32908860119045
2026-02-27 01:00:00+00:00,120.5,0.13099999999999978,1401.9135,914.5530000000001,1912.118,275.389,455.9632236052886,2.2747404370300752,1590.5320064520583,1048.8999771762967,1879.4581503431293,250.79007485902255,517.1155107490081,2.167402700892857,1834.600113635913,1129.9374063640873,1906.9052626835316,249.32908860119045,517.1155107490081,2.167402700892857,1834.600113635913,1129.9374063640873,1906.9052626835316,249.32908860119045
2026-02-27 02:00:00+00:00,120.25,0.13099999999999978,1664.4945,892.087,1911.914,276.852,455.8350798439241,2.2747404370300752,1606.1626062671794,1056.2332614073086,1883.201556002284,250.79007485902255,517.1155107490081,2.167402700892857,1834.600113635913,1129.9374063640873,1906.9052626835316,249.32908860119045,517.1155107490081,2.167402700892857,1834.600113635913,1129.9374063640873,1906.9052626835316,249.32908860119045
2026-02-27 03:00:00+00:00,126.0,0.13099999999999978,1751.93925,891.8557500000001,1934.81375,266.28925,457.9963336690638,2.2747404370300752,1672.2553665875325,1063.5665456383206,1886.6991372346104,250.79007485902255,517.1155107490081,2.167402700892857,1834.600113635913,1129.9374063640873,1906.9052626835316,249.32908860119045,517.1155107490081,2.167402700892857,1834.600113635913,1129.9374063640873,1906.9052626835316,249.32908860119045
2026-02-27 04:00:00+00:00,141.0,0.13099999999999978,2058.0122499999998,887.53525,1990.233,267.002,467.3647848796403,2.2747404370300752,1760.549550459066,1070.8998298693325,1890.2407379322497,250.79007485902255,517.1155107490081,2.167402700892857,1834.600113635913,1129.9374063640873,1906.9052626835316,249.32908860119045,517.1155107490081,2.167402700892857,1834.600113635913,1129.9374063640873,1906.9052626835316,249.32908860119045
2026-02-27 05:00:00+00:00,148.0,0.13099999999999978,2188.8165,1015.8722499999999,2121.59575,260.79,481.1300830034522,2.2747404370300752,1914.3992163956523,1078.2331141003442,1893.6158311907,250.79007485902255,517.1155107490081,2.167402700892857,1834.600113635913,1129.9374063640873,1906.9052626835316,249.32908860119045,517.1155107490081,2.167402700892857,1834.600113635913,1129.9374063640873,1906.9052626835316,249.32908860119045
2026-02-27 06:00:00+00:00,152.64999999999998,0.13099999999999978,2201.71425,1321.6355,2226.977,260.316,494.10857904423733,2.2747404370300752,2013.383573143772,1085.5663983313561,1896.904055984539,250.79007485902255,517.1155107490081,2.167402700892857,1834.600113635913,1129.9374063640873,1906.9052626835316,249.32908860119045,517.1155107490081,2.167402700892857,1834.600113635913,1129.9374063640873,1906.9052626835316,249.32908860119045
2026-02-27 07:00:00+00:00,146.5,0.13099999999999978,2093.0515,1071.9165,2251.5640000000003,262.65,479.94147577825663,2.2747404370300752,1980.9863725340128,1092.899682562368,1898.6260185073882,250.79007485902255,517.1155107490081,2.167402700892857,1834.600113635913,1129.9374063640873,1906.9052626835316,249.32908860119045,517.1155107490081,2.167402700892857,1834.600113635913,1129.9374063640873,1906.9052626835316,249.32908860119045
2026-02-27 08:00:00+00:00,133.25,0.13099999999999978,1440.015,879.0675000000001,2194.04725,267.12,459.145786157707,2.2747404370300752,1807.6242903928692,1100.23296679338,1897.4146523174286,250.79007485902255,517.1155107490081,2.167402700892857,1834.600113635913,1129.9374063640873,1906.9052626835316,249.32908860119045,517.1155107490081,2.167402700892857,1834.600113635913,1129.9374063640873,1906.9052626835316,249.32908860119045
2026-02-27 09:00:00+00:00,129.10000000000002,0.13099999999999978,1105.37675,886.78575,2102.15425,260.711,445.55394662822187,2.2747404370300752,1670.2955108018864,1107.5662510243917,1894.7073297079316,250.79007485902255,517.1155107490081,2.167402700892857,1834.600113635913,1129.9374063640873,1906.9052626835316,249.32908860119045,517.1155107490081,2.167402700892857,1834.600113635913,1129.9374063640873,1906.9052626835316,249.32908860119045
2026-02-27 10:00:00+00:00,134.60000000000002,0.13099999999999978,1131.17375,888.2882500000001,2041.91125,269.138,438.6255788385675,2.2747404370300752,1560.1055522429253,1114.8995352554036,1893.231367140045,250.79007485902255,517.1155107490081,2.167402700892857,1834.600113635913,1129.9374063640873,1906.9052626835316,249.32908860119045,517.1155107490081,2.167402700892857,1834.600113635913,1129.9374063640873,1906.9052626835316,249.32908860119045
2026-02-27 11:00:00+00:00,138.35000000000002,0.13099999999999978,1123.32325,883.6505,1987.6745,274.874,444.3414352178793,2.2747404370300752,1483.1568923075672,1122.2328194864156,1892.8636174908593,250.79007485902255,517.1155107490081,2.167402700892857,1834.600113635913,1129.9374063640873,1906.9052626835316,249.32908860119045,517.1155107490081,2.167402700892857,1834.600113635913,1129.9374063640873,1906.9052626835316,249.32908860119045
2026-02-27 12:00:00+00:00,122.5,0.13099999999999978,1107.9542499999998,889.06525,1962.99475,276.101,450.501849535504,2.2747404370300752,1468.8545865223882,1129.5661037174275,1893.517822525388,250.79007485902255,517.1155107490081,2.167402700892857,1834.600113635913,1129.9374063640873,1906.9052626835316,249.32908860119045,517.1155107490081,2.167402700892857,1834.600113635913,1129.9374063640873,1906.9052626835316,249.32908860119045
2026-02-27 13:00:00+00:00,121.0,0.13099999999999978,1068.07825,876.2125,1980.03475,275.903,450.8490276703097,2.2747404370300752,1480.0310050248322,1136.8993879484392,1894.991988902587,250.79007485902255,517.1155107490081,2.167402700892857,1834.600113635913,1129.9374063640873,1906.9052626835316,249.32908860119045,517.1155107490081,2.167402700892857,1834.600113635913,1129.9374063640873,1906.9052626835316,249.32908860119045
2026-02-27 14:00:00+00:00,121.0,0.13099999999999978,1316.8742499999998,866.7045,2023.08375,276.14,465.43487129340343,2.2747404370300752,1563.9875444172087,1144.2326721794511,1896.9044341081046,250.79007485902255,517.1155107490081,2.167402700892857,1834.600113635913,1129.9374063640873,1906.9052626835316,249.32908860119045,517.1155107490081,2.167402700892857,1834.600113635913,1129.9374063640873,1906.9052626835316,249.32908860119045
2026-02-27 15:00:00+00:00,132.75,0.13099999999999978,2153.97375,1365.03725,2146.05725,274.558,505.8752800589633,2.2747404370300752,1830.8835014408364,1151.565956410463,1900.1283601423543,250.79007485902255,517.1155107490081,2.167402700892857,1834.600113635913,1129.9374063640873,1906.9052626835316,249.32908860119045,517.1155107490081,2.167402700892857,1834.600113635913,1129.9374063640873,1906.9052626835316,249.32908860119045
2026-02-27 16:00:00+00:00,173.75,0.13099999999999978,2759.06075,1867.3825000000002,2271.05325,280.967,544.8674501702495,2.2747404370300752,2100.277725773034,1158.899240641475,1905.9901014507966,250.79007485902255,517.1155107490081,2.167402700892857,1834.600113635913,1129.9374063640873,1906.9052626835316,249.32908860119045,517.1155107490081,2.167402700892857,1834.600113635913,1129.9374063640873,1906.9052626835316,249.32908860119045
2026-02-27 17:00:00+00:00,181.5,0.13099999999999978,2603.9265,1853.41075,2315.1147499999997,280.967,548.4240067043974,2.2747404370300752,2164.418409963374,1166.232524872487,1914.2045193382994,250.79007485902255,517.1155107490081,2.167402700892857,1834.600113635913,1129.9374063640873,1906.9052626835316,249.32908860119045,517.1155107490081,2.167402700892857,1834.600113635913,1129.9374063640873,1906.9052626835316,249.32908860119045
2026-02-27 18:00:00+00:00,174.75,0.13099999999999978,2784.61475,1835.08975,2286.3385,280.967,545.4689274339269,2.2747404370300752,2110.6297620076875,1173.5658091034986,1917.4954598228662,250.79007485902255,517.1155107490081,2.167402700892857,1834.600113635913,1129.9374063640873,1906.9052626835316,249.32908860119045,517.1155107490081,2.167402700892857,1834.600113635913,1129.9374063640873,1906.9052626835316,249.32908860119045
2026-02-27 19:00:00+00:00,167.5,0.13099999999999978,2476.59475,1730.163,2199.0775,280.967,538.6850324186261,2.2747404370300752,2080.2351262100433,1180.8990933345106,1921.632145650617,250.79007485902255,517.1155107490081,2.167402700892857,1834.600113635913,1129.9374063640873,1906.9052626835316,249.32908860119045,517.1155107490081,2.167402700892857,1834.600113635913,1129.9374063640873,1906.9052626835316,249.32908860119045
2026-02-27 20:00:00+00:00,147.5,0.13099999999999978,2387.2475,1502.1457500000001,2116.5420000000004,280.967,531.2133013366495,2.2747404370300752,2007.2145224563528,1188.2323775655225,1925.2690451734272,250.79007485902255,517.1155107490081,2.167402700892857,1834.600113635913,1129.9374063640873,1906.9052626835316,249.32908860119045,517.1155107490081,2.167402700892857,1834.600113635913,1129.9374063640873,1906.9052626835316,249.32908860119045
2026-02-27 21:00:00+00:00,143.0,0.13099999999999978,2035.275,1419.21025,2050.043,274.795,525.8589348570022,2.2747404370300752,1920.237416735411,1195.5656617965344,1929.5094469735163,250.79007485902255,517.1155107490081,2.167402700892857,1834.600113635913,1129.9374063640873,1906.9052626835316,249.32908860119045,517.1155107490081,2.167402700892857,1834.600113635913,1129.9374063640873,1906.9052626835316,249.32908860119045
2026-02-27 22:00:00+00:00,140.5,0.13099999999999978,1969.681,1145.48375,1995.73975,277.96,520.1154457726328,2.2747404370300752,1873.240174380378,1202.8989460275461,1933.7854690620047,250.79007485902255,517.1155107490081,2.167402700892857,1834.600113635913,1129.9374063640873,1906.9052626835316,249.32908860119045,517.1155107490081,2.167402700892857,1834.600113635913,1129.9374063640873,1906.9052626835316,249.32908860119045
2026-02-27 23:00:00+00:00,166.8,0.13099999999999978,1761.143,1137.20425,1940.2537499999999,288.365,511.99820301433573,2.2747404370300752,1768.3769410827372,1210.232230258558,1938.5202098425773,250.79007485902255,517.1155107490081,2.167402700892857,1834.600113635913,1129.9374063640873,1906.9052626835316,249.32908860119045,517.1155107490081,2.167402700892857,1834.600113635913,1129.9374063640873,1906.9052626835316,249.32908860119045
