date,hard_coal_tenn_actual,oil_tenn_actual,gas_tenn_actual,renewables_tenn_actual,biomass_tenn_actual,waste_tenn_actual,hard_coal_tenn_fitted,oil_tenn_fitted,gas_tenn_fitted,renewables_tenn_fitted,biomass_tenn_fitted,waste_tenn_fitted,hard_coal_tenn_lower,oil_tenn_lower,gas_tenn_lower,renewables_tenn_lower,biomass_tenn_lower,waste_tenn_lower,hard_coal_tenn_upper,oil_tenn_upper,gas_tenn_upper,renewables_tenn_upper,biomass_tenn_upper,waste_tenn_upper
2026-01-24 00:00:00+00:00,252.0,0.13099999999999978,3285.09725,573.316,1921.2649999999999,205.088,354.6149370742988,0.8024408514722732,3436.057457527142,543.2251483544135,1974.953209029305,226.37027471674853,517.1155107490081,2.167402700892857,1834.600113635913,1129.9374063640873,1906.9052626835316,249.32908860119045,517.1155107490081,2.167402700892857,1834.600113635913,1129.9374063640873,1906.9052626835316,249.32908860119045
2026-01-24 01:00:00+00:00,252.89999999999998,0.13099999999999978,3291.2307499999997,571.3365,1912.854,205.127,350.2198379170445,-1.3713933123254423,3326.27653888654,490.3476257991615,1962.5495017527658,229.89557275782235,517.1155107490081,2.167402700892857,1834.600113635913,1129.9374063640873,1906.9052626835316,249.32908860119045,517.1155107490081,2.167402700892857,1834.600113635913,1129.9374063640873,1906.9052626835316,249.32908860119045
2026-01-24 02:00:00+00:00,254.0,0.13099999999999978,3479.2415,569.72425,1909.937,205.088,312.82076545212715,-1.6508341405554656,3361.437539692415,494.67256212091695,1949.4834728641363,224.7874438048084,517.1155107490081,2.167402700892857,1834.600113635913,1129.9374063640873,1906.9052626835316,249.32908860119045,517.1155107490081,2.167402700892857,1834.600113635913,1129.9374063640873,1906.9052626835316,249.32908860119045
2026-01-24 03:00:00+00:00,264.35,0.13099999999999978,3498.21925,568.08075,1924.8555000000001,199.15325,335.31999291929515,0.5301240944863932,3489.2850136567668,497.3032151293477,1941.410461463401,209.47819994336885,517.1155107490081,2.167402700892857,1834.600113635913,1129.9374063640873,1906.9052626835316,249.32908860119045,517.1155107490081,2.167402700892857,1834.600113635913,1129.9374063640873,1906.9052626835316,249.32908860119045
2026-01-24 04:00:00+00:00,292.20000000000005,0.13099999999999978,3500.1015,558.4375,1958.82075,197.215,360.5118544095077,0.27638580464028895,3505.0632637965864,495.66180827664937,1941.0979882882257,215.98644502473098,517.1155107490081,2.167402700892857,1834.600113635913,1129.9374063640873,1906.9052626835316,249.32908860119045,517.1155107490081,2.167402700892857,1834.600113635913,1129.9374063640873,1906.9052626835316,249.32908860119045
2026-01-24 05:00:00+00:00,345.85,0.13099999999999978,3509.75475,556.68675,2052.0815000000002,197.215,364.4684506246328,-0.4229661731591903,3358.7112855039236,480.205949973192,1990.0135536993482,216.09329609021276,517.1155107490081,2.167402700892857,1834.600113635913,1129.9374063640873,1906.9052626835316,249.32908860119045,517.1155107490081,2.167402700892857,1834.600113635913,1129.9374063640873,1906.9052626835316,249.32908860119045
2026-01-24 06:00:00+00:00,393.1,0.13099999999999978,3538.03425,546.2725,2196.0675,197.215,429.1617380080679,0.4829637236184068,3248.4858319447912,545.508437198514,2152.6462107477405,213.62360445940556,517.1155107490081,2.167402700892857,1834.600113635913,1129.9374063640873,1906.9052626835316,249.32908860119045,517.1155107490081,2.167402700892857,1834.600113635913,1129.9374063640873,1906.9052626835316,249.32908860119045
2026-01-24 07:00:00+00:00,355.1,0.13099999999999978,3605.0125,638.2294999999999,2282.867,197.254,446.4977688233812,-0.6916027123013362,3660.7079959622897,687.2353771434962,2252.1531003522678,215.5964536045328,517.1155107490081,2.167402700892857,1834.600113635913,1129.9374063640873,1906.9052626835316,249.32908860119045,517.1155107490081,2.167402700892857,1834.600113635913,1129.9374063640873,1906.9052626835316,249.32908860119045
2026-01-24 08:00:00+00:00,328.3,0.13099999999999978,3610.7977499999997,728.32225,2264.47225,197.334,454.38616886311,-0.8282764152382884,3532.5599547989887,715.6129844359157,2205.7616295859934,224.29848722832793,517.1155107490081,2.167402700892857,1834.600113635913,1129.9374063640873,1906.9052626835316,249.32908860119045,517.1155107490081,2.167402700892857,1834.600113635913,1129.9374063640873,1906.9052626835316,249.32908860119045
2026-01-24 09:00:00+00:00,323.8,0.13099999999999978,3355.696,695.8555000000001,2222.487,203.34699999999998,514.3457546918041,-0.09030526133859818,3641.4889203102593,650.6417739749451,2119.7760702610312,202.10907603518973,517.1155107490081,2.167402700892857,1834.600113635913,1129.9374063640873,1906.9052626835316,249.32908860119045,517.1155107490081,2.167402700892857,1834.600113635913,1129.9374063640873,1906.9052626835316,249.32908860119045
2026-01-24 10:00:00+00:00,315.4,0.13099999999999978,3057.2782500000003,560.305,2180.912,205.444,458.5995441149238,-0.7977754260232199,3746.0722556263304,561.169945321199,2097.9378119354674,212.61844234280963,517.1155107490081,2.167402700892857,1834.600113635913,1129.9374063640873,1906.9052626835316,249.32908860119045,517.1155107490081,2.167402700892857,1834.600113635913,1129.9374063640873,1906.9052626835316,249.32908860119045
2026-01-24 11:00:00+00:00,311.0,0.13099999999999978,3083.1255,535.7132500000001,2102.65575,205.523,559.1352765905774,-0.41196316962946655,3351.0220515754163,562.6184475858543,2060.664646818915,203.7879014156955,517.1155107490081,2.167402700892857,1834.600113635913,1129.9374063640873,1906.9052626835316,249.32908860119045,517.1155107490081,2.167402700892857,1834.600113635913,1129.9374063640873,1906.9052626835316,249.32908860119045
2026-01-24 12:00:00+00:00,313.5,0.13099999999999978,3260.935,523.79375,2078.479,205.641,521.4699262158449,-0.1938017691233136,3195.1235759733368,563.5818886267879,2057.106304707344,212.46423146227824,517.1155107490081,2.167402700892857,1834.600113635913,1129.9374063640873,1906.9052626835316,249.32908860119045,517.1155107490081,2.167402700892857,1834.600113635913,1129.9374063640873,1906.9052626835316,249.32908860119045
2026-01-24 13:00:00+00:00,315.8,0.13099999999999978,3253.26975,526.4982500000001,2084.2445,205.681,560.0016200685277,-0.40913502408266345,3311.4123724504043,539.1101098956467,2063.396121479834,221.88960329420746,517.1155107490081,2.167402700892857,1834.600113635913,1129.9374063640873,1906.9052626835316,249.32908860119045,517.1155107490081,2.167402700892857,1834.600113635913,1129.9374063640873,1906.9052626835316,249.32908860119045
2026-01-24 14:00:00+00:00,328.6,0.13099999999999978,3849.1865,445.2974999999999,2118.074,205.641,683.4764516242819,-0.10397049464141572,3730.817999220084,554.3857238823705,2132.3534950812173,235.59779730821091,517.1155107490081,2.167402700892857,1834.600113635913,1129.9374063640873,1906.9052626835316,249.32908860119045,517.1155107490081,2.167402700892857,1834.600113635913,1129.9374063640873,1906.9052626835316,249.32908860119045
2026-01-24 15:00:00+00:00,371.2,0.13099999999999978,4215.87675,579.36625,2216.36575,205.523,703.1605117732631,-0.40142307327511695,4061.7684559741483,631.483881063221,2177.0284821300606,227.27294099737495,517.1155107490081,2.167402700892857,1834.600113635913,1129.9374063640873,1906.9052626835316,249.32908860119045,517.1155107490081,2.167402700892857,1834.600113635913,1129.9374063640873,1906.9052626835316,249.32908860119045
2026-01-24 16:00:00+00:00,469.9,0.13099999999999978,4274.9845000000005,1149.981,2303.018,205.444,633.3852144227661,0.19239511910860974,4190.199264046056,979.6286746049769,2208.85806842798,226.08614075364733,517.1155107490081,2.167402700892857,1834.600113635913,1129.9374063640873,1906.9052626835316,249.32908860119045,517.1155107490081,2.167402700892857,1834.600113635913,1129.9374063640873,1906.9052626835316,249.32908860119045
2026-01-24 17:00:00+00:00,468.6,0.13099999999999978,4277.59275,1100.69875,2319.06475,205.365,672.8956922102702,4.522673792418678,4255.882237819448,865.0322366761709,2311.05107502166,234.1018109484633,517.1155107490081,2.167402700892857,1834.600113635913,1129.9374063640873,1906.9052626835316,249.32908860119045,517.1155107490081,2.167402700892857,1834.600113635913,1129.9374063640873,1906.9052626835316,249.32908860119045
2026-01-24 18:00:00+00:00,408.8,0.13099999999999978,4275.035,469.36300000000006,2286.076,205.325,660.6570518194927,0.08564450742817886,3906.340988508752,766.5638400111434,2223.334267313391,231.1722594397504,517.1155107490081,2.167402700892857,1834.600113635913,1129.9374063640873,1906.9052626835316,249.32908860119045,517.1155107490081,2.167402700892857,1834.600113635913,1129.9374063640873,1906.9052626835316,249.32908860119045
2026-01-24 19:00:00+00:00,348.6,0.13099999999999978,4217.42075,388.2265,2179.33175,205.246,410.2567720392152,0.17603935377437585,3630.9451030262617,618.8850473894261,2131.6007301928425,221.84321086798246,517.1155107490081,2.167402700892857,1834.600113635913,1129.9374063640873,1906.9052626835316,249.32908860119045,517.1155107490081,2.167402700892857,1834.600113635913,1129.9374063640873,1906.9052626835316,249.32908860119045
2026-01-24 20:00:00+00:00,288.65,0.13099999999999978,3969.73725,382.08925,2102.25575,205.206,483.76098643943703,-0.38440438145029887,3623.8564150730945,555.7993264179352,2082.609971704273,214.02751068568955,517.1155107490081,2.167402700892857,1834.600113635913,1129.9374063640873,1906.9052626835316,249.32908860119045,517.1155107490081,2.167402700892857,1834.600113635913,1129.9374063640873,1906.9052626835316,249.32908860119045
2026-01-24 21:00:00+00:00,266.4,0.13099999999999978,3483.33025,380.7964999999999,2038.1122500000001,205.167,486.1509063365626,-0.6474120507654146,3323.6768290575037,525.4881206265928,2052.4005073465537,213.9667801673196,517.1155107490081,2.167402700892857,1834.600113635913,1129.9374063640873,1906.9052626835316,249.32908860119045,517.1155107490081,2.167402700892857,1834.600113635913,1129.9374063640873,1906.9052626835316,249.32908860119045
2026-01-24 22:00:00+00:00,248.53375,0.13099999999999978,3389.7872500000003,372.169,2001.2082500000001,205.127,441.3143569561799,-0.5940420714757262,3246.813375973912,515.9647353256012,2010.3041721565055,220.64353974898796,517.1155107490081,2.167402700892857,1834.600113635913,1129.9374063640873,1906.9052626835316,249.32908860119045,517.1155107490081,2.167402700892857,1834.600113635913,1129.9374063640873,1906.9052626835316,249.32908860119045
2026-01-24 23:00:00+00:00,416.15175,0.13099999999999978,3301.45525,370.05849999999987,1968.4769999999999,292.084,522.9869161194613,-0.5971634895450428,3357.1618497386917,495.7790862730102,1997.020699156655,217.05675988806453,517.1155107490081,2.167402700892857,1834.600113635913,1129.9374063640873,1906.9052626835316,249.32908860119045,517.1155107490081,2.167402700892857,1834.600113635913,1129.9374063640873,1906.9052626835316,249.32908860119045
2026-01-25 00:00:00+00:00,545.079,0.13099999999999978,3069.0654999999997,356.7595,1955.774,292.044,557.9018547781033,-0.2729683994017722,3008.305174292338,457.51987243209624,1960.6234369423223,231.41162713870827,517.1155107490081,2.167402700892857,1834.600113635913,1129.9374063640873,1906.9052626835316,249.32908860119045,517.1155107490081,2.167402700892857,1834.600113635913,1129.9374063640873,1906.9052626835316,249.32908860119045
2026-01-25 01:00:00+00:00,637.8305,0.13099999999999978,3152.0077499999998,344.7027499999999,1943.90275,292.084,522.7715590498394,-0.4198547014623877,2797.0853363350398,448.31095536128964,1946.5701181942566,228.2582217360628,517.1155107490081,2.167402700892857,1834.600113635913,1129.9374063640873,1906.9052626835316,249.32908860119045,517.1155107490081,2.167402700892857,1834.600113635913,1129.9374063640873,1906.9052626835316,249.32908860119045
2026-01-25 02:00:00+00:00,792.60225,0.13099999999999978,3167.3775,338.97675000000004,1936.12175,292.044,642.7499479304809,-0.2042881087495183,2463.453109594386,431.5356549798722,1931.9297203951444,232.6349812279348,517.1155107490081,2.167402700892857,1834.600113635913,1129.9374063640873,1906.9052626835316,249.32908860119045,517.1155107490081,2.167402700892857,1834.600113635913,1129.9374063640873,1906.9052626835316,249.32908860119045
2026-01-25 03:00:00+00:00,971.86075,0.13099999999999978,3161.52075,335.3710000000001,1949.3445,286.11,776.7765958726321,-0.1349682892950712,2752.461973354497,444.76139576164485,1938.6288286153244,237.08346693530862,517.1155107490081,2.167402700892857,1834.600113635913,1129.9374063640873,1906.9052626835316,249.32908860119045,517.1155107490081,2.167402700892857,1834.600113635913,1129.9374063640873,1906.9052626835316,249.32908860119045
2026-01-25 04:00:00+00:00,997.1395,0.13099999999999978,3187.73925,332.43449999999996,1983.08125,284.171,849.486727323706,-0.23526433081439846,2922.4920929518107,412.3301231426311,1948.1816031835474,237.08346693530862,517.1155107490081,2.167402700892857,1834.600113635913,1129.9374063640873,1906.9052626835316,249.32908860119045,517.1155107490081,2.167402700892857,1834.600113635913,1129.9374063640873,1906.9052626835316,249.32908860119045
2026-01-25 05:00:00+00:00,1015.62725,0.13099999999999978,3283.1802500000003,332.1685,2081.7505,284.211,829.667135073317,-0.21149932876137578,3060.7938128123883,418.94306579832335,1996.8990478228902,235.66832926410416,517.1155107490081,2.167402700892857,1834.600113635913,1129.9374063640873,1906.9052626835316,249.32908860119045,517.1155107490081,2.167402700892857,1834.600113635913,1129.9374063640873,1906.9052626835316,249.32908860119045
2026-01-25 06:00:00+00:00,1043.29975,0.13099999999999978,3434.7475000000004,328.5384999999999,2225.1859999999997,284.211,798.1075555591273,-0.04505822158133155,3066.22387551403,485.3801729901961,2116.439826404712,231.6000094517011,517.1155107490081,2.167402700892857,1834.600113635913,1129.9374063640873,1906.9052626835316,249.32908860119045,517.1155107490081,2.167402700892857,1834.600113635913,1129.9374063640873,1906.9052626835316,249.32908860119045
2026-01-25 07:00:00+00:00,1055.7285,0.13099999999999978,3548.853,335.9145,2302.813,284.251,771.2823927236626,-0.004960286866177999,2761.5411440159523,491.84675079619274,2204.5296641227387,236.30276067906868,517.1155107490081,2.167402700892857,1834.600113635913,1129.9374063640873,1906.9052626835316,249.32908860119045,517.1155107490081,2.167402700892857,1834.600113635913,1129.9374063640873,1906.9052626835316,249.32908860119045
2026-01-25 08:00:00+00:00,1057.0104999999999,0.13099999999999978,3968.95,343.726,2287.35075,284.369,825.5322340899593,-0.1822473368630364,3367.653422892939,490.55868320471495,2229.0083051732586,231.64380301314003,517.1155107490081,2.167402700892857,1834.600113635913,1129.9374063640873,1906.9052626835316,249.32908860119045,517.1155107490081,2.167402700892857,1834.600113635913,1129.9374063640873,1906.9052626835316,249.32908860119045
2026-01-25 09:00:00+00:00,1056.0594999999998,0.13099999999999978,4039.6684999999998,341.83574999999996,2238.94725,290.46175,810.2718821830476,-0.3025054831508083,3647.581850511747,511.76926435668463,2158.7826332432537,244.60667780459696,517.1155107490081,2.167402700892857,1834.600113635913,1129.9374063640873,1906.9052626835316,249.32908860119045,517.1155107490081,2.167402700892857,1834.600113635913,1129.9374063640873,1906.9052626835316,249.32908860119045
2026-01-25 10:00:00+00:00,1049.5052500000002,0.13099999999999978,3928.5644999999995,362.216,2189.047,292.558,757.1958155340449,-0.2619159742424415,3629.4097366598685,487.0023387437725,2132.8417085024325,242.1012168711593,517.1155107490081,2.167402700892857,1834.600113635913,1129.9374063640873,1906.9052626835316,249.32908860119045,517.1155107490081,2.167402700892857,1834.600113635913,1129.9374063640873,1906.9052626835316,249.32908860119045
2026-01-25 11:00:00+00:00,1042.4435,0.13099999999999978,4065.32075,335.9955,2107.59225,292.638,662.1509554978871,-0.03148764757010092,3649.920986491,473.6436094869962,2103.5864208982916,242.4372356614378,517.1155107490081,2.167402700892857,1834.600113635913,1129.9374063640873,1906.9052626835316,249.32908860119045,517.1155107490081,2.167402700892857,1834.600113635913,1129.9374063640873,1906.9052626835316,249.32908860119045
2026-01-25 12:00:00+00:00,1021.21625,0.13099999999999978,3940.8557499999997,327.082,2066.82225,292.717,769.222889209992,1.0262808633793747,3608.560485070815,485.74737649410383,2083.411320865399,238.08471330742915,517.1155107490081,2.167402700892857,1834.600113635913,1129.9374063640873,1906.9052626835316,249.32908860119045,517.1155107490081,2.167402700892857,1834.600113635913,1129.9374063640873,1906.9052626835316,249.32908860119045
2026-01-25 13:00:00+00:00,1017.97075,0.13099999999999978,3861.9182500000006,363.48325,2067.51775,292.717,752.671935369121,0.863504905169671,3667.1378992470914,425.52075915754506,2096.5155407288803,237.852805903133,517.1155107490081,2.167402700892857,1834.600113635913,1129.9374063640873,1906.9052626835316,249.32908860119045,517.1155107490081,2.167402700892857,1834.600113635913,1129.9374063640873,1906.9052626835316,249.32908860119045
2026-01-25 14:00:00+00:00,1034.1725000000001,0.13099999999999978,3946.52125,331.278,2091.0434999999998,292.717,796.8282756998766,0.20104917074418305,3822.452099562528,494.35722531502086,2131.0795301320277,236.69575128612652,517.1155107490081,2.167402700892857,1834.600113635913,1129.9374063640873,1906.9052626835316,249.32908860119045,517.1155107490081,2.167402700892857,1834.600113635913,1129.9374063640873,1906.9052626835316,249.32908860119045
2026-01-25 15:00:00+00:00,986.8399999999999,0.13099999999999978,4102.419,460.29999999999995,2185.846,292.638,825.8788373116435,0.1204376980938382,4014.298713276323,521.1555432120489,2190.7157332039146,238.546888473455,517.1155107490081,2.167402700892857,1834.600113635913,1129.9374063640873,1906.9052626835316,249.32908860119045,517.1155107490081,2.167402700892857,1834.600113635913,1129.9374063640873,1906.9052626835316,249.32908860119045
2026-01-25 16:00:00+00:00,826.3845,0.13099999999999978,4161.25925,601.183,2277.6025,292.558,583.6534815543155,0.37949837929422103,4177.310112955313,691.8661639351906,2172.3179164331136,244.65374372201737,517.1155107490081,2.167402700892857,1834.600113635913,1129.9374063640873,1906.9052626835316,249.32908860119045,517.1155107490081,2.167402700892857,1834.600113635913,1129.9374063640873,1906.9052626835316,249.32908860119045
2026-01-25 17:00:00+00:00,826.84575,0.13099999999999978,4156.1745,500.64699999999993,2296.3225,292.558,579.9396236445124,12.49035325487262,4454.164236777471,642.4898677476141,2297.7523382438826,250.79780280032645,517.1155107490081,2.167402700892857,1834.600113635913,1129.9374063640873,1906.9052626835316,249.32908860119045,517.1155107490081,2.167402700892857,1834.600113635913,1129.9374063640873,1906.9052626835316,249.32908860119045
2026-01-25 18:00:00+00:00,826.992,0.13099999999999978,4154.429749999999,652.732,2255.58975,292.558,592.1123817401813,5.378212974785052,4385.425391773071,581.3711084191025,2245.746512548701,260.7931450945868,517.1155107490081,2.167402700892857,1834.600113635913,1129.9374063640873,1906.9052626835316,249.32908860119045,517.1155107490081,2.167402700892857,1834.600113635913,1129.9374063640873,1906.9052626835316,249.32908860119045
2026-01-25 19:00:00+00:00,814.471,0.13099999999999978,4144.549,477.0564999999999,2141.2735000000002,292.558,550.4576544061567,5.095607815273482,4301.957124888676,436.52996664141824,2134.4806843759407,255.50857095752295,517.1155107490081,2.167402700892857,1834.600113635913,1129.9374063640873,1906.9052626835316,249.32908860119045,517.1155107490081,2.167402700892857,1834.600113635913,1129.9374063640873,1906.9052626835316,249.32908860119045
2026-01-25 20:00:00+00:00,731.5515,0.13099999999999978,4100.1835,605.46775,2057.044,292.558,561.424260605995,3.2385203341071334,4144.414685865188,417.2135016369866,2067.9804218267623,253.86123822273308,517.1155107490081,2.167402700892857,1834.600113635913,1129.9374063640873,1906.9052626835316,249.32908860119045,517.1155107490081,2.167402700892857,1834.600113635913,1129.9374063640873,1906.9052626835316,249.32908860119045
2026-01-25 21:00:00+00:00,699.2925,0.13099999999999978,4059.5649999999996,597.8280000000001,2006.39625,292.558,583.687421775906,-1.3080682900323728,4268.48404892678,406.15668306985924,2052.3079081254236,227.2332698020697,517.1155107490081,2.167402700892857,1834.600113635913,1129.9374063640873,1906.9052626835316,249.32908860119045,517.1155107490081,2.167402700892857,1834.600113635913,1129.9374063640873,1906.9052626835316,249.32908860119045
2026-01-25 22:00:00+00:00,670.23425,0.13099999999999978,4027.072,586.3197500000001,1973.206,292.558,571.8876925323149,-1.2413990707446843,4104.500262329461,431.06831495513507,2008.9813181714699,219.74595904503772,517.1155107490081,2.167402700892857,1834.600113635913,1129.9374063640873,1906.9052626835316,249.32908860119045,517.1155107490081,2.167402700892857,1834.600113635913,1129.9374063640873,1906.9052626835316,249.32908860119045
2026-01-25 23:00:00+00:00,641.486,0.13099999999999978,3956.40075,324.69100000000003,1939.0394999999999,265.063,552.8975647357372,1.1570962035543781,3734.413740498564,392.6706008839816,1988.2050864757177,220.1618609789287,517.1155107490081,2.167402700892857,1834.600113635913,1129.9374063640873,1906.9052626835316,249.32908860119045,517.1155107490081,2.167402700892857,1834.600113635913,1129.9374063640873,1906.9052626835316,249.32908860119045
2026-01-26 00:00:00+00:00,642.51325,0.13099999999999978,3957.018,307.9765,1921.45125,265.103,530.2411409609342,-1.2023735884993143,3647.1912327465316,450.4197897694679,1921.0764675317166,228.36767117653915,517.1155107490081,2.167402700892857,1834.600113635913,1129.9374063640873,1906.9052626835316,249.32908860119045,517.1155107490081,2.167402700892857,1834.600113635913,1129.9374063640873,1906.9052626835316,249.32908860119045
2026-01-26 01:00:00+00:00,644.30575,0.13099999999999978,3935.22725,305.5107499999999,1899.696,265.063,510.6072936959556,-1.3966369709040714,3742.335662255254,461.2227894731742,1918.4583331469205,243.66879250146235,517.1155107490081,2.167402700892857,1834.600113635913,1129.9374063640873,1906.9052626835316,249.32908860119045,517.1155107490081,2.167402700892857,1834.600113635913,1129.9374063640873,1906.9052626835316,249.32908860119045
2026-01-26 02:00:00+00:00,645.345,0.13099999999999978,3664.627,314.22974999999997,1894.07325,265.103,495.8779166272232,-1.483820572436418,3779.6541637683517,452.21333308844487,1917.127641864001,253.69106760040955,517.1155107490081,2.167402700892857,1834.600113635913,1129.9374063640873,1906.9052626835316,249.32908860119045,517.1155107490081,2.167402700892857,1834.600113635913,1129.9374063640873,1906.9052626835316,249.32908860119045
2026-01-26 03:00:00+00:00,537.992,0.13099999999999978,3764.17175,318.77099999999996,1911.17175,259.327,463.98189324453284,-1.0685086069994858,3781.990191722569,411.3175013726957,1914.5913821706804,263.49942543692913,517.1155107490081,2.167402700892857,1834.600113635913,1129.9374063640873,1906.9052626835316,249.32908860119045,517.1155107490081,2.167402700892857,1834.600113635913,1129.9374063640873,1906.9052626835316,249.32908860119045
2026-01-26 04:00:00+00:00,324.09774999999996,0.13099999999999978,4286.3135,317.22900000000004,1941.203,257.23,494.7817964435244,0.27917640648770514,3870.3968302406765,425.433824605695,1946.736567953574,265.5203063808674,517.1155107490081,2.167402700892857,1834.600113635913,1129.9374063640873,1906.9052626835316,249.32908860119045,517.1155107490081,2.167402700892857,1834.600113635913,1129.9374063640873,1906.9052626835316,249.32908860119045
2026-01-26 05:00:00+00:00,371.9,0.13099999999999978,4906.358,331.1410000000001,2013.11925,257.269,498.91469079359996,4.594644171153776,4704.168474370982,548.2118566409474,2021.2192513658474,258.98216594303955,517.1155107490081,2.167402700892857,1834.600113635913,1129.9374063640873,1906.9052626835316,249.32908860119045,517.1155107490081,2.167402700892857,1834.600113635913,1129.9374063640873,1906.9052626835316,249.32908860119045
2026-01-26 06:00:00+00:00,471.25,0.13099999999999978,4963.206750000001,701.5160000000001,2136.5015,257.269,481.12682194033647,1.987024126056735,4973.2583068238655,888.2398435361044,2133.6784803772475,245.15389750095102,517.1155107490081,2.167402700892857,1834.600113635913,1129.9374063640873,1906.9052626835316,249.32908860119045,517.1155107490081,2.167402700892857,1834.600113635913,1129.9374063640873,1906.9052626835316,249.32908860119045
2026-01-26 07:00:00+00:00,461.6,0.13099999999999978,5313.64225,978.5377500000001,2222.821,257.269,411.01452015390146,8.015363747268514,5262.779630533383,1032.6648419954843,2182.812582022493,246.5384550763476,517.1155107490081,2.167402700892857,1834.600113635913,1129.9374063640873,1906.9052626835316,249.32908860119045,517.1155107490081,2.167402700892857,1834.600113635913,1129.9374063640873,1906.9052626835316,249.32908860119045
2026-01-26 08:00:00+00:00,472.1,0.13099999999999978,5480.31425,1098.4817500000001,2224.071,257.269,404.7866918519262,5.47967950277972,5208.331662928118,1193.4869523676007,2175.983701734438,251.6185688985703,517.1155107490081,2.167402700892857,1834.600113635913,1129.9374063640873,1906.9052626835316,249.32908860119045,517.1155107490081,2.167402700892857,1834.600113635913,1129.9374063640873,1906.9052626835316,249.32908860119045
2026-01-26 09:00:00+00:00,485.8,2.6445000000000003,5492.0795,1028.3945,2176.559,263.164,393.3570377988008,12.54780904832689,5209.806098662875,1035.632760265273,2173.470584860092,254.4600521955632,517.1155107490081,2.167402700892857,1834.600113635913,1129.9374063640873,1906.9052626835316,249.32908860119045,517.1155107490081,2.167402700892857,1834.600113635913,1129.9374063640873,1906.9052626835316,249.32908860119045
2026-01-26 10:00:00+00:00,484.4,54.96125,5471.457,764.71525,2143.19325,265.103,461.8616714457603,27.372887805964215,5201.189606431328,934.9021664984951,2131.859753686716,254.0987238259085,517.1155107490081,2.167402700892857,1834.600113635913,1129.9374063640873,1906.9052626835316,249.32908860119045,517.1155107490081,2.167402700892857,1834.600113635913,1129.9374063640873,1906.9052626835316,249.32908860119045
2026-01-26 11:00:00+00:00,478.4,2.56175,5239.9155,522.4467500000001,2080.2395,270.997,421.2283639828461,16.65253990772706,5240.627661458234,728.0535516745506,2082.961527851894,254.39542424519124,517.1155107490081,2.167402700892857,1834.600113635913,1129.9374063640873,1906.9052626835316,249.32908860119045,517.1155107490081,2.167402700892857,1834.600113635913,1129.9374063640873,1906.9052626835316,249.32908860119045
2026-01-26 12:00:00+00:00,473.6,0.13099999999999978,5175.18775,487.51475000000005,2059.33625,272.896,442.1201801113125,1.6909758022176817,5127.88784404985,671.2204127899104,2086.362191749152,270.72729670275436,517.1155107490081,2.167402700892857,1834.600113635913,1129.9374063640873,1906.9052626835316,249.32908860119045,517.1155107490081,2.167402700892857,1834.600113635913,1129.9374063640873,1906.9052626835316,249.32908860119045
2026-01-26 13:00:00+00:00,477.7,0.13099999999999978,5307.80675,448.404,2067.49025,272.896,430.16847569443945,0.038235685883258874,5050.4382773413645,752.0009356650812,2118.0672062306217,256.7400647291987,517.1155107490081,2.167402700892857,1834.600113635913,1129.9374063640873,1906.9052626835316,249.32908860119045,517.1155107490081,2.167402700892857,1834.600113635913,1129.9374063640873,1906.9052626835316,249.32908860119045
2026-01-26 14:00:00+00:00,473.5,0.13099999999999978,5636.976500000001,679.4662500000001,2098.00125,272.896,570.7016684303442,-0.7138238082311261,5199.288009718349,878.9097113852971,2103.9937485694145,257.5095274916228,517.1155107490081,2.167402700892857,1834.600113635913,1129.9374063640873,1906.9052626835316,249.32908860119045,517.1155107490081,2.167402700892857,1834.600113635913,1129.9374063640873,1906.9052626835316,249.32908860119045
2026-01-26 15:00:00+00:00,486.05,0.13099999999999978,5655.639687500001,1273.9,2200.89925,272.936,535.6816991500232,-2.390084858754824,5258.954322430777,1144.9017872096715,2209.7872558835606,256.82082173269777,517.1155107490081,2.167402700892857,1834.600113635913,1129.9374063640873,1906.9052626835316,249.32908860119045,517.1155107490081,2.167402700892857,1834.600113635913,1129.9374063640873,1906.9052626835316,249.32908860119045
2026-01-26 16:00:00+00:00,484.1,0.13099999999999978,5674.302874999999,2020.4632500000002,2274.8655,273.411,525.6818173854728,4.316782798033015,5290.03075179174,1584.6262424473298,2175.1928800397,255.75375699827637,517.1155107490081,2.167402700892857,1834.600113635913,1129.9374063640873,1906.9052626835316,249.32908860119045,517.1155107490081,2.167402700892857,1834.600113635913,1129.9374063640873,1906.9052626835316,249.32908860119045
2026-01-26 17:00:00+00:00,488.6,0.13099999999999978,5692.9660625,1971.339,2284.5769999999998,275.547,656.259346262239,0.18884780635567222,5319.544771171946,1618.5536897269085,2288.6627297101877,262.9352557454652,517.1155107490081,2.167402700892857,1834.600113635913,1129.9374063640873,1906.9052626835316,249.32908860119045,517.1155107490081,2.167402700892857,1834.600113635913,1129.9374063640873,1906.9052626835316,249.32908860119045
2026-01-26 18:00:00+00:00,489.1,0.13099999999999978,5711.62925,1402.0765,2248.2219999999998,277.011,587.0635511005205,5.969735670187745,5314.430915339596,1356.3688855803334,2238.4441416835457,258.73884544638776,517.1155107490081,2.167402700892857,1834.600113635913,1129.9374063640873,1906.9052626835316,249.32908860119045,517.1155107490081,2.167402700892857,1834.600113635913,1129.9374063640873,1906.9052626835316,249.32908860119045
2026-01-26 19:00:00+00:00,474.45,0.13099999999999978,5278.2235,840.39775,2168.63075,272.975,595.3202616334355,4.46328619741648,5043.367608706264,895.5078197000686,2145.9390851249145,258.65565241736863,517.1155107490081,2.167402700892857,1834.600113635913,1129.9374063640873,1906.9052626835316,249.32908860119045,517.1155107490081,2.167402700892857,1834.600113635913,1129.9374063640873,1906.9052626835316,249.32908860119045
2026-01-26 20:00:00+00:00,460.1,0.13099999999999978,5381.3975,447.4135,2090.264,272.975,631.2121292350366,0.5796732971831848,4887.4017531557365,706.5500086011583,2047.0769509444349,246.21290254659718,517.1155107490081,2.167402700892857,1834.600113635913,1129.9374063640873,1906.9052626835316,249.32908860119045,517.1155107490081,2.167402700892857,1834.600113635913,1129.9374063640873,1906.9052626835316,249.32908860119045
2026-01-26 21:00:00+00:00,338.95,0.13099999999999978,5262.742249999999,365.5994999999999,2025.6495,272.975,625.9019247060917,-0.09050230305540286,4723.404245799374,659.7457590438989,2005.5436928272961,244.89204183018435,517.1155107490081,2.167402700892857,1834.600113635913,1129.9374063640873,1906.9052626835316,249.32908860119045,517.1155107490081,2.167402700892857,1834.600113635913,1129.9374063640873,1906.9052626835316,249.32908860119045
2026-01-26 22:00:00+00:00,264.25,0.13099999999999978,4807.709,378.9492499999999,1991.0565,272.936,552.7817884477727,-0.26828576331086174,4623.806863863528,568.9950917683983,1988.507106729755,242.82503087844458,517.1155107490081,2.167402700892857,1834.600113635913,1129.9374063640873,1906.9052626835316,249.32908860119045,517.1155107490081,2.167402700892857,1834.600113635913,1129.9374063640873,1906.9052626835316,249.32908860119045
2026-01-26 23:00:00+00:00,259.3,0.13099999999999978,4674.567,383.91374999999994,1952.1577499999999,269.534,532.966333879773,-0.21935499185694018,4415.1960197286535,556.4266699051961,1955.7624117915511,235.36834083402348,517.1155107490081,2.167402700892857,1834.600113635913,1129.9374063640873,1906.9052626835316,249.32908860119045,517.1155107490081,2.167402700892857,1834.600113635913,1129.9374063640873,1906.9052626835316,249.32908860119045
2026-01-27 00:00:00+00:00,257.7,0.13099999999999978,4616.12475,396.13750000000005,1933.2625,268.901,685.7001632285586,-0.4645343287710735,4649.567498148019,609.5490456036123,1933.7145343393797,233.79046025929293,517.1155107490081,2.167402700892857,1834.600113635913,1129.9374063640873,1906.9052626835316,249.32908860119045,517.1155107490081,2.167402700892857,1834.600113635913,1129.9374063640873,1906.9052626835316,249.32908860119045
2026-01-27 01:00:00+00:00,256.7,0.13099999999999978,4562.16925,408.4939999999999,1921.60975,268.901,724.9352984500033,-0.07583799420351722,4688.131608177111,609.7634359005775,1933.9061493201375,223.15049469785583,517.1155107490081,2.167402700892857,1834.600113635913,1129.9374063640873,1906.9052626835316,249.32908860119045,517.1155107490081,2.167402700892857,1834.600113635913,1129.9374063640873,1906.9052626835316,249.32908860119045
2026-01-27 02:00:00+00:00,253.5,0.13099999999999978,4909.468,403.3174999999999,1914.8377500000001,268.901,747.6135956004616,-0.1528588643218476,4548.049186093581,616.7096560260695,1926.8617859865783,197.7650258093984,517.1155107490081,2.167402700892857,1834.600113635913,1129.9374063640873,1906.9052626835316,249.32908860119045,517.1155107490081,2.167402700892857,1834.600113635913,1129.9374063640873,1906.9052626835316,249.32908860119045
2026-01-27 03:00:00+00:00,246.60000000000002,0.13099999999999978,5113.61675,472.24675,1927.865,263.00600000000003,681.0913836124978,-0.1566529219153172,4539.301743609533,585.7788460509418,1919.4929760756531,203.62631801020945,517.1155107490081,2.167402700892857,1834.600113635913,1129.9374063640873,1906.9052626835316,249.32908860119045,517.1155107490081,2.167402700892857,1834.600113635913,1129.9374063640873,1906.9052626835316,249.32908860119045
2026-01-27 04:00:00+00:00,282.5,0.13099999999999978,5593.33775,535.76925,1956.3845,261.028,798.1541421435659,-0.33446675442588214,4631.581097378213,612.6094292901761,1946.0822471846163,207.34450816738843,517.1155107490081,2.167402700892857,1834.600113635913,1129.9374063640873,1906.9052626835316,249.32908860119045,517.1155107490081,2.167402700892857,1834.600113635913,1129.9374063640873,1906.9052626835316,249.32908860119045
2026-01-27 05:00:00+00:00,411.5,0.10524999999999984,5801.641,1175.92225,2017.576,261.067,865.926207731276,0.8042979444286433,4964.533184845236,1011.8105706342441,1968.9012507305536,194.18707072545655,517.1155107490081,2.167402700892857,1834.600113635913,1129.9374063640873,1906.9052626835316,249.32908860119045,517.1155107490081,2.167402700892857,1834.600113635913,1129.9374063640873,1906.9052626835316,249.32908860119045
2026-01-27 06:00:00+00:00,465.4,0.06599999999999984,5881.9795,1734.32275,2117.1555,265.142,860.4248980137479,7.849580943837653,5348.527050426195,1581.9510155765433,2038.8136643186565,224.65358612753153,517.1155107490081,2.167402700892857,1834.600113635913,1129.9374063640873,1906.9052626835316,249.32908860119045,517.1155107490081,2.167402700892857,1834.600113635913,1129.9374063640873,1906.9052626835316,249.32908860119045
2026-01-27 07:00:00+00:00,470.1,0.06599999999999984,5920.49725,2130.47625,2203.9390000000003,265.142,811.5167090018563,-5.058209011245298,5586.705888788742,1793.5338362091375,2173.3586150793935,239.57938980241002,517.1155107490081,2.167402700892857,1834.600113635913,1129.9374063640873,1906.9052626835316,249.32908860119045,517.1155107490081,2.167402700892857,1834.600113635913,1129.9374063640873,1906.9052626835316,249.32908860119045
2026-01-27 08:00:00+00:00,468.85,0.06599999999999984,5890.429749999999,1140.74375,2218.10225,265.221,683.6628132576568,-0.3567844778186804,5477.275023720983,1199.6581810506386,2174.3435479796494,253.32372362171355,517.1155107490081,2.167402700892857,1834.600113635913,1129.9374063640873,1906.9052626835316,249.32908860119045,517.1155107490081,2.167402700892857,1834.600113635913,1129.9374063640873,1906.9052626835316,249.32908860119045
2026-01-27 09:00:00+00:00,467.95,0.06599999999999984,5699.77625,606.78875,2207.40175,269.45475,573.6650863778721,-4.009599605689301,5640.071155173733,649.3928712040163,2135.516725708468,262.1871342211168,517.1155107490081,2.167402700892857,1834.600113635913,1129.9374063640873,1906.9052626835316,249.32908860119045,517.1155107490081,2.167402700892857,1834.600113635913,1129.9374063640873,1906.9052626835316,249.32908860119045
2026-01-27 10:00:00+00:00,469.0,0.06599999999999984,5665.26925,577.0585,2185.3495,268.901,565.667894087204,1.132680531230928,5348.70401523955,536.1559338614004,2104.234147961884,272.0815277336822,517.1155107490081,2.167402700892857,1834.600113635913,1129.9374063640873,1906.9052626835316,249.32908860119045,517.1155107490081,2.167402700892857,1834.600113635913,1129.9374063640873,1906.9052626835316,249.32908860119045
2026-01-27 11:00:00+00:00,474.85,0.06599999999999984,5709.934749999999,589.1600000000001,2121.803,268.901,575.9760942235089,2.0722677513088392,5174.113507903615,500.0055744676524,2085.5938240155897,255.6385878688609,517.1155107490081,2.167402700892857,1834.600113635913,1129.9374063640873,1906.9052626835316,249.32908860119045,517.1155107490081,2.167402700892857,1834.600113635913,1129.9374063640873,1906.9052626835316,249.32908860119045
2026-01-27 12:00:00+00:00,480.1,0.06599999999999984,5579.07675,563.2460000000001,2099.0905000000002,268.94,596.0001388052253,3.1334140373294948,4950.075715824668,574.8800212492234,2075.1364875073773,256.54795467111506,517.1155107490081,2.167402700892857,1834.600113635913,1129.9374063640873,1906.9052626835316,249.32908860119045,517.1155107490081,2.167402700892857,1834.600113635913,1129.9374063640873,1906.9052626835316,249.32908860119045
2026-01-27 13:00:00+00:00,470.8,0.06599999999999984,5410.25975,531.3597500000001,2103.1192499999997,268.94,584.4000923366887,5.803489431497365,4778.711175083583,538.1886014769026,2065.885710676062,258.82483822558856,517.1155107490081,2.167402700892857,1834.600113635913,1129.9374063640873,1906.9052626835316,249.32908860119045,517.1155107490081,2.167402700892857,1834.600113635913,1129.9374063640873,1906.9052626835316,249.32908860119045
2026-01-27 14:00:00+00:00,479.1,0.06599999999999984,5563.4965,504.88975000000005,2132.1504999999997,268.94,609.7559122396108,4.737141899187012,4875.315697425004,614.7394445416732,2088.4578870034843,257.33265424676796,517.1155107490081,2.167402700892857,1834.600113635913,1129.9374063640873,1906.9052626835316,249.32908860119045,517.1155107490081,2.167402700892857,1834.600113635913,1129.9374063640873,1906.9052626835316,249.32908860119045
2026-01-27 15:00:00+00:00,484.2,0.06599999999999984,5584.6605,557.2150000000001,2237.13375,268.901,544.0431695766958,3.878268631342062,4896.684020219623,658.650784947414,2157.750348112715,262.5116902911268,517.1155107490081,2.167402700892857,1834.600113635913,1129.9374063640873,1906.9052626835316,249.32908860119045,517.1155107490081,2.167402700892857,1834.600113635913,1129.9374063640873,1906.9052626835316,249.32908860119045
2026-01-27 16:00:00+00:00,480.65,0.06599999999999984,5516.331,707.9372500000001,2308.0415000000003,268.901,503.413453429937,9.15090187723538,5277.531839129177,855.5803473677738,2181.931393344914,253.43640105884563,517.1155107490081,2.167402700892857,1834.600113635913,1129.9374063640873,1906.9052626835316,249.32908860119045,517.1155107490081,2.167402700892857,1834.600113635913,1129.9374063640873,1906.9052626835316,249.32908860119045
2026-01-27 17:00:00+00:00,491.5,0.06599999999999984,5317.917,753.2392500000001,2315.656,268.901,447.05934278561904,5.055239382630678,5495.8689197607955,811.3519034494238,2293.165071293869,263.2078301592356,517.1155107490081,2.167402700892857,1834.600113635913,1129.9374063640873,1906.9052626835316,249.32908860119045,517.1155107490081,2.167402700892857,1834.600113635913,1129.9374063640873,1906.9052626835316,249.32908860119045
2026-01-27 18:00:00+00:00,479.2,0.06599999999999984,5247.80875,547.2305000000001,2277.69225,268.901,419.00886866237107,7.0241522239530365,5235.12607943526,739.3262129770701,2239.3780347515685,259.29689710764893,517.1155107490081,2.167402700892857,1834.600113635913,1129.9374063640873,1906.9052626835316,249.32908860119045,517.1155107490081,2.167402700892857,1834.600113635913,1129.9374063640873,1906.9052626835316,249.32908860119045
2026-01-27 19:00:00+00:00,358.15,0.06599999999999984,5269.84675,454.6254999999999,2196.9155,268.901,500.94960281998175,2.7110714665984847,4874.879166726393,608.6573443819718,2150.524322130914,251.1106115550939,517.1155107490081,2.167402700892857,1834.600113635913,1129.9374063640873,1906.9052626835316,249.32908860119045,517.1155107490081,2.167402700892857,1834.600113635913,1129.9374063640873,1906.9052626835316,249.32908860119045
2026-01-27 20:00:00+00:00,320.8,0.06599999999999984,5278.34775,518.51325,2116.513,268.901,488.535944427095,-1.0968024897682151,4792.231722707004,592.3610358185764,2097.1673345592085,245.33602221693116,517.1155107490081,2.167402700892857,1834.600113635913,1129.9374063640873,1906.9052626835316,249.32908860119045,517.1155107490081,2.167402700892857,1834.600113635913,1129.9374063640873,1906.9052626835316,249.32908860119045
2026-01-27 21:00:00+00:00,288.9,0.06599999999999984,5011.26825,505.32475,2064.6565,268.901,449.0082866043143,-1.027445383979129,4629.269543248271,537.7402150279122,2021.1841231367343,245.2403067256416,517.1155107490081,2.167402700892857,1834.600113635913,1129.9374063640873,1906.9052626835316,249.32908860119045,517.1155107490081,2.167402700892857,1834.600113635913,1129.9374063640873,1906.9052626835316,249.32908860119045
2026-01-27 22:00:00+00:00,262.7,0.06599999999999984,5031.8855,427.06925,2017.1100000000001,268.901,365.45354261329913,-0.6214518453926723,4321.01883495032,543.8780205792506,1999.4235795196394,242.34197587426524,517.1155107490081,2.167402700892857,1834.600113635913,1129.9374063640873,1906.9052626835316,249.32908860119045,517.1155107490081,2.167402700892857,1834.600113635913,1129.9374063640873,1906.9052626835316,249.32908860119045
2026-01-27 23:00:00+00:00,256.75,0.06599999999999984,5136.80825,425.13249999999994,1984.08175,264.984,339.1489977439477,1.5694751332807564,4262.136186245765,512.9535371891562,1991.9383793033735,240.74860464686853,517.1155107490081,2.167402700892857,1834.600113635913,1129.9374063640873,1906.9052626835316,249.32908860119045,517.1155107490081,2.167402700892857,1834.600113635913,1129.9374063640873,1906.9052626835316,249.32908860119045
2026-01-28 00:00:00+00:00,262.3,0.06599999999999984,4554.8575,467.66675,1969.5675,264.984,296.4378078650261,1.1027243089986796,4407.193331826592,523.3103027917989,1976.029713149544,244.43283616293277,517.1155107490081,2.167402700892857,1834.600113635913,1129.9374063640873,1906.9052626835316,249.32908860119045,517.1155107490081,2.167402700892857,1834.600113635913,1129.9374063640873,1906.9052626835316,249.32908860119045
2026-01-28 01:00:00+00:00,261.9,0.06599999999999984,4426.8215,480.00149999999996,1957.0145,265.409,316.5764449846307,1.1090760068672916,4142.3715244129835,503.99586211276664,1934.5993555243604,243.11595583216686,517.1155107490081,2.167402700892857,1834.600113635913,1129.9374063640873,1906.9052626835316,249.32908860119045,517.1155107490081,2.167402700892857,1834.600113635913,1129.9374063640873,1906.9052626835316,249.32908860119045
2026-01-28 02:00:00+00:00,258.8,0.06599999999999984,4394.142,479.9192499999999,1948.926,264.984,352.06462666147695,0.13882207031929328,4215.265676282445,496.85022336353484,1920.5052527915996,235.88577520581123,517.1155107490081,2.167402700892857,1834.600113635913,1129.9374063640873,1906.9052626835316,249.32908860119045,517.1155107490081,2.167402700892857,1834.600113635913,1129.9374063640873,1906.9052626835316,249.32908860119045
2026-01-28 03:00:00+00:00,272.9,0.059499999999999886,4821.08175,501.4855,1952.4427500000002,259.05,372.9390799344759,-0.16178675460682745,4329.9615859004425,510.48481015964296,1945.3575309847663,214.17053089908546,517.1155107490081,2.167402700892857,1834.600113635913,1129.9374063640873,1906.9052626835316,249.32908860119045,517.1155107490081,2.167402700892857,1834.600113635913,1129.9374063640873,1906.9052626835316,249.32908860119045
2026-01-28 04:00:00+00:00,304.7,0.0,4759.58075,511.54150000000004,1972.24875,257.072,460.89159710603695,-0.27986116401104866,4241.1136152459285,499.0497403831238,1958.0919327460222,210.59090797741942,517.1155107490081,2.167402700892857,1834.600113635913,1129.9374063640873,1906.9052626835316,249.32908860119045,517.1155107490081,2.167402700892857,1834.600113635913,1129.9374063640873,1906.9052626835316,249.32908860119045
2026-01-28 05:00:00+00:00,379.65,0.0,4977.2564999999995,507.4337499999999,2018.118,257.072,553.5503429875241,3.079199053255407,4804.038631365505,705.3633991000747,1999.7119237806653,226.4267002028124,517.1155107490081,2.167402700892857,1834.600113635913,1129.9374063640873,1906.9052626835316,249.32908860119045,517.1155107490081,2.167402700892857,1834.600113635913,1129.9374063640873,1906.9052626835316,249.32908860119045
2026-01-28 06:00:00+00:00,466.6,0.0,5013.257,1049.5865,2128.3005000000003,258.39725,552.7350737825077,11.167352010592742,5096.221860665313,1070.1877537040964,2073.927358174714,238.47738532071327,517.1155107490081,2.167402700892857,1834.600113635913,1129.9374063640873,1906.9052626835316,249.32908860119045,517.1155107490081,2.167402700892857,1834.600113635913,1129.9374063640873,1906.9052626835316,249.32908860119045
2026-01-28 07:00:00+00:00,459.5,0.0,5269.5675,1286.7907500000001,2216.651,262.412,533.9437363792441,29.526565034581548,5217.281704245994,1150.9516021407396,2112.0199332402926,249.1512525465419,517.1155107490081,2.167402700892857,1834.600113635913,1129.9374063640873,1906.9052626835316,249.32908860119045,517.1155107490081,2.167402700892857,1834.600113635913,1129.9374063640873,1906.9052626835316,249.32908860119045
2026-01-28 08:00:00+00:00,465.0,105.96724999999999,5030.929,935.21375,2215.098,262.412,493.2407539137002,91.45457978679589,5148.131065224303,885.9700898078352,2136.1215079086546,245.55780036662813,517.1155107490081,2.167402700892857,1834.600113635913,1129.9374063640873,1906.9052626835316,249.32908860119045,517.1155107490081,2.167402700892857,1834.600113635913,1129.9374063640873,1906.9052626835316,249.32908860119045
2026-01-28 09:00:00+00:00,474.0,108.6303125,5183.333,778.80725,2168.19125,268.34675,548.1191234823148,97.41423259047401,5050.121420644743,696.9675101349585,2098.1261581347408,249.24598428414677,517.1155107490081,2.167402700892857,1834.600113635913,1129.9374063640873,1906.9052626835316,249.32908860119045,517.1155107490081,2.167402700892857,1834.600113635913,1129.9374063640873,1906.9052626835316,249.32908860119045
2026-01-28 10:00:00+00:00,476.95,111.293375,5166.23325,598.37625,2133.79,270.325,537.0457912802173,98.15892699993901,5067.892627994027,679.6774840947401,2056.1256396917756,246.70942601364266,517.1155107490081,2.167402700892857,1834.600113635913,1129.9374063640873,1906.9052626835316,249.32908860119045,517.1155107490081,2.167402700892857,1834.600113635913,1129.9374063640873,1906.9052626835316,249.32908860119045
2026-01-28 11:00:00+00:00,509.25,113.9564375,5066.468750000001,663.885,2053.91725,270.285,593.0210002137644,105.36374019859544,4974.4216779106955,715.0580545833358,2012.1859213387725,241.2770527613548,517.1155107490081,2.167402700892857,1834.600113635913,1129.9374063640873,1906.9052626835316,249.32908860119045,517.1155107490081,2.167402700892857,1834.600113635913,1129.9374063640873,1906.9052626835316,249.32908860119045
2026-01-28 12:00:00+00:00,508.25,116.6195,4912.3625,649.0935000000001,2027.2585,270.36425,592.3392010144345,94.0930527169568,4924.328442083814,783.316630648284,2015.8993596128148,222.55248173815437,517.1155107490081,2.167402700892857,1834.600113635913,1129.9374063640873,1906.9052626835316,249.32908860119045,517.1155107490081,2.167402700892857,1834.600113635913,1129.9374063640873,1906.9052626835316,249.32908860119045
2026-01-28 13:00:00+00:00,504.0,103.65475,4875.1245,838.772,2037.8622500000001,270.48325,688.5156564395522,83.0931054964149,4726.44031747466,895.1905429083894,2029.8986527054822,223.33628006701775,517.1155107490081,2.167402700892857,1834.600113635913,1129.9374063640873,1906.9052626835316,249.32908860119045,517.1155107490081,2.167402700892857,1834.600113635913,1129.9374063640873,1906.9052626835316,249.32908860119045
2026-01-28 14:00:00+00:00,502.25,82.316,4881.77225,633.43325,2077.093,270.285,638.8933857235813,70.26582329991012,4590.003156016568,1004.0921726833598,2048.9970324914343,232.18183601855873,517.1155107490081,2.167402700892857,1834.600113635913,1129.9374063640873,1906.9052626835316,249.32908860119045,517.1155107490081,2.167402700892857,1834.600113635913,1129.9374063640873,1906.9052626835316,249.32908860119045
2026-01-28 15:00:00+00:00,507.85,73.16977777777778,4888.66825,655.97775,2150.58825,270.285,583.8475106930512,73.25649130422507,4985.290639112932,1025.6957601683841,2130.636865214533,238.36826691970023,517.1155107490081,2.167402700892857,1834.600113635913,1129.9374063640873,1906.9052626835316,249.32908860119045,517.1155107490081,2.167402700892857,1834.600113635913,1129.9374063640873,1906.9052626835316,249.32908860119045
2026-01-28 16:00:00+00:00,512.6,64.02355555555556,4899.22325,1205.598,2215.45875,270.325,454.15367356234253,71.28209659180017,4804.686423761141,1312.018811524112,2144.0098706862336,258.4929759705416,517.1155107490081,2.167402700892857,1834.600113635913,1129.9374063640873,1906.9052626835316,249.32908860119045,517.1155107490081,2.167402700892857,1834.600113635913,1129.9374063640873,1906.9052626835316,249.32908860119045
2026-01-28 17:00:00+00:00,510.9,54.87733333333333,4799.55125,1500.687,2238.50475,266.38824999999997,481.98407377200647,55.433753828488506,4854.35411615691,1228.1042452647239,2283.7172395725192,263.4424197663289,517.1155107490081,2.167402700892857,1834.600113635913,1129.9374063640873,1906.9052626835316,249.32908860119045,517.1155107490081,2.167402700892857,1834.600113635913,1129.9374063640873,1906.9052626835316,249.32908860119045
2026-01-28 18:00:00+00:00,512.65,45.73111111111111,4524.30125,936.2732500000001,2193.91925,265.063,407.59623147277426,44.6954905654015,4970.9343392647315,806.5421422317697,2242.681160587518,264.13080991365666,517.1155107490081,2.167402700892857,1834.600113635913,1129.9374063640873,1906.9052626835316,249.32908860119045,517.1155107490081,2.167402700892857,1834.600113635913,1129.9374063640873,1906.9052626835316,249.32908860119045
2026-01-28 19:00:00+00:00,428.0,36.58488888888889,4491.201,477.03949999999986,2116.7149999999997,265.063,414.8286958751685,32.59548155035055,4678.87062713848,663.4028953209208,2142.452853096291,254.63414648202829,517.1155107490081,2.167402700892857,1834.600113635913,1129.9374063640873,1906.9052626835316,249.32908860119045,517.1155107490081,2.167402700892857,1834.600113635913,1129.9374063640873,1906.9052626835316,249.32908860119045
2026-01-28 20:00:00+00:00,347.4,27.438666666666663,4426.43275,417.64025000000004,2043.11525,265.103,399.6087143531235,24.642416709678734,4517.062559949222,528.8336303044358,2072.3812836236475,257.2052655297922,517.1155107490081,2.167402700892857,1834.600113635913,1129.9374063640873,1906.9052626835316,249.32908860119045,517.1155107490081,2.167402700892857,1834.600113635913,1129.9374063640873,1906.9052626835316,249.32908860119045
2026-01-28 21:00:00+00:00,337.9,18.292444444444442,4085.719,405.64474999999993,1994.5825,265.103,342.9092814076968,6.604835950574824,4286.9055116662885,473.3731636911482,2014.4346784699053,250.25978811514744,517.1155107490081,2.167402700892857,1834.600113635913,1129.9374063640873,1906.9052626835316,249.32908860119045,517.1155107490081,2.167402700892857,1834.600113635913,1129.9374063640873,1906.9052626835316,249.32908860119045
2026-01-28 22:00:00+00:00,349.5,9.146222222222221,3959.5095,392.1965,1956.2305000000001,265.103,354.3088865151754,4.96278247267929,3910.647271009014,473.88548552419024,1983.8291646299065,255.9756295519105,517.1155107490081,2.167402700892857,1834.600113635913,1129.9374063640873,1906.9052626835316,249.32908860119045,517.1155107490081,2.167402700892857,1834.600113635913,1129.9374063640873,1906.9052626835316,249.32908860119045
2026-01-28 23:00:00+00:00,226.762,0.0,3980.29075,379.83349999999996,1910.23875,259.16825,342.1693015836105,-0.6745737080849286,3921.0451190782824,438.1952215664702,1965.424382165333,253.29534745969417,517.1155107490081,2.167402700892857,1834.600113635913,1129.9374063640873,1906.9052626835316,249.32908860119045,517.1155107490081,2.167402700892857,1834.600113635913,1129.9374063640873,1906.9052626835316,249.32908860119045
2026-01-29 00:00:00+00:00,227.61199999999997,0.0,4015.7905,386.279,1898.79575,257.23,327.11702000122455,1.5865985087636345,3929.041821694692,451.6468714466423,1940.4492669226095,249.6042292700336,517.1155107490081,2.167402700892857,1834.600113635913,1129.9374063640873,1906.9052626835316,249.32908860119045,517.1155107490081,2.167402700892857,1834.600113635913,1129.9374063640873,1906.9052626835316,249.32908860119045
2026-01-29 01:00:00+00:00,226.812,0.0,3966.5604999999996,390.89175,1889.2495,257.19,313.5827796233661,0.8015271533586812,3777.9873258768434,451.4149706554533,1926.2850047200388,251.83323105850312,517.1155107490081,2.167402700892857,1834.600113635913,1129.9374063640873,1906.9052626835316,249.32908860119045,517.1155107490081,2.167402700892857,1834.600113635913,1129.9374063640873,1906.9052626835316,249.32908860119045
2026-01-29 02:00:00+00:00,223.11199999999997,0.0,3916.58425,399.22275,1884.4917500000001,257.23,306.4081875577836,1.4408156277194086,3913.1343929686145,469.9615406251926,1916.0380418506413,253.71387796716627,517.1155107490081,2.167402700892857,1834.600113635913,1129.9374063640873,1906.9052626835316,249.32908860119045,517.1155107490081,2.167402700892857,1834.600113635913,1129.9374063640873,1906.9052626835316,249.32908860119045
2026-01-29 03:00:00+00:00,202.0,0.0,3980.8997499999996,425.88549999999987,1893.949,251.29600000000002,280.117748229724,1.325772633083898,3880.1626899481143,473.9598741856058,1915.2447330066477,247.214253836301,517.1155107490081,2.167402700892857,1834.600113635913,1129.9374063640873,1906.9052626835316,249.32908860119045,517.1155107490081,2.167402700892857,1834.600113635913,1129.9374063640873,1906.9052626835316,249.32908860119045
2026-01-29 04:00:00+00:00,226.35000000000002,38.83,4328.5875,457.4569999999999,1920.5149999999999,249.318,293.4969627566929,30.03460284170633,4070.422255039859,469.2579932306961,1926.9487086271297,250.2979350159855,517.1155107490081,2.167402700892857,1834.600113635913,1129.9374063640873,1906.9052626835316,249.32908860119045,517.1155107490081,2.167402700892857,1834.600113635913,1129.9374063640873,1906.9052626835316,249.32908860119045
2026-01-29 05:00:00+00:00,326.9,83.21925,4796.8330000000005,484.4375,2001.07125,249.318,387.11175918104743,56.98851912352648,4607.283270760907,626.7283855879398,2008.3460585441858,253.52849794504488,517.1155107490081,2.167402700892857,1834.600113635913,1129.9374063640873,1906.9052626835316,249.32908860119045,517.1155107490081,2.167402700892857,1834.600113635913,1129.9374063640873,1906.9052626835316,249.32908860119045
2026-01-29 06:00:00+00:00,444.2,81.69725,4837.8485,789.5085000000001,2104.7707499999997,254.658,415.8037662435499,75.70741345648177,4770.5417865540085,891.2957772703536,2110.938532154587,244.97563760927625,517.1155107490081,2.167402700892857,1834.600113635913,1129.9374063640873,1906.9052626835316,249.32908860119045,517.1155107490081,2.167402700892857,1834.600113635913,1129.9374063640873,1906.9052626835316,249.32908860119045
2026-01-29 07:00:00+00:00,457.95,80.88624999999999,4845.696,1714.3,2166.526,254.658,437.57932895572355,89.47336355984197,4895.949870240524,1320.1800981050756,2131.5934215591064,248.6998198979748,517.1155107490081,2.167402700892857,1834.600113635913,1129.9374063640873,1906.9052626835316,249.32908860119045,517.1155107490081,2.167402700892857,1834.600113635913,1129.9374063640873,1906.9052626835316,249.32908860119045
2026-01-29 08:00:00+00:00,455.3,80.99924999999999,4843.32675,1726.32175,2158.0675,254.658,470.89336993997233,82.0928623224718,4647.2376016801245,1432.805209874793,2152.2255274339846,246.82954469641928,517.1155107490081,2.167402700892857,1834.600113635913,1129.9374063640873,1906.9052626835316,249.32908860119045,517.1155107490081,2.167402700892857,1834.600113635913,1129.9374063640873,1906.9052626835316,249.32908860119045
2026-01-29 09:00:00+00:00,448.0,80.67175,4918.022250000001,1476.6774999999998,2108.9345000000003,260.553,458.1769770719953,87.024896519544,4864.895861533114,1317.0265182056737,2138.1811214593017,248.30050593939401,517.1155107490081,2.167402700892857,1834.600113635913,1129.9374063640873,1906.9052626835316,249.32908860119045,517.1155107490081,2.167402700892857,1834.600113635913,1129.9374063640873,1906.9052626835316,249.32908860119045
2026-01-29 10:00:00+00:00,458.4,80.6135,4833.395,1274.2865,2070.77675,262.531,449.4664263143582,80.67896042003386,4888.333198519549,1060.9655377911763,2079.066949042699,247.39497979618207,517.1155107490081,2.167402700892857,1834.600113635913,1129.9374063640873,1906.9052626835316,249.32908860119045,517.1155107490081,2.167402700892857,1834.600113635913,1129.9374063640873,1906.9052626835316,249.32908860119045
2026-01-29 11:00:00+00:00,461.9,81.08,4825.35725,640.6775,2009.60575,262.531,459.7574241407247,82.08594339333783,4862.25212431796,952.3417305016926,2034.824872112196,247.22220056038358,517.1155107490081,2.167402700892857,1834.600113635913,1129.9374063640873,1906.9052626835316,249.32908860119045,517.1155107490081,2.167402700892857,1834.600113635913,1129.9374063640873,1906.9052626835316,249.32908860119045
2026-01-29 12:00:00+00:00,456.3,80.85375,4824.348,683.15025,1990.163,262.452,474.88392252800986,80.08855411140144,4963.937278695236,919.978970106874,2029.6072067685795,258.297475361053,517.1155107490081,2.167402700892857,1834.600113635913,1129.9374063640873,1906.9052626835316,249.32908860119045,517.1155107490081,2.167402700892857,1834.600113635913,1129.9374063640873,1906.9052626835316,249.32908860119045
2026-01-29 13:00:00+00:00,459.4,80.78524999999999,4833.03675,863.6147500000001,2000.45175,262.452,486.11757230974064,75.56069053119967,4963.5632559743535,901.0188199421962,2029.6072067685795,260.8507321145111,517.1155107490081,2.167402700892857,1834.600113635913,1129.9374063640873,1906.9052626835316,249.32908860119045,517.1155107490081,2.167402700892857,1834.600113635913,1129.9374063640873,1906.9052626835316,249.32908860119045
2026-01-29 14:00:00+00:00,474.2,81.01625,4947.23475,773.1765,2039.1637500000002,262.452,491.68918604461885,88.17834004762942,5097.868771378342,977.605136854264,2070.154374531344,260.4845924408064,517.1155107490081,2.167402700892857,1834.600113635913,1129.9374063640873,1906.9052626835316,249.32908860119045,517.1155107490081,2.167402700892857,1834.600113635913,1129.9374063640873,1906.9052626835316,249.32908860119045
2026-01-29 15:00:00+00:00,467.6,80.7545,5533.86875,933.3477500000001,2125.82425,262.492,493.93528260926644,77.0853116482766,5246.906299829425,1115.5924460368724,2152.3167092731655,242.50201545062285,517.1155107490081,2.167402700892857,1834.600113635913,1129.9374063640873,1906.9052626835316,249.32908860119045,517.1155107490081,2.167402700892857,1834.600113635913,1129.9374063640873,1906.9052626835316,249.32908860119045
2026-01-29 16:00:00+00:00,463.15,80.88525,5765.36775,1603.49725,2220.30825,262.531,456.32918766580633,84.46693319201117,5091.124991904104,1656.371995785018,2136.8658693718917,245.43654637615356,517.1155107490081,2.167402700892857,1834.600113635913,1129.9374063640873,1906.9052626835316,249.32908860119045,517.1155107490081,2.167402700892857,1834.600113635913,1129.9374063640873,1906.9052626835316,249.32908860119045
2026-01-29 17:00:00+00:00,457.6,81.03625,5398.329000000001,1981.1275,2255.7105,262.531,415.4543384871225,78.48218970372085,5148.9898000271705,1643.2279765181424,2226.1624242015346,259.335784485373,517.1155107490081,2.167402700892857,1834.600113635913,1129.9374063640873,1906.9052626835316,249.32908860119045,517.1155107490081,2.167402700892857,1834.600113635913,1129.9374063640873,1906.9052626835316,249.32908860119045
2026-01-29 18:00:00+00:00,455.75,81.07175000000001,5026.70225,1317.846,2242.388,257.269,443.95941003158305,81.26780356408698,5070.483136696511,1130.2471231966215,2243.50181379738,272.85394364999195,517.1155107490081,2.167402700892857,1834.600113635913,1129.9374063640873,1906.9052626835316,249.32908860119045,517.1155107490081,2.167402700892857,1834.600113635913,1129.9374063640873,1906.9052626835316,249.32908860119045
2026-01-29 19:00:00+00:00,376.95,81.6015,4841.626749999999,673.565,2172.81425,257.269,451.6919310804421,69.71356581480757,4829.188713470797,860.1710137535702,2118.826518733077,257.8908962217705,517.1155107490081,2.167402700892857,1834.600113635913,1129.9374063640873,1906.9052626835316,249.32908860119045,517.1155107490081,2.167402700892857,1834.600113635913,1129.9374063640873,1906.9052626835316,249.32908860119045
2026-01-29 20:00:00+00:00,307.6,80.96549999999999,4686.499,672.20775,2096.721,257.309,415.0000118710609,52.20856379758011,4640.0482604391345,661.0190073489237,2063.1154940851998,255.1402253544084,517.1155107490081,2.167402700892857,1834.600113635913,1129.9374063640873,1906.9052626835316,249.32908860119045,517.1155107490081,2.167402700892857,1834.600113635913,1129.9374063640873,1906.9052626835316,249.32908860119045
2026-01-29 21:00:00+00:00,235.2,42.10275,4623.179749999999,458.73699999999997,2027.21625,257.309,517.5245578310648,27.941477998400128,4449.460921182165,528.7357239339111,2019.0330780744544,237.97578664796356,517.1155107490081,2.167402700892857,1834.600113635913,1129.9374063640873,1906.9052626835316,249.32908860119045,517.1155107490081,2.167402700892857,1834.600113635913,1129.9374063640873,1906.9052626835316,249.32908860119045
2026-01-29 22:00:00+00:00,235.0,0.0,4295.285,443.93224999999995,1975.65,257.309,469.7996486163486,0.7194436057168854,4193.410526969997,474.84382335183534,1983.8808887194918,237.07258013846115,517.1155107490081,2.167402700892857,1834.600113635913,1129.9374063640873,1906.9052626835316,249.32908860119045,517.1155107490081,2.167402700892857,1834.600113635913,1129.9374063640873,1906.9052626835316,249.32908860119045
2026-01-29 23:00:00+00:00,214.10000000000002,0.010749999999999815,3985.1097499999996,417.59975,1924.5832500000001,243.46275,351.8230417965257,-0.1231599189309529,4150.2962317919255,470.9991235209176,1949.869180010354,228.97556665511846,517.1155107490081,2.167402700892857,1834.600113635913,1129.9374063640873,1906.9052626835316,249.32908860119045,517.1155107490081,2.167402700892857,1834.600113635913,1129.9374063640873,1906.9052626835316,249.32908860119045
2026-01-30 00:00:00+00:00,216.7,0.06599999999999984,3746.1885,423.818,1915.89925,245.441,339.5014445222247,-0.2955629973579179,3919.0332008729893,447.5112104776042,1938.6278895040512,229.63320282189815,517.1155107490081,2.167402700892857,1834.600113635913,1129.9374063640873,1906.9052626835316,249.32908860119045,517.1155107490081,2.167402700892857,1834.600113635913,1129.9374063640873,1906.9052626835316,249.32908860119045
2026-01-30 01:00:00+00:00,218.3,0.06599999999999984,3664.76275,428.20375,1909.14975,245.441,356.98543431452117,-0.29002210032400866,3935.0648162605485,413.9953498121454,1935.681396867085,228.95901617096837,517.1155107490081,2.167402700892857,1834.600113635913,1129.9374063640873,1906.9052626835316,249.32908860119045,517.1155107490081,2.167402700892857,1834.600113635913,1129.9374063640873,1906.9052626835316,249.32908860119045
2026-01-30 02:00:00+00:00,221.8,0.06599999999999984,3676.892,428.42724999999996,1915.4560000000001,245.441,327.32426284047654,0.1721711632470928,4009.0843171821725,411.53262346881036,1933.3299691249674,224.4008817646935,517.1155107490081,2.167402700892857,1834.600113635913,1129.9374063640873,1906.9052626835316,249.32908860119045,517.1155107490081,2.167402700892857,1834.600113635913,1129.9374063640873,1906.9052626835316,249.32908860119045
2026-01-30 03:00:00+00:00,233.3,0.06599999999999984,3707.063,460.741,1936.409,239.50625,321.466158157921,0.1862216048511589,3958.1302871950693,419.23428716315107,1929.3043648951038,233.58139478840974,517.1155107490081,2.167402700892857,1834.600113635913,1129.9374063640873,1906.9052626835316,249.32908860119045,517.1155107490081,2.167402700892857,1834.600113635913,1129.9374063640873,1906.9052626835316,249.32908860119045
2026-01-30 04:00:00+00:00,258.5,0.06599999999999984,3899.48275,453.89225,1965.0605,237.528,342.27951653756475,-0.780623385599009,3916.769301569453,431.1687939339929,1927.010803091764,233.5648402622085,517.1155107490081,2.167402700892857,1834.600113635913,1129.9374063640873,1906.9052626835316,249.32908860119045,517.1155107490081,2.167402700892857,1834.600113635913,1129.9374063640873,1906.9052626835316,249.32908860119045
2026-01-30 05:00:00+00:00,284.2,0.06599999999999984,4450.207,508.74025000000006,2069.14525,237.528,379.42925752957376,2.086692715258185,4368.851166047461,527.8371775060228,2040.6064570315184,232.79056864468055,517.1155107490081,2.167402700892857,1834.600113635913,1129.9374063640873,1906.9052626835316,249.32908860119045,517.1155107490081,2.167402700892857,1834.600113635913,1129.9374063640873,1906.9052626835316,249.32908860119045
2026-01-30 06:00:00+00:00,320.7,0.06599999999999984,4924.1745,1162.02275,2186.8635,237.528,513.8847253882064,8.240848419100695,4859.227183319599,1132.1440681497245,2123.101793521752,230.951366239796,517.1155107490081,2.167402700892857,1834.600113635913,1129.9374063640873,1906.9052626835316,249.32908860119045,517.1155107490081,2.167402700892857,1834.600113635913,1129.9374063640873,1906.9052626835316,249.32908860119045
2026-01-30 07:00:00+00:00,334.2,0.06599999999999984,4927.329,1494.48075,2255.2445,237.489,518.9161880974488,0.9340197631419043,4691.605351145148,1330.8757158175306,2206.0244085863415,235.9172230079793,517.1155107490081,2.167402700892857,1834.600113635913,1129.9374063640873,1906.9052626835316,249.32908860119045,517.1155107490081,2.167402700892857,1834.600113635913,1129.9374063640873,1906.9052626835316,249.32908860119045
2026-01-30 08:00:00+00:00,324.9,0.06599999999999984,4919.93475,1168.06875,2249.30125,237.449,541.1314566052152,2.772689803502091,4592.191809404449,1032.8328252016008,2237.555187574687,239.76561292442295,517.1155107490081,2.167402700892857,1834.600113635913,1129.9374063640873,1906.9052626835316,249.32908860119045,517.1155107490081,2.167402700892857,1834.600113635913,1129.9374063640873,1906.9052626835316,249.32908860119045
2026-01-30 09:00:00+00:00,310.4,0.06599999999999984,4764.017250000001,1039.91625,2206.511,243.304,460.14598205869004,-2.1682507597260643,4602.194137568263,862.8099912375394,2182.4340537336047,246.24038493546425,517.1155107490081,2.167402700892857,1834.600113635913,1129.9374063640873,1906.9052626835316,249.32908860119045,517.1155107490081,2.167402700892857,1834.600113635913,1129.9374063640873,1906.9052626835316,249.32908860119045
2026-01-30 10:00:00+00:00,293.4,0.06599999999999984,4899.250000000001,699.9932500000001,2158.81175,245.203,413.5750908930576,3.182392734052132,4819.259037710326,598.5027951349224,2113.0041664764485,252.4038440495578,517.1155107490081,2.167402700892857,1834.600113635913,1129.9374063640873,1906.9052626835316,249.32908860119045,517.1155107490081,2.167402700892857,1834.600113635913,1129.9374063640873,1906.9052626835316,249.32908860119045
2026-01-30 11:00:00+00:00,277.5,0.06599999999999984,4461.259,525.45925,2088.758,245.203,387.92818338760594,9.431164677946624,4896.655559055033,519.372979715938,2095.1982898956285,251.59995565711097,517.1155107490081,2.167402700892857,1834.600113635913,1129.9374063640873,1906.9052626835316,249.32908860119045,517.1155107490081,2.167402700892857,1834.600113635913,1129.9374063640873,1906.9052626835316,249.32908860119045
2026-01-30 12:00:00+00:00,273.1,0.06599999999999984,4444.398999999999,530.2627500000001,2059.60825,245.164,336.5725945536633,11.044805736396219,4741.851011187041,534.2153642299868,2079.0606977048665,260.2496228044826,517.1155107490081,2.167402700892857,1834.600113635913,1129.9374063640873,1906.9052626835316,249.32908860119045,517.1155107490081,2.167402700892857,1834.600113635913,1129.9374063640873,1906.9052626835316,249.32908860119045
2026-01-30 13:00:00+00:00,268.6,0.06599999999999984,4463.53675,531.0955000000001,2056.279,245.124,310.28671609383184,2.6681741612895613,4301.668404203177,528.9287535723371,2077.79563239233,256.05775837215,517.1155107490081,2.167402700892857,1834.600113635913,1129.9374063640873,1906.9052626835316,249.32908860119045,517.1155107490081,2.167402700892857,1834.600113635913,1129.9374063640873,1906.9052626835316,249.32908860119045
2026-01-30 14:00:00+00:00,268.6,0.06599999999999984,4746.09375,514.05775,2075.827,245.124,351.39185485125836,0.16458381478729978,4259.466951939387,512.555188272662,2107.9816922452505,251.77316848464113,517.1155107490081,2.167402700892857,1834.600113635913,1129.9374063640873,1906.9052626835316,249.32908860119045,517.1155107490081,2.167402700892857,1834.600113635913,1129.9374063640873,1906.9052626835316,249.32908860119045
2026-01-30 15:00:00+00:00,293.19999999999993,0.06599999999999984,5238.7775,535.16675,2153.2505,245.203,439.5339039092738,0.4111143211500694,4534.666107470368,604.3303611066435,2156.399468104657,257.33836155797167,517.1155107490081,2.167402700892857,1834.600113635913,1129.9374063640873,1906.9052626835316,249.32908860119045,517.1155107490081,2.167402700892857,1834.600113635913,1129.9374063640873,1906.9052626835316,249.32908860119045
2026-01-30 16:00:00+00:00,295.25,0.06599999999999984,4955.81575,562.6755,2236.279,245.203,439.6915918373373,1.4455994645757166,4638.286797140436,812.6648357271124,2240.2380563439265,252.31138159825156,517.1155107490081,2.167402700892857,1834.600113635913,1129.9374063640873,1906.9052626835316,249.32908860119045,517.1155107490081,2.167402700892857,1834.600113635913,1129.9374063640873,1906.9052626835316,249.32908860119045
2026-01-30 17:00:00+00:00,292.4,0.06599999999999984,4959.09425,604.054,2259.28625,245.203,436.86703663875085,13.020432785725363,4722.250362524383,847.9685471684668,2309.6413510578705,251.77098748239214,517.1155107490081,2.167402700892857,1834.600113635913,1129.9374063640873,1906.9052626835316,249.32908860119045,517.1155107490081,2.167402700892857,1834.600113635913,1129.9374063640873,1906.9052626835316,249.32908860119045
2026-01-30 18:00:00+00:00,276.7,0.06599999999999984,4833.93675,456.65099999999995,2230.023,245.203,340.731658470378,-1.6485406757743912,4392.034398753247,686.4012135989251,2250.797866971392,247.02786351751973,517.1155107490081,2.167402700892857,1834.600113635913,1129.9374063640873,1906.9052626835316,249.32908860119045,517.1155107490081,2.167402700892857,1834.600113635913,1129.9374063640873,1906.9052626835316,249.32908860119045
2026-01-30 19:00:00+00:00,258.4,0.06599999999999984,4182.9035,365.4379999999999,2141.09475,245.243,353.9147035636189,5.323642567131349,3973.1501739797923,473.8887299879789,2152.32795087179,249.06467264954605,517.1155107490081,2.167402700892857,1834.600113635913,1129.9374063640873,1906.9052626835316,249.32908860119045,517.1155107490081,2.167402700892857,1834.600113635913,1129.9374063640873,1906.9052626835316,249.32908860119045
2026-01-30 20:00:00+00:00,250.10000000000002,0.06599999999999984,3355.1040000000003,361.4860000000001,2054.93475,245.203,338.4497647177769,9.926595493461202,3746.1913498676295,416.8959853084639,2059.696524272767,255.38278607680235,517.1155107490081,2.167402700892857,1834.600113635913,1129.9374063640873,1906.9052626835316,249.32908860119045,517.1155107490081,2.167402700892857,1834.600113635913,1129.9374063640873,1906.9052626835316,249.32908860119045
2026-01-30 21:00:00+00:00,236.3,0.06599999999999984,3140.093,361.59075000000007,1995.93625,245.203,330.401499731131,3.7311823250595753,3435.6783564365323,442.8937501650487,2035.5684149964948,257.01197000886515,517.1155107490081,2.167402700892857,1834.600113635913,1129.9374063640873,1906.9052626835316,249.32908860119045,517.1155107490081,2.167402700892857,1834.600113635913,1129.9374063640873,1906.9052626835316,249.32908860119045
2026-01-30 22:00:00+00:00,216.8,0.06599999999999984,2902.589,361.828,1958.57225,245.203,301.57164497711403,2.1609392353482737,3256.099490156513,452.8216164211831,1987.2806584565787,239.28418718556577,517.1155107490081,2.167402700892857,1834.600113635913,1129.9374063640873,1906.9052626835316,249.32908860119045,517.1155107490081,2.167402700892857,1834.600113635913,1129.9374063640873,1906.9052626835316,249.32908860119045
2026-01-30 23:00:00+00:00,219.8,0.06599999999999984,2941.6815,323.0540000000001,1923.069,253.155,296.5638767216243,-0.6515328558480729,3112.8807694782754,431.5105071907186,1987.3836586127297,238.98792266835267,517.1155107490081,2.167402700892857,1834.600113635913,1129.9374063640873,1906.9052626835316,249.32908860119045,517.1155107490081,2.167402700892857,1834.600113635913,1129.9374063640873,1906.9052626835316,249.32908860119045
2026-01-31 00:00:00+00:00,221.10000000000002,0.06599999999999984,2940.6955000000003,335.69499999999994,1916.4455,253.155,226.851289087792,-0.21309331690512456,3012.2240927258645,417.26456701877635,1972.1439467022735,246.79668809675985,517.1155107490081,2.167402700892857,1834.600113635913,1129.9374063640873,1906.9052626835316,249.32908860119045,517.1155107490081,2.167402700892857,1834.600113635913,1129.9374063640873,1906.9052626835316,249.32908860119045
2026-01-31 01:00:00+00:00,222.0,0.06599999999999984,3022.75625,346.74575000000004,1915.037,253.155,221.84654870588685,-0.21309331690512456,2864.51176983434,430.83496111747866,1941.6700957994447,254.4267779567354,517.1155107490081,2.167402700892857,1834.600113635913,1129.9374063640873,1906.9052626835316,249.32908860119045,517.1155107490081,2.167402700892857,1834.600113635913,1129.9374063640873,1906.9052626835316,249.32908860119045
2026-01-31 02:00:00+00:00,224.89999999999998,0.06599999999999984,3029.64725,356.41049999999996,1911.04975,253.155,222.88115495718182,1.8815650586405641,2846.3593950627883,424.8345222752563,1932.892298777662,251.49753936036754,517.1155107490081,2.167402700892857,1834.600113635913,1129.9374063640873,1906.9052626835316,249.32908860119045,517.1155107490081,2.167402700892857,1834.600113635913,1129.9374063640873,1906.9052626835316,249.32908860119045
2026-01-31 03:00:00+00:00,235.39999999999998,0.06599999999999984,3175.081,348.93949999999995,1926.5262500000001,243.26500000000001,256.9832251072641,0.46664080927594154,2849.1549890489755,410.54498434923903,1941.2376162288226,245.94741038477844,517.1155107490081,2.167402700892857,1834.600113635913,1129.9374063640873,1906.9052626835316,249.32908860119045,517.1155107490081,2.167402700892857,1834.600113635913,1129.9374063640873,1906.9052626835316,249.32908860119045
2026-01-31 04:00:00+00:00,253.60000000000002,0.06599999999999984,3385.198,356.44499999999994,1945.57375,240.93,271.46496877462585,0.6917683255840805,2813.3480268992625,397.73320274054277,1953.2508921010708,245.89469919869825,517.1155107490081,2.167402700892857,1834.600113635913,1129.9374063640873,1906.9052626835316,249.32908860119045,517.1155107490081,2.167402700892857,1834.600113635913,1129.9374063640873,1906.9052626835316,249.32908860119045
2026-01-31 05:00:00+00:00,245.3,0.06599999999999984,3304.9030000000002,361.125,2050.77375,244.887,251.00143314513792,-0.2214211053676518,3045.3838921909837,402.2944581697989,2014.0591098279092,234.20591592560362,517.1155107490081,2.167402700892857,1834.600113635913,1129.9374063640873,1906.9052626835316,249.32908860119045,517.1155107490081,2.167402700892857,1834.600113635913,1129.9374063640873,1906.9052626835316,249.32908860119045
2026-01-31 06:00:00+00:00,249.2,21.11475,3316.3422499999997,369.87375,2184.4877500000002,244.926,291.4750022579707,9.556666555883657,2800.5284872933853,451.78323660150295,2144.6326927099817,238.26186767584176,517.1155107490081,2.167402700892857,1834.600113635913,1129.9374063640873,1906.9052626835316,249.32908860119045,517.1155107490081,2.167402700892857,1834.600113635913,1129.9374063640873,1906.9052626835316,249.32908860119045
2026-01-31 07:00:00+00:00,261.1,20.7584375,3487.1320000000005,408.7494999999999,2243.4235,245.203,269.8361192893723,19.94289596889708,2783.1410152177077,522.5175885080018,2236.175541060057,236.81847222501597,517.1155107490081,2.167402700892857,1834.600113635913,1129.9374063640873,1906.9052626835316,249.32908860119045,517.1155107490081,2.167402700892857,1834.600113635913,1129.9374063640873,1906.9052626835316,249.32908860119045
2026-01-31 08:00:00+00:00,263.30000000000007,20.402124999999998,3611.7695,421.30174999999997,2225.547,245.243,282.3720343425481,24.514863266168692,3134.0332978536635,569.7053440039139,2234.4963053564265,233.05382685902254,517.1155107490081,2.167402700892857,1834.600113635913,1129.9374063640873,1906.9052626835316,249.32908860119045,517.1155107490081,2.167402700892857,1834.600113635913,1129.9374063640873,1906.9052626835316,249.32908860119045
2026-01-31 09:00:00+00:00,263.05,20.0458125,3694.19125,441.22399999999993,2172.41125,251.21675,294.06064969346755,16.816352430129278,3594.034992070312,500.0622798615184,2137.1294686589335,238.17894902810556,517.1155107490081,2.167402700892857,1834.600113635913,1129.9374063640873,1906.9052626835316,249.32908860119045,517.1155107490081,2.167402700892857,1834.600113635913,1129.9374063640873,1906.9052626835316,249.32908860119045
2026-01-31 10:00:00+00:00,260.2,19.6895,3806.2787500000004,465.65200000000004,2113.469,253.195,279.13906181381407,11.401532552423216,3833.2096061630455,468.05480385354736,2090.5855793363144,241.66358568088506,517.1155107490081,2.167402700892857,1834.600113635913,1129.9374063640873,1906.9052626835316,249.32908860119045,517.1155107490081,2.167402700892857,1834.600113635913,1129.9374063640873,1906.9052626835316,249.32908860119045
2026-01-31 11:00:00+00:00,254.35000000000002,0.06599999999999984,3885.0464999999995,407.894,2035.58575,253.234,268.3120140947767,14.196471210686441,3705.9089580007776,461.0390379671845,2088.2438364201203,245.65362060440984,517.1155107490081,2.167402700892857,1834.600113635913,1129.9374063640873,1906.9052626835316,249.32908860119045,517.1155107490081,2.167402700892857,1834.600113635913,1129.9374063640873,1906.9052626835316,249.32908860119045
2026-01-31 12:00:00+00:00,251.2,0.06599999999999984,3785.6855,399.14625,2009.30275,253.274,226.68440594191327,5.698205612386353,3805.315685768051,443.0973093661321,2065.561590663039,249.70155584528285,517.1155107490081,2.167402700892857,1834.600113635913,1129.9374063640873,1906.9052626835316,249.32908860119045,517.1155107490081,2.167402700892857,1834.600113635913,1129.9374063640873,1906.9052626835316,249.32908860119045
2026-01-31 13:00:00+00:00,247.39999999999998,0.06599999999999984,3758.75425,385.8855,2023.68375,253.274,236.50241029668325,13.419999044445971,3852.294840838548,473.4965509732124,2081.5186653470173,246.92226301200273,517.1155107490081,2.167402700892857,1834.600113635913,1129.9374063640873,1906.9052626835316,249.32908860119045,517.1155107490081,2.167402700892857,1834.600113635913,1129.9374063640873,1906.9052626835316,249.32908860119045
2026-01-31 14:00:00+00:00,253.89999999999998,0.06599999999999984,3990.1665000000003,371.84574999999995,2054.8835,253.234,224.26976978162298,8.841163398277072,3846.4545457410877,453.9907420326746,2117.813909576689,245.15522832748727,517.1155107490081,2.167402700892857,1834.600113635913,1129.9374063640873,1906.9052626835316,249.32908860119045,517.1155107490081,2.167402700892857,1834.600113635913,1129.9374063640873,1906.9052626835316,249.32908860119045
2026-01-31 15:00:00+00:00,268.95,1.514,4025.8637499999995,373.96275,2153.58225,253.234,283.0454239792523,15.078435321877478,3955.616963057777,509.7399897257209,2176.9579105443463,246.11213001707506,517.1155107490081,2.167402700892857,1834.600113635913,1129.9374063640873,1906.9052626835316,249.32908860119045,517.1155107490081,2.167402700892857,1834.600113635913,1129.9374063640873,1906.9052626835316,249.32908860119045
2026-01-31 16:00:00+00:00,287.6,102.0185,4180.62225,849.98725,2217.8689999999997,253.195,300.7937096542318,59.76420324275118,4048.162479380041,731.080826716712,2208.522373215679,253.6525353688892,517.1155107490081,2.167402700892857,1834.600113635913,1129.9374063640873,1906.9052626835316,249.32908860119045,517.1155107490081,2.167402700892857,1834.600113635913,1129.9374063640873,1906.9052626835316,249.32908860119045
2026-01-31 17:00:00+00:00,288.1,98.73762500000001,4246.13725,972.4807500000002,2244.00875,253.195,341.2929746324346,65.13870601488807,4067.637719074516,747.3548537275749,2299.580972785223,247.68078513644164,517.1155107490081,2.167402700892857,1834.600113635913,1129.9374063640873,1906.9052626835316,249.32908860119045,517.1155107490081,2.167402700892857,1834.600113635913,1129.9374063640873,1906.9052626835316,249.32908860119045
2026-01-31 18:00:00+00:00,285.7,95.45675,4196.605750000001,761.03875,2216.7754999999997,253.155,268.41577027909955,58.75325497752731,4172.098316710001,617.289671932997,2254.9788360008306,254.2718619685741,517.1155107490081,2.167402700892857,1834.600113635913,1129.9374063640873,1906.9052626835316,249.32908860119045,517.1155107490081,2.167402700892857,1834.600113635913,1129.9374063640873,1906.9052626835316,249.32908860119045
2026-01-31 19:00:00+00:00,257.6,92.17587499999999,3977.76725,341.87099999999987,2124.81275,253.155,309.45734115762536,50.683325695644605,3934.396503775506,434.6296168374482,2142.713954108007,252.14414015963658,517.1155107490081,2.167402700892857,1834.600113635913,1129.9374063640873,1906.9052626835316,249.32908860119045,517.1155107490081,2.167402700892857,1834.600113635913,1129.9374063640873,1906.9052626835316,249.32908860119045
2026-01-31 20:00:00+00:00,245.2,88.895,3970.6094999999996,338.66125,2042.499,253.155,298.74828743924945,38.87497514259548,3860.579041935588,386.0074293813549,2078.7616833705356,251.77178774516543,517.1155107490081,2.167402700892857,1834.600113635913,1129.9374063640873,1906.9052626835316,249.32908860119045,517.1155107490081,2.167402700892857,1834.600113635913,1129.9374063640873,1906.9052626835316,249.32908860119045
2026-01-31 21:00:00+00:00,232.89999999999998,0.06599999999999984,3919.9439999999995,327.7495,1989.53225,253.155,285.75850414118145,14.278343762702567,3836.973142410202,371.49678356054255,2061.1994122692063,250.02920807515355,517.1155107490081,2.167402700892857,1834.600113635913,1129.9374063640873,1906.9052626835316,249.32908860119045,517.1155107490081,2.167402700892857,1834.600113635913,1129.9374063640873,1906.9052626835316,249.32908860119045
2026-01-31 22:00:00+00:00,213.60000000000002,0.06599999999999984,3777.2345,329.558,1956.46075,253.155,254.6274902264878,15.854752075562756,3564.593554668048,375.0730687059324,2012.7730801098598,251.62075467618084,517.1155107490081,2.167402700892857,1834.600113635913,1129.9374063640873,1906.9052626835316,249.32908860119045,517.1155107490081,2.167402700892857,1834.600113635913,1129.9374063640873,1906.9052626835316,249.32908860119045
2026-01-31 23:00:00+00:00,207.2,0.06599999999999984,3182.33875,322.85875,1918.97075,253.115,216.1372511964264,11.465498807632475,3145.912711059375,369.9680708719818,1992.4718582402586,248.51610283910097,517.1155107490081,2.167402700892857,1834.600113635913,1129.9374063640873,1906.9052626835316,249.32908860119045,517.1155107490081,2.167402700892857,1834.600113635913,1129.9374063640873,1906.9052626835316,249.32908860119045
2026-02-01 00:00:00+00:00,208.10000000000002,0.06599999999999984,2904.3875,383.19900000000007,1910.43325,253.115,257.64159890833963,2.764563251130374,2941.0704261629944,313.72924153142606,1949.7519681690674,241.19179287589986,517.1155107490081,2.167402700892857,1834.600113635913,1129.9374063640873,1906.9052626835316,249.32908860119045,517.1155107490081,2.167402700892857,1834.600113635913,1129.9374063640873,1906.9052626835316,249.32908860119045
2026-02-01 01:00:00+00:00,209.3,0.06599999999999984,2889.27275,335.67650000000003,1908.6495,253.115,253.01971773439482,2.705265540743406,2806.8928247667745,320.43407797986833,1929.8665924195639,238.01340599871276,517.1155107490081,2.167402700892857,1834.600113635913,1129.9374063640873,1906.9052626835316,249.32908860119045,517.1155107490081,2.167402700892857,1834.600113635913,1129.9374063640873,1906.9052626835316,249.32908860119045
2026-02-01 02:00:00+00:00,208.0,0.06599999999999984,2787.044,328.40175,1908.39375,253.115,242.3503957135191,1.273079062883353,2825.046729961886,299.5276765559564,1920.9804561720953,247.56405325631658,517.1155107490081,2.167402700892857,1834.600113635913,1129.9374063640873,1906.9052626835316,249.32908860119045,517.1155107490081,2.167402700892857,1834.600113635913,1129.9374063640873,1906.9052626835316,249.32908860119045
2026-02-01 03:00:00+00:00,220.0,0.06599999999999984,2800.9365,331.41100000000006,1929.7939999999999,247.181,313.0727649213071,-2.5653976873711843,2800.3863086711017,299.6843752397541,1922.1991816301875,250.96496619056617,517.1155107490081,2.167402700892857,1834.600113635913,1129.9374063640873,1906.9052626835316,249.32908860119045,517.1155107490081,2.167402700892857,1834.600113635913,1129.9374063640873,1906.9052626835316,249.32908860119045
2026-02-01 04:00:00+00:00,236.7,0.06599999999999984,2833.156,322.75924999999995,1963.211,245.243,294.3108268447146,1.136083316306934,2826.5252341752594,301.57762618632046,1923.9708222765532,249.96804572339104,517.1155107490081,2.167402700892857,1834.600113635913,1129.9374063640873,1906.9052626835316,249.32908860119045,517.1155107490081,2.167402700892857,1834.600113635913,1129.9374063640873,1906.9052626835316,249.32908860119045
2026-02-01 05:00:00+00:00,244.89999999999998,0.06599999999999984,2912.02825,320.47675000000004,2056.69875,245.203,288.1662457009279,9.18998543466517,2897.0289435661816,301.21152303353267,1991.5497296222572,251.6777105999259,517.1155107490081,2.167402700892857,1834.600113635913,1129.9374063640873,1906.9052626835316,249.32908860119045,517.1155107490081,2.167402700892857,1834.600113635913,1129.9374063640873,1906.9052626835316,249.32908860119045
2026-02-01 06:00:00+00:00,248.39999999999998,0.06599999999999984,2947.756,316.41675,2178.6324999999997,245.243,292.8454723604916,0.9424325998944552,2764.790396666075,397.26047183897174,2111.520475761532,248.83584702498237,517.1155107490081,2.167402700892857,1834.600113635913,1129.9374063640873,1906.9052626835316,249.32908860119045,517.1155107490081,2.167402700892857,1834.600113635913,1129.9374063640873,1906.9052626835316,249.32908860119045
2026-02-01 07:00:00+00:00,254.10000000000002,0.06599999999999984,2963.8045,318.7125,2253.484,245.243,294.28841482477105,1.1106066631428433,2683.637273775698,427.6583785004291,2238.8373812697782,245.9312240592952,517.1155107490081,2.167402700892857,1834.600113635913,1129.9374063640873,1906.9052626835316,249.32908860119045,517.1155107490081,2.167402700892857,1834.600113635913,1129.9374063640873,1906.9052626835316,249.32908860119045
2026-02-01 08:00:00+00:00,253.7,0.06599999999999984,2940.4787499999998,319.1624999999999,2236.628,245.203,307.0642928391633,0.6934882179128767,2772.9720275890877,400.42917197738086,2251.93755040713,244.1469947693717,517.1155107490081,2.167402700892857,1834.600113635913,1129.9374063640873,1906.9052626835316,249.32908860119045,517.1155107490081,2.167402700892857,1834.600113635913,1129.9374063640873,1906.9052626835316,249.32908860119045
2026-02-01 09:00:00+00:00,252.89999999999998,0.06599999999999984,2947.5205,318.47399999999993,2195.181,251.177,328.02284419313486,0.8999266029542543,2930.383878891488,341.3007514916958,2157.3927059334815,242.75508550770135,517.1155107490081,2.167402700892857,1834.600113635913,1129.9374063640873,1906.9052626835316,249.32908860119045,517.1155107490081,2.167402700892857,1834.600113635913,1129.9374063640873,1906.9052626835316,249.32908860119045
2026-02-01 10:00:00+00:00,250.5,0.06599999999999984,2937.326,317.57724999999994,2162.617,253.155,327.29030984426913,0.1992784582717555,3015.936197105355,353.78890808990866,2110.6359903146667,240.15074709552113,517.1155107490081,2.167402700892857,1834.600113635913,1129.9374063640873,1906.9052626835316,249.32908860119045,517.1155107490081,2.167402700892857,1834.600113635913,1129.9374063640873,1906.9052626835316,249.32908860119045
2026-02-01 11:00:00+00:00,246.7,0.06599999999999984,2927.82125,311.17975,2083.39675,253.195,323.51912029357334,0.09941858205034748,3075.367778192778,348.22801103201505,2101.036388153051,241.21244313550807,517.1155107490081,2.167402700892857,1834.600113635913,1129.9374063640873,1906.9052626835316,249.32908860119045,517.1155107490081,2.167402700892857,1834.600113635913,1129.9374063640873,1906.9052626835316,249.32908860119045
2026-02-01 12:00:00+00:00,243.60000000000002,0.06599999999999984,2955.03325,309.36474999999996,2059.2495,253.234,270.34159046195714,1.6162018508630225,2897.933618541897,356.75625544122727,2073.418909915278,244.3176431073921,517.1155107490081,2.167402700892857,1834.600113635913,1129.9374063640873,1906.9052626835316,249.32908860119045,517.1155107490081,2.167402700892857,1834.600113635913,1129.9374063640873,1906.9052626835316,249.32908860119045
2026-02-01 13:00:00+00:00,240.2,0.06599999999999984,2956.918,307.71475,2056.6565,253.234,237.31041147027946,3.0125380394715453,2668.557059545569,358.3976326973369,2050.2786640135596,249.45519508431093,517.1155107490081,2.167402700892857,1834.600113635913,1129.9374063640873,1906.9052626835316,249.32908860119045,517.1155107490081,2.167402700892857,1834.600113635913,1129.9374063640873,1906.9052626835316,249.32908860119045
2026-02-01 14:00:00+00:00,267.2,0.06599999999999984,3135.172,304.38775,2107.35475,253.195,264.33241277169986,4.769801600977392,2909.857537955577,365.6589817584344,2098.18860487648,243.1746939356911,517.1155107490081,2.167402700892857,1834.600113635913,1129.9374063640873,1906.9052626835316,249.32908860119045,517.1155107490081,2.167402700892857,1834.600113635913,1129.9374063640873,1906.9052626835316,249.32908860119045
2026-02-01 15:00:00+00:00,271.1,0.06599999999999984,3675.18675,307.7115,2210.36175,253.195,288.2272328727478,10.305135701684135,3497.941883406927,436.16412673070784,2153.4026266938668,246.77765682533843,517.1155107490081,2.167402700892857,1834.600113635913,1129.9374063640873,1906.9052626835316,249.32908860119045,517.1155107490081,2.167402700892857,1834.600113635913,1129.9374063640873,1906.9052626835316,249.32908860119045
2026-02-01 16:00:00+00:00,296.2,16.424749999999996,4037.7782499999994,553.79775,2288.698,253.155,308.4205622430428,24.83853763623607,3643.909005921103,646.2782161805305,2253.559653733968,248.40955248795117,517.1155107490081,2.167402700892857,1834.600113635913,1129.9374063640873,1906.9052626835316,249.32908860119045,517.1155107490081,2.167402700892857,1834.600113635913,1129.9374063640873,1906.9052626835316,249.32908860119045
2026-02-01 17:00:00+00:00,297.1,110.9515,3900.3475,715.821,2305.421,253.155,271.539892834149,61.476653594814245,3718.239453496016,675.8222627658171,2302.8013850392913,255.6406868546918,517.1155107490081,2.167402700892857,1834.600113635913,1129.9374063640873,1906.9052626835316,249.32908860119045,517.1155107490081,2.167402700892857,1834.600113635913,1129.9374063640873,1906.9052626835316,249.32908860119045
2026-02-01 18:00:00+00:00,296.0,83.8445,3950.044,570.3705,2279.62525,253.115,292.68147070947373,77.57009462949287,3805.3020414378516,531.2768950946032,2259.248936278081,251.46661727709713,517.1155107490081,2.167402700892857,1834.600113635913,1129.9374063640873,1906.9052626835316,249.32908860119045,517.1155107490081,2.167402700892857,1834.600113635913,1129.9374063640873,1906.9052626835316,249.32908860119045
2026-02-01 19:00:00+00:00,269.30000000000007,80.96025,3896.0649999999996,425.7215,2194.21525,253.115,276.5696714072187,73.15993660238017,3776.1162760850325,410.562829176052,2154.200905645759,246.48830597218887,517.1155107490081,2.167402700892857,1834.600113635913,1129.9374063640873,1906.9052626835316,249.32908860119045,517.1155107490081,2.167402700892857,1834.600113635913,1129.9374063640873,1906.9052626835316,249.32908860119045
2026-02-01 20:00:00+00:00,235.60000000000002,81.026,3758.76825,301.22875,2105.8525,253.115,286.9060371176902,62.78946012801331,3506.6311260052084,337.5159946716884,2091.938910140267,244.89765549508755,517.1155107490081,2.167402700892857,1834.600113635913,1129.9374063640873,1906.9052626835316,249.32908860119045,517.1155107490081,2.167402700892857,1834.600113635913,1129.9374063640873,1906.9052626835316,249.32908860119045
2026-02-01 21:00:00+00:00,223.3,80.9,3579.7905,299.62149999999997,2034.02725,253.155,291.85196154643256,56.275857539258794,3417.1617046435613,317.9277569727175,2056.983540135985,246.17896135954268,517.1155107490081,2.167402700892857,1834.600113635913,1129.9374063640873,1906.9052626835316,249.32908860119045,517.1155107490081,2.167402700892857,1834.600113635913,1129.9374063640873,1906.9052626835316,249.32908860119045
2026-02-01 22:00:00+00:00,209.39999999999998,81.29400000000001,3236.15175,303.92925,1985.7640000000001,253.511,259.38560153036104,51.899406607115466,3101.2949403936846,304.9431264637037,2021.9370001873622,259.84730113812844,517.1155107490081,2.167402700892857,1834.600113635913,1129.9374063640873,1906.9052626835316,249.32908860119045,517.1155107490081,2.167402700892857,1834.600113635913,1129.9374063640873,1906.9052626835316,249.32908860119045
2026-02-01 23:00:00+00:00,216.5,0.06599999999999984,3273.5885,306.97325,1932.3697499999998,257.507,252.74852745440222,19.871629262403072,2825.361098381136,345.4090439896761,1995.842475149913,258.8470419545761,517.1155107490081,2.167402700892857,1834.600113635913,1129.9374063640873,1906.9052626835316,249.32908860119045,517.1155107490081,2.167402700892857,1834.600113635913,1129.9374063640873,1906.9052626835316,249.32908860119045
2026-02-02 00:00:00+00:00,210.5,0.06599999999999984,3183.2932499999997,304.39,1913.68275,257.507,257.2467887105441,10.672259443231919,2839.6017118287027,359.52178800976344,1923.1342920774705,260.2103710466378,517.1155107490081,2.167402700892857,1834.600113635913,1129.9374063640873,1906.9052626835316,249.32908860119045,517.1155107490081,2.167402700892857,1834.600113635913,1129.9374063640873,1906.9052626835316,249.32908860119045
2026-02-02 01:00:00+00:00,212.5,0.06599999999999984,3195.6385,313.97174999999993,1900.19375,256.636,241.25858901641095,14.51508653273709,2769.1909230340225,350.81649068425156,1919.6893171179554,257.8906088479044,517.1155107490081,2.167402700892857,1834.600113635913,1129.9374063640873,1906.9052626835316,249.32908860119045,517.1155107490081,2.167402700892857,1834.600113635913,1129.9374063640873,1906.9052626835316,249.32908860119045
2026-02-02 02:00:00+00:00,219.10000000000002,0.06599999999999984,3232.243,317.5145,1897.2875,253.986,215.64753373932734,7.861615253875442,2791.11839148271,352.67814227918166,1923.2703464567842,261.0505470574687,517.1155107490081,2.167402700892857,1834.600113635913,1129.9374063640873,1906.9052626835316,249.32908860119045,517.1155107490081,2.167402700892857,1834.600113635913,1129.9374063640873,1906.9052626835316,249.32908860119045
2026-02-02 03:00:00+00:00,233.7,0.06599999999999984,3238.59775,313.24875,1913.71425,247.181,258.8264772037715,7.485768794306399,2891.65550865769,352.4624263146669,1924.652847146794,251.92983179566863,517.1155107490081,2.167402700892857,1834.600113635913,1129.9374063640873,1906.9052626835316,249.32908860119045,517.1155107490081,2.167402700892857,1834.600113635913,1129.9374063640873,1906.9052626835316,249.32908860119045
2026-02-02 04:00:00+00:00,256.6,0.06599999999999984,3131.85025,310.60574999999994,1941.7195000000002,245.243,325.7885573457343,-3.4498806708174867,2944.2458702399426,349.56684592216754,1946.1787639664549,242.7464283993548,517.1155107490081,2.167402700892857,1834.600113635913,1129.9374063640873,1906.9052626835316,249.32908860119045,517.1155107490081,2.167402700892857,1834.600113635913,1129.9374063640873,1906.9052626835316,249.32908860119045
2026-02-02 05:00:00+00:00,293.6,0.06599999999999984,3172.0125,389.798,2013.584,245.282,349.2052594498267,7.134642998146857,3219.3513877190135,388.4357527715232,2005.1637678555428,235.17878650763208,517.1155107490081,2.167402700892857,1834.600113635913,1129.9374063640873,1906.9052626835316,249.32908860119045,517.1155107490081,2.167402700892857,1834.600113635913,1129.9374063640873,1906.9052626835316,249.32908860119045
2026-02-02 06:00:00+00:00,329.5,0.06599999999999984,3217.53075,482.13325,2136.0640000000003,245.322,354.79359484365136,5.513366359566369,3459.4709975165642,607.8040492499842,2126.2792927797486,257.1676346524276,517.1155107490081,2.167402700892857,1834.600113635913,1129.9374063640873,1906.9052626835316,249.32908860119045,517.1155107490081,2.167402700892857,1834.600113635913,1129.9374063640873,1906.9052626835316,249.32908860119045
2026-02-02 07:00:00+00:00,319.5,0.06599999999999984,3247.549,1096.781,2206.5077499999998,245.322,340.01320007598486,-2.1343814521603774,3445.266647437734,770.5385094400954,2202.818081131863,252.7716869524912,517.1155107490081,2.167402700892857,1834.600113635913,1129.9374063640873,1906.9052626835316,249.32908860119045,517.1155107490081,2.167402700892857,1834.600113635913,1129.9374063640873,1906.9052626835316,249.32908860119045
2026-02-02 08:00:00+00:00,312.7,0.06599999999999984,3265.6367499999997,794.096,2203.3545,245.282,352.4004655484909,0.16434089781026184,3313.622040118761,660.9038556713267,2196.8862565994914,256.4856681829211,517.1155107490081,2.167402700892857,1834.600113635913,1129.9374063640873,1906.9052626835316,249.32908860119045,517.1155107490081,2.167402700892857,1834.600113635913,1129.9374063640873,1906.9052626835316,249.32908860119045
2026-02-02 09:00:00+00:00,296.5,0.06599999999999984,3120.06,641.2302500000001,2162.62925,263.04575,342.1598338366931,-0.7926248839377323,3506.3010529513567,618.2091723049439,2075.5536889336868,255.72467620865433,517.1155107490081,2.167402700892857,1834.600113635913,1129.9374063640873,1906.9052626835316,249.32908860119045,517.1155107490081,2.167402700892857,1834.600113635913,1129.9374063640873,1906.9052626835316,249.32908860119045
2026-02-02 10:00:00+00:00,275.0,0.06599999999999984,3171.8782499999998,629.7915,2113.13675,264.984,269.5343181099786,-0.9728192751586002,3353.3344665398,501.72452463701006,2096.118130769491,259.3270337082034,517.1155107490081,2.167402700892857,1834.600113635913,1129.9374063640873,1906.9052626835316,249.32908860119045,517.1155107490081,2.167402700892857,1834.600113635913,1129.9374063640873,1906.9052626835316,249.32908860119045
2026-02-02 11:00:00+00:00,295.35,0.06599999999999984,3178.3505,624.4272500000001,2035.86775,265.024,315.73151571231625,3.1594389902056763,3302.1257267839937,531.9094128084442,2043.47108273003,253.44871774670335,517.1155107490081,2.167402700892857,1834.600113635913,1129.9374063640873,1906.9052626835316,249.32908860119045,517.1155107490081,2.167402700892857,1834.600113635913,1129.9374063640873,1906.9052626835316,249.32908860119045
2026-02-02 12:00:00+00:00,317.4,0.06599999999999984,3164.378,710.1447499999999,2011.598,265.024,394.16550331595096,2.1048204293613866,3195.066856160898,532.4137155471415,2045.3352831800075,252.17924396038933,517.1155107490081,2.167402700892857,1834.600113635913,1129.9374063640873,1906.9052626835316,249.32908860119045,517.1155107490081,2.167402700892857,1834.600113635913,1129.9374063640873,1906.9052626835316,249.32908860119045
2026-02-02 13:00:00+00:00,318.8285,0.06599999999999984,3160.75975,684.00375,2017.95575,265.024,319.5348183123111,3.4161961748411587,3264.7015388994023,495.1895190020524,2040.431506560798,257.0083985014557,517.1155107490081,2.167402700892857,1834.600113635913,1129.9374063640873,1906.9052626835316,249.32908860119045,517.1155107490081,2.167402700892857,1834.600113635913,1129.9374063640873,1906.9052626835316,249.32908860119045
2026-02-02 14:00:00+00:00,413.26625,0.06599999999999984,3111.284,446.9704999999999,2050.8485,265.024,422.07719551350215,10.954866180393003,3235.347954232066,509.06578910191126,2079.154934618858,253.42929417291066,517.1155107490081,2.167402700892857,1834.600113635913,1129.9374063640873,1906.9052626835316,249.32908860119045,517.1155107490081,2.167402700892857,1834.600113635913,1129.9374063640873,1906.9052626835316,249.32908860119045
2026-02-02 15:00:00+00:00,516.615,0.39025,3342.5445,486.49475000000007,2137.61825,265.024,465.6298266383117,10.839342746302023,3420.872566780907,674.8895851947739,2145.9230447835025,244.22048892739662,517.1155107490081,2.167402700892857,1834.600113635913,1129.9374063640873,1906.9052626835316,249.32908860119045,517.1155107490081,2.167402700892857,1834.600113635913,1129.9374063640873,1906.9052626835316,249.32908860119045
2026-02-02 16:00:00+00:00,408.7,81.63725,3667.20025,810.06175,2229.79425,265.103,478.5366902310136,63.07752962520327,3515.6103314502725,892.6362534272703,2251.601884444514,244.96983731003678,517.1155107490081,2.167402700892857,1834.600113635913,1129.9374063640873,1906.9052626835316,249.32908860119045,517.1155107490081,2.167402700892857,1834.600113635913,1129.9374063640873,1906.9052626835316,249.32908860119045
2026-02-02 17:00:00+00:00,403.6,115.9735,3655.0675,1284.6552499999998,2263.7195,265.182,490.1777777552496,107.05369082914348,3455.0211527910656,962.3242697052438,2285.9182620605297,244.0375368238565,517.1155107490081,2.167402700892857,1834.600113635913,1129.9374063640873,1906.9052626835316,249.32908860119045,517.1155107490081,2.167402700892857,1834.600113635913,1129.9374063640873,1906.9052626835316,249.32908860119045
2026-02-02 18:00:00+00:00,339.4,81.71325,3549.70325,1464.81475,2229.7439999999997,265.182,389.1275433825127,82.85983167744493,3275.5412103938615,784.072765358377,2260.3079616926834,247.3447921949869,517.1155107490081,2.167402700892857,1834.600113635913,1129.9374063640873,1906.9052626835316,249.32908860119045,517.1155107490081,2.167402700892857,1834.600113635913,1129.9374063640873,1906.9052626835316,249.32908860119045
2026-02-02 19:00:00+00:00,303.1,80.72125,3312.384,434.5999999999999,2138.9305,265.221,422.05402440707496,81.77810424505724,3520.576959562866,519.709879153579,2145.867254746674,244.84245180469134,517.1155107490081,2.167402700892857,1834.600113635913,1129.9374063640873,1906.9052626835316,249.32908860119045,517.1155107490081,2.167402700892857,1834.600113635913,1129.9374063640873,1906.9052626835316,249.32908860119045
2026-02-02 20:00:00+00:00,274.5,80.718,3204.7115,393.6095,2068.5502500000002,265.221,347.8001614419507,76.72261495635577,3300.0173881062065,430.61055831042177,2086.5653248791496,252.97362419832044,517.1155107490081,2.167402700892857,1834.600113635913,1129.9374063640873,1906.9052626835316,249.32908860119045,517.1155107490081,2.167402700892857,1834.600113635913,1129.9374063640873,1906.9052626835316,249.32908860119045
2026-02-02 21:00:00+00:00,253.3,81.388,3237.6622500000003,401.27125,2021.3505,265.221,390.83198435136325,77.4834661669158,3088.391459077159,395.97138454946503,2008.8948190741166,245.10680733679047,517.1155107490081,2.167402700892857,1834.600113635913,1129.9374063640873,1906.9052626835316,249.32908860119045,517.1155107490081,2.167402700892857,1834.600113635913,1129.9374063640873,1906.9052626835316,249.32908860119045
2026-02-02 22:00:00+00:00,267.6505,81.10875,3029.76975,372.56774999999993,1974.202,265.261,352.18608813502624,76.5302472654515,2960.0068248138696,386.4419203271103,1995.124976593649,254.4061680314631,517.1155107490081,2.167402700892857,1834.600113635913,1129.9374063640873,1906.9052626835316,249.32908860119045,517.1155107490081,2.167402700892857,1834.600113635913,1129.9374063640873,1906.9052626835316,249.32908860119045
2026-02-02 23:00:00+00:00,346.6325,80.8455,3192.03025,377.2170000000001,1931.49975,262.373,323.900893562565,72.72512616681018,2787.0302593354495,376.34154587018566,1962.7242245693587,254.64997061344957,517.1155107490081,2.167402700892857,1834.600113635913,1129.9374063640873,1906.9052626835316,249.32908860119045,517.1155107490081,2.167402700892857,1834.600113635913,1129.9374063640873,1906.9052626835316,249.32908860119045
2026-02-03 00:00:00+00:00,417.9715,81.294,3200.407,378.98474999999996,1919.5484999999999,261.384,383.236902630708,64.77135726573128,3053.7103089391576,354.0203840837685,1935.729728822629,250.55790775652054,517.1155107490081,2.167402700892857,1834.600113635913,1129.9374063640873,1906.9052626835316,249.32908860119045,517.1155107490081,2.167402700892857,1834.600113635913,1129.9374063640873,1906.9052626835316,249.32908860119045
2026-02-03 01:00:00+00:00,487.66650000000004,79.45025,3201.79025,378.751,1908.5725,261.344,353.6503033724009,60.88391980112728,2799.662792555567,378.4579095145573,1929.008176454871,255.04853134820922,517.1155107490081,2.167402700892857,1834.600113635913,1129.9374063640873,1906.9052626835316,249.32908860119045,517.1155107490081,2.167402700892857,1834.600113635913,1129.9374063640873,1906.9052626835316,249.32908860119045
2026-02-03 02:00:00+00:00,496.08675,79.4025,2990.5185,392.63725,1901.24825,261.384,360.30975384899375,72.3864637840409,3009.3333901226833,377.86641999969925,1931.1337120000878,254.88171672079426,517.1155107490081,2.167402700892857,1834.600113635913,1129.9374063640873,1906.9052626835316,249.32908860119045,517.1155107490081,2.167402700892857,1834.600113635913,1129.9374063640873,1906.9052626835316,249.32908860119045
2026-02-03 03:00:00+00:00,440.12825,79.369,2996.12725,408.15725,1912.1395,255.45000000000002,368.5084129406663,72.47904680460805,3015.9529666641747,377.49960491317586,1935.7266414584785,250.19078004622185,517.1155107490081,2.167402700892857,1834.600113635913,1129.9374063640873,1906.9052626835316,249.32908860119045,517.1155107490081,2.167402700892857,1834.600113635913,1129.9374063640873,1906.9052626835316,249.32908860119045
2026-02-03 04:00:00+00:00,410.89824999999996,81.009,3387.4492500000006,404.80099999999993,1937.748,240.97025000000002,407.3983401119402,79.11975292029372,3069.982952958683,378.6595820963935,1953.3389692655708,254.17886374680106,517.1155107490081,2.167402700892857,1834.600113635913,1129.9374063640873,1906.9052626835316,249.32908860119045,517.1155107490081,2.167402700892857,1834.600113635913,1129.9374063640873,1906.9052626835316,249.32908860119045
2026-02-03 05:00:00+00:00,490.68775,81.251,3427.885,389.9535000000001,2011.171,236.42,523.6562895710398,76.29167598504235,3230.5241646275854,393.69895574702844,1987.4500146017126,243.24312063526412,517.1155107490081,2.167402700892857,1834.600113635913,1129.9374063640873,1906.9052626835316,249.32908860119045,517.1155107490081,2.167402700892857,1834.600113635913,1129.9374063640873,1906.9052626835316,249.32908860119045
2026-02-03 06:00:00+00:00,580.5807500000001,81.0085,2827.33425,476.00675,2115.75,236.42,604.8774686397873,81.25326136498147,3018.6271520444807,579.1844251498541,2071.9559247897814,235.65276610908768,517.1155107490081,2.167402700892857,1834.600113635913,1129.9374063640873,1906.9052626835316,249.32908860119045,517.1155107490081,2.167402700892857,1834.600113635913,1129.9374063640873,1906.9052626835316,249.32908860119045
2026-02-03 07:00:00+00:00,576.623,80.02825,2669.52575,520.8644999999999,2192.96675,236.381,598.0012491012291,86.37300978138724,2525.31592910913,669.5186054692233,2166.533500651833,229.27960927913057,517.1155107490081,2.167402700892857,1834.600113635913,1129.9374063640873,1906.9052626835316,249.32908860119045,517.1155107490081,2.167402700892857,1834.600113635913,1129.9374063640873,1906.9052626835316,249.32908860119045
2026-02-03 08:00:00+00:00,554.921,80.38387499999999,2706.57175,538.5735,2199.5645,236.895,577.1859240492893,85.02591671777998,2821.264956554932,614.5180339640596,2145.3214302443835,225.11807308011552,517.1155107490081,2.167402700892857,1834.600113635913,1129.9374063640873,1906.9052626835316,249.32908860119045,517.1155107490081,2.167402700892857,1834.600113635913,1129.9374063640873,1906.9052626835316,249.32908860119045
2026-02-03 09:00:00+00:00,531.8355,80.73949999999999,2603.99025,414.94274999999993,2168.4345,242.27575,573.7790982831822,87.52250629393123,2763.0129728416814,488.06005672833976,2066.3651932671287,240.19294637184456,517.1155107490081,2.167402700892857,1834.600113635913,1129.9374063640873,1906.9052626835316,249.32908860119045,517.1155107490081,2.167402700892857,1834.600113635913,1129.9374063640873,1906.9052626835316,249.32908860119045
2026-02-03 10:00:00+00:00,519.0319999999999,81.2325,2578.943,597.54475,2126.337,244.293,621.1805858308393,68.53171490042766,2723.2215271703835,510.71317996702567,2004.9668189799825,235.29594667507058,517.1155107490081,2.167402700892857,1834.600113635913,1129.9374063640873,1906.9052626835316,249.32908860119045,517.1155107490081,2.167402700892857,1834.600113635913,1129.9374063640873,1906.9052626835316,249.32908860119045
2026-02-03 11:00:00+00:00,537.72875,81.13125,2570.95225,448.856,2050.983,244.57,521.2905348413738,78.69111648078484,2986.4346059056893,409.8797276663971,2020.7978169789408,251.26368542294236,517.1155107490081,2.167402700892857,1834.600113635913,1129.9374063640873,1906.9052626835316,249.32908860119045,517.1155107490081,2.167402700892857,1834.600113635913,1129.9374063640873,1906.9052626835316,249.32908860119045
2026-02-03 12:00:00+00:00,536.77275,81.18375,2673.00675,401.63625,2021.3905,244.808,682.0425141725277,77.16994049102021,3012.8146947508503,454.4448554371223,2031.5916455326583,239.85842063429303,517.1155107490081,2.167402700892857,1834.600113635913,1129.9374063640873,1906.9052626835316,249.32908860119045,517.1155107490081,2.167402700892857,1834.600113635913,1129.9374063640873,1906.9052626835316,249.32908860119045
2026-02-03 13:00:00+00:00,661.70825,81.03225,2962.7977499999997,466.46775,2022.498,244.847,655.9901659409064,83.98008163305437,3078.0394799963115,453.4804228485782,2037.2844994564332,244.75024930716472,517.1155107490081,2.167402700892857,1834.600113635913,1129.9374063640873,1906.9052626835316,249.32908860119045,517.1155107490081,2.167402700892857,1834.600113635913,1129.9374063640873,1906.9052626835316,249.32908860119045
2026-02-03 14:00:00+00:00,741.9245000000001,80.9095,3485.63425,650.27425,2047.6895,250.821,732.1371026769017,83.32962020981,3243.2389872397607,543.2179554969209,2082.00225550504,245.66677346360353,517.1155107490081,2.167402700892857,1834.600113635913,1129.9374063640873,1906.9052626835316,249.32908860119045,517.1155107490081,2.167402700892857,1834.600113635913,1129.9374063640873,1906.9052626835316,249.32908860119045
2026-02-03 15:00:00+00:00,840.4605,80.8245,4039.4712499999996,655.08825,2138.88775,252.839,695.9350936807592,73.92192452869456,3585.5702991234393,639.3523472850345,2104.92753872698,249.49982153540464,517.1155107490081,2.167402700892857,1834.600113635913,1129.9374063640873,1906.9052626835316,249.32908860119045,517.1155107490081,2.167402700892857,1834.600113635913,1129.9374063640873,1906.9052626835316,249.32908860119045
2026-02-03 16:00:00+00:00,991.982,81.13125,4244.592000000001,833.5332500000001,2235.2375,252.878,787.2306376029906,81.86853365236281,4258.251322136859,878.9675279173712,2216.5019690745175,254.76527349572004,517.1155107490081,2.167402700892857,1834.600113635913,1129.9374063640873,1906.9052626835316,249.32908860119045,517.1155107490081,2.167402700892857,1834.600113635913,1129.9374063640873,1906.9052626835316,249.32908860119045
2026-02-03 17:00:00+00:00,1035.98475,81.464,4258.8045,947.8017500000001,2258.635,252.839,855.4656881949079,78.68795789967504,4274.322996217477,887.0048049705335,2269.326564457609,258.6001524012166,517.1155107490081,2.167402700892857,1834.600113635913,1129.9374063640873,1906.9052626835316,249.32908860119045,517.1155107490081,2.167402700892857,1834.600113635913,1129.9374063640873,1906.9052626835316,249.32908860119045
2026-02-03 18:00:00+00:00,1071.60025,81.95474999999999,4254.51025,586.0322500000001,2228.505,252.799,910.3610840454475,76.99612762900904,4252.18047294002,742.9366118827027,2216.5871657948796,251.7181152782661,517.1155107490081,2.167402700892857,1834.600113635913,1129.9374063640873,1906.9052626835316,249.32908860119045,517.1155107490081,2.167402700892857,1834.600113635913,1129.9374063640873,1906.9052626835316,249.32908860119045
2026-02-03 19:00:00+00:00,1012.981,0.06599999999999984,4262.312,403.1947499999999,2145.6414999999997,253.115,799.5283521377817,16.077806022186607,3805.6856197900934,612.7940335520467,2129.3553517326573,246.25645251586766,517.1155107490081,2.167402700892857,1834.600113635913,1129.9374063640873,1906.9052626835316,249.32908860119045,517.1155107490081,2.167402700892857,1834.600113635913,1129.9374063640873,1906.9052626835316,249.32908860119045
2026-02-03 20:00:00+00:00,954.441,0.06599999999999984,4077.5777499999995,357.74325,2069.983,259.089,751.5803635519258,10.79051215871626,3552.664159059105,522.5621988957595,2063.73178702081,250.47532625035134,517.1155107490081,2.167402700892857,1834.600113635913,1129.9374063640873,1906.9052626835316,249.32908860119045,517.1155107490081,2.167402700892857,1834.600113635913,1129.9374063640873,1906.9052626835316,249.32908860119045
2026-02-03 21:00:00+00:00,937.184,0.06599999999999984,4100.271,499.96900000000005,2015.345,261.067,781.3049798232237,12.093051238474384,3714.98596772131,475.4180394288153,2025.3220773564155,249.67921172964552,517.1155107490081,2.167402700892857,1834.600113635913,1129.9374063640873,1906.9052626835316,249.32908860119045,517.1155107490081,2.167402700892857,1834.600113635913,1129.9374063640873,1906.9052626835316,249.32908860119045
2026-02-03 22:00:00+00:00,900.11375,0.06599999999999984,3879.516,374.81075,1974.6154999999999,261.067,683.1458776838966,8.751192508307987,3709.4634775806726,393.3042441425656,1991.3498972443388,256.44058127275014,517.1155107490081,2.167402700892857,1834.600113635913,1129.9374063640873,1906.9052626835316,249.32908860119045,517.1155107490081,2.167402700892857,1834.600113635913,1129.9374063640873,1906.9052626835316,249.32908860119045
2026-02-03 23:00:00+00:00,932.51275,0.06599999999999984,3869.004,358.548,1939.93925,259.722,614.8502262879737,3.9996881300644938,3581.9595705208158,394.6126692219905,1956.3687333780265,247.66508508725207,517.1155107490081,2.167402700892857,1834.600113635913,1129.9374063640873,1906.9052626835316,249.32908860119045,517.1155107490081,2.167402700892857,1834.600113635913,1129.9374063640873,1906.9052626835316,249.32908860119045
2026-02-04 00:00:00+00:00,882.738,0.06599999999999984,3884.94125,360.6189999999999,1924.028,253.195,522.7272285439072,5.877614494034925,3642.138700841456,411.1532029751703,1945.3192337698208,249.32488161978944,517.1155107490081,2.167402700892857,1834.600113635913,1129.9374063640873,1906.9052626835316,249.32908860119045,517.1155107490081,2.167402700892857,1834.600113635913,1129.9374063640873,1906.9052626835316,249.32908860119045
2026-02-04 01:00:00+00:00,801.426,0.06599999999999984,3883.433,374.15874999999994,1909.5245,253.195,534.6429864022456,9.653294913440542,3878.4496503103737,382.93742953173137,1925.8727047218808,241.48530660544358,517.1155107490081,2.167402700892857,1834.600113635913,1129.9374063640873,1906.9052626835316,249.32908860119045,517.1155107490081,2.167402700892857,1834.600113635913,1129.9374063640873,1906.9052626835316,249.32908860119045
2026-02-04 02:00:00+00:00,581.515,0.06599999999999984,3888.3417499999996,390.54475,1909.3197499999999,257.823,516.6078468935898,4.5800709343347386,3771.63710551982,401.2369792802218,1904.186134704586,243.78725491888423,517.1155107490081,2.167402700892857,1834.600113635913,1129.9374063640873,1906.9052626835316,249.32908860119045,517.1155107490081,2.167402700892857,1834.600113635913,1129.9374063640873,1906.9052626835316,249.32908860119045
2026-02-04 03:00:00+00:00,586.3195000000001,0.06599999999999984,3894.1634999999997,398.59124999999995,1918.07725,247.26025,461.06114249944693,4.271713018622812,3945.92014704597,402.071810519687,1925.066494217751,255.52326470217042,517.1155107490081,2.167402700892857,1834.600113635913,1129.9374063640873,1906.9052626835316,249.32908860119045,517.1155107490081,2.167402700892857,1834.600113635913,1129.9374063640873,1906.9052626835316,249.32908860119045
2026-02-04 04:00:00+00:00,613.01725,0.06599999999999984,3868.7844999999998,398.04875000000004,1943.703,235.471,513.8166842647211,20.51254775285294,3930.299279886328,397.31429114617845,1945.1895552456613,258.06235186803633,517.1155107490081,2.167402700892857,1834.600113635913,1129.9374063640873,1906.9052626835316,249.32908860119045,517.1155107490081,2.167402700892857,1834.600113635913,1129.9374063640873,1906.9052626835316,249.32908860119045
2026-02-04 05:00:00+00:00,630.64625,0.06599999999999984,3736.6542499999996,426.3907499999999,2014.49725,229.418,609.2954449105697,8.455976467096317,4055.5547288244015,535.4601115272374,1997.22321114868,250.51472731661198,517.1155107490081,2.167402700892857,1834.600113635913,1129.9374063640873,1906.9052626835316,249.32908860119045,517.1155107490081,2.167402700892857,1834.600113635913,1129.9374063640873,1906.9052626835316,249.32908860119045
2026-02-04 06:00:00+00:00,698.392,0.06599999999999984,4013.7839999999997,822.18975,2125.773,229.418,706.3584766426745,-4.779959596663568,4359.128742177722,854.4849706815568,2083.963231514532,251.33852029895323,517.1155107490081,2.167402700892857,1834.600113635913,1129.9374063640873,1906.9052626835316,249.32908860119045,517.1155107490081,2.167402700892857,1834.600113635913,1129.9374063640873,1906.9052626835316,249.32908860119045
2026-02-04 07:00:00+00:00,714.6435,0.06599999999999984,4087.398,1624.442,2194.882,229.418,703.6768155136001,-1.186139953655457,4122.801156471055,1196.3823188386489,2187.8703450808957,253.91653348050946,517.1155107490081,2.167402700892857,1834.600113635913,1129.9374063640873,1906.9052626835316,249.32908860119045,517.1155107490081,2.167402700892857,1834.600113635913,1129.9374063640873,1906.9052626835316,249.32908860119045
2026-02-04 08:00:00+00:00,704.11325,0.06599999999999984,3890.15075,478.97399999999993,2189.2870000000003,229.458,658.365377399046,-0.8020250020900632,4124.3301695238615,795.3463924742597,2183.1829284055393,251.45473987623672,517.1155107490081,2.167402700892857,1834.600113635913,1129.9374063640873,1906.9052626835316,249.32908860119045,517.1155107490081,2.167402700892857,1834.600113635913,1129.9374063640873,1906.9052626835316,249.32908860119045
2026-02-04 09:00:00+00:00,634.1632500000001,0.06599999999999984,3757.6459999999997,544.2785,2149.7380000000003,235.43175,619.7593798676983,-0.5549854938969876,3680.9205686234855,576.2873951599257,2091.9997450669784,242.74759027417628,517.1155107490081,2.167402700892857,1834.600113635913,1129.9374063640873,1906.9052626835316,249.32908860119045,517.1155107490081,2.167402700892857,1834.600113635913,1129.9374063640873,1906.9052626835316,249.32908860119045
2026-02-04 10:00:00+00:00,547.2025,0.06599999999999984,3666.44925,610.02725,2104.09025,237.41,605.109096549771,-3.104094398400321,3745.965688007611,527.5750761387621,2075.5780085487436,240.4358916616983,517.1155107490081,2.167402700892857,1834.600113635913,1129.9374063640873,1906.9052626835316,249.32908860119045,517.1155107490081,2.167402700892857,1834.600113635913,1129.9374063640873,1906.9052626835316,249.32908860119045
2026-02-04 11:00:00+00:00,540.8235,0.06599999999999984,3468.4665,415.79675,2026.013,237.449,607.8068745277183,-0.8054997091636831,3697.9259109687764,488.94832106125807,2051.9219192095406,238.242585160492,517.1155107490081,2.167402700892857,1834.600113635913,1129.9374063640873,1906.9052626835316,249.32908860119045,517.1155107490081,2.167402700892857,1834.600113635913,1129.9374063640873,1906.9052626835316,249.32908860119045
2026-02-04 12:00:00+00:00,536.06375,0.06599999999999984,3625.7005,422.788,1999.7202499999999,237.489,616.2444128218947,3.9966216203789022,3813.421713899139,532.9795999345461,2013.124347622829,241.41697948319697,517.1155107490081,2.167402700892857,1834.600113635913,1129.9374063640873,1906.9052626835316,249.32908860119045,517.1155107490081,2.167402700892857,1834.600113635913,1129.9374063640873,1906.9052626835316,249.32908860119045
2026-02-04 13:00:00+00:00,547.08425,0.06599999999999984,3851.69275,585.97675,1998.17775,237.449,656.4393356616224,2.3884322279874586,3871.408083508599,571.0411030172071,2016.4164495597963,244.33042864705538,517.1155107490081,2.167402700892857,1834.600113635913,1129.9374063640873,1906.9052626835316,249.32908860119045,517.1155107490081,2.167402700892857,1834.600113635913,1129.9374063640873,1906.9052626835316,249.32908860119045
2026-02-04 14:00:00+00:00,658.9159999999999,0.06599999999999984,3561.47225,529.3007500000001,2031.5127499999999,243.38299999999998,693.438441621989,-0.7266718351431765,3719.5084163325314,563.3701692082337,2065.2272351099473,248.122505492271,517.1155107490081,2.167402700892857,1834.600113635913,1129.9374063640873,1906.9052626835316,249.32908860119045,517.1155107490081,2.167402700892857,1834.600113635913,1129.9374063640873,1906.9052626835316,249.32908860119045
2026-02-04 15:00:00+00:00,828.42175,0.06599999999999984,3579.42925,521.2145,2146.56925,245.282,748.3426704626893,1.9458157557064597,3790.116196925389,801.4765652373111,2145.594441793759,253.14820573633398,517.1155107490081,2.167402700892857,1834.600113635913,1129.9374063640873,1906.9052626835316,249.32908860119045,517.1155107490081,2.167402700892857,1834.600113635913,1129.9374063640873,1906.9052626835316,249.32908860119045
2026-02-04 16:00:00+00:00,908.7225000000001,0.06599999999999984,3660.2349999999997,979.5275,2240.705,245.282,740.6595491945066,1.288270196245947,3610.6839857927325,1017.8747075880465,2175.537008495285,251.64203946636968,517.1155107490081,2.167402700892857,1834.600113635913,1129.9374063640873,1906.9052626835316,249.32908860119045,517.1155107490081,2.167402700892857,1834.600113635913,1129.9374063640873,1906.9052626835316,249.32908860119045
2026-02-04 17:00:00+00:00,872.8205,0.06599999999999984,3677.07275,986.64075,2271.1014999999998,246.944,705.9404701814613,1.5055100944037663,3816.2362548529177,1065.7828220549,2302.6451456594996,258.54453995867016,517.1155107490081,2.167402700892857,1834.600113635913,1129.9374063640873,1906.9052626835316,249.32908860119045,517.1155107490081,2.167402700892857,1834.600113635913,1129.9374063640873,1906.9052626835316,249.32908860119045
2026-02-04 18:00:00+00:00,818.09625,0.06599999999999984,3644.001,847.3795000000001,2255.479,245.243,724.3788540346046,-1.8184200882655692,3823.741781326884,759.5042651772917,2259.3941849554276,254.32743972945383,517.1155107490081,2.167402700892857,1834.600113635913,1129.9374063640873,1906.9052626835316,249.32908860119045,517.1155107490081,2.167402700892857,1834.600113635913,1129.9374063640873,1906.9052626835316,249.32908860119045
2026-02-04 19:00:00+00:00,828.6855,0.06599999999999984,3572.968,437.05724999999995,2164.638,245.243,749.0427644384581,2.0907118297494347,3613.83370762514,564.4438845367675,2151.9859377736443,249.46001140674446,517.1155107490081,2.167402700892857,1834.600113635913,1129.9374063640873,1906.9052626835316,249.32908860119045,517.1155107490081,2.167402700892857,1834.600113635913,1129.9374063640873,1906.9052626835316,249.32908860119045
2026-02-04 20:00:00+00:00,804.0677499999999,0.06599999999999984,3577.266,424.66774999999996,2078.0085,251.177,707.2582919958506,1.5780960331217604,3805.626146805076,485.4427114988921,2058.6682739171315,257.3949453931189,517.1155107490081,2.167402700892857,1834.600113635913,1129.9374063640873,1906.9052626835316,249.32908860119045,517.1155107490081,2.167402700892857,1834.600113635913,1129.9374063640873,1906.9052626835316,249.32908860119045
2026-02-04 21:00:00+00:00,775.9694999999999,0.06599999999999984,3476.54475,435.5305000000001,2020.40075,253.115,617.2329008229179,1.4120074601024704,3660.9366941099875,437.4245357878872,2034.0748590068138,252.17801420557052,517.1155107490081,2.167402700892857,1834.600113635913,1129.9374063640873,1906.9052626835316,249.32908860119045,517.1155107490081,2.167402700892857,1834.600113635913,1129.9374063640873,1906.9052626835316,249.32908860119045
2026-02-04 22:00:00+00:00,673.60725,0.06599999999999984,3479.03425,426.98974999999996,1974.538,253.115,527.2600012202555,8.278903861089752,3571.3153383932495,437.2597335942604,1984.883088748058,254.8228159347879,517.1155107490081,2.167402700892857,1834.600113635913,1129.9374063640873,1906.9052626835316,249.32908860119045,517.1155107490081,2.167402700892857,1834.600113635913,1129.9374063640873,1906.9052626835316,249.32908860119045
2026-02-04 23:00:00+00:00,561.38275,0.06599999999999984,3432.36075,396.21775,1919.74025,253.115,522.0280905860141,-0.2373039174064382,3446.1050589706783,415.36121471225204,1970.362767294609,248.65483984644874,517.1155107490081,2.167402700892857,1834.600113635913,1129.9374063640873,1906.9052626835316,249.32908860119045,517.1155107490081,2.167402700892857,1834.600113635913,1129.9374063640873,1906.9052626835316,249.32908860119045
2026-02-05 00:00:00+00:00,480.31775,0.06599999999999984,3375.434,407.08624999999995,1907.1485,253.115,412.5462941346001,-0.22789531561512533,3387.373282620589,427.68050342813615,1927.5601785902325,247.48181293965263,517.1155107490081,2.167402700892857,1834.600113635913,1129.9374063640873,1906.9052626835316,249.32908860119045,517.1155107490081,2.167402700892857,1834.600113635913,1129.9374063640873,1906.9052626835316,249.32908860119045
2026-02-05 01:00:00+00:00,443.64375,0.06599999999999984,3392.17625,419.769,1895.91325,253.115,465.9990756436174,-2.3906734809299857,3462.869549245097,416.5887216555352,1921.0781878913585,247.2577055015233,517.1155107490081,2.167402700892857,1834.600113635913,1129.9374063640873,1906.9052626835316,249.32908860119045,517.1155107490081,2.167402700892857,1834.600113635913,1129.9374063640873,1906.9052626835316,249.32908860119045
2026-02-05 02:00:00+00:00,673.484,0.06599999999999984,3343.44625,411.471,1890.01125,253.115,481.9910689893473,-2.671270994264719,3500.9637592089675,425.6521560101295,1913.658253084349,247.88923937090897,517.1155107490081,2.167402700892857,1834.600113635913,1129.9374063640873,1906.9052626835316,249.32908860119045,517.1155107490081,2.167402700892857,1834.600113635913,1129.9374063640873,1906.9052626835316,249.32908860119045
2026-02-05 03:00:00+00:00,766.72925,0.06599999999999984,3360.368,412.54675,1904.5104999999999,247.181,524.7566778813699,1.3886678449346515,3598.9727876422903,425.6521560101295,1918.854722951292,245.79529164228055,517.1155107490081,2.167402700892857,1834.600113635913,1129.9374063640873,1906.9052626835316,249.32908860119045,517.1155107490081,2.167402700892857,1834.600113635913,1129.9374063640873,1906.9052626835316,249.32908860119045
2026-02-05 04:00:00+00:00,917.34375,0.06599999999999984,3527.70575,430.9575,1933.9470000000001,233.37425000000002,654.7393302315099,-1.997926671247161,3724.7690882049164,453.39469311858284,1919.1273539902902,237.57631135436412,517.1155107490081,2.167402700892857,1834.600113635913,1129.9374063640873,1906.9052626835316,249.32908860119045,517.1155107490081,2.167402700892857,1834.600113635913,1129.9374063640873,1906.9052626835316,249.32908860119045
2026-02-05 05:00:00+00:00,1105.561,0.06599999999999984,3651.40625,492.1792499999999,2010.41425,229.418,695.4723194183565,3.0692805801999254,3954.406127393888,491.9847922694411,2023.1124482106877,244.12234270533284,517.1155107490081,2.167402700892857,1834.600113635913,1129.9374063640873,1906.9052626835316,249.32908860119045,517.1155107490081,2.167402700892857,1834.600113635913,1129.9374063640873,1906.9052626835316,249.32908860119045
2026-02-05 06:00:00+00:00,1172.70975,0.06599999999999984,3893.3149999999996,1229.3885,2119.634,229.418,874.9667921906879,8.368813714108049,4256.126379322931,1217.6318680872398,2071.4583732256324,226.6025818817609,517.1155107490081,2.167402700892857,1834.600113635913,1129.9374063640873,1906.9052626835316,249.32908860119045,517.1155107490081,2.167402700892857,1834.600113635913,1129.9374063640873,1906.9052626835316,249.32908860119045
2026-02-05 07:00:00+00:00,1129.28475,0.06599999999999984,3908.9032499999994,1690.7935,2192.70525,229.418,861.1178370612553,0.09399743829161045,4186.37832529091,1496.798270923107,2194.808888460587,236.93223639600194,517.1155107490081,2.167402700892857,1834.600113635913,1129.9374063640873,1906.9052626835316,249.32908860119045,517.1155107490081,2.167402700892857,1834.600113635913,1129.9374063640873,1906.9052626835316,249.32908860119045
2026-02-05 08:00:00+00:00,1129.615,0.06599999999999984,4031.91075,1224.05125,2196.674,229.378,863.3139161530814,-7.75041169229346,4206.510386714967,1241.657862126088,2182.330367199308,243.96149605207887,517.1155107490081,2.167402700892857,1834.600113635913,1129.9374063640873,1906.9052626835316,249.32908860119045,517.1155107490081,2.167402700892857,1834.600113635913,1129.9374063640873,1906.9052626835316,249.32908860119045
2026-02-05 09:00:00+00:00,1105.17275,0.06599999999999984,4158.49475,1275.87725,2157.413,235.352,792.4716692333191,10.577405107578668,4314.257104065836,886.5786435125968,2163.4698254186974,245.86082782349249,517.1155107490081,2.167402700892857,1834.600113635913,1129.9374063640873,1906.9052626835316,249.32908860119045,517.1155107490081,2.167402700892857,1834.600113635913,1129.9374063640873,1906.9052626835316,249.32908860119045
2026-02-05 10:00:00+00:00,1094.56825,0.06599999999999984,4283.29725,1134.52825,2119.7465,237.33,881.9402209720447,16.41842184001592,4294.922096016065,730.8771070696826,2087.62826404979,241.03068527998474,517.1155107490081,2.167402700892857,1834.600113635913,1129.9374063640873,1906.9052626835316,249.32908860119045,517.1155107490081,2.167402700892857,1834.600113635913,1129.9374063640873,1906.9052626835316,249.32908860119045
2026-02-05 11:00:00+00:00,1046.209,41.03375,4114.22725,701.2035,2045.05225,237.37,862.1508972433999,39.82326983601584,4178.105171609474,623.9088675973023,2061.6763861723653,246.59770803747193,517.1155107490081,2.167402700892857,1834.600113635913,1129.9374063640873,1906.9052626835316,249.32908860119045,517.1155107490081,2.167402700892857,1834.600113635913,1129.9374063640873,1906.9052626835316,249.32908860119045
2026-02-05 12:00:00+00:00,942.47175,82.0015,3891.29025,651.3465,2028.676,237.41,770.1165646486794,58.77545955629259,3983.346853509349,625.3977244511238,2041.114921984236,249.60311466894692,517.1155107490081,2.167402700892857,1834.600113635913,1129.9374063640873,1906.9052626835316,249.32908860119045,517.1155107490081,2.167402700892857,1834.600113635913,1129.9374063640873,1906.9052626835316,249.32908860119045
2026-02-05 13:00:00+00:00,991.9905000000001,81.316,3988.8459999999995,634.6712500000001,2019.79425,237.41,852.1447602886619,71.48505250179221,3921.063523295302,632.4458970546598,2050.453655501373,244.70012061777837,517.1155107490081,2.167402700892857,1834.600113635913,1129.9374063640873,1906.9052626835316,249.32908860119045,517.1155107490081,2.167402700892857,1834.600113635913,1129.9374063640873,1906.9052626835316,249.32908860119045
2026-02-05 14:00:00+00:00,904.30375,80.92325,4016.32675,548.9305,2036.4095,243.344,840.9474297616572,69.21899660240256,4200.435234335986,579.2669476759447,2069.677638327471,251.21840311269068,517.1155107490081,2.167402700892857,1834.600113635913,1129.9374063640873,1906.9052626835316,249.32908860119045,517.1155107490081,2.167402700892857,1834.600113635913,1129.9374063640873,1906.9052626835316,249.32908860119045
2026-02-05 15:00:00+00:00,1057.36025,79.91375,4212.5875,757.56375,2126.3655,245.282,849.3449081918418,50.77967069992298,4561.6820709140975,781.5833585532416,2122.9035892752854,256.79797979749924,517.1155107490081,2.167402700892857,1834.600113635913,1129.9374063640873,1906.9052626835316,249.32908860119045,517.1155107490081,2.167402700892857,1834.600113635913,1129.9374063640873,1906.9052626835316,249.32908860119045
2026-02-05 16:00:00+00:00,1083.2235,0.06599999999999984,4297.70925,1387.2145,2213.29925,245.282,971.1028444172266,13.505059889537524,4766.339953928812,1346.9451607819774,2183.7919124072087,256.1186852135113,517.1155107490081,2.167402700892857,1834.600113635913,1129.9374063640873,1906.9052626835316,249.32908860119045,517.1155107490081,2.167402700892857,1834.600113635913,1129.9374063640873,1906.9052626835316,249.32908860119045
2026-02-05 17:00:00+00:00,1185.3867500000001,0.06599999999999984,4313.6705,1416.4182500000002,2241.24925,245.243,975.8113055947674,4.763679548800328,4607.559842995523,1333.5353279434876,2281.2308653967157,249.19510670467074,517.1155107490081,2.167402700892857,1834.600113635913,1129.9374063640873,1906.9052626835316,249.32908860119045,517.1155107490081,2.167402700892857,1834.600113635913,1129.9374063640873,1906.9052626835316,249.32908860119045
2026-02-05 18:00:00+00:00,1199.74675,0.06599999999999984,4091.5,1092.6365,2217.77725,245.243,977.8511316888322,-0.3186015449923558,4521.639522132986,1179.7627281486193,2214.5852368478572,253.67131596751946,517.1155107490081,2.167402700892857,1834.600113635913,1129.9374063640873,1906.9052626835316,249.32908860119045,517.1155107490081,2.167402700892857,1834.600113635913,1129.9374063640873,1906.9052626835316,249.32908860119045
2026-02-05 19:00:00+00:00,1129.75025,0.06599999999999984,4003.4299999999994,923.7727500000001,2131.338,245.243,953.9752405026654,1.2644272289325156,4397.758702086582,799.4713391930266,2112.2536322321994,247.0815920437911,517.1155107490081,2.167402700892857,1834.600113635913,1129.9374063640873,1906.9052626835316,249.32908860119045,517.1155107490081,2.167402700892857,1834.600113635913,1129.9374063640873,1906.9052626835316,249.32908860119045
2026-02-05 20:00:00+00:00,1341.81475,0.06599999999999984,3818.8064999999997,605.9505,2053.7235,251.177,985.9259478598128,-0.7935410166690464,4294.726361880487,578.7938106034574,2030.7033353363045,235.62180071984295,517.1155107490081,2.167402700892857,1834.600113635913,1129.9374063640873,1906.9052626835316,249.32908860119045,517.1155107490081,2.167402700892857,1834.600113635913,1129.9374063640873,1906.9052626835316,249.32908860119045
2026-02-05 21:00:00+00:00,1306.5605,0.06599999999999984,3745.2535,461.70000000000005,1995.76875,253.115,992.1610754963721,-0.16552706232240544,4049.847758133964,558.6886819323332,2006.3361007159072,224.17009801599227,517.1155107490081,2.167402700892857,1834.600113635913,1129.9374063640873,1906.9052626835316,249.32908860119045,517.1155107490081,2.167402700892857,1834.600113635913,1129.9374063640873,1906.9052626835316,249.32908860119045
2026-02-05 22:00:00+00:00,1165.9215,0.06599999999999984,3746.928,366.84399999999994,1959.01775,253.115,979.95629347097,-0.18761032382741538,4231.135307704933,475.2887888005512,1989.4047374586405,226.0660223815381,517.1155107490081,2.167402700892857,1834.600113635913,1129.9374063640873,1906.9052626835316,249.32908860119045,517.1155107490081,2.167402700892857,1834.600113635913,1129.9374063640873,1906.9052626835316,249.32908860119045
2026-02-05 23:00:00+00:00,1142.63625,0.06599999999999984,3820.53175,359.63300000000004,1909.988,219.48775,926.555174312852,-0.16839643218244182,4022.639138304352,545.9197410408652,1954.4484265858482,209.54243017749258,517.1155107490081,2.167402700892857,1834.600113635913,1129.9374063640873,1906.9052626835316,249.32908860119045,517.1155107490081,2.167402700892857,1834.600113635913,1129.9374063640873,1906.9052626835316,249.32908860119045
2026-02-06 00:00:00+00:00,1186.16775,0.06599999999999984,3873.43775,347.88225,1903.037,225.422,983.2881297684823,-0.2242218540367218,3966.1740533937727,532.4040852232054,1942.8064070988046,209.49847564284656,517.1155107490081,2.167402700892857,1834.600113635913,1129.9374063640873,1906.9052626835316,249.32908860119045,517.1155107490081,2.167402700892857,1834.600113635913,1129.9374063640873,1906.9052626835316,249.32908860119045
2026-02-06 01:00:00+00:00,1190.44725,0.06599999999999984,3773.5547500000002,349.0685,1895.7275,225.462,1018.187537655678,-0.420789916496191,3915.675600657093,586.3806875982374,1928.5415612518575,204.81494803943787,517.1155107490081,2.167402700892857,1834.600113635913,1129.9374063640873,1906.9052626835316,249.32908860119045,517.1155107490081,2.167402700892857,1834.600113635913,1129.9374063640873,1906.9052626835316,249.32908860119045
2026-02-06 02:00:00+00:00,1186.944,0.06599999999999984,3587.7487500000007,344.3175,1888.00975,225.462,1060.1115560667774,-0.2778396322914234,3924.7795290840722,591.958873661409,1917.4352570635144,201.05270129580626,517.1155107490081,2.167402700892857,1834.600113635913,1129.9374063640873,1906.9052626835316,249.32908860119045,517.1155107490081,2.167402700892857,1834.600113635913,1129.9374063640873,1906.9052626835316,249.32908860119045
2026-02-06 03:00:00+00:00,1177.7735,0.06599999999999984,3646.11425,345.9382499999999,1903.57125,219.488,1060.733815193069,-0.17044641318527942,4008.5538134577555,558.7611780309264,1921.2664309300512,196.94874123844644,517.1155107490081,2.167402700892857,1834.600113635913,1129.9374063640873,1906.9052626835316,249.32908860119045,517.1155107490081,2.167402700892857,1834.600113635913,1129.9374063640873,1906.9052626835316,249.32908860119045
2026-02-06 04:00:00+00:00,1127.237,0.06599999999999984,3732.38125,356.47299999999996,1944.099,214.543,1061.4385359165594,-0.2580580063012339,4275.245228354634,559.9245795226522,1924.2239594782545,202.79514523668854,517.1155107490081,2.167402700892857,1834.600113635913,1129.9374063640873,1906.9052626835316,249.32908860119045,517.1155107490081,2.167402700892857,1834.600113635913,1129.9374063640873,1906.9052626835316,249.32908860119045
2026-02-06 05:00:00+00:00,1313.97225,0.06599999999999984,4239.2162499999995,720.9935000000002,2050.2235,213.554,1188.382855520118,-1.6004477862865887,4439.656845507285,848.2867717263488,1991.7700801042777,217.14331053860562,517.1155107490081,2.167402700892857,1834.600113635913,1129.9374063640873,1906.9052626835316,249.32908860119045,517.1155107490081,2.167402700892857,1834.600113635913,1129.9374063640873,1906.9052626835316,249.32908860119045
2026-02-06 06:00:00+00:00,1266.03,0.06599999999999984,4379.283,1191.483,2149.18975,213.554,1216.0670440486683,-0.3052281404165602,4793.098159795204,1371.444013792085,2083.4276166709137,210.63877373711102,517.1155107490081,2.167402700892857,1834.600113635913,1129.9374063640873,1906.9052626835316,249.32908860119045,517.1155107490081,2.167402700892857,1834.600113635913,1129.9374063640873,1906.9052626835316,249.32908860119045
2026-02-06 07:00:00+00:00,1209.4015,0.06599999999999984,4270.5255,1387.4932500000002,2203.034,213.593,1209.7286101496147,1.9031240508781497,4980.738045292084,1508.8138272565407,2093.1822586751873,215.76189961784246,517.1155107490081,2.167402700892857,1834.600113635913,1129.9374063640873,1906.9052626835316,249.32908860119045,517.1155107490081,2.167402700892857,1834.600113635913,1129.9374063640873,1906.9052626835316,249.32908860119045
2026-02-06 08:00:00+00:00,1204.53175,0.06599999999999984,4622.20275,996.26,2187.5145,213.593,1188.1990096335676,3.179907712879288,5021.850676367777,1179.6123560093215,2169.884409540792,221.8080884892152,517.1155107490081,2.167402700892857,1834.600113635913,1129.9374063640873,1906.9052626835316,249.32908860119045,517.1155107490081,2.167402700892857,1834.600113635913,1129.9374063640873,1906.9052626835316,249.32908860119045
2026-02-06 09:00:00+00:00,1341.4472500000002,0.06599999999999984,4648.598,875.13525,2118.8537499999998,219.567,1199.663181802538,-1.1486211977913277,4899.843112360035,903.0626228117842,2115.869247047302,220.37175662485504,517.1155107490081,2.167402700892857,1834.600113635913,1129.9374063640873,1906.9052626835316,249.32908860119045,517.1155107490081,2.167402700892857,1834.600113635913,1129.9374063640873,1906.9052626835316,249.32908860119045
2026-02-06 10:00:00+00:00,1432.42825,0.06599999999999984,4709.68775,979.2397500000001,2056.2715,221.585,1237.6847146275263,-1.2418333439102285,4802.84830843605,814.9309259659851,2066.362761757335,217.9741161689263,517.1155107490081,2.167402700892857,1834.600113635913,1129.9374063640873,1906.9052626835316,249.32908860119045,517.1155107490081,2.167402700892857,1834.600113635913,1129.9374063640873,1906.9052626835316,249.32908860119045
2026-02-06 11:00:00+00:00,1415.1925,0.06599999999999984,4630.92075,598.424,2007.7640000000001,221.624,1291.1285009173039,2.5271624360710745,4746.436266385195,753.1706415224518,2028.330798252289,226.70242864342327,517.1155107490081,2.167402700892857,1834.600113635913,1129.9374063640873,1906.9052626835316,249.32908860119045,517.1155107490081,2.167402700892857,1834.600113635913,1129.9374063640873,1906.9052626835316,249.32908860119045
2026-02-06 12:00:00+00:00,1402.76575,0.06599999999999984,4601.564249999999,467.7739999999999,1998.088,221.664,1213.0582008936226,4.1047586124515245,4645.55965953277,706.0392283864435,2022.6189887860123,217.78320144721906,517.1155107490081,2.167402700892857,1834.600113635913,1129.9374063640873,1906.9052626835316,249.32908860119045,517.1155107490081,2.167402700892857,1834.600113635913,1129.9374063640873,1906.9052626835316,249.32908860119045
2026-02-06 13:00:00+00:00,1353.58525,0.06599999999999984,4634.62275,447.72375,2007.73325,221.664,1185.0259769712156,2.994696724031557,4615.3348111045925,664.3534268831717,2030.3007674804717,215.46803179916964,517.1155107490081,2.167402700892857,1834.600113635913,1129.9374063640873,1906.9052626835316,249.32908860119045,517.1155107490081,2.167402700892857,1834.600113635913,1129.9374063640873,1906.9052626835316,249.32908860119045
2026-02-06 14:00:00+00:00,1191.20175,0.06599999999999984,4744.6717499999995,498.42975,2050.2135,221.664,1145.2030530164695,3.6817290293404064,4659.114846649823,795.2768011770506,2090.4557725315835,218.4380337949819,517.1155107490081,2.167402700892857,1834.600113635913,1129.9374063640873,1906.9052626835316,249.32908860119045,517.1155107490081,2.167402700892857,1834.600113635913,1129.9374063640873,1906.9052626835316,249.32908860119045
2026-02-06 15:00:00+00:00,1182.672,0.06599999999999984,4779.247,715.561,2152.9205,221.624,1118.293934696148,-0.22792756315413465,4603.537974339562,982.9503305747838,2158.907955063891,224.6741544714686,517.1155107490081,2.167402700892857,1834.600113635913,1129.9374063640873,1906.9052626835316,249.32908860119045,517.1155107490081,2.167402700892857,1834.600113635913,1129.9374063640873,1906.9052626835316,249.32908860119045
2026-02-06 16:00:00+00:00,1043.71025,0.06599999999999984,4823.218500000001,1241.7795,2251.85,221.624,1192.8589712377757,-1.0508472308313221,4806.501555269427,1371.185968906859,2224.563125046194,221.0646287427204,517.1155107490081,2.167402700892857,1834.600113635913,1129.9374063640873,1906.9052626835316,249.32908860119045,517.1155107490081,2.167402700892857,1834.600113635913,1129.9374063640873,1906.9052626835316,249.32908860119045
2026-02-06 17:00:00+00:00,928.729,0.06599999999999984,4823.2785,1113.66325,2296.27,221.624,1058.5578374901554,-0.9554333807437523,4739.756295609828,1321.7672434863475,2303.5283167535895,234.18124341218655,517.1155107490081,2.167402700892857,1834.600113635913,1129.9374063640873,1906.9052626835316,249.32908860119045,517.1155107490081,2.167402700892857,1834.600113635913,1129.9374063640873,1906.9052626835316,249.32908860119045
2026-02-06 18:00:00+00:00,929.5060000000001,0.06599999999999984,4803.6505,834.5260000000001,2278.784,221.624,944.3406115214716,0.8219292671932075,4715.672746839253,981.9101195957531,2249.379473995982,236.54995102001826,517.1155107490081,2.167402700892857,1834.600113635913,1129.9374063640873,1906.9052626835316,249.32908860119045,517.1155107490081,2.167402700892857,1834.600113635913,1129.9374063640873,1906.9052626835316,249.32908860119045
2026-02-06 19:00:00+00:00,809.2950000000001,0.06599999999999984,4693.55425,433.5174999999999,2203.00425,221.624,937.6408122868029,0.9187783164468835,4478.80299475362,583.4239171578149,2160.373319183348,236.5889419079642,517.1155107490081,2.167402700892857,1834.600113635913,1129.9374063640873,1906.9052626835316,249.32908860119045,517.1155107490081,2.167402700892857,1834.600113635913,1129.9374063640873,1906.9052626835316,249.32908860119045
2026-02-06 20:00:00+00:00,801.957,0.06599999999999984,4599.24275,438.64324999999997,2104.705,224.59175,942.0768026526013,-0.48668511779715207,4073.0285049065806,485.8787221376773,2057.8526453625027,235.2619161094346,517.1155107490081,2.167402700892857,1834.600113635913,1129.9374063640873,1906.9052626835316,249.32908860119045,517.1155107490081,2.167402700892857,1834.600113635913,1129.9374063640873,1906.9052626835316,249.32908860119045
2026-02-06 21:00:00+00:00,893.39,0.06599999999999984,4525.619500000001,433.1312499999999,2028.4655,225.581,977.2752849644955,0.2500793408439379,3969.313082103872,491.9411088862113,2025.9746066899916,235.4356510743913,517.1155107490081,2.167402700892857,1834.600113635913,1129.9374063640873,1906.9052626835316,249.32908860119045,517.1155107490081,2.167402700892857,1834.600113635913,1129.9374063640873,1906.9052626835316,249.32908860119045
2026-02-06 22:00:00+00:00,960.40175,0.06599999999999984,3860.581,422.19875,1988.93275,229.181,984.6194045796901,0.24192019307764423,4031.1200311585008,486.0933949107249,1993.0857793894254,230.43310187742074,517.1155107490081,2.167402700892857,1834.600113635913,1129.9374063640873,1906.9052626835316,249.32908860119045,517.1155107490081,2.167402700892857,1834.600113635913,1129.9374063640873,1906.9052626835316,249.32908860119045
2026-02-06 23:00:00+00:00,926.50425,0.06599999999999984,3677.3732499999996,412.77599999999995,1944.1925,205.325,923.2806234790071,0.1434434412790675,3656.129443714905,505.13209540411503,1961.721328985704,231.035526716829,517.1155107490081,2.167402700892857,1834.600113635913,1129.9374063640873,1906.9052626835316,249.32908860119045,517.1155107490081,2.167402700892857,1834.600113635913,1129.9374063640873,1906.9052626835316,249.32908860119045
2026-02-07 00:00:00+00:00,924.783,0.06599999999999984,3607.55575,404.46849999999995,1936.3754999999999,200.815,875.4376355712119,-0.30154050466798354,3764.9690258197516,477.57475400940723,1965.030765485424,232.21178867046385,517.1155107490081,2.167402700892857,1834.600113635913,1129.9374063640873,1906.9052626835316,249.32908860119045,517.1155107490081,2.167402700892857,1834.600113635913,1129.9374063640873,1906.9052626835316,249.32908860119045
2026-02-07 01:00:00+00:00,933.4300000000001,0.06599999999999984,3558.7875,416.4480000000001,1925.718,201.567,908.7039857916704,-0.2739195711412523,3466.143144829347,465.2998530018234,1965.5102955122582,224.78141564391376,517.1155107490081,2.167402700892857,1834.600113635913,1129.9374063640873,1906.9052626835316,249.32908860119045,517.1155107490081,2.167402700892857,1834.600113635913,1129.9374063640873,1906.9052626835316,249.32908860119045
2026-02-07 02:00:00+00:00,928.6915,0.06599999999999984,3541.872,415.01225,1918.74675,200.261,862.2886171221091,-0.22151313589098764,3460.068568412459,458.03857389830864,1938.1826679103783,225.08670215396347,517.1155107490081,2.167402700892857,1834.600113635913,1129.9374063640873,1906.9052626835316,249.32908860119045,517.1155107490081,2.167402700892857,1834.600113635913,1129.9374063640873,1906.9052626835316,249.32908860119045
2026-02-07 03:00:00+00:00,928.2565,0.06599999999999984,3553.41975,402.1379999999999,1933.5185,197.887,922.3653026899879,0.16972121574744148,3353.681451941261,463.06928218786754,1935.877245692232,228.86016475780679,517.1155107490081,2.167402700892857,1834.600113635913,1129.9374063640873,1906.9052626835316,249.32908860119045,517.1155107490081,2.167402700892857,1834.600113635913,1129.9374063640873,1906.9052626835316,249.32908860119045
2026-02-07 04:00:00+00:00,947.4082500000001,0.06599999999999984,3524.4182499999997,398.2102500000001,1965.4027500000002,198.87625,905.6877673191964,0.47394201144025283,3553.0359772836828,462.7556295675431,1948.3758138086043,226.8942182125368,517.1155107490081,2.167402700892857,1834.600113635913,1129.9374063640873,1906.9052626835316,249.32908860119045,517.1155107490081,2.167402700892857,1834.600113635913,1129.9374063640873,1906.9052626835316,249.32908860119045
2026-02-07 05:00:00+00:00,927.62175,0.06599999999999984,3654.7365,403.8902499999999,2075.9314999999997,194.92000000000002,878.7860556358074,-0.1589961853786832,3776.9502717480354,481.6456365440356,1994.7838213897753,225.27984388159672,517.1155107490081,2.167402700892857,1834.600113635913,1129.9374063640873,1906.9052626835316,249.32908860119045,517.1155107490081,2.167402700892857,1834.600113635913,1129.9374063640873,1906.9052626835316,249.32908860119045
2026-02-07 06:00:00+00:00,955.05075,0.06599999999999984,3689.2455,408.05774999999994,2210.06025,193.931,951.4416154551669,0.09205882574572488,3483.259855131987,595.0182567349099,2128.1483328368367,221.71768210555774,517.1155107490081,2.167402700892857,1834.600113635913,1129.9374063640873,1906.9052626835316,249.32908860119045,517.1155107490081,2.167402700892857,1834.600113635913,1129.9374063640873,1906.9052626835316,249.32908860119045
2026-02-07 07:00:00+00:00,1000.7507499999999,0.06599999999999984,3843.7577499999998,442.4235,2259.346,193.931,962.5627917229115,0.23781744727267706,3712.408438200604,708.1328590008999,2201.413633741746,215.58418788762157,517.1155107490081,2.167402700892857,1834.600113635913,1129.9374063640873,1906.9052626835316,249.32908860119045,517.1155107490081,2.167402700892857,1834.600113635913,1129.9374063640873,1906.9052626835316,249.32908860119045
2026-02-07 08:00:00+00:00,1001.6715,0.06599999999999984,3790.845,475.6424999999999,2232.21075,193.931,1011.486950447613,0.48549759392176517,3645.1936985404063,637.7317984144211,2149.040238344618,217.88879321839477,517.1155107490081,2.167402700892857,1834.600113635913,1129.9374063640873,1906.9052626835316,249.32908860119045,517.1155107490081,2.167402700892857,1834.600113635913,1129.9374063640873,1906.9052626835316,249.32908860119045
2026-02-07 09:00:00+00:00,988.649,0.06599999999999984,3689.83075,499.47575000000006,2163.07725,196.938,1034.253401853553,-0.03704315507308209,3606.8725090805056,537.8967751410183,2070.2620337275866,203.27394666448,517.1155107490081,2.167402700892857,1834.600113635913,1129.9374063640873,1906.9052626835316,249.32908860119045,517.1155107490081,2.167402700892857,1834.600113635913,1129.9374063640873,1906.9052626835316,249.32908860119045
2026-02-07 10:00:00+00:00,946.1152500000001,0.06599999999999984,3644.34525,519.37175,2105.24525,197.927,1024.9059732822511,-0.45767243397145885,3680.4937225618505,537.3477212993316,2065.449819661479,209.0782482420389,517.1155107490081,2.167402700892857,1834.600113635913,1129.9374063640873,1906.9052626835316,249.32908860119045,517.1155107490081,2.167402700892857,1834.600113635913,1129.9374063640873,1906.9052626835316,249.32908860119045
2026-02-07 11:00:00+00:00,923.23975,0.06599999999999984,3653.14225,509.55025,2040.43075,197.967,980.3761140783118,-0.3621191664199368,3402.9025305981786,558.9720673133058,2050.5811551360157,196.75267734537437,517.1155107490081,2.167402700892857,1834.600113635913,1129.9374063640873,1906.9052626835316,249.32908860119045,517.1155107490081,2.167402700892857,1834.600113635913,1129.9374063640873,1906.9052626835316,249.32908860119045
2026-02-07 12:00:00+00:00,874.671,0.06599999999999984,3647.33425,516.68625,2033.87675,197.967,958.6362304476379,-0.312253948287629,3360.563780361844,551.7288284791337,2051.3917039364883,198.54037365731327,517.1155107490081,2.167402700892857,1834.600113635913,1129.9374063640873,1906.9052626835316,249.32908860119045,517.1155107490081,2.167402700892857,1834.600113635913,1129.9374063640873,1906.9052626835316,249.32908860119045
2026-02-07 13:00:00+00:00,890.5409999999999,0.06599999999999984,3657.5607499999996,491.10775,2043.4825,198.52,905.6590075323638,2.7315267859767034,3328.7361978368563,555.5119192987268,2041.8818493595152,199.53119656270425,517.1155107490081,2.167402700892857,1834.600113635913,1129.9374063640873,1906.9052626835316,249.32908860119045,517.1155107490081,2.167402700892857,1834.600113635913,1129.9374063640873,1906.9052626835316,249.32908860119045
2026-02-07 14:00:00+00:00,972.72425,0.06599999999999984,3804.684,469.44325000000003,2089.18275,198.243,1065.882152400042,0.9048606997007362,3530.0369603718045,594.1957889692491,2096.59701816685,195.31254800097685,517.1155107490081,2.167402700892857,1834.600113635913,1129.9374063640873,1906.9052626835316,249.32908860119045,517.1155107490081,2.167402700892857,1834.600113635913,1129.9374063640873,1906.9052626835316,249.32908860119045
2026-02-07 15:00:00+00:00,1006.0922500000001,0.06599999999999984,3831.529,462.29475,2203.85,197.927,1080.8789112808868,-0.2405016380967333,4010.1232881486394,664.3026271749102,2190.563457268999,199.37679727586013,517.1155107490081,2.167402700892857,1834.600113635913,1129.9374063640873,1906.9052626835316,249.32908860119045,517.1155107490081,2.167402700892857,1834.600113635913,1129.9374063640873,1906.9052626835316,249.32908860119045
2026-02-07 16:00:00+00:00,1027.37025,0.06599999999999984,3901.67475,832.3182500000001,2278.47075,197.927,1050.082208917694,-0.9763922798491449,4119.5212431163545,1019.4598466301749,2249.0157282979217,212.3733974356071,517.1155107490081,2.167402700892857,1834.600113635913,1129.9374063640873,1906.9052626835316,249.32908860119045,517.1155107490081,2.167402700892857,1834.600113635913,1129.9374063640873,1906.9052626835316,249.32908860119045
2026-02-07 17:00:00+00:00,1015.90075,0.06599999999999984,3908.92075,904.221,2289.9845,197.887,1027.250566733585,-1.1193866237702994,4310.288675781197,1026.173618256022,2101.771183278964,205.08916612822568,517.1155107490081,2.167402700892857,1834.600113635913,1129.9374063640873,1906.9052626835316,249.32908860119045,517.1155107490081,2.167402700892857,1834.600113635913,1129.9374063640873,1906.9052626835316,249.32908860119045
2026-02-07 18:00:00+00:00,1016.3602500000001,0.06599999999999984,3880.8025,650.96,2257.0975,197.887,956.507838297975,-0.31873327608653,4238.109548636047,732.6584217429045,2250.1845701136535,209.6895298411181,517.1155107490081,2.167402700892857,1834.600113635913,1129.9374063640873,1906.9052626835316,249.32908860119045,517.1155107490081,2.167402700892857,1834.600113635913,1129.9374063640873,1906.9052626835316,249.32908860119045
2026-02-07 19:00:00+00:00,988.056,0.06599999999999984,3862.603,433.92324999999994,2175.03575,197.887,935.375447446273,-0.4552695033892431,4058.374926285007,535.2024815028466,2153.324079501006,208.98992881113122,517.1155107490081,2.167402700892857,1834.600113635913,1129.9374063640873,1906.9052626835316,249.32908860119045,517.1155107490081,2.167402700892857,1834.600113635913,1129.9374063640873,1906.9052626835316,249.32908860119045
2026-02-07 20:00:00+00:00,941.4594999999999,0.06599999999999984,3782.7045,431.3097499999999,2087.00975,197.967,926.9190187924357,-0.19204884515809217,3887.134120374146,515.514845672158,2091.909420638398,211.66559352821895,517.1155107490081,2.167402700892857,1834.600113635913,1129.9374063640873,1906.9052626835316,249.32908860119045,517.1155107490081,2.167402700892857,1834.600113635913,1129.9374063640873,1906.9052626835316,249.32908860119045
2026-02-07 21:00:00+00:00,936.1255,0.06599999999999984,3562.8095000000003,427.1334999999999,2025.5900000000001,205.00875,893.6841821728262,-0.1776581040251246,3795.8624428495978,525.0528348575698,2048.3671099789985,211.1823592388474,517.1155107490081,2.167402700892857,1834.600113635913,1129.9374063640873,1906.9052626835316,249.32908860119045,517.1155107490081,2.167402700892857,1834.600113635913,1129.9374063640873,1906.9052626835316,249.32908860119045
2026-02-07 22:00:00+00:00,951.6587499999998,0.06599999999999984,3400.00225,413.98225,1989.40175,201.844,900.0192242070106,-0.205232888493311,3770.1656606705324,483.92082238027217,2018.8465266374078,212.46249387955658,517.1155107490081,2.167402700892857,1834.600113635913,1129.9374063640873,1906.9052626835316,249.32908860119045,517.1155107490081,2.167402700892857,1834.600113635913,1129.9374063640873,1906.9052626835316,249.32908860119045
2026-02-07 23:00:00+00:00,946.34525,0.06599999999999984,3369.763,394.17824999999993,1936.76925,207.897,851.9753648788057,-0.205232888493311,3431.310968107393,466.2899861632975,1993.140441877195,219.86808238542477,517.1155107490081,2.167402700892857,1834.600113635913,1129.9374063640873,1906.9052626835316,249.32908860119045,517.1155107490081,2.167402700892857,1834.600113635913,1129.9374063640873,1906.9052626835316,249.32908860119045
2026-02-08 00:00:00+00:00,945.829,0.06599999999999984,3323.9365,379.8064999999999,1915.16125,205.048,922.5737508681747,-0.3817094670686192,2980.730669882955,426.91646664720906,1948.1792242816123,203.13564464157324,517.1155107490081,2.167402700892857,1834.600113635913,1129.9374063640873,1906.9052626835316,249.32908860119045,517.1155107490081,2.167402700892857,1834.600113635913,1129.9374063640873,1906.9052626835316,249.32908860119045
2026-02-08 01:00:00+00:00,945.212,0.06599999999999984,3504.75225,377.35175000000004,1911.27775,205.721,964.4945539562409,-0.6749128245169924,2864.028689005333,446.5051046915014,1933.985072296789,200.55983413694594,517.1155107490081,2.167402700892857,1834.600113635913,1129.9374063640873,1906.9052626835316,249.32908860119045,517.1155107490081,2.167402700892857,1834.600113635913,1129.9374063640873,1906.9052626835316,249.32908860119045
2026-02-08 02:00:00+00:00,943.27575,0.06599999999999984,3558.3105,365.8354999999999,1906.66975,204.415,946.6054647521714,-0.7143779057724031,2993.9422987994117,440.3544986063912,1928.918074699918,184.27485840439994,517.1155107490081,2.167402700892857,1834.600113635913,1129.9374063640873,1906.9052626835316,249.32908860119045,517.1155107490081,2.167402700892857,1834.600113635913,1129.9374063640873,1906.9052626835316,249.32908860119045
2026-02-08 03:00:00+00:00,940.8665,0.06599999999999984,3462.3245,370.45550000000003,1918.84275,202.081,896.5946773959508,-0.594193163625238,3315.873805839978,415.11293055031786,1926.3794921681776,184.16417660333286,517.1155107490081,2.167402700892857,1834.600113635913,1129.9374063640873,1906.9052626835316,249.32908860119045,517.1155107490081,2.167402700892857,1834.600113635913,1129.9374063640873,1906.9052626835316,249.32908860119045
2026-02-08 04:00:00+00:00,926.86675,0.06599999999999984,3479.38125,382.0775,1948.6295,198.83700000000002,872.1372083850247,-0.5550434487121003,3331.710180022891,404.6245908631038,1941.1567155666046,193.60384991459853,517.1155107490081,2.167402700892857,1834.600113635913,1129.9374063640873,1906.9052626835316,249.32908860119045,517.1155107490081,2.167402700892857,1834.600113635913,1129.9374063640873,1906.9052626835316,249.32908860119045
2026-02-08 05:00:00+00:00,935.86275,0.06599999999999984,3483.8525,374.438,2063.06025,197.848,872.3481369478179,-0.3725403450310911,3236.3703822091693,392.9864376719262,1972.9595103402767,194.32813159489007,517.1155107490081,2.167402700892857,1834.600113635913,1129.9374063640873,1906.9052626835316,249.32908860119045,517.1155107490081,2.167402700892857,1834.600113635913,1129.9374063640873,1906.9052626835316,249.32908860119045
2026-02-08 06:00:00+00:00,941.32375,0.06599999999999984,3385.0225,365.105,2185.6625,197.848,898.2448167586749,-0.3725403450310911,3117.2022278216414,486.5989073355353,2070.0152544120388,198.7039065161828,517.1155107490081,2.167402700892857,1834.600113635913,1129.9374063640873,1906.9052626835316,249.32908860119045,517.1155107490081,2.167402700892857,1834.600113635913,1129.9374063640873,1906.9052626835316,249.32908860119045
2026-02-08 07:00:00+00:00,943.84575,0.06599999999999984,3593.014,356.93100000000004,2232.3125,197.848,821.0879873897206,-0.3402578047437892,3401.2512259729756,479.2906139996859,2154.1222613454993,199.8241022061533,517.1155107490081,2.167402700892857,1834.600113635913,1129.9374063640873,1906.9052626835316,249.32908860119045,517.1155107490081,2.167402700892857,1834.600113635913,1129.9374063640873,1906.9052626835316,249.32908860119045
2026-02-08 08:00:00+00:00,946.0740000000001,0.06599999999999984,3578.55325,361.62649999999996,2194.1815,197.848,854.5537004898325,-0.29661110818448577,3343.4656657512014,490.919352168406,2173.679392373871,189.82870145891556,517.1155107490081,2.167402700892857,1834.600113635913,1129.9374063640873,1906.9052626835316,249.32908860119045,517.1155107490081,2.167402700892857,1834.600113635913,1129.9374063640873,1906.9052626835316,249.32908860119045
2026-02-08 09:00:00+00:00,937.4365,0.06599999999999984,3479.2675,384.875,2135.63375,200.85475,677.497089598259,-0.2837969095935353,3429.030706789754,435.44917220629463,2084.601905396207,188.50251194737612,517.1155107490081,2.167402700892857,1834.600113635913,1129.9374063640873,1906.9052626835316,249.32908860119045,517.1155107490081,2.167402700892857,1834.600113635913,1129.9374063640873,1906.9052626835316,249.32908860119045
2026-02-08 10:00:00+00:00,926.71675,0.06599999999999984,3488.1975,440.76525000000004,2096.26575,201.844,765.6926861917409,-0.24824972840787796,3608.2701314507526,431.5341457787707,2036.0900389348553,187.9612250158998,517.1155107490081,2.167402700892857,1834.600113635913,1129.9374063640873,1906.9052626835316,249.32908860119045,517.1155107490081,2.167402700892857,1834.600113635913,1129.9374063640873,1906.9052626835316,249.32908860119045
2026-02-08 11:00:00+00:00,932.83975,0.06599999999999984,3492.87875,406.4984999999999,2037.22975,201.883,764.7328038090039,-0.34331522773713363,3421.073634315306,438.47903500894495,2012.8503865817368,203.53872917623818,517.1155107490081,2.167402700892857,1834.600113635913,1129.9374063640873,1906.9052626835316,249.32908860119045,517.1155107490081,2.167402700892857,1834.600113635913,1129.9374063640873,1906.9052626835316,249.32908860119045
2026-02-08 12:00:00+00:00,936.29125,0.06599999999999984,3502.6745,412.47875,2024.896,201.883,687.8483280841999,1.8963445339508673,3272.7399343392917,430.6989316859542,1999.8186540263473,200.21051919290258,517.1155107490081,2.167402700892857,1834.600113635913,1129.9374063640873,1906.9052626835316,249.32908860119045,517.1155107490081,2.167402700892857,1834.600113635913,1129.9374063640873,1906.9052626835316,249.32908860119045
2026-02-08 13:00:00+00:00,938.18175,0.06599999999999984,3565.4215000000004,415.047,2043.4895000000001,202.2,721.5947878256952,2.143203476106872,3149.882149966402,412.5621701898094,2003.9993288959163,185.80391827197815,517.1155107490081,2.167402700892857,1834.600113635913,1129.9374063640873,1906.9052626835316,249.32908860119045,517.1155107490081,2.167402700892857,1834.600113635913,1129.9374063640873,1906.9052626835316,249.32908860119045
2026-02-08 14:00:00+00:00,938.0360000000001,0.06599999999999984,3730.8955,427.24375,2104.04375,201.883,850.7541684757043,-0.05355178678229722,3294.928724906243,414.23213186525027,2039.730262949539,186.6572081592383,517.1155107490081,2.167402700892857,1834.600113635913,1129.9374063640873,1906.9052626835316,249.32908860119045,517.1155107490081,2.167402700892857,1834.600113635913,1129.9374063640873,1906.9052626835316,249.32908860119045
2026-02-08 15:00:00+00:00,977.9355,0.06599999999999984,4203.477,443.9649999999999,2223.57875,201.844,905.3074247534828,-0.15868952658327506,3668.248245763038,438.47361210183203,2092.062904016775,194.8036265308163,517.1155107490081,2.167402700892857,1834.600113635913,1129.9374063640873,1906.9052626835316,249.32908860119045,517.1155107490081,2.167402700892857,1834.600113635913,1129.9374063640873,1906.9052626835316,249.32908860119045
2026-02-08 16:00:00+00:00,1036.04075,0.06599999999999984,4237.50375,503.8165,2296.31925,201.844,874.3706426976335,-0.4132802074586124,3812.2710800355962,714.4210420948118,2157.745751683401,187.54878488579192,517.1155107490081,2.167402700892857,1834.600113635913,1129.9374063640873,1906.9052626835316,249.32908860119045,517.1155107490081,2.167402700892857,1834.600113635913,1129.9374063640873,1906.9052626835316,249.32908860119045
2026-02-08 17:00:00+00:00,1048.1605,0.06599999999999984,4242.6065,633.6107499999999,2308.2037499999997,205.167,878.0510768231743,-0.43854809653966687,4121.974006461081,714.6483194230273,2243.4173324470607,217.60056089240194,517.1155107490081,2.167402700892857,1834.600113635913,1129.9374063640873,1906.9052626835316,249.32908860119045,517.1155107490081,2.167402700892857,1834.600113635913,1129.9374063640873,1906.9052626835316,249.32908860119045
2026-02-08 18:00:00+00:00,1033.584,0.06599999999999984,4213.74525,439.88750000000005,2280.48325,201.804,926.9066008829428,-0.5176730615365481,4095.4733255410083,546.2626376272773,2209.862654467863,213.428545280465,517.1155107490081,2.167402700892857,1834.600113635913,1129.9374063640873,1906.9052626835316,249.32908860119045,517.1155107490081,2.167402700892857,1834.600113635913,1129.9374063640873,1906.9052626835316,249.32908860119045
2026-02-08 19:00:00+00:00,953.40375,0.06599999999999984,4196.69225,392.53374999999994,2200.4480000000003,201.804,931.7084252331201,-0.2824828934372139,3935.901004246185,456.03701975923605,2124.7998963294303,209.639024304589,517.1155107490081,2.167402700892857,1834.600113635913,1129.9374063640873,1906.9052626835316,249.32908860119045,517.1155107490081,2.167402700892857,1834.600113635913,1129.9374063640873,1906.9052626835316,249.32908860119045
2026-02-08 20:00:00+00:00,934.9945,0.06599999999999984,4138.445,395.3364999999999,2116.56925,201.804,904.5485251806554,-0.2208216498434421,3868.983973202552,452.31653894507474,2092.0003638714993,194.32758905723344,517.1155107490081,2.167402700892857,1834.600113635913,1129.9374063640873,1906.9052626835316,249.32908860119045,517.1155107490081,2.167402700892857,1834.600113635913,1129.9374063640873,1906.9052626835316,249.32908860119045
2026-02-08 21:00:00+00:00,933.39575,0.06599999999999984,3941.8197499999997,396.7752499999999,2055.42775,201.764,915.0140588232962,-0.13078537693901104,3975.6001541659643,447.9759713338525,2061.629062937564,200.4491019829855,517.1155107490081,2.167402700892857,1834.600113635913,1129.9374063640873,1906.9052626835316,249.32908860119045,517.1155107490081,2.167402700892857,1834.600113635913,1129.9374063640873,1906.9052626835316,249.32908860119045
2026-02-08 22:00:00+00:00,945.0717500000001,0.06599999999999984,3859.6102499999997,375.0715,2004.618,201.764,933.3725744383889,-0.20699058541986615,3650.3242189392,443.26812554542585,2015.5192537518208,219.27500312708008,517.1155107490081,2.167402700892857,1834.600113635913,1129.9374063640873,1906.9052626835316,249.32908860119045,517.1155107490081,2.167402700892857,1834.600113635913,1129.9374063640873,1906.9052626835316,249.32908860119045
2026-02-08 23:00:00+00:00,944.72025,0.06599999999999984,4023.6802499999994,371.97675000000004,1960.14275,211.932,976.8068826510391,-0.2636668436763614,3896.629052627096,443.69785328557555,1994.095184903036,225.43894472276864,517.1155107490081,2.167402700892857,1834.600113635913,1129.9374063640873,1906.9052626835316,249.32908860119045,517.1155107490081,2.167402700892857,1834.600113635913,1129.9374063640873,1906.9052626835316,249.32908860119045
2026-02-09 00:00:00+00:00,944.238,0.06599999999999984,3955.31225,374.23825,1951.0425,209.677,762.0467110680648,-0.30863348308601735,3867.894040493363,480.6690422074639,1933.5865607543126,208.06937098770018,517.1155107490081,2.167402700892857,1834.600113635913,1129.9374063640873,1906.9052626835316,249.32908860119045,517.1155107490081,2.167402700892857,1834.600113635913,1129.9374063640873,1906.9052626835316,249.32908860119045
2026-02-09 01:00:00+00:00,954.192,0.06599999999999984,3911.50525,373.51199999999994,1943.43125,210.666,781.8487819655159,-0.33239848513904,3725.909830014947,499.4880613097449,1934.5279190717126,208.40514437634377,517.1155107490081,2.167402700892857,1834.600113635913,1129.9374063640873,1906.9052626835316,249.32908860119045,517.1155107490081,2.167402700892857,1834.600113635913,1129.9374063640873,1906.9052626835316,249.32908860119045
2026-02-09 02:00:00+00:00,945.3865,0.06599999999999984,3930.27125,394.948,1939.3175,209.677,813.6898721540683,-0.1692030905525712,3765.256465533653,528.1742181765605,1922.8600204494476,207.1483987548677,517.1155107490081,2.167402700892857,1834.600113635913,1129.9374063640873,1906.9052626835316,249.32908860119045,517.1155107490081,2.167402700892857,1834.600113635913,1129.9374063640873,1906.9052626835316,249.32908860119045
2026-02-09 03:00:00+00:00,945.7017500000001,0.06599999999999984,4024.1097499999996,379.34574999999995,1945.32925,203.74225,784.8908154168394,-0.15085675119136344,3764.43033592911,528.1742181765605,1917.4451731997005,204.9356841497612,517.1155107490081,2.167402700892857,1834.600113635913,1129.9374063640873,1906.9052626835316,249.32908860119045,517.1155107490081,2.167402700892857,1834.600113635913,1129.9374063640873,1906.9052626835316,249.32908860119045
2026-02-09 04:00:00+00:00,950.405,0.06599999999999984,4387.61525,374.18475,1979.0155,201.764,845.2053265057737,-0.07309597241429922,4158.104409461236,583.1059206619038,1921.7299341949642,200.18446910831443,517.1155107490081,2.167402700892857,1834.600113635913,1129.9374063640873,1906.9052626835316,249.32908860119045,517.1155107490081,2.167402700892857,1834.600113635913,1129.9374063640873,1906.9052626835316,249.32908860119045
2026-02-09 05:00:00+00:00,1033.17775,0.06599999999999984,4721.0545,707.1717500000001,2088.3705,198.797,1063.3806450481184,-0.8821586619706139,4605.562196116571,710.4775963706804,2008.1116406771864,197.83970006878383,517.1155107490081,2.167402700892857,1834.600113635913,1129.9374063640873,1906.9052626835316,249.32908860119045,517.1155107490081,2.167402700892857,1834.600113635913,1129.9374063640873,1906.9052626835316,249.32908860119045
2026-02-09 06:00:00+00:00,1171.66825,0.06599999999999984,4771.99925,1676.21425,2203.8985000000002,202.121,1239.8378106095083,6.312253000767148,4845.371147795294,1394.4585237736594,2114.407260972842,205.7671359673975,517.1155107490081,2.167402700892857,1834.600113635913,1129.9374063640873,1906.9052626835316,249.32908860119045,517.1155107490081,2.167402700892857,1834.600113635913,1129.9374063640873,1906.9052626835316,249.32908860119045
2026-02-09 07:00:00+00:00,1173.45525,0.06599999999999984,4799.95275,1618.94425,2264.53325,202.16,1245.3676459221165,10.886262001655767,5044.119664775008,1579.7441541323687,2215.5305711461906,211.9035894791368,517.1155107490081,2.167402700892857,1834.600113635913,1129.9374063640873,1906.9052626835316,249.32908860119045,517.1155107490081,2.167402700892857,1834.600113635913,1129.9374063640873,1906.9052626835316,249.32908860119045
2026-02-09 08:00:00+00:00,1173.06275,0.06599999999999984,4774.769000000001,1054.7025,2244.638,202.16,1227.4914903841598,9.400590862536443,4868.5431836199405,1160.1877932284112,2208.7348148142087,217.61986712371436,517.1155107490081,2.167402700892857,1834.600113635913,1129.9374063640873,1906.9052626835316,249.32908860119045,517.1155107490081,2.167402700892857,1834.600113635913,1129.9374063640873,1906.9052626835316,249.32908860119045
2026-02-09 09:00:00+00:00,1165.036,0.06599999999999984,4820.358249999999,959.2717500000001,2196.468,208.134,1266.240407230062,9.219481445819405,4710.255538565644,906.4113855087527,2112.5442954023756,213.15197595064774,517.1155107490081,2.167402700892857,1834.600113635913,1129.9374063640873,1906.9052626835316,249.32908860119045,517.1155107490081,2.167402700892857,1834.600113635913,1129.9374063640873,1906.9052626835316,249.32908860119045
2026-02-09 10:00:00+00:00,1157.2015000000001,0.06599999999999984,4793.993,384.14924999999994,2152.2165,205.8,1154.2436282386334,3.561638229972996,4718.174925799077,726.7606676760738,2066.304024823108,208.53283908413889,517.1155107490081,2.167402700892857,1834.600113635913,1129.9374063640873,1906.9052626835316,249.32908860119045,517.1155107490081,2.167402700892857,1834.600113635913,1129.9374063640873,1906.9052626835316,249.32908860119045
2026-02-09 11:00:00+00:00,1166.48375,0.06599999999999984,4847.797,480.3515,2072.354,205.8,1185.8673904695354,4.873949777723661,4752.034913186377,674.5653900375617,2049.4491898941405,217.28254430953538,517.1155107490081,2.167402700892857,1834.600113635913,1129.9374063640873,1906.9052626835316,249.32908860119045,517.1155107490081,2.167402700892857,1834.600113635913,1129.9374063640873,1906.9052626835316,249.32908860119045
2026-02-09 12:00:00+00:00,1179.21575,0.06599999999999984,4847.850000000001,626.3085000000001,2046.07425,210.152,1177.778594186564,3.2490858741001833,4735.298802732472,670.6148957809497,2043.6499980081317,221.4608493672563,517.1155107490081,2.167402700892857,1834.600113635913,1129.9374063640873,1906.9052626835316,249.32908860119045,517.1155107490081,2.167402700892857,1834.600113635913,1129.9374063640873,1906.9052626835316,249.32908860119045
2026-02-09 13:00:00+00:00,1160.40425,0.06599999999999984,4858.9035,771.2575,2046.98425,210.072,1231.320375185148,2.786691651730489,4802.887120184274,712.3866304720002,2060.933824092593,216.10849522589947,517.1155107490081,2.167402700892857,1834.600113635913,1129.9374063640873,1906.9052626835316,249.32908860119045,517.1155107490081,2.167402700892857,1834.600113635913,1129.9374063640873,1906.9052626835316,249.32908860119045
2026-02-09 14:00:00+00:00,1142.586,22.1115,4863.38,733.37125,2088.662,219.053,1249.0785366764894,17.589809218433345,4918.581044875377,738.7875140507433,2106.17136425139,222.0360948637027,517.1155107490081,2.167402700892857,1834.600113635913,1129.9374063640873,1906.9052626835316,249.32908860119045,517.1155107490081,2.167402700892857,1834.600113635913,1129.9374063640873,1906.9052626835316,249.32908860119045
2026-02-09 15:00:00+00:00,975.8835,117.271,4880.995500000001,925.8435000000001,2203.274,226.332,1234.8607680867028,54.55926650654446,4875.041659973291,1068.1989484625924,2150.1902283276454,225.90631958191832,517.1155107490081,2.167402700892857,1834.600113635913,1129.9374063640873,1906.9052626835316,249.32908860119045,517.1155107490081,2.167402700892857,1834.600113635913,1129.9374063640873,1906.9052626835316,249.32908860119045
2026-02-09 16:00:00+00:00,965.988,115.64075,4908.1942500000005,1224.16275,2279.406,226.332,1227.4048113234692,69.47850387560786,5053.284993707815,1367.766220466985,2217.690344732652,226.07216723488267,517.1155107490081,2.167402700892857,1834.600113635913,1129.9374063640873,1906.9052626835316,249.32908860119045,517.1155107490081,2.167402700892857,1834.600113635913,1129.9374063640873,1906.9052626835316,249.32908860119045
2026-02-09 17:00:00+00:00,1110.60475,115.674,4909.5245,1179.083,2292.62175,225.937,1205.1479212389431,70.24772358511788,5105.355250133067,1361.0156088841316,2307.302175245053,233.2978922947658,517.1155107490081,2.167402700892857,1834.600113635913,1129.9374063640873,1906.9052626835316,249.32908860119045,517.1155107490081,2.167402700892857,1834.600113635913,1129.9374063640873,1906.9052626835316,249.32908860119045
2026-02-09 18:00:00+00:00,1161.2952500000001,115.34724999999999,4885.477,826.9637500000001,2238.7065,217.47,1128.4113389176082,52.267947458925285,4907.4672210575445,1142.6907691375127,2259.389402145804,230.3192704697906,517.1155107490081,2.167402700892857,1834.600113635913,1129.9374063640873,1906.9052626835316,249.32908860119045,517.1155107490081,2.167402700892857,1834.600113635913,1129.9374063640873,1906.9052626835316,249.32908860119045
2026-02-09 19:00:00+00:00,1146.36575,21.094749999999998,4868.5475000000015,525.20725,2142.52875,214.46375,1076.7028168699221,11.631370714794082,4799.738485886198,763.4015537938783,2148.6948673230413,232.76878751608683,517.1155107490081,2.167402700892857,1834.600113635913,1129.9374063640873,1906.9052626835316,249.32908860119045,517.1155107490081,2.167402700892857,1834.600113635913,1129.9374063640873,1906.9052626835316,249.32908860119045
2026-02-09 20:00:00+00:00,1145.0085,0.06599999999999984,4855.250750000001,453.09349999999995,2068.822,210.666,1080.2625499919945,1.2258102295961097,4448.340636850827,653.0561775414105,2056.4193854862665,231.81530624870794,517.1155107490081,2.167402700892857,1834.600113635913,1129.9374063640873,1906.9052626835316,249.32908860119045,517.1155107490081,2.167402700892857,1834.600113635913,1129.9374063640873,1906.9052626835316,249.32908860119045
2026-02-09 21:00:00+00:00,1147.41325,0.06599999999999984,4832.15075,486.0245,2017.34625,209.677,1053.4176250289634,0.3304900209216217,4379.31991693895,601.3158221861092,2036.786301388672,233.20043439895838,517.1155107490081,2.167402700892857,1834.600113635913,1129.9374063640873,1906.9052626835316,249.32908860119045,517.1155107490081,2.167402700892857,1834.600113635913,1129.9374063640873,1906.9052626835316,249.32908860119045
2026-02-09 22:00:00+00:00,987.19875,0.06599999999999984,4819.9445000000005,534.331,1976.8605,210.626,1010.4958392583385,0.21101106788219237,4109.829883819419,590.2373307825675,1976.3963862497146,226.1264765465229,517.1155107490081,2.167402700892857,1834.600113635913,1129.9374063640873,1906.9052626835316,249.32908860119045,517.1155107490081,2.167402700892857,1834.600113635913,1129.9374063640873,1906.9052626835316,249.32908860119045
2026-02-09 23:00:00+00:00,957.8987500000001,0.06599999999999984,4491.6345,547.6145,1930.98475,247.26,932.8496448841292,0.11846371644395637,3920.121316180417,593.4164976599118,1954.1654689170448,225.37752727005068,517.1155107490081,2.167402700892857,1834.600113635913,1129.9374063640873,1906.9052626835316,249.32908860119045,517.1155107490081,2.167402700892857,1834.600113635913,1129.9374063640873,1906.9052626835316,249.32908860119045
2026-02-10 00:00:00+00:00,947.83,0.06599999999999984,4454.3595000000005,555.4934999999999,1919.7730000000001,247.181,948.5253075923954,0.02094699349346918,4411.96981612695,592.193187258993,1932.7652174713835,229.11599974896598,517.1155107490081,2.167402700892857,1834.600113635913,1129.9374063640873,1906.9052626835316,249.32908860119045,517.1155107490081,2.167402700892857,1834.600113635913,1129.9374063640873,1906.9052626835316,249.32908860119045
2026-02-10 01:00:00+00:00,948.53675,0.06599999999999984,4455.14775,569.00225,1908.4755,246.786,946.6534692024319,-0.049665465689120225,4031.5591497897803,565.5752174456094,1935.4646403186653,225.02582041555715,517.1155107490081,2.167402700892857,1834.600113635913,1129.9374063640873,1906.9052626835316,249.32908860119045,517.1155107490081,2.167402700892857,1834.600113635913,1129.9374063640873,1906.9052626835316,249.32908860119045
2026-02-10 02:00:00+00:00,949.39325,0.06599999999999984,4361.969,546.58475,1906.5082499999999,245.361,955.5478691428729,-0.045617549483479625,4009.900980901849,584.5285604176721,1921.3979256010648,222.62403211163172,517.1155107490081,2.167402700892857,1834.600113635913,1129.9374063640873,1906.9052626835316,249.32908860119045,517.1155107490081,2.167402700892857,1834.600113635913,1129.9374063640873,1906.9052626835316,249.32908860119045
2026-02-10 03:00:00+00:00,945.33925,0.06599999999999984,4382.95375,554.50775,1915.62425,245.243,951.5060671950864,-0.07343046774214246,3922.3356860349913,607.0236254895156,1917.7303330974341,213.73557624317928,517.1155107490081,2.167402700892857,1834.600113635913,1129.9374063640873,1906.9052626835316,249.32908860119045,517.1155107490081,2.167402700892857,1834.600113635913,1129.9374063640873,1906.9052626835316,249.32908860119045
2026-02-10 04:00:00+00:00,947.40125,0.06599999999999984,4400.75825,549.77825,1936.55375,245.243,859.780048796804,0.2291874416943167,4063.4364820201263,628.7543260278298,1946.4577463359979,222.24071138987654,517.1155107490081,2.167402700892857,1834.600113635913,1129.9374063640873,1906.9052626835316,249.32908860119045,517.1155107490081,2.167402700892857,1834.600113635913,1129.9374063640873,1906.9052626835316,249.32908860119045
2026-02-10 05:00:00+00:00,922.32525,0.06599999999999984,4485.009,754.62225,2000.173,244.44125,1020.217118256122,-0.04443232089134774,4346.749551439045,741.5155710491223,1999.0014885245203,230.6622014519839,517.1155107490081,2.167402700892857,1834.600113635913,1129.9374063640873,1906.9052626835316,249.32908860119045,517.1155107490081,2.167402700892857,1834.600113635913,1129.9374063640873,1906.9052626835316,249.32908860119045
2026-02-10 06:00:00+00:00,1027.74125,0.06599999999999984,4486.09425,1018.4545,2093.92625,250.2375,1229.9267758083784,0.6237668838995585,4672.814296728186,1315.9737071558748,2109.4722220549056,234.89990523448873,517.1155107490081,2.167402700892857,1834.600113635913,1129.9374063640873,1906.9052626835316,249.32908860119045,517.1155107490081,2.167402700892857,1834.600113635913,1129.9374063640873,1906.9052626835316,249.32908860119045
2026-02-10 07:00:00+00:00,1173.62475,0.06599999999999984,4477.557,1002.6375,2148.26075,256.775,1157.3567183236023,2.2009014646579557,4500.673281335164,1276.1543060629886,2134.8611573140597,236.10585422148765,517.1155107490081,2.167402700892857,1834.600113635913,1129.9374063640873,1906.9052626835316,249.32908860119045,517.1155107490081,2.167402700892857,1834.600113635913,1129.9374063640873,1906.9052626835316,249.32908860119045
2026-02-10 08:00:00+00:00,1183.8535000000002,0.06599999999999984,4470.76925,556.331,2149.81925,249.13975,1052.6954294547722,-1.0834566375458885,4323.807278076816,995.5119478765448,2113.0760259138833,230.07837453656373,517.1155107490081,2.167402700892857,1834.600113635913,1129.9374063640873,1906.9052626835316,249.32908860119045,517.1155107490081,2.167402700892857,1834.600113635913,1129.9374063640873,1906.9052626835316,249.32908860119045
2026-02-10 09:00:00+00:00,1172.454,0.06599999999999984,4471.171249999999,540.43425,2113.70875,233.53224999999998,1093.950375169254,-2.1491715162988236,4192.005777102399,683.1611886674123,2079.8803689847355,225.12125474193624,517.1155107490081,2.167402700892857,1834.600113635913,1129.9374063640873,1906.9052626835316,249.32908860119045,517.1155107490081,2.167402700892857,1834.600113635913,1129.9374063640873,1906.9052626835316,249.32908860119045
2026-02-10 10:00:00+00:00,1090.9975,0.06599999999999984,4515.023999999999,544.0090000000001,2070.8365000000003,228.24124999999998,1019.7342064003997,-1.0379773518115347,3985.9673903622115,664.766068674824,2025.2520028242996,228.18984874358773,517.1155107490081,2.167402700892857,1834.600113635913,1129.9374063640873,1906.9052626835316,249.32908860119045,517.1155107490081,2.167402700892857,1834.600113635913,1129.9374063640873,1906.9052626835316,249.32908860119045
2026-02-10 11:00:00+00:00,1030.81475,0.06599999999999984,4552.24175,546.61275,2013.60525,230.724,851.4353964079426,-1.8856926877088314,4132.226436855832,609.1252208570405,1993.894930747494,223.0338251536785,517.1155107490081,2.167402700892857,1834.600113635913,1129.9374063640873,1906.9052626835316,249.32908860119045,517.1155107490081,2.167402700892857,1834.600113635913,1129.9374063640873,1906.9052626835316,249.32908860119045
2026-02-10 12:00:00+00:00,1035.99225,0.06599999999999984,4660.942,504.6775,2009.402,233.10725,842.8291865401702,-0.5551821538991075,4090.967808357521,636.662802108609,1961.345080963215,226.2409278120927,517.1155107490081,2.167402700892857,1834.600113635913,1129.9374063640873,1906.9052626835316,249.32908860119045,517.1155107490081,2.167402700892857,1834.600113635913,1129.9374063640873,1906.9052626835316,249.32908860119045
2026-02-10 13:00:00+00:00,1092.0335,0.06599999999999984,4844.887000000001,517.49425,2009.4325,241.3855,903.7737665504176,-0.6595973371217112,3859.106940078572,642.6073564091596,1989.8845514654693,236.46707966488964,517.1155107490081,2.167402700892857,1834.600113635913,1129.9374063640873,1906.9052626835316,249.32908860119045,517.1155107490081,2.167402700892857,1834.600113635913,1129.9374063640873,1906.9052626835316,249.32908860119045
2026-02-10 14:00:00+00:00,1166.89625,0.06599999999999984,5036.64275,565.00675,2043.819,244.768,922.8857976719485,-0.5445259995473859,4142.095802845596,705.6714660663326,2036.963846622526,240.11681488884545,517.1155107490081,2.167402700892857,1834.600113635913,1129.9374063640873,1906.9052626835316,249.32908860119045,517.1155107490081,2.167402700892857,1834.600113635913,1129.9374063640873,1906.9052626835316,249.32908860119045
2026-02-10 15:00:00+00:00,1150.63225,0.06599999999999984,5087.75325,809.10825,2148.7692500000003,246.153,971.2126754670762,-0.05557747007622149,4404.760062278782,1010.9727895171832,2109.450957309006,235.65188434325813,517.1155107490081,2.167402700892857,1834.600113635913,1129.9374063640873,1906.9052626835316,249.32908860119045,517.1155107490081,2.167402700892857,1834.600113635913,1129.9374063640873,1906.9052626835316,249.32908860119045
2026-02-10 16:00:00+00:00,1140.333,0.06599999999999984,5118.46775,811.47825,2262.81175,244.2735,991.8148771804412,1.2320681380283718,4437.275825318361,1331.2569666517484,2165.3384371242146,245.2646260010932,517.1155107490081,2.167402700892857,1834.600113635913,1129.9374063640873,1906.9052626835316,249.32908860119045,517.1155107490081,2.167402700892857,1834.600113635913,1129.9374063640873,1906.9052626835316,249.32908860119045
2026-02-10 17:00:00+00:00,1181.20125,0.06599999999999984,5128.847000000001,647.6102500000001,2304.21975,234.05675,956.717265310519,-1.241991280650812,4365.456413434677,1128.1753264015326,2296.387883512794,254.5140597438171,517.1155107490081,2.167402700892857,1834.600113635913,1129.9374063640873,1906.9052626835316,249.32908860119045,517.1155107490081,2.167402700892857,1834.600113635913,1129.9374063640873,1906.9052626835316,249.32908860119045
2026-02-10 18:00:00+00:00,1157.64875,0.06599999999999984,5117.568,772.82475,2291.8115,227.964,975.7211141818353,-0.8585121043394843,4297.506336045159,985.1663511518716,2256.016763211084,244.47223408314224,517.1155107490081,2.167402700892857,1834.600113635913,1129.9374063640873,1906.9052626835316,249.32908860119045,517.1155107490081,2.167402700892857,1834.600113635913,1129.9374063640873,1906.9052626835316,249.32908860119045
2026-02-10 19:00:00+00:00,1066.36125,0.06599999999999984,4764.9285,702.6892500000001,2224.371,226.38175,989.1767843801072,0.22009762685954604,4151.963875277617,647.9125129278049,2119.7443905975915,241.87346994668093,517.1155107490081,2.167402700892857,1834.600113635913,1129.9374063640873,1906.9052626835316,249.32908860119045,517.1155107490081,2.167402700892857,1834.600113635913,1129.9374063640873,1906.9052626835316,249.32908860119045
2026-02-10 20:00:00+00:00,950.30375,0.06599999999999984,4561.0740000000005,618.8177499999999,2157.3092500000002,226.49025,1007.8929825838103,0.09410443220838438,4225.8298285474975,615.5295908770094,2052.791093320165,225.37442510476336,517.1155107490081,2.167402700892857,1834.600113635913,1129.9374063640873,1906.9052626835316,249.32908860119045,517.1155107490081,2.167402700892857,1834.600113635913,1129.9374063640873,1906.9052626835316,249.32908860119045
2026-02-10 21:00:00+00:00,916.8755,0.06599999999999984,4438.018,516.83475,2088.2215,228.27075000000002,916.2884698538301,-0.17675493652174712,4049.23455366302,581.8794237755277,2037.6373209296746,234.65757100292797,517.1155107490081,2.167402700892857,1834.600113635913,1129.9374063640873,1906.9052626835316,249.32908860119045,517.1155107490081,2.167402700892857,1834.600113635913,1129.9374063640873,1906.9052626835316,249.32908860119045
2026-02-10 22:00:00+00:00,769.45725,0.06599999999999984,4269.86,488.913,2035.8464999999999,231.792,778.5110422755145,-0.12548062110438662,3418.478226957543,542.8222698589211,1980.9983210695264,228.83035896005674,517.1155107490081,2.167402700892857,1834.600113635913,1129.9374063640873,1906.9052626835316,249.32908860119045,517.1155107490081,2.167402700892857,1834.600113635913,1129.9374063640873,1906.9052626835316,249.32908860119045
2026-02-10 23:00:00+00:00,686.23475,0.06599999999999984,4177.84,483.70449999999994,1984.7655,254.619,790.9651565074498,0.10621600402421016,3350.582574887333,538.8472283731383,1957.843854527768,224.79824929721582,517.1155107490081,2.167402700892857,1834.600113635913,1129.9374063640873,1906.9052626835316,249.32908860119045,517.1155107490081,2.167402700892857,1834.600113635913,1129.9374063640873,1906.9052626835316,249.32908860119045
2026-02-11 00:00:00+00:00,685.3165,0.06599999999999984,4110.7465,479.52575,1965.3252499999999,254.54,757.7792886667419,0.18341508805273987,3439.582657848428,562.3742905694121,1944.17128264251,240.83301451205273,517.1155107490081,2.167402700892857,1834.600113635913,1129.9374063640873,1906.9052626835316,249.32908860119045,517.1155107490081,2.167402700892857,1834.600113635913,1129.9374063640873,1906.9052626835316,249.32908860119045
2026-02-11 01:00:00+00:00,685.971,0.06599999999999984,4128.9482499999995,486.1965,1955.73175,254.381,782.8996883070836,0.4910236703050994,3477.2429272034246,564.8400618668061,1937.4543681648747,233.7228011382122,517.1155107490081,2.167402700892857,1834.600113635913,1129.9374063640873,1906.9052626835316,249.32908860119045,517.1155107490081,2.167402700892857,1834.600113635913,1129.9374063640873,1906.9052626835316,249.32908860119045
2026-02-11 02:00:00+00:00,682.53225,0.06599999999999984,4055.66575,479.0145,1946.9047500000001,253.353,710.2353083616076,-0.0633726384904576,3437.024238793706,557.6119615840846,1914.1620255459713,236.8581402172683,517.1155107490081,2.167402700892857,1834.600113635913,1129.9374063640873,1906.9052626835316,249.32908860119045,517.1155107490081,2.167402700892857,1834.600113635913,1129.9374063640873,1906.9052626835316,249.32908860119045
2026-02-11 03:00:00+00:00,673.1202499999999,0.06599999999999984,4069.2872500000003,479.8944999999999,1953.55175,253.353,812.092217957057,-0.46231870719836454,3245.248056967617,523.258993752026,1921.37725350218,243.79677117886695,517.1155107490081,2.167402700892857,1834.600113635913,1129.9374063640873,1906.9052626835316,249.32908860119045,517.1155107490081,2.167402700892857,1834.600113635913,1129.9374063640873,1906.9052626835316,249.32908860119045
2026-02-11 04:00:00+00:00,718.08275,0.06599999999999984,4205.680249999999,481.96299999999997,1970.61475,254.777,729.2228483190019,0.7561141061013306,3495.191920861539,524.2073494007091,1939.8730643837187,242.16340588266533,517.1155107490081,2.167402700892857,1834.600113635913,1129.9374063640873,1906.9052626835316,249.32908860119045,517.1155107490081,2.167402700892857,1834.600113635913,1129.9374063640873,1906.9052626835316,249.32908860119045
2026-02-11 05:00:00+00:00,959.6377500000001,0.06599999999999984,4644.30475,577.8745,2043.9074999999998,253.59,850.3824029585472,-0.004660226367391385,4494.557749070567,572.9949151935173,2005.7802854288013,247.3131928378465,517.1155107490081,2.167402700892857,1834.600113635913,1129.9374063640873,1906.9052626835316,249.32908860119045,517.1155107490081,2.167402700892857,1834.600113635913,1129.9374063640873,1906.9052626835316,249.32908860119045
2026-02-11 06:00:00+00:00,1060.24125,0.06599999999999984,4714.26325,859.2850000000001,2149.07375,250.425,1095.4334233369827,0.0721105349632567,4594.955904276736,964.1546034889611,2113.523608344166,248.0891902001721,517.1155107490081,2.167402700892857,1834.600113635913,1129.9374063640873,1906.9052626835316,249.32908860119045,517.1155107490081,2.167402700892857,1834.600113635913,1129.9374063640873,1906.9052626835316,249.32908860119045
2026-02-11 07:00:00+00:00,1086.5965,0.06599999999999984,4738.128000000001,1062.914,2220.047,250.94,1080.3500742551669,0.7749999709071751,4504.035117800411,1078.196067773759,2156.3244116869087,254.49343945015656,517.1155107490081,2.167402700892857,1834.600113635913,1129.9374063640873,1906.9052626835316,249.32908860119045,517.1155107490081,2.167402700892857,1834.600113635913,1129.9374063640873,1906.9052626835316,249.32908860119045
2026-02-11 08:00:00+00:00,1078.0795,0.06599999999999984,4733.218,870.117,2209.19625,273.41075,1106.179841696723,0.2570856782320583,4432.642825000216,959.5422670300632,2158.7220707894007,257.1341851912777,517.1155107490081,2.167402700892857,1834.600113635913,1129.9374063640873,1906.9052626835316,249.32908860119045,517.1155107490081,2.167402700892857,1834.600113635913,1129.9374063640873,1906.9052626835316,249.32908860119045
2026-02-11 09:00:00+00:00,1029.5785,0.06599999999999984,4675.35675,520.7470000000001,2159.14175,283.064,1093.4478375136664,-1.326080261689163,4394.7788467842365,660.4214658489656,2076.9902177915014,270.4469675082021,517.1155107490081,2.167402700892857,1834.600113635913,1129.9374063640873,1906.9052626835316,249.32908860119045,517.1155107490081,2.167402700892857,1834.600113635913,1129.9374063640873,1906.9052626835316,249.32908860119045
2026-02-11 10:00:00+00:00,1019.67725,0.06599999999999984,4668.4125,716.8275,2106.35475,290.77799999999996,1003.5939090010095,-2.979240260386305,4412.193603940931,641.7053426135781,2039.8721327846665,282.49707224995933,517.1155107490081,2.167402700892857,1834.600113635913,1129.9374063640873,1906.9052626835316,249.32908860119045,517.1155107490081,2.167402700892857,1834.600113635913,1129.9374063640873,1906.9052626835316,249.32908860119045
2026-02-11 11:00:00+00:00,1027.8635,0.06599999999999984,4625.26175,567.0867499999999,2017.99,290.739,1079.6065327717452,-2.8770153371601013,4539.410319390437,648.8863529638751,2019.2029464337118,276.94878943218896,517.1155107490081,2.167402700892857,1834.600113635913,1129.9374063640873,1906.9052626835316,249.32908860119045,517.1155107490081,2.167402700892857,1834.600113635913,1129.9374063640873,1906.9052626835316,249.32908860119045
2026-02-11 12:00:00+00:00,1033.484,0.06599999999999984,4522.1002499999995,520.3887500000001,1986.05875,292.519,1123.0561442761427,-0.7703416051571312,4236.902302247015,617.8274465616053,2009.1448695004287,269.87205813126013,517.1155107490081,2.167402700892857,1834.600113635913,1129.9374063640873,1906.9052626835316,249.32908860119045,517.1155107490081,2.167402700892857,1834.600113635913,1129.9374063640873,1906.9052626835316,249.32908860119045
2026-02-11 13:00:00+00:00,1035.932,0.06599999999999984,4568.10925,546.888,1990.2112499999998,292.835,1088.3990093731386,0.07614977921326105,4403.085799002699,697.1450872311625,2033.65271479161,271.54051676217074,517.1155107490081,2.167402700892857,1834.600113635913,1129.9374063640873,1906.9052626835316,249.32908860119045,517.1155107490081,2.167402700892857,1834.600113635913,1129.9374063640873,1906.9052626835316,249.32908860119045
2026-02-11 14:00:00+00:00,1036.01375,0.06599999999999984,4572.04425,522.4435000000001,2032.95375,293.864,1093.640170521633,1.2484812678583292,4507.841817790227,789.3070748299674,2064.3231587878645,283.27151602204174,517.1155107490081,2.167402700892857,1834.600113635913,1129.9374063640873,1906.9052626835316,249.32908860119045,517.1155107490081,2.167402700892857,1834.600113635913,1129.9374063640873,1906.9052626835316,249.32908860119045
2026-02-11 15:00:00+00:00,1032.0815,0.06599999999999984,4648.60375,668.53075,2145.91025,265.89425,1083.3247810550154,0.8572818557754869,4487.208650424275,852.0740323808984,2111.522753825316,270.6443822179506,517.1155107490081,2.167402700892857,1834.600113635913,1129.9374063640873,1906.9052626835316,249.32908860119045,517.1155107490081,2.167402700892857,1834.600113635913,1129.9374063640873,1906.9052626835316,249.32908860119045
2026-02-11 16:00:00+00:00,1070.53375,0.06599999999999984,4689.61075,1070.7245,2261.996,258.417,1059.460742553791,0.6095067344550928,4551.748059033634,1214.705554811611,2207.4439020663403,247.0346962780847,517.1155107490081,2.167402700892857,1834.600113635913,1129.9374063640873,1906.9052626835316,249.32908860119045,517.1155107490081,2.167402700892857,1834.600113635913,1129.9374063640873,1906.9052626835316,249.32908860119045
2026-02-11 17:00:00+00:00,1076.97275,0.06599999999999984,4723.86125,821.041,2285.8055,259.564,1016.7877233773664,8.970432908603263,4817.055279094412,998.5845121360621,2320.514978726933,256.7138582697169,517.1155107490081,2.167402700892857,1834.600113635913,1129.9374063640873,1906.9052626835316,249.32908860119045,517.1155107490081,2.167402700892857,1834.600113635913,1129.9374063640873,1906.9052626835316,249.32908860119045
2026-02-11 18:00:00+00:00,1059.926,0.06599999999999984,4708.760249999999,714.4577500000001,2257.3557499999997,259.881,850.3833610452116,1.336958311986748,4221.812392340369,806.5107557937215,2250.3509615481767,281.777124324866,517.1155107490081,2.167402700892857,1834.600113635913,1129.9374063640873,1906.9052626835316,249.32908860119045,517.1155107490081,2.167402700892857,1834.600113635913,1129.9374063640873,1906.9052626835316,249.32908860119045
2026-02-11 19:00:00+00:00,968.50425,0.06599999999999984,4675.4285,536.71325,2173.31325,261.384,867.7491324627117,0.18421848096487214,4205.948517752531,628.4981293638178,2148.2517005452023,267.2127515968884,517.1155107490081,2.167402700892857,1834.600113635913,1129.9374063640873,1906.9052626835316,249.32908860119045,517.1155107490081,2.167402700892857,1834.600113635913,1129.9374063640873,1906.9052626835316,249.32908860119045
2026-02-11 20:00:00+00:00,902.23825,0.06599999999999984,3695.1225000000004,532.1795000000001,2084.315,257.269,795.4436142712332,1.1299422096410743,3530.672449837686,588.4043159283965,2045.41262908187,250.70253918901435,517.1155107490081,2.167402700892857,1834.600113635913,1129.9374063640873,1906.9052626835316,249.32908860119045,517.1155107490081,2.167402700892857,1834.600113635913,1129.9374063640873,1906.9052626835316,249.32908860119045
2026-02-11 21:00:00+00:00,720.421,0.06599999999999984,3197.7577499999998,477.80099999999993,2024.3957500000001,257.269,633.0664176054668,-0.780445085356877,2974.5665099865496,529.6553650351956,2011.19287821943,260.70202936124986,517.1155107490081,2.167402700892857,1834.600113635913,1129.9374063640873,1906.9052626835316,249.32908860119045,517.1155107490081,2.167402700892857,1834.600113635913,1129.9374063640873,1906.9052626835316,249.32908860119045
2026-02-11 22:00:00+00:00,687.23175,0.06599999999999984,3121.912,554.277,1977.2465,260.87,506.96885623366785,-0.37228273757084107,2676.722941668586,523.0844926760163,1960.264710746339,251.35284499399182,517.1155107490081,2.167402700892857,1834.600113635913,1129.9374063640873,1906.9052626835316,249.32908860119045,517.1155107490081,2.167402700892857,1834.600113635913,1129.9374063640873,1906.9052626835316,249.32908860119045
2026-02-11 23:00:00+00:00,632.02575,0.06599999999999984,2967.38175,494.0915,1931.43075,272.105,490.91002158857674,-0.28820523331933146,2414.1771776465494,510.4449618769254,1952.8934829504813,255.59735858082075,517.1155107490081,2.167402700892857,1834.600113635913,1129.9374063640873,1906.9052626835316,249.32908860119045,517.1155107490081,2.167402700892857,1834.600113635913,1129.9374063640873,1906.9052626835316,249.32908860119045
2026-02-12 00:00:00+00:00,631.4315,0.06599999999999984,2987.22475,482.30925,1920.44075,273.45,545.3697197287531,-0.34225589448313354,2584.333085109378,546.5722379869188,1939.1510905687355,245.1397350801145,517.1155107490081,2.167402700892857,1834.600113635913,1129.9374063640873,1906.9052626835316,249.32908860119045,517.1155107490081,2.167402700892857,1834.600113635913,1129.9374063640873,1906.9052626835316,249.32908860119045
2026-02-12 01:00:00+00:00,630.91125,0.06599999999999984,3017.91075,486.71825,1905.63225,273.015,543.200959461708,-0.49115616361235626,2345.38814931861,538.3715107560312,1929.3065588944646,238.7326943689695,517.1155107490081,2.167402700892857,1834.600113635913,1129.9374063640873,1906.9052626835316,249.32908860119045,517.1155107490081,2.167402700892857,1834.600113635913,1129.9374063640873,1906.9052626835316,249.32908860119045
2026-02-12 02:00:00+00:00,629.0925,0.06599999999999984,3036.39725,492.49275,1900.35475,270.879,491.06595241122096,0.06052239010747407,2469.6785088468746,567.9726953868299,1914.868152746584,237.7626373707939,517.1155107490081,2.167402700892857,1834.600113635913,1129.9374063640873,1906.9052626835316,249.32908860119045,517.1155107490081,2.167402700892857,1834.600113635913,1129.9374063640873,1906.9052626835316,249.32908860119045
2026-02-12 03:00:00+00:00,624.172,0.06599999999999984,3061.5592500000002,487.21925,1917.189,269.178,513.4769191167054,0.2250840486573793,2498.220663764163,550.5760468418267,1915.6441755555045,235.89168005444023,517.1155107490081,2.167402700892857,1834.600113635913,1129.9374063640873,1906.9052626835316,249.32908860119045,517.1155107490081,2.167402700892857,1834.600113635913,1129.9374063640873,1906.9052626835316,249.32908860119045
2026-02-12 04:00:00+00:00,668.01225,0.06599999999999984,3213.89175,497.66650000000004,1948.036,266.21025,626.1159278876369,1.565897127715316,2799.9819111109855,548.2048082186892,1949.5683728942095,233.3423285066103,517.1155107490081,2.167402700892857,1834.600113635913,1129.9374063640873,1906.9052626835316,249.32908860119045,517.1155107490081,2.167402700892857,1834.600113635913,1129.9374063640873,1906.9052626835316,249.32908860119045
2026-02-12 05:00:00+00:00,864.53025,0.06599999999999984,3662.2785,550.6867500000001,2041.00175,266.804,738.7401231718145,0.1337327226211329,3319.8616197403185,527.7888937878212,2009.6656078010562,236.13054450130605,517.1155107490081,2.167402700892857,1834.600113635913,1129.9374063640873,1906.9052626835316,249.32908860119045,517.1155107490081,2.167402700892857,1834.600113635913,1129.9374063640873,1906.9052626835316,249.32908860119045
2026-02-12 06:00:00+00:00,1047.82225,0.06599999999999984,4034.193,500.72775,2144.071,264.944,943.5657922999029,-0.25426595598537327,3955.790672969547,748.9723265384191,2146.1250752176247,240.79792255331083,517.1155107490081,2.167402700892857,1834.600113635913,1129.9374063640873,1906.9052626835316,249.32908860119045,517.1155107490081,2.167402700892857,1834.600113635913,1129.9374063640873,1906.9052626835316,249.32908860119045
2026-02-12 07:00:00+00:00,1053.7265,0.06599999999999984,4098.5835,487.13200000000006,2193.65725,265.221,831.4729101560645,2.58964411106743,3961.5883142421817,744.762812758292,2146.2392334647166,246.9675759755851,517.1155107490081,2.167402700892857,1834.600113635913,1129.9374063640873,1906.9052626835316,249.32908860119045,517.1155107490081,2.167402700892857,1834.600113635913,1129.9374063640873,1906.9052626835316,249.32908860119045
2026-02-12 08:00:00+00:00,1019.99225,0.06599999999999984,4068.4579999999996,479.3332499999999,2177.59575,266.131,990.8347826380915,1.9416862787651312,3799.43866989468,610.0829015645231,2116.260243495169,242.49764223646898,517.1155107490081,2.167402700892857,1834.600113635913,1129.9374063640873,1906.9052626835316,249.32908860119045,517.1155107490081,2.167402700892857,1834.600113635913,1129.9374063640873,1906.9052626835316,249.32908860119045
2026-02-12 09:00:00+00:00,1011.6525,0.06599999999999984,3889.9492499999997,466.6975,2127.7557500000003,268.861,992.0543800129742,-1.2431124521290213,3561.709611012076,589.1958121294151,2093.2064991678285,253.11279794053615,517.1155107490081,2.167402700892857,1834.600113635913,1129.9374063640873,1906.9052626835316,249.32908860119045,517.1155107490081,2.167402700892857,1834.600113635913,1129.9374063640873,1906.9052626835316,249.32908860119045
2026-02-12 10:00:00+00:00,1020.172,0.06599999999999984,3778.293,459.726,2082.909,276.14,970.9010518782984,2.0570616810566866,3574.3780254580015,590.3281422394317,2082.2562485800327,255.5066716902337,517.1155107490081,2.167402700892857,1834.600113635913,1129.9374063640873,1906.9052626835316,249.32908860119045,517.1155107490081,2.167402700892857,1834.600113635913,1129.9374063640873,1906.9052626835316,249.32908860119045
2026-02-12 11:00:00+00:00,1027.5049999999999,0.06599999999999984,3701.638,464.8812499999999,2013.84425,280.017,940.0171710161101,2.3763285172860997,3489.4470324750846,616.2422085879299,2067.619715707455,264.4523365611039,517.1155107490081,2.167402700892857,1834.600113635913,1129.9374063640873,1906.9052626835316,249.32908860119045,517.1155107490081,2.167402700892857,1834.600113635913,1129.9374063640873,1906.9052626835316,249.32908860119045
2026-02-12 12:00:00+00:00,1024.2839999999999,0.06599999999999984,3725.86575,455.2172499999999,1989.401,282.628,827.8630910923935,0.041498613053564615,3479.3896458483546,569.4923428443201,2050.2307825867647,252.62301790247693,517.1155107490081,2.167402700892857,1834.600113635913,1129.9374063640873,1906.9052626835316,249.32908860119045,517.1155107490081,2.167402700892857,1834.600113635913,1129.9374063640873,1906.9052626835316,249.32908860119045
2026-02-12 13:00:00+00:00,1036.38275,0.06599999999999984,3763.407,443.453,2000.22125,282.233,879.852361164848,0.4433401967827304,3227.2168292773313,604.8389505808916,2053.1994317213594,256.7599988675638,517.1155107490081,2.167402700892857,1834.600113635913,1129.9374063640873,1906.9052626835316,249.32908860119045,517.1155107490081,2.167402700892857,1834.600113635913,1129.9374063640873,1906.9052626835316,249.32908860119045
2026-02-12 14:00:00+00:00,1038.93525,0.12199999999999989,3695.8615,463.36275,2044.83275,281.481,898.479644873398,-0.9428587560413355,3983.154658032079,568.7819364109612,2079.6188942117624,255.75696319557676,517.1155107490081,2.167402700892857,1834.600113635913,1129.9374063640873,1906.9052626835316,249.32908860119045,517.1155107490081,2.167402700892857,1834.600113635913,1129.9374063640873,1906.9052626835316,249.32908860119045
2026-02-12 15:00:00+00:00,1030.36525,0.13099999999999978,3771.328,563.55975,2160.2425000000003,273.885,851.9569040360904,-0.5153541204755632,4226.584053268995,643.4755668171463,2127.330144908707,265.00137558343295,517.1155107490081,2.167402700892857,1834.600113635913,1129.9374063640873,1906.9052626835316,249.32908860119045,517.1155107490081,2.167402700892857,1834.600113635913,1129.9374063640873,1906.9052626835316,249.32908860119045
2026-02-12 16:00:00+00:00,1021.642,0.13099999999999978,4063.6229999999996,639.0155000000001,2260.96475,273.529,933.6693628928413,-0.5512321193753666,4187.052895452533,759.6641529130145,2214.429241052223,271.9044817641688,517.1155107490081,2.167402700892857,1834.600113635913,1129.9374063640873,1906.9052626835316,249.32908860119045,517.1155107490081,2.167402700892857,1834.600113635913,1129.9374063640873,1906.9052626835316,249.32908860119045
2026-02-12 17:00:00+00:00,1018.2465,0.13099999999999978,4069.5739999999996,630.6662500000001,2281.0695,275.784,930.9999153984887,1.9014202952588783,4087.471560196391,731.6763614438696,2283.4062752550567,283.01305274043676,517.1155107490081,2.167402700892857,1834.600113635913,1129.9374063640873,1906.9052626835316,249.32908860119045,517.1155107490081,2.167402700892857,1834.600113635913,1129.9374063640873,1906.9052626835316,249.32908860119045
2026-02-12 18:00:00+00:00,1002.2772500000001,0.13099999999999978,4062.432,515.38325,2260.4845,275.23,814.7234861869161,0.5862421723208018,4071.524308363658,634.3122810294257,2243.984539191529,278.2022659658386,517.1155107490081,2.167402700892857,1834.600113635913,1129.9374063640873,1906.9052626835316,249.32908860119045,517.1155107490081,2.167402700892857,1834.600113635913,1129.9374063640873,1906.9052626835316,249.32908860119045
2026-02-12 19:00:00+00:00,736.47425,0.13099999999999978,3997.2204999999994,418.06825000000003,2188.72425,276.101,742.7071957721455,1.4375745442337777,3985.204501292169,450.8809123196129,2156.0575269648716,269.1994806915751,517.1155107490081,2.167402700892857,1834.600113635913,1129.9374063640873,1906.9052626835316,249.32908860119045,517.1155107490081,2.167402700892857,1834.600113635913,1129.9374063640873,1906.9052626835316,249.32908860119045
2026-02-12 20:00:00+00:00,494.31075,0.13099999999999978,3842.2065000000002,407.25275,2100.60325,273.134,546.365969441807,1.5313634592208643,3595.686643884247,408.14312895558294,2018.0431496386393,265.596257554419,517.1155107490081,2.167402700892857,1834.600113635913,1129.9374063640873,1906.9052626835316,249.32908860119045,517.1155107490081,2.167402700892857,1834.600113635913,1129.9374063640873,1906.9052626835316,249.32908860119045
2026-02-12 21:00:00+00:00,488.56600000000003,0.13099999999999978,3555.48575,465.8444999999999,2035.97875,273.134,498.24613286228646,-1.0779637683413736,3349.8410914538526,452.77972787140516,2006.504217082714,265.1944141864134,517.1155107490081,2.167402700892857,1834.600113635913,1129.9374063640873,1906.9052626835316,249.32908860119045,517.1155107490081,2.167402700892857,1834.600113635913,1129.9374063640873,1906.9052626835316,249.32908860119045
2026-02-12 22:00:00+00:00,478.356,0.13099999999999978,3237.60775,417.46425,1988.117,276.299,405.0130355190728,-0.9680314098178378,2754.9429131656843,436.24361326639416,1966.1416693407534,262.20859437637444,517.1155107490081,2.167402700892857,1834.600113635913,1129.9374063640873,1906.9052626835316,249.32908860119045,517.1155107490081,2.167402700892857,1834.600113635913,1129.9374063640873,1906.9052626835316,249.32908860119045
2026-02-12 23:00:00+00:00,336.825,0.13099999999999978,2829.27875,402.43550000000005,1913.3625,264.628,362.9038251453328,-1.4587214749626884,2576.7342065599005,413.8092505577266,1945.1852612567814,259.652712549186,517.1155107490081,2.167402700892857,1834.600113635913,1129.9374063640873,1906.9052626835316,249.32908860119045,517.1155107490081,2.167402700892857,1834.600113635913,1129.9374063640873,1906.9052626835316,249.32908860119045
2026-02-13 00:00:00+00:00,333.7615,0.13099999999999978,2847.97925,402.5799999999999,1913.487,262.096,263.55020031709546,-0.3907348705102742,2418.748427939494,494.5643169875009,1927.1797105878557,244.30824955574548,517.1155107490081,2.167402700892857,1834.600113635913,1129.9374063640873,1906.9052626835316,249.32908860119045,517.1155107490081,2.167402700892857,1834.600113635913,1129.9374063640873,1906.9052626835316,249.32908860119045
2026-02-13 01:00:00+00:00,333.93225,0.13099999999999978,2813.26725,411.81050000000005,1906.03575,261.621,295.54365420642216,-0.9558275697259915,2462.0136766051496,441.2563020369046,1922.1778969510149,233.9493720988941,517.1155107490081,2.167402700892857,1834.600113635913,1129.9374063640873,1906.9052626835316,249.32908860119045,517.1155107490081,2.167402700892857,1834.600113635913,1129.9374063640873,1906.9052626835316,249.32908860119045
2026-02-13 02:00:00+00:00,345.5105,0.13099999999999978,2829.10725,411.82025,1904.13875,263.995,299.50851024157424,-0.8086750691690732,2443.704491327623,466.39254122062755,1905.986422081466,237.4877572066647,517.1155107490081,2.167402700892857,1834.600113635913,1129.9374063640873,1906.9052626835316,249.32908860119045,517.1155107490081,2.167402700892857,1834.600113635913,1129.9374063640873,1906.9052626835316,249.32908860119045
2026-02-13 03:00:00+00:00,467.24625,0.13099999999999978,2892.6805,395.106,1922.1585,261.265,333.4289631101151,-0.6688332309297991,2308.6067916738134,475.3899185282869,1913.749308074145,244.37539133522773,517.1155107490081,2.167402700892857,1834.600113635913,1129.9374063640873,1906.9052626835316,249.32908860119045,517.1155107490081,2.167402700892857,1834.600113635913,1129.9374063640873,1906.9052626835316,249.32908860119045
2026-02-13 04:00:00+00:00,607.102,0.13099999999999978,3215.191,467.8175,1955.47625,261.938,485.8438661976416,-0.4825111456729534,2740.9376153861667,495.05957275383196,1946.0598089443927,244.9796047227362,517.1155107490081,2.167402700892857,1834.600113635913,1129.9374063640873,1906.9052626835316,249.32908860119045,517.1155107490081,2.167402700892857,1834.600113635913,1129.9374063640873,1906.9052626835316,249.32908860119045
2026-02-13 05:00:00+00:00,741.3095,0.13099999999999978,4286.51275,453.93174999999997,2064.516,258.298,719.0503372605353,-1.0526081872640534,3519.637566723497,558.8398665475937,2050.114697096149,247.8382249001323,517.1155107490081,2.167402700892857,1834.600113635913,1129.9374063640873,1906.9052626835316,249.32908860119045,517.1155107490081,2.167402700892857,1834.600113635913,1129.9374063640873,1906.9052626835316,249.32908860119045
2026-02-13 06:00:00+00:00,992.1512500000001,0.13099999999999978,4687.9085000000005,462.62175,2194.39075,257.309,988.7047707120475,-0.8773720055716283,4106.708132280458,766.4699095613037,2127.7054714368023,237.0719742439321,517.1155107490081,2.167402700892857,1834.600113635913,1129.9374063640873,1906.9052626835316,249.32908860119045,517.1155107490081,2.167402700892857,1834.600113635913,1129.9374063640873,1906.9052626835316,249.32908860119045
2026-02-13 07:00:00+00:00,1031.945,0.13099999999999978,4738.627,679.7547500000001,2228.35725,257.309,987.4475366001012,-0.3292099130907262,4396.264323106552,852.4076650504902,2155.422576992268,241.54950847404416,517.1155107490081,2.167402700892857,1834.600113635913,1129.9374063640873,1906.9052626835316,249.32908860119045,517.1155107490081,2.167402700892857,1834.600113635913,1129.9374063640873,1906.9052626835316,249.32908860119045
2026-02-13 08:00:00+00:00,998.51025,0.13099999999999978,4730.2212500000005,574.701,2198.51875,257.309,966.8950677314715,-1.6897299648675865,4435.004153980812,739.3596464761808,2125.868899181554,245.56214395337264,517.1155107490081,2.167402700892857,1834.600113635913,1129.9374063640873,1906.9052626835316,249.32908860119045,517.1155107490081,2.167402700892857,1834.600113635913,1129.9374063640873,1906.9052626835316,249.32908860119045
2026-02-13 09:00:00+00:00,943.86625,0.13099999999999978,4708.49025,444.87974999999994,2133.89625,257.309,960.3681263194235,-0.8794178818799225,4556.488602127801,575.1602256414167,2067.4104281505947,246.29622537060163,517.1155107490081,2.167402700892857,1834.600113635913,1129.9374063640873,1906.9052626835316,249.32908860119045,517.1155107490081,2.167402700892857,1834.600113635913,1129.9374063640873,1906.9052626835316,249.32908860119045
2026-02-13 10:00:00+00:00,953.6827499999999,0.13099999999999978,4636.55125,451.249,2079.6045,260.276,888.1294370251144,-0.9285152541222184,4515.9659447676395,632.9380397050375,2032.7541443618375,247.3908575865566,517.1155107490081,2.167402700892857,1834.600113635913,1129.9374063640873,1906.9052626835316,249.32908860119045,517.1155107490081,2.167402700892857,1834.600113635913,1129.9374063640873,1906.9052626835316,249.32908860119045
2026-02-13 11:00:00+00:00,961.0455,0.13099999999999978,4570.53325,458.18574999999987,2022.75525,261.305,884.4054540161216,4.3352366363975285,4415.172393573044,577.3510885205947,1988.7900907053802,247.02169071722747,517.1155107490081,2.167402700892857,1834.600113635913,1129.9374063640873,1906.9052626835316,249.32908860119045,517.1155107490081,2.167402700892857,1834.600113635913,1129.9374063640873,1906.9052626835316,249.32908860119045
2026-02-13 12:00:00+00:00,963.11375,0.13099999999999978,4577.6425,468.24675,2013.599,261.265,971.0124018314924,0.8363491962652525,4461.966479338488,549.6349765777754,1986.0024641215462,238.0501622087777,517.1155107490081,2.167402700892857,1834.600113635913,1129.9374063640873,1906.9052626835316,249.32908860119045,517.1155107490081,2.167402700892857,1834.600113635913,1129.9374063640873,1906.9052626835316,249.32908860119045
2026-02-13 13:00:00+00:00,964.11875,0.13099999999999978,4620.74025,559.31075,2024.77425,261.265,992.1622405241238,1.4194812300949908,4413.773240218535,612.5070560104303,2010.152172811982,243.0722509004991,517.1155107490081,2.167402700892857,1834.600113635913,1129.9374063640873,1906.9052626835316,249.32908860119045,517.1155107490081,2.167402700892857,1834.600113635913,1129.9374063640873,1906.9052626835316,249.32908860119045
2026-02-13 14:00:00+00:00,1009.4765,0.13099999999999978,4721.9145,628.1437500000001,2076.3165,261.265,1034.999888878816,-0.5119760245718195,4607.751991494384,774.2753427670921,2082.9032751481122,243.11060642784048,517.1155107490081,2.167402700892857,1834.600113635913,1129.9374063640873,1906.9052626835316,249.32908860119045,517.1155107490081,2.167402700892857,1834.600113635913,1129.9374063640873,1906.9052626835316,249.32908860119045
2026-02-13 15:00:00+00:00,1105.69525,0.13099999999999978,4849.593,932.99675,2186.61825,261.265,1089.8350920986827,-0.7868440813744968,4503.347142500045,1069.8249828000005,2131.639549517075,240.87940716582918,517.1155107490081,2.167402700892857,1834.600113635913,1129.9374063640873,1906.9052626835316,249.32908860119045,517.1155107490081,2.167402700892857,1834.600113635913,1129.9374063640873,1906.9052626835316,249.32908860119045
2026-02-13 16:00:00+00:00,1103.2795,0.13099999999999978,4982.02275,1329.8365000000001,2271.46825,261.226,1185.8873811518874,1.4374509243858342,4629.725265650249,1400.332402734691,2164.047486502771,254.8287545556485,517.1155107490081,2.167402700892857,1834.600113635913,1129.9374063640873,1906.9052626835316,249.32908860119045,517.1155107490081,2.167402700892857,1834.600113635913,1129.9374063640873,1906.9052626835316,249.32908860119045
2026-02-13 17:00:00+00:00,1117.6934999999999,0.13099999999999978,4995.021750000001,1529.19075,2300.62125,261.226,1084.9444170399197,5.686360670315343,4649.849119238184,1544.9778201688837,2308.8496554356957,242.68326584668083,517.1155107490081,2.167402700892857,1834.600113635913,1129.9374063640873,1906.9052626835316,249.32908860119045,517.1155107490081,2.167402700892857,1834.600113635913,1129.9374063640873,1906.9052626835316,249.32908860119045
2026-02-13 18:00:00+00:00,1109.5765000000001,0.13099999999999978,4995.264000000001,1211.0375000000001,2280.72475,261.186,1121.778206944759,-0.057854171252698094,4618.900011563322,1172.1365913468312,2263.9694001887315,239.70951677698022,517.1155107490081,2.167402700892857,1834.600113635913,1129.9374063640873,1906.9052626835316,249.32908860119045,517.1155107490081,2.167402700892857,1834.600113635913,1129.9374063640873,1906.9052626835316,249.32908860119045
2026-02-13 19:00:00+00:00,1052.37475,0.13099999999999978,4957.021000000001,636.00075,2200.833,261.186,1034.2270732317188,-0.29491011309798676,4605.660626637156,710.4310009295268,2128.720957611981,239.31010193403262,517.1155107490081,2.167402700892857,1834.600113635913,1129.9374063640873,1906.9052626835316,249.32908860119045,517.1155107490081,2.167402700892857,1834.600113635913,1129.9374063640873,1906.9052626835316,249.32908860119045
2026-02-13 20:00:00+00:00,1008.63475,0.13099999999999978,4904.93725,514.7284999999999,2102.82675,261.146,1054.2658003905312,0.1120414634276865,4670.705837198273,631.4430023711254,2053.586295453396,240.00856454632378,517.1155107490081,2.167402700892857,1834.600113635913,1129.9374063640873,1906.9052626835316,249.32908860119045,517.1155107490081,2.167402700892857,1834.600113635913,1129.9374063640873,1906.9052626835316,249.32908860119045
2026-02-13 21:00:00+00:00,965.0705,0.13099999999999978,4845.06225,485.201,2037.3647500000002,263.322,1016.3245327686152,0.2517318874182579,4678.124415489297,560.7118258769821,2033.7483436071725,246.10006120381573,517.1155107490081,2.167402700892857,1834.600113635913,1129.9374063640873,1906.9052626835316,249.32908860119045,517.1155107490081,2.167402700892857,1834.600113635913,1129.9374063640873,1906.9052626835316,249.32908860119045
2026-02-13 22:00:00+00:00,967.178,0.13099999999999978,4830.45875,488.62799999999993,1982.55925,266.25,994.1599681414854,0.1808988284041093,4703.671539050953,557.3801755604826,2003.1780369551566,247.64435154211094,517.1155107490081,2.167402700892857,1834.600113635913,1129.9374063640873,1906.9052626835316,249.32908860119045,517.1155107490081,2.167402700892857,1834.600113635913,1129.9374063640873,1906.9052626835316,249.32908860119045
2026-02-13 23:00:00+00:00,913.24375,0.13099999999999978,4427.06425,444.3879999999999,1938.8690000000001,272.026,950.5952872996456,0.19545708486771685,4278.56500872158,566.9711220775379,1960.7282223089583,245.2249848423439,517.1155107490081,2.167402700892857,1834.600113635913,1129.9374063640873,1906.9052626835316,249.32908860119045,517.1155107490081,2.167402700892857,1834.600113635913,1129.9374063640873,1906.9052626835316,249.32908860119045
2026-02-14 00:00:00+00:00,911.10225,0.13099999999999978,4283.12375,427.5754999999999,1931.028,273.015,947.3210984840618,0.07260340395358966,4016.7045976995087,513.1617278747414,1954.1605659387906,249.8508848459094,517.1155107490081,2.167402700892857,1834.600113635913,1129.9374063640873,1906.9052626835316,249.32908860119045,517.1155107490081,2.167402700892857,1834.600113635913,1129.9374063640873,1906.9052626835316,249.32908860119045
2026-02-14 01:00:00+00:00,911.67125,0.13099999999999978,4209.339,426.71375,1926.30375,273.015,852.7834127577993,0.013189180981869608,3913.304628085006,519.1769571832166,1951.134038552684,244.2465967185631,517.1155107490081,2.167402700892857,1834.600113635913,1129.9374063640873,1906.9052626835316,249.32908860119045,517.1155107490081,2.167402700892857,1834.600113635913,1129.9374063640873,1906.9052626835316,249.32908860119045
2026-02-14 02:00:00+00:00,910.5867499999999,0.13099999999999978,4264.47175,393.22849999999994,1924.125,272.975,828.6197412491753,0.1478080413728624,3810.7858923548993,513.2146000494313,1928.6102586010202,249.74979360299687,517.1155107490081,2.167402700892857,1834.600113635913,1129.9374063640873,1906.9052626835316,249.32908860119045,517.1155107490081,2.167402700892857,1834.600113635913,1129.9374063640873,1906.9052626835316,249.32908860119045
2026-02-14 03:00:00+00:00,903.15425,0.13099999999999978,4270.7955,372.899,1944.49425,277.921,793.0569371505226,0.1293076626084697,3481.4222977227964,509.16351823996706,1937.3646449638995,245.86295271563847,517.1155107490081,2.167402700892857,1834.600113635913,1129.9374063640873,1906.9052626835316,249.32908860119045,517.1155107490081,2.167402700892857,1834.600113635913,1129.9374063640873,1906.9052626835316,249.32908860119045
2026-02-14 04:00:00+00:00,887.07425,0.13099999999999978,4258.0197499999995,380.3599999999999,1985.563,272.936,819.3323307950056,0.02901162108914246,3491.586017497917,501.5310908625287,1968.0490006142252,246.03611404679373,517.1155107490081,2.167402700892857,1834.600113635913,1129.9374063640873,1906.9052626835316,249.32908860119045,517.1155107490081,2.167402700892857,1834.600113635913,1129.9374063640873,1906.9052626835316,249.32908860119045
2026-02-14 05:00:00+00:00,884.51525,0.13099999999999978,4368.014999999999,376.7845,2116.95925,267.002,831.8450344603564,0.02901162108914246,3862.3939411207316,509.7011251623461,1996.0899549170113,239.5231251324135,517.1155107490081,2.167402700892857,1834.600113635913,1129.9374063640873,1906.9052626835316,249.32908860119045,517.1155107490081,2.167402700892857,1834.600113635913,1129.9374063640873,1906.9052626835316,249.32908860119045
2026-02-14 06:00:00+00:00,885.4615,0.13099999999999978,4686.3565,373.37525000000005,2245.1345,265.024,936.3849059624522,0.02901162108914246,3279.7961186418042,602.6228641314405,2126.176444981638,238.30202933777588,517.1155107490081,2.167402700892857,1834.600113635913,1129.9374063640873,1906.9052626835316,249.32908860119045,517.1155107490081,2.167402700892857,1834.600113635913,1129.9374063640873,1906.9052626835316,249.32908860119045
2026-02-14 07:00:00+00:00,893.709,0.13099999999999978,4843.26875,391.72024999999996,2280.91475,265.024,1031.9517969965468,0.31552268134461703,3921.7858633444703,710.7330707196772,2201.018232373892,235.59718756462502,517.1155107490081,2.167402700892857,1834.600113635913,1129.9374063640873,1906.9052626835316,249.32908860119045,517.1155107490081,2.167402700892857,1834.600113635913,1129.9374063640873,1906.9052626835316,249.32908860119045
2026-02-14 08:00:00+00:00,890.946,0.13099999999999978,4854.9075,420.91999999999996,2250.246,265.024,1063.760488518276,1.0123621141806045,4347.564883966027,664.4067870182662,2161.4088328237044,238.32443302663765,517.1155107490081,2.167402700892857,1834.600113635913,1129.9374063640873,1906.9052626835316,249.32908860119045,517.1155107490081,2.167402700892857,1834.600113635913,1129.9374063640873,1906.9052626835316,249.32908860119045
2026-02-14 09:00:00+00:00,895.1532500000001,0.13099999999999978,4834.6705,452.74299999999994,2181.5305,265.063,1076.8951719989902,0.6910630665457704,4551.415278208828,605.6198998213545,2114.4518977328003,243.4271151861466,517.1155107490081,2.167402700892857,1834.600113635913,1129.9374063640873,1906.9052626835316,249.32908860119045,517.1155107490081,2.167402700892857,1834.600113635913,1129.9374063640873,1906.9052626835316,249.32908860119045
2026-02-14 10:00:00+00:00,901.20475,0.13099999999999978,4774.4310000000005,406.09850000000006,2125.58025,270.997,971.8331365452168,-0.24574952849341303,4579.364707115728,582.5814501057902,2103.8476301128017,247.04722578987946,517.1155107490081,2.167402700892857,1834.600113635913,1129.9374063640873,1906.9052626835316,249.32908860119045,517.1155107490081,2.167402700892857,1834.600113635913,1129.9374063640873,1906.9052626835316,249.32908860119045
2026-02-14 11:00:00+00:00,909.39275,0.13099999999999978,4753.615,414.23825,2048.07225,272.975,938.1049521289801,0.42875472260002967,4409.086155026356,607.4008013237374,2036.4868748061472,245.03731175299976,517.1155107490081,2.167402700892857,1834.600113635913,1129.9374063640873,1906.9052626835316,249.32908860119045,517.1155107490081,2.167402700892857,1834.600113635913,1129.9374063640873,1906.9052626835316,249.32908860119045
2026-02-14 12:00:00+00:00,913.9512500000001,0.13099999999999978,4783.20175,384.26599999999996,2031.821,273.648,973.0796629657573,0.7386744108750627,4353.04929312916,587.5938248123058,2022.30890930962,254.62488530551184,517.1155107490081,2.167402700892857,1834.600113635913,1129.9374063640873,1906.9052626835316,249.32908860119045,517.1155107490081,2.167402700892857,1834.600113635913,1129.9374063640873,1906.9052626835316,249.32908860119045
2026-02-14 13:00:00+00:00,915.4625000000001,0.13099999999999978,4774.985000000001,555.9907499999999,2040.71175,273.015,956.498590624982,0.6403149288196142,4345.439625553806,704.5139773037531,2035.2596144460563,250.88443355238223,517.1155107490081,2.167402700892857,1834.600113635913,1129.9374063640873,1906.9052626835316,249.32908860119045,517.1155107490081,2.167402700892857,1834.600113635913,1129.9374063640873,1906.9052626835316,249.32908860119045
2026-02-14 14:00:00+00:00,915.4792500000001,0.13099999999999978,4852.6685,761.44575,2090.21575,272.975,973.4297086184163,0.6341456998263377,4435.548303366342,887.758356998776,2080.1079653467596,249.96412528249678,517.1155107490081,2.167402700892857,1834.600113635913,1129.9374063640873,1906.9052626835316,249.32908860119045,517.1155107490081,2.167402700892857,1834.600113635913,1129.9374063640873,1906.9052626835316,249.32908860119045
2026-02-14 15:00:00+00:00,971.67575,0.13099999999999978,4931.52425,835.9005000000001,2198.35275,272.975,1027.2212099977596,0.675197494386768,4432.656829056065,1099.716711902111,2153.7596620683,252.61916062176,517.1155107490081,2.167402700892857,1834.600113635913,1129.9374063640873,1906.9052626835316,249.32908860119045,517.1155107490081,2.167402700892857,1834.600113635913,1129.9374063640873,1906.9052626835316,249.32908860119045
2026-02-14 16:00:00+00:00,1039.2215,0.13099999999999978,4981.8595000000005,1464.48675,2278.7995,272.936,1073.6103733282048,0.07697256704196365,4733.044946989544,1555.1128902517135,2171.8388798910573,250.07662283911728,517.1155107490081,2.167402700892857,1834.600113635913,1129.9374063640873,1906.9052626835316,249.32908860119045,517.1155107490081,2.167402700892857,1834.600113635913,1129.9374063640873,1906.9052626835316,249.32908860119045
2026-02-14 17:00:00+00:00,1041.71825,0.13099999999999978,4994.7880000000005,1609.7322499999998,2301.24725,272.936,1078.4366595548474,0.8851147554144441,4754.021799858061,1539.7452745671326,2247.6331653029993,246.56671707057723,517.1155107490081,2.167402700892857,1834.600113635913,1129.9374063640873,1906.9052626835316,249.32908860119045,517.1155107490081,2.167402700892857,1834.600113635913,1129.9374063640873,1906.9052626835316,249.32908860119045
2026-02-14 18:00:00+00:00,1039.44325,0.13099999999999978,4979.46775,1523.1960000000001,2256.83075,272.896,1097.028143250149,-0.031822979886235725,4831.529084385858,1346.2112270127122,2222.5902269566695,251.00370916228042,517.1155107490081,2.167402700892857,1834.600113635913,1129.9374063640873,1906.9052626835316,249.32908860119045,517.1155107490081,2.167402700892857,1834.600113635913,1129.9374063640873,1906.9052626835316,249.32908860119045
2026-02-14 19:00:00+00:00,970.85825,0.13099999999999978,5005.2455,1127.6565000000003,2161.146,272.936,1122.2801598923484,-1.122406051249849,4740.330884533997,1030.6644408052075,2142.330168136229,244.13802453097182,517.1155107490081,2.167402700892857,1834.600113635913,1129.9374063640873,1906.9052626835316,249.32908860119045,517.1155107490081,2.167402700892857,1834.600113635913,1129.9374063640873,1906.9052626835316,249.32908860119045
2026-02-14 20:00:00+00:00,901.32575,0.13099999999999978,4926.782999999999,618.797,2073.26925,272.975,1224.6810781692864,0.0053374432357427,4370.975141666788,789.7076794473854,2065.4087046676364,246.9941074025779,517.1155107490081,2.167402700892857,1834.600113635913,1129.9374063640873,1906.9052626835316,249.32908860119045,517.1155107490081,2.167402700892857,1834.600113635913,1129.9374063640873,1906.9052626835316,249.32908860119045
2026-02-14 21:00:00+00:00,910.7465,0.13099999999999978,4884.94725,382.60799999999995,2008.45575,273.055,1179.3554378885037,0.5525804235907212,4430.5899590273175,683.3923814394965,2039.9564844578658,241.7909987219092,517.1155107490081,2.167402700892857,1834.600113635913,1129.9374063640873,1906.9052626835316,249.32908860119045,517.1155107490081,2.167402700892857,1834.600113635913,1129.9374063640873,1906.9052626835316,249.32908860119045
2026-02-14 22:00:00+00:00,922.40825,0.13099999999999978,4868.236,376.254,1967.0595,273.094,1114.406559812039,-1.040041676983651,4278.785609595433,547.8449453909603,2001.58575788737,252.27341527268393,517.1155107490081,2.167402700892857,1834.600113635913,1129.9374063640873,1906.9052626835316,249.32908860119045,517.1155107490081,2.167402700892857,1834.600113635913,1129.9374063640873,1906.9052626835316,249.32908860119045
2026-02-14 23:00:00+00:00,908.55375,0.13099999999999978,4187.84425,352.19849999999997,1925.725,269.771,1100.4186119222322,-0.8695875232592489,3903.672889792144,474.57577108335477,1970.9152280756582,247.43683593340086,517.1155107490081,2.167402700892857,1834.600113635913,1129.9374063640873,1906.9052626835316,249.32908860119045,517.1155107490081,2.167402700892857,1834.600113635913,1129.9374063640873,1906.9052626835316,249.32908860119045
2026-02-15 00:00:00+00:00,906.5035,0.13099999999999978,3828.649,356.2175,1915.94875,270.206,1017.883189783746,3.0262456352728,3385.7160781785456,444.8252340234052,1949.5374973670187,242.65489556789706,517.1155107490081,2.167402700892857,1834.600113635913,1129.9374063640873,1906.9052626835316,249.32908860119045,517.1155107490081,2.167402700892857,1834.600113635913,1129.9374063640873,1906.9052626835316,249.32908860119045
2026-02-15 01:00:00+00:00,905.485,0.13099999999999978,3335.3737499999997,360.69000000000005,1908.61725,269.89,933.097599751525,6.7997628311947675,3095.891966609568,406.8793672364635,1940.4471607719197,244.54649546046073,517.1155107490081,2.167402700892857,1834.600113635913,1129.9374063640873,1906.9052626835316,249.32908860119045,517.1155107490081,2.167402700892857,1834.600113635913,1129.9374063640873,1906.9052626835316,249.32908860119045
2026-02-15 02:00:00+00:00,907.601,0.13099999999999978,3015.2127499999997,362.02374999999995,1907.012,269.178,973.7136431283606,0.10442536237378386,2954.41247772324,427.8502730676769,1916.5213926766403,231.59064103945957,517.1155107490081,2.167402700892857,1834.600113635913,1129.9374063640873,1906.9052626835316,249.32908860119045,517.1155107490081,2.167402700892857,1834.600113635913,1129.9374063640873,1906.9052626835316,249.32908860119045
2026-02-15 03:00:00+00:00,900.63675,0.13099999999999978,2940.12975,358.96174999999994,1925.58225,269.217,945.7286573826113,-1.5075684197866233,3002.750724289061,404.3346979578291,1924.7851779813811,219.32089337483865,517.1155107490081,2.167402700892857,1834.600113635913,1129.9374063640873,1906.9052626835316,249.32908860119045,517.1155107490081,2.167402700892857,1834.600113635913,1129.9374063640873,1906.9052626835316,249.32908860119045
2026-02-15 04:00:00+00:00,886.8175,0.13099999999999978,2992.4595,368.30774999999994,1965.72225,269.257,938.4787239241647,-0.5306399678618003,3097.157258940947,375.888737562599,1915.5796130369633,231.3229636703215,517.1155107490081,2.167402700892857,1834.600113635913,1129.9374063640873,1906.9052626835316,249.32908860119045,517.1155107490081,2.167402700892857,1834.600113635913,1129.9374063640873,1906.9052626835316,249.32908860119045
2026-02-15 05:00:00+00:00,863.1347499999999,0.13099999999999978,2992.04775,368.58475,2098.84375,251.45425,921.9572378983701,-0.5306399678618003,2955.961689978738,403.4222327277845,1960.0538526255582,218.89234771328654,517.1155107490081,2.167402700892857,1834.600113635913,1129.9374063640873,1906.9052626835316,249.32908860119045,517.1155107490081,2.167402700892857,1834.600113635913,1129.9374063640873,1906.9052626835316,249.32908860119045
2026-02-15 06:00:00+00:00,747.369,0.13099999999999978,2847.7895,365.4575,2234.891,245.52,748.8774163245791,-0.5187692976056977,2823.972177207639,479.3395326611093,2087.2175003603197,220.90889546249338,517.1155107490081,2.167402700892857,1834.600113635913,1129.9374063640873,1906.9052626835316,249.32908860119045,517.1155107490081,2.167402700892857,1834.600113635913,1129.9374063640873,1906.9052626835316,249.32908860119045
2026-02-15 07:00:00+00:00,706.7645,0.13099999999999978,2853.0775000000003,460.77125,2269.21925,245.48,750.8929687169691,-1.4901855155844768,2603.360348462341,575.9082881594218,2167.670895375973,234.72128812234308,517.1155107490081,2.167402700892857,1834.600113635913,1129.9374063640873,1906.9052626835316,249.32908860119045,517.1155107490081,2.167402700892857,1834.600113635913,1129.9374063640873,1906.9052626835316,249.32908860119045
2026-02-15 08:00:00+00:00,603.102,0.13099999999999978,2670.68025,436.58375,2220.802,245.361,692.910871866166,-0.5166573064475526,2699.374822985772,471.5346300301702,2089.4783308377378,229.96943662677648,517.1155107490081,2.167402700892857,1834.600113635913,1129.9374063640873,1906.9052626835316,249.32908860119045,517.1155107490081,2.167402700892857,1834.600113635913,1129.9374063640873,1906.9052626835316,249.32908860119045
2026-02-15 09:00:00+00:00,468.83275000000003,0.13099999999999978,2209.5535,375.41824999999994,2148.15275,245.203,593.8685683213599,-0.27867900347077823,2304.769467032004,437.60444609409944,2071.4227346957155,226.98209544439692,517.1155107490081,2.167402700892857,1834.600113635913,1129.9374063640873,1906.9052626835316,249.32908860119045,517.1155107490081,2.167402700892857,1834.600113635913,1129.9374063640873,1906.9052626835316,249.32908860119045
2026-02-15 10:00:00+00:00,227.98825,0.13099999999999978,2088.64625,375.3085,2089.784,251.177,464.9899733830173,-0.36262649088162924,2201.9205915391494,455.1143684902029,2018.3452131642612,230.7684675048598,517.1155107490081,2.167402700892857,1834.600113635913,1129.9374063640873,1906.9052626835316,249.32908860119045,517.1155107490081,2.167402700892857,1834.600113635913,1129.9374063640873,1906.9052626835316,249.32908860119045
2026-02-15 11:00:00+00:00,183.89999999999998,0.13099999999999978,2042.6385,379.31774999999993,2016.559,253.946,280.77212372692304,-0.5244933225271557,2165.711430924134,422.8287512930118,1987.1115205768126,224.59687641333966,517.1155107490081,2.167402700892857,1834.600113635913,1129.9374063640873,1906.9052626835316,249.32908860119045,517.1155107490081,2.167402700892857,1834.600113635913,1129.9374063640873,1906.9052626835316,249.32908860119045
2026-02-15 12:00:00+00:00,181.5,0.13099999999999978,1979.1475,387.4682499999999,1988.0765000000001,255.647,227.514371422944,-0.8791459959861334,1895.0007171723462,435.11024342067924,2004.758353158865,225.73033388761743,517.1155107490081,2.167402700892857,1834.600113635913,1129.9374063640873,1906.9052626835316,249.32908860119045,517.1155107490081,2.167402700892857,1834.600113635913,1129.9374063640873,1906.9052626835316,249.32908860119045
2026-02-15 13:00:00+00:00,180.39999999999998,0.13099999999999978,1977.6585,383.8332499999999,2000.8485,255.291,243.09663212553238,-0.640722485872212,1772.4054565452388,415.94059095796206,1986.276776047548,237.05300576732998,517.1155107490081,2.167402700892857,1834.600113635913,1129.9374063640873,1906.9052626835316,249.32908860119045,517.1155107490081,2.167402700892857,1834.600113635913,1129.9374063640873,1906.9052626835316,249.32908860119045
2026-02-15 14:00:00+00:00,190.39999999999998,0.13099999999999978,2018.06625,377.30625,2037.72675,256.518,287.8390593103029,-0.4153077822356126,1803.0239711907052,452.06015216708806,2024.3119138876807,247.35659025540994,517.1155107490081,2.167402700892857,1834.600113635913,1129.9374063640873,1906.9052626835316,249.32908860119045,517.1155107490081,2.167402700892857,1834.600113635913,1129.9374063640873,1906.9052626835316,249.32908860119045
2026-02-15 15:00:00+00:00,177.39999999999998,0.13099999999999978,2157.9195,526.3152500000001,2140.9955,265.10275,341.80018644551365,-0.46047212393586534,2199.2811080681563,587.730544601231,2122.771697272515,239.0826884731401,517.1155107490081,2.167402700892857,1834.600113635913,1129.9374063640873,1906.9052626835316,249.32908860119045,517.1155107490081,2.167402700892857,1834.600113635913,1129.9374063640873,1906.9052626835316,249.32908860119045
2026-02-15 16:00:00+00:00,173.89999999999998,0.13099999999999978,2196.41775,1022.144,2221.89525,269.019,347.48273761162613,-1.0034075885293054,2536.296641331141,771.1178514896536,2135.3666581953253,234.33270036263923,517.1155107490081,2.167402700892857,1834.600113635913,1129.9374063640873,1906.9052626835316,249.32908860119045,517.1155107490081,2.167402700892857,1834.600113635913,1129.9374063640873,1906.9052626835316,249.32908860119045
2026-02-15 17:00:00+00:00,201.39999999999998,0.13099999999999978,2193.876,812.50675,2244.4342500000002,268.98,384.1977783373492,-1.149414316760888,2461.75277258094,835.3227293648636,2265.4173422174204,243.69996829445205,517.1155107490081,2.167402700892857,1834.600113635913,1129.9374063640873,1906.9052626835316,249.32908860119045,517.1155107490081,2.167402700892857,1834.600113635913,1129.9374063640873,1906.9052626835316,249.32908860119045
2026-02-15 18:00:00+00:00,182.39999999999998,0.13099999999999978,2165.23875,561.153,2215.5204999999996,268.98,365.78858747890456,-0.6552586937560232,2321.2156653154543,640.3636342619943,2203.2541518823136,242.42132570745784,517.1155107490081,2.167402700892857,1834.600113635913,1129.9374063640873,1906.9052626835316,249.32908860119045,517.1155107490081,2.167402700892857,1834.600113635913,1129.9374063640873,1906.9052626835316,249.32908860119045
2026-02-15 19:00:00+00:00,186.39999999999998,0.13099999999999978,2121.7365,422.61725,2126.41925,268.98,384.5690960183601,-1.0894991302205983,2312.8343546616256,488.51483008104844,2127.69203849057,245.44814751988807,517.1155107490081,2.167402700892857,1834.600113635913,1129.9374063640873,1906.9052626835316,249.32908860119045,517.1155107490081,2.167402700892857,1834.600113635913,1129.9374063640873,1906.9052626835316,249.32908860119045
2026-02-15 20:00:00+00:00,193.8,0.13099999999999978,2068.70325,397.06375,2050.9595,268.94,360.91517338966594,1.121449400094219,2449.311051615221,455.5594016497562,2078.7341164234695,242.9775846625649,517.1155107490081,2.167402700892857,1834.600113635913,1129.9374063640873,1906.9052626835316,249.32908860119045,517.1155107490081,2.167402700892857,1834.600113635913,1129.9374063640873,1906.9052626835316,249.32908860119045
2026-02-15 21:00:00+00:00,178.39999999999998,0.13099999999999978,2008.5172499999999,470.1115,1985.4085,268.94,347.0832929763228,5.926620966282492,2432.909708575942,444.90135757804774,2032.5559965345722,244.61185244644875,517.1155107490081,2.167402700892857,1834.600113635913,1129.9374063640873,1906.9052626835316,249.32908860119045,517.1155107490081,2.167402700892857,1834.600113635913,1129.9374063640873,1906.9052626835316,249.32908860119045
2026-02-15 22:00:00+00:00,175.10000000000002,0.13099999999999978,2007.3542499999999,408.00199999999995,1944.33675,268.94,257.3836592578617,1.5931847516684252,2443.136851644588,424.2749191767325,1985.0549477000611,256.1601362852495,517.1155107490081,2.167402700892857,1834.600113635913,1129.9374063640873,1906.9052626835316,249.32908860119045,517.1155107490081,2.167402700892857,1834.600113635913,1129.9374063640873,1906.9052626835316,249.32908860119045
2026-02-15 23:00:00+00:00,174.89999999999998,0.13099999999999978,1899.67175,392.3187499999999,1903.80575,272.936,261.6042625757927,1.1831701870264104,2183.2571773049763,417.8939675492294,1960.8414884007468,255.98749451028132,517.1155107490081,2.167402700892857,1834.600113635913,1129.9374063640873,1906.9052626835316,249.32908860119045,517.1155107490081,2.167402700892857,1834.600113635913,1129.9374063640873,1906.9052626835316,249.32908860119045
2026-02-16 00:00:00+00:00,173.8,0.13099999999999978,1897.62675,401.70624999999995,1886.2627499999999,272.936,261.49183635488646,1.4197066423931965,2116.8391845921774,438.0283739812893,1898.1691588747815,247.96201931516802,517.1155107490081,2.167402700892857,1834.600113635913,1129.9374063640873,1906.9052626835316,249.32908860119045,517.1155107490081,2.167402700892857,1834.600113635913,1129.9374063640873,1906.9052626835316,249.32908860119045
2026-02-16 01:00:00+00:00,175.89999999999998,0.13099999999999978,1896.0752499999999,448.4575,1875.74025,272.975,257.5727937473417,-0.5286496739639288,2018.2269030237176,455.697111717507,1902.6199761511298,250.7020942204762,517.1155107490081,2.167402700892857,1834.600113635913,1129.9374063640873,1906.9052626835316,249.32908860119045,517.1155107490081,2.167402700892857,1834.600113635913,1129.9374063640873,1906.9052626835316,249.32908860119045
2026-02-16 02:00:00+00:00,174.10000000000002,0.13099999999999978,1901.0462499999999,509.90625,1871.4965,272.975,256.2091337980108,-2.7770502046383476,1745.5248826495556,462.264294098847,1903.5518337747176,245.58529381685923,517.1155107490081,2.167402700892857,1834.600113635913,1129.9374063640873,1906.9052626835316,249.32908860119045,517.1155107490081,2.167402700892857,1834.600113635913,1129.9374063640873,1906.9052626835316,249.32908860119045
2026-02-16 03:00:00+00:00,187.2,0.13099999999999978,1911.12025,506.6332500000001,1884.0417499999999,272.975,244.81850418315315,-0.6605363687308969,1798.387647289861,459.89184562290995,1901.595603816314,258.06879633947074,517.1155107490081,2.167402700892857,1834.600113635913,1129.9374063640873,1906.9052626835316,249.32908860119045,517.1155107490081,2.167402700892857,1834.600113635913,1129.9374063640873,1906.9052626835316,249.32908860119045
2026-02-16 04:00:00+00:00,209.3,0.13099999999999978,1975.699,485.33175000000006,1910.11575,273.015,289.8041908816887,-0.21136811078600326,1992.486952633527,426.1892471462926,1912.0177793040568,244.93299138241395,517.1155107490081,2.167402700892857,1834.600113635913,1129.9374063640873,1906.9052626835316,249.32908860119045,517.1155107490081,2.167402700892857,1834.600113635913,1129.9374063640873,1906.9052626835316,249.32908860119045
2026-02-16 05:00:00+00:00,223.10000000000002,0.13099999999999978,2085.3247499999998,479.63824999999997,1996.787,264.11325,405.0370902568576,-1.390556323126963,2630.8334459511943,422.51799509915554,1994.3629533159992,261.6880488152371,517.1155107490081,2.167402700892857,1834.600113635913,1129.9374063640873,1906.9052626835316,249.32908860119045,517.1155107490081,2.167402700892857,1834.600113635913,1129.9374063640873,1906.9052626835316,249.32908860119045
2026-02-16 06:00:00+00:00,251.029,0.13099999999999978,2715.25,602.206,2117.557,261.146,492.63485129138866,-0.7177202044648725,2640.418081233311,579.6856145903873,2096.5656428774746,258.48381712694027,517.1155107490081,2.167402700892857,1834.600113635913,1129.9374063640873,1906.9052626835316,249.32908860119045,517.1155107490081,2.167402700892857,1834.600113635913,1129.9374063640873,1906.9052626835316,249.32908860119045
2026-02-16 07:00:00+00:00,496.62175,0.13099999999999978,3628.12575,562.1645000000001,2163.187,261.186,574.1334109667796,2.6054204118066178,3363.2767839003036,663.9163941157203,2212.6089784163814,260.7287297658949,517.1155107490081,2.167402700892857,1834.600113635913,1129.9374063640873,1906.9052626835316,249.32908860119045,517.1155107490081,2.167402700892857,1834.600113635913,1129.9374063640873,1906.9052626835316,249.32908860119045
2026-02-16 08:00:00+00:00,646.249,0.13099999999999978,3883.7375,622.1565,2145.50525,261.186,607.0754552736502,-1.4898855234629829,3601.288762123698,667.2991870315037,2121.1859795762057,260.1036488041201,517.1155107490081,2.167402700892857,1834.600113635913,1129.9374063640873,1906.9052626835316,249.32908860119045,517.1155107490081,2.167402700892857,1834.600113635913,1129.9374063640873,1906.9052626835316,249.32908860119045
2026-02-16 09:00:00+00:00,765.11275,0.13099999999999978,3811.80425,534.0930000000001,2084.763,261.226,691.5729801326634,-1.8962276749470246,3437.4479801046773,548.3142366247914,2071.291840542851,261.87475800523515,517.1155107490081,2.167402700892857,1834.600113635913,1129.9374063640873,1906.9052626835316,249.32908860119045,517.1155107490081,2.167402700892857,1834.600113635913,1129.9374063640873,1906.9052626835316,249.32908860119045
2026-02-16 10:00:00+00:00,659.23,0.13099999999999978,3735.21,631.55,2042.43125,270.127,701.0920575940157,-1.9936163921536925,3497.60693867369,575.434985805218,2049.7477286786175,256.9880533527164,517.1155107490081,2.167402700892857,1834.600113635913,1129.9374063640873,1906.9052626835316,249.32908860119045,517.1155107490081,2.167402700892857,1834.600113635913,1129.9374063640873,1906.9052626835316,249.32908860119045
2026-02-16 11:00:00+00:00,633.42175,0.13099999999999978,3633.2355,721.048,1979.79,273.411,611.277960411416,-0.8669588805314099,3371.3099482007374,548.382010629641,1979.3890726154991,255.53467875268325,517.1155107490081,2.167402700892857,1834.600113635913,1129.9374063640873,1906.9052626835316,249.32908860119045,517.1155107490081,2.167402700892857,1834.600113635913,1129.9374063640873,1906.9052626835316,249.32908860119045
2026-02-16 12:00:00+00:00,635.75775,0.13099999999999978,3492.831,520.88375,1962.77225,274.597,651.8223350361235,-0.13544311849664847,3341.157038333819,555.772777929518,1986.566335208256,253.80431478791576,517.1155107490081,2.167402700892857,1834.600113635913,1129.9374063640873,1906.9052626835316,249.32908860119045,517.1155107490081,2.167402700892857,1834.600113635913,1129.9374063640873,1906.9052626835316,249.32908860119045
2026-02-16 13:00:00+00:00,665.88325,0.13099999999999978,3662.366,607.52525,1967.29325,274.044,704.5079161350388,0.29490108633763357,3526.247292886301,532.0150242982033,2017.8566124856443,259.59542556953926,517.1155107490081,2.167402700892857,1834.600113635913,1129.9374063640873,1906.9052626835316,249.32908860119045,517.1155107490081,2.167402700892857,1834.600113635913,1129.9374063640873,1906.9052626835316,249.32908860119045
2026-02-16 14:00:00+00:00,838.3955000000001,0.13099999999999978,4020.594,540.241,2000.1125,274.4,796.428042509329,-1.8272852972961462,4012.2288198221395,591.5185423581986,2015.8307433040086,256.26740895580684,517.1155107490081,2.167402700892857,1834.600113635913,1129.9374063640873,1906.9052626835316,249.32908860119045,517.1155107490081,2.167402700892857,1834.600113635913,1129.9374063640873,1906.9052626835316,249.32908860119045
2026-02-16 15:00:00+00:00,958.5137499999998,0.13099999999999978,4183.12575,848.193,2089.4595,277.446,933.6789254742505,-1.5083269011238936,4410.9317609044465,833.3089657440685,2090.2705660660963,260.11658206583274,517.1155107490081,2.167402700892857,1834.600113635913,1129.9374063640873,1906.9052626835316,249.32908860119045,517.1155107490081,2.167402700892857,1834.600113635913,1129.9374063640873,1906.9052626835316,249.32908860119045
2026-02-16 16:00:00+00:00,1000.38775,0.13099999999999978,4248.8372500000005,1153.062,2199.19,286.466,926.2145319365746,-0.16986816733462362,4335.883200374665,1166.6822331653193,2153.0136644071667,255.18835290469497,517.1155107490081,2.167402700892857,1834.600113635913,1129.9374063640873,1906.9052626835316,249.32908860119045,517.1155107490081,2.167402700892857,1834.600113635913,1129.9374063640873,1906.9052626835316,249.32908860119045
2026-02-16 17:00:00+00:00,1062.1889999999999,0.13099999999999978,4254.66075,1272.22475,2233.45425,293.627,918.9034370576666,-2.417552764560917,4308.898029698575,1299.8578908776165,2084.9171087263494,265.89086747828367,517.1155107490081,2.167402700892857,1834.600113635913,1129.9374063640873,1906.9052626835316,249.32908860119045,517.1155107490081,2.167402700892857,1834.600113635913,1129.9374063640873,1906.9052626835316,249.32908860119045
2026-02-16 18:00:00+00:00,1010.2592500000001,0.13099999999999978,4252.5405,1318.2315000000003,2215.19925,285.081,801.5036395753907,-1.6580612983098342,4366.443626039146,1179.2904824835487,2183.560765608543,276.89412566176776,517.1155107490081,2.167402700892857,1834.600113635913,1129.9374063640873,1906.9052626835316,249.32908860119045,517.1155107490081,2.167402700892857,1834.600113635913,1129.9374063640873,1906.9052626835316,249.32908860119045
2026-02-16 19:00:00+00:00,950.64075,0.13099999999999978,4213.12225,931.9842500000001,2146.88,276.14,812.6214761579906,-2.560897340761198,4465.848613897491,724.8104258358122,2128.487116262984,265.501078503093,517.1155107490081,2.167402700892857,1834.600113635913,1129.9374063640873,1906.9052626835316,249.32908860119045,517.1155107490081,2.167402700892857,1834.600113635913,1129.9374063640873,1906.9052626835316,249.32908860119045
2026-02-16 20:00:00+00:00,888.71075,0.13099999999999978,4015.178,718.77375,2070.74575,273.055,885.2008790417992,-1.1074894593756026,4231.167587380687,674.7899831376164,2051.159681304195,263.14181889415715,517.1155107490081,2.167402700892857,1834.600113635913,1129.9374063640873,1906.9052626835316,249.32908860119045,517.1155107490081,2.167402700892857,1834.600113635913,1129.9374063640873,1906.9052626835316,249.32908860119045
2026-02-16 21:00:00+00:00,803.82525,0.13099999999999978,3687.7707500000006,569.0385000000001,2018.127,273.846,889.601172934851,2.904391581679748,3935.204078662581,611.9842333063442,2032.8829029771632,256.34396607823606,517.1155107490081,2.167402700892857,1834.600113635913,1129.9374063640873,1906.9052626835316,249.32908860119045,517.1155107490081,2.167402700892857,1834.600113635913,1129.9374063640873,1906.9052626835316,249.32908860119045
2026-02-16 22:00:00+00:00,691.2005,0.13099999999999978,3495.79525,527.211,1978.0839999999998,273.055,842.5801638601542,-0.6588243515493746,3240.8862585295615,560.252464044727,1992.4201569708723,252.5579748979614,517.1155107490081,2.167402700892857,1834.600113635913,1129.9374063640873,1906.9052626835316,249.32908860119045,517.1155107490081,2.167402700892857,1834.600113635913,1129.9374063640873,1906.9052626835316,249.32908860119045
2026-02-16 23:00:00+00:00,603.406,0.13099999999999978,3334.4955,476.2639999999999,1943.6685,254.223,671.0621491038474,-0.46863029907855935,3199.783971734051,531.3651707554981,1957.8982866835017,253.61415432298088,517.1155107490081,2.167402700892857,1834.600113635913,1129.9374063640873,1906.9052626835316,249.32908860119045,517.1155107490081,2.167402700892857,1834.600113635913,1129.9374063640873,1906.9052626835316,249.32908860119045
2026-02-17 00:00:00+00:00,601.4757500000001,0.13099999999999978,3356.7472500000003,472.45849999999996,1929.952,253.234,558.7662904788467,-0.20896363493789272,3154.173749871877,534.610028877513,1930.3728744038488,238.09002999233724,517.1155107490081,2.167402700892857,1834.600113635913,1129.9374063640873,1906.9052626835316,249.32908860119045,517.1155107490081,2.167402700892857,1834.600113635913,1129.9374063640873,1906.9052626835316,249.32908860119045
2026-02-17 01:00:00+00:00,601.25425,0.13099999999999978,3326.065,457.62725,1920.5505,253.274,579.1039090535477,-1.3694498482125157,3191.2048760598464,498.9820359851998,1918.661315332017,252.6930476007571,517.1155107490081,2.167402700892857,1834.600113635913,1129.9374063640873,1906.9052626835316,249.32908860119045,517.1155107490081,2.167402700892857,1834.600113635913,1129.9374063640873,1906.9052626835316,249.32908860119045
2026-02-17 02:00:00+00:00,599.1995,0.13099999999999978,3334.58175,463.91724999999997,1907.32025,253.274,566.315738082217,-0.7447088274792257,3300.1580724839423,512.4255135917489,1913.7973440299631,252.95539101280434,517.1155107490081,2.167402700892857,1834.600113635913,1129.9374063640873,1906.9052626835316,249.32908860119045,517.1155107490081,2.167402700892857,1834.600113635913,1129.9374063640873,1906.9052626835316,249.32908860119045
2026-02-17 03:00:00+00:00,603.2025,0.13099999999999978,3320.72525,498.1712500000001,1921.0475000000001,253.274,734.5688350549335,-1.0224631737181755,3317.0955278916117,508.2879061933522,1914.8357741362192,256.3146735441948,517.1155107490081,2.167402700892857,1834.600113635913,1129.9374063640873,1906.9052626835316,249.32908860119045,517.1155107490081,2.167402700892857,1834.600113635913,1129.9374063640873,1906.9052626835316,249.32908860119045
2026-02-17 04:00:00+00:00,658.9385,0.13099999999999978,3406.5860000000002,523.35925,1957.3375,253.274,879.7685091124383,-0.994166234985713,3886.3886448750445,507.9099783265308,1944.1143897533757,251.2593433524278,517.1155107490081,2.167402700892857,1834.600113635913,1129.9374063640873,1906.9052626835316,249.32908860119045,517.1155107490081,2.167402700892857,1834.600113635913,1129.9374063640873,1906.9052626835316,249.32908860119045
2026-02-17 05:00:00+00:00,946.686,0.13099999999999978,3889.8059999999996,798.47125,2051.54025,247.3495,986.9468345309695,-1.8450862352195485,4163.417265405024,588.5245793583999,2007.8516529634983,252.6639557041026,517.1155107490081,2.167402700892857,1834.600113635913,1129.9374063640873,1906.9052626835316,249.32908860119045,517.1155107490081,2.167402700892857,1834.600113635913,1129.9374063640873,1906.9052626835316,249.32908860119045
2026-02-17 06:00:00+00:00,1139.59325,0.13099999999999978,4232.9205,883.935,2146.1775,238.78425000000001,1051.729202364535,3.307254096851956,4243.365974384189,998.2155787468207,2084.5505936445634,237.7584093923719,517.1155107490081,2.167402700892857,1834.600113635913,1129.9374063640873,1906.9052626835316,249.32908860119045,517.1155107490081,2.167402700892857,1834.600113635913,1129.9374063640873,1906.9052626835316,249.32908860119045
2026-02-17 07:00:00+00:00,1192.47075,0.13099999999999978,4238.47275,1062.5615,2182.23675,236.31175000000002,1097.8325671733005,1.7345695457499906,4409.979851580417,1175.4043989103866,2193.5384534048108,248.68765457659964,517.1155107490081,2.167402700892857,1834.600113635913,1129.9374063640873,1906.9052626835316,249.32908860119045,517.1155107490081,2.167402700892857,1834.600113635913,1129.9374063640873,1906.9052626835316,249.32908860119045
2026-02-17 08:00:00+00:00,1197.6664999999998,0.13099999999999978,4221.53875,1059.8045,2167.2765,234.22475,1095.838990300228,7.525735704774533,4288.881753795948,976.1407017417674,2149.610996077586,232.83316964110065,517.1155107490081,2.167402700892857,1834.600113635913,1129.9374063640873,1906.9052626835316,249.32908860119045,517.1155107490081,2.167402700892857,1834.600113635913,1129.9374063640873,1906.9052626835316,249.32908860119045
2026-02-17 09:00:00+00:00,1085.19275,0.13099999999999978,4228.742,791.1880000000001,2122.298,233.532,1128.5585444859832,-0.36968418595500285,3984.931557744787,740.8206476431528,2078.0082128971853,246.1208728442975,517.1155107490081,2.167402700892857,1834.600113635913,1129.9374063640873,1906.9052626835316,249.32908860119045,517.1155107490081,2.167402700892857,1834.600113635913,1129.9374063640873,1906.9052626835316,249.32908860119045
2026-02-17 10:00:00+00:00,957.31025,0.13099999999999978,4004.01875,673.02875,2078.276,239.46675,1179.032082230586,-0.16938099823290598,4339.801549991838,736.1538377419337,2056.8344270718535,243.8120527541377,517.1155107490081,2.167402700892857,1834.600113635913,1129.9374063640873,1906.9052626835316,249.32908860119045,517.1155107490081,2.167402700892857,1834.600113635913,1129.9374063640873,1906.9052626835316,249.32908860119045
2026-02-17 11:00:00+00:00,868.19825,0.13099999999999978,3829.9885,692.9992500000001,2014.5995,241.484,1157.2238301687366,0.2197877700721549,4307.551757859804,666.2515555765277,2044.244085602358,247.11057545417628,517.1155107490081,2.167402700892857,1834.600113635913,1129.9374063640873,1906.9052626835316,249.32908860119045,517.1155107490081,2.167402700892857,1834.600113635913,1129.9374063640873,1906.9052626835316,249.32908860119045
2026-02-17 12:00:00+00:00,865.44875,0.13099999999999978,3687.549,538.3405,1985.57075,242.196,1033.6581559422602,0.6596243148313994,3907.404298035266,610.8943805804465,1984.9563230616618,243.4913320558577,517.1155107490081,2.167402700892857,1834.600113635913,1129.9374063640873,1906.9052626835316,249.32908860119045,517.1155107490081,2.167402700892857,1834.600113635913,1129.9374063640873,1906.9052626835316,249.32908860119045
2026-02-17 13:00:00+00:00,865.99525,0.08225000000000016,3788.3085,544.4177500000001,1983.1775,241.643,875.7005417237656,5.6006373801457645,3312.548441226786,591.1441354744156,2012.2296885819894,229.1318508546584,517.1155107490081,2.167402700892857,1834.600113635913,1129.9374063640873,1906.9052626835316,249.32908860119045,517.1155107490081,2.167402700892857,1834.600113635913,1129.9374063640873,1906.9052626835316,249.32908860119045
2026-02-17 14:00:00+00:00,880.46575,0.06599999999999984,3990.91175,540.3715000000001,2009.69175,241.484,859.7579977875153,3.0623380435867937,3787.3875804732797,608.1279624058213,2019.7784674122033,238.3230961562982,517.1155107490081,2.167402700892857,1834.600113635913,1129.9374063640873,1906.9052626835316,249.32908860119045,517.1155107490081,2.167402700892857,1834.600113635913,1129.9374063640873,1906.9052626835316,249.32908860119045
2026-02-17 15:00:00+00:00,1067.2910000000002,0.06599999999999984,4123.297500000001,582.8485000000001,2093.08925,262.21475,1055.542027053942,3.6292065508894678,4073.595144586965,745.4559120599206,2098.9989549133375,252.57447235244516,517.1155107490081,2.167402700892857,1834.600113635913,1129.9374063640873,1906.9052626835316,249.32908860119045,517.1155107490081,2.167402700892857,1834.600113635913,1129.9374063640873,1906.9052626835316,249.32908860119045
2026-02-17 16:00:00+00:00,1152.259,0.06599999999999984,4243.41025,741.4302499999999,2185.04275,270.918,1134.749575815346,9.297623805995329,3905.8196417903573,1081.504645036463,2155.448570814738,254.57739613704476,517.1155107490081,2.167402700892857,1834.600113635913,1129.9374063640873,1906.9052626835316,249.32908860119045,517.1155107490081,2.167402700892857,1834.600113635913,1129.9374063640873,1906.9052626835316,249.32908860119045
2026-02-17 17:00:00+00:00,1197.4525,0.06599999999999984,4291.86175,1103.1595,2229.6955,273.094,1059.5718461507367,6.556365555951087,4428.484138247847,1129.8011908311535,2093.97156756471,247.2616240961591,517.1155107490081,2.167402700892857,1834.600113635913,1129.9374063640873,1906.9052626835316,249.32908860119045,517.1155107490081,2.167402700892857,1834.600113635913,1129.9374063640873,1906.9052626835316,249.32908860119045
2026-02-17 18:00:00+00:00,1194.5327499999999,0.06599999999999984,4281.51125,740.065,2203.759,273.252,1112.4646083409698,1.4437018658093086,3975.6509378682676,915.299913126677,2168.41651562497,255.50057357044324,517.1155107490081,2.167402700892857,1834.600113635913,1129.9374063640873,1906.9052626835316,249.32908860119045,517.1155107490081,2.167402700892857,1834.600113635913,1129.9374063640873,1906.9052626835316,249.32908860119045
2026-02-17 19:00:00+00:00,1062.62875,0.06599999999999984,4153.21325,426.7505,2117.7345,269.99850000000004,977.8589157074709,0.8073174333969508,4077.933195373499,638.5138535153628,2153.3402930930156,249.58950789173193,517.1155107490081,2.167402700892857,1834.600113635913,1129.9374063640873,1906.9052626835316,249.32908860119045,517.1155107490081,2.167402700892857,1834.600113635913,1129.9374063640873,1906.9052626835316,249.32908860119045
2026-02-17 20:00:00+00:00,958.2819999999999,0.06599999999999984,4098.2945,445.7080000000001,2036.109,269.019,820.429338947602,0.8278790944644223,4114.074469184877,539.807185032685,2057.180846008534,256.69734653588785,517.1155107490081,2.167402700892857,1834.600113635913,1129.9374063640873,1906.9052626835316,249.32908860119045,517.1155107490081,2.167402700892857,1834.600113635913,1129.9374063640873,1906.9052626835316,249.32908860119045
2026-02-17 21:00:00+00:00,871.58375,0.06599999999999984,3881.2397499999997,460.07674999999995,1992.1979999999999,269.03875,839.3638198406506,1.5725456962641031,3969.416234394317,534.7783304570829,2014.8440640392246,248.67981477027274,517.1155107490081,2.167402700892857,1834.600113635913,1129.9374063640873,1906.9052626835316,249.32908860119045,517.1155107490081,2.167402700892857,1834.600113635913,1129.9374063640873,1906.9052626835316,249.32908860119045
2026-02-17 22:00:00+00:00,857.85325,0.06599999999999984,3765.92,448.18325000000004,1956.89275,270.167,823.8365828940687,-0.5926158316946335,3541.02210033791,533.3160949816739,1971.181101108747,243.2579097531899,517.1155107490081,2.167402700892857,1834.600113635913,1129.9374063640873,1906.9052626835316,249.32908860119045,517.1155107490081,2.167402700892857,1834.600113635913,1129.9374063640873,1906.9052626835316,249.32908860119045
2026-02-17 23:00:00+00:00,857.7072499999999,0.06599999999999984,4546.232,441.34024999999997,1892.2175,247.063,810.0189109507763,-0.4677815416524229,3362.1402839303937,503.6485718742158,1966.4562696817845,245.0853331186834,517.1155107490081,2.167402700892857,1834.600113635913,1129.9374063640873,1906.9052626835316,249.32908860119045,517.1155107490081,2.167402700892857,1834.600113635913,1129.9374063640873,1906.9052626835316,249.32908860119045
2026-02-18 00:00:00+00:00,855.159,0.06599999999999984,4613.43425,446.6395,1870.07275,247.063,812.7192467311932,-0.2066288398301932,3721.7705978162567,515.2253142202144,1931.7976420037628,232.93266309696452,517.1155107490081,2.167402700892857,1834.600113635913,1129.9374063640873,1906.9052626835316,249.32908860119045,517.1155107490081,2.167402700892857,1834.600113635913,1129.9374063640873,1906.9052626835316,249.32908860119045
2026-02-18 01:00:00+00:00,858.787,0.06599999999999984,4566.4685,454.741,1865.0845,246.35,841.2333452832474,-0.15895525683795242,3935.928419123664,499.6244495760815,1925.4082484875337,233.77999909992124,517.1155107490081,2.167402700892857,1834.600113635913,1129.9374063640873,1906.9052626835316,249.32908860119045,517.1155107490081,2.167402700892857,1834.600113635913,1129.9374063640873,1906.9052626835316,249.32908860119045
2026-02-18 02:00:00+00:00,865.39575,0.06599999999999984,4597.30675,450.10074999999995,1859.84025,245.23250000000002,924.2532482618591,-0.37624687943300916,4097.632194347579,483.6354793344025,1922.1723374683304,237.11503837477284,517.1155107490081,2.167402700892857,1834.600113635913,1129.9374063640873,1906.9052626835316,249.32908860119045,517.1155107490081,2.167402700892857,1834.600113635913,1129.9374063640873,1906.9052626835316,249.32908860119045
2026-02-18 03:00:00+00:00,880.59075,0.06599999999999984,4542.929,448.34574999999995,1872.2842500000002,241.64274999999998,977.0549700722604,-0.46128306417050213,4515.7406848414785,540.3067742495725,1922.6772601703944,235.12405280607916,517.1155107490081,2.167402700892857,1834.600113635913,1129.9374063640873,1906.9052626835316,249.32908860119045,517.1155107490081,2.167402700892857,1834.600113635913,1129.9374063640873,1906.9052626835316,249.32908860119045
2026-02-18 04:00:00+00:00,943.8552500000001,0.06599999999999984,4704.50075,506.61275,1902.49375,241.37575,1130.2026152074498,-0.2186129397942338,4588.235517621753,618.9254383348742,1916.8926687023413,230.65269004751576,517.1155107490081,2.167402700892857,1834.600113635913,1129.9374063640873,1906.9052626835316,249.32908860119045,517.1155107490081,2.167402700892857,1834.600113635913,1129.9374063640873,1906.9052626835316,249.32908860119045
2026-02-18 05:00:00+00:00,1102.4295,0.06599999999999984,4937.31325,1020.7365,1976.42575,237.9835,1260.1433224266161,-1.4754016858379249,4755.241764412106,1042.113523541019,1986.1364577691043,231.71226985496529,517.1155107490081,2.167402700892857,1834.600113635913,1129.9374063640873,1906.9052626835316,249.32908860119045,517.1155107490081,2.167402700892857,1834.600113635913,1129.9374063640873,1906.9052626835316,249.32908860119045
2026-02-18 06:00:00+00:00,1182.31525,0.06599999999999984,5122.18875,1919.6592499999997,2078.23175,240.683,1326.798994603173,-2.532679422711474,5349.527426447738,1838.3099723065768,2049.8674182836876,217.07679902000763,517.1155107490081,2.167402700892857,1834.600113635913,1129.9374063640873,1906.9052626835316,249.32908860119045,517.1155107490081,2.167402700892857,1834.600113635913,1129.9374063640873,1906.9052626835316,249.32908860119045
2026-02-18 07:00:00+00:00,1182.1075,0.06599999999999984,5042.507250000001,1884.18325,2157.45425,237.65675,1315.450674114928,0.8826489889412727,5257.88880954373,1759.2586331178263,2087.70179028924,227.150106763472,517.1155107490081,2.167402700892857,1834.600113635913,1129.9374063640873,1906.9052626835316,249.32908860119045,517.1155107490081,2.167402700892857,1834.600113635913,1129.9374063640873,1906.9052626835316,249.32908860119045
2026-02-18 08:00:00+00:00,1173.4245,0.06599999999999984,5008.889000000001,1633.0135,2164.8562500000003,237.7855,1356.4857083327151,5.949431767889981,5425.635425491988,1391.5713019779562,2051.9032655222827,208.20234201752663,517.1155107490081,2.167402700892857,1834.600113635913,1129.9374063640873,1906.9052626835316,249.32908860119045,517.1155107490081,2.167402700892857,1834.600113635913,1129.9374063640873,1906.9052626835316,249.32908860119045
2026-02-18 09:00:00+00:00,1126.05325,0.06599999999999984,4988.62825,877.22525,2122.2259999999997,234.73874999999998,1299.2330657215298,1.8551626418682061,5252.315612480426,932.6039371812217,2032.494683731969,220.80280998773637,517.1155107490081,2.167402700892857,1834.600113635913,1129.9374063640873,1906.9052626835316,249.32908860119045,517.1155107490081,2.167402700892857,1834.600113635913,1129.9374063640873,1906.9052626835316,249.32908860119045
2026-02-18 10:00:00+00:00,1067.403,0.06599999999999984,4848.15225,675.94025,2083.14675,239.30875,1195.9596546074408,-1.1914562626833693,5081.470590821304,833.1271954996603,2048.042425337778,252.31449283652165,517.1155107490081,2.167402700892857,1834.600113635913,1129.9374063640873,1906.9052626835316,249.32908860119045,517.1155107490081,2.167402700892857,1834.600113635913,1129.9374063640873,1906.9052626835316,249.32908860119045
2026-02-18 11:00:00+00:00,1035.97275,0.06599999999999984,4684.20575,628.1707500000001,2030.90375,241.445,1159.2162518563996,1.5091390037129027,4855.643340289661,762.9418328758763,1997.2317322904617,234.47877386601445,517.1155107490081,2.167402700892857,1834.600113635913,1129.9374063640873,1906.9052626835316,249.32908860119045,517.1155107490081,2.167402700892857,1834.600113635913,1129.9374063640873,1906.9052626835316,249.32908860119045
2026-02-18 12:00:00+00:00,1030.08275,0.12349999999999994,4831.6165,531.20675,2014.5815,241.484,1209.3702385139668,2.252125473812896,4681.178982726408,664.2295318805923,1986.390439610914,236.29631211727684,517.1155107490081,2.167402700892857,1834.600113635913,1129.9374063640873,1906.9052626835316,249.32908860119045,517.1155107490081,2.167402700892857,1834.600113635913,1129.9374063640873,1906.9052626835316,249.32908860119045
2026-02-18 13:00:00+00:00,1080.136,0.13099999999999978,4854.1355,516.14075,2023.0529999999999,241.366,1129.386570840141,3.7611846899321923,4618.321297225462,631.7046986614375,1973.8869891066784,215.48438333321582,517.1155107490081,2.167402700892857,1834.600113635913,1129.9374063640873,1906.9052626835316,249.32908860119045,517.1155107490081,2.167402700892857,1834.600113635913,1129.9374063640873,1906.9052626835316,249.32908860119045
2026-02-18 14:00:00+00:00,1230.1375,0.13099999999999978,4895.455,599.4460000000001,2054.85475,241.326,1219.6861494676305,2.667923589124643,4725.506665829573,666.8734313682598,1980.7627950643566,229.70148489925953,517.1155107490081,2.167402700892857,1834.600113635913,1129.9374063640873,1906.9052626835316,249.32908860119045,517.1155107490081,2.167402700892857,1834.600113635913,1129.9374063640873,1906.9052626835316,249.32908860119045
2026-02-18 15:00:00+00:00,1373.296,0.13099999999999978,4948.46975,1051.852,2158.2255,241.326,1423.756565955844,2.1594528247307334,4996.463281949282,1049.9371971057171,2051.401861873867,232.93185746877415,517.1155107490081,2.167402700892857,1834.600113635913,1129.9374063640873,1906.9052626835316,249.32908860119045,517.1155107490081,2.167402700892857,1834.600113635913,1129.9374063640873,1906.9052626835316,249.32908860119045
2026-02-18 16:00:00+00:00,1445.968,0.13099999999999978,4975.183,1889.27725,2260.31525,241.366,1427.5417221023467,4.989667391869129,5045.681086175688,1528.7367870278658,2125.943156365057,244.53158907885376,517.1155107490081,2.167402700892857,1834.600113635913,1129.9374063640873,1906.9052626835316,249.32908860119045,517.1155107490081,2.167402700892857,1834.600113635913,1129.9374063640873,1906.9052626835316,249.32908860119045
2026-02-18 17:00:00+00:00,1320.91975,0.13099999999999978,4974.0692500000005,1698.758,2293.77475,241.5435,1229.2396002454168,5.888886126364543,4946.7195810443045,1470.3025287591931,2247.4036217283,237.2470864270198,517.1155107490081,2.167402700892857,1834.600113635913,1129.9374063640873,1906.9052626835316,249.32908860119045,517.1155107490081,2.167402700892857,1834.600113635913,1129.9374063640873,1906.9052626835316,249.32908860119045
2026-02-18 18:00:00+00:00,1432.0810000000001,0.13099999999999978,5005.63625,761.7447500000001,2278.319,241.366,1164.6573426061216,5.753620370973073,4861.045580677833,981.9705721301546,2254.257274587611,236.1321032230395,517.1155107490081,2.167402700892857,1834.600113635913,1129.9374063640873,1906.9052626835316,249.32908860119045,517.1155107490081,2.167402700892857,1834.600113635913,1129.9374063640873,1906.9052626835316,249.32908860119045
2026-02-18 19:00:00+00:00,1170.1012500000002,0.13099999999999978,4748.17425,442.5,2200.88525,241.563,1128.245548775561,5.087421186947076,4737.332812308202,525.1083081657345,2162.9029833224204,238.84158061148185,517.1155107490081,2.167402700892857,1834.600113635913,1129.9374063640873,1906.9052626835316,249.32908860119045,517.1155107490081,2.167402700892857,1834.600113635913,1129.9374063640873,1906.9052626835316,249.32908860119045
2026-02-18 20:00:00+00:00,892.0065,0.13099999999999978,4469.0467499999995,435.1645,2115.18375,241.366,854.200902075127,0.6229891742291509,4048.5957889689535,463.9394473484988,2092.066734268273,234.51623785607723,517.1155107490081,2.167402700892857,1834.600113635913,1129.9374063640873,1906.9052626835316,249.32908860119045,517.1155107490081,2.167402700892857,1834.600113635913,1129.9374063640873,1906.9052626835316,249.32908860119045
2026-02-18 21:00:00+00:00,838.40575,0.13099999999999978,4374.21875,438.26225,2043.689,241.405,757.9991935313468,-0.7678017816908373,3841.9003592138324,398.1841429047862,2036.6926146544326,244.8644685806544,517.1155107490081,2.167402700892857,1834.600113635913,1129.9374063640873,1906.9052626835316,249.32908860119045,517.1155107490081,2.167402700892857,1834.600113635913,1129.9374063640873,1906.9052626835316,249.32908860119045
2026-02-18 22:00:00+00:00,750.44525,0.13099999999999978,4180.3189999999995,447.56975,1990.413,241.445,565.4130253486152,-0.25275646786001404,3352.55377933459,422.0505306415887,1995.499737501105,251.0371968805833,517.1155107490081,2.167402700892857,1834.600113635913,1129.9374063640873,1906.9052626835316,249.32908860119045,517.1155107490081,2.167402700892857,1834.600113635913,1129.9374063640873,1906.9052626835316,249.32908860119045
2026-02-18 23:00:00+00:00,426.78,0.13099999999999978,3162.02,461.3795,1926.44325,254.1045,464.1870879606806,-0.08632940840100378,2938.96327895342,406.70973772674836,1970.0569847799318,247.52594573902155,517.1155107490081,2.167402700892857,1834.600113635913,1129.9374063640873,1906.9052626835316,249.32908860119045,517.1155107490081,2.167402700892857,1834.600113635913,1129.9374063640873,1906.9052626835316,249.32908860119045
2026-02-19 00:00:00+00:00,414.27425,0.13099999999999978,2677.6465,466.2347500000001,1911.9635,245.203,340.88712245399375,-1.621218168175972,2599.0116885520656,425.00077321325296,1927.9314926397558,248.18587294478664,517.1155107490081,2.167402700892857,1834.600113635913,1129.9374063640873,1906.9052626835316,249.32908860119045,517.1155107490081,2.167402700892857,1834.600113635913,1129.9374063640873,1906.9052626835316,249.32908860119045
2026-02-19 01:00:00+00:00,414.809,0.13099999999999978,2437.77825,455.2852499999999,1896.97475,245.203,320.38596971654425,-1.8805773801795769,2531.1154319095285,417.12076133371295,1925.2366965326846,249.4061737765373,517.1155107490081,2.167402700892857,1834.600113635913,1129.9374063640873,1906.9052626835316,249.32908860119045,517.1155107490081,2.167402700892857,1834.600113635913,1129.9374063640873,1906.9052626835316,249.32908860119045
2026-02-19 02:00:00+00:00,415.25350000000003,0.13099999999999978,2472.5065,435.24199999999996,1885.656,245.203,350.88311026139957,-1.7455641485787474,2515.5870253527446,420.73511397356174,1919.9501611498079,245.64125020361413,517.1155107490081,2.167402700892857,1834.600113635913,1129.9374063640873,1906.9052626835316,249.32908860119045,517.1155107490081,2.167402700892857,1834.600113635913,1129.9374063640873,1906.9052626835316,249.32908860119045
2026-02-19 03:00:00+00:00,418.0915,0.13099999999999978,2501.26975,422.5435,1896.91425,245.203,356.2160978818765,3.276965134346775,2715.7563970971214,405.67144618483076,1924.7542001039587,249.12921070076362,517.1155107490081,2.167402700892857,1834.600113635913,1129.9374063640873,1906.9052626835316,249.32908860119045,517.1155107490081,2.167402700892857,1834.600113635913,1129.9374063640873,1906.9052626835316,249.32908860119045
2026-02-19 04:00:00+00:00,447.0775,0.13099999999999978,2619.0965,410.58349999999996,1932.68375,245.203,400.2108793944758,16.167670155870805,2885.3307344942323,413.3382272764196,1951.386924937151,247.1715208626836,517.1155107490081,2.167402700892857,1834.600113635913,1129.9374063640873,1906.9052626835316,249.32908860119045,517.1155107490081,2.167402700892857,1834.600113635913,1129.9374063640873,1906.9052626835316,249.32908860119045
2026-02-19 05:00:00+00:00,738.5015,0.13099999999999978,3291.04825,403.24149999999986,2033.04425,239.269,486.64625322232195,13.824291118251805,3512.1947539825396,432.79145109867034,2034.7507571916453,252.867706246327,517.1155107490081,2.167402700892857,1834.600113635913,1129.9374063640873,1906.9052626835316,249.32908860119045,517.1155107490081,2.167402700892857,1834.600113635913,1129.9374063640873,1906.9052626835316,249.32908860119045
2026-02-19 06:00:00+00:00,679.143,0.13099999999999978,3511.32675,407.1444999999999,2131.458,237.291,585.3002738670355,-2.4038403909022583,3367.0374545406285,672.2411524626133,2102.419977903087,240.15026069542398,517.1155107490081,2.167402700892857,1834.600113635913,1129.9374063640873,1906.9052626835316,249.32908860119045,517.1155107490081,2.167402700892857,1834.600113635913,1129.9374063640873,1906.9052626835316,249.32908860119045
2026-02-19 07:00:00+00:00,469.62775,0.13099999999999978,3691.45925,506.2059999999999,2179.639,237.291,467.1372696412747,1.7672246824286477,3512.1880518882053,723.6973478555307,2167.2181242960714,247.40822951635545,517.1155107490081,2.167402700892857,1834.600113635913,1129.9374063640873,1906.9052626835316,249.32908860119045,517.1155107490081,2.167402700892857,1834.600113635913,1129.9374063640873,1906.9052626835316,249.32908860119045
2026-02-19 08:00:00+00:00,417.392,0.13099999999999978,3518.752,608.0740000000001,2161.83725,237.291,455.19805511637503,-0.38560968798610507,3448.4641066333866,650.7793257445708,2133.8819224864287,252.2272580846056,517.1155107490081,2.167402700892857,1834.600113635913,1129.9374063640873,1906.9052626835316,249.32908860119045,517.1155107490081,2.167402700892857,1834.600113635913,1129.9374063640873,1906.9052626835316,249.32908860119045
2026-02-19 09:00:00+00:00,396.325,0.13099999999999978,3568.82625,575.7102500000001,2109.19825,237.33,415.23398750634044,-0.8711822782991092,3502.3163129806453,585.1578832875734,2069.5788894365746,242.6550247288299,517.1155107490081,2.167402700892857,1834.600113635913,1129.9374063640873,1906.9052626835316,249.32908860119045,517.1155107490081,2.167402700892857,1834.600113635913,1129.9374063640873,1906.9052626835316,249.32908860119045
2026-02-19 10:00:00+00:00,374.31175,0.13099999999999978,3489.74175,423.63275,2051.4905,243.26475,379.4658183441329,-0.22502504131247258,3411.996674590371,563.5930746626206,2051.5230563132586,257.38619818244945,517.1155107490081,2.167402700892857,1834.600113635913,1129.9374063640873,1906.9052626835316,249.32908860119045,517.1155107490081,2.167402700892857,1834.600113635913,1129.9374063640873,1906.9052626835316,249.32908860119045
2026-02-19 11:00:00+00:00,389.005,0.13099999999999978,3623.5315,414.42975,1993.05475,245.282,400.88866608350565,0.35630490636119005,3596.3409117593037,527.7514002157959,1992.4849158474733,248.20549209281776,517.1155107490081,2.167402700892857,1834.600113635913,1129.9374063640873,1906.9052626835316,249.32908860119045,517.1155107490081,2.167402700892857,1834.600113635913,1129.9374063640873,1906.9052626835316,249.32908860119045
2026-02-19 12:00:00+00:00,372.935,0.13099999999999978,3427.3410000000003,391.40575,1970.1175,245.322,340.1680121481363,7.6093834035063725,3418.118551592021,541.0250218607874,1998.3247043468414,246.87159066182636,517.1155107490081,2.167402700892857,1834.600113635913,1129.9374063640873,1906.9052626835316,249.32908860119045,517.1155107490081,2.167402700892857,1834.600113635913,1129.9374063640873,1906.9052626835316,249.32908860119045
2026-02-19 13:00:00+00:00,362.26125,0.13099999999999978,3378.02325,398.63024999999993,1969.70525,245.322,363.339707953369,2.5337385909323737,3113.0082977674306,605.5621403252903,1987.1143313056612,220.72026219105393,517.1155107490081,2.167402700892857,1834.600113635913,1129.9374063640873,1906.9052626835316,249.32908860119045,517.1155107490081,2.167402700892857,1834.600113635913,1129.9374063640873,1906.9052626835316,249.32908860119045
2026-02-19 14:00:00+00:00,370.187,0.13099999999999978,3608.5115,437.74700000000007,2000.00125,245.322,425.5408086814623,-0.9403874533125922,3619.654428298771,630.5084650952681,2011.4062897735816,223.28083635468124,517.1155107490081,2.167402700892857,1834.600113635913,1129.9374063640873,1906.9052626835316,249.32908860119045,517.1155107490081,2.167402700892857,1834.600113635913,1129.9374063640873,1906.9052626835316,249.32908860119045
2026-02-19 15:00:00+00:00,372.93275,0.13099999999999978,4045.7985,594.29575,2095.6655,245.322,428.2883677724699,0.8599763727056187,3737.5443510888445,704.2318618864159,2074.7772607503216,245.94448988697593,517.1155107490081,2.167402700892857,1834.600113635913,1129.9374063640873,1906.9052626835316,249.32908860119045,517.1155107490081,2.167402700892857,1834.600113635913,1129.9374063640873,1906.9052626835316,249.32908860119045
2026-02-19 16:00:00+00:00,290.0,0.13099999999999978,4235.812,858.93625,2176.4465,245.282,491.87243488721094,8.918255623344319,3926.85298800272,834.5610168554205,2097.5580301296122,242.42443402322354,517.1155107490081,2.167402700892857,1834.600113635913,1129.9374063640873,1906.9052626835316,249.32908860119045,517.1155107490081,2.167402700892857,1834.600113635913,1129.9374063640873,1906.9052626835316,249.32908860119045
2026-02-19 17:00:00+00:00,419.0,0.13099999999999978,4287.98825,747.64575,2218.37775,245.243,388.00588681403,5.937637454562763,3948.8244613414918,940.1642339078489,2210.298055232295,250.9298629754219,517.1155107490081,2.167402700892857,1834.600113635913,1129.9374063640873,1906.9052626835316,249.32908860119045,517.1155107490081,2.167402700892857,1834.600113635913,1129.9374063640873,1906.9052626835316,249.32908860119045
2026-02-19 18:00:00+00:00,413.5,0.13099999999999978,4268.0202500000005,596.036,2203.87,245.243,380.90886723339247,0.5464651849597832,3862.6569250345237,711.7319063406422,2222.8253947701232,250.0913374051007,517.1155107490081,2.167402700892857,1834.600113635913,1129.9374063640873,1906.9052626835316,249.32908860119045,517.1155107490081,2.167402700892857,1834.600113635913,1129.9374063640873,1906.9052626835316,249.32908860119045
2026-02-19 19:00:00+00:00,291.0,0.13099999999999978,4159.4529999999995,428.40225,2116.281,245.203,403.06898338628463,-1.5033861772218517,3697.991827469492,583.2539193809358,2125.99480540896,256.5560962430213,517.1155107490081,2.167402700892857,1834.600113635913,1129.9374063640873,1906.9052626835316,249.32908860119045,517.1155107490081,2.167402700892857,1834.600113635913,1129.9374063640873,1906.9052626835316,249.32908860119045
2026-02-19 20:00:00+00:00,188.25,0.13099999999999978,4229.0735,426.0060000000001,2033.99225,245.282,346.50160041033126,-2.4550497115302625,3690.8746311098066,544.6685431868257,2026.6919019458253,254.16534806422175,517.1155107490081,2.167402700892857,1834.600113635913,1129.9374063640873,1906.9052626835316,249.32908860119045,517.1155107490081,2.167402700892857,1834.600113635913,1129.9374063640873,1906.9052626835316,249.32908860119045
2026-02-19 21:00:00+00:00,175.05,0.13099999999999978,4163.38875,430.94925,1972.54125,245.361,326.07815729990466,-1.0721669311598836,3576.197362838885,486.65130203502576,2013.63331049949,258.17177050490983,517.1155107490081,2.167402700892857,1834.600113635913,1129.9374063640873,1906.9052626835316,249.32908860119045,517.1155107490081,2.167402700892857,1834.600113635913,1129.9374063640873,1906.9052626835316,249.32908860119045
2026-02-19 22:00:00+00:00,174.0,0.13099999999999978,4058.44625,432.23375,1931.098,245.401,296.3358310143475,-1.2039052788501405,3551.428677685468,435.4186105134694,1974.8481495506599,257.02344853563534,517.1155107490081,2.167402700892857,1834.600113635913,1129.9374063640873,1906.9052626835316,249.32908860119045,517.1155107490081,2.167402700892857,1834.600113635913,1129.9374063640873,1906.9052626835316,249.32908860119045
2026-02-19 23:00:00+00:00,200.10000000000002,0.13099999999999978,3559.62475,436.29599999999994,1884.031,286.98,273.62871917973604,-1.3055623747055276,3519.5197939479444,434.1998539517109,1941.7268502453671,252.494915333167,517.1155107490081,2.167402700892857,1834.600113635913,1129.9374063640873,1906.9052626835316,249.32908860119045,517.1155107490081,2.167402700892857,1834.600113635913,1129.9374063640873,1906.9052626835316,249.32908860119045
2026-02-20 00:00:00+00:00,197.60000000000002,0.13099999999999978,3394.59775,430.81475,1867.0755,288.998,248.43788177945743,2.7338094571541127,3431.187856919861,447.08367215509315,1911.8548232935818,250.4556779297737,517.1155107490081,2.167402700892857,1834.600113635913,1129.9374063640873,1906.9052626835316,249.32908860119045,517.1155107490081,2.167402700892857,1834.600113635913,1129.9374063640873,1906.9052626835316,249.32908860119045
2026-02-20 01:00:00+00:00,198.2,0.13099999999999978,3364.514,427.08825,1860.3105,289.037,292.3124683477807,-0.20132264570480052,3274.4609446296195,476.45033446352033,1898.7206283180046,246.347614384768,517.1155107490081,2.167402700892857,1834.600113635913,1129.9374063640873,1906.9052626835316,249.32908860119045,517.1155107490081,2.167402700892857,1834.600113635913,1129.9374063640873,1906.9052626835316,249.32908860119045
2026-02-20 02:00:00+00:00,199.8,0.13099999999999978,3345.2619999999997,411.28925000000004,1864.528,289.591,314.1740967239011,3.3517265658274384,3419.149967120648,457.4895036979225,1907.1499744799712,244.31062650612316,517.1155107490081,2.167402700892857,1834.600113635913,1129.9374063640873,1906.9052626835316,249.32908860119045,517.1155107490081,2.167402700892857,1834.600113635913,1129.9374063640873,1906.9052626835316,249.32908860119045
2026-02-20 03:00:00+00:00,313.50374999999997,0.13099999999999978,3348.41725,412.64474999999993,1877.2075,289.077,315.6650987269635,0.7363360167053075,3537.3918621851594,450.23646040272035,1903.4637116060173,241.51388839441603,517.1155107490081,2.167402700892857,1834.600113635913,1129.9374063640873,1906.9052626835316,249.32908860119045,517.1155107490081,2.167402700892857,1834.600113635913,1129.9374063640873,1906.9052626835316,249.32908860119045
2026-02-20 04:00:00+00:00,508.97974999999997,0.13099999999999978,3577.2512500000003,415.153,1916.91375,289.117,353.3329257133741,0.6439346818671068,3495.9751052691026,460.3343700401223,1940.8835733742544,249.0195506008699,517.1155107490081,2.167402700892857,1834.600113635913,1129.9374063640873,1906.9052626835316,249.32908860119045,517.1155107490081,2.167402700892857,1834.600113635913,1129.9374063640873,1906.9052626835316,249.32908860119045
2026-02-20 05:00:00+00:00,641.42675,0.13099999999999978,4045.5114999999996,473.38874999999996,2022.2415,283.97325,491.917969993238,-3.2319379989401935,3639.0157594869643,631.6635196746583,2011.9410259204815,247.791283777962,517.1155107490081,2.167402700892857,1834.600113635913,1129.9374063640873,1906.9052626835316,249.32908860119045,517.1155107490081,2.167402700892857,1834.600113635913,1129.9374063640873,1906.9052626835316,249.32908860119045
2026-02-20 06:00:00+00:00,814.80675,0.13099999999999978,3845.6627500000004,918.80075,2149.86475,284.686,615.7768730076729,7.22846838905375,3698.385633875262,967.235083683723,2106.3235570815773,237.41382586139218,517.1155107490081,2.167402700892857,1834.600113635913,1129.9374063640873,1906.9052626835316,249.32908860119045,517.1155107490081,2.167402700892857,1834.600113635913,1129.9374063640873,1906.9052626835316,249.32908860119045
2026-02-20 07:00:00+00:00,906.75725,0.13099999999999978,3877.8692499999997,1094.8912500000001,2203.64325,284.844,611.822655473224,4.740639688484182,3714.385301905142,1045.4136153688087,2163.6356797422877,230.01046588424973,517.1155107490081,2.167402700892857,1834.600113635913,1129.9374063640873,1906.9052626835316,249.32908860119045,517.1155107490081,2.167402700892857,1834.600113635913,1129.9374063640873,1906.9052626835316,249.32908860119045
2026-02-20 08:00:00+00:00,784.01575,0.13099999999999978,3887.44275,764.29975,2175.603,285.081,516.0994586704035,-0.2593023209891525,3473.769723068275,888.4276003282604,2120.189530542587,237.11870173972218,517.1155107490081,2.167402700892857,1834.600113635913,1129.9374063640873,1906.9052626835316,249.32908860119045,517.1155107490081,2.167402700892857,1834.600113635913,1129.9374063640873,1906.9052626835316,249.32908860119045
2026-02-20 09:00:00+00:00,539.3515,0.13099999999999978,3284.86325,693.8980000000001,2111.79275,285.2,444.62195961875676,-1.7111611156076596,3362.3031349057587,679.3699462157298,2089.328221528144,228.89494113695125,517.1155107490081,2.167402700892857,1834.600113635913,1129.9374063640873,1906.9052626835316,249.32908860119045,517.1155107490081,2.167402700892857,1834.600113635913,1129.9374063640873,1906.9052626835316,249.32908860119045
2026-02-20 10:00:00+00:00,475.237,0.13099999999999978,2682.09875,472.385,2061.2145,286.86175,433.46337549554494,2.6225550347557247,3263.3412807967725,563.5548926656827,1989.0410952518407,234.15781122535904,517.1155107490081,2.167402700892857,1834.600113635913,1129.9374063640873,1906.9052626835316,249.32908860119045,517.1155107490081,2.167402700892857,1834.600113635913,1129.9374063640873,1906.9052626835316,249.32908860119045
2026-02-20 11:00:00+00:00,522.1445,0.13099999999999978,2640.04075,400.15824999999995,1995.93175,292.915,506.1258831507225,3.7804568013420483,2981.4436963938997,590.8182307007058,1949.1713551795142,236.96286712913945,517.1155107490081,2.167402700892857,1834.600113635913,1129.9374063640873,1906.9052626835316,249.32908860119045,517.1155107490081,2.167402700892857,1834.600113635913,1129.9374063640873,1906.9052626835316,249.32908860119045
2026-02-20 12:00:00+00:00,684.49325,0.13099999999999978,2523.77825,396.39774999999986,1981.0755,292.756,602.7710152784668,2.536910254981224,2880.647684476387,591.8117454642903,1964.4782721138367,237.65860733803888,517.1155107490081,2.167402700892857,1834.600113635913,1129.9374063640873,1906.9052626835316,249.32908860119045,517.1155107490081,2.167402700892857,1834.600113635913,1129.9374063640873,1906.9052626835316,249.32908860119045
2026-02-20 13:00:00+00:00,692.11775,0.13099999999999978,2645.0935,492.30949999999984,1990.03425,290.778,619.5903291004058,1.154377013073386,2952.5718265974137,597.9202511668722,1952.9034029656723,242.46144574721626,517.1155107490081,2.167402700892857,1834.600113635913,1129.9374063640873,1906.9052626835316,249.32908860119045,517.1155107490081,2.167402700892857,1834.600113635913,1129.9374063640873,1906.9052626835316,249.32908860119045
2026-02-20 14:00:00+00:00,696.67425,0.13099999999999978,2788.251,445.3589999999999,2041.97825,289.037,733.0928335893803,-1.120937886632897,3148.9526322296324,691.0102203219985,2009.3262540875533,246.69258728903773,517.1155107490081,2.167402700892857,1834.600113635913,1129.9374063640873,1906.9052626835316,249.32908860119045,517.1155107490081,2.167402700892857,1834.600113635913,1129.9374063640873,1906.9052626835316,249.32908860119045
2026-02-20 15:00:00+00:00,707.74725,0.13099999999999978,2977.34925,678.1995000000001,2159.295,292.598,740.1957122131776,2.9174360451827708,3326.831744126738,704.9532104508207,2083.66727930943,224.40573589026923,517.1155107490081,2.167402700892857,1834.600113635913,1129.9374063640873,1906.9052626835316,249.32908860119045,517.1155107490081,2.167402700892857,1834.600113635913,1129.9374063640873,1906.9052626835316,249.32908860119045
2026-02-20 16:00:00+00:00,724.11775,0.13099999999999978,3043.5775,812.72775,2250.13425,293.191,746.3928897270741,-1.7564964893827288,3429.605485519779,820.3669810886087,2159.1423710598997,233.5012403598086,517.1155107490081,2.167402700892857,1834.600113635913,1129.9374063640873,1906.9052626835316,249.32908860119045,517.1155107490081,2.167402700892857,1834.600113635913,1129.9374063640873,1906.9052626835316,249.32908860119045
2026-02-20 17:00:00+00:00,730.72925,0.13099999999999978,2751.05475,448.2802499999999,2285.706,296.15875,797.6904031029065,-1.3990019169681593,3117.600833197921,838.1865503890158,2271.9140164430846,238.66074591801197,517.1155107490081,2.167402700892857,1834.600113635913,1129.9374063640873,1906.9052626835316,249.32908860119045,517.1155107490081,2.167402700892857,1834.600113635913,1129.9374063640873,1906.9052626835316,249.32908860119045
2026-02-20 18:00:00+00:00,726.5265,0.13099999999999978,2511.835,402.27125,2254.58075,292.835,657.8650783206026,-0.09746470246165728,2801.5427999711114,630.7631329117796,2222.7272291126274,250.8029674709103,517.1155107490081,2.167402700892857,1834.600113635913,1129.9374063640873,1906.9052626835316,249.32908860119045,517.1155107490081,2.167402700892857,1834.600113635913,1129.9374063640873,1906.9052626835316,249.32908860119045
2026-02-20 19:00:00+00:00,742.35275,0.13099999999999978,2392.02475,389.46425,2175.416,292.835,540.3374785582901,-1.1227233623431734,2572.521863862553,512.3482126784754,2104.912328892681,236.75884044204952,517.1155107490081,2.167402700892857,1834.600113635913,1129.9374063640873,1906.9052626835316,249.32908860119045,517.1155107490081,2.167402700892857,1834.600113635913,1129.9374063640873,1906.9052626835316,249.32908860119045
2026-02-20 20:00:00+00:00,561.047,0.13099999999999978,2381.68025,400.41625,2089.46425,292.835,370.6920491047428,-0.6683419412680678,2211.970179252501,486.96717308086886,2048.6922077671884,238.4188024376157,517.1155107490081,2.167402700892857,1834.600113635913,1129.9374063640873,1906.9052626835316,249.32908860119045,517.1155107490081,2.167402700892857,1834.600113635913,1129.9374063640873,1906.9052626835316,249.32908860119045
2026-02-20 21:00:00+00:00,378.47225000000003,0.13099999999999978,2359.51275,408.32624999999996,2014.5985,292.835,331.9792241075072,-0.04302616564084438,1849.3052600059677,462.274043043955,2001.7902642112676,243.02356419557967,517.1155107490081,2.167402700892857,1834.600113635913,1129.9374063640873,1906.9052626835316,249.32908860119045,517.1155107490081,2.167402700892857,1834.600113635913,1129.9374063640873,1906.9052626835316,249.32908860119045
2026-02-20 22:00:00+00:00,354.84725000000003,0.13099999999999978,2095.8917500000002,406.2024999999999,1953.846,292.875,302.26046151148876,2.3718630536712175,1743.9048808361247,502.05848000774984,1970.8888795503021,241.8410038164998,517.1155107490081,2.167402700892857,1834.600113635913,1129.9374063640873,1906.9052626835316,249.32908860119045,517.1155107490081,2.167402700892857,1834.600113635913,1129.9374063640873,1906.9052626835316,249.32908860119045
2026-02-20 23:00:00+00:00,410.8735,0.13099999999999978,1276.148,408.74575000000004,1900.03525,263.20349999999996,298.966517050885,-0.17987462692123302,1440.4914292761996,475.962013805614,1929.9693786598784,217.92347050851143,517.1155107490081,2.167402700892857,1834.600113635913,1129.9374063640873,1906.9052626835316,249.32908860119045,517.1155107490081,2.167402700892857,1834.600113635913,1129.9374063640873,1906.9052626835316,249.32908860119045
2026-02-21 00:00:00+00:00,409.73325,0.13099999999999978,1176.151,394.99799999999993,1887.8185,253.392,264.44780555289276,0.8887867531382874,1312.1901032595981,498.1943991012005,1873.8699166831225,230.05513741183861,517.1155107490081,2.167402700892857,1834.600113635913,1129.9374063640873,1906.9052626835316,249.32908860119045,517.1155107490081,2.167402700892857,1834.600113635913,1129.9374063640873,1906.9052626835316,249.32908860119045
2026-02-21 01:00:00+00:00,362.19675,0.13099999999999978,1180.59975,391.727,1883.412,253.353,247.6942402099853,7.3125784092248445,1338.1656370852143,503.36759769164826,1880.1285872701428,235.80058486406398,517.1155107490081,2.167402700892857,1834.600113635913,1129.9374063640873,1906.9052626835316,249.32908860119045,517.1155107490081,2.167402700892857,1834.600113635913,1129.9374063640873,1906.9052626835316,249.32908860119045
2026-02-21 02:00:00+00:00,204.5,0.13099999999999978,1187.8935000000001,388.61699999999996,1889.16225,253.392,271.18205560210856,-1.5631860798024024,1259.5163078332325,511.36086243243756,1867.6473686085476,236.89221288621582,517.1155107490081,2.167402700892857,1834.600113635913,1129.9374063640873,1906.9052626835316,249.32908860119045,517.1155107490081,2.167402700892857,1834.600113635913,1129.9374063640873,1906.9052626835316,249.32908860119045
2026-02-21 03:00:00+00:00,213.95,0.13099999999999978,1193.24025,387.06075,1907.50125,253.392,263.27231180187414,-1.5419934296020132,1120.8389508060197,512.5218847114738,1874.5433010587042,232.55503970013038,517.1155107490081,2.167402700892857,1834.600113635913,1129.9374063640873,1906.9052626835316,249.32908860119045,517.1155107490081,2.167402700892857,1834.600113635913,1129.9374063640873,1906.9052626835316,249.32908860119045
2026-02-21 04:00:00+00:00,236.0,0.13099999999999978,1202.5485,393.92425000000003,1948.1675,253.353,265.15273847291604,-1.0023946605854106,1005.9645392685494,527.6490483497117,1907.062260981135,224.76115899531356,517.1155107490081,2.167402700892857,1834.600113635913,1129.9374063640873,1906.9052626835316,249.32908860119045,517.1155107490081,2.167402700892857,1834.600113635913,1129.9374063640873,1906.9052626835316,249.32908860119045
2026-02-21 05:00:00+00:00,280.7,0.13099999999999978,1204.351,393.41149999999993,2081.89975,250.386,307.89559978346944,-1.0943190133990788,972.0974940752917,558.0430019492488,1932.0487877237329,241.29760919328194,517.1155107490081,2.167402700892857,1834.600113635913,1129.9374063640873,1906.9052626835316,249.32908860119045,517.1155107490081,2.167402700892857,1834.600113635913,1129.9374063640873,1906.9052626835316,249.32908860119045
2026-02-21 06:00:00+00:00,286.4,0.13099999999999978,1268.0952499999999,392.9492499999999,2231.8535,249.397,328.59231331087085,-0.7570562821771327,990.6256944111128,746.3347261083281,2027.972338792141,229.08147977024544,517.1155107490081,2.167402700892857,1834.600113635913,1129.9374063640873,1906.9052626835316,249.32908860119045,517.1155107490081,2.167402700892857,1834.600113635913,1129.9374063640873,1906.9052626835316,249.32908860119045
2026-02-21 07:00:00+00:00,284.25,0.13099999999999978,1346.51425,403.21524999999997,2278.438,249.397,384.2355037079377,-0.7282547863788915,1065.0384530493943,740.1973533909595,2076.3808774347376,206.7325451503259,517.1155107490081,2.167402700892857,1834.600113635913,1129.9374063640873,1906.9052626835316,249.32908860119045,517.1155107490081,2.167402700892857,1834.600113635913,1129.9374063640873,1906.9052626835316,249.32908860119045
2026-02-21 08:00:00+00:00,274.25,0.13099999999999978,1353.501,411.71849999999995,2256.951,249.357,366.8401300592893,-1.0475163193843842,1277.3378853962686,657.9045167913704,2049.7787182280285,214.46991484929583,517.1155107490081,2.167402700892857,1834.600113635913,1129.9374063640873,1906.9052626835316,249.32908860119045,517.1155107490081,2.167402700892857,1834.600113635913,1129.9374063640873,1906.9052626835316,249.32908860119045
2026-02-21 09:00:00+00:00,261.9,0.13099999999999978,1340.63275,418.78475000000003,2186.50675,249.357,358.01710189222047,-0.1227661853207862,1312.609195054153,612.2123948532615,2012.020726552834,222.37349849880917,517.1155107490081,2.167402700892857,1834.600113635913,1129.9374063640873,1906.9052626835316,249.32908860119045,517.1155107490081,2.167402700892857,1834.600113635913,1129.9374063640873,1906.9052626835316,249.32908860119045
2026-02-21 10:00:00+00:00,246.3,0.13099999999999978,1333.26975,449.52,2116.063,252.32399999999998,310.54669117466085,0.12850464408862372,1163.6998636793633,560.3432284098292,1956.591913495932,217.44241015683454,517.1155107490081,2.167402700892857,1834.600113635913,1129.9374063640873,1906.9052626835316,249.32908860119045,517.1155107490081,2.167402700892857,1834.600113635913,1129.9374063640873,1906.9052626835316,249.32908860119045
2026-02-21 11:00:00+00:00,232.85000000000002,0.13099999999999978,1330.297,419.63649999999996,2045.05225,253.274,277.8927650658824,0.3546856779328107,1029.3616949782427,569.0827311004817,1933.5099084172173,212.1996098224975,517.1155107490081,2.167402700892857,1834.600113635913,1129.9374063640873,1906.9052626835316,249.32908860119045,517.1155107490081,2.167402700892857,1834.600113635913,1129.9374063640873,1906.9052626835316,249.32908860119045
2026-02-21 12:00:00+00:00,222.39999999999998,0.13099999999999978,1274.12625,452.40599999999995,2028.0172499999999,253.274,280.1102016679395,0.19523399238148587,1061.052181171353,585.0009316693981,1964.5718096620278,228.09655953705456,517.1155107490081,2.167402700892857,1834.600113635913,1129.9374063640873,1906.9052626835316,249.32908860119045,517.1155107490081,2.167402700892857,1834.600113635913,1129.9374063640873,1906.9052626835316,249.32908860119045
2026-02-21 13:00:00+00:00,216.5,0.13099999999999978,1330.04525,492.0072499999999,2033.0842499999999,253.274,276.5512759103874,-0.9391731451914862,1108.3463650469525,584.0635906232875,2008.2195889750376,238.53110430417166,517.1155107490081,2.167402700892857,1834.600113635913,1129.9374063640873,1906.9052626835316,249.32908860119045,517.1155107490081,2.167402700892857,1834.600113635913,1129.9374063640873,1906.9052626835316,249.32908860119045
2026-02-21 14:00:00+00:00,215.35000000000002,0.13099999999999978,1365.3542499999999,659.307,2068.066,253.234,269.85861032320423,-0.3235979767698982,1082.9775725412178,679.8871359411562,2049.718156529887,227.23863369602333,517.1155107490081,2.167402700892857,1834.600113635913,1129.9374063640873,1906.9052626835316,249.32908860119045,517.1155107490081,2.167402700892857,1834.600113635913,1129.9374063640873,1906.9052626835316,249.32908860119045
2026-02-21 15:00:00+00:00,219.8,0.13099999999999978,1413.28625,1441.6454999999999,2156.8469999999998,257.0125,276.65893750470826,-0.43896528310464555,1415.4698727207856,663.2678243304847,2098.7026610815583,235.56523244629977,517.1155107490081,2.167402700892857,1834.600113635913,1129.9374063640873,1906.9052626835316,249.32908860119045,517.1155107490081,2.167402700892857,1834.600113635913,1129.9374063640873,1906.9052626835316,249.32908860119045
2026-02-21 16:00:00+00:00,264.9,0.13099999999999978,1471.0405,1642.3602500000002,2242.56425,256.913,409.1311867781643,-0.5986213966343521,1485.2342866760646,897.2533043870183,2125.8246509785536,226.83300598224616,517.1155107490081,2.167402700892857,1834.600113635913,1129.9374063640873,1906.9052626835316,249.32908860119045,517.1155107490081,2.167402700892857,1834.600113635913,1129.9374063640873,1906.9052626835316,249.32908860119045
2026-02-21 17:00:00+00:00,280.20000000000005,0.13099999999999978,1521.416,1592.6290000000004,2258.966,257.823,615.6033549649309,-0.14338157410210872,1729.4766498288848,834.2313220187826,2095.697541319728,230.24423100132208,517.1155107490081,2.167402700892857,1834.600113635913,1129.9374063640873,1906.9052626835316,249.32908860119045,517.1155107490081,2.167402700892857,1834.600113635913,1129.9374063640873,1906.9052626835316,249.32908860119045
2026-02-21 18:00:00+00:00,282.29999999999995,0.13099999999999978,1501.638,1705.90325,2230.6535,257.111,605.1675264012931,-0.35199085177670675,2226.2314926205863,721.024084305436,2108.185516533891,240.45398719038627,517.1155107490081,2.167402700892857,1834.600113635913,1129.9374063640873,1906.9052626835316,249.32908860119045,517.1155107490081,2.167402700892857,1834.600113635913,1129.9374063640873,1906.9052626835316,249.32908860119045
2026-02-21 19:00:00+00:00,274.30000000000007,0.13099999999999978,1447.2785,1535.5975,2129.94275,257.705,583.4672705464575,-0.6129891910736505,1686.7055275654254,628.1482240565362,2024.0478253432937,229.5991832272489,517.1155107490081,2.167402700892857,1834.600113635913,1129.9374063640873,1906.9052626835316,249.32908860119045,517.1155107490081,2.167402700892857,1834.600113635913,1129.9374063640873,1906.9052626835316,249.32908860119045
2026-02-21 20:00:00+00:00,227.2,0.13099999999999978,1416.0555,1022.7285,2040.2965,255.58825000000002,339.12591947748956,-1.0504183207846203,1539.6874901541348,540.7471210394538,1994.5162331764982,238.65021879177726,517.1155107490081,2.167402700892857,1834.600113635913,1129.9374063640873,1906.9052626835316,249.32908860119045,517.1155107490081,2.167402700892857,1834.600113635913,1129.9374063640873,1906.9052626835316,249.32908860119045
2026-02-21 21:00:00+00:00,198.3,0.13099999999999978,1390.3087500000001,1227.109,1976.79475,253.274,277.7430577633347,-0.5936319139281672,1410.275412115808,647.8334589294166,1972.2352285332972,220.74757838020477,517.1155107490081,2.167402700892857,1834.600113635913,1129.9374063640873,1906.9052626835316,249.32908860119045,517.1155107490081,2.167402700892857,1834.600113635913,1129.9374063640873,1906.9052626835316,249.32908860119045
2026-02-21 22:00:00+00:00,169.3,0.13099999999999978,1341.57125,1155.13925,1930.06725,256.162,263.5761898124666,-0.9162696749483801,1168.11674783858,641.823770045447,1968.4701265411525,227.94649325047797,517.1155107490081,2.167402700892857,1834.600113635913,1129.9374063640873,1906.9052626835316,249.32908860119045,517.1155107490081,2.167402700892857,1834.600113635913,1129.9374063640873,1906.9052626835316,249.32908860119045
2026-02-21 23:00:00+00:00,164.89999999999998,0.13099999999999978,1305.58075,670.39275,1887.4492500000001,261.542,267.69517827624793,0.8317959649029802,793.6876942532115,656.0275385859304,1946.870760501284,236.71556280131045,517.1155107490081,2.167402700892857,1834.600113635913,1129.9374063640873,1906.9052626835316,249.32908860119045,517.1155107490081,2.167402700892857,1834.600113635913,1129.9374063640873,1906.9052626835316,249.32908860119045
2026-02-22 00:00:00+00:00,163.14999999999998,0.13099999999999978,1229.18975,649.8557500000001,1878.5865,258.496,203.25319793760457,-0.570806411416616,726.5648431282859,643.0793229949468,1929.6257554624965,242.6270226854177,517.1155107490081,2.167402700892857,1834.600113635913,1129.9374063640873,1906.9052626835316,249.32908860119045,517.1155107490081,2.167402700892857,1834.600113635913,1129.9374063640873,1906.9052626835316,249.32908860119045
2026-02-22 01:00:00+00:00,141.89999999999998,0.13099999999999978,1143.10725,650.0930000000001,1871.83075,258.773,213.3428835720348,-0.8012509474663849,773.4579809093902,676.6103918551671,1926.236076767201,237.287779884741,517.1155107490081,2.167402700892857,1834.600113635913,1129.9374063640873,1906.9052626835316,249.32908860119045,517.1155107490081,2.167402700892857,1834.600113635913,1129.9374063640873,1906.9052626835316,249.32908860119045
2026-02-22 02:00:00+00:00,128.10000000000002,0.13099999999999978,1147.32425,671.31975,1870.5259999999998,258.338,194.48377864523786,-1.5199161088563988,881.2807215917688,653.1727208395362,1925.5174052389552,194.18553272259186,517.1155107490081,2.167402700892857,1834.600113635913,1129.9374063640873,1906.9052626835316,249.32908860119045,517.1155107490081,2.167402700892857,1834.600113635913,1129.9374063640873,1906.9052626835316,249.32908860119045
2026-02-22 03:00:00+00:00,114.5,0.13099999999999978,1155.883,695.48125,1887.88275,257.665,188.12205038972627,0.09364832481784724,749.2570046264843,670.02983881153,1923.7166106305615,205.46504636176908,517.1155107490081,2.167402700892857,1834.600113635913,1129.9374063640873,1906.9052626835316,249.32908860119045,517.1155107490081,2.167402700892857,1834.600113635913,1129.9374063640873,1906.9052626835316,249.32908860119045
2026-02-22 04:00:00+00:00,136.3,0.13099999999999978,1155.75075,703.98675,1929.44825,254.065,183.474772107155,-0.3197670947601843,682.2791521547458,622.3961393212437,1921.8196503842298,196.10885249351784,517.1155107490081,2.167402700892857,1834.600113635913,1129.9374063640873,1906.9052626835316,249.32908860119045,517.1155107490081,2.167402700892857,1834.600113635913,1129.9374063640873,1906.9052626835316,249.32908860119045
2026-02-22 05:00:00+00:00,140.7,0.13099999999999978,1148.839,711.7002500000001,2060.34675,250.22725,158.10643554005844,-1.2061727110064329,746.1071932210882,696.7281699243606,1895.8543106859868,218.9743226378862,517.1155107490081,2.167402700892857,1834.600113635913,1129.9374063640873,1906.9052626835316,249.32908860119045,517.1155107490081,2.167402700892857,1834.600113635913,1129.9374063640873,1906.9052626835316,249.32908860119045
2026-02-22 06:00:00+00:00,148.64999999999998,0.13099999999999978,1148.33125,711.8845,2209.9764999999998,249.238,146.21528547724438,-1.331674066910637,628.1639076506121,787.8345795914082,1958.7336857421506,205.07495808089638,517.1155107490081,2.167402700892857,1834.600113635913,1129.9374063640873,1906.9052626835316,249.32908860119045,517.1155107490081,2.167402700892857,1834.600113635913,1129.9374063640873,1906.9052626835316,249.32908860119045
2026-02-22 07:00:00+00:00,209.8,0.13099999999999978,1157.7885,711.5602500000001,2252.96125,249.238,163.5235040837046,0.6892912369761548,610.13825557767,815.0028228042197,2065.8300534943455,203.78446927482128,517.1155107490081,2.167402700892857,1834.600113635913,1129.9374063640873,1906.9052626835316,249.32908860119045,517.1155107490081,2.167402700892857,1834.600113635913,1129.9374063640873,1906.9052626835316,249.32908860119045
2026-02-22 08:00:00+00:00,204.2,0.13099999999999978,1157.775,731.7825,2209.6425,249.792,185.3671668813583,-1.2936851889398633,552.4989125513782,776.1835481935384,2053.3977699223587,213.57713687547783,517.1155107490081,2.167402700892857,1834.600113635913,1129.9374063640873,1906.9052626835316,249.32908860119045,517.1155107490081,2.167402700892857,1834.600113635913,1129.9374063640873,1906.9052626835316,249.32908860119045
2026-02-22 09:00:00+00:00,196.89999999999998,0.13099999999999978,1157.101,738.77075,2135.16975,251.454,189.38431624281583,-1.1295792886273102,578.9384954536042,640.8824981387506,1980.354903950818,247.43634742832648,517.1155107490081,2.167402700892857,1834.600113635913,1129.9374063640873,1906.9052626835316,249.32908860119045,517.1155107490081,2.167402700892857,1834.600113635913,1129.9374063640873,1906.9052626835316,249.32908860119045
2026-02-22 10:00:00+00:00,184.39999999999998,0.13099999999999978,1145.61025,730.5622500000001,2074.91375,255.489,183.735383218069,-0.5169958794790621,581.6277550010223,586.9671350575932,1991.246406274241,240.04628052159114,517.1155107490081,2.167402700892857,1834.600113635913,1129.9374063640873,1906.9052626835316,249.32908860119045,517.1155107490081,2.167402700892857,1834.600113635913,1129.9374063640873,1906.9052626835316,249.32908860119045
2026-02-22 11:00:00+00:00,166.7,0.13099999999999978,1145.235,733.1622500000001,2004.90625,257.23,164.6855080852124,-0.8104552777721561,617.7193035980515,556.8194230916386,1983.697670936637,248.80440606809114,517.1155107490081,2.167402700892857,1834.600113635913,1129.9374063640873,1906.9052626835316,249.32908860119045,517.1155107490081,2.167402700892857,1834.600113635913,1129.9374063640873,1906.9052626835316,249.32908860119045
2026-02-22 12:00:00+00:00,156.8,0.13099999999999978,1145.54375,725.8442500000001,1978.10625,259.287,172.15956349813342,-0.8616108959341244,567.5620238250976,550.1501062251349,1980.7787782243965,247.09290863317074,517.1155107490081,2.167402700892857,1834.600113635913,1129.9374063640873,1906.9052626835316,249.32908860119045,517.1155107490081,2.167402700892857,1834.600113635913,1129.9374063640873,1906.9052626835316,249.32908860119045
2026-02-22 13:00:00+00:00,150.10000000000002,0.13099999999999978,1145.877,728.4367500000001,1981.1665,258.694,142.21658160060997,-1.3467079481777438,544.7238916166261,538.1452567041486,1973.9314756266263,251.30087734306252,517.1155107490081,2.167402700892857,1834.600113635913,1129.9374063640873,1906.9052626835316,249.32908860119045,517.1155107490081,2.167402700892857,1834.600113635913,1129.9374063640873,1906.9052626835316,249.32908860119045
2026-02-22 14:00:00+00:00,153.45,0.13099999999999978,1146.32575,704.9602500000001,2022.76425,257.269,148.5748339290315,-0.8669863997166671,523.0524755139245,558.6950181184138,1909.9489553965002,235.91919105277475,517.1155107490081,2.167402700892857,1834.600113635913,1129.9374063640873,1906.9052626835316,249.32908860119045,517.1155107490081,2.167402700892857,1834.600113635913,1129.9374063640873,1906.9052626835316,249.32908860119045
2026-02-22 15:00:00+00:00,160.35000000000002,0.13099999999999978,1201.92675,752.3775,2139.80975,255.529,189.30362825254628,-0.7394709141046785,557.4125421095889,814.3641284978539,1963.406154994512,235.7731890320831,517.1155107490081,2.167402700892857,1834.600113635913,1129.9374063640873,1906.9052626835316,249.32908860119045,517.1155107490081,2.167402700892857,1834.600113635913,1129.9374063640873,1906.9052626835316,249.32908860119045
2026-02-22 16:00:00+00:00,177.10000000000002,0.13099999999999978,1229.266,1138.0872500000003,2249.90075,255.37,244.37530782541438,0.03990591598551685,736.7418810274369,1033.8770713887652,2014.110406453277,226.61352121496577,517.1155107490081,2.167402700892857,1834.600113635913,1129.9374063640873,1906.9052626835316,249.32908860119045,517.1155107490081,2.167402700892857,1834.600113635913,1129.9374063640873,1906.9052626835316,249.32908860119045
2026-02-22 17:00:00+00:00,220.0,0.13099999999999978,1333.84025,1564.5512500000002,2295.61775,254.025,315.9692267888489,-0.37491920925630984,694.0414656174664,1025.7342017040446,1986.7350395901608,219.0847199794416,517.1155107490081,2.167402700892857,1834.600113635913,1129.9374063640873,1906.9052626835316,249.32908860119045,517.1155107490081,2.167402700892857,1834.600113635913,1129.9374063640873,1906.9052626835316,249.32908860119045
2026-02-22 18:00:00+00:00,225.05,0.13099999999999978,1343.3980000000001,1361.4305,2290.30025,253.155,392.54295559297117,-0.5116990173738554,973.5714657519408,821.2174431360464,2111.2735143965297,228.4717909229602,517.1155107490081,2.167402700892857,1834.600113635913,1129.9374063640873,1906.9052626835316,249.32908860119045,517.1155107490081,2.167402700892857,1834.600113635913,1129.9374063640873,1906.9052626835316,249.32908860119045
2026-02-22 19:00:00+00:00,222.2,0.13099999999999978,1341.955,1492.21975,2224.8067499999997,253.195,290.7103621973173,1.5063788638715496,895.5395340863925,799.1592389920547,2057.1299169655586,235.26362991583272,517.1155107490081,2.167402700892857,1834.600113635913,1129.9374063640873,1906.9052626835316,249.32908860119045,517.1155107490081,2.167402700892857,1834.600113635913,1129.9374063640873,1906.9052626835316,249.32908860119045
2026-02-22 20:00:00+00:00,179.7,0.13099999999999978,1267.16275,1084.6032500000001,2139.05,253.748,268.65657892294826,1.4265414225022868,1020.4803374713963,738.9572024156437,1980.5857389013897,232.50885205454904,517.1155107490081,2.167402700892857,1834.600113635913,1129.9374063640873,1906.9052626835316,249.32908860119045,517.1155107490081,2.167402700892857,1834.600113635913,1129.9374063640873,1906.9052626835316,249.32908860119045
2026-02-22 21:00:00+00:00,175.85000000000002,0.13099999999999978,1215.42875,1150.1845,2067.6279999999997,257.19,218.12753588919475,-0.9287490432219356,983.8375779019676,636.9608730340249,1964.8748005730101,241.61352403006785,517.1155107490081,2.167402700892857,1834.600113635913,1129.9374063640873,1906.9052626835316,249.32908860119045,517.1155107490081,2.167402700892857,1834.600113635913,1129.9374063640873,1906.9052626835316,249.32908860119045
2026-02-22 22:00:00+00:00,172.39999999999998,0.13099999999999978,1216.9825,647.6220000000001,2011.73175,259.208,204.20750513324094,1.4598727506356375,1068.6008875908617,649.1854013094908,1947.093828667201,231.69358736265175,517.1155107490081,2.167402700892857,1834.600113635913,1129.9374063640873,1906.9052626835316,249.32908860119045,517.1155107490081,2.167402700892857,1834.600113635913,1129.9374063640873,1906.9052626835316,249.32908860119045
2026-02-22 23:00:00+00:00,147.2,0.13099999999999978,1212.12775,636.909,1957.9792499999999,267.47625,192.97577978002192,-0.839870616133195,822.6020854380984,599.6715761503751,1937.8428916797864,236.73608008508012,517.1155107490081,2.167402700892857,1834.600113635913,1129.9374063640873,1906.9052626835316,249.32908860119045,517.1155107490081,2.167402700892857,1834.600113635913,1129.9374063640873,1906.9052626835316,249.32908860119045
2026-02-23 00:00:00+00:00,147.05,0.13099999999999978,1214.699,634.743,1934.6655,257.902,188.1555336884324,-0.7641197642812307,585.4747417439792,570.7305299667132,1907.1604635570316,234.54530666664982,517.1155107490081,2.167402700892857,1834.600113635913,1129.9374063640873,1906.9052626835316,249.32908860119045,517.1155107490081,2.167402700892857,1834.600113635913,1129.9374063640873,1906.9052626835316,249.32908860119045
2026-02-23 01:00:00+00:00,150.8,0.13099999999999978,1220.83625,639.0792499999999,1915.417,256.795,184.28750812437477,-1.2110964370664319,598.1381905358585,538.8202974441804,1892.8058667833097,245.85193769833236,517.1155107490081,2.167402700892857,1834.600113635913,1129.9374063640873,1906.9052626835316,249.32908860119045,517.1155107490081,2.167402700892857,1834.600113635913,1129.9374063640873,1906.9052626835316,249.32908860119045
2026-02-23 02:00:00+00:00,150.64999999999998,0.13099999999999978,1198.3405,640.6537500000001,1909.09175,255.687,182.6633461927292,-1.0316725565770146,616.1565139825873,584.7300541745783,1859.6965763165613,247.53652999679048,517.1155107490081,2.167402700892857,1834.600113635913,1129.9374063640873,1906.9052626835316,249.32908860119045,517.1155107490081,2.167402700892857,1834.600113635913,1129.9374063640873,1906.9052626835316,249.32908860119045
2026-02-23 03:00:00+00:00,151.5,0.13099999999999978,1240.06025,642.50175,1922.93975,251.691,184.95221192624166,-0.17464619604380616,892.8745536582799,571.2485054312175,1890.5710349908115,235.69303973867392,517.1155107490081,2.167402700892857,1834.600113635913,1129.9374063640873,1906.9052626835316,249.32908860119045,517.1155107490081,2.167402700892857,1834.600113635913,1129.9374063640873,1906.9052626835316,249.32908860119045
2026-02-23 04:00:00+00:00,195.75,0.13099999999999978,1304.7255,646.33775,1964.7692499999998,243.38325,199.70809331983423,-0.749650411431003,1032.624245231566,577.8176384841662,1891.0731762186915,231.06341846777934,517.1155107490081,2.167402700892857,1834.600113635913,1129.9374063640873,1906.9052626835316,249.32908860119045,517.1155107490081,2.167402700892857,1834.600113635913,1129.9374063640873,1906.9052626835316,249.32908860119045
2026-02-23 05:00:00+00:00,216.7,0.13099999999999978,1422.10375,695.6740000000001,2089.2575,241.405,307.83928254858574,-0.5552559526095089,1279.635198251835,802.1936203389316,1968.5239654646655,236.93765098715994,517.1155107490081,2.167402700892857,1834.600113635913,1129.9374063640873,1906.9052626835316,249.32908860119045,517.1155107490081,2.167402700892857,1834.600113635913,1129.9374063640873,1906.9052626835316,249.32908860119045
2026-02-23 06:00:00+00:00,221.8,0.13099999999999978,1501.89075,1024.70375,2221.201,241.405,427.5392200668811,0.4582347660756916,1315.1561465877244,973.0971972686114,2014.8866341999185,218.54723961341003,517.1155107490081,2.167402700892857,1834.600113635913,1129.9374063640873,1906.9052626835316,249.32908860119045,517.1155107490081,2.167402700892857,1834.600113635913,1129.9374063640873,1906.9052626835316,249.32908860119045
2026-02-23 07:00:00+00:00,221.45,0.13099999999999978,1555.3165,1310.9797500000002,2255.214,241.405,422.12484770633444,-1.2158745175104775,1309.6039480504412,1015.6737069277503,1971.6218502303686,205.734360048645,517.1155107490081,2.167402700892857,1834.600113635913,1129.9374063640873,1906.9052626835316,249.32908860119045,517.1155107490081,2.167402700892857,1834.600113635913,1129.9374063640873,1906.9052626835316,249.32908860119045
2026-02-23 08:00:00+00:00,201.2,0.13099999999999978,1502.45425,1016.1337500000001,2225.68825,241.366,362.93006778891527,0.342365542535521,1195.492704274025,905.5692312284917,1956.4631062078975,213.7453605722601,517.1155107490081,2.167402700892857,1834.600113635913,1129.9374063640873,1906.9052626835316,249.32908860119045,517.1155107490081,2.167402700892857,1834.600113635913,1129.9374063640873,1906.9052626835316,249.32908860119045
2026-02-23 09:00:00+00:00,174.14999999999998,0.13099999999999978,1469.45425,717.5707500000001,2148.5225,241.366,296.2683313799995,2.0741169655877076,1206.3878249696695,709.0373014524453,1965.1466374239137,233.16628415576645,517.1155107490081,2.167402700892857,1834.600113635913,1129.9374063640873,1906.9052626835316,249.32908860119045,517.1155107490081,2.167402700892857,1834.600113635913,1129.9374063640873,1906.9052626835316,249.32908860119045
2026-02-23 10:00:00+00:00,149.5,0.13099999999999978,1356.977,670.6577500000001,2072.056,247.26,248.31842287608532,5.710781416554019,1141.371380805745,657.3344591828411,1946.0127646055018,228.8991745124193,517.1155107490081,2.167402700892857,1834.600113635913,1129.9374063640873,1906.9052626835316,249.32908860119045,517.1155107490081,2.167402700892857,1834.600113635913,1129.9374063640873,1906.9052626835316,249.32908860119045
2026-02-23 11:00:00+00:00,132.39999999999998,0.13099999999999978,1305.27475,672.59175,2002.5497500000001,249.199,213.82859248704057,1.301965228548272,1029.3878277645188,637.2342047018712,1915.4127330667097,229.5780415316188,517.1155107490081,2.167402700892857,1834.600113635913,1129.9374063640873,1906.9052626835316,249.32908860119045,517.1155107490081,2.167402700892857,1834.600113635913,1129.9374063640873,1906.9052626835316,249.32908860119045
2026-02-23 12:00:00+00:00,130.45,0.13099999999999978,1291.962,636.0210000000001,1978.3565,249.199,196.84654099315458,12.75558097968101,1037.964164784284,581.3127395861871,1886.7282395369182,250.99209810590511,517.1155107490081,2.167402700892857,1834.600113635913,1129.9374063640873,1906.9052626835316,249.32908860119045,517.1155107490081,2.167402700892857,1834.600113635913,1129.9374063640873,1906.9052626835316,249.32908860119045
2026-02-23 13:00:00+00:00,132.3,0.13099999999999978,1271.34575,658.28875,1980.896,249.199,196.28660531284487,11.77697384425828,769.2985176924315,606.3098166830038,1884.0413251662537,219.56739172868905,517.1155107490081,2.167402700892857,1834.600113635913,1129.9374063640873,1906.9052626835316,249.32908860119045,517.1155107490081,2.167402700892857,1834.600113635913,1129.9374063640873,1906.9052626835316,249.32908860119045
2026-02-23 14:00:00+00:00,150.8,0.13099999999999978,1400.9292500000001,654.5945,2020.04775,249.238,128.01054188219325,1.126986831977663,771.1574635602408,692.5095596740905,1877.959609465875,247.83095768831646,517.1155107490081,2.167402700892857,1834.600113635913,1129.9374063640873,1906.9052626835316,249.32908860119045,517.1155107490081,2.167402700892857,1834.600113635913,1129.9374063640873,1906.9052626835316,249.32908860119045
2026-02-23 15:00:00+00:00,175.39999999999998,0.13099999999999978,1469.2395000000001,651.6645000000001,2132.54,249.238,271.89593963004245,-0.6496928647357954,1078.4798763544127,819.5501177749583,1916.830599126956,238.12254471390364,517.1155107490081,2.167402700892857,1834.600113635913,1129.9374063640873,1906.9052626835316,249.32908860119045,517.1155107490081,2.167402700892857,1834.600113635913,1129.9374063640873,1906.9052626835316,249.32908860119045
2026-02-23 16:00:00+00:00,179.39999999999998,0.13099999999999978,1557.2875,1103.97775,2248.686,255.41,431.80001577083124,-4.79404538327654,1453.715877755284,1101.0509587042302,2048.263384746413,247.42069269544112,517.1155107490081,2.167402700892857,1834.600113635913,1129.9374063640873,1906.9052626835316,249.32908860119045,517.1155107490081,2.167402700892857,1834.600113635913,1129.9374063640873,1906.9052626835316,249.32908860119045
2026-02-23 17:00:00+00:00,225.5,0.13099999999999978,1636.342,1491.2295000000001,2280.8125,255.489,421.2687221726138,-0.37038339289395505,1817.2329065012175,1132.9276061527064,2197.2947338833937,255.73550272488333,517.1155107490081,2.167402700892857,1834.600113635913,1129.9374063640873,1906.9052626835316,249.32908860119045,517.1155107490081,2.167402700892857,1834.600113635913,1129.9374063640873,1906.9052626835316,249.32908860119045
2026-02-23 18:00:00+00:00,193.10000000000002,0.13099999999999978,1634.02825,1399.32025,2255.7557500000003,255.647,423.0742533382362,-1.0741010414008931,1393.4392114879788,897.1668389640056,2161.086189509182,232.5882534119376,517.1155107490081,2.167402700892857,1834.600113635913,1129.9374063640873,1906.9052626835316,249.32908860119045,517.1155107490081,2.167402700892857,1834.600113635913,1129.9374063640873,1906.9052626835316,249.32908860119045
2026-02-23 19:00:00+00:00,185.89999999999998,0.13099999999999978,1591.0555,1016.0765000000001,2171.9897499999997,256.636,325.0111729877408,-0.914317299957975,1672.69575198185,786.3363570374495,2092.1636132008707,220.29500684645166,517.1155107490081,2.167402700892857,1834.600113635913,1129.9374063640873,1906.9052626835316,249.32908860119045,517.1155107490081,2.167402700892857,1834.600113635913,1129.9374063640873,1906.9052626835316,249.32908860119045
2026-02-23 20:00:00+00:00,187.60000000000002,0.13099999999999978,1509.2005,766.6640000000001,2087.7685,249.318,303.88104452465393,-0.1577298815009307,1450.6477726928194,742.8467464936268,1992.3691607664632,211.7526418376744,517.1155107490081,2.167402700892857,1834.600113635913,1129.9374063640873,1906.9052626835316,249.32908860119045,517.1155107490081,2.167402700892857,1834.600113635913,1129.9374063640873,1906.9052626835316,249.32908860119045
2026-02-23 21:00:00+00:00,168.05,0.13099999999999978,1494.23525,727.1360000000001,2022.81275,253.432,368.9179878901605,-0.5560085295120896,1429.004149555316,622.0505749964907,1987.4932461010228,222.9003182306502,517.1155107490081,2.167402700892857,1834.600113635913,1129.9374063640873,1906.9052626835316,249.32908860119045,517.1155107490081,2.167402700892857,1834.600113635913,1129.9374063640873,1906.9052626835316,249.32908860119045
2026-02-23 22:00:00+00:00,167.45,0.13099999999999978,1492.5085,681.4687500000001,1972.17225,235.62924999999998,291.64082125294925,-0.3987815948821596,1294.9690955202495,611.6703034461281,1936.2398683314923,221.24172327941073,517.1155107490081,2.167402700892857,1834.600113635913,1129.9374063640873,1906.9052626835316,249.32908860119045,517.1155107490081,2.167402700892857,1834.600113635913,1129.9374063640873,1906.9052626835316,249.32908860119045
2026-02-23 23:00:00+00:00,160.39999999999998,0.13099999999999978,1769.71725,706.45475,1930.5484999999999,244.966,350.49475043973587,-0.2054922120699323,1335.5440053054767,656.6589058523493,1916.1452232298766,224.38318147520323,517.1155107490081,2.167402700892857,1834.600113635913,1129.9374063640873,1906.9052626835316,249.32908860119045,517.1155107490081,2.167402700892857,1834.600113635913,1129.9374063640873,1906.9052626835316,249.32908860119045
2026-02-24 00:00:00+00:00,161.06150000000002,0.13099999999999978,1812.133,741.30725,1915.44275,245.876,459.9737697844125,-0.26761108400547506,1340.3424885876107,600.2777206480342,1911.3760013072751,215.86772011074265,517.1155107490081,2.167402700892857,1834.600113635913,1129.9374063640873,1906.9052626835316,249.32908860119045,517.1155107490081,2.167402700892857,1834.600113635913,1129.9374063640873,1906.9052626835316,249.32908860119045
2026-02-24 01:00:00+00:00,305.87,0.13099999999999978,2357.387,775.75125,1899.76925,245.282,767.9485304864786,-0.3439348397427744,1811.8308174588115,619.2210028153411,1905.7681596482937,215.83632248444525,517.1155107490081,2.167402700892857,1834.600113635913,1129.9374063640873,1906.9052626835316,249.32908860119045,517.1155107490081,2.167402700892857,1834.600113635913,1129.9374063640873,1906.9052626835316,249.32908860119045
2026-02-24 02:00:00+00:00,416.903,0.13099999999999978,2749.52675,828.1102500000001,1895.08625,244.214,849.2755129103582,-0.1911899300637434,2240.2228552062197,586.7233946481157,1907.533708036163,210.21751271351883,517.1155107490081,2.167402700892857,1834.600113635913,1129.9374063640873,1906.9052626835316,249.32908860119045,517.1155107490081,2.167402700892857,1834.600113635913,1129.9374063640873,1906.9052626835316,249.32908860119045
2026-02-24 03:00:00+00:00,515.758,0.13099999999999978,3053.16925,930.9375000000002,1916.008,234.16525000000001,825.2276532672787,-0.7198589330489109,2532.683690889491,586.5837619455203,1888.4928314240692,206.47313698053318,517.1155107490081,2.167402700892857,1834.600113635913,1129.9374063640873,1906.9052626835316,249.32908860119045,517.1155107490081,2.167402700892857,1834.600113635913,1129.9374063640873,1906.9052626835316,249.32908860119045
2026-02-24 04:00:00+00:00,676.012,0.13099999999999978,3827.4885,1018.4847500000001,1946.97325,229.576,920.4618310011668,-0.7491647967910975,3062.239932343996,654.5823865377613,1902.148755587855,204.02479425691087,517.1155107490081,2.167402700892857,1834.600113635913,1129.9374063640873,1906.9052626835316,249.32908860119045,517.1155107490081,2.167402700892857,1834.600113635913,1129.9374063640873,1906.9052626835316,249.32908860119045
2026-02-24 05:00:00+00:00,929.6815,0.13099999999999978,4715.89725,1431.8835,2024.00375,236.5,921.0841311520487,-0.3384429889003937,4268.3918841290115,1024.370071804902,2007.09844711231,222.30666089580396,517.1155107490081,2.167402700892857,1834.600113635913,1129.9374063640873,1906.9052626835316,249.32908860119045,517.1155107490081,2.167402700892857,1834.600113635913,1129.9374063640873,1906.9052626835316,249.32908860119045
2026-02-24 06:00:00+00:00,1199.74775,0.13099999999999978,4813.837500000001,1963.4752500000002,2138.06075,245.361,1125.1701167602316,5.897710684569721,4619.658791093135,1613.811862028333,2095.086315766711,228.21672701685424,517.1155107490081,2.167402700892857,1834.600113635913,1129.9374063640873,1906.9052626835316,249.32908860119045,517.1155107490081,2.167402700892857,1834.600113635913,1129.9374063640873,1906.9052626835316,249.32908860119045
2026-02-24 07:00:00+00:00,1340.08475,0.13099999999999978,4826.61325,2406.2290000000003,2179.437,250.148,1207.585629779323,6.364126219011656,4841.306091561259,1773.6550805357265,2178.952322578216,201.7361168014062,517.1155107490081,2.167402700892857,1834.600113635913,1129.9374063640873,1906.9052626835316,249.32908860119045,517.1155107490081,2.167402700892857,1834.600113635913,1129.9374063640873,1906.9052626835316,249.32908860119045
2026-02-24 08:00:00+00:00,1417.255,0.13099999999999978,4815.35175,1961.4962500000001,2142.723,250.148,1230.3094211016178,5.149589416086576,4673.778747209684,1285.541250736847,2053.000909950195,219.61750040428677,517.1155107490081,2.167402700892857,1834.600113635913,1129.9374063640873,1906.9052626835316,249.32908860119045,517.1155107490081,2.167402700892857,1834.600113635913,1129.9374063640873,1906.9052626835316,249.32908860119045
2026-02-24 09:00:00+00:00,1491.17775,0.13099999999999978,4777.7375,1382.449,2069.82575,250.148,1199.0157138117588,-0.9046652432321269,4530.01346242304,1012.0334820720883,2022.4387983897798,209.15488705733463,517.1155107490081,2.167402700892857,1834.600113635913,1129.9374063640873,1906.9052626835316,249.32908860119045,517.1155107490081,2.167402700892857,1834.600113635913,1129.9374063640873,1906.9052626835316,249.32908860119045
2026-02-24 10:00:00+00:00,1476.2754999999997,0.13099999999999978,4726.818499999999,1345.83425,2020.1795,256.08275,1195.78161656661,-1.1043825431854764,4250.5024514177285,833.8531647077621,1949.8354320021647,197.17198323464223,517.1155107490081,2.167402700892857,1834.600113635913,1129.9374063640873,1906.9052626835316,249.32908860119045,517.1155107490081,2.167402700892857,1834.600113635913,1129.9374063640873,1906.9052626835316,249.32908860119045
2026-02-24 11:00:00+00:00,1305.38675,0.13099999999999978,4576.10175,1140.66775,1962.14475,254.738,1059.386221352031,-1.8859138330446625,4177.518451867669,793.2183487534974,1968.3491578493501,207.93291552529598,517.1155107490081,2.167402700892857,1834.600113635913,1129.9374063640873,1906.9052626835316,249.32908860119045,517.1155107490081,2.167402700892857,1834.600113635913,1129.9374063640873,1906.9052626835316,249.32908860119045
2026-02-24 12:00:00+00:00,1163.809,0.13099999999999978,4529.4349999999995,1188.37025,1955.68775,245.678,962.1340357592015,-1.5467371640844565,3943.1384914817836,771.3124534543642,1975.9145582548776,205.95312809225626,517.1155107490081,2.167402700892857,1834.600113635913,1129.9374063640873,1906.9052626835316,249.32908860119045,517.1155107490081,2.167402700892857,1834.600113635913,1129.9374063640873,1906.9052626835316,249.32908860119045
2026-02-24 13:00:00+00:00,1164.365,0.13099999999999978,4594.0830000000005,1108.8637500000002,1964.72275,254.738,942.0298620902985,5.635619951400605,3858.2845048558306,870.2713636415929,1970.2875729342752,221.66059672768228,517.1155107490081,2.167402700892857,1834.600113635913,1129.9374063640873,1906.9052626835316,249.32908860119045,517.1155107490081,2.167402700892857,1834.600113635913,1129.9374063640873,1906.9052626835316,249.32908860119045
2026-02-24 14:00:00+00:00,1186.68175,0.13099999999999978,4607.5689999999995,1191.5577500000002,1999.71075,258.061,1015.0596166806874,13.16929943905095,4218.729076007611,1010.8480465655934,1996.1494153540748,242.69131373100737,517.1155107490081,2.167402700892857,1834.600113635913,1129.9374063640873,1906.9052626835316,249.32908860119045,517.1155107490081,2.167402700892857,1834.600113635913,1129.9374063640873,1906.9052626835316,249.32908860119045
2026-02-24 15:00:00+00:00,1180.51575,0.13099999999999978,4721.6362500000005,1901.5985,2124.9342500000002,258.061,1110.0999065763435,17.742088665674473,4300.595370118217,1352.460460869964,1996.9583413515259,231.20178264581725,517.1155107490081,2.167402700892857,1834.600113635913,1129.9374063640873,1906.9052626835316,249.32908860119045,517.1155107490081,2.167402700892857,1834.600113635913,1129.9374063640873,1906.9052626835316,249.32908860119045
2026-02-24 16:00:00+00:00,1118.242,0.13099999999999978,4799.93125,2528.7,2255.5465,258.061,1272.4911086711031,9.974497003312973,5151.505138024861,1761.1335320149797,2074.4752858252373,227.9265950659794,517.1155107490081,2.167402700892857,1834.600113635913,1129.9374063640873,1906.9052626835316,249.32908860119045,517.1155107490081,2.167402700892857,1834.600113635913,1129.9374063640873,1906.9052626835316,249.32908860119045
2026-02-24 17:00:00+00:00,1117.4105,0.13099999999999978,4799.93225,2434.1217500000002,2295.79675,258.061,1142.8962350521397,12.874691274045142,5276.237225104348,1762.9004828300172,2089.9504185374317,200.70450590134388,517.1155107490081,2.167402700892857,1834.600113635913,1129.9374063640873,1906.9052626835316,249.32908860119045,517.1155107490081,2.167402700892857,1834.600113635913,1129.9374063640873,1906.9052626835316,249.32908860119045
2026-02-24 18:00:00+00:00,1113.37325,0.13099999999999978,4785.5045,2406.96825,2282.92075,258.061,1252.4754988745012,3.7768179067949257,4966.964914403111,1617.8381923399181,2280.7218051817263,218.47393780263474,517.1155107490081,2.167402700892857,1834.600113635913,1129.9374063640873,1906.9052626835316,249.32908860119045,517.1155107490081,2.167402700892857,1834.600113635913,1129.9374063640873,1906.9052626835316,249.32908860119045
2026-02-24 19:00:00+00:00,1113.0072499999999,0.13099999999999978,4770.378,1585.74475,2220.214,258.061,967.1432517219725,-1.1729955350981145,4446.367730895975,1192.4298764458583,2078.686185241911,225.81837899298495,517.1155107490081,2.167402700892857,1834.600113635913,1129.9374063640873,1906.9052626835316,249.32908860119045,517.1155107490081,2.167402700892857,1834.600113635913,1129.9374063640873,1906.9052626835316,249.32908860119045
2026-02-24 20:00:00+00:00,1071.8315,0.13099999999999978,4737.954,1322.4455,2137.25825,252.72,1050.0290744684585,2.1910326731273817,4313.131326428242,813.1697750555422,2007.7775509875755,216.4967235295415,517.1155107490081,2.167402700892857,1834.600113635913,1129.9374063640873,1906.9052626835316,249.32908860119045,517.1155107490081,2.167402700892857,1834.600113635913,1129.9374063640873,1906.9052626835316,249.32908860119045
2026-02-24 21:00:00+00:00,995.0615,0.13099999999999978,4707.11325,1290.0500000000002,2077.0785,243.7,906.4526561375546,-0.21573434346729314,4076.033966001314,736.3178745726168,1985.133354836744,210.96947209441498,517.1155107490081,2.167402700892857,1834.600113635913,1129.9374063640873,1906.9052626835316,249.32908860119045,517.1155107490081,2.167402700892857,1834.600113635913,1129.9374063640873,1906.9052626835316,249.32908860119045
2026-02-24 22:00:00+00:00,929.0435,0.13099999999999978,4530.1085,1144.90325,2014.23625,246.034,862.7580171708141,-0.22462569299663127,4148.944861544921,666.7276065515493,1965.9305998226491,208.56210383934874,517.1155107490081,2.167402700892857,1834.600113635913,1129.9374063640873,1906.9052626835316,249.32908860119045,517.1155107490081,2.167402700892857,1834.600113635913,1129.9374063640873,1906.9052626835316,249.32908860119045
2026-02-24 23:00:00+00:00,696.93175,0.13099999999999978,4077.084,1076.0055,1943.68025,270.88874999999996,892.3960709627504,-0.22462569299663127,3541.692683437722,658.6336302038046,1941.9511018409005,206.20080746813252,517.1155107490081,2.167402700892857,1834.600113635913,1129.9374063640873,1906.9052626835316,249.32908860119045,517.1155107490081,2.167402700892857,1834.600113635913,1129.9374063640873,1906.9052626835316,249.32908860119045
2026-02-25 00:00:00+00:00,602.37725,0.13099999999999978,3949.7960000000003,1071.289,1930.413,269.89,792.7136938164633,-0.19870504185476312,3513.2819723888906,667.958355472078,1938.7439764924363,215.26198618237328,517.1155107490081,2.167402700892857,1834.600113635913,1129.9374063640873,1906.9052626835316,249.32908860119045,517.1155107490081,2.167402700892857,1834.600113635913,1129.9374063640873,1906.9052626835316,249.32908860119045
2026-02-25 01:00:00+00:00,602.5095,0.13099999999999978,3949.456,1070.7442500000002,1923.6965,268.94,810.0839195666879,-0.2432593504892373,3320.2075681904316,607.1629331066167,1932.046297018129,211.09455395824358,517.1155107490081,2.167402700892857,1834.600113635913,1129.9374063640873,1906.9052626835316,249.32908860119045,517.1155107490081,2.167402700892857,1834.600113635913,1129.9374063640873,1906.9052626835316,249.32908860119045
2026-02-25 02:00:00+00:00,602.94325,0.13099999999999978,3958.10375,1058.3595,1921.5025,267.2985,799.4861400492132,-0.23482755004252187,3277.479631246273,620.9164236627809,1917.6081451671428,200.16338807379765,517.1155107490081,2.167402700892857,1834.600113635913,1129.9374063640873,1906.9052626835316,249.32908860119045,517.1155107490081,2.167402700892857,1834.600113635913,1129.9374063640873,1906.9052626835316,249.32908860119045
2026-02-25 03:00:00+00:00,629.2705,0.13099999999999978,3969.7964999999995,1185.0885,1936.69125,257.962,823.8954802496758,-0.28988673041736357,3537.31630207078,680.1662137638835,1899.870533146594,216.5552946419791,517.1155107490081,2.167402700892857,1834.600113635913,1129.9374063640873,1906.9052626835316,249.32908860119045,517.1155107490081,2.167402700892857,1834.600113635913,1129.9374063640873,1906.9052626835316,249.32908860119045
2026-02-25 04:00:00+00:00,780.265,0.13099999999999978,3987.441,1355.18125,1970.5985,250.31675,858.9003369125259,-0.11060269039372495,3610.868520541185,721.3509322025457,1919.8072271482783,222.59052607465748,517.1155107490081,2.167402700892857,1834.600113635913,1129.9374063640873,1906.9052626835316,249.32908860119045,517.1155107490081,2.167402700892857,1834.600113635913,1129.9374063640873,1906.9052626835316,249.32908860119045
2026-02-25 05:00:00+00:00,928.0185,0.13099999999999978,4028.5339999999997,1800.4205000000002,2066.0625,243.76874999999998,1008.8658914082338,0.782840308171366,4364.441838487969,1002.8419362307066,2028.414318130425,227.7294084420453,517.1155107490081,2.167402700892857,1834.600113635913,1129.9374063640873,1906.9052626835316,249.32908860119045,517.1155107490081,2.167402700892857,1834.600113635913,1129.9374063640873,1906.9052626835316,249.32908860119045
2026-02-25 06:00:00+00:00,1000.4970000000001,0.13099999999999978,4079.3192499999996,2088.175,2181.7055,241.84,1195.4534805262738,3.1325117595168193,4545.562545368619,1367.649268791138,2073.2586066715558,221.01519757880305,517.1155107490081,2.167402700892857,1834.600113635913,1129.9374063640873,1906.9052626835316,249.32908860119045,517.1155107490081,2.167402700892857,1834.600113635913,1129.9374063640873,1906.9052626835316,249.32908860119045
2026-02-25 07:00:00+00:00,959.7860000000001,0.13099999999999978,4013.87875,1537.3062499999999,2230.16625,255.311,1174.5645051639412,-0.22096810454633076,4525.942554927772,1139.2155508452379,2053.1359460448675,222.10880187543918,517.1155107490081,2.167402700892857,1834.600113635913,1129.9374063640873,1906.9052626835316,249.32908860119045,517.1155107490081,2.167402700892857,1834.600113635913,1129.9374063640873,1906.9052626835316,249.32908860119045
2026-02-25 08:00:00+00:00,868.741,0.13099999999999978,3831.03225,1265.4655,2204.00425,262.452,1018.0733319614991,1.9836925332877713,3442.987312828808,820.7339756374563,2009.3680030651958,223.45627603512426,517.1155107490081,2.167402700892857,1834.600113635913,1129.9374063640873,1906.9052626835316,249.32908860119045,517.1155107490081,2.167402700892857,1834.600113635913,1129.9374063640873,1906.9052626835316,249.32908860119045
2026-02-25 09:00:00+00:00,746.712,0.13099999999999978,3443.332,1223.8772500000002,2139.8827499999998,257.6945,830.4580197859543,0.8869437869427812,2841.715169831285,639.1919029329877,2007.6608646718394,231.1943611575347,517.1155107490081,2.167402700892857,1834.600113635913,1129.9374063640873,1906.9052626835316,249.32908860119045,517.1155107490081,2.167402700892857,1834.600113635913,1129.9374063640873,1906.9052626835316,249.32908860119045
2026-02-25 10:00:00+00:00,401.494,0.13099999999999978,2975.477,1202.5874999999999,2088.665,264.84575,775.4983056153344,1.493901638655725,1677.3410409056705,586.3944228856441,1919.695208633571,215.20291712788352,517.1155107490081,2.167402700892857,1834.600113635913,1129.9374063640873,1906.9052626835316,249.32908860119045,517.1155107490081,2.167402700892857,1834.600113635913,1129.9374063640873,1906.9052626835316,249.32908860119045
2026-02-25 11:00:00+00:00,330.46225000000004,0.13099999999999978,2549.8185,1139.6905000000002,2027.6185,270.404,525.7343318896085,4.249010315484151,1222.0179629371232,685.0319101054303,1847.2376894568567,237.68258141560833,517.1155107490081,2.167402700892857,1834.600113635913,1129.9374063640873,1906.9052626835316,249.32908860119045,517.1155107490081,2.167402700892857,1834.600113635913,1129.9374063640873,1906.9052626835316,249.32908860119045
2026-02-25 12:00:00+00:00,334.54949999999997,0.13099999999999978,2410.288,1149.7115000000001,2008.43125,272.066,300.088041466194,3.5636430097493603,995.2553994644957,729.7661040802246,1794.593522903212,234.65472803477692,517.1155107490081,2.167402700892857,1834.600113635913,1129.9374063640873,1906.9052626835316,249.32908860119045,517.1155107490081,2.167402700892857,1834.600113635913,1129.9374063640873,1906.9052626835316,249.32908860119045
2026-02-25 13:00:00+00:00,335.14075,0.13099999999999978,2523.47275,1129.3355,2007.49875,272.422,290.4682248222959,3.383404535204253,903.827657380406,833.0256610481006,1775.3890141569536,223.6609699538443,517.1155107490081,2.167402700892857,1834.600113635913,1129.9374063640873,1906.9052626835316,249.32908860119045,517.1155107490081,2.167402700892857,1834.600113635913,1129.9374063640873,1906.9052626835316,249.32908860119045
2026-02-25 14:00:00+00:00,334.97325,0.13099999999999978,3130.51475,1114.1915,2033.55475,260.949,538.9563308600557,2.1523785138546225,1435.7724273884191,914.8952526219522,1851.202570045849,221.374668209479,517.1155107490081,2.167402700892857,1834.600113635913,1129.9374063640873,1906.9052626835316,249.32908860119045,517.1155107490081,2.167402700892857,1834.600113635913,1129.9374063640873,1906.9052626835316,249.32908860119045
2026-02-25 15:00:00+00:00,361.22125,0.13099999999999978,3683.5562499999996,1348.424,2139.2265,256.55724999999995,647.3752889036575,0.4852477443821872,2689.8724205975786,977.7348362274703,1916.8338644313762,237.78218585025695,517.1155107490081,2.167402700892857,1834.600113635913,1129.9374063640873,1906.9052626835316,249.32908860119045,517.1155107490081,2.167402700892857,1834.600113635913,1129.9374063640873,1906.9052626835316,249.32908860119045
2026-02-25 16:00:00+00:00,434.67,0.13099999999999978,3990.9584999999997,2163.17175,2239.86575,263.16425,822.0072438850816,0.48900639917270095,3206.942850204404,1504.1748112398607,2021.0990398716096,216.7564466150509,517.1155107490081,2.167402700892857,1834.600113635913,1129.9374063640873,1906.9052626835316,249.32908860119045,517.1155107490081,2.167402700892857,1834.600113635913,1129.9374063640873,1906.9052626835316,249.32908860119045
2026-02-25 17:00:00+00:00,313.5,0.13099999999999978,4139.65625,1927.64975,2300.39275,262.373,619.0557291668504,0.697189617812279,2941.073053530783,1533.0557736871558,2038.7727111903112,218.58845337809905,517.1155107490081,2.167402700892857,1834.600113635913,1129.9374063640873,1906.9052626835316,249.32908860119045,517.1155107490081,2.167402700892857,1834.600113635913,1129.9374063640873,1906.9052626835316,249.32908860119045
2026-02-25 18:00:00+00:00,254.25,0.13099999999999978,4093.0085,1414.3457500000002,2302.848,259.45525,539.1053116324236,2.166520806971292,2696.934866749707,1194.7729497364253,1993.0451554998976,255.41420551818348,517.1155107490081,2.167402700892857,1834.600113635913,1129.9374063640873,1906.9052626835316,249.32908860119045,517.1155107490081,2.167402700892857,1834.600113635913,1129.9374063640873,1906.9052626835316,249.32908860119045
2026-02-25 19:00:00+00:00,192.175,0.13099999999999978,3741.33475,1045.94725,2234.4885,252.443,419.79249477984183,1.80657970888332,2425.768412627415,1071.303921852683,2147.0121607786923,237.6944091308762,517.1155107490081,2.167402700892857,1834.600113635913,1129.9374063640873,1906.9052626835316,249.32908860119045,517.1155107490081,2.167402700892857,1834.600113635913,1129.9374063640873,1906.9052626835316,249.32908860119045
2026-02-25 20:00:00+00:00,188.3,0.13099999999999978,3106.66,1020.9770000000001,2137.94375,253.709,445.680482398801,0.6665297135901738,2437.665882516015,833.0994610164253,2065.61744468092,257.4076373017952,517.1155107490081,2.167402700892857,1834.600113635913,1129.9374063640873,1906.9052626835316,249.32908860119045,517.1155107490081,2.167402700892857,1834.600113635913,1129.9374063640873,1906.9052626835316,249.32908860119045
2026-02-25 21:00:00+00:00,189.55,0.13099999999999978,2614.999,1013.2092500000001,2066.9145,256.36,351.6777913333367,0.30802268055000503,1806.103842939366,655.1949057656747,2018.3337948459907,236.45495782914878,517.1155107490081,2.167402700892857,1834.600113635913,1129.9374063640873,1906.9052626835316,249.32908860119045,517.1155107490081,2.167402700892857,1834.600113635913,1129.9374063640873,1906.9052626835316,249.32908860119045
2026-02-25 22:00:00+00:00,191.95,0.13099999999999978,2318.35275,1024.23675,2009.6435000000001,258.931,286.5499692044798,-0.047953325889563025,1689.208135436624,664.6818589068359,1956.6507810016801,229.37350666905937,517.1155107490081,2.167402700892857,1834.600113635913,1129.9374063640873,1906.9052626835316,249.32908860119045,517.1155107490081,2.167402700892857,1834.600113635913,1129.9374063640873,1906.9052626835316,249.32908860119045
2026-02-25 23:00:00+00:00,148.0,0.13099999999999978,1590.31575,1009.105,1946.81175,266.962,264.78170515211525,-0.5158170710136667,1653.0048174386295,598.9803810640332,1947.8748218665028,208.15755120888235,517.1155107490081,2.167402700892857,1834.600113635913,1129.9374063640873,1906.9052626835316,249.32908860119045,517.1155107490081,2.167402700892857,1834.600113635913,1129.9374063640873,1906.9052626835316,249.32908860119045
2026-02-26 00:00:00+00:00,148.25,0.13099999999999978,1302.746,1034.38925,1938.0055,265.973,190.9272479474937,-0.2798498284386497,1317.2369393745378,584.8624093019698,1930.6333688692932,201.178570457596,517.1155107490081,2.167402700892857,1834.600113635913,1129.9374063640873,1906.9052626835316,249.32908860119045,517.1155107490081,2.167402700892857,1834.600113635913,1129.9374063640873,1906.9052626835316,249.32908860119045
2026-02-26 01:00:00+00:00,149.0,0.13099999999999978,1299.14275,1016.5995000000001,1930.2997500000001,265.973,210.93028535709612,-0.4975309127297556,1152.3968837950156,542.031155688637,1924.6507961601937,204.25626485301956,517.1155107490081,2.167402700892857,1834.600113635913,1129.9374063640873,1906.9052626835316,249.32908860119045,517.1155107490081,2.167402700892857,1834.600113635913,1129.9374063640873,1906.9052626835316,249.32908860119045
2026-02-26 02:00:00+00:00,154.5,0.13099999999999978,1359.07125,1008.36825,1928.8452499999999,265.3,221.03490772772147,-0.3702365996975363,1182.8161285501478,587.8063077726991,1912.6989604618343,206.3407225048262,517.1155107490081,2.167402700892857,1834.600113635913,1129.9374063640873,1906.9052626835316,249.32908860119045,517.1155107490081,2.167402700892857,1834.600113635913,1129.9374063640873,1906.9052626835316,249.32908860119045
2026-02-26 03:00:00+00:00,160.75,0.13099999999999978,1762.87475,1012.8435000000002,1943.164,254.42100000000002,202.22804242641246,-0.40693977578080176,1281.319163819795,576.3274286469148,1898.326209108148,194.89278925386512,517.1155107490081,2.167402700892857,1834.600113635913,1129.9374063640873,1906.9052626835316,249.32908860119045,517.1155107490081,2.167402700892857,1834.600113635913,1129.9374063640873,1906.9052626835316,249.32908860119045
2026-02-26 04:00:00+00:00,152.0,0.13099999999999978,2316.49625,991.90625,1978.0675,245.717,244.27672479058612,-0.2574726594641099,1548.3861177203328,626.5891418154741,1929.6369867621263,203.02328542605431,517.1155107490081,2.167402700892857,1834.600113635913,1129.9374063640873,1906.9052626835316,249.32908860119045,517.1155107490081,2.167402700892857,1834.600113635913,1129.9374063640873,1906.9052626835316,249.32908860119045
2026-02-26 05:00:00+00:00,155.39999999999998,0.13099999999999978,2878.23675,1005.42275,2091.0,240.218,276.3510804641834,-0.16223653519489645,1675.8157867225236,793.456396848756,2042.8086823050007,214.9344161033539,517.1155107490081,2.167402700892857,1834.600113635913,1129.9374063640873,1906.9052626835316,249.32908860119045,517.1155107490081,2.167402700892857,1834.600113635913,1129.9374063640873,1906.9052626835316,249.32908860119045
2026-02-26 06:00:00+00:00,165.25,0.13099999999999978,3080.0155,1328.7065,2193.3269999999998,240.139,314.0290108185004,-0.8961636041920209,1831.4947761332107,1070.9723389927642,2075.0808263308127,212.4900110472366,517.1155107490081,2.167402700892857,1834.600113635913,1129.9374063640873,1906.9052626835316,249.32908860119045,517.1155107490081,2.167402700892857,1834.600113635913,1129.9374063640873,1906.9052626835316,249.32908860119045
2026-02-26 07:00:00+00:00,166.5,0.13099999999999978,2689.51875,1221.1615000000002,2230.76375,242.434,298.12677128998087,-1.0353962816640827,2198.1390757870868,835.8565419387921,2056.4902206230554,226.075646070947,517.1155107490081,2.167402700892857,1834.600113635913,1129.9374063640873,1906.9052626835316,249.32908860119045,517.1155107490081,2.167402700892857,1834.600113635913,1129.9374063640873,1906.9052626835316,249.32908860119045
2026-02-26 08:00:00+00:00,148.5,0.13099999999999978,2668.8272500000003,1085.15275,2189.2765,246.113,305.41392637061006,19.200432382616576,1991.1691412721652,763.7891160171803,2024.3935429498226,238.89361427129424,517.1155107490081,2.167402700892857,1834.600113635913,1129.9374063640873,1906.9052626835316,249.32908860119045,517.1155107490081,2.167402700892857,1834.600113635913,1129.9374063640873,1906.9052626835316,249.32908860119045
2026-02-26 09:00:00+00:00,155.35000000000002,0.13099999999999978,2388.911,1046.18825,2126.22825,250.504,345.43492877474586,3.6795952901156213,1006.5362842555004,716.8468694287039,1969.0814887787405,231.6691463124024,517.1155107490081,2.167402700892857,1834.600113635913,1129.9374063640873,1906.9052626835316,249.32908860119045,517.1155107490081,2.167402700892857,1834.600113635913,1129.9374063640873,1906.9052626835316,249.32908860119045
2026-02-26 10:00:00+00:00,151.64999999999998,0.13099999999999978,1899.35925,1070.673,2079.14125,260.51375,330.48398504078295,2.996670667900498,808.5509672748262,690.9472103528672,1913.6514522256023,231.96729965220374,517.1155107490081,2.167402700892857,1834.600113635913,1129.9374063640873,1906.9052626835316,249.32908860119045,517.1155107490081,2.167402700892857,1834.600113635913,1129.9374063640873,1906.9052626835316,249.32908860119045
2026-02-26 11:00:00+00:00,143.8,0.13099999999999978,1336.2175,1017.7930000000001,2009.64525,265.933,290.46809929591603,0.19568975580228853,606.0624867988065,848.2879260725222,1833.17377594083,234.06451673748765,517.1155107490081,2.167402700892857,1834.600113635913,1129.9374063640873,1906.9052626835316,249.32908860119045,517.1155107490081,2.167402700892857,1834.600113635913,1129.9374063640873,1906.9052626835316,249.32908860119045
2026-02-26 12:00:00+00:00,127.75,0.13099999999999978,1159.04925,1024.677,1996.88025,265.933,198.98118055906247,1.2806410775396075,576.0673119130365,913.4020481067328,1794.298769900544,215.3536847385772,517.1155107490081,2.167402700892857,1834.600113635913,1129.9374063640873,1906.9052626835316,249.32908860119045,517.1155107490081,2.167402700892857,1834.600113635913,1129.9374063640873,1906.9052626835316,249.32908860119045
2026-02-26 13:00:00+00:00,131.25,0.13099999999999978,1125.163,1045.242,2001.0915,265.933,145.55193263532487,0.21534114491597833,498.46060365777385,1004.5299361175291,1787.8747418087469,244.91920067273188,517.1155107490081,2.167402700892857,1834.600113635913,1129.9374063640873,1906.9052626835316,249.32908860119045,517.1155107490081,2.167402700892857,1834.600113635913,1129.9374063640873,1906.9052626835316,249.32908860119045
2026-02-26 14:00:00+00:00,138.0,0.13099999999999978,1162.50225,1018.5862500000001,2032.88775,265.933,208.4865507710037,0.8314875166291178,673.274734579411,1051.3114811698074,1804.5937637773882,269.31333301063853,517.1155107490081,2.167402700892857,1834.600113635913,1129.9374063640873,1906.9052626835316,249.32908860119045,517.1155107490081,2.167402700892857,1834.600113635913,1129.9374063640873,1906.9052626835316,249.32908860119045
2026-02-26 15:00:00+00:00,160.0,0.13099999999999978,1389.349,1373.5655000000002,2155.92875,265.933,297.31708950656383,0.9024806175305271,978.5001199397555,1158.9181186387932,1936.677430279811,276.610875763378,517.1155107490081,2.167402700892857,1834.600113635913,1129.9374063640873,1906.9052626835316,249.32908860119045,517.1155107490081,2.167402700892857,1834.600113635913,1129.9374063640873,1906.9052626835316,249.32908860119045
2026-02-26 16:00:00+00:00,160.0,0.13099999999999978,1719.531,2086.46225,2270.3289999999997,264.391,436.6059640492948,2.47909932427406,1989.1507671785498,1484.0911490637725,2040.9031471199073,248.8471444839754,517.1155107490081,2.167402700892857,1834.600113635913,1129.9374063640873,1906.9052626835316,249.32908860119045,517.1155107490081,2.167402700892857,1834.600113635913,1129.9374063640873,1906.9052626835316,249.32908860119045
2026-02-26 17:00:00+00:00,160.0,0.13099999999999978,1735.751,2044.97475,2311.07125,263.164,481.2404444260758,2.1012334449041536,2226.111194827792,1570.4739935870807,1997.936697903102,268.04780280504013,517.1155107490081,2.167402700892857,1834.600113635913,1129.9374063640873,1906.9052626835316,249.32908860119045,517.1155107490081,2.167402700892857,1834.600113635913,1129.9374063640873,1906.9052626835316,249.32908860119045
2026-02-26 18:00:00+00:00,160.0,0.13099999999999978,1716.47075,1292.879,2303.059,263.639,351.32838999389173,3.769899856342931,1740.8456253996508,1166.7602254007406,2093.838430402568,254.61312685838007,517.1155107490081,2.167402700892857,1834.600113635913,1129.9374063640873,1906.9052626835316,249.32908860119045,517.1155107490081,2.167402700892857,1834.600113635913,1129.9374063640873,1906.9052626835316,249.32908860119045
2026-02-26 19:00:00+00:00,145.0,0.13099999999999978,1685.8712500000001,1009.4357500000001,2237.716,264.47,251.7532082000718,1.5321752183611632,1439.708697906549,1005.1085517675988,2047.1126313589334,273.8246140140391,517.1155107490081,2.167402700892857,1834.600113635913,1129.9374063640873,1906.9052626835316,249.32908860119045,517.1155107490081,2.167402700892857,1834.600113635913,1129.9374063640873,1906.9052626835316,249.32908860119045
2026-02-26 20:00:00+00:00,146.0,0.13099999999999978,1633.72325,886.4425000000001,2148.8345,265.973,270.82572538837104,0.9593451927243113,1327.8130012875467,1052.6276699327113,1972.042019912153,277.4743582747193,517.1155107490081,2.167402700892857,1834.600113635913,1129.9374063640873,1906.9052626835316,249.32908860119045,517.1155107490081,2.167402700892857,1834.600113635913,1129.9374063640873,1906.9052626835316,249.32908860119045
2026-02-26 21:00:00+00:00,146.0,0.13099999999999978,1622.2945,886.1175000000001,2072.8335,265.973,225.61679168332938,1.3669547426180166,1274.8199868347756,917.5363617003711,1949.2311680617129,276.15455350875715,517.1155107490081,2.167402700892857,1834.600113635913,1129.9374063640873,1906.9052626835316,249.32908860119045,517.1155107490081,2.167402700892857,1834.600113635913,1129.9374063640873,1906.9052626835316,249.32908860119045
2026-02-26 22:00:00+00:00,146.0,0.13099999999999978,1213.2714999999998,895.80425,2007.9302500000001,265.973,204.04643955912104,0.525792974533883,998.5678596793284,834.1555918359996,1922.6046247871884,275.0418007322223,517.1155107490081,2.167402700892857,1834.600113635913,1129.9374063640873,1906.9052626835316,249.32908860119045,517.1155107490081,2.167402700892857,1834.600113635913,1129.9374063640873,1906.9052626835316,249.32908860119045
2026-02-26 23:00:00+00:00,121.0,0.13099999999999978,1326.74775,914.59,1936.5665,281.83725,224.00853803613546,5.2000727531929565,1016.4937331346529,734.2049877166068,1916.117450077974,266.3316384334472,517.1155107490081,2.167402700892857,1834.600113635913,1129.9374063640873,1906.9052626835316,249.32908860119045,517.1155107490081,2.167402700892857,1834.600113635913,1129.9374063640873,1906.9052626835316,249.32908860119045
2026-02-27 00:00:00+00:00,121.0,0.13099999999999978,1326.616,928.03975,1921.267,275.982,172.71464799504264,5.249750287183058,919.941320946373,669.3965875245409,1910.096184956754,250.20025338909704,517.1155107490081,2.167402700892857,1834.600113635913,1129.9374063640873,1906.9052626835316,249.32908860119045,517.1155107490081,2.167402700892857,1834.600113635913,1129.9374063640873,1906.9052626835316,249.32908860119045
2026-02-27 01:00:00+00:00,120.5,0.13099999999999978,1401.9135,914.5530000000001,1912.118,275.389,169.45938331930438,0.024955249435671067,936.7855003402526,615.6605660542042,1908.0384273547018,255.46181688396902,517.1155107490081,2.167402700892857,1834.600113635913,1129.9374063640873,1906.9052626835316,249.32908860119045,517.1155107490081,2.167402700892857,1834.600113635913,1129.9374063640873,1906.9052626835316,249.32908860119045
2026-02-27 02:00:00+00:00,120.25,0.13099999999999978,1664.4945,892.087,1911.914,276.852,165.1401688365857,-0.20055048070942894,965.1339916788671,561.8550405275648,1898.1510745770413,252.38554346922862,517.1155107490081,2.167402700892857,1834.600113635913,1129.9374063640873,1906.9052626835316,249.32908860119045,517.1155107490081,2.167402700892857,1834.600113635913,1129.9374063640873,1906.9052626835316,249.32908860119045
2026-02-27 03:00:00+00:00,126.0,0.13099999999999978,1751.93925,891.8557500000001,1934.81375,266.28925,162.80159467996288,-0.18469648921335535,1089.696397810489,587.8522376413271,1901.5183772595003,241.30154891486416,517.1155107490081,2.167402700892857,1834.600113635913,1129.9374063640873,1906.9052626835316,249.32908860119045,517.1155107490081,2.167402700892857,1834.600113635913,1129.9374063640873,1906.9052626835316,249.32908860119045
2026-02-27 04:00:00+00:00,141.0,0.13099999999999978,2058.0122499999998,887.53525,1990.233,267.002,214.83827084369045,-0.07506338629162146,1191.931695755985,607.5925877793069,1915.0590987654894,242.48110875352376,517.1155107490081,2.167402700892857,1834.600113635913,1129.9374063640873,1906.9052626835316,249.32908860119045,517.1155107490081,2.167402700892857,1834.600113635913,1129.9374063640873,1906.9052626835316,249.32908860119045
2026-02-27 05:00:00+00:00,148.0,0.13099999999999978,2188.8165,1015.8722499999999,2121.59575,260.79,261.39293822459,0.6605169156316364,1429.6403668831763,694.5904959173565,2008.8661714372456,240.02549930882682,517.1155107490081,2.167402700892857,1834.600113635913,1129.9374063640873,1906.9052626835316,249.32908860119045,517.1155107490081,2.167402700892857,1834.600113635913,1129.9374063640873,1906.9052626835316,249.32908860119045
2026-02-27 06:00:00+00:00,152.64999999999998,0.13099999999999978,2201.71425,1321.6355,2226.977,260.316,223.71263615746068,0.24739813847840142,1546.111433884585,920.4060077634406,2008.0510032774218,224.96226744030167,517.1155107490081,2.167402700892857,1834.600113635913,1129.9374063640873,1906.9052626835316,249.32908860119045,517.1155107490081,2.167402700892857,1834.600113635913,1129.9374063640873,1906.9052626835316,249.32908860119045
2026-02-27 07:00:00+00:00,146.5,0.13099999999999978,2093.0515,1071.9165,2251.5640000000003,262.65,237.82913406418072,-1.0204034081025917,1389.3189784399685,845.1064459166355,1979.3912860416453,217.6019640222533,517.1155107490081,2.167402700892857,1834.600113635913,1129.9374063640873,1906.9052626835316,249.32908860119045,517.1155107490081,2.167402700892857,1834.600113635913,1129.9374063640873,1906.9052626835316,249.32908860119045
2026-02-27 08:00:00+00:00,133.25,0.13099999999999978,1440.015,879.0675000000001,2194.04725,267.12,207.56010217948278,-0.3428741938599704,988.3773731386822,752.3601132782476,1949.7081886315739,220.04848551481453,517.1155107490081,2.167402700892857,1834.600113635913,1129.9374063640873,1906.9052626835316,249.32908860119045,517.1155107490081,2.167402700892857,1834.600113635913,1129.9374063640873,1906.9052626835316,249.32908860119045
2026-02-27 09:00:00+00:00,129.10000000000002,0.13099999999999978,1105.37675,886.78575,2102.15425,260.711,169.7731152032551,5.644953684809333,456.3158857474334,761.2997627166638,1908.4095211146125,211.90131127549097,517.1155107490081,2.167402700892857,1834.600113635913,1129.9374063640873,1906.9052626835316,249.32908860119045,517.1155107490081,2.167402700892857,1834.600113635913,1129.9374063640873,1906.9052626835316,249.32908860119045
2026-02-27 10:00:00+00:00,134.60000000000002,0.13099999999999978,1131.17375,888.2882500000001,2041.91125,269.138,83.79374366999633,0.1349137332320831,531.68240398638,848.0919312872859,1868.9942205796979,198.9449221661822,517.1155107490081,2.167402700892857,1834.600113635913,1129.9374063640873,1906.9052626835316,249.32908860119045,517.1155107490081,2.167402700892857,1834.600113635913,1129.9374063640873,1906.9052626835316,249.32908860119045
2026-02-27 11:00:00+00:00,138.35000000000002,0.13099999999999978,1123.32325,883.6505,1987.6745,274.874,99.28049488836888,-1.5682105454478656,480.64184429038346,921.3463097597757,1805.5724043903504,204.16827846817046,517.1155107490081,2.167402700892857,1834.600113635913,1129.9374063640873,1906.9052626835316,249.32908860119045,517.1155107490081,2.167402700892857,1834.600113635913,1129.9374063640873,1906.9052626835316,249.32908860119045
2026-02-27 12:00:00+00:00,122.5,0.13099999999999978,1107.9542499999998,889.06525,1962.99475,276.101,90.2812303910597,0.59121110274277,497.95529282288203,844.1920929296175,1839.5358685111596,156.86915430450438,517.1155107490081,2.167402700892857,1834.600113635913,1129.9374063640873,1906.9052626835316,249.32908860119045,517.1155107490081,2.167402700892857,1834.600113635913,1129.9374063640873,1906.9052626835316,249.32908860119045
2026-02-27 13:00:00+00:00,121.0,0.13099999999999978,1068.07825,876.2125,1980.03475,275.903,95.05079485325024,0.44900471074371184,450.82037826724763,766.2396465370705,1802.0708921936725,175.82574792007568,517.1155107490081,2.167402700892857,1834.600113635913,1129.9374063640873,1906.9052626835316,249.32908860119045,517.1155107490081,2.167402700892857,1834.600113635913,1129.9374063640873,1906.9052626835316,249.32908860119045
2026-02-27 14:00:00+00:00,121.0,0.13099999999999978,1316.8742499999998,866.7045,2023.08375,276.14,124.69319534973744,0.3012755485849554,497.803343009366,859.8779867434484,1778.713011483002,189.44353273034656,517.1155107490081,2.167402700892857,1834.600113635913,1129.9374063640873,1906.9052626835316,249.32908860119045,517.1155107490081,2.167402700892857,1834.600113635913,1129.9374063640873,1906.9052626835316,249.32908860119045
2026-02-27 15:00:00+00:00,132.75,0.13099999999999978,2153.97375,1365.03725,2146.05725,274.558,325.1539330366676,0.6517114095441814,828.9213837799817,924.3107191750078,1827.453179836481,213.17034416133652,517.1155107490081,2.167402700892857,1834.600113635913,1129.9374063640873,1906.9052626835316,249.32908860119045,517.1155107490081,2.167402700892857,1834.600113635913,1129.9374063640873,1906.9052626835316,249.32908860119045
2026-02-27 16:00:00+00:00,173.75,0.13099999999999978,2759.06075,1867.3825000000002,2271.05325,280.967,578.2227514893273,0.29205539218653476,1979.3056202009438,1436.4371115437054,1966.6878181731468,230.58964950424178,517.1155107490081,2.167402700892857,1834.600113635913,1129.9374063640873,1906.9052626835316,249.32908860119045,517.1155107490081,2.167402700892857,1834.600113635913,1129.9374063640873,1906.9052626835316,249.32908860119045
2026-02-27 17:00:00+00:00,181.5,0.13099999999999978,2603.9265,1853.41075,2315.1147499999997,280.967,649.6731929720424,-0.04314053267305251,2303.408989397454,1597.2710245687033,1956.9879528485671,254.7293444991301,517.1155107490081,2.167402700892857,1834.600113635913,1129.9374063640873,1906.9052626835316,249.32908860119045,517.1155107490081,2.167402700892857,1834.600113635913,1129.9374063640873,1906.9052626835316,249.32908860119045
2026-02-27 18:00:00+00:00,174.75,0.13099999999999978,2784.61475,1835.08975,2286.3385,280.967,564.8594117126707,0.08667391711776729,2536.3814197265756,1247.7728381686984,2176.1574552017682,268.5632051173248,517.1155107490081,2.167402700892857,1834.600113635913,1129.9374063640873,1906.9052626835316,249.32908860119045,517.1155107490081,2.167402700892857,1834.600113635913,1129.9374063640873,1906.9052626835316,249.32908860119045
2026-02-27 19:00:00+00:00,167.5,0.13099999999999978,2476.59475,1730.163,2199.0775,280.967,351.0813727784629,-0.029477995896826314,2520.7935068324673,1139.5923108028967,1994.1694105365514,260.62871642135065,517.1155107490081,2.167402700892857,1834.600113635913,1129.9374063640873,1906.9052626835316,249.32908860119045,517.1155107490081,2.167402700892857,1834.600113635913,1129.9374063640873,1906.9052626835316,249.32908860119045
2026-02-27 20:00:00+00:00,147.5,0.13099999999999978,2387.2475,1502.1457500000001,2116.5420000000004,280.967,286.8219278606733,3.075097470601423,1742.5440988830196,1089.2402463404367,1924.661220034933,274.4069762009169,517.1155107490081,2.167402700892857,1834.600113635913,1129.9374063640873,1906.9052626835316,249.32908860119045,517.1155107490081,2.167402700892857,1834.600113635913,1129.9374063640873,1906.9052626835316,249.32908860119045
2026-02-27 21:00:00+00:00,143.0,0.13099999999999978,2035.275,1419.21025,2050.043,274.795,274.2494725859868,0.8956397684835284,1490.1551266044662,1003.580864240301,1961.0171711660803,272.1152569479613,517.1155107490081,2.167402700892857,1834.600113635913,1129.9374063640873,1906.9052626835316,249.32908860119045,517.1155107490081,2.167402700892857,1834.600113635913,1129.9374063640873,1906.9052626835316,249.32908860119045
2026-02-27 22:00:00+00:00,140.5,0.13099999999999978,1969.681,1145.48375,1995.73975,277.96,182.0697275957752,1.131679860935377,1229.3980809871741,1034.5853782711335,1922.9501128043994,258.8358887883482,517.1155107490081,2.167402700892857,1834.600113635913,1129.9374063640873,1906.9052626835316,249.32908860119045,517.1155107490081,2.167402700892857,1834.600113635913,1129.9374063640873,1906.9052626835316,249.32908860119045
2026-02-27 23:00:00+00:00,166.8,0.13099999999999978,1761.143,1137.20425,1940.2537499999999,288.365,251.50967978992952,0.820601640418275,945.4491288236105,747.2955356192875,1919.7798337910617,253.09644899471553,517.1155107490081,2.167402700892857,1834.600113635913,1129.9374063640873,1906.9052626835316,249.32908860119045,517.1155107490081,2.167402700892857,1834.600113635913,1129.9374063640873,1906.9052626835316,249.32908860119045
